generation,mu,mean_sigma,min_sigma,max_sigma,mean_psucc,min_psucc,max_psucc,gens_silent,sigma_floor_active,archive_size,n_pitot3_sentinels,n_spark_sentinels,n_both_sentinels,n_sentinels,lineage_0,lineage_1,lineage_2,lineage_3,lineage_4,lineage_5,lineage_6,lineage_7,lineage_8,lineage_9,lineage_10,lineage_11,lineage_12,lineage_13,lineage_14,lineage_15,lineage_16,lineage_17,lineage_18,lineage_19,lineage_20,lineage_21,lineage_22,lineage_23,sigma_0,sigma_1,sigma_2,sigma_3,sigma_4,sigma_5,sigma_6,sigma_7,sigma_8,sigma_9,sigma_10,sigma_11,sigma_12,sigma_13,sigma_14,sigma_15,sigma_16,sigma_17,sigma_18,sigma_19,sigma_20,sigma_21,sigma_22,sigma_23,psucc_0,psucc_1,psucc_2,psucc_3,psucc_4,psucc_5,psucc_6,psucc_7,psucc_8,psucc_9,psucc_10,psucc_11,psucc_12,psucc_13,psucc_14,psucc_15,psucc_16,psucc_17,psucc_18,psucc_19,psucc_20,psucc_21,psucc_22,psucc_23
1,24,0.10035086436908514,0.1,0.10210518621451076,0.1931818181818182,0.18181818181818182,0.25,0,False,3,0,0,0,0,0,7,19,4,12,23,11,17,8,2,16,5,13,6,21,18,10,22,3,15,14,36,34,1,0.1,0.1,0.1,0.1,0.10210518621451076,0.1,0.1,0.1,0.1,0.1,0.1,0.1,0.1,0.1,0.1,0.1,0.10210518621451076,0.1,0.1,0.1,0.1,0.10210518621451076,0.10210518621451076,0.1,0.18181818181818182,0.18181818181818182,0.18181818181818182,0.18181818181818182,0.25,0.18181818181818182,0.18181818181818182,0.18181818181818182,0.18181818181818182,0.18181818181818182,0.18181818181818182,0.18181818181818182,0.18181818181818182,0.18181818181818182,0.18181818181818182,0.18181818181818182,0.25,0.18181818181818182,0.18181818181818182,0.18181818181818182,0.18181818181818182,0.25,0.25,0.18181818181818182
2,24,0.10033588028873641,0.09953810705865762,0.1035931400515108,0.18978851010101008,0.16666666666666666,0.25,0,False,3,0,0,0,0,0,7,19,4,12,23,11,17,8,2,16,5,13,6,21,18,10,22,3,15,14,36,34,1,0.1,0.09953810705865762,0.09953810705865762,0.1,0.1035931400515108,0.1,0.09953810705865762,0.1,0.1,0.1,0.1,0.1,0.1,0.09953810705865762,0.1,0.1,0.10210518621451076,0.1,0.1,0.1,0.1,0.10210518621451076,0.10210518621451076,0.1,0.18181818181818182,0.16666666666666666,0.16666666666666666,0.18181818181818182,0.22916666666666666,0.18181818181818182,0.16666666666666666,0.18181818181818182,0.18181818181818182,0.18181818181818182,0.18181818181818182,0.18181818181818182,0.18181818181818182,0.16666666666666666,0.18181818181818182,0.18181818181818182,0.25,0.18181818181818182,0.18181818181818182,0.18181818181818182,0.18181818181818182,0.25,0.25,0.18181818181818182
3,24,0.10085336420594254,0.09953810705865762,0.10626479815687233,0.2048085016835017,0.16666666666666666,0.3125,0,False,3,0,0,0,0,0,7,19,4,12,23,11,17,8,2,16,5,13,78,21,6,89,10,22,77,18,94,3,14,0.1,0.09953810705865762,0.09953810705865762,0.09953810705865762,0.1035931400515108,0.10210518621451076,0.10120316818419796,0.09953810705865762,0.1,0.1,0.1,0.1,0.1,0.10120316818419796,0.1,0.09953810705865762,0.10210518621451076,0.10210518621451076,0.10210518621451076,0.10210518621451076,0.1,0.10626479815687233,0.1,0.1,0.18181818181818182,0.16666666666666666,0.16666666666666666,0.16666666666666666,0.22916666666666666,0.25,0.2361111111111111,0.16666666666666666,0.18181818181818182,0.18181818181818182,0.18181818181818182,0.18181818181818182,0.18181818181818182,0.2361111111111111,0.18181818181818182,0.16666666666666666,0.25,0.25,0.25,0.25,0.18181818181818182,0.3125,0.18181818181818182,0.18181818181818182
4,24,0.10142465573284132,0.09953810705865762,0.10626479815687233,0.217276936026936,0.16666666666666666,0.3125,0,False,3,0,0,0,0,0,7,19,4,12,23,11,17,8,2,16,5,13,78,21,6,89,10,22,77,18,105,113,94,0.09953810705865762,0.09953810705865762,0.09953810705865762,0.09953810705865762,0.1035931400515108,0.10210518621451076,0.10120316818419796,0.09953810705865762,0.1,0.10210518621451076,0.09953810705865762,0.1,0.1,0.10120316818419796,0.1,0.09953810705865762,0.10210518621451076,0.10626479815687233,0.10210518621451076,0.10210518621451076,0.1,0.10210518621451076,0.10626479815687233,0.10626479815687233,0.16666666666666666,0.16666666666666666,0.16666666666666666,0.16666666666666666,0.22916666666666666,0.25,0.2361111111111111,0.16666666666666666,0.18181818181818182,0.25,0.16666666666666666,0.18181818181818182,0.18181818181818182,0.2361111111111111,0.18181818181818182,0.16666666666666666,0.25,0.3125,0.25,0.25,0.18181818181818182,0.25,0.3125,0.3125
5,24,0.10209499943341523,0.09865876712893568,0.11254694432213024,0.22641563201459033,0.15277777777777776,0.36979166666666663,0,False,3,0,0,0,0,0,7,19,4,12,23,11,17,133,8,2,16,5,142,13,78,21,136,6,89,10,22,77,18,0.09953810705865762,0.09865876712893568,0.09953810705865762,0.09953810705865762,0.1035931400515108,0.10210518621451076,0.10120316818419796,0.09953810705865762,0.10491709251729248,0.1,0.10210518621451076,0.09953810705865762,0.1,0.11254694432213024,0.1,0.10491709251729248,0.1,0.10626479815687233,0.09953810705865762,0.10626479815687233,0.10626479815687233,0.10210518621451076,0.10210518621451076,0.1,0.16666666666666666,0.15277777777777776,0.16666666666666666,0.16666666666666666,0.22916666666666666,0.25,0.2361111111111111,0.16666666666666666,0.2997685185185185,0.18181818181818182,0.25,0.16666666666666666,0.18181818181818182,0.36979166666666663,0.18181818181818182,0.2997685185185185,0.18181818181818182,0.3125,0.16666666666666666,0.3125,0.3125,0.25,0.25,0.18181818181818182
6,24,0.10285116332022848,0.09740752514513804,0.11254694432213024,0.2408181935091657,0.14004629629629628,0.36979166666666663,0,False,3,0,0,0,0,0,7,19,152,4,12,158,17,162,133,8,2,23,11,142,13,16,5,165,21,136,78,89,6,0.09953810705865762,0.09740752514513804,0.09953810705865762,0.11072401923743505,0.09953810705865762,0.1035931400515108,0.10210518621451076,0.09953810705865762,0.10120316818419796,0.11072401923743505,0.1,0.10210518621451076,0.10210518621451076,0.10120316818419796,0.11254694432213024,0.10210518621451076,0.09953810705865762,0.1,0.10626479815687233,0.1,0.10626479815687233,0.10491709251729248,0.10626479815687233,0.10120316818419796,0.16666666666666666,0.14004629629629628,0.16666666666666666,0.35812114197530864,0.16666666666666666,0.22916666666666666,0.25,0.16666666666666666,0.2361111111111111,0.35812114197530864,0.18181818181818182,0.25,0.25,0.2361111111111111,0.36979166666666663,0.25,0.16666666666666666,0.18181818181818182,0.3125,0.18181818181818182,0.3125,0.2997685185185185,0.3125,0.2361111111111111
7,24,0.10275239215558363,0.09740752514513804,0.11254694432213024,0.2390294729704452,0.14004629629629628,0.36979166666666663,0,False,3,0,0,0,0,0,7,19,152,4,12,158,17,162,133,8,184,23,11,142,13,2,16,5,165,21,136,78,6,0.09953810705865762,0.09740752514513804,0.09953810705865762,0.11072401923743505,0.09953810705865762,0.1035931400515108,0.1035931400515108,0.09953810705865762,0.10120316818419796,0.11072401923743505,0.09953810705865762,0.10120316818419796,0.10210518621451076,0.10120316818419796,0.11254694432213024,0.10210518621451076,0.10210518621451076,0.10120316818419796,0.1,0.10626479815687233,0.1,0.10626479815687233,0.10491709251729248,0.10120316818419796,0.16666666666666666,0.14004629629629628,0.16666666666666666,0.35812114197530864,0.16666666666666666,0.22916666666666666,0.22916666666666666,0.16666666666666666,0.2361111111111111,0.35812114197530864,0.16666666666666666,0.2361111111111111,0.25,0.2361111111111111,0.36979166666666663,0.25,0.25,0.2361111111111111,0.18181818181818182,0.3125,0.18181818181818182,0.3125,0.2997685185185185,0.2361111111111111
8,24,0.10348123704976321,0.09740752514513804,0.11254694432213024,0.2517806829872802,0.14004629629629628,0.36979166666666663,0,False,3,0,0,0,0,0,7,19,152,4,12,158,17,162,213,133,8,184,23,11,142,208,13,2,192,16,5,165,78,0.10120316818419796,0.09740752514513804,0.09865876712893568,0.11072401923743505,0.09953810705865762,0.1035931400515108,0.1035931400515108,0.09953810705865762,0.10120316818419796,0.11254694432213024,0.11072401923743505,0.09953810705865762,0.10120316818419796,0.10210518621451076,0.10120316818419796,0.11254694432213024,0.10626479815687233,0.10210518621451076,0.10626479815687233,0.10120316818419796,0.10120316818419796,0.1,0.10626479815687233,0.10491709251729248,0.2361111111111111,0.14004629629629628,0.15277777777777776,0.35812114197530864,0.16666666666666666,0.22916666666666666,0.22916666666666666,0.16666666666666666,0.2361111111111111,0.36979166666666663,0.35812114197530864,0.16666666666666666,0.2361111111111111,0.25,0.2361111111111111,0.36979166666666663,0.3125,0.25,0.3125,0.2361111111111111,0.2361111111111111,0.18181818181818182,0.3125,0.2997685185185185
9,24,0.10445899615219283,0.09582981353248936,0.11877789001847203,0.2626199909005175,0.12837577160493824,0.4116110468106996,0,False,4,0,0,0,0,0,226,7,19,152,4,227,158,17,162,216,232,133,12,184,23,11,213,8,2,192,16,5,165,0.10491709251729248,0.11877789001847203,0.09582981353248936,0.09865876712893568,0.11072401923743505,0.09953810705865762,0.10120316818419796,0.1035931400515108,0.09953810705865762,0.10120316818419796,0.10491709251729248,0.11254694432213024,0.11877789001847203,0.1035931400515108,0.10120316818419796,0.10210518621451076,0.10120316818419796,0.11254694432213024,0.10120316818419796,0.10626479815687233,0.10120316818419796,0.10120316818419796,0.1,0.10626479815687233,0.2997685185185185,0.4116110468106996,0.12837577160493824,0.15277777777777776,0.35812114197530864,0.16666666666666666,0.2361111111111111,0.22916666666666666,0.16666666666666666,0.2361111111111111,0.2997685185185185,0.36979166666666663,0.4116110468106996,0.22916666666666666,0.2361111111111111,0.25,0.2361111111111111,0.36979166666666663,0.2361111111111111,0.3125,0.2361111111111111,0.2361111111111111,0.18181818181818182,0.3125
10,24,0.10449641786293934,0.09582981353248936,0.11877789001847203,0.2618242733079249,0.12837577160493824,0.4116110468106996,0,False,4,0,0,0,0,0,226,7,19,152,4,227,158,17,162,216,232,133,12,184,23,11,213,8,2,192,16,5,165,0.10491709251729248,0.11877789001847203,0.09582981353248936,0.09865876712893568,0.11072401923743505,0.09953810705865762,0.10120316818419796,0.1035931400515108,0.09953810705865762,0.10120316818419796,0.10491709251729248,0.11254694432213024,0.11877789001847203,0.10449126110942733,0.10120316818419796,0.10210518621451076,0.10120316818419796,0.11254694432213024,0.10120316818419796,0.10626479815687233,0.10120316818419796,0.10120316818419796,0.1,0.10626479815687233,0.2997685185185185,0.4116110468106996,0.12837577160493824,0.15277777777777776,0.35812114197530864,0.16666666666666666,0.2361111111111111,0.22916666666666666,0.16666666666666666,0.2361111111111111,0.2997685185185185,0.36979166666666663,0.4116110468106996,0.21006944444444442,0.2361111111111111,0.25,0.2361111111111111,0.36979166666666663,0.2361111111111111,0.3125,0.2361111111111111,0.2361111111111111,0.18181818181818182,0.3125
11,24,0.10473412460740322,0.09582981353248936,0.11877789001847203,0.2584605580301471,0.12837577160493824,0.4116110468106996,0,False,4,0,0,0,0,0,226,7,19,152,4,227,158,17,162,216,232,133,12,184,23,11,213,8,2,192,16,5,165,0.10491709251729248,0.11877789001847203,0.09582981353248936,0.09740752514513804,0.11072401923743505,0.09953810705865762,0.10120316818419796,0.1035931400515108,0.09953810705865762,0.10120316818419796,0.10491709251729248,0.11254694432213024,0.11877789001847203,0.1048349052634947,0.10120316818419796,0.10210518621451076,0.10120316818419796,0.11808335442858496,0.10120316818419796,0.10626479815687233,0.10120316818419796,0.1022793177746068,0.1,0.10626479815687233,0.2997685185185185,0.4116110468106996,0.12837577160493824,0.14004629629629628,0.35812114197530864,0.16666666666666666,0.2361111111111111,0.22916666666666666,0.16666666666666666,0.2361111111111111,0.2997685185185185,0.36979166666666663,0.4116110468106996,0.19256365740740738,0.2361111111111111,0.25,0.2361111111111111,0.3389756944444444,0.2361111111111111,0.3125,0.2361111111111111,0.21643518518518517,0.18181818181818182,0.3125
12,24,0.10472705440955836,0.09582981353248936,0.11877789001847203,0.25779193421970475,0.12837577160493824,0.4116110468106996,0,False,4,0,0,0,0,0,226,7,19,152,4,227,158,17,162,216,232,133,12,184,23,11,213,8,2,192,16,5,165,0.10491709251729248,0.11877789001847203,0.09582981353248936,0.09740752514513804,0.11072401923743505,0.09953810705865762,0.10120316818419796,0.1035931400515108,0.09953810705865762,0.10120316818419796,0.10491709251729248,0.11254694432213024,0.11877789001847203,0.10466522051521766,0.10120316818419796,0.10210518621451076,0.10120316818419796,0.11808335442858496,0.10120316818419796,0.10626479815687233,0.10120316818419796,0.1022793177746068,0.1,0.10626479815687233,0.2997685185185185,0.4116110468106996,0.12837577160493824,0.14004629629629628,0.35812114197530864,0.16666666666666666,0.2361111111111111,0.22916666666666666,0.16666666666666666,0.2361111111111111,0.2997685185185185,0.36979166666666663,0.4116110468106996,0.1765166859567901,0.2361111111111111,0.25,0.2361111111111111,0.3389756944444444,0.2361111111111111,0.3125,0.2361111111111111,0.21643518518518517,0.18181818181818182,0.3125
13,24,0.10560074345613658,0.09582981353248936,0.11877789001847203,0.26428423595036005,0.12837577160493824,0.4116110468106996,0,False,5,0,0,0,0,0,226,7,19,320,152,4,227,158,17,162,216,232,133,12,184,23,11,213,8,328,2,16,165,0.10491709251729248,0.11877789001847203,0.09582981353248936,0.09740752514513804,0.10120316818419796,0.11579163381595112,0.09953810705865762,0.1022793177746068,0.1035931400515108,0.10120316818419796,0.10120316818419796,0.10491709251729248,0.11254694432213024,0.11877789001847203,0.10466522051521766,0.10120316818419796,0.10210518621451076,0.10491709251729248,0.11808335442858496,0.1022793177746068,0.10491709251729248,0.10971734353948906,0.1022793177746068,0.10626479815687233,0.2997685185185185,0.4116110468106996,0.12837577160493824,0.14004629629629628,0.2361111111111111,0.32827771347736623,0.16666666666666666,0.21643518518518517,0.22916666666666666,0.2361111111111111,0.2361111111111111,0.2997685185185185,0.36979166666666663,0.4116110468106996,0.1765166859567901,0.2361111111111111,0.25,0.2997685185185185,0.3389756944444444,0.21643518518518517,0.2997685185185185,0.2864583333333333,0.21643518518518517,0.3125
14,24,0.10673544096147447,0.09582981353248936,0.12318014519184896,0.2723512025963077,0.12837577160493824,0.4116110468106996,0,False,5,0,0,0,0,0,226,7,19,320,152,4,227,158,17,162,216,232,133,12,344,23,11,213,8,341,184,16,165,0.10491709251729248,0.11877789001847203,0.09582981353248936,0.09740752514513804,0.10120316818419796,0.12318014519184896,0.09953810705865762,0.1022793177746068,0.10718608167904842,0.10120316818419796,0.10120316818419796,0.10491709251729248,0.11254694432213024,0.11877789001847203,0.10466522051521766,0.10718608167904842,0.10210518621451076,0.10491709251729248,0.11808335442858496,0.10279881408516497,0.12318014519184896,0.10120316818419796,0.1022793177746068,0.10626479815687233,0.2997685185185185,0.4116110468106996,0.12837577160493824,0.14004629629629628,0.2361111111111111,0.38425457068758573,0.16666666666666666,0.21643518518518517,0.2934027777777778,0.2361111111111111,0.2361111111111111,0.2997685185185185,0.36979166666666663,0.4116110468106996,0.1765166859567901,0.2934027777777778,0.25,0.2997685185185185,0.3389756944444444,0.1983989197530864,0.38425457068758573,0.2361111111111111,0.21643518518518517,0.3125
15,24,0.10745397562479243,0.09582981353248936,0.12976422920055794,0.2670914787033167,0.12837577160493824,0.4116110468106996,0,False,5,0,0,0,0,0,226,7,19,320,152,4,227,158,17,162,216,232,133,12,344,23,11,213,8,341,184,16,165,0.10491709251729248,0.11877789001847203,0.09582981353248936,0.09740752514513804,0.10120316818419796,0.12318014519184896,0.09953810705865762,0.1022793177746068,0.11007817489808147,0.10120316818419796,0.10120316818419796,0.10491709251729248,0.11254694432213024,0.11877789001847203,0.10466522051521766,0.10718608167904842,0.10210518621451076,0.10794024955467327,0.1228273602306248,0.10280030593763319,0.12976422920055794,0.10120316818419796,0.1022793177746068,0.10626479815687233,0.2997685185185185,0.4116110468106996,0.12837577160493824,0.14004629629629628,0.2361111111111111,0.38425457068758573,0.16666666666666666,0.21643518518518517,0.2689525462962963,0.2361111111111111,0.2361111111111111,0.2997685185185185,0.36979166666666663,0.4116110468106996,0.1765166859567901,0.2934027777777778,0.25,0.2747878086419753,0.3107277199074074,0.1818656764403292,0.35223335646362025,0.2361111111111111,0.21643518518518517,0.3125
16,24,0.10921698023452009,0.09582981353248936,0.13547966845687393,0.2691051653897999,0.12837577160493824,0.4116110468106996,0,False,5,0,0,0,0,0,226,7,19,320,152,4,227,158,17,162,216,232,399,133,12,344,23,11,213,8,341,184,165,0.10491709251729248,0.12608911619445834,0.09582981353248936,0.09740752514513804,0.10120316818419796,0.12318014519184896,0.09953810705865762,0.1022793177746068,0.11007817489808147,0.10120316818419796,0.10120316818419796,0.10491709251729248,0.11808335442858496,0.11291708149019393,0.11877789001847203,0.10466522051521766,0.11291708149019393,0.10210518621451076,0.10794024955467327,0.1267550864159823,0.10280030593763319,0.13547966845687393,0.10120316818419796,0.10971734353948906,0.2997685185185185,0.3773101262431413,0.12837577160493824,0.14004629629629628,0.2361111111111111,0.38425457068758573,0.16666666666666666,0.21643518518518517,0.2689525462962963,0.2361111111111111,0.2361111111111111,0.2997685185185185,0.3389756944444444,0.35228587962962965,0.4116110468106996,0.1765166859567901,0.35228587962962965,0.25,0.2747878086419753,0.2848337432484568,0.1818656764403292,0.32288057675831855,0.2361111111111111,0.2864583333333333
17,24,0.11214020809061515,0.09582981353248936,0.14028870573650484,0.2794325605399982,0.12837577160493824,0.42920094905621287,0,False,5,0,0,0,0,0,226,7,19,320,152,4,426,227,158,17,162,216,232,399,133,12,344,23,11,213,8,341,409,0.10491709251729248,0.13598955852209424,0.09582981353248936,0.09740752514513804,0.10120316818419796,0.12976422920055794,0.09953810705865762,0.11312023349781512,0.10279881408516497,0.11007817489808147,0.10120316818419796,0.10120316818419796,0.10491709251729248,0.11808335442858496,0.11291708149019393,0.11877789001847203,0.10466522051521766,0.11789222587057693,0.10210518621451076,0.11312023349781512,0.1267550864159823,0.10280030593763319,0.14028870573650484,0.13598955852209424,0.2997685185185185,0.42920094905621287,0.12837577160493824,0.14004629629629628,0.2361111111111111,0.35223335646362025,0.16666666666666666,0.33522215792181065,0.1983989197530864,0.2689525462962963,0.2361111111111111,0.2361111111111111,0.2997685185185185,0.3389756944444444,0.35228587962962965,0.4116110468106996,0.1765166859567901,0.3229287229938272,0.25,0.33522215792181065,0.2848337432484568,0.1818656764403292,0.29597386202845866,0.42920094905621287
18,24,0.11411355744882083,0.09582981353248936,0.1488146424601309,0.29076432294289517,0.12837577160493824,0.4767675366348618,0,False,5,0,0,0,0,0,226,7,19,320,152,4,426,227,158,446,17,455,399,133,12,344,23,11,162,216,232,341,213,0.10491709251729248,0.13598955852209424,0.09582981353248936,0.09740752514513804,0.10120316818419796,0.12976422920055794,0.09953810705865762,0.11312023349781512,0.10279881408516497,0.11007817489808147,0.12093265616016582,0.10120316818419796,0.1488146424601309,0.12093265616016582,0.12608911619445834,0.10466522051521766,0.11789222587057693,0.10210518621451076,0.11312023349781512,0.1022793177746068,0.10491709251729248,0.11808335442858496,0.14028870573650484,0.1267550864159823,0.2997685185185185,0.42920094905621287,0.12837577160493824,0.14004629629629628,0.2361111111111111,0.35223335646362025,0.16666666666666666,0.33522215792181065,0.1983989197530864,0.2689525462962963,0.4062620563271605,0.2361111111111111,0.4767675366348618,0.4062620563271605,0.3773101262431413,0.1765166859567901,0.3229287229938272,0.25,0.33522215792181065,0.21643518518518517,0.2997685185185185,0.3389756944444444,0.29597386202845866,0.2848337432484568
19,24,0.11475218747616245,0.09582981353248936,0.1488146424601309,0.28720472349376513,0.12837577160493824,0.4767675366348618,0,False,5,0,0,0,0,0,226,7,19,320,152,4,426,227,158,446,17,455,399,133,12,344,23,11,162,216,232,341,213,0.10491709251729248,0.13598955852209424,0.09582981353248936,0.09740752514513804,0.10120316818419796,0.12976422920055794,0.09953810705865762,0.11312023349781512,0.10279881408516497,0.11007817489808147,0.12818432499391058,0.10120316818419796,0.1488146424601309,0.12093265616016582,0.12608911619445834,0.10466522051521766,0.12207861894007335,0.10210518621451076,0.11312023349781512,0.1022793177746068,0.10491709251729248,0.11808335442858496,0.14417776448946243,0.1267550864159823,0.2997685185185185,0.42920094905621287,0.12837577160493824,0.14004629629629628,0.2361111111111111,0.35223335646362025,0.16666666666666666,0.33522215792181065,0.1983989197530864,0.2689525462962963,0.37240688496656377,0.2361111111111111,0.4767675366348618,0.4062620563271605,0.3773101262431413,0.1765166859567901,0.2960179960776749,0.25,0.33522215792181065,0.21643518518518517,0.2997685185185185,0.3389756944444444,0.2713093735260871,0.2848337432484568
20,24,0.11544521334847174,0.09582981353248936,0.1488146424601309,0.28355896545619635,0.12837577160493824,0.4767675366348618,0,False,5,0,0,0,0,0,226,7,19,320,152,4,426,227,158,446,17,455,399,133,12,344,23,11,162,216,232,341,213,0.10491709251729248,0.13598955852209424,0.09582981353248936,0.09740752514513804,0.10120316818419796,0.12976422920055794,0.09953810705865762,0.11312023349781512,0.10279881408516497,0.11007817489808147,0.13458851967710958,0.10120316818419796,0.1488146424601309,0.12818432499391058,0.12608911619445834,0.10466522051521766,0.12207861894007335,0.10210518621451076,0.11312023349781512,0.1022793177746068,0.10491709251729248,0.11808335442858496,0.14715452190794187,0.1267550864159823,0.2997685185185185,0.42920094905621287,0.12837577160493824,0.14004629629629628,0.2361111111111111,0.35223335646362025,0.16666666666666666,0.33522215792181065,0.1983989197530864,0.2689525462962963,0.3413729778860168,0.2361111111111111,0.4767675366348618,0.37240688496656377,0.3773101262431413,0.1765166859567901,0.2960179960776749,0.25,0.33522215792181065,0.21643518518518517,0.2997685185185185,0.3389756944444444,0.24870025906557983,0.2848337432484568
21,24,0.11631120675232391,0.09582981353248936,0.1488146424601309,0.2888815036509385,0.12837577160493824,0.4767675366348618,0,False,5,0,0,0,0,0,226,7,19,320,152,4,426,227,158,446,17,455,518,399,133,12,344,23,11,162,216,232,341,0.10491709251729248,0.13598955852209424,0.09582981353248936,0.09582981353248936,0.10120316818419796,0.12976422920055794,0.09865876712893568,0.11312023349781512,0.10279881408516497,0.11007817489808147,0.13458851967710958,0.10120316818419796,0.1488146424601309,0.13598955852209424,0.12818432499391058,0.13598955852209424,0.10402719351425245,0.12207861894007335,0.10210518621451076,0.11312023349781512,0.1022793177746068,0.10491709251729248,0.1228273602306248,0.14715452190794187,0.2997685185185185,0.42920094905621287,0.12837577160493824,0.12837577160493824,0.2361111111111111,0.35223335646362025,0.15277777777777776,0.33522215792181065,0.1983989197530864,0.2689525462962963,0.3413729778860168,0.2361111111111111,0.4767675366348618,0.42920094905621287,0.37240688496656377,0.42920094905621287,0.16180696212705759,0.2960179960776749,0.25,0.33522215792181065,0.21643518518518517,0.2997685185185185,0.3107277199074074,0.24870025906557983
22,24,0.11501918459789008,0.09582981353248936,0.1488146424601309,0.2857667781204032,0.12837577160493824,0.4767675366348618,0,False,6,0,0,0,0,0,226,7,534,19,320,152,4,426,227,158,446,17,455,518,399,133,12,344,23,11,162,216,232,0.10491709251729248,0.13598955852209424,0.09582981353248936,0.09991965677806096,0.09582981353248936,0.1022793177746068,0.12976422920055794,0.09991965677806096,0.11312023349781512,0.10279881408516497,0.11007817489808147,0.13458851967710958,0.1022793177746068,0.1488146424601309,0.13598955852209424,0.13458851967710958,0.13598955852209424,0.10402719351425245,0.12546441181301973,0.10210518621451076,0.11312023349781512,0.1022793177746068,0.10794024955467327,0.1228273602306248,0.2997685185185185,0.42920094905621287,0.12837577160493824,0.22337962962962962,0.12837577160493824,0.21643518518518517,0.35223335646362025,0.22337962962962962,0.33522215792181065,0.1983989197530864,0.2689525462962963,0.3413729778860168,0.21643518518518517,0.4767675366348618,0.42920094905621287,0.3413729778860168,0.42920094905621287,0.16180696212705759,0.2713498297378687,0.25,0.33522215792181065,0.21643518518518517,0.2747878086419753,0.3107277199074074
23,24,0.11614336361508809,0.09582981353248936,0.16088422726886412,0.2799058409576527,0.12837577160493824,0.43703690858195665,0,False,6,0,0,0,0,0,226,7,534,19,320,152,4,426,227,158,446,17,455,518,399,133,12,344,23,11,162,216,232,0.10491709251729248,0.1450732167705233,0.09582981353248936,0.10062269764031694,0.09582981353248936,0.1022793177746068,0.12976422920055794,0.10062269764031694,0.11754120512889314,0.10279881408516497,0.11007817489808147,0.13458851967710958,0.1022793177746068,0.16088422726886412,0.13598955852209424,0.13458851967710958,0.13598955852209424,0.10402719351425245,0.12546441181301973,0.10210518621451076,0.11312023349781512,0.1022793177746068,0.10794024955467327,0.1228273602306248,0.2997685185185185,0.39343420330152845,0.12837577160493824,0.20476466049382713,0.12837577160493824,0.21643518518518517,0.35223335646362025,0.20476466049382713,0.30728697809499306,0.1983989197530864,0.2689525462962963,0.3413729778860168,0.21643518518518517,0.43703690858195665,0.42920094905621287,0.3413729778860168,0.42920094905621287,0.16180696212705759,0.2713498297378687,0.25,0.33522215792181065,0.21643518518518517,0.2747878086419753,0.3107277199074074
24,24,0.11823972985284503,0.09582981353248936,0.16088422726886412,0.2874013337780675,0.12837577160493824,0.43703690858195665,0,False,6,0,0,0,0,0,226,7,534,19,320,596,152,4,426,227,158,446,17,455,518,399,133,344,23,11,162,216,232,0.10491709251729248,0.15322095174395806,0.09582981353248936,0.10062269764031694,0.09582981353248936,0.1022793177746068,0.12057258262397073,0.12976422920055794,0.10062269764031694,0.11754120512889314,0.10279881408516497,0.11007817489808147,0.13458851967710958,0.1022793177746068,0.16088422726886412,0.1450732167705233,0.13458851967710958,0.1450732167705233,0.12546441181301973,0.10210518621451076,0.12057258262397073,0.1022793177746068,0.10794024955467327,0.1228273602306248,0.2997685185185185,0.36064801969306776,0.12837577160493824,0.20476466049382713,0.12837577160493824,0.21643518518518517,0.3906203114283264,0.35223335646362025,0.20476466049382713,0.30728697809499306,0.1983989197530864,0.2689525462962963,0.3413729778860168,0.21643518518518517,0.43703690858195665,0.39343420330152845,0.3413729778860168,0.39343420330152845,0.2713498297378687,0.25,0.3906203114283264,0.21643518518518517,0.2747878086419753,0.3107277199074074
25,24,0.1188362689200518,0.09582981353248936,0.16088422726886412,0.2840412521242252,0.12837577160493824,0.43703690858195665,0,False,6,0,0,0,0,0,226,7,534,19,320,596,152,4,426,227,158,446,17,455,518,399,133,344,23,11,162,216,232,0.10491709251729248,0.16034701204042548,0.09582981353248936,0.10062269764031694,0.09582981353248936,0.10279881408516497,0.12724396362990728,0.12976422920055794,0.10062269764031694,0.11754120512889314,0.10279881408516497,0.11007817489808147,0.13458851967710958,0.1022793177746068,0.16088422726886412,0.1450732167705233,0.13458851967710958,0.1450732167705233,0.12546441181301973,0.10210518621451076,0.12057258262397073,0.1022793177746068,0.10794024955467327,0.1228273602306248,0.2997685185185185,0.33059401805197874,0.12837577160493824,0.20476466049382713,0.12837577160493824,0.1983989197530864,0.3580686188092992,0.35223335646362025,0.20476466049382713,0.30728697809499306,0.1983989197530864,0.2689525462962963,0.3413729778860168,0.21643518518518517,0.43703690858195665,0.39343420330152845,0.3413729778860168,0.39343420330152845,0.2713498297378687,0.25,0.3906203114283264,0.21643518518518517,0.2747878086419753,0.3107277199074074
26,24,0.12311812723163584,0.09396998189034132,0.1764439441813934,0.29042416529868725,0.11767779063786005,0.48395049953346025,0,False,6,0,0,0,0,0,226,7,534,19,320,596,152,4,426,227,638,158,446,17,455,518,399,133,344,11,162,216,232,0.10794024955467327,0.16034701204042548,0.09396998189034132,0.10062269764031694,0.09582981353248936,0.10279881408516497,0.12724396362990728,0.12976422920055794,0.10080373050769287,0.11754120512889314,0.10279881408516497,0.1764439441813934,0.11007817489808147,0.14008965468982862,0.1022793177746068,0.1764439441813934,0.1450732167705233,0.14008965468982862,0.1450732167705233,0.12546441181301973,0.12057258262397073,0.10279881408516497,0.10794024955467327,0.1228273602306248,0.2747878086419753,0.33059401805197874,0.11767779063786005,0.20476466049382713,0.12837577160493824,0.1983989197530864,0.3580686188092992,0.35223335646362025,0.1877009387860082,0.30728697809499306,0.1983989197530864,0.48395049953346025,0.2689525462962963,0.31292522972884873,0.21643518518518517,0.48395049953346025,0.39343420330152845,0.31292522972884873,0.39343420330152845,0.2713498297378687,0.3906203114283264,0.1983989197530864,0.2747878086419753,0.3107277199074074
27,24,0.12345761618886229,0.09396998189034132,0.1764439441813934,0.28905807431500136,0.11767779063786005,0.48395049953346025,0,False,6,0,0,0,0,0,226,7,534,19,320,596,152,4,426,227,638,158,446,17,455,518,399,133,344,11,162,216,232,0.10794024955467327,0.16034701204042548,0.09396998189034132,0.10062269764031694,0.09582981353248936,0.10279881408516497,0.12724396362990728,0.12976422920055794,0.10080373050769287,0.11754120512889314,0.10279881408516497,0.1764439441813934,0.11007817489808147,0.14008965468982862,0.1022793177746068,0.1764439441813934,0.1450732167705233,0.14008965468982862,0.15322095174395806,0.12546441181301973,0.12057258262397073,0.10279881408516497,0.10794024955467327,0.1228273602306248,0.2747878086419753,0.33059401805197874,0.11767779063786005,0.20476466049382713,0.12837577160493824,0.1983989197530864,0.3580686188092992,0.35223335646362025,0.1877009387860082,0.30728697809499306,0.1983989197530864,0.48395049953346025,0.2689525462962963,0.31292522972884873,0.21643518518518517,0.48395049953346025,0.39343420330152845,0.31292522972884873,0.36064801969306776,0.2713498297378687,0.3906203114283264,0.1983989197530864,0.2747878086419753,0.3107277199074074
28,24,0.12661724207580236,0.09187054913701001,0.19113856261923787,0.2906028627917501,0.10787130808470503,0.48395049953346025,0,False,6,0,0,0,0,0,226,7,534,19,320,596,152,4,426,227,638,158,446,17,455,690,399,133,344,11,162,216,518,0.10794024955467327,0.1663978607169734,0.09187054913701001,0.10062269764031694,0.09582981353248936,0.10279881408516497,0.12724396362990728,0.12976422920055794,0.100503590273797,0.11754120512889314,0.10279881408516497,0.19113856261923787,0.11007817489808147,0.14465839865073393,0.1022793177746068,0.1764439441813934,0.16448234758653688,0.14008965468982862,0.16448234758653688,0.12546441181301973,0.12057258262397073,0.10279881408516497,0.10794024955467327,0.1450732167705233,0.2747878086419753,0.3030445165476472,0.10787130808470503,0.20476466049382713,0.12837577160493824,0.1983989197530864,0.3580686188092992,0.35223335646362025,0.17205919388717417,0.30728697809499306,0.1983989197530864,0.44362129123900523,0.2689525462962963,0.28684812725144465,0.21643518518518517,0.48395049953346025,0.4139273513853121,0.31292522972884873,0.4139273513853121,0.2713498297378687,0.3906203114283264,0.1983989197530864,0.2747878086419753,0.39343420330152845
29,24,0.12680618167652724,0.09187054913701001,0.19113856261923787,0.28871487544821445,0.10787130808470503,0.48395049953346025,0,False,6,0,0,0,0,0,226,7,534,19,320,596,152,4,426,227,638,158,446,17,455,690,399,133,344,11,162,216,518,0.10794024955467327,0.1663978607169734,0.09187054913701001,0.10062269764031694,0.09582981353248936,0.10279881408516497,0.12724396362990728,0.12976422920055794,0.100503590273797,0.11754120512889314,0.10279881408516497,0.19113856261923787,0.11227675551386578,0.14465839865073393,0.1022793177746068,0.1764439441813934,0.16448234758653688,0.14008965468982862,0.16448234758653688,0.12546441181301973,0.12057258262397073,0.10279881408516497,0.11027621935628654,0.1450732167705233,0.2747878086419753,0.3030445165476472,0.10787130808470503,0.20476466049382713,0.12837577160493824,0.1983989197530864,0.3580686188092992,0.35223335646362025,0.17205919388717417,0.30728697809499306,0.1983989197530864,0.44362129123900523,0.24653983410493824,0.28684812725144465,0.21643518518518517,0.48395049953346025,0.4139273513853121,0.31292522972884873,0.4139273513853121,0.2713498297378687,0.3906203114283264,0.1983989197530864,0.25188882458847733,0.39343420330152845
30,24,0.1284278245745103,0.09187054913701001,0.20473124229322062,0.2803270184813033,0.10787130808470503,0.48395049953346025,0,False,6,0,0,0,0,0,226,7,534,19,320,596,152,4,426,227,638,158,446,17,455,690,399,133,344,11,162,216,518,0.10794024955467327,0.1663978607169734,0.09187054913701001,0.10080373050769287,0.09396998189034132,0.10279881408516497,0.12724396362990728,0.13547966845687393,0.09976629502929978,0.12118304909073657,0.10279881408516497,0.20473124229322062,0.11227675551386578,0.14465839865073393,0.1022793177746068,0.1764439441813934,0.16448234758653688,0.14008965468982862,0.17472017329182263,0.12546441181301973,0.12057258262397073,0.10279881408516497,0.11027621935628654,0.15322095174395806,0.2747878086419753,0.3030445165476472,0.10787130808470503,0.1877009387860082,0.11767779063786005,0.1983989197530864,0.3580686188092992,0.32288057675831855,0.15772092772990964,0.2816797299204103,0.1983989197530864,0.40665285030242143,0.24653983410493824,0.28684812725144465,0.21643518518518517,0.48395049953346025,0.4139273513853121,0.31292522972884873,0.3794334054365361,0.2713498297378687,0.3906203114283264,0.1983989197530864,0.25188882458847733,0.36064801969306776
31,24,0.12896623906879978,0.09187054913701001,0.20473124229322062,0.27434214212804986,0.10787130808470503,0.48395049953346025,0,False,6,0,0,0,0,0,226,7,534,19,320,596,152,4,426,227,638,158,446,17,455,690,399,133,344,11,162,216,518,0.10794024955467327,0.1663978607169734,0.09187054913701001,0.10080373050769287,0.09187054913701001,0.10279881408516497,0.13306570508463034,0.14028870573650484,0.09976629502929978,0.12404483280580522,0.10280030593763319,0.20473124229322062,0.11380258997578568,0.14465839865073393,0.1022793177746068,0.1764439441813934,0.16448234758653688,0.14008965468982862,0.17472017329182263,0.12546441181301973,0.12057258262397073,0.10280030593763319,0.11027621935628654,0.15322095174395806,0.2747878086419753,0.3030445165476472,0.10787130808470503,0.1877009387860082,0.10787130808470503,0.1983989197530864,0.3282295672418576,0.29597386202845866,0.15772092772990964,0.25820641909370945,0.1818656764403292,0.40665285030242143,0.2259948479295267,0.28684812725144465,0.21643518518518517,0.48395049953346025,0.4139273513853121,0.31292522972884873,0.3794334054365361,0.2713498297378687,0.3906203114283264,0.1818656764403292,0.25188882458847733,0.36064801969306776
32,24,0.1295785148370433,0.09187054913701001,0.20473124229322062,0.2726617584491142,0.10787130808470503,0.44362129123900523,0,False,6,0,0,0,0,0,226,7,534,19,320,596,152,4,426,227,638,158,446,17,455,690,399,133,344,11,162,216,518,0.10794024955467327,0.1663978607169734,0.09187054913701001,0.10080373050769287,0.09187054913701001,0.10279881408516497,0.13306570508463034,0.14028870573650484,0.09976629502929978,0.12404483280580522,0.10280030593763319,0.20473124229322062,0.11380258997578568,0.14465839865073393,0.1022793177746068,0.19113856261923787,0.16448234758653688,0.14008965468982862,0.17472017329182263,0.12546441181301973,0.12057258262397073,0.10280030593763319,0.11027621935628654,0.15322095174395806,0.2747878086419753,0.3030445165476472,0.10787130808470503,0.1877009387860082,0.10787130808470503,0.1983989197530864,0.3282295672418576,0.29597386202845866,0.15772092772990964,0.25820641909370945,0.1818656764403292,0.40665285030242143,0.2259948479295267,0.28684812725144465,0.21643518518518517,0.44362129123900523,0.4139273513853121,0.31292522972884873,0.3794334054365361,0.2713498297378687,0.3906203114283264,0.1818656764403292,0.25188882458847733,0.36064801969306776
33,24,0.1297774214555124,0.09187054913701001,0.20473124229322062,0.27084936709509344,0.10787130808470503,0.44362129123900523,0,False,6,0,0,0,0,0,226,7,534,19,320,596,152,4,426,227,638,158,446,17,455,690,399,133,344,11,162,216,518,0.10794024955467327,0.1663978607169734,0.09187054913701001,0.10080373050769287,0.09187054913701001,0.10279881408516497,0.13306570508463034,0.14417776448946243,0.09976629502929978,0.12404483280580522,0.10280030593763319,0.20473124229322062,0.11468729006608666,0.14465839865073393,0.1022793177746068,0.19113856261923787,0.16448234758653688,0.14008965468982862,0.17472017329182263,0.12546441181301973,0.12057258262397073,0.10280030593763319,0.11027621935628654,0.15322095174395806,0.2747878086419753,0.3030445165476472,0.10787130808470503,0.1877009387860082,0.10787130808470503,0.1983989197530864,0.3282295672418576,0.2713093735260871,0.15772092772990964,0.25820641909370945,0.1818656764403292,0.40665285030242143,0.20716194393539947,0.28684812725144465,0.21643518518518517,0.44362129123900523,0.4139273513853121,0.31292522972884873,0.3794334054365361,0.2713498297378687,0.3906203114283264,0.1818656764403292,0.25188882458847733,0.36064801969306776
34,24,0.12955003709990665,0.08957165418484625,0.20473124229322062,0.2761026700258134,0.0988820324109796,0.44362129123900523,0,False,6,0,0,0,0,0,226,7,534,19,320,596,836,426,227,638,158,446,17,455,690,152,4,344,11,162,216,518,829,0.10794024955467327,0.1713497245501106,0.09187054913701001,0.10080373050769287,0.08957165418484625,0.10279881408516497,0.13306570508463034,0.13052557442596124,0.12404483280580522,0.10232683981465825,0.20473124229322062,0.11468729006608666,0.15211343640771458,0.1022793177746068,0.19113856261923787,0.16448234758653688,0.14417776448946243,0.09976629502929978,0.12546441181301973,0.13052557442596124,0.10280030593763319,0.11027621935628654,0.16034701204042548,0.15211343640771458,0.2747878086419753,0.27779080683534324,0.10787130808470503,0.1877009387860082,0.0988820324109796,0.1983989197530864,0.3282295672418576,0.44140195214263256,0.25820641909370945,0.1667102034036351,0.40665285030242143,0.20716194393539947,0.3462774499804909,0.21643518518518517,0.44362129123900523,0.4139273513853121,0.2713093735260871,0.15772092772990964,0.2713498297378687,0.44140195214263256,0.1818656764403292,0.25188882458847733,0.33059401805197874,0.3462774499804909
35,24,0.12962131733877955,0.08957165418484625,0.20473124229322062,0.2835707909062847,0.0988820324109796,0.4879517894640798,0,False,6,0,0,0,0,0,226,7,534,19,320,596,836,426,227,638,158,446,17,455,690,152,4,344,11,162,216,518,847,0.10794024955467327,0.1713497245501106,0.08957165418484625,0.10080373050769287,0.08957165418484625,0.10279881408516497,0.13306570508463034,0.14332431575939442,0.12404483280580522,0.10232683981465825,0.20473124229322062,0.11468729006608666,0.15211343640771458,0.1022793177746068,0.19113856261923787,0.16448234758653688,0.14417776448946243,0.09976629502929978,0.12546441181301973,0.13052557442596124,0.10280030593763319,0.11027621935628654,0.16034701204042548,0.14332431575939442,0.2747878086419753,0.27779080683534324,0.0988820324109796,0.1877009387860082,0.0988820324109796,0.1983989197530864,0.3282295672418576,0.4879517894640798,0.25820641909370945,0.1667102034036351,0.40665285030242143,0.20716194393539947,0.3462774499804909,0.21643518518518517,0.44362129123900523,0.4139273513853121,0.2713093735260871,0.15772092772990964,0.2713498297378687,0.44140195214263256,0.1818656764403292,0.25188882458847733,0.33059401805197874,0.4879517894640798
36,24,0.13181568340407143,0.08711067874782154,0.20473124229322062,0.2807783612780436,0.09064186304339797,0.4879517894640798,0,False,5,0,0,0,0,0,226,7,534,875,596,836,880,19,320,152,4,426,227,638,158,446,17,455,690,344,11,216,518,0.10794024955467327,0.1713497245501106,0.08711067874782154,0.100503590273797,0.1179358863904942,0.13306570508463034,0.14332431575939442,0.15094962427669395,0.08957165418484625,0.10279881408516497,0.15094962427669395,0.09976629502929978,0.12614211963681585,0.10232683981465825,0.20473124229322062,0.1179358863904942,0.1585485297482899,0.10279881408516497,0.20473124229322062,0.16448234758653688,0.12546441181301973,0.13052557442596124,0.11027621935628654,0.16034701204042548,0.2747878086419753,0.27779080683534324,0.09064186304339797,0.17205919388717417,0.27323178194078285,0.3282295672418576,0.4879517894640798,0.33203359239891317,0.0988820324109796,0.1983989197530864,0.33203359239891317,0.15772092772990964,0.236689217502567,0.1667102034036351,0.40665285030242143,0.27323178194078285,0.31742099581545,0.1983989197530864,0.40665285030242143,0.4139273513853121,0.2713498297378687,0.44140195214263256,0.25188882458847733,0.33059401805197874
37,24,0.13246454321324197,0.08452201546780204,0.20473124229322062,0.27762145964415663,0.08308837445644814,0.4472891403420731,0,False,5,0,0,0,0,0,226,7,534,875,596,836,880,19,320,152,4,426,227,638,158,446,17,455,690,344,11,216,518,0.10794024955467327,0.1713497245501106,0.08452201546780204,0.100503590273797,0.1179358863904942,0.13306570508463034,0.15543476578295873,0.15094962427669395,0.08957165418484625,0.10279881408516497,0.15094962427669395,0.09976629502929978,0.12614211963681585,0.10232683981465825,0.20473124229322062,0.1179358863904942,0.1585485297482899,0.10279881408516497,0.20473124229322062,0.16448234758653688,0.12546441181301973,0.13052557442596124,0.11027621935628654,0.1663978607169734,0.2747878086419753,0.27779080683534324,0.08308837445644814,0.17205919388717417,0.27323178194078285,0.3282295672418576,0.4472891403420731,0.33203359239891317,0.0988820324109796,0.1983989197530864,0.33203359239891317,0.15772092772990964,0.236689217502567,0.1667102034036351,0.40665285030242143,0.27323178194078285,0.31742099581545,0.1983989197530864,0.40665285030242143,0.4139273513853121,0.2713498297378687,0.44140195214263256,0.25188882458847733,0.3030445165476472
38,24,0.13294405596168013,0.08452201546780204,0.20473124229322062,0.2726723372927293,0.08308837445644814,0.4472891403420731,0,False,5,0,0,0,0,0,226,7,534,875,596,836,880,19,320,152,4,426,227,638,158,446,17,455,690,344,11,216,518,0.10794024955467327,0.17520526554317903,0.08452201546780204,0.09976629502929978,0.12043567389035728,0.13306570508463034,0.15543476578295873,0.15094962427669395,0.08711067874782154,0.10279881408516497,0.1567090280443277,0.09976629502929978,0.12614211963681585,0.10232683981465825,0.20473124229322062,0.1179358863904942,0.1585485297482899,0.10279881408516497,0.20473124229322062,0.16448234758653688,0.12805625619649258,0.13052557442596124,0.11027621935628654,0.1663978607169734,0.2747878086419753,0.254641572932398,0.08308837445644814,0.15772092772990964,0.25046246677905093,0.3282295672418576,0.4472891403420731,0.33203359239891317,0.09064186304339797,0.1983989197530864,0.3043641263656704,0.15772092772990964,0.236689217502567,0.1667102034036351,0.40665285030242143,0.27323178194078285,0.31742099581545,0.1983989197530864,0.40665285030242143,0.4139273513853121,0.24873734392637964,0.44140195214263256,0.25188882458847733,0.3030445165476472
39,24,0.13220255129793157,0.08394752356266436,0.20473124229322062,0.27166829642294793,0.09064186304339797,0.41001504531356703,0,False,6,0,0,0,0,0,226,7,534,875,941,596,951,320,836,880,19,690,152,4,426,227,638,158,446,17,455,938,344,0.10794024955467327,0.17520526554317903,0.08394752356266436,0.09976629502929978,0.12043567389035728,0.1415545432233481,0.1415545432233481,0.12354169948398114,0.10279881408516497,0.16665952358586547,0.15094962427669395,0.08711067874782154,0.17472017329182263,0.1567090280443277,0.09976629502929978,0.12614211963681585,0.10232683981465825,0.20473124229322062,0.12354169948398114,0.16392556321229243,0.10279881408516497,0.20473124229322062,0.08394752356266436,0.12805625619649258,0.2747878086419753,0.254641572932398,0.15949767658507746,0.15772092772990964,0.25046246677905093,0.3842104366383694,0.3842104366383694,0.3337958001123843,0.1983989197530864,0.41001504531356703,0.33203359239891317,0.09064186304339797,0.3794334054365361,0.3043641263656704,0.15772092772990964,0.236689217502567,0.1667102034036351,0.40665285030242143,0.3337958001123843,0.29096924616416253,0.1983989197530864,0.40665285030242143,0.15949767658507746,0.24873734392637964
40,24,0.1344468271099956,0.08303900576029001,0.20473124229322062,0.27656445445918726,0.1445775170857505,0.41001504531356703,0,False,6,0,0,0,0,0,226,7,534,875,941,596,951,320,836,880,971,19,690,152,979,426,227,638,158,446,17,455,938,0.10794024955467327,0.17520526554317903,0.08303900576029001,0.09863747980588627,0.12043567389035728,0.14911891114363954,0.1415545432233481,0.12831868833220111,0.10279881408516497,0.16665952358586547,0.15094962427669395,0.08670183092270342,0.08670183092270342,0.17472017329182263,0.1567090280443277,0.17257262802073345,0.12614211963681585,0.10232683981465825,0.20473124229322062,0.12831868833220111,0.17257262802073345,0.10279881408516497,0.20473124229322062,0.08303900576029001,0.2747878086419753,0.254641572932398,0.146206203536321,0.1445775170857505,0.25046246677905093,0.3521929002518386,0.3842104366383694,0.3059794834363523,0.1983989197530864,0.41001504531356703,0.33203359239891317,0.1664217077897815,0.1664217077897815,0.3794334054365361,0.3043641263656704,0.35005514231714896,0.236689217502567,0.1667102034036351,0.40665285030242143,0.3059794834363523,0.35005514231714896,0.1983989197530864,0.40665285030242143,0.146206203536321
41,24,0.13486711528114304,0.08183509332571434,0.20473124229322062,0.2730881969942327,0.13402235324162756,0.41001504531356703,0,False,6,0,0,0,0,0,226,7,534,875,941,596,951,320,836,880,971,19,690,152,979,426,227,638,158,446,17,455,938,0.10794024955467327,0.17520526554317903,0.08303900576029001,0.09863747980588627,0.12043567389035728,0.15568505930258353,0.1415545432233481,0.12831868833220111,0.10280030593763319,0.16665952358586547,0.15094962427669395,0.08670183092270342,0.08670183092270342,0.17472017329182263,0.16143221657502957,0.17257262802073345,0.12614211963681585,0.10232683981465825,0.20473124229322062,0.12831868833220111,0.17257262802073345,0.10279881408516497,0.20473124229322062,0.08183509332571434,0.2747878086419753,0.254641572932398,0.146206203536321,0.1445775170857505,0.25046246677905093,0.3228434918975187,0.3842104366383694,0.3059794834363523,0.1818656764403292,0.41001504531356703,0.33203359239891317,0.1664217077897815,0.1664217077897815,0.3794334054365361,0.2790004491685312,0.35005514231714896,0.236689217502567,0.1667102034036351,0.40665285030242143,0.3059794834363523,0.35005514231714896,0.1983989197530864,0.40665285030242143,0.13402235324162756
42,24,0.13503782152026336,0.08183509332571434,0.20473124229322062,0.2727934508084419,0.13402235324162756,0.41001504531356703,0,False,6,0,0,0,0,0,226,7,534,875,941,596,951,320,836,880,971,19,1020,690,152,979,426,227,638,158,446,455,938,0.10794024955467327,0.17520526554317903,0.08183509332571434,0.09863747980588627,0.12043567389035728,0.15568505930258353,0.14911891114363954,0.1322460170494036,0.10232683981465825,0.16665952358586547,0.15094962427669395,0.08670183092270342,0.08814612039535638,0.08814612039535638,0.17472017329182263,0.16143221657502957,0.17257262802073345,0.12614211963681585,0.10232683981465825,0.20473124229322062,0.12831868833220111,0.1800636638968339,0.20473124229322062,0.08183509332571434,0.2747878086419753,0.254641572932398,0.13402235324162756,0.1445775170857505,0.25046246677905093,0.3228434918975187,0.3521929002518386,0.2804811931499896,0.1667102034036351,0.41001504531356703,0.33203359239891317,0.1664217077897815,0.23588656547396636,0.23588656547396636,0.3794334054365361,0.2790004491685312,0.35005514231714896,0.236689217502567,0.1667102034036351,0.40665285030242143,0.3059794834363523,0.32088388045738653,0.40665285030242143,0.13402235324162756
43,24,0.1330736477676902,0.08037388244498453,0.20473124229322062,0.2649387602621823,0.12285382380482526,0.40665285030242143,0,False,6,0,0,0,0,0,226,7,534,875,941,596,951,320,836,1035,971,19,1020,690,152,880,426,227,638,158,446,455,938,0.10794024955467327,0.17520526554317903,0.08183509332571434,0.09966891152340189,0.12043567389035728,0.15568505930258353,0.15568505930258353,0.1322460170494036,0.10232683981465825,0.17683897484046027,0.09966891152340189,0.08670183092270342,0.08814612039535638,0.08814612039535638,0.17472017329182263,0.16512053899264667,0.1567090280443277,0.12614211963681585,0.10232683981465825,0.20473124229322062,0.12831868833220111,0.1800636638968339,0.20473124229322062,0.08037388244498453,0.2747878086419753,0.254641572932398,0.13402235324162756,0.2158627239952713,0.25046246677905093,0.3228434918975187,0.3228434918975187,0.2804811931499896,0.1667102034036351,0.37584712487076977,0.2158627239952713,0.1664217077897815,0.23588656547396636,0.23588656547396636,0.3794334054365361,0.2557504117378202,0.3043641263656704,0.236689217502567,0.1667102034036351,0.40665285030242143,0.3059794834363523,0.32088388045738653,0.40665285030242143,0.12285382380482526
44,24,0.12983659065920736,0.07869221012755286,0.20473124229322062,0.26787325923890776,0.11261600515442316,0.40665285030242143,0,False,6,0,0,0,0,0,226,7,534,875,941,596,951,320,836,1035,971,19,1056,1020,690,152,880,1074,227,638,158,455,938,0.11312023349781512,0.17520526554317903,0.08183509332571434,0.09966891152340189,0.12043567389035728,0.15568505930258353,0.15568505930258353,0.1322460170494036,0.10232683981465825,0.17683897484046027,0.10015908806895467,0.08670183092270342,0.08907782453395797,0.11312023349781512,0.08814612039535638,0.17472017329182263,0.16512053899264667,0.16143221657502957,0.10403981920316897,0.10403981920316897,0.20473124229322062,0.12831868833220111,0.20473124229322062,0.07869221012755286,0.33522215792181065,0.254641572932398,0.13402235324162756,0.2158627239952713,0.25046246677905093,0.3228434918975187,0.3228434918975187,0.2804811931499896,0.1667102034036351,0.37584712487076977,0.19787416366233201,0.1664217077897815,0.21622935168446916,0.33522215792181065,0.23588656547396636,0.3794334054365361,0.2557504117378202,0.2790004491685312,0.2361510197866655,0.2361510197866655,0.40665285030242143,0.3059794834363523,0.40665285030242143,0.11261600515442316
45,24,0.12558931841068466,0.076825108626211,0.20473124229322062,0.2644782277380692,0.10323133805822123,0.40665285030242143,0,False,7,0,0,0,0,0,226,7,534,1092,875,941,596,951,1088,320,836,1035,971,19,1056,1020,690,152,880,227,158,455,938,0.11312023349781512,0.17520526554317903,0.08183509332571434,0.09966891152340189,0.09183395117122015,0.12043567389035728,0.15568505930258353,0.16120964021240192,0.1322460170494036,0.10403981920316897,0.10403981920316897,0.17683897484046027,0.10015908806895467,0.08592999331381071,0.09183395117122015,0.11312023349781512,0.08907782453395797,0.17472017329182263,0.16779684418614405,0.16143221657502957,0.10403981920316897,0.12831868833220111,0.20473124229322062,0.076825108626211,0.33522215792181065,0.254641572932398,0.13402235324162756,0.2158627239952713,0.2815435723774301,0.25046246677905093,0.3228434918975187,0.29593986757272545,0.2804811931499896,0.2361510197866655,0.2361510197866655,0.37584712487076977,0.19787416366233201,0.15255323214063302,0.2815435723774301,0.33522215792181065,0.21622935168446916,0.3794334054365361,0.23443787742633518,0.2790004491685312,0.2361510197866655,0.3059794834363523,0.40665285030242143,0.10323133805822123
46,24,0.12477142750302694,0.076825108626211,0.20473124229322062,0.2657635444100475,0.10323133805822123,0.40665285030242143,0,False,7,0,0,0,0,0,226,7,534,1092,875,941,596,951,1088,320,836,1108,1035,971,19,1056,1020,690,152,880,227,455,938,0.11312023349781512,0.17520526554317903,0.08183509332571434,0.09966891152340189,0.09642328752143885,0.12043567389035728,0.16120964021240192,0.16120964021240192,0.1322460170494036,0.10403981920316897,0.10403981920316897,0.17683897484046027,0.09642328752143885,0.10015908806895467,0.08592999331381071,0.09183395117122015,0.11312023349781512,0.08952510643383335,0.17472017329182263,0.16950166405320916,0.16143221657502957,0.10403981920316897,0.20473124229322062,0.076825108626211,0.33522215792181065,0.254641572932398,0.13402235324162756,0.2158627239952713,0.3414149413459776,0.25046246677905093,0.29593986757272545,0.29593986757272545,0.2804811931499896,0.2361510197866655,0.2361510197866655,0.37584712487076977,0.3414149413459776,0.19787416366233201,0.15255323214063302,0.2815435723774301,0.33522215792181065,0.19821023904409674,0.3794334054365361,0.21490138764080724,0.2790004491685312,0.2361510197866655,0.40665285030242143,0.10323133805822123
47,24,0.12525627356955596,0.076825108626211,0.21703160788201634,0.266782748054189,0.10323133805822123,0.3962970295671462,0,False,7,0,0,0,0,0,226,7,534,1092,875,941,596,951,1088,320,836,1108,1035,971,19,1140,690,152,880,227,455,1020,938,0.11312023349781512,0.17520526554317903,0.08037388244498453,0.10015908806895467,0.10036564673957944,0.12043567389035728,0.16120964021240192,0.16120964021240192,0.1322460170494036,0.10403981920316897,0.10403981920316897,0.17683897484046027,0.10295406807209546,0.10015908806895467,0.08592999331381071,0.09183395117122015,0.10295406807209546,0.17472017329182263,0.16950166405320916,0.16143221657502957,0.10403981920316897,0.21703160788201634,0.08952510643383335,0.076825108626211,0.33522215792181065,0.254641572932398,0.12285382380482526,0.19787416366233201,0.3129636962338128,0.25046246677905093,0.29593986757272545,0.29593986757272545,0.2804811931499896,0.2361510197866655,0.2361510197866655,0.37584712487076977,0.3962970295671462,0.19787416366233201,0.15255323214063302,0.2815435723774301,0.3962970295671462,0.3794334054365361,0.21490138764080724,0.2790004491685312,0.2361510197866655,0.37276511277721963,0.19821023904409674,0.10323133805822123
48,24,0.12270154413391636,0.076825108626211,0.21703160788201634,0.2707052311177525,0.10323133805822123,0.3962970295671462,0,False,7,0,0,0,0,0,226,7,534,1092,875,941,596,951,1088,320,836,1108,1035,971,19,1140,690,1167,227,455,1020,938,152,0.11312023349781512,0.17520526554317903,0.07869221012755286,0.10015908806895467,0.10036564673957944,0.12043567389035728,0.16120964021240192,0.16120964021240192,0.1322460170494036,0.10403981920316897,0.10403981920316897,0.17683897484046027,0.10295406807209546,0.10015908806895467,0.08592999331381071,0.09642328752143885,0.10295406807209546,0.17472017329182263,0.09642328752143885,0.10403981920316897,0.21703160788201634,0.08952510643383335,0.076825108626211,0.1702894226186624,0.33522215792181065,0.254641572932398,0.11261600515442316,0.19787416366233201,0.3129636962338128,0.25046246677905093,0.29593986757272545,0.29593986757272545,0.2804811931499896,0.2361510197866655,0.2361510197866655,0.37584712487076977,0.3962970295671462,0.19787416366233201,0.15255323214063302,0.3414149413459776,0.3962970295671462,0.3794334054365361,0.3414149413459776,0.2361510197866655,0.37276511277721963,0.19821023904409674,0.10323133805822123,0.19699293867073997
49,24,0.12207300981750924,0.076825108626211,0.21703160788201634,0.28974823488527274,0.10323133805822123,0.44660561043655067,0,False,7,0,0,0,0,0,226,7,534,1092,875,941,596,951,1088,320,836,1108,1035,971,1191,19,1188,1140,690,1167,227,455,938,0.11312023349781512,0.17520526554317903,0.07869221012755286,0.10015908806895467,0.10036564673957944,0.12043567389035728,0.16120964021240192,0.16120964021240192,0.13532362101556264,0.10403981920316897,0.10403981920316897,0.18585299502732924,0.11163004315055262,0.10015908806895467,0.08483484854960513,0.10295406807209546,0.10295406807209546,0.11163004315055262,0.10295406807209546,0.17472017329182263,0.10036564673957944,0.10403981920316897,0.21703160788201634,0.076825108626211,0.33522215792181065,0.254641572932398,0.11261600515442316,0.19787416366233201,0.3129636962338128,0.25046246677905093,0.29593986757272545,0.29593986757272545,0.25710776038749045,0.2361510197866655,0.2361510197866655,0.3445265311315389,0.44660561043655067,0.19787416366233201,0.13984046279558027,0.3962970295671462,0.3962970295671462,0.44660561043655067,0.3962970295671462,0.3794334054365361,0.3129636962338128,0.2361510197866655,0.37276511277721963,0.10323133805822123
50,24,0.12201099550753403,0.076825108626211,0.21703160788201634,0.2873149255158582,0.10323133805822123,0.44660561043655067,0,False,7,0,0,0,0,0,226,7,534,1092,875,941,596,951,1088,320,836,1108,1035,971,1191,19,1188,1140,690,1167,227,455,938,0.11312023349781512,0.17520526554317903,0.076825108626211,0.10014582106878667,0.10036564673957944,0.12220658225208877,0.16120964021240192,0.16120964021240192,0.13532362101556264,0.10403981920316897,0.10403981920316897,0.18585299502732924,0.11163004315055262,0.10015908806895467,0.08345596524997834,0.10295406807209546,0.10295406807209546,0.11163004315055262,0.10295406807209546,0.17472017329182263,0.10036564673957944,0.10403981920316897,0.21703160788201634,0.076825108626211,0.33522215792181065,0.254641572932398,0.10323133805822123,0.18138465002380433,0.3129636962338128,0.22959059454746333,0.29593986757272545,0.29593986757272545,0.25710776038749045,0.2361510197866655,0.2361510197866655,0.3445265311315389,0.44660561043655067,0.19787416366233201,0.12818709089594857,0.3962970295671462,0.3962970295671462,0.44660561043655067,0.3962970295671462,0.3794334054365361,0.3129636962338128,0.2361510197866655,0.37276511277721963,0.10323133805822123
51,24,0.12295779862657874,0.076825108626211,0.21703160788201634,0.27987509028179325,0.10323133805822123,0.44660561043655067,0,False,7,0,0,0,0,0,226,7,534,1092,875,941,596,951,1088,320,836,1108,1035,971,1191,19,1188,1140,690,1167,227,455,938,0.11754120512889314,0.17520526554317903,0.076825108626211,0.10014582106878667,0.10036564673957944,0.12328071356698296,0.16120964021240192,0.16120964021240192,0.13532362101556264,0.10514730782511597,0.10514730782511597,0.18585299502732924,0.11163004315055262,0.10015908806895467,0.08345596524997834,0.10882349465323406,0.10882349465323406,0.11163004315055262,0.10295406807209546,0.17472017329182263,0.10363998824450942,0.10403981920316897,0.21703160788201634,0.076825108626211,0.30728697809499306,0.254641572932398,0.10323133805822123,0.18138465002380433,0.3129636962338128,0.21045804500184137,0.29593986757272545,0.29593986757272545,0.25710776038749045,0.2164717681377767,0.2164717681377767,0.3445265311315389,0.44660561043655067,0.19787416366233201,0.12818709089594857,0.3632722771032173,0.3632722771032173,0.44660561043655067,0.3962970295671462,0.3794334054365361,0.2868833882143284,0.2361510197866655,0.37276511277721963,0.10323133805822123
52,24,0.12272046769779367,0.076825108626211,0.21703160788201634,0.27779733325621964,0.10323133805822123,0.44660561043655067,0,False,7,0,0,0,0,0,226,7,534,1092,875,941,596,951,1088,320,836,1108,1035,971,1191,19,1188,1140,690,1167,1262,455,938,0.11754120512889314,0.17520526554317903,0.076825108626211,0.10014582106878667,0.10363998824450942,0.12328071356698296,0.16120964021240192,0.16120964021240192,0.13532362101556264,0.10514730782511597,0.10514730782511597,0.18585299502732924,0.11966851977848722,0.10015908806895467,0.08394239522888508,0.10882349465323406,0.10882349465323406,0.11163004315055262,0.10295406807209546,0.17472017329182263,0.10624222181618019,0.08394239522888508,0.21703160788201634,0.076825108626211,0.30728697809499306,0.254641572932398,0.10323133805822123,0.18138465002380433,0.2868833882143284,0.21045804500184137,0.29593986757272545,0.29593986757272545,0.25710776038749045,0.2164717681377767,0.2164717681377767,0.3445265311315389,0.40938847623350477,0.19787416366233201,0.2008381666546195,0.3632722771032173,0.3632722771032173,0.44660561043655067,0.3962970295671462,0.3794334054365361,0.2629764391964677,0.2008381666546195,0.37276511277721963,0.10323133805822123
53,24,0.12306750058715643,0.07480541680346388,0.21703160788201634,0.2742188122183055,0.09462872655336946,0.44660561043655067,0,False,7,0,0,0,0,0,226,7,534,1092,875,941,596,951,1088,320,836,1108,1035,971,1191,19,1188,1140,690,1167,1262,455,938,0.11754120512889314,0.17520526554317903,0.076825108626211,0.10014582106878667,0.10363998824450942,0.12328071356698296,0.16120964021240192,0.16120964021240192,0.13532362101556264,0.10514730782511597,0.10514730782511597,0.18585299502732924,0.11966851977848722,0.10015908806895467,0.08400098456145658,0.11396844057067484,0.11396844057067484,0.11163004315055262,0.10295406807209546,0.17472017329182263,0.10624222181618019,0.08394239522888508,0.21703160788201634,0.07480541680346388,0.30728697809499306,0.254641572932398,0.10323133805822123,0.18138465002380433,0.2868833882143284,0.21045804500184137,0.29593986757272545,0.29593986757272545,0.25710776038749045,0.2164717681377767,0.2164717681377767,0.3445265311315389,0.40938847623350477,0.19787416366233201,0.18410165276673454,0.3329995873446158,0.3329995873446158,0.44660561043655067,0.3962970295671462,0.3794334054365361,0.2629764391964677,0.2008381666546195,0.37276511277721963,0.09462872655336946
54,24,0.12000401590054126,0.07480541680346388,0.18585299502732924,0.27736294448787513,0.09462872655336946,0.4927218095668381,0,False,7,0,0,0,0,0,226,7,534,1092,875,941,596,951,1088,320,1313,836,1108,1035,971,1191,19,1188,1140,690,1167,1262,938,0.12118304909073657,0.17520526554317903,0.076825108626211,0.10014582106878667,0.10363998824450942,0.12328071356698296,0.16120964021240192,0.16120964021240192,0.13532362101556264,0.10514730782511597,0.10514730782511597,0.12275476053404147,0.18585299502732924,0.11966851977848722,0.10015908806895467,0.08366648452027556,0.11834886375133745,0.11396844057067484,0.12275476053404147,0.10295406807209546,0.17472017329182263,0.10818295220057693,0.08394239522888508,0.07480541680346388,0.2816797299204103,0.254641572932398,0.10323133805822123,0.18138465002380433,0.2868833882143284,0.21045804500184137,0.29593986757272545,0.29593986757272545,0.25710776038749045,0.2164717681377767,0.2164717681377767,0.4927218095668381,0.3445265311315389,0.40938847623350477,0.19787416366233201,0.16875984836950667,0.3052496217325645,0.3329995873446158,0.4927218095668381,0.3962970295671462,0.3794334054365361,0.24106173593009536,0.2008381666546195,0.09462872655336946
55,24,0.12189719099360273,0.07480541680346388,0.18855119811271928,0.27932599352635634,0.09462872655336946,0.4927218095668381,0,False,5,0,0,0,0,1340,534,1092,875,941,0,226,1333,951,1088,320,1313,7,1035,971,1191,19,1188,1140,690,596,1167,1262,938,0.18855119811271928,0.09967115088277279,0.10363998824450942,0.12369961451167846,0.16567708790268484,0.12118304909073657,0.17520526554317903,0.1302296815135396,0.13532362101556264,0.10514730782511597,0.10514730782511597,0.12275476053404147,0.076825108626211,0.10015908806895467,0.08366648452027556,0.1219461236230876,0.11396844057067484,0.12275476053404147,0.10882349465323406,0.18855119811271928,0.16567708790268484,0.10818295220057693,0.08394239522888508,0.07480541680346388,0.4311472883168247,0.16626926252182062,0.2868833882143284,0.19291987458502124,0.27127821194166496,0.2816797299204103,0.254641572932398,0.45860610321404605,0.25710776038749045,0.2164717681377767,0.2164717681377767,0.4927218095668381,0.10323133805822123,0.19787416366233201,0.16875984836950667,0.27981215325485076,0.3329995873446158,0.4927218095668381,0.3632722771032173,0.4311472883168247,0.27127821194166496,0.24106173593009536,0.2008381666546195,0.09462872655336946
56,24,0.12188234246149939,0.07480541680346388,0.18855119811271928,0.27799703161434386,0.09462872655336946,0.4927218095668381,0,False,5,0,0,0,0,1340,534,1092,875,941,0,226,1333,951,1088,320,1313,7,1035,971,1191,19,1188,1140,690,596,1167,1262,938,0.18855119811271928,0.09877963984734087,0.10363998824450942,0.12369961451167846,0.16567708790268484,0.12118304909073657,0.17520526554317903,0.1302296815135396,0.13532362101556264,0.10514730782511597,0.10568245409006766,0.12275476053404147,0.076825108626211,0.10015908806895467,0.08366648452027556,0.1219461236230876,0.11396844057067484,0.12275476053404147,0.10882349465323406,0.18855119811271928,0.16567708790268484,0.10818295220057693,0.08394239522888508,0.07480541680346388,0.4311472883168247,0.15241349064500223,0.2868833882143284,0.19291987458502124,0.27127821194166496,0.2816797299204103,0.254641572932398,0.45860610321404605,0.25710776038749045,0.2164717681377767,0.1984324541262953,0.4927218095668381,0.10323133805822123,0.19787416366233201,0.16875984836950667,0.27981215325485076,0.3329995873446158,0.4927218095668381,0.3632722771032173,0.4311472883168247,0.27127821194166496,0.24106173593009536,0.2008381666546195,0.09462872655336946
57,24,0.12247345209261822,0.07480541680346388,0.20125548775056532,0.2737294693342251,0.09462872655336946,0.4927218095668381,0,False,5,0,0,0,0,1340,534,1092,875,941,0,226,1333,951,1088,320,1313,7,1035,971,1191,19,1188,1140,690,596,1167,1262,938,0.20125548775056532,0.09877963984734087,0.10363998824450942,0.12351171814807439,0.16567708790268484,0.12118304909073657,0.17520526554317903,0.1302296815135396,0.13532362101556264,0.10514730782511597,0.10568245409006766,0.12275476053404147,0.07480541680346388,0.10015908806895467,0.08297599103497005,0.1219461236230876,0.11834886375133745,0.12275476053404147,0.10882349465323406,0.18855119811271928,0.16567708790268484,0.10818295220057693,0.08394239522888508,0.07480541680346388,0.39521834762375596,0.15241349064500223,0.2868833882143284,0.1768432183696028,0.27127821194166496,0.2816797299204103,0.254641572932398,0.45860610321404605,0.25710776038749045,0.2164717681377767,0.1984324541262953,0.4927218095668381,0.09462872655336946,0.19787416366233201,0.15469652767204778,0.27981215325485076,0.3052496217325645,0.4927218095668381,0.3632722771032173,0.4311472883168247,0.27127821194166496,0.24106173593009536,0.2008381666546195,0.09462872655336946
58,24,0.12526452935340374,0.07266352573202295,0.20125548775056532,0.2721176853321953,0.08674299934058867,0.4927218095668381,0,False,5,0,0,0,0,1340,534,1092,875,941,0,226,1333,951,1088,320,1313,7,1035,971,1191,19,1188,1140,690,596,1167,1395,938,0.20125548775056532,0.09877963984734087,0.10624222181618019,0.12593626155420595,0.16567708790268484,0.12118304909073657,0.17520526554317903,0.1302296815135396,0.13532362101556264,0.10514730782511597,0.10568245409006766,0.1333051314296922,0.07266352573202295,0.10015908806895467,0.08297599103497005,0.12476064896541626,0.1219461236230876,0.12275476053404147,0.11396844057067484,0.18855119811271928,0.16567708790268484,0.10818295220057693,0.12593626155420595,0.07480541680346388,0.39521834762375596,0.15241349064500223,0.2629764391964677,0.24543961683880255,0.27127821194166496,0.2816797299204103,0.254641572932398,0.45860610321404605,0.25710776038749045,0.2164717681377767,0.1984324541262953,0.45166165876960157,0.08674299934058867,0.19787416366233201,0.15469652767204778,0.2564944738169465,0.27981215325485076,0.4927218095668381,0.3329995873446158,0.4311472883168247,0.27127821194166496,0.24106173593009536,0.24543961683880255,0.09462872655336946
59,24,0.12568098107606737,0.07042723613996742,0.20125548775056532,0.269030676361823,0.07951441606220627,0.4927218095668381,0,False,5,0,0,0,0,1340,534,1092,875,941,0,226,1333,951,1088,320,1313,7,1035,971,1191,19,1188,1140,690,596,1167,1395,938,0.20125548775056532,0.09877963984734087,0.10624222181618019,0.12593626155420595,0.16567708790268484,0.12118304909073657,0.17520526554317903,0.1302296815135396,0.13532362101556264,0.10568245409006766,0.10568245409006766,0.1333051314296922,0.07042723613996742,0.10015908806895467,0.08196768606815556,0.12476064896541626,0.1219461236230876,0.12275476053404147,0.11396844057067484,0.20125548775056532,0.16567708790268484,0.10818295220057693,0.12593626155420595,0.07480541680346388,0.39521834762375596,0.15241349064500223,0.2629764391964677,0.24543961683880255,0.27127821194166496,0.2816797299204103,0.254641572932398,0.45860610321404605,0.25710776038749045,0.1984324541262953,0.1984324541262953,0.45166165876960157,0.07951441606220627,0.19787416366233201,0.1418051503660438,0.2564944738169465,0.27981215325485076,0.4927218095668381,0.3329995873446158,0.39521834762375596,0.27127821194166496,0.24106173593009536,0.24543961683880255,0.09462872655336946
60,24,0.12568175959588862,0.07042723613996742,0.21266483043542733,0.26904858424725236,0.07951441606220627,0.4927218095668381,0,False,6,0,0,0,0,1340,1461,534,1092,875,941,0,226,1333,951,1088,320,1313,7,1035,971,1191,19,1188,1140,690,596,1167,938,0.20125548775056532,0.11230864159659495,0.09751691433172693,0.10624222181618019,0.12593626155420595,0.16567708790268484,0.12118304909073657,0.17520526554317903,0.1302296815135396,0.13532362101556264,0.10568245409006766,0.10568498045670686,0.1333051314296922,0.07042723613996742,0.10014582106878667,0.08067979029885115,0.12476064896541626,0.12476064896541626,0.12275476053404147,0.11396844057067484,0.21266483043542733,0.16567708790268484,0.11230864159659495,0.07266352573202295,0.39521834762375596,0.3043065912692541,0.13971236642458537,0.2629764391964677,0.24543961683880255,0.27127821194166496,0.2816797299204103,0.254641572932398,0.45860610321404605,0.25710776038749045,0.1984324541262953,0.18189641628243733,0.45166165876960157,0.07951441606220627,0.18138465002380433,0.1299880545022068,0.2564944738169465,0.2564944738169465,0.4927218095668381,0.3329995873446158,0.3622834853217763,0.27127821194166496,0.3043065912692541,0.08674299934058867
61,24,0.1257843327624332,0.07042723613996742,0.21266483043542733,0.26610451681099573,0.07951441606220627,0.4927218095668381,0,False,6,0,0,0,0,1340,1461,534,1092,875,941,0,226,1333,951,1088,320,1313,7,1035,971,1191,19,1188,1140,690,596,1167,938,0.20125548775056532,0.11230864159659495,0.09751691433172693,0.10818295220057693,0.12593626155420595,0.16567708790268484,0.12118304909073657,0.17520526554317903,0.1302296815135396,0.13532362101556264,0.10568498045670686,0.10568498045670686,0.1333051314296922,0.07042723613996742,0.10014582106878667,0.07914972006437727,0.12680921844592405,0.12476064896541626,0.12275476053404147,0.11396844057067484,0.21266483043542733,0.16567708790268484,0.11230864159659495,0.07266352573202295,0.39521834762375596,0.3043065912692541,0.13971236642458537,0.24106173593009536,0.24543961683880255,0.27127821194166496,0.2816797299204103,0.254641572932398,0.45860610321404605,0.25710776038749045,0.18189641628243733,0.18189641628243733,0.45166165876960157,0.07951441606220627,0.18138465002380433,0.11915571662702289,0.23511993433220096,0.2564944738169465,0.4927218095668381,0.3329995873446158,0.3622834853217763,0.27127821194166496,0.3043065912692541,0.08674299934058867
62,24,0.1262989341034665,0.07042723613996742,0.22265750201916493,0.2619544720483287,0.07951441606220627,0.4927218095668381,0,False,6,0,0,0,0,1340,1461,534,1092,875,941,0,226,1333,951,1088,320,1313,7,1035,971,1191,19,1188,1140,690,596,1167,938,0.20125548775056532,0.11230864159659495,0.09592845820882749,0.10948503210570087,0.12593626155420595,0.16567708790268484,0.12118304909073657,0.17520526554317903,0.1302296815135396,0.13532362101556264,0.10568498045670686,0.10568498045670686,0.1333051314296922,0.07042723613996742,0.10014582106878667,0.07741343370255144,0.12680921844592405,0.12476064896541626,0.12275476053404147,0.11834886375133745,0.22265750201916493,0.16567708790268484,0.11230864159659495,0.07266352573202295,0.39521834762375596,0.3043065912692541,0.1280696692225366,0.22097325793592074,0.24543961683880255,0.27127821194166496,0.2816797299204103,0.254641572932398,0.45860610321404605,0.25710776038749045,0.18189641628243733,0.18189641628243733,0.45166165876960157,0.07951441606220627,0.18138465002380433,0.10922607357477097,0.23511993433220096,0.2564944738169465,0.4927218095668381,0.3052496217325645,0.3320931948782949,0.27127821194166496,0.3043065912692541,0.08674299934058867
63,24,0.12641581002815788,0.06812170662682447,0.22265750201916493,0.25911717934594486,0.07288821472368907,0.4927218095668381,0,False,6,0,0,0,0,1340,1461,534,1092,875,941,0,226,1333,951,1088,320,1313,7,1035,971,1191,19,1188,1140,690,596,1167,938,0.20125548775056532,0.11569174418714928,0.09405864745225932,0.10948503210570087,0.12593626155420595,0.16567708790268484,0.12118304909073657,0.17520526554317903,0.1302296815135396,0.13532362101556264,0.10568498045670686,0.10568498045670686,0.1333051314296922,0.06812170662682447,0.10014582106878667,0.07741343370255144,0.12680921844592405,0.12476064896541626,0.12275476053404147,0.1219461236230876,0.22265750201916493,0.16567708790268484,0.11230864159659495,0.07266352573202295,0.39521834762375596,0.2789477086634829,0.11739719678732521,0.22097325793592074,0.24543961683880255,0.27127821194166496,0.2816797299204103,0.254641572932398,0.45860610321404605,0.25710776038749045,0.18189641628243733,0.18189641628243733,0.45166165876960157,0.07288821472368907,0.18138465002380433,0.10922607357477097,0.23511993433220096,0.2564944738169465,0.4927218095668381,0.27981215325485076,0.3320931948782949,0.27127821194166496,0.3043065912692541,0.08674299934058867
64,24,0.12945135867121604,0.06576947350569028,0.22265750201916493,0.26751825354205216,0.06681419683004831,0.4927218095668381,0,False,6,0,0,0,0,1340,1461,534,1092,875,941,0,226,1333,951,1088,320,1313,1541,7,1035,971,1191,19,1188,1140,690,1551,596,0.20125548775056532,0.11569174418714928,0.09195000693226034,0.11018108769388439,0.12593626155420595,0.1734572316252952,0.12404483280580522,0.17520526554317903,0.1302296815135396,0.13532362101556264,0.10568498045670686,0.10568498045670686,0.1333051314296922,0.1734572316252952,0.06576947350569028,0.10014582106878667,0.07745221372727049,0.12680921844592405,0.12476064896541626,0.12275476053404147,0.1219461236230876,0.22265750201916493,0.07745221372727049,0.16567708790268484,0.39521834762375596,0.2789477086634829,0.10761409705504811,0.202558819774594,0.24543961683880255,0.33200502761319284,0.25820641909370945,0.254641572932398,0.45860610321404605,0.25710776038749045,0.18189641628243733,0.18189641628243733,0.45166165876960157,0.33200502761319284,0.06681419683004831,0.18138465002380433,0.18345723411020673,0.23511993433220096,0.2564944738169465,0.4927218095668381,0.27981215325485076,0.3320931948782949,0.18345723411020673,0.27127821194166496
65,24,0.12802533995320242,0.06576947350569028,0.22265750201916493,0.26514436146033654,0.06681419683004831,0.4927218095668381,0,False,6,0,0,0,0,1340,1461,534,1092,875,941,0,226,1333,951,1088,320,1313,1541,7,1035,971,1191,19,1188,1582,1551,596,690,0.20125548775056532,0.11833326314607506,0.09195000693226034,0.11018108769388439,0.12760839768578397,0.1734572316252952,0.12404483280580522,0.17520526554317903,0.1302296815135396,0.13532362101556264,0.10568498045670686,0.10568498045670686,0.1333051314296922,0.1734572316252952,0.06576947350569028,0.09967115088277279,0.07712986856658158,0.12680921844592405,0.12476064896541626,0.12275476053404147,0.0791190411934458,0.0791190411934458,0.1690962538900232,0.22265750201916493,0.39521834762375596,0.2557020662748593,0.10761409705504811,0.202558819774594,0.224986315435569,0.33200502761319284,0.25820641909370945,0.254641572932398,0.45860610321404605,0.25710776038749045,0.18189641628243733,0.18189641628243733,0.45166165876960157,0.33200502761319284,0.06681419683004831,0.16626926252182062,0.1681691312676895,0.23511993433220096,0.2564944738169465,0.4927218095668381,0.2515024646010229,0.2515024646010229,0.24867169427985952,0.3320931948782949
66,24,0.12827430647038374,0.06339052537587887,0.22265750201916493,0.2609457502078224,0.06124634709421095,0.4927218095668381,0,False,6,0,0,0,0,1340,1461,534,1092,875,941,0,226,1333,951,1088,320,1313,1541,7,1035,971,1191,19,1188,1582,1551,596,690,0.20125548775056532,0.11833326314607506,0.08964266534136169,0.11018108769388439,0.12760839768578397,0.1734572316252952,0.12404483280580522,0.17520526554317903,0.1302296815135396,0.13532362101556264,0.10568498045670686,0.10568498045670686,0.14310694977042093,0.1734572316252952,0.06339052537587887,0.09877963984734087,0.07648066611051013,0.12680921844592405,0.12476064896541626,0.12275476053404147,0.0791190411934458,0.0791190411934458,0.1714966351738593,0.22265750201916493,0.39521834762375596,0.2557020662748593,0.0986462556337941,0.202558819774594,0.224986315435569,0.33200502761319284,0.25820641909370945,0.254641572932398,0.45860610321404605,0.25710776038749045,0.18189641628243733,0.18189641628243733,0.4140231872054681,0.33200502761319284,0.06124634709421095,0.15241349064500223,0.15415503699538205,0.23511993433220096,0.2564944738169465,0.4927218095668381,0.2515024646010229,0.2515024646010229,0.22794905308987123,0.3320931948782949
67,24,0.12436045021351609,0.061002417884809326,0.20125548775056532,0.26035076978993815,0.056142484836360036,0.4927218095668381,0,False,6,0,0,0,0,1340,1461,534,1092,875,941,0,226,1333,951,1609,1088,320,1313,1541,7,1035,971,1191,19,1188,1582,1551,596,0.20125548775056532,0.12335082975130363,0.08964266534136169,0.110311141649793,0.12760839768578397,0.1734572316252952,0.12404483280580522,0.17520526554317903,0.1302296815135396,0.13532362101556264,0.12335082975130363,0.10568498045670686,0.10568498045670686,0.14310694977042093,0.1734572316252952,0.061002417884809326,0.09877963984734087,0.07648066611051013,0.12680921844592405,0.12476064896541626,0.12275476053404147,0.08030581149736675,0.0791190411934458,0.1729244739029087,0.39521834762375596,0.3177268940852877,0.0986462556337941,0.18567891812671117,0.224986315435569,0.33200502761319284,0.25820641909370945,0.254641572932398,0.45860610321404605,0.25710776038749045,0.3177268940852877,0.18189641628243733,0.18189641628243733,0.4140231872054681,0.33200502761319284,0.056142484836360036,0.15241349064500223,0.15415503699538205,0.23511993433220096,0.2564944738169465,0.4927218095668381,0.23054392588427097,0.2515024646010229,0.2089532986657153
68,24,0.1242776178940519,0.05862041644603492,0.20125548775056532,0.2575301114924468,0.05146394443333003,0.4927218095668381,0,False,6,0,0,0,0,1340,1461,534,1092,875,941,0,226,1333,951,1609,1088,320,1313,1541,7,1035,971,1191,19,1188,1582,1551,596,0.20125548775056532,0.12754509185747082,0.08717398177603916,0.10992042197641747,0.12760839768578397,0.1734572316252952,0.12404483280580522,0.17520526554317903,0.1302296815135396,0.13532362101556264,0.12335082975130363,0.10568498045670686,0.10568498045670686,0.14310694977042093,0.1734572316252952,0.05862041644603492,0.09877963984734087,0.07553983301467443,0.12680921844592405,0.12476064896541626,0.12275476053404147,0.08030581149736675,0.0791190411934458,0.1729244739029087,0.39521834762375596,0.2912496529115137,0.09042573433097792,0.17020567494948524,0.224986315435569,0.33200502761319284,0.25820641909370945,0.254641572932398,0.45860610321404605,0.25710776038749045,0.3177268940852877,0.18189641628243733,0.18189641628243733,0.4140231872054681,0.33200502761319284,0.05146394443333003,0.15241349064500223,0.14130878391243354,0.23511993433220096,0.2564944738169465,0.4927218095668381,0.23054392588427097,0.2515024646010229,0.2089532986657153
69,24,0.12201218971136792,0.05625765684368495,0.21266483043542733,0.2603474573959253,0.047175282397219194,0.5037222612795422,0,False,7,0,0,0,0,1340,1461,1673,534,1092,875,941,0,226,1333,1664,951,1609,1088,320,1313,1541,7,1035,971,1191,19,1582,1551,0.21266483043542733,0.12754509185747082,0.07625988586532653,0.08457831713106011,0.10992042197641747,0.12760839768578397,0.1734572316252952,0.12404483280580522,0.17520526554317903,0.14369015101853502,0.14369015101853502,0.13532362101556264,0.12335082975130363,0.10568498045670686,0.10568498045670686,0.14310694977042093,0.1734572316252952,0.05625765684368495,0.09877963984734087,0.07625988586532653,0.12680921844592405,0.12476064896541626,0.08103329187285963,0.0791190411934458,0.3622834853217763,0.2912496529115137,0.2128663852530641,0.0828902564700631,0.17020567494948524,0.224986315435569,0.33200502761319284,0.25820641909370945,0.254641572932398,0.5037222612795422,0.5037222612795422,0.25710776038749045,0.3177268940852877,0.18189641628243733,0.18189641628243733,0.4140231872054681,0.33200502761319284,0.047175282397219194,0.15241349064500223,0.2128663852530641,0.23511993433220096,0.2564944738169465,0.2113319320605817,0.2515024646010229
70,24,0.12370521003984343,0.05625765684368495,0.21266483043542733,0.2613699504397797,0.047175282397219194,0.5037222612795422,0,False,7,0,0,0,0,1340,1461,1673,534,1092,875,941,0,226,1333,1694,1664,951,1609,1088,320,1313,1541,7,1035,1191,19,1582,1551,0.21266483043542733,0.13090754079107675,0.07657064662238024,0.08457831713106011,0.10992042197641747,0.12760839768578397,0.1734572316252952,0.12404483280580522,0.17798973770899218,0.14369015101853502,0.10791221073900863,0.14369015101853502,0.13532362101556264,0.12335082975130363,0.10568498045670686,0.10791221073900863,0.14310694977042093,0.1734572316252952,0.05625765684368495,0.09877963984734087,0.12680921844592405,0.12476064896541626,0.08132854274381554,0.0791190411934458,0.3622834853217763,0.2669788485022209,0.19512751981530874,0.0828902564700631,0.17020567494948524,0.224986315435569,0.33200502761319284,0.25820641909370945,0.23342144185469813,0.5037222612795422,0.25007171492556757,0.5037222612795422,0.25710776038749045,0.3177268940852877,0.18189641628243733,0.25007171492556757,0.4140231872054681,0.33200502761319284,0.047175282397219194,0.15241349064500223,0.23511993433220096,0.2564944738169465,0.1937209377221999,0.2515024646010229
71,24,0.12428077887255325,0.05392531561362066,0.21266483043542733,0.2664862065943315,0.04324400886411759,0.5037222612795422,0,False,8,0,0,0,0,1717,1340,1461,1673,534,1092,875,941,0,226,1333,1694,1664,951,1609,1088,320,1313,1541,7,1035,19,1582,1551,0.13083446872442028,0.21266483043542733,0.13090754079107675,0.07657064662238024,0.08188692452096308,0.10905741215959368,0.12760839768578397,0.18007396061122977,0.12404483280580522,0.17798973770899218,0.14369015101853502,0.10948698814348123,0.14369015101853502,0.13532362101556264,0.13083446872442028,0.10568498045670686,0.10791221073900863,0.14310694977042093,0.1734572316252952,0.05392531561362066,0.09877963984734087,0.12476064896541626,0.08132854274381554,0.0791190411934458,0.3745829862448471,0.3622834853217763,0.2669788485022209,0.19512751981530874,0.07598273509755783,0.1560218687036948,0.224986315435569,0.3043379419787601,0.25820641909370945,0.23342144185469813,0.5037222612795422,0.22923240534843692,0.5037222612795422,0.25710776038749045,0.3745829862448471,0.18189641628243733,0.25007171492556757,0.4140231872054681,0.33200502761319284,0.04324400886411759,0.15241349064500223,0.2564944738169465,0.1937209377221999,0.2515024646010229
72,24,0.12468280183155393,0.051632783819744,0.21266483043542733,0.263306047306797,0.03964034145877446,0.5037222612795422,0,False,8,0,0,0,0,1717,1340,1461,1673,534,1092,875,941,0,226,1333,1694,1664,951,1609,1088,320,1313,1541,7,1035,19,1582,1551,0.13745482131604228,0.21266483043542733,0.13090754079107675,0.07657064662238024,0.08188692452096308,0.10905741215959368,0.12760839768578397,0.1855000045209656,0.12404483280580522,0.17798973770899218,0.14369015101853502,0.10948698814348123,0.14369015101853502,0.13532362101556264,0.13083446872442028,0.10568498045670686,0.10791221073900863,0.14310694977042093,0.1734572316252952,0.051632783819744,0.09877963984734087,0.12476064896541626,0.0812232290523512,0.0791190411934458,0.3433677373911098,0.3622834853217763,0.2669788485022209,0.19512751981530874,0.07598273509755783,0.1560218687036948,0.224986315435569,0.2789764468138634,0.25820641909370945,0.23342144185469813,0.5037222612795422,0.22923240534843692,0.5037222612795422,0.25710776038749045,0.3745829862448471,0.18189641628243733,0.25007171492556757,0.4140231872054681,0.33200502761319284,0.03964034145877446,0.15241349064500223,0.2564944738169465,0.1775775262453499,0.2515024646010229
73,24,0.12184130745776883,0.05066154742975179,0.21266483043542733,0.256878597905801,0.07598273509755783,0.5037222612795422,0,False,8,0,0,0,0,1717,1340,1461,1673,534,1092,875,941,1771,0,226,1333,1694,1664,951,1609,1088,320,1313,1541,7,1035,1582,1551,0.1431530725397012,0.21266483043542733,0.13090754079107675,0.0765016276669169,0.08188692452096308,0.10777217138961225,0.12856410173791183,0.1855000045209656,0.05066154742975179,0.12404483280580522,0.17798973770899218,0.14369015101853502,0.10948698814348123,0.14369015101853502,0.13532362101556264,0.13083446872442028,0.10568498045670686,0.10948698814348123,0.14310694977042093,0.1734572316252952,0.05066154742975179,0.09877963984734087,0.0812232290523512,0.0791190411934458,0.314753759275184,0.3622834853217763,0.2669788485022209,0.178866893164033,0.07598273509755783,0.14302004631172024,0.20623745581593822,0.2789764468138634,0.1196703130038766,0.25820641909370945,0.23342144185469813,0.5037222612795422,0.22923240534843692,0.5037222612795422,0.25710776038749045,0.3745829862448471,0.18189641628243733,0.22923240534843692,0.4140231872054681,0.33200502761319284,0.1196703130038766,0.15241349064500223,0.1775775262453499,0.2515024646010229
74,24,0.12318940227010135,0.049557340949952726,0.21266483043542733,0.26170692032328835,0.06965084050609467,0.5037222612795422,0,False,8,0,0,0,0,1717,1340,1461,1673,534,1092,875,941,1771,0,226,1779,1664,951,1609,1088,320,1313,1541,1333,1694,1035,1582,1551,0.1431530725397012,0.21266483043542733,0.13090754079107675,0.07804758591798568,0.07912793492731884,0.10777217138961225,0.12856410173791183,0.18973694011792824,0.049557340949952726,0.12614211963681585,0.17798973770899218,0.07804758591798568,0.14369015101853502,0.13532362101556264,0.13083446872442028,0.10568498045670686,0.11043824054562888,0.14310694977042093,0.1734572316252952,0.14369015101853502,0.10948698814348123,0.09877963984734087,0.0812232290523512,0.0791190411934458,0.314753759275184,0.3622834853217763,0.2669788485022209,0.24729465206703027,0.06965084050609467,0.14302004631172024,0.20623745581593822,0.25572840957937476,0.10969778692022021,0.236689217502567,0.23342144185469813,0.24729465206703027,0.5037222612795422,0.25710776038749045,0.3745829862448471,0.18189641628243733,0.21012970490273383,0.4140231872054681,0.33200502761319284,0.5037222612795422,0.22923240534843692,0.15241349064500223,0.1775775262453499,0.2515024646010229
75,24,0.11932934658236476,0.04834198241001194,0.21266483043542733,0.2542737410901798,0.10055630467686852,0.5037222612795422,0,False,8,0,0,0,0,1717,1340,1461,1673,534,1092,875,941,1771,0,226,1779,1664,951,1609,1088,320,1313,1804,1333,1694,1035,1582,1551,0.1431530725397012,0.21266483043542733,0.13344835123017432,0.07912497473953882,0.07829486846203908,0.10777217138961225,0.12856410173791183,0.18973694011792824,0.04834198241001194,0.12614211963681585,0.17798973770899218,0.07804758591798568,0.14369015101853502,0.13532362101556264,0.13083446872442028,0.10568498045670686,0.11043824054562888,0.14310694977042093,0.07829486846203908,0.14369015101853502,0.11043824054562888,0.09877963984734087,0.0812232290523512,0.0791190411934458,0.314753759275184,0.3622834853217763,0.24473061112703584,0.22668676439477775,0.1471799371305868,0.14302004631172024,0.20623745581593822,0.25572840957937476,0.10055630467686852,0.236689217502567,0.23342144185469813,0.24729465206703027,0.5037222612795422,0.25710776038749045,0.3745829862448471,0.18189641628243733,0.21012970490273383,0.4140231872054681,0.1471799371305868,0.5037222612795422,0.21012970490273383,0.15241349064500223,0.1775775262453499,0.2515024646010229
76,24,0.11933600658879788,0.04703584189906459,0.21266483043542733,0.24841707174655292,0.09217661262046281,0.5037222612795422,0,False,8,0,0,0,0,1717,1340,1461,1673,534,1092,875,941,1771,0,226,1779,1664,951,1609,1088,320,1313,1804,1333,1694,1035,1582,1551,0.1431530725397012,0.21266483043542733,0.1351933798242315,0.07975554660934915,0.07718078434336857,0.10611493241481572,0.12856410173791183,0.18973694011792824,0.04703584189906459,0.12614211963681585,0.17798973770899218,0.07804758591798568,0.14369015101853502,0.13756926367472624,0.13083446872442028,0.10568498045670686,0.11080331292285314,0.14310694977042093,0.07718078434336857,0.14369015101853502,0.11080331292285314,0.09877963984734087,0.0812232290523512,0.0791190411934458,0.314753759275184,0.3622834853217763,0.22433639353311619,0.20779620069521293,0.13491494236970455,0.1311017091190769,0.20623745581593822,0.25572840957937476,0.09217661262046281,0.236689217502567,0.23342144185469813,0.24729465206703027,0.5037222612795422,0.2356821136885329,0.3745829862448471,0.18189641628243733,0.19261889616083933,0.4140231872054681,0.13491494236970455,0.5037222612795422,0.19261889616083933,0.15241349064500223,0.1775775262453499,0.2515024646010229
77,24,0.11805194236095658,0.04565770310537853,0.21266483043542733,0.253317694653782,0.08449522823542424,0.5037222612795422,0,False,8,0,0,0,0,1717,1340,1461,1673,534,1092,875,941,1771,0,226,1779,1664,951,1609,1088,320,1313,1804,1333,1035,1859,1582,1551,0.1431530725397012,0.21266483043542733,0.1351933798242315,0.07975554660934915,0.07582163234050339,0.10611493241481572,0.12884854621910632,0.18973694011792824,0.04565770310537853,0.12614211963681585,0.17798973770899218,0.08116560098172339,0.14369015101853502,0.13756926367472624,0.13083446872442028,0.10519913418412966,0.11080331292285314,0.14310694977042093,0.07582163234050339,0.14369015101853502,0.09877963984734087,0.08116560098172339,0.0812232290523512,0.0791190411934458,0.314753759275184,0.3622834853217763,0.22433639353311619,0.20779620069521293,0.1236720305055625,0.1311017091190769,0.18905100116461002,0.25572840957937476,0.08449522823542424,0.236689217502567,0.23342144185469813,0.3100200977281111,0.5037222612795422,0.2356821136885329,0.3745829862448471,0.16673838159223422,0.19261889616083933,0.4140231872054681,0.1236720305055625,0.5037222612795422,0.15241349064500223,0.3100200977281111,0.1775775262453499,0.2515024646010229
78,24,0.11821468998733087,0.04565770310537853,0.21266483043542733,0.2502550577302616,0.08449522823542424,0.5037222612795422,0,False,8,0,0,0,0,1717,1340,1461,1673,534,1092,875,941,1771,0,226,1779,1664,951,1609,1088,320,1313,1804,1333,1035,1859,1582,1551,0.1431530725397012,0.21266483043542733,0.1351933798242315,0.07975554660934915,0.07582163234050339,0.10611493241481572,0.12884854621910632,0.19281104440753144,0.04565770310537853,0.12614211963681585,0.17798973770899218,0.08116560098172339,0.14369015101853502,0.13756926367472624,0.13083446872442028,0.10519913418412966,0.11062567935201421,0.14310694977042093,0.07425222199629002,0.14369015101853502,0.09877963984734087,0.08374448364015588,0.0812232290523512,0.0791190411934458,0.314753759275184,0.3622834853217763,0.22433639353311619,0.20779620069521293,0.1236720305055625,0.1311017091190769,0.18905100116461002,0.23441770878109353,0.08449522823542424,0.236689217502567,0.23342144185469813,0.3100200977281111,0.5037222612795422,0.2356821136885329,0.3745829862448471,0.16673838159223422,0.17656732148076937,0.4140231872054681,0.11336602796343229,0.5037222612795422,0.15241349064500223,0.2841850895841018,0.1775775262453499,0.2515024646010229
79,24,0.11816075019534773,0.04422469164079847,0.21266483043542733,0.24660928678878205,0.07745395921580556,0.5037222612795422,0,False,8,0,0,0,0,1717,1340,1461,1673,534,1092,875,941,1771,0,226,1779,1664,951,1609,1088,320,1313,1804,1333,1035,1859,1582,1551,0.1431530725397012,0.21266483043542733,0.1351933798242315,0.07975554660934915,0.07582163234050339,0.10413496902361727,0.12884854621910632,0.19281104440753144,0.04422469164079847,0.12614211963681585,0.17974693708050088,0.08374448364015588,0.14369015101853502,0.13756926367472624,0.13083446872442028,0.10519913418412966,0.11062567935201421,0.14310694977042093,0.07250569657626682,0.14369015101853502,0.09877963984734087,0.08374448364015588,0.0807520922906161,0.0791190411934458,0.314753759275184,0.3622834853217763,0.22433639353311619,0.20779620069521293,0.1236720305055625,0.12017656669248715,0.18905100116461002,0.23441770878109353,0.07745395921580556,0.236689217502567,0.21396965503347326,0.2841850895841018,0.5037222612795422,0.2356821136885329,0.3745829862448471,0.16673838159223422,0.17656732148076937,0.4140231872054681,0.1039188589664796,0.5037222612795422,0.15241349064500223,0.2841850895841018,0.1627793990582374,0.2515024646010229
80,24,0.11870498206853686,0.042752257123542144,0.21266483043542733,0.24294813293029574,0.07099946261448842,0.5037222612795422,0,False,8,0,0,0,0,1717,1340,1461,1673,534,1092,875,941,1771,0,226,1779,1664,951,1609,1088,320,1313,1804,1333,1035,1859,1582,1551,0.1431530725397012,0.21266483043542733,0.1351933798242315,0.07975554660934915,0.07582163234050339,0.10413496902361727,0.12851349056788114,0.19281104440753144,0.042752257123542144,0.12614211963681585,0.17974693708050088,0.08578231655673196,0.1565213732269794,0.13756926367472624,0.13083446872442028,0.10519913418412966,0.11062567935201421,0.14310694977042093,0.07250569657626682,0.14369015101853502,0.09877963984734087,0.08374448364015588,0.0807520922906161,0.0791190411934458,0.314753759275184,0.3622834853217763,0.22433639353311619,0.20779620069521293,0.1236720305055625,0.12017656669248715,0.17329675106755918,0.23441770878109353,0.07099946261448842,0.236689217502567,0.21396965503347326,0.26050299878542665,0.4617454061729137,0.2356821136885329,0.3745829862448471,0.16673838159223422,0.17656732148076937,0.4140231872054681,0.1039188589664796,0.5037222612795422,0.15241349064500223,0.2841850895841018,0.1627793990582374,0.2515024646010229
81,24,0.11936290259995887,0.042752257123542144,0.22265750201916493,0.2386435836043317,0.07099946261448842,0.5037222612795422,0,False,8,0,0,0,0,1717,1340,1461,1673,534,1092,875,941,1771,0,226,1779,1664,951,1609,1088,320,1313,1804,1333,1035,1859,1582,1551,0.14789745115511335,0.22265750201916493,0.13618109803467235,0.07975554660934915,0.07582163234050339,0.10413496902361727,0.12851349056788114,0.19476890886488804,0.042752257123542144,0.12614211963681585,0.17974693708050088,0.08578231655673196,0.1565213732269794,0.13756926367472624,0.13083446872442028,0.10519913418412966,0.11062567935201421,0.14310694977042093,0.07061315646344826,0.14369015101853502,0.09877963984734087,0.08374448364015588,0.0807520922906161,0.0791190411934458,0.28852427933558533,0.3320931948782949,0.20564169407202315,0.20779620069521293,0.1236720305055625,0.12017656669248715,0.17329675106755918,0.21488289971600238,0.07099946261448842,0.236689217502567,0.21396965503347326,0.26050299878542665,0.4617454061729137,0.2356821136885329,0.3745829862448471,0.16673838159223422,0.17656732148076937,0.4140231872054681,0.09525895405260629,0.5037222612795422,0.15241349064500223,0.2841850895841018,0.1627793990582374,0.2515024646010229
82,24,0.12003211912780698,0.042752257123542144,0.22265750201916493,0.2360434447549772,0.07099946261448842,0.4617454061729137,0,False,8,0,0,0,0,1717,1340,1461,1673,534,1092,875,941,1771,0,226,1779,1664,951,1609,1088,320,1313,1804,1333,1035,1991,1582,1551,0.15168061511852318,0.22265750201916493,0.13618109803467235,0.07996690889066307,0.07582163234050339,0.10187971446073278,0.12851349056788114,0.1956730836256811,0.042752257123542144,0.12614211963681585,0.17974693708050088,0.08728881116368582,0.1565213732269794,0.13756926367472624,0.13083446872442028,0.10519913418412966,0.11062567935201421,0.14310694977042093,0.06860341063202587,0.1565213732269794,0.09877963984734087,0.08237689141721367,0.07995161353153683,0.08237689141721367,0.2644805893909532,0.3320931948782949,0.20564169407202315,0.1904798506372785,0.1236720305055625,0.11016185280144655,0.17329675106755918,0.1969759914063355,0.07099946261448842,0.236689217502567,0.21396965503347326,0.23879441555330774,0.4617454061729137,0.2356821136885329,0.3745829862448471,0.16673838159223422,0.17656732148076937,0.4140231872054681,0.08732070788155576,0.4617454061729137,0.15241349064500223,0.31387725921760434,0.1492144491367176,0.31387725921760434
83,24,0.11988217598563489,0.04125419729462941,0.22265750201916493,0.23549372194075482,0.06508284072994772,0.4617454061729137,0,False,8,0,0,0,0,1717,1340,1461,1673,534,1092,875,941,1771,0,226,1779,1664,951,1609,1088,320,1313,1804,1333,1035,1991,1582,1551,0.15168061511852318,0.22265750201916493,0.13618109803467235,0.07996690889066307,0.07582163234050339,0.10187971446073278,0.12851349056788114,0.1956730836256811,0.04125419729462941,0.12614211963681585,0.17974693708050088,0.08728881116368582,0.1565213732269794,0.13756926367472624,0.13083446872442028,0.10519913418412966,0.11062567935201421,0.14310694977042093,0.0665028350488082,0.1565213732269794,0.09877963984734087,0.08237689141721367,0.07995161353153683,0.08237689141721367,0.2644805893909532,0.3320931948782949,0.20564169407202315,0.1904798506372785,0.1236720305055625,0.11016185280144655,0.17329675106755918,0.1969759914063355,0.06508284072994772,0.236689217502567,0.21396965503347326,0.23879441555330774,0.4617454061729137,0.2356821136885329,0.3745829862448471,0.16673838159223422,0.17656732148076937,0.4140231872054681,0.08004398222475945,0.4617454061729137,0.15241349064500223,0.31387725921760434,0.1492144491367176,0.31387725921760434
84,24,0.11941206312682147,0.039742713902111426,0.22265750201916493,0.24392183247777935,0.05965927066911874,0.4617454061729137,0,False,9,0,0,0,0,1717,1340,1461,1673,534,1092,875,2037,941,1771,0,226,1779,1664,951,1609,1088,320,1313,1804,1333,1991,1582,1551,0.15168061511852318,0.22265750201916493,0.13618109803467235,0.07996690889066307,0.07582163234050339,0.0993941054708298,0.12851349056788114,0.08728049878834164,0.1956730836256811,0.039742713902111426,0.1275041031885004,0.18053518985722916,0.08728881116368582,0.1565213732269794,0.13756926367472624,0.13083446872442028,0.10519913418412966,0.10995287749828353,0.14310694977042093,0.06433531803289659,0.1565213732269794,0.08728049878834164,0.07995161353153683,0.08237689141721367,0.2644805893909532,0.3320931948782949,0.20564169407202315,0.1904798506372785,0.1236720305055625,0.10098169840132601,0.17329675106755918,0.37105415428280397,0.1969759914063355,0.05965927066911874,0.21696511604401975,0.1961388504473505,0.23879441555330774,0.4617454061729137,0.2356821136885329,0.3745829862448471,0.16673838159223422,0.16185337802403857,0.4140231872054681,0.07337365037269615,0.4617454061729137,0.37105415428280397,0.1492144491367176,0.31387725921760434
85,24,0.1202815450097608,0.038228491579823005,0.22265750201916493,0.2334908797578822,0.054687664780025506,0.4617454061729137,0,False,9,0,0,0,0,1717,1340,1461,1673,534,1092,875,2037,941,1771,0,226,1779,1664,951,1609,1088,320,1313,1804,1333,1991,1582,1551,0.15168061511852318,0.22265750201916493,0.1364596222014383,0.07979089098487009,0.07425222199629002,0.09672012328455493,0.12851349056788114,0.09160638924450301,0.1956730836256811,0.038228491579823005,0.1275041031885004,0.18042356040278323,0.08728881116368582,0.1565213732269794,0.13756926367472624,0.13745482131604228,0.10519913418412966,0.10883470510954903,0.14310694977042093,0.06212227438764891,0.16850551566488994,0.09160638924450301,0.07995161353153683,0.0850861347461342,0.2644805893909532,0.3320931948782949,0.18850488623268788,0.17460652975083862,0.11336602796343229,0.09256655686788218,0.17329675106755918,0.340132974759237,0.1969759914063355,0.054687664780025506,0.21696511604401975,0.1797939462434046,0.23879441555330774,0.4617454061729137,0.2356821136885329,0.3433677373911098,0.16673838159223422,0.14836559652203535,0.4140231872054681,0.0672591795083048,0.42326662232517087,0.340132974759237,0.1492144491367176,0.28772082094947066
86,24,0.11993447405843634,0.03672079238871987,0.22265750201916493,0.2271074093578782,0.05013035938169005,0.4617454061729137,0,False,9,0,0,0,0,1717,1340,1461,1673,534,1092,875,2037,941,1771,0,226,1779,1664,951,1609,1088,320,1313,1804,1333,2086,1582,1551,0.15168061511852318,0.22265750201916493,0.1364596222014383,0.07926207681078795,0.07425222199629002,0.09672012328455493,0.12761494202031146,0.09160638924450301,0.19559795187113024,0.03672079238871987,0.1275041031885004,0.18042356040278323,0.08828332815447673,0.1565213732269794,0.13756926367472624,0.1431530725397012,0.10519913418412966,0.10883470510954903,0.14310694977042093,0.05988271222276873,0.16850551566488994,0.08089264378099428,0.08089264378099428,0.0850861347461342,0.2644805893909532,0.3320931948782949,0.18850488623268788,0.1600559856049354,0.11336602796343229,0.09256655686788218,0.15885535514526258,0.340132974759237,0.18056132545580755,0.05013035938169005,0.21696511604401975,0.1797939462434046,0.21889488092386541,0.4617454061729137,0.2356821136885329,0.314753759275184,0.16673838159223422,0.14836559652203535,0.4140231872054681,0.061654247882612735,0.42326662232517087,0.22011324504199115,0.22011324504199115,0.28772082094947066
87,24,0.12022567677681102,0.035227560024790903,0.22265750201916493,0.22225409613249916,0.045952829433215873,0.4617454061729137,0,False,9,0,0,0,0,1717,1340,1461,1673,534,1092,875,2037,941,1771,0,226,1779,1664,951,1609,1088,320,1313,1804,1333,2086,1582,1551,0.15168061511852318,0.22265750201916493,0.1364596222014383,0.07926207681078795,0.07425222199629002,0.09672012328455493,0.12761494202031146,0.09160638924450301,0.19559795187113024,0.035227560024790903,0.12817074396606243,0.18042356040278323,0.08879288827593802,0.1565213732269794,0.13756926367472624,0.1431530725397012,0.10519913418412966,0.10732169436146712,0.152018393524754,0.05763333860010868,0.16850551566488994,0.08089264378099428,0.08089264378099428,0.08724297206844106,0.2644805893909532,0.3320931948782949,0.18850488623268788,0.1600559856049354,0.11336602796343229,0.09256655686788218,0.15885535514526258,0.340132974759237,0.18056132545580755,0.045952829433215873,0.1988846897070181,0.1797939462434046,0.20065364084687662,0.4617454061729137,0.2356821136885329,0.314753759275184,0.16673838159223422,0.13600179681186572,0.37952125493834576,0.056516393892395,0.42326662232517087,0.22011324504199115,0.22011324504199115,0.2637440858703481
88,24,0.1207624887401816,0.033755528897323084,0.22265750201916493,0.21690277868213373,0.04212342698044788,0.4617454061729137,0,False,9,0,0,0,0,1717,1340,1461,1673,534,1092,875,2037,941,1771,0,226,1779,1664,951,1609,1088,320,1313,1804,1333,2086,1582,1551,0.15168061511852318,0.22265750201916493,0.13608395746469434,0.07926207681078795,0.07425222199629002,0.09389650192307135,0.12761494202031146,0.09531757316134618,0.19559795187113024,0.033755528897323084,0.12817074396606243,0.18042356040278323,0.08879288827593802,0.1565213732269794,0.13756926367472624,0.14789745115511335,0.10519913418412966,0.10546386197149576,0.152018393524754,0.05763333860010868,0.1794625898691954,0.08089264378099428,0.08089264378099428,0.08724297206844106,0.2644805893909532,0.3320931948782949,0.1727961457132972,0.1600559856049354,0.11336602796343229,0.084852677128892,0.15885535514526258,0.31178856019596723,0.18056132545580755,0.04212342698044788,0.1988846897070181,0.1797939462434046,0.20065364084687662,0.4617454061729137,0.2356821136885329,0.28852427933558533,0.16673838159223422,0.12466831374421024,0.37952125493834576,0.056516393892395,0.38799440379807326,0.22011324504199115,0.22011324504199115,0.2637440858703481
89,24,0.12114655725138306,0.03231033433144057,0.22265750201916493,0.21323321545465604,0.03861314139874389,0.42326662232517087,0,False,9,0,0,0,0,1717,1340,1461,1673,534,1092,875,2037,941,1771,0,226,1779,1664,951,1609,1088,320,1313,1804,1333,2086,1582,1551,0.15168061511852318,0.22265750201916493,0.13511353087282918,0.07841652869597006,0.07425222199629002,0.09389650192307135,0.12761494202031146,0.09531757316134618,0.19559795187113024,0.03231033433144057,0.12817074396606243,0.18042356040278323,0.08879288827593802,0.16850551566488994,0.13756926367472624,0.14789745115511335,0.10519913418412966,0.10546386197149576,0.152018393524754,0.05763333860010868,0.1794625898691954,0.08089264378099428,0.08138731488448447,0.08724297206844106,0.2644805893909532,0.3320931948782949,0.15839646690385578,0.1467179868045241,0.11336602796343229,0.084852677128892,0.15885535514526258,0.31178856019596723,0.18056132545580755,0.03861314139874389,0.1988846897070181,0.1797939462434046,0.20065364084687662,0.42326662232517087,0.2356821136885329,0.28852427933558533,0.16673838159223422,0.12466831374421024,0.37952125493834576,0.056516393892395,0.38799440379807326,0.22011324504199115,0.2017704746218252,0.2637440858703481
90,24,0.12087360131445944,0.030896621047932664,0.22265750201916493,0.209771803394064,0.03539537961551523,0.42326662232517087,0,False,9,0,0,0,0,1717,1340,1461,1673,534,1092,875,2037,941,1771,0,226,1779,1664,951,1609,1088,320,1313,1804,1333,2086,1582,1551,0.15168061511852318,0.22265750201916493,0.13511353087282918,0.07841652869597006,0.07425222199629002,0.09095857499837351,0.12761494202031146,0.09839483399276798,0.19559795187113024,0.030896621047932664,0.12817074396606243,0.17948840271006716,0.08885027082676676,0.16850551566488994,0.13756926367472624,0.14789745115511335,0.10519913418412966,0.10330972028597249,0.152018393524754,0.05538869231813627,0.1794625898691954,0.08089264378099428,0.08138731488448447,0.08724297206844106,0.2644805893909532,0.3320931948782949,0.15839646690385578,0.1467179868045241,0.11336602796343229,0.07778162070148432,0.15885535514526258,0.2858061801796366,0.18056132545580755,0.03539537961551523,0.1988846897070181,0.16481111738978754,0.18393250410963688,0.42326662232517087,0.2356821136885329,0.28852427933558533,0.16673838159223422,0.11427928759885939,0.37952125493834576,0.05180669440136208,0.38799440379807326,0.22011324504199115,0.2017704746218252,0.2637440858703481
91,24,0.12013318028130003,0.030896621047932664,0.22265750201916493,0.21538469625279055,0.03539537961551523,0.42326662232517087,0,False,9,0,0,0,0,1717,1340,1461,1673,534,1092,875,2037,941,1771,0,226,1779,1664,951,1609,1088,2206,2189,1804,1333,2086,1582,1313,0.15168061511852318,0.22265750201916493,0.13361005442823332,0.07729071222825579,0.07425222199629002,0.0902061535828101,0.12761494202031146,0.10083494186306045,0.19559795187113024,0.030896621047932664,0.12817074396606243,0.17948840271006716,0.08885027082676676,0.16850551566488994,0.13756926367472624,0.14789745115511335,0.10519913418412966,0.08356637671770037,0.0902061535828101,0.05316129420057844,0.1794625898691954,0.08089264378099428,0.08356637671770037,0.152018393524754,0.2644805893909532,0.3320931948782949,0.14519676132853446,0.13449148790414708,0.11336602796343229,0.154633152309694,0.15885535514526258,0.2619889984980002,0.18056132545580755,0.03539537961551523,0.1988846897070181,0.16481111738978754,0.18393250410963688,0.42326662232517087,0.2356821136885329,0.28852427933558533,0.16673838159223422,0.2682896017366731,0.154633152309694,0.04748946986791524,0.38799440379807326,0.22011324504199115,0.2682896017366731,0.37952125493834576
92,24,0.12000290039458006,0.02951814782804911,0.22265750201916493,0.2109798636237553,0.03244576464755562,0.42326662232517087,0,False,9,0,0,0,0,1717,1340,1461,1673,534,1092,875,2037,941,1771,0,226,1779,1664,951,1609,1088,2206,2189,1804,1333,2086,1582,1313,0.15451645450013043,0.22265750201916493,0.1316357314648939,0.07729071222825579,0.07250569657626682,0.0902061535828101,0.12761494202031146,0.10264850335707841,0.19462597129766804,0.02951814782804911,0.12817074396606243,0.17948840271006716,0.08885027082676676,0.16850551566488994,0.13756926367472624,0.14789745115511335,0.10519913418412966,0.08356637671770037,0.0902061535828101,0.05096180711689209,0.1794625898691954,0.08138731488448447,0.08356637671770037,0.152018393524754,0.24244054027504042,0.3320931948782949,0.13309703121782324,0.13449148790414708,0.1039188589664796,0.154633152309694,0.15885535514526258,0.2401565819565002,0.16551454833449025,0.03244576464755562,0.1988846897070181,0.16481111738978754,0.18393250410963688,0.42326662232517087,0.2356821136885329,0.28852427933558533,0.16673838159223422,0.2682896017366731,0.154633152309694,0.043532014045588964,0.38799440379807326,0.2017704746218252,0.2682896017366731,0.37952125493834576
93,24,0.12035390193272366,0.028177886892712906,0.22265750201916493,0.20712010861098454,0.029741950926925987,0.38799440379807326,0,False,9,0,0,0,0,1717,1340,1461,1673,534,1092,875,2037,941,1771,0,226,1779,1664,951,1609,1088,2206,2189,1804,1333,2086,1582,1313,0.15451645450013043,0.22265750201916493,0.1316357314648939,0.07729071222825579,0.07061315646344826,0.0902061535828101,0.12761494202031146,0.1038576371077708,0.19462597129766804,0.028177886892712906,0.12817074396606243,0.17948840271006716,0.08885027082676676,0.1794625898691954,0.13756926367472624,0.14789745115511335,0.10519913418412966,0.08356637671770037,0.0902061535828101,0.048799199607155945,0.1794625898691954,0.08138731488448447,0.08521961423603971,0.152018393524754,0.24244054027504042,0.3320931948782949,0.13309703121782324,0.13449148790414708,0.09525895405260629,0.154633152309694,0.15885535514526258,0.22014353346012516,0.16551454833449025,0.029741950926925987,0.1988846897070181,0.16481111738978754,0.18393250410963688,0.38799440379807326,0.2356821136885329,0.28852427933558533,0.16673838159223422,0.2682896017366731,0.154633152309694,0.03990434620845655,0.38799440379807326,0.2017704746218252,0.24593213492528365,0.37952125493834576
94,24,0.12007132276118072,0.02687811702863291,0.22265750201916493,0.20383045973816252,0.02726345501634882,0.38799440379807326,0,False,9,0,0,0,0,1717,1340,1461,1673,534,1092,875,2037,941,1771,0,226,1779,1664,951,1609,1088,2206,2189,1804,1333,2086,1582,1313,0.15451645450013043,0.22265750201916493,0.1316357314648939,0.0759206191877878,0.07061315646344826,0.0902061535828101,0.12621112718293173,0.1038576371077708,0.19462597129766804,0.02687811702863291,0.12817074396606243,0.17781032896976856,0.08849226783609052,0.1794625898691954,0.13901540923409852,0.14789745115511335,0.10519913418412966,0.08356637671770037,0.0902061535828101,0.04668090840365616,0.1794625898691954,0.08138731488448447,0.08521961423603971,0.152018393524754,0.24244054027504042,0.3320931948782949,0.13309703121782324,0.12328386391213482,0.09525895405260629,0.154633152309694,0.14561740888315736,0.22014353346012516,0.16551454833449025,0.02726345501634882,0.1988846897070181,0.15107685760730524,0.1686047954338338,0.38799440379807326,0.2160419375478218,0.28852427933558533,0.16673838159223422,0.2682896017366731,0.154633152309694,0.036578984024418504,0.38799440379807326,0.2017704746218252,0.24593213492528365,0.37952125493834576
95,24,0.11977140276682087,0.025620509893226544,0.22265750201916493,0.20126529151665143,0.024991500431653085,0.38799440379807326,0,False,9,0,0,0,0,1717,1340,1461,1673,534,1092,875,2037,941,1771,0,226,1779,1664,951,1609,1088,2206,2189,1804,1333,2086,1582,1313,0.15451645450013043,0.22265750201916493,0.1316357314648939,0.07434107694941426,0.07061315646344826,0.08910840758569266,0.12621112718293173,0.1038576371077708,0.19462597129766804,0.025620509893226544,0.12817074396606243,0.17547162830513155,0.08849226783609052,0.1794625898691954,0.13901540923409852,0.14789745115511335,0.10519913418412966,0.08356637671770037,0.0902061535828101,0.04461299634178605,0.1794625898691954,0.08138731488448447,0.08636304246880769,0.152018393524754,0.24244054027504042,0.3320931948782949,0.13309703121782324,0.11301020858612358,0.09525895405260629,0.14174705628388615,0.14561740888315736,0.22014353346012516,0.16551454833449025,0.024991500431653085,0.1988846897070181,0.13848711947336315,0.1686047954338338,0.38799440379807326,0.2160419375478218,0.28852427933558533,0.16673838159223422,0.2682896017366731,0.154633152309694,0.03353073535571696,0.38799440379807326,0.2017704746218252,0.22543779034817668,0.37952125493834576
96,24,0.11988799279313278,0.024406209241091603,0.23115674121149554,0.19568253358626952,0.022908875395681993,0.38799440379807326,0,False,9,0,0,0,0,1717,1340,1461,1673,534,1092,875,2037,941,1771,0,226,1779,1664,951,1609,1088,2206,2189,1804,1333,2086,1582,1313,0.15451645450013043,0.23115674121149554,0.12925179934368636,0.07258522714908762,0.06860341063202587,0.08770688794865697,0.12621112718293173,0.10449362919314714,0.19462597129766804,0.024406209241091603,0.12817074396606243,0.17547162830513155,0.08849226783609052,0.1794625898691954,0.13901540923409852,0.15168061511852318,0.10519913418412966,0.08356637671770037,0.0902061535828101,0.04260030314873882,0.1794625898691954,0.08138731488448447,0.08702084909435091,0.152018393524754,0.24244054027504042,0.3044187619717703,0.1220056119496713,0.10359269120394661,0.08732070788155576,0.1299348015935623,0.14561740888315736,0.20179823900511473,0.16551454833449025,0.022908875395681993,0.1988846897070181,0.13848711947336315,0.1686047954338338,0.38799440379807326,0.2160419375478218,0.2644805893909532,0.16673838159223422,0.2682896017366731,0.154633152309694,0.030736507409407213,0.38799440379807326,0.2017704746218252,0.20665130781916194,0.37952125493834576
97,24,0.11622989805198387,0.023235903051161327,0.23812741761042874,0.19035219874123777,0.020999802446041826,0.38799440379807326,0,False,11,0,0,0,0,2333,1717,1340,2350,1461,1673,534,1092,875,2037,941,1771,0,226,1779,1664,951,1609,1088,2206,2189,1804,2086,1313,0.08826128994696592,0.15451645450013043,0.23812741761042874,0.08947297663809636,0.12925179934368636,0.07068415333369335,0.0665028350488082,0.08826128994696592,0.12621112718293173,0.10449362919314714,0.19462597129766804,0.023235903051161327,0.12817074396606243,0.17547162830513155,0.08849226783609052,0.1794625898691954,0.13901540923409852,0.15168061511852318,0.10519913418412966,0.08521961423603971,0.08910840758569266,0.04064658740972769,0.08138731488448447,0.152018393524754,0.20244023479409878,0.24244054027504042,0.2790505318074561,0.2727636988342318,0.1220056119496713,0.09495996693695105,0.08004398222475945,0.20244023479409878,0.14561740888315736,0.20179823900511473,0.16551454833449025,0.020999802446041826,0.1988846897070181,0.13848711947336315,0.1686047954338338,0.38799440379807326,0.2160419375478218,0.2644805893909532,0.16673838159223422,0.24593213492528365,0.14174705628388615,0.02817513179195661,0.2017704746218252,0.37952125493834576
98,24,0.11400819584966253,0.02268010082247609,0.23812741761042874,0.2028393987205012,0.07337365037269615,0.38799440379807326,0,False,11,0,0,0,0,2333,1717,1340,2350,1461,1673,534,1092,875,2037,941,2355,1779,1664,951,1609,1088,2206,2189,1771,226,2363,2086,1313,0.08836253553915406,0.15451645450013043,0.23812741761042874,0.09371358302606411,0.12925179934368636,0.07068415333369335,0.06433531803289659,0.08826128994696592,0.12621112718293173,0.10449362919314714,0.19284436490846724,0.09371358302606411,0.0877581361612697,0.1794625898691954,0.13901540923409852,0.15168061511852318,0.10519913418412966,0.08521961423603971,0.08910840758569266,0.02268010082247609,0.17547162830513155,0.02268010082247609,0.08138731488448447,0.152018393524754,0.18557021522792388,0.24244054027504042,0.2790505318074561,0.3333667239313791,0.1220056119496713,0.09495996693695105,0.07337365037269615,0.20244023479409878,0.14561740888315736,0.20179823900511473,0.15172166930661607,0.3333667239313791,0.15455439581434766,0.38799440379807326,0.2160419375478218,0.2644805893909532,0.16673838159223422,0.24593213492528365,0.14174705628388615,0.10258315224220502,0.13848711947336315,0.10258315224220502,0.2017704746218252,0.37952125493834576
99,24,0.1141440186864402,0.02207984385937047,0.23812741761042874,0.1949354863813739,0.07337365037269615,0.38799440379807326,0,False,11,0,0,0,0,2333,1717,1340,2350,1461,1673,534,1092,875,2037,941,2355,1779,1664,951,1609,1088,2206,2189,1771,226,2363,2086,1313,0.08804687655980595,0.1564366031484966,0.23812741761042874,0.09371358302606411,0.12925179934368636,0.06866663617061428,0.06433531803289659,0.08836253553915406,0.1243607877082499,0.1045946853718611,0.19284436490846724,0.0973255102374936,0.086688268542181,0.1794625898691954,0.13901540923409852,0.15451645450013043,0.10519913418412966,0.08636304246880769,0.08910840758569266,0.02207984385937047,0.17547162830513155,0.02207984385937047,0.08138731488448447,0.152018393524754,0.1701060306255969,0.22223716191878704,0.2790505318074561,0.3333667239313791,0.1220056119496713,0.08704663635887179,0.07337365037269615,0.18557021522792388,0.1334826248095609,0.18498171908802183,0.15172166930661607,0.30558616360376417,0.14167486282981867,0.38799440379807326,0.2160419375478218,0.24244054027504042,0.16673838159223422,0.22543779034817668,0.14174705628388615,0.09403455622202127,0.13848711947336315,0.09403455622202127,0.2017704746218252,0.37952125493834576
100,24,0.113784643244571,0.02144406628183555,0.23812741761042874,0.1910550699450124,0.07337365037269615,0.38799440379807326,0,False,11,0,0,0,0,2333,1717,1340,2350,1461,1673,534,1092,875,2037,941,2355,1779,1664,951,1609,1088,2206,2189,1771,226,2363,2086,1313,0.08735316281101488,0.1564366031484966,0.23812741761042874,0.09371358302606411,0.12925179934368636,0.0665590150517299,0.06433531803289659,0.08836253553915406,0.1243607877082499,0.1045946853718611,0.19284436490846724,0.0973255102374936,0.08532308814293768,0.1794625898691954,0.13901540923409852,0.15451645450013043,0.1042718780560675,0.08702084909435091,0.08910840758569266,0.02144406628183555,0.17255413762477786,0.02144406628183555,0.08138731488448447,0.152018393524754,0.15593052807346383,0.22223716191878704,0.2790505318074561,0.3333667239313791,0.1220056119496713,0.07979274999563248,0.07337365037269615,0.18557021522792388,0.1334826248095609,0.18498171908802183,0.15172166930661607,0.30558616360376417,0.12986862426066711,0.38799440379807326,0.2160419375478218,0.24244054027504042,0.15284351645954802,0.20665130781916194,0.14174705628388615,0.08619834320351949,0.12694652618391622,0.08619834320351949,0.2017704746218252,0.37952125493834576
101,24,0.11355671925447365,0.020780934146119052,0.23812741761042874,0.18639385882359247,0.0672591795083048,0.38799440379807326,0,False,11,0,0,0,0,2333,1717,1340,2350,1461,1673,534,1092,875,2037,941,2355,1779,1664,951,1609,1088,2206,2189,1771,226,2363,2086,1313,0.08735316281101488,0.1564366031484966,0.23812741761042874,0.0973255102374936,0.12651738724748243,0.06438513613822407,0.06212227438764891,0.08804687655980595,0.12212179399185694,0.1045946853718611,0.19284436490846724,0.0973255102374936,0.08532308814293768,0.1794625898691954,0.13901540923409852,0.1564366031484966,0.1042718780560675,0.08702084909435091,0.08910840758569266,0.020780934146119052,0.17255413762477786,0.020780934146119052,0.08138731488448447,0.152018393524754,0.15593052807346383,0.22223716191878704,0.2790505318074561,0.30558616360376417,0.11183847762053202,0.0731433541626631,0.0672591795083048,0.1701060306255969,0.1223590727420975,0.18498171908802183,0.15172166930661607,0.30558616360376417,0.12986862426066711,0.38799440379807326,0.2160419375478218,0.22223716191878704,0.15284351645954802,0.20665130781916194,0.14174705628388615,0.07901514793655953,0.12694652618391622,0.07901514793655953,0.2017704746218252,0.37952125493834576
102,24,0.11673862244378035,0.020097831845042304,0.23812741761042874,0.1963344411255151,0.061654247882612735,0.38799440379807326,0,False,11,0,0,0,0,2333,1717,1340,2350,1461,1673,534,1092,875,2037,941,2459,2355,1779,1664,951,1609,1088,2206,2189,1771,226,2086,1313,0.08632149799084138,0.1564366031484966,0.23812741761042874,0.0973255102374936,0.12348865887897867,0.062166368695746814,0.05988271222276873,0.08804687655980595,0.12212179399185694,0.1045946853718611,0.19284436490846724,0.10287976377132646,0.10287976377132646,0.08532308814293768,0.1794625898691954,0.13901540923409852,0.15748689736979318,0.1042718780560675,0.08722349037931562,0.08910840758569266,0.020097831845042304,0.16913754415009472,0.081465391334338,0.152018393524754,0.14293631740067517,0.22223716191878704,0.2790505318074561,0.30558616360376417,0.10251860448548768,0.06704807464910784,0.061654247882612735,0.1701060306255969,0.1223590727420975,0.18498171908802183,0.15172166930661607,0.36345398330345047,0.36345398330345047,0.12986862426066711,0.38799440379807326,0.2160419375478218,0.20371739842555478,0.15284351645954802,0.18943036550089842,0.14174705628388615,0.07243055227517957,0.1163676490019232,0.18495626840333976,0.37952125493834576
103,24,0.11322025947652231,0.019401369307806893,0.23812741761042874,0.20095328735638876,0.056516393892395,0.38799440379807326,0,False,11,0,0,0,0,2333,1717,1340,2350,1461,1673,534,1092,875,2037,941,2459,2355,1779,1664,951,1609,1088,2206,2479,2189,1771,2086,1313,0.08632149799084138,0.1564366031484966,0.23812741761042874,0.0973255102374936,0.12021820506443541,0.059921673684765815,0.05763333860010868,0.08960599331057276,0.11955005721809688,0.1045946853718611,0.19284436490846724,0.10774918630324112,0.10287976377132646,0.08532308814293768,0.1794625898691954,0.13901540923409852,0.15748689736979318,0.1042718780560675,0.08722349037931562,0.08960599331057276,0.08910840758569266,0.019401369307806893,0.08116041343616513,0.152018393524754,0.14293631740067517,0.22223716191878704,0.2790505318074561,0.30558616360376417,0.09397538744503037,0.06146073509501551,0.056516393892395,0.23926386140679717,0.11216248334692269,0.18498171908802183,0.15172166930661607,0.33316615136149624,0.36345398330345047,0.12986862426066711,0.38799440379807326,0.2160419375478218,0.20371739842555478,0.15284351645954802,0.18943036550089842,0.23926386140679717,0.14174705628388615,0.0663946729189146,0.16954324603639478,0.37952125493834576
104,24,0.11316793444483182,0.018697405052242468,0.23812741761042874,0.19607050208860347,0.05633900717043088,0.38799440379807326,0,False,11,0,0,0,0,2333,1717,1340,2350,1461,1673,534,1092,875,2037,941,2459,2355,1779,1664,951,1609,1088,2206,2479,2189,1771,2086,1313,0.08499211800906312,0.1564366031484966,0.23812741761042874,0.0973255102374936,0.12021820506443541,0.05766771079211931,0.05763333860010868,0.09063882806415836,0.11955005721809688,0.1045946853718611,0.19034229887583484,0.10774918630324112,0.10774918630324112,0.08532308814293768,0.1794625898691954,0.13901540923409852,0.15748689736979318,0.1042718780560675,0.08722349037931562,0.09063882806415836,0.08770688794865697,0.018697405052242468,0.08116041343616513,0.152018393524754,0.13102495761728555,0.22223716191878704,0.2790505318074561,0.30558616360376417,0.09397538744503037,0.05633900717043088,0.056516393892395,0.21932520628956406,0.11216248334692269,0.18498171908802183,0.13907819686439807,0.33316615136149624,0.33316615136149624,0.12986862426066711,0.38799440379807326,0.2160419375478218,0.20371739842555478,0.15284351645954802,0.18943036550089842,0.21932520628956406,0.1299348015935623,0.06086178350900505,0.16954324603639478,0.37952125493834576
105,24,0.11308931885339375,0.017991080839043348,0.23812741761042874,0.19414046318840014,0.051644089906228305,0.38799440379807326,0,False,11,0,0,0,0,2333,1717,1340,2350,1461,1673,534,1092,875,2037,941,2459,2355,1779,1664,951,1609,1088,2206,2479,2189,1771,2086,1313,0.08499211800906312,0.1564366031484966,0.23812741761042874,0.0973255102374936,0.12021820506443541,0.05541897227220586,0.05763333860010868,0.09117297233345789,0.11955005721809688,0.1045946853718611,0.19034229887583484,0.10774918630324112,0.10774918630324112,0.08532308814293768,0.1794625898691954,0.13901540923409852,0.15748689736979318,0.1042718780560675,0.08722349037931562,0.09117297233345789,0.08770688794865697,0.017991080839043348,0.08116041343616513,0.152018393524754,0.13102495761728555,0.22223716191878704,0.2790505318074561,0.30558616360376417,0.09397538744503037,0.051644089906228305,0.056516393892395,0.20104810576543372,0.11216248334692269,0.18498171908802183,0.13907819686439807,0.33316615136149624,0.33316615136149624,0.12986862426066711,0.38799440379807326,0.2160419375478218,0.20371739842555478,0.15284351645954802,0.18943036550089842,0.20104810576543372,0.1299348015935623,0.05578996821658796,0.16954324603639478,0.37952125493834576
106,24,0.11293509436268974,0.01728686435793524,0.23812741761042874,0.18966784764016298,0.05114080419853896,0.38799440379807326,0,False,11,0,0,0,0,2333,1717,1340,2350,1461,1673,534,1092,875,2037,941,2459,2355,1779,1664,951,1609,1088,2206,2479,2189,1771,2086,1313,0.08499211800906312,0.1564366031484966,0.23812741761042874,0.10029321056156472,0.11675464964737635,0.05541897227220586,0.05538869231813627,0.09117297233345789,0.11669871145480791,0.1045946853718611,0.19034229887583484,0.10774918630324112,0.11189579011817467,0.08370215901855971,0.1794625898691954,0.13901540923409852,0.15748689736979318,0.1042718780560675,0.08722349037931562,0.09124197348536349,0.08770688794865697,0.01728686435793524,0.08116041343616513,0.152018393524754,0.13102495761728555,0.22223716191878704,0.2790505318074561,0.28012064997011715,0.0861441051579445,0.051644089906228305,0.05180669440136208,0.20104810576543372,0.10281560973467913,0.18498171908802183,0.13907819686439807,0.33316615136149624,0.30540230541470487,0.11904623890561152,0.38799440379807326,0.2160419375478218,0.20371739842555478,0.15284351645954802,0.18943036550089842,0.18429409695164756,0.1299348015935623,0.05114080419853896,0.16954324603639478,0.37952125493834576
107,24,0.10762846083614658,0.016588597011659496,0.23812741761042874,0.17750771039650157,0.04687907051532738,0.37952125493834576,0,False,11,0,0,0,0,2333,1717,1340,2350,1461,1673,534,1092,875,2037,941,2459,2355,1779,2573,951,1609,1088,2206,2479,2189,1771,2086,1313,0.0834044852090254,0.1564366031484966,0.23812741761042874,0.10029321056156472,0.11675464964737635,0.05455964622431346,0.05538869231813627,0.09117297233345789,0.11669871145480791,0.10420386231568006,0.19034229887583484,0.11189579011817467,0.11189579011817467,0.08186349672149706,0.05455964622431346,0.13901540923409852,0.15748689736979318,0.1042718780560675,0.08700592035132666,0.0908835378160357,0.08770688794865697,0.016588597011659496,0.0805082658738438,0.152018393524754,0.12010621114917842,0.22223716191878704,0.2790505318074561,0.28012064997011715,0.0861441051579445,0.13067374908070928,0.05180669440136208,0.20104810576543372,0.10281560973467913,0.16956657583068668,0.13907819686439807,0.30540230541470487,0.30540230541470487,0.10912571899681055,0.13067374908070928,0.2160419375478218,0.20371739842555478,0.15284351645954802,0.17364450170915688,0.16893625553901026,0.1299348015935623,0.04687907051532738,0.15541464220002854,0.37952125493834576
108,24,0.10759227073391305,0.015899544438594364,0.23812741761042874,0.17444702461163822,0.042972481305716764,0.37952125493834576,0,False,11,0,0,0,0,2333,1717,1340,2350,1461,1673,534,1092,875,2037,941,2459,2355,1779,2573,951,1609,1088,2206,2479,2189,1771,2086,1313,0.0834044852090254,0.1564366031484966,0.23812741761042874,0.10029321056156472,0.11675464964737635,0.05353521828157681,0.05316129420057844,0.09117297233345789,0.11669871145480791,0.10420386231568006,0.19034229887583484,0.11189579011817467,0.11530183714320309,0.08186349672149706,0.05353521828157681,0.13970610633156189,0.15748689736979318,0.1042718780560675,0.08700592035132666,0.0908835378160357,0.08770688794865697,0.015899544438594364,0.0805082658738438,0.152018393524754,0.12010621114917842,0.22223716191878704,0.2790505318074561,0.28012064997011715,0.0861441051579445,0.11978426999065017,0.04748946986791524,0.20104810576543372,0.10281560973467913,0.16956657583068668,0.13907819686439807,0.30540230541470487,0.2799521132968128,0.10912571899681055,0.11978426999065017,0.19803844275216997,0.20371739842555478,0.15284351645954802,0.17364450170915688,0.16893625553901026,0.1299348015935623,0.042972481305716764,0.15541464220002854,0.37952125493834576
109,24,0.10741777472812991,0.015222447920840038,0.23812741761042874,0.16914492042581122,0.03939144119690703,0.37952125493834576,0,False,11,0,0,0,0,2333,1717,1340,2350,1461,1673,534,1092,875,2037,941,2459,2355,1779,2573,951,1609,1088,2206,2479,2189,1771,2086,1313,0.08159658347503618,0.1564366031484966,0.23812741761042874,0.10261685160366699,0.11675464964737635,0.05237004953421419,0.05096180711689209,0.09117297233345789,0.11669871145480791,0.10336722938074733,0.19034229887583484,0.11530183714320309,0.11530183714320309,0.08186349672149706,0.05237004953421419,0.13970610633156189,0.15748689736979318,0.1029513432866645,0.08700592035132666,0.09013793614460035,0.08770688794865697,0.015222447920840038,0.0805082658738438,0.152018393524754,0.11009736022008022,0.22223716191878704,0.2790505318074561,0.2567772624726074,0.0861441051579445,0.10980224749142932,0.043532014045588964,0.20104810576543372,0.10281560973467913,0.15543602784479613,0.13907819686439807,0.2799521132968128,0.2799521132968128,0.10912571899681055,0.10980224749142932,0.19803844275216997,0.20371739842555478,0.1401065567545857,0.17364450170915688,0.15485823424409273,0.1299348015935623,0.03939144119690703,0.15541464220002854,0.37952125493834576
110,24,0.10752495896823859,0.014559575259912508,0.23812741761042874,0.1644188872897588,0.036108821097164776,0.3478944836934836,0,False,11,0,0,0,0,2333,1717,1340,2350,1461,1673,534,1092,875,2037,941,2459,2355,1779,2573,951,1609,1088,2206,2479,2189,1771,2086,1313,0.08159658347503618,0.1564366031484966,0.23812741761042874,0.10261685160366699,0.1131424327295256,0.05108720603664327,0.05096180711689209,0.09124197348536349,0.11669871145480791,0.10213228714150768,0.19034229887583484,0.11796763632323015,0.11530183714320309,0.08186349672149706,0.05108720603664327,0.13970610633156189,0.15748689736979318,0.1029513432866645,0.08700592035132666,0.09013793614460035,0.08770688794865697,0.014559575259912508,0.0805082658738438,0.1599317337685892,0.11009736022008022,0.22223716191878704,0.2790505318074561,0.2567772624726074,0.0789654297281158,0.10065206020047687,0.043532014045588964,0.18429409695164756,0.10281560973467913,0.14248302552439646,0.13907819686439807,0.2566227705220784,0.2799521132968128,0.10912571899681055,0.10065206020047687,0.19803844275216997,0.20371739842555478,0.1401065567545857,0.17364450170915688,0.15485823424409273,0.1299348015935623,0.036108821097164776,0.15541464220002854,0.3478944836934836
111,24,0.10436178388903257,0.014271579203705698,0.23812741761042874,0.16180470529947785,0.03990434620845655,0.3478944836934836,0,False,11,0,0,0,0,2333,1717,1340,2350,1461,1673,534,1092,875,2037,941,2685,2459,2355,1779,2573,951,1609,1088,2206,2479,2189,1771,1313,0.08159658347503618,0.1564366031484966,0.23812741761042874,0.10261685160366699,0.1131424327295256,0.04970822615952445,0.048799199607155945,0.0908835378160357,0.11361753285009214,0.10213228714150768,0.19034229887583484,0.014271579203705698,0.11796763632323015,0.11796763632323015,0.07984305825154178,0.04970822615952445,0.13969402860525,0.15748689736979318,0.1029513432866645,0.08700592035132666,0.09013793614460035,0.08604226732831498,0.014271579203705698,0.1599317337685892,0.11009736022008022,0.22223716191878704,0.2790505318074561,0.2567772624726074,0.0789654297281158,0.0922643885171038,0.03990434620845655,0.16893625553901026,0.0942476422567892,0.14248302552439646,0.13907819686439807,0.11643308600573438,0.2566227705220784,0.2566227705220784,0.10003190908040967,0.0922643885171038,0.18153523918948913,0.20371739842555478,0.1401065567545857,0.17364450170915688,0.15485823424409273,0.11910690146076544,0.11643308600573438,0.3478944836934836
112,24,0.10410330786319916,0.013947866823899457,0.23812741761042874,0.15820920410161274,0.036578984024418504,0.3478944836934836,0,False,11,0,0,0,0,2333,1717,1340,2350,1461,1673,534,1092,875,2037,941,2685,2459,2355,1779,2573,951,1609,1088,2206,2479,2189,1771,1313,0.07960439392750339,0.1564366031484966,0.23812741761042874,0.10261685160366699,0.1131424327295256,0.04970822615952445,0.04668090840365616,0.0908835378160357,0.11361753285009214,0.10213228714150768,0.19034229887583484,0.013947866823899457,0.11796763632323015,0.11990897340295384,0.07767438807449073,0.04825297345625984,0.13969402860525,0.15772396406102834,0.1029513432866645,0.08700592035132666,0.09013793614460035,0.08604226732831498,0.013947866823899457,0.1599317337685892,0.1009225802017402,0.22223716191878704,0.2790505318074561,0.2567772624726074,0.0789654297281158,0.0922643885171038,0.036578984024418504,0.16893625553901026,0.0942476422567892,0.14248302552439646,0.13907819686439807,0.10673032883858984,0.2566227705220784,0.2352375396452385,0.09169591665704219,0.08457568947401181,0.18153523918948913,0.18674094855675855,0.1401065567545857,0.17364450170915688,0.15485823424409273,0.11910690146076544,0.10673032883858984,0.3478944836934836
113,24,0.09878888924704456,0.013594501366265655,0.23812741761042874,0.1490391725977739,0.07752771535117749,0.2790505318074561,0,False,11,0,0,0,0,2333,1717,1340,2350,1461,1673,534,1092,875,2037,941,2685,2459,2355,1779,2573,2718,951,1609,1088,2206,2479,2189,1771,0.07746152821712597,0.1564366031484966,0.23812741761042874,0.10261685160366699,0.1131424327295256,0.04825297345625984,0.045763561651629266,0.0908835378160357,0.11035256136957433,0.10213228714150768,0.19034229887583484,0.013594501366265655,0.11796763632323015,0.11990897340295384,0.07538839635653011,0.04673956024370637,0.045763561651629266,0.13969402860525,0.15772396406102834,0.1029513432866645,0.08700592035132666,0.08904663396581818,0.08604226732831498,0.013594501366265655,0.09251236518492852,0.22223716191878704,0.2790505318074561,0.2567772624726074,0.0789654297281158,0.08457568947401181,0.1168640686890503,0.16893625553901026,0.08639367206872342,0.14248302552439646,0.13907819686439807,0.09783613476870734,0.2566227705220784,0.2352375396452385,0.08405459026895533,0.07752771535117749,0.1168640686890503,0.18153523918948913,0.18674094855675855,0.1401065567545857,0.17364450170915688,0.14195338139041833,0.11910690146076544,0.09783613476870734
114,24,0.09842139709895814,0.013217120816984484,0.23812741761042874,0.14530109067238062,0.07106707240524603,0.2790505318074561,0,False,11,0,0,0,0,2333,1717,1340,2350,1461,1673,534,1092,875,2037,941,2685,2459,2355,1779,2573,2718,951,1609,1088,2206,2479,2189,1771,0.07746152821712597,0.1564366031484966,0.23812741761042874,0.10261685160366699,0.1131424327295256,0.04673956024370637,0.04473093774379629,0.09013793614460035,0.11035256136957433,0.10054664912640138,0.19034229887583484,0.013217120816984484,0.11796763632323015,0.11990897340295384,0.07538839635653011,0.04518432812136045,0.04473093774379629,0.13969402860525,0.15772396406102834,0.1029513432866645,0.08640600273292211,0.08904663396581818,0.08604226732831498,0.013217120816984484,0.09251236518492852,0.22223716191878704,0.2790505318074561,0.2567772624726074,0.0789654297281158,0.07752771535117749,0.10712539629829611,0.15485823424409273,0.08639367206872342,0.13060944006403008,0.13907819686439807,0.08968312353798172,0.2566227705220784,0.2352375396452385,0.08405459026895533,0.07106707240524603,0.10712539629829611,0.18153523918948913,0.18674094855675855,0.1401065567545857,0.15917412656672714,0.14195338139041833,0.11910690146076544,0.08968312353798172
115,24,0.09795160821113684,0.01282090502521265,0.23812741761042874,0.14221510179291666,0.06514481637147553,0.2790505318074561,0,False,11,0,0,0,0,2333,1717,1340,2350,1461,1673,534,1092,875,2037,941,2685,2459,2355,1779,2573,2718,951,1609,1088,2206,2479,2189,1771,0.07746152821712597,0.1564366031484966,0.23812741761042874,0.10261685160366699,0.10942173753453167,0.04673956024370637,0.04473093774379629,0.09013793614460035,0.10694589108842964,0.09865697863711702,0.19034229887583484,0.01282090502521265,0.11796763632323015,0.12115438443659447,0.07538839635653011,0.04360187302579637,0.043602516046975154,0.13969402860525,0.15772396406102834,0.1029513432866645,0.08640600273292211,0.08904663396581818,0.08604226732831498,0.01282090502521265,0.09251236518492852,0.22223716191878704,0.2790505318074561,0.2567772624726074,0.07238497725077281,0.07752771535117749,0.10712539629829611,0.15485823424409273,0.0791941993963298,0.11972532005869424,0.13907819686439807,0.08220952990981657,0.2566227705220784,0.2156344113414686,0.08405459026895533,0.06514481637147553,0.09819827994010476,0.18153523918948913,0.18674094855675855,0.1401065567545857,0.15917412656672714,0.14195338139041833,0.11910690146076544,0.08220952990981657
116,24,0.09731558415130133,0.012410560564757657,0.23812741761042874,0.13981871478649666,0.05971608167385256,0.2790505318074561,0,False,11,0,0,0,0,2333,1717,1340,2350,1461,1673,534,1092,875,2037,941,2807,2459,2355,1779,2573,2718,951,1609,1088,2206,2479,2189,2685,0.07746152821712597,0.1564366031484966,0.23812741761042874,0.10261685160366699,0.1056285303334117,0.04518432812136045,0.04473093774379629,0.08904663396581818,0.10694589108842964,0.09650816257962051,0.18720855101183223,0.012730627846321167,0.11990897340295384,0.12174244206321669,0.07301324632889868,0.042005103957404616,0.043602516046975154,0.13903777254885008,0.15772396406102834,0.1029513432866645,0.08546313280604098,0.08904663396581818,0.08604226732831498,0.012410560564757657,0.09251236518492852,0.22223716191878704,0.2790505318074561,0.2567772624726074,0.0663528958132084,0.07106707240524603,0.10712539629829611,0.14195338139041833,0.0791941993963298,0.10974821005380304,0.12748834712569823,0.15869206908399852,0.2352375396452385,0.1976648770630129,0.07705004107987572,0.05971608167385256,0.09819827994010476,0.16640730259036504,0.18674094855675855,0.1401065567545857,0.14590961601949987,0.14195338139041833,0.11910690146076544,0.07535873575066519
117,24,0.0970973070762311,0.011990319749744707,0.23812741761042874,0.14149951947474945,0.05971608167385256,0.2790505318074561,0,False,11,0,0,0,0,2333,1717,1340,2350,1461,1673,534,1092,875,2037,941,2807,2459,2355,2808,2573,2718,951,1609,1088,2206,2479,2189,2685,0.07713837127122095,0.15748689736979318,0.23812741761042874,0.10431008176039543,0.1056285303334117,0.04360187302579637,0.043602516046975154,0.08904663396581818,0.10343559710834518,0.09650816257962051,0.18720855101183223,0.012590010084703349,0.11990897340295384,0.12174244206321669,0.07713837127122095,0.042005103957404616,0.04239641943780255,0.13903777254885008,0.1572120676227516,0.1029513432866645,0.08546313280604098,0.08765115114535386,0.08415363036920093,0.011990319749744707,0.16813633475285114,0.20371739842555478,0.2790505318074561,0.23537915726655678,0.0663528958132084,0.06514481637147553,0.09819827994010476,0.14195338139041833,0.07259468277996897,0.10974821005380304,0.12748834712569823,0.1454677299936653,0.2352375396452385,0.1976648770630129,0.16813633475285114,0.05971608167385256,0.09001508994509602,0.16640730259036504,0.17117920284369534,0.1401065567545857,0.14590961601949987,0.1301239329412168,0.10918132633903499,0.06907884110477643
118,24,0.09668701969936634,0.011563950606884015,0.23812741761042874,0.1377236398197027,0.054739741534364846,0.2790505318074561,0,False,11,0,0,0,0,2333,1717,1340,2350,1461,1673,534,1092,875,2037,941,2807,2459,2355,2808,2573,2718,951,1609,1088,2206,2479,2189,2685,0.07648839461756979,0.15748689736979318,0.23812741761042874,0.10431008176039543,0.1056285303334117,0.042005103957404616,0.043602516046975154,0.08765115114535386,0.09985577013450496,0.09650816257962051,0.18720855101183223,0.012404912048838257,0.12115438443659447,0.12174244206321669,0.07713837127122095,0.04040532609350295,0.04239641943780255,0.13903777254885008,0.1572120676227516,0.1029513432866645,0.08546313280604098,0.08599214362593431,0.08415363036920093,0.011563950606884015,0.15412497352344687,0.20371739842555478,0.2790505318074561,0.23537915726655678,0.0663528958132084,0.05971608167385256,0.09819827994010476,0.1301239329412168,0.06654512588163822,0.10974821005380304,0.12748834712569823,0.13334541916085985,0.2156344113414686,0.1976648770630129,0.16813633475285114,0.054739741534364846,0.09001508994509602,0.16640730259036504,0.17117920284369534,0.1401065567545857,0.14590961601949987,0.11928027186278206,0.10918132633903499,0.06332227101271172
119,24,0.09632314671941944,0.01113477502687942,0.23812741761042874,0.1344209558307043,0.054739741534364846,0.2790505318074561,0,False,11,0,0,0,0,2333,1717,1340,2350,1461,1673,534,1092,875,2037,941,2807,2459,2355,2808,2573,2718,951,1609,1088,2206,2479,2189,2685,0.07648839461756979,0.15748689736979318,0.23812741761042874,0.10431008176039543,0.1056285303334117,0.04040532609350295,0.043602516046975154,0.08599214362593431,0.09985577013450496,0.09650816257962051,0.18720855101183223,0.012181105671018284,0.12115438443659447,0.12174244206321669,0.07648839461756979,0.04040532609350295,0.041129306289489555,0.13779947358354128,0.1572120676227516,0.1012855478763574,0.08546313280604098,0.08599214362593431,0.08415363036920093,0.01113477502687942,0.15412497352344687,0.20371739842555478,0.2790505318074561,0.23537915726655678,0.0663528958132084,0.054739741534364846,0.09819827994010476,0.11928027186278206,0.06654512588163822,0.10974821005380304,0.12748834712569823,0.12223330089745485,0.2156344113414686,0.1976648770630129,0.15412497352344687,0.054739741534364846,0.08251383244967135,0.15254002737450129,0.17117920284369534,0.1284310103583702,0.14590961601949987,0.11928027186278206,0.10918132633903499,0.05804541509498574
120,24,0.09555976574869147,0.010705692738340135,0.23812741761042874,0.13024549525228066,0.05017809640650111,0.2790505318074561,0,False,11,0,0,0,0,2333,1717,1340,2350,1461,1673,534,1092,875,2037,941,2807,2459,2355,2808,2573,2718,951,1609,1088,2206,2479,2189,2685,0.07554683029990165,0.15748689736979318,0.23812741761042874,0.10431008176039543,0.10179468651828576,0.03881234052559942,0.04239641943780255,0.08599214362593431,0.09985577013450496,0.09414269811392552,0.18720855101183223,0.011924166299554288,0.12115438443659447,0.12174244206321669,0.07554683029990165,0.03881234052559942,0.03981631980155678,0.13779947358354128,0.1572120676227516,0.09932136992731071,0.08546313280604098,0.08410869108658273,0.08415363036920093,0.010705692738340135,0.1412812257298263,0.20371739842555478,0.2790505318074561,0.23537915726655678,0.060823487828774364,0.05017809640650111,0.09001508994509602,0.11928027186278206,0.06654512588163822,0.10060252588265278,0.12748834712569823,0.1120471924893336,0.2156344113414686,0.1976648770630129,0.1412812257298263,0.05017809640650111,0.07563767974553207,0.15254002737450129,0.17117920284369534,0.11772842616183934,0.14590961601949987,0.10934024920755021,0.10918132633903499,0.05320829717040359
121,24,0.09480917797945514,0.010279209148173372,0.23812741761042874,0.12653964848142804,0.04599658837262601,0.2790505318074561,0,False,11,0,0,0,0,2333,1717,1340,2350,1461,1673,534,1092,875,2037,941,2807,2459,2355,2808,2573,2718,951,1609,1088,2206,2479,2189,2685,0.07434890923240242,0.15748689736979318,0.23812741761042874,0.10431008176039543,0.09794817970460032,0.03881234052559942,0.041129306289489555,0.08410869108658273,0.09623663318235876,0.09160026484126779,0.18720855101183223,0.011639391396646518,0.12115438443659447,0.12171918080561787,0.07554683029990165,0.037234554271408496,0.03847108313840201,0.13779947358354128,0.1572120676227516,0.09932136992731071,0.08546313280604098,0.08410869108658273,0.08415363036920093,0.010279209148173372,0.12950779025234077,0.20371739842555478,0.2790505318074561,0.23537915726655678,0.055754863843043165,0.05017809640650111,0.08251383244967135,0.10934024920755021,0.06099969872483503,0.09221898205909838,0.12748834712569823,0.1027099264485558,0.2156344113414686,0.18119280397442847,0.1412812257298263,0.04599658837262601,0.06933453976673773,0.15254002737450129,0.17117920284369534,0.11772842616183934,0.14590961601949987,0.10934024920755021,0.10918132633903499,0.04877427240620329
122,24,0.09399861993776824,0.009857465459784668,0.23812741761042874,0.12134318327448923,0.042163539341573845,0.2790505318074561,0,False,11,0,0,0,0,2333,1717,1340,2350,1461,1673,534,1092,875,2037,941,2807,2459,2355,2808,2573,2718,951,1609,1088,2206,2479,2189,2685,0.07292909146307548,0.15748689736979318,0.23812741761042874,0.10539765859104741,0.09794817970460032,0.037234554271408496,0.03981631980155678,0.08410869108658273,0.09260471846540817,0.08891745444141308,0.18720855101183223,0.011331742851338093,0.12115438443659447,0.12171918080561787,0.07554683029990165,0.03567909548145782,0.03710573007751649,0.13604276905037704,0.1560202980146301,0.09932136992731071,0.0842170786311894,0.08203776928437209,0.08415363036920093,0.009857465459784668,0.11871547439797904,0.20371739842555478,0.2790505318074561,0.2157642274943437,0.055754863843043165,0.04599658837262601,0.07563767974553207,0.10934024920755021,0.05591639049776544,0.08453406688750685,0.12748834712569823,0.09415076591117615,0.2156344113414686,0.18119280397442847,0.1412812257298263,0.042163539341573845,0.06355666145284292,0.13982835842662616,0.1569142692733874,0.11772842616183934,0.1337504813512082,0.10022856177358769,0.10918132633903499,0.04470974970568634
123,24,0.093139397979307,0.009442269807496248,0.23812741761042874,0.11636148934894462,0.03864991106310936,0.2790505318074561,0,False,11,0,0,0,0,2333,1717,1340,2350,1461,1673,534,1092,875,2037,941,2807,2459,2355,2808,2573,2718,951,1609,1088,2206,2479,2189,2685,0.0713204704080197,0.15748689736979318,0.23812741761042874,0.10591308740737393,0.09411331444604695,0.03567909548145782,0.03847108313840201,0.08203776928437209,0.09260471846540817,0.08612763049052893,0.18352964867401744,0.011005809458940693,0.12174244206321669,0.12171918080561787,0.07434890923240242,0.0341519298713413,0.03573096221142345,0.13604276905037704,0.1560202980146301,0.09932136992731071,0.0842170786311894,0.08203776928437209,0.08415363036920093,0.009442269807496248,0.10882251819814745,0.20371739842555478,0.2790505318074561,0.19778387520314838,0.05110862518945623,0.042163539341573845,0.06933453976673773,0.10022856177358769,0.05591639049776544,0.07748956131354795,0.11686431819855671,0.08630486875191146,0.1976648770630129,0.18119280397442847,0.12950779025234077,0.03864991106310936,0.05826027299843934,0.13982835842662616,0.1569142692733874,0.11772842616183934,0.1337504813512082,0.10022856177358769,0.10918132633903499,0.04098393723021248
124,24,0.09327949380614704,0.01066578617790289,0.23812741761042874,0.12452738915242427,0.03864991106310936,0.2790505318074561,0,False,12,0,0,0,0,2980,1717,1340,2350,1461,2991,1673,534,1092,875,2037,941,2333,2807,2459,2355,2808,2573,2718,951,1609,2206,2479,2189,0.09264009912644533,0.15748689736979318,0.23812741761042874,0.10591308740737393,0.09264009912644533,0.03350022171698293,0.0341519298713413,0.03710573007751649,0.079813883212076,0.09260471846540817,0.08326089308301365,0.18352964867401744,0.06955433282457785,0.01066578617790289,0.12174244206321669,0.12171918080561787,0.07434890923240242,0.03350022171698293,0.03573096221142345,0.13604276905037704,0.15422014323942296,0.0842170786311894,0.08203776928437209,0.08415363036920093,0.13018290642366823,0.20371739842555478,0.2790505318074561,0.19778387520314838,0.13018290642366823,0.11876241847451692,0.03864991106310936,0.06355666145284292,0.09187618162578871,0.05591639049776544,0.07103209787075228,0.11686431819855671,0.0997539750149685,0.07911279635591884,0.1976648770630129,0.18119280397442847,0.12950779025234077,0.11876241847451692,0.05826027299843934,0.13982835842662616,0.14383808016727176,0.1337504813512082,0.10022856177358769,0.10918132633903499
125,24,0.09234605711633449,0.01031546698158233,0.23812741761042874,0.12054136702728196,0.03542908514118358,0.2790505318074561,0,False,12,0,0,0,0,2980,1717,1340,2350,1461,2991,1673,534,1092,875,2037,941,2333,2807,2459,2355,2808,2573,2718,951,1609,2206,2479,2189,0.09264009912644533,0.15748689736979318,0.23812741761042874,0.10591308740737393,0.0908881651245739,0.03276172703410334,0.032657975362273245,0.03573096221142345,0.07746883657374545,0.08898308601813712,0.0803441254129076,0.17938843845231936,0.06955433282457785,0.01031546698158233,0.12174244206321669,0.12171918080561787,0.07292909146307548,0.03276172703410334,0.03573096221142345,0.13604276905037704,0.15422014323942296,0.08270703776153314,0.08203776928437209,0.08415363036920093,0.13018290642366823,0.20371739842555478,0.2790505318074561,0.19778387520314838,0.11933433088836254,0.10886555026830717,0.03542908514118358,0.05826027299843934,0.08421983315697298,0.05125669128961832,0.06511275638152292,0.10712562501534365,0.0997539750149685,0.07252006332625893,0.1976648770630129,0.18119280397442847,0.11871547439797904,0.10886555026830717,0.05826027299843934,0.13982835842662616,0.14383808016727176,0.12260460790527418,0.10022856177358769,0.10918132633903499
126,24,0.09173620469744564,0.009958248418975609,0.23812741761042874,0.11659060296271635,0.03247666137941828,0.2790505318074561,0,False,12,0,0,0,0,2980,1717,1340,2350,1461,2991,1673,534,1092,875,2037,941,2333,2807,2459,2355,2808,2573,2718,951,1609,2206,2479,2189,0.0908881651245739,0.15748689736979318,0.23812741761042874,0.10589638017558571,0.0888988229812304,0.031950820269385345,0.031201212711499615,0.03435612509705747,0.07503161384284085,0.08898308601813712,0.0803441254129076,0.17938843845231936,0.06765985419185874,0.009958248418975609,0.12174244206321669,0.12171918080561787,0.07292909146307548,0.031950820269385345,0.03573096221142345,0.13604276905037704,0.15422014323942296,0.08097089630600997,0.08203776928437209,0.08415363036920093,0.11933433088836254,0.20371739842555478,0.2790505318074561,0.18130188560288601,0.10938980331433232,0.09979342107928157,0.03247666137941828,0.053405250248569396,0.07720151372722524,0.05125669128961832,0.06511275638152292,0.10712562501534365,0.09144114376372112,0.06647672471573735,0.1976648770630129,0.18119280397442847,0.11871547439797904,0.09979342107928157,0.05826027299843934,0.13982835842662616,0.14383808016727176,0.11238755724650133,0.10022856177358769,0.10918132633903499
127,24,0.09051995521795464,0.009597141341473152,0.23812741761042874,0.11081254075207649,0.02977027293113342,0.2790505318074561,0,False,12,0,0,0,0,2980,1717,1340,2350,1461,2991,1673,534,1092,875,2037,941,2333,2807,2459,2355,2808,2573,2718,951,1609,2206,2479,2189,0.0888988229812304,0.15748689736979318,0.23812741761042874,0.10539201035118613,0.08671116220749035,0.03108090664808878,0.02978479057247352,0.03298929703351621,0.07252835284994255,0.08539156888550371,0.0803441254129076,0.17938843845231936,0.06566390870743145,0.009597141341473152,0.12174244206321669,0.12171918080561787,0.0713204704080197,0.03108090664808878,0.03435612509705747,0.13383111195466824,0.1518834588135721,0.0790446712860056,0.08203776928437209,0.08207794844650781,0.10938980331433232,0.20371739842555478,0.2790505318074561,0.16619339513597883,0.1002739863714713,0.0914773026560081,0.02977027293113342,0.048954812727855276,0.07076805424995647,0.046985300348816796,0.06511275638152292,0.10712562501534365,0.08382104845007769,0.06093699765609256,0.1976648770630129,0.18119280397442847,0.10882251819814745,0.0914773026560081,0.053405250248569396,0.1281759952244073,0.13185157348666576,0.10302192747595955,0.10022856177358769,0.10008288247744873
128,24,0.08952656791053852,0.009234788610047331,0.23812741761042874,0.1134879621178353,0.02728941685353897,0.2790505318074561,0,False,9,0,0,0,0,2980,1717,1340,2350,1461,3079,875,2037,941,2333,2807,2459,2355,2808,2991,1673,534,1092,2206,2479,2189,2573,951,1609,0.08671116220749035,0.15748689736979318,0.23812741761042874,0.10539201035118613,0.08436166277984508,0.032453310757334444,0.08539156888550371,0.0803441254129076,0.17938843845231936,0.06359097380869184,0.009234788610047331,0.12174244206321669,0.12171918080561787,0.06955433282457785,0.030164334685726612,0.028411123957434566,0.032453310757334444,0.06998238807297726,0.0769621140293675,0.079813883212076,0.08207794844650781,0.030164334685726612,0.13122642125324105,0.1518834588135721,0.1002739863714713,0.20371739842555478,0.2790505318074561,0.16619339513597883,0.09191782084051535,0.12820857833386734,0.046985300348816796,0.06511275638152292,0.10712562501534365,0.07683596107923789,0.05585891451808485,0.1976648770630129,0.18119280397442847,0.0997539750149685,0.08385419410134076,0.02728941685353897,0.12820857833386734,0.06487071639579342,0.09443676685296291,0.09187618162578871,0.10008288247744873,0.08385419410134076,0.11749466228904003,0.13185157348666576
129,24,0.08442590926333131,0.00887348694656797,0.23812741761042874,0.11311326190597444,0.046985300348816796,0.2790505318074561,0,False,10,0,0,0,0,2980,1717,1340,2350,1461,3111,3079,875,2037,941,2333,2807,2459,2355,2808,2991,1673,534,1092,2206,2479,2189,2573,1609,0.08436166277984508,0.15748689736979318,0.23812741761042874,0.10539201035118613,0.08188395083289424,0.02778042755741704,0.03182197796081752,0.08539156888550371,0.0774011023102897,0.17938843845231936,0.06146311058851662,0.00887348694656797,0.12174244206321669,0.12171918080561787,0.06955433282457785,0.029212352156472932,0.02778042755741704,0.03182197796081752,0.06741434728658649,0.0769621140293675,0.07746883657374545,0.08207794844650781,0.029212352156472932,0.1518834588135721,0.09191782084051535,0.20371739842555478,0.2790505318074561,0.16619339513597883,0.08425800243713907,0.10834863211574407,0.11752453013937839,0.046985300348816796,0.05968669334972934,0.10712562501534365,0.07043296432263473,0.05120400497491111,0.1976648770630129,0.18119280397442847,0.0997539750149685,0.0768663445928957,0.10834863211574407,0.11752453013937839,0.059464823362810636,0.09443676685296291,0.08421983315697298,0.10008288247744873,0.0768663445928957,0.13185157348666576
130,24,0.08379085607323915,0.008515211419583028,0.23812741761042874,0.10988240311131092,0.04693700456033518,0.2790505318074561,0,False,10,0,0,0,0,2980,1717,1340,2350,1461,3111,3079,875,2037,941,2333,2807,2459,2355,2808,2991,1673,534,1092,2206,2479,2189,2573,1609,0.08436166277984508,0.15748689736979318,0.23812741761042874,0.10539201035118613,0.08188395083289424,0.02708889382042587,0.031109690948055952,0.08539156888550371,0.07445264363445828,0.17938843845231936,0.059300003382274306,0.008515211419583028,0.12174244206321669,0.12171918080561787,0.06955433282457785,0.028235096957574618,0.02708889382042587,0.031109690948055952,0.06484228676163989,0.0769621140293675,0.07503161384284085,0.08207794844650781,0.028235096957574618,0.1518834588135721,0.09191782084051535,0.20371739842555478,0.2790505318074561,0.16619339513597883,0.08425800243713907,0.09931957943943205,0.10773081929443018,0.046985300348816796,0.0547128022372519,0.10712562501534365,0.06456355062908183,0.04693700456033518,0.1976648770630129,0.18119280397442847,0.0997539750149685,0.07046081587682106,0.09931957943943205,0.10773081929443018,0.054509421415909746,0.09443676685296291,0.07720151372722524,0.10008288247744873,0.07046081587682106,0.13185157348666576
131,24,0.07939013409285457,0.00816164135033104,0.24357145030398641,0.11653492945198653,0.04302558751364058,0.2557963208235014,0,False,8,0,0,0,0,2980,1717,1340,2350,1461,3154,2037,941,2333,2807,2459,2355,2808,3111,3079,875,2991,1673,534,1092,2206,2479,2189,3149,0.08436166277984508,0.15748689736979318,0.24357145030398641,0.10539201035118613,0.08188395083289424,0.05859213911153762,0.07151679823306611,0.17938843845231936,0.05859213911153762,0.00816164135033104,0.12171918080561787,0.12171918080561787,0.06765985419185874,0.027027365984044458,0.03033003348176584,0.08539156888550371,0.027241615184492425,0.026347857034229778,0.03033003348176584,0.06228185264895369,0.0769621140293675,0.07252835284994255,0.07984971496480836,0.027027365984044458,0.09191782084051535,0.20371739842555478,0.2557963208235014,0.16619339513597883,0.08425800243713907,0.14251658807665835,0.050153402050814234,0.10712562501534365,0.14251658807665835,0.04302558751364058,0.18119280397442847,0.18119280397442847,0.09144114376372112,0.17437628115281273,0.09875325101989432,0.046985300348816796,0.0645890812204193,0.09104294781947937,0.09875325101989432,0.0499669696312506,0.09443676685296291,0.07076805424995647,0.09174264227099467,0.17437628115281273
132,24,0.08085691547640096,0.007814186684854318,0.24357145030398641,0.11447308590218976,0.039440121887503864,0.2557963208235014,0,False,8,0,0,0,0,2980,1717,1340,2350,1461,3154,2037,941,2333,2807,3188,2808,3111,3079,875,2459,2355,2991,1673,534,1092,2206,2479,2189,0.08436166277984508,0.15772396406102834,0.24357145030398641,0.10539201035118613,0.07930867345842732,0.05768301875256504,0.068609046778925,0.17938843845231936,0.05768301875256504,0.007814186684854318,0.07668236203116972,0.06765985419185874,0.02684651068886989,0.029495653814363282,0.08539156888550371,0.12171918080561787,0.12113574805671888,0.026239899702753797,0.0255677513487928,0.029495653814363282,0.06228185264895369,0.07668236203116972,0.06998238807297726,0.07984971496480836,0.09191782084051535,0.18674094855675855,0.2557963208235014,0.16619339513597883,0.07723650223404414,0.1306402057369368,0.045973951879913044,0.10712562501534365,0.1306402057369368,0.039440121887503864,0.169900369615216,0.09144114376372112,0.15984492439007833,0.09052381343490312,0.046985300348816796,0.18119280397442847,0.16609340364322608,0.05920665778538436,0.08345603550118942,0.09052381343490312,0.0499669696312506,0.169900369615216,0.06487071639579342,0.09174264227099467
133,24,0.08219706083158031,0.007474014101915765,0.24357145030398641,0.11643036984578008,0.03615344506354521,0.2557963208235014,0,False,8,0,0,0,0,2980,1717,1340,2350,1461,3154,2037,941,2333,2807,3188,2808,3111,3196,3079,875,2459,2355,2991,534,1092,2206,2479,2189,0.08188395083289424,0.15772396406102834,0.24357145030398641,0.10539201035118613,0.07864061352380938,0.05768301875256504,0.068609046778925,0.1748630402550154,0.056599413682149186,0.007474014101915765,0.07607380602117851,0.06765985419185874,0.026558548692609388,0.07864061352380938,0.029495653814363282,0.08184703267555503,0.12171918080561787,0.12113574805671888,0.025236943490195656,0.02861818681094284,0.05974645844266756,0.07607380602117851,0.06998238807297726,0.07750071669477943,0.08425800243713907,0.18674094855675855,0.2557963208235014,0.16619339513597883,0.15413346038120712,0.1306402057369368,0.045973951879913044,0.09819848959739834,0.1197535219255254,0.03615344506354521,0.15574200548061468,0.09144114376372112,0.14652451402423847,0.15413346038120712,0.09052381343490312,0.04306985865308206,0.18119280397442847,0.16609340364322608,0.054272769636602325,0.08298016231532786,0.04580305549531305,0.15574200548061468,0.06487071639579342,0.08409742208174512
134,24,0.0813845614807394,0.007142072315180368,0.24357145030398641,0.11299581247623856,0.03314065797491644,0.2557963208235014,0,False,8,0,0,0,0,2980,1717,1340,2350,1461,3154,2037,941,2333,2807,3188,2808,3111,3196,3079,875,2459,2355,2991,534,1092,2206,2479,2189,0.07930867345842732,0.15772396406102834,0.24357145030398641,0.10539201035118613,0.07864061352380938,0.05768301875256504,0.06574251413387058,0.1748630402550154,0.05536707732853506,0.007142072315180368,0.07517138406128648,0.06765985419185874,0.026175832357738973,0.07864061352380938,0.02861818681094284,0.0783636398830677,0.12171918080561787,0.12113574805671888,0.02423880297316099,0.027708216435978768,0.05724747044753348,0.07607380602117851,0.06998238807297726,0.0750599174122716,0.07723650223404414,0.18674094855675855,0.2557963208235014,0.16619339513597883,0.15413346038120712,0.1306402057369368,0.042142789223253624,0.09819848959739834,0.10977406176506493,0.03314065797491644,0.1427635050238968,0.09144114376372112,0.13431413785555193,0.15413346038120712,0.08298016231532786,0.039480703765325226,0.18119280397442847,0.16609340364322608,0.049750038833552127,0.07606514878905053,0.04198613420403696,0.15574200548061468,0.06487071639579342,0.07708930357493302
135,24,0.08076037857987024,0.006819116184336716,0.2475224856532869,0.1069058200777771,0.03037893647700674,0.23447996075487626,0,False,8,0,0,0,0,2980,1717,1340,2350,1461,3154,2037,941,2333,2807,3188,2808,3111,3196,3079,875,2459,2355,2991,534,1092,2206,2479,2189,0.07930867345842732,0.1572120676227516,0.2475224856532869,0.10444710943551208,0.07864061352380938,0.056599413682149186,0.06574251413387058,0.17002613395484445,0.05401039300272945,0.006819116184336716,0.07401013713476341,0.06566390870743145,0.025710549537430214,0.07767274024756239,0.027708216435978768,0.0783636398830677,0.12171918080561787,0.12113574805671888,0.023250667457932004,0.026775270543678384,0.05479439494855989,0.07607380602117851,0.06998238807297726,0.0750599174122716,0.07723650223404414,0.17117920284369534,0.23447996075487626,0.15234394554131392,0.15413346038120712,0.1197535219255254,0.042142789223253624,0.09001528213094848,0.10062622328464285,0.03037893647700674,0.1308665462719054,0.08382104845007769,0.12312129303425594,0.14128900534943986,0.07606514878905053,0.039480703765325226,0.18119280397442847,0.16609340364322608,0.04560420226408945,0.06972638638996298,0.03848728968703388,0.15574200548061468,0.06487071639579342,0.07708930357493302
136,24,0.08145167343781984,0.00650572937677937,0.2475224856532869,0.10840088646150807,0.027847358437256175,0.23447996075487626,0,False,8,0,0,0,0,2980,1717,1340,2350,1461,3154,2037,941,2333,2807,3188,2808,3111,3196,3079,875,2459,2355,3270,1092,2206,2479,2189,2991,0.0766634692937763,0.1572120676227516,0.2475224856532869,0.10444710943551208,0.07767274024756239,0.05536707732853506,0.06455109634627562,0.17002613395484445,0.05255212821001072,0.00650572937677937,0.07262442275199893,0.06566390870743145,0.025174490551795343,0.07644127589652483,0.026775270543678384,0.07495311163990054,0.12171918080561787,0.12113574805671888,0.06455109634627562,0.052395062299267575,0.07607380602117851,0.06998238807297726,0.07255343179994644,0.022276931545029875,0.07080012704787379,0.17117920284369534,0.23447996075487626,0.15234394554131392,0.14128900534943986,0.10977406176506493,0.12196422345464916,0.09001528213094848,0.09224070467758928,0.027847358437256175,0.1199610007492466,0.08382104845007769,0.11286118528140127,0.12951492157031988,0.06972638638996298,0.036190645118214786,0.18119280397442847,0.16609340364322608,0.12196422345464916,0.035280015546447725,0.15574200548061468,0.06487071639579342,0.0706651949436886,0.04180385207541533
137,24,0.07943722663719037,0.00620234542274248,0.2475224856532869,0.11058747402302482,0.025526745234151493,0.23447996075487626,0,False,8,0,0,0,0,2980,1717,1340,2350,1461,3154,2037,941,2333,2807,3188,3311,3079,875,2459,2355,2808,3111,3196,1092,3296,2479,2189,3270,0.07397301393258433,0.1572120676227516,0.2475224856532869,0.10444710943551208,0.07644127589652483,0.05401039300272945,0.06318474033442185,0.16494452620794567,0.0523289073822108,0.00620234542274248,0.07104730330681477,0.02187114175765665,0.02582784076152444,0.07495311163990054,0.12171918080561787,0.12004633316917478,0.06566390870743145,0.024578872404125554,0.07498165062854875,0.050055804417898225,0.0523289073822108,0.06741434728658649,0.07255343179994644,0.06318474033442185,0.06490011646055098,0.17117920284369534,0.23447996075487626,0.15234394554131392,0.12951492157031988,0.10062622328464285,0.11180053816676173,0.0825140086200361,0.1678873126211235,0.025526745234151493,0.10996425068680937,0.12165353106913072,0.0639158541907994,0.036190645118214786,0.18119280397442847,0.15225228667295723,0.08382104845007769,0.10345608650795116,0.11872201143945989,0.03234001425091041,0.1678873126211235,0.059464823362810636,0.0706651949436886,0.11180053816676173
138,24,0.07810688669257473,0.005909267085985213,0.2475224856532869,0.11147778718800472,0.023399516464638868,0.23447996075487626,0,False,9,0,0,0,0,3317,2980,1717,1340,2350,1461,3154,2037,941,2333,2807,3188,3311,3079,875,2459,2355,2808,3111,3196,1092,3296,2479,2189,0.053907443042792706,0.0712591218151677,0.1572120676227516,0.2475224856532869,0.10444710943551208,0.07498165062854875,0.053907443042792706,0.06167149117541973,0.16494452620794567,0.05188435905983567,0.005909267085985213,0.0693100914573325,0.021406331382259683,0.024873421186847062,0.07162498144372781,0.12171918080561787,0.12004633316917478,0.06359097380869184,0.02393421335679334,0.07332788985967673,0.04778162322909906,0.05188435905983567,0.06741434728658649,0.07000456980611197,0.17557403801092264,0.059491773422171726,0.17117920284369534,0.23447996075487626,0.15234394554131392,0.11872201143945989,0.17557403801092264,0.10248382665286491,0.0825140086200361,0.15389670323602986,0.023399516464638868,0.10080056312957525,0.11151573681336982,0.05858953300823278,0.03317475802503022,0.18119280397442847,0.15225228667295723,0.07683596107923789,0.09483474596562189,0.10882851048617156,0.02964501306333454,0.15389670323602986,0.059464823362810636,0.06477642869838121
139,24,0.07720136115975897,0.005626684032730009,0.2475224856532869,0.11629682634770351,0.021449556759252295,0.23447996075487626,0,False,9,0,0,0,0,3317,2980,1717,1340,2350,3343,3154,2037,941,2333,2807,3188,1461,3311,3079,875,2459,2355,2808,3111,3196,1092,3296,2189,0.053907443042792706,0.06854088893419545,0.1572120676227516,0.2475224856532869,0.10444710943551208,0.06158597319523199,0.053907443042792706,0.06158597319523199,0.16494452620794567,0.05188435905983567,0.005626684032730009,0.06744203248891405,0.07498165062854875,0.020891991705116894,0.023918560554838163,0.06838683698625644,0.12113574805671888,0.12004633316917478,0.06146311058851662,0.02325025060772937,0.07332788985967673,0.04557634843603636,0.05124239152426928,0.07000456980611197,0.17557403801092264,0.05453412563699075,0.17117920284369534,0.23447996075487626,0.15234394554131392,0.1772768410984595,0.17557403801092264,0.1772768410984595,0.0825140086200361,0.15389670323602986,0.021449556759252295,0.09240051620211064,0.11872201143945989,0.102222758745589,0.05370707192421338,0.0304101948562777,0.16609340364322608,0.15225228667295723,0.07043296432263473,0.08693185046848673,0.10882851048617156,0.02717459530805666,0.1410719779663607,0.06477642869838121
140,24,0.07503275401614602,0.005354688826714045,0.2475224856532869,0.12257769748930385,0.019662093695981268,0.23447996075487626,0,False,4,0,0,0,0,3372,3154,2037,941,3317,2980,1717,1340,2350,3343,3311,3079,875,2333,2807,3188,1461,3111,3196,1092,3296,2189,2459,3383,0.07521900978513946,0.053564685063232365,0.06122358623168025,0.16494452620794567,0.053907443042792706,0.06583486327407981,0.1572120676227516,0.2475224856532869,0.10310992669513398,0.06122358623168025,0.02033700627160971,0.022968923434137763,0.06524454747768618,0.05124239152426928,0.005354688826714045,0.06744203248891405,0.07521900978513946,0.022535893901872932,0.07332788985967673,0.043442783680296984,0.05042690234873,0.0691730494620077,0.12113574805671888,0.0691730494620077,0.1921618438195049,0.16094286817667908,0.1625037710069212,0.0825140086200361,0.17557403801092264,0.04998961516724151,0.17117920284369534,0.23447996075487626,0.1396486167462044,0.1625037710069212,0.09370419551678992,0.0492314825971956,0.02787601195158789,0.1410719779663607,0.019662093695981268,0.09240051620211064,0.1921618438195049,0.07968752959611283,0.10882851048617156,0.024910045699051937,0.12931597980249732,0.14271172630684945,0.16609340364322608,0.14271172630684945
141,24,0.07454845431165842,0.005093291310761353,0.2475224856532869,0.11821791503790717,0.018023585887982828,0.23447996075487626,0,False,4,0,0,0,0,3372,3154,2037,941,3317,2980,1717,1340,2350,3343,3311,3079,875,2333,2807,3188,1461,3111,3196,1092,3296,2189,2459,3383,0.075088809688108,0.053564685063232365,0.06061200999569288,0.16494452620794567,0.053564685063232365,0.06583486327407981,0.1572120676227516,0.2475224856532869,0.10310992669513398,0.06122358623168025,0.01974958524759094,0.022029356832229657,0.06220247488204159,0.05124239152426928,0.005093291310761353,0.06744203248891405,0.075088809688108,0.021799208326330734,0.07151216176403542,0.04138284066977442,0.049461258269868455,0.0691730494620077,0.12113574805671888,0.0691730494620077,0.17614835683454616,0.16094286817667908,0.14896179008967778,0.0825140086200361,0.16094286817667908,0.04998961516724151,0.17117920284369534,0.23447996075487626,0.1396486167462044,0.1625037710069212,0.08589551255705742,0.0451288590474293,0.02555301095562223,0.1410719779663607,0.018023585887982828,0.09240051620211064,0.17614835683454616,0.0730469021297701,0.09975946794565727,0.022834208557464274,0.1185396481522892,0.14271172630684945,0.16609340364322608,0.14271172630684945
142,24,0.07183094053182448,0.004842431457686241,0.2475224856532869,0.11906523834430077,0.016521620397317593,0.23447996075487626,0,False,5,0,0,0,0,3372,3418,3154,2037,941,3317,2980,1717,1340,2350,3343,3311,3079,875,2333,2807,3188,1461,3111,3196,1092,3296,2189,2459,0.07462337803291483,0.019630777106775448,0.053564685063232365,0.06061200999569288,0.16494452620794567,0.053564685063232365,0.06315523229353015,0.1572120676227516,0.2475224856532869,0.10142855471029777,0.06122358623168025,0.019630777106775448,0.021103959330557153,0.05926366827434814,0.05042690234873,0.004842431457686241,0.06547010299138507,0.075088809688108,0.021047420151047724,0.07151216176403542,0.03939766125199784,0.048367892899049914,0.0691730494620077,0.12113574805671888,0.16146932709833398,0.16207088651063598,0.16094286817667908,0.14896179008967778,0.0825140086200361,0.16094286817667908,0.04582381390330472,0.17117920284369534,0.23447996075487626,0.12801123201735404,0.1625037710069212,0.16207088651063598,0.041368120793476855,0.023423593375987043,0.12931597980249732,0.016521620397317593,0.08470047318526808,0.17614835683454616,0.06695966028562259,0.09975946794565727,0.02093135784434225,0.10866134413959844,0.14271172630684945,0.16609340364322608
143,24,0.06693638421667476,0.004601990787712135,0.2475224856532869,0.113959312240924,0.015144818697541126,0.23447996075487626,0,False,5,0,0,0,0,3372,3418,3154,2037,941,3317,2980,1717,1340,2350,3343,3311,3079,875,2333,2807,3188,1461,3111,3196,3444,1092,3296,2189,0.07385654594736189,0.019432324570497067,0.05300643598311695,0.059779368712112986,0.16494452620794567,0.05300643598311695,0.06051401890616661,0.1560202980146301,0.2475224856532869,0.09944990981412265,0.06061200999569288,0.019432324570497067,0.020717007483480328,0.05926366827434814,0.049461258269868455,0.004601990787712135,0.06341890576217762,0.075088809688108,0.020286940294357396,0.07151216176403542,0.020717007483480328,0.03748772770389545,0.0471680098681757,0.0691730494620077,0.14801354984013948,0.1485649793014163,0.14753096249528916,0.13654830758220463,0.0825140086200361,0.14753096249528916,0.04200516274469599,0.1569142692733874,0.23447996075487626,0.1173436293492412,0.14896179008967778,0.1485649793014163,0.12125411072735379,0.023423593375987043,0.1185396481522892,0.015144818697541126,0.07764210041982907,0.17614835683454616,0.06137968859515403,0.09975946794565727,0.12125411072735379,0.019187078023980394,0.09960623212796522,0.14271172630684945
144,24,0.06618168585349345,0.004371802457714131,0.2475224856532869,0.10779303850285919,0.013882750472746033,0.23447996075487626,0,False,5,0,0,0,0,3372,3418,3154,2037,941,3317,2980,1717,1340,2350,3343,3311,3079,875,2333,2807,3188,1461,3111,3196,3444,1092,3296,2189,0.07282261749498772,0.019163248212785366,0.05300643598311695,0.058753528485230036,0.16494452620794567,0.05225732717569271,0.057921279290513335,0.1560202980146301,0.2475224856532869,0.09944990981412265,0.059779368712112986,0.019163248212785366,0.020274456701488665,0.05643004114004567,0.048367892899049914,0.004371802457714131,0.06341890576217762,0.07462337803291483,0.01952340074532326,0.06956446400377962,0.020274456701488665,0.03565296171815752,0.045881377602485514,0.0691730494620077,0.13567908735346118,0.1361845643596316,0.14753096249528916,0.12516928195035423,0.0825140086200361,0.13523671562068174,0.03850473251597132,0.1569142692733874,0.23447996075487626,0.1173436293492412,0.13654830758220463,0.1361845643596316,0.1111496015000743,0.021471627261321454,0.10866134413959844,0.013882750472746033,0.07764210041982907,0.16146932709833398,0.05626471454555786,0.09144617895018582,0.1111496015000743,0.017588154855315362,0.09130571278396812,0.14271172630684945
145,24,0.0655204368361306,0.0041516601309465355,0.2475224856532869,0.10253487352226308,0.012725854600017196,0.23447996075487626,0,False,5,0,0,0,0,3372,3418,3154,2037,941,3317,2980,1717,1340,2350,3343,3311,3079,875,2333,2807,3188,1461,3111,3196,3444,1092,3296,2189,0.07282261749498772,0.018832479671117733,0.05225732717569271,0.058753528485230036,0.16494452620794567,0.05225732717569271,0.057921279290513335,0.1560202980146301,0.2475224856532869,0.09721894737062751,0.058753528485230036,0.018832479671117733,0.01978528397268532,0.05643004114004567,0.0471680098681757,0.0041516601309465355,0.06131064222581759,0.07385654594736189,0.018761700013596547,0.06751242831288165,0.01978528397268532,0.033892812707987774,0.04452620161687042,0.0691730494620077,0.13567908735346118,0.12483585066299564,0.13523671562068174,0.12516928195035423,0.0825140086200361,0.13523671562068174,0.03850473251597132,0.1569142692733874,0.23447996075487626,0.10756499357013775,0.12516928195035423,0.12483585066299564,0.10188713470840144,0.021471627261321454,0.09960623212796522,0.012725854600017196,0.07117192538484331,0.14801354984013948,0.05157598833342804,0.08382566403767033,0.10188713470840144,0.01612247528403908,0.08369690338530411,0.14271172630684945
146,24,0.06607178972565693,0.003941325735708388,0.2475224856532869,0.10429057875845112,0.011665366716682429,0.23447996075487626,0,False,5,0,0,0,0,3372,3418,3154,2037,941,3317,2980,1717,1340,2350,3343,3311,3079,875,3507,2333,2807,3188,1461,3111,3196,1092,3296,2189,0.07282261749498772,0.018448684419440663,0.051341703763325294,0.05904604756161795,0.1596789472414748,0.051341703763325294,0.05538529746613816,0.1560202980146301,0.2475224856532869,0.09477808641988532,0.05756154042196592,0.018448684419440663,0.019257887244764915,0.053702531891329404,0.05904604756161795,0.0471680098681757,0.003941325735708388,0.05916514551570911,0.07282261749498772,0.018006054370640713,0.06538122227733044,0.03220633614042904,0.04452620161687042,0.06810347705868385,0.13567908735346118,0.114432863107746,0.12396698931895825,0.19807184178782472,0.07563784123503309,0.12396698931895825,0.03529600480630704,0.1569142692733874,0.23447996075487626,0.0986012441059596,0.11473850845449138,0.114432863107746,0.09339654014936798,0.019682324989544666,0.19807184178782472,0.09960623212796522,0.011665366716682429,0.06524093160277303,0.13567908735346118,0.047277989305642365,0.07684019203453113,0.014778935677035823,0.08369690338530411,0.13081908244794532
147,24,0.06803171947237478,0.018020127083519907,0.2475224856532869,0.11975789346794052,0.013547357703949504,0.23447996075487626,0,False,6,0,0,0,0,3372,3529,3418,3154,2037,941,3317,2980,1717,1340,2350,3546,3343,3311,3079,875,3507,2333,3188,1461,3196,1092,3296,2189,0.07155552620644826,0.018484864599521374,0.018484864599521374,0.050283150489330006,0.059041495294541585,0.15428403135340393,0.050283150489330006,0.05291277291942736,0.1560202980146301,0.2475224856532869,0.09216681568891437,0.07340093702687331,0.05756154042196592,0.018020127083519907,0.0187000243749591,0.053702531891329404,0.05904604756161795,0.045881377602485514,0.05699995945072091,0.07340093702687331,0.06319352915613792,0.030592262655635007,0.04311906071783736,0.06810347705868385,0.12437249674067274,0.18823012451543386,0.18823012451543386,0.11363640687571172,0.18156585497217265,0.06933468779878033,0.11363640687571172,0.03235467107244812,0.1569142692733874,0.23447996075487626,0.0903844737637963,0.2077058300740061,0.11473850845449138,0.1048967911821005,0.08561349513692064,0.019682324989544666,0.19807184178782472,0.09130571278396812,0.05980418730254194,0.2077058300740061,0.07043684269832019,0.013547357703949504,0.07672216143652877,0.13081908244794532
148,24,0.06732157840711327,0.017554574358481255,0.2475224856532869,0.11226109493936808,0.012418411228620379,0.23447996075487626,0,False,6,0,0,0,0,3372,3529,3418,3154,2037,941,3317,2980,1717,1340,2350,3546,3343,3311,3079,875,3507,2333,3188,1461,3196,1092,3296,2189,0.07008816840410288,0.018432558331954372,0.018432558331954372,0.050283150489330006,0.058764633465100205,0.15428403135340393,0.04910413273013903,0.05050899867140029,0.15422014323942296,0.2475224856532869,0.08942145258569875,0.07359359595433887,0.05622921684111438,0.017554574358481255,0.018118780147883314,0.053702531891329404,0.059041495294541585,0.04452620161687042,0.054830450778001145,0.07359359595433887,0.06319352915613792,0.0290490587453664,0.04311906071783736,0.06810347705868385,0.11400812201228334,0.17254428080581435,0.17254428080581435,0.11363640687571172,0.1664353670578249,0.06933468779878033,0.10416670630273574,0.02965844848307744,0.14383808016727176,0.23447996075487626,0.08285243428347994,0.19039701090117223,0.10517696608328377,0.09615539191692546,0.07847903720884392,0.019682324989544666,0.18156585497217265,0.08369690338530411,0.05482050502733011,0.19039701090117223,0.07043684269832019,0.012418411228620379,0.07672216143652877,0.13081908244794532
149,24,0.0640887987807786,0.01749918631525566,0.2475224856532869,0.10894111241077205,0.011383543626235346,0.23447996075487626,0,False,6,0,0,0,0,3372,3529,3418,3154,2037,941,3317,2980,1717,1340,2350,3546,3343,3311,3079,875,3507,2333,3589,3188,3196,1092,3296,2189,0.07008816840410288,0.018299823132212532,0.018299823132212532,0.04910413273013903,0.058241721383203146,0.15428403135340393,0.047825739038897426,0.04817802807658599,0.1518834588135721,0.2475224856532869,0.08942145258569875,0.07359359595433887,0.05478082522041773,0.01749918631525566,0.017520555980160158,0.051081248202675074,0.058764633465100205,0.04452620161687042,0.01749918631525566,0.05266994412173292,0.06096958854845816,0.02757497975671922,0.04167489449135404,0.06682746644703307,0.11400812201228334,0.15816559073866315,0.15816559073866315,0.10416670630273574,0.1525657531363395,0.06933468779878033,0.09548614744417443,0.027186911109487653,0.13185157348666576,0.23447996075487626,0.08285243428347994,0.19039701090117223,0.09641221890967679,0.17147577592384833,0.07193911744144026,0.018042131240415944,0.1664353670578249,0.08369690338530411,0.17147577592384833,0.05025212960838593,0.0645671058067935,0.011383543626235346,0.0703286479834847,0.11991749224394987
150,24,0.06305477886012723,0.0169110774461655,0.2475224856532869,0.10239820699891684,0.010434914990715733,0.23447996075487626,0,False,6,0,0,0,0,3372,3529,3418,3154,2037,941,3317,2980,1717,1340,2350,3546,3343,3311,3079,875,3507,2333,3589,3188,3196,1092,3296,2189,0.06845189754890905,0.018095021581773174,0.018095021581773174,0.04910413273013903,0.05749965466447025,0.15428403135340393,0.04646751076782242,0.04592282935348968,0.1518834588135721,0.2475224856532869,0.0865750279186218,0.07359359595433887,0.05323888342280078,0.01736797377592322,0.0169110774461655,0.048565595993427677,0.058241721383203146,0.04311906071783736,0.01736797377592322,0.050529870996471646,0.05872728288666019,0.0261681159631643,0.040207030754535335,0.06537543760534069,0.1045074451779264,0.14498512484377454,0.14498512484377454,0.10416670630273574,0.13985194037497786,0.06933468779878033,0.08752896849049321,0.024921335183697015,0.13185157348666576,0.23447996075487626,0.0759480647598566,0.19039701090117223,0.08837786733387039,0.1571861279301943,0.0659441909879869,0.016538620303714613,0.1525657531363395,0.07672216143652877,0.1571861279301943,0.04606445214102044,0.05918651365622738,0.010434914990715733,0.06446792731819431,0.10992436789028738
151,24,0.0633446347801948,0.016295415347973883,0.2475224856532869,0.09805963266770269,0.009565338741489422,0.23447996075487626,0,False,7,0,0,0,0,3631,3372,3529,3418,3154,2037,941,3317,2980,1717,1340,2350,3546,3343,3311,3079,875,3507,2333,3188,3196,1092,3296,2189,0.04487361818250286,0.06845189754890905,0.017826579139575634,0.017826579139575634,0.047825739038897426,0.056565252256406295,0.15428403135340393,0.0450473444406851,0.04487361818250286,0.1518834588135721,0.2475224856532869,0.08365727118571692,0.07342990276738219,0.05162403978058361,0.017168890206451827,0.016295415347973883,0.046154394030241075,0.05749965466447025,0.04311906071783736,0.050529870996471646,0.056482256945951693,0.024826432409569648,0.03872724308539966,0.06377619883730758,0.10617789058505561,0.1045074451779264,0.13290303110679333,0.13290303110679333,0.09548614744417443,0.12819761201039637,0.06933468779878033,0.08023488778295211,0.10617789058505561,0.13185157348666576,0.23447996075487626,0.06961905936320188,0.17453059332607454,0.08101304505604785,0.14408728393601142,0.06044884173898799,0.015160401945071728,0.13985194037497786,0.07672216143652877,0.04606445214102044,0.0542543041848751,0.009565338741489422,0.05909560004167812,0.10076400389943009
152,24,0.06254445671517915,0.015678016661553693,0.2475224856532869,0.09284173477207165,0.008768227179698636,0.23447996075487626,0,False,7,0,0,0,0,3631,3372,3529,3418,3154,2037,941,3317,2980,1717,1340,2350,3546,3343,3311,3079,875,3507,2333,3188,3196,1092,3296,2189,0.043729990091372246,0.06667616073320425,0.01750278747704252,0.01750278747704252,0.04646751076782242,0.055464685720622436,0.15428403135340393,0.0450473444406851,0.04487361818250286,0.1490808240157939,0.2475224856532869,0.08365727118571692,0.07294169461604119,0.04995502244475683,0.01690993404528421,0.015678016661553693,0.046154394030241075,0.05749965466447025,0.04311906071783736,0.04841992596844048,0.054248059686892204,0.023547803195044528,0.03872724308539966,0.06205665494984241,0.09732973303630098,0.0957984914130992,0.12182777851456054,0.12182777851456054,0.08752896849049321,0.11751447767619666,0.06933468779878033,0.08023488778295211,0.10617789058505561,0.12086394236277695,0.23447996075487626,0.06961905936320188,0.15998637721556833,0.07426195796804386,0.13208001027467714,0.05541143826073899,0.015160401945071728,0.13985194037497786,0.07672216143652877,0.0422257477959354,0.04973311216946884,0.008768227179698636,0.05909560004167812,0.09236700357447758
153,24,0.06139742461019759,0.015062742283705742,0.2475224856532869,0.0996935492238968,0.015160401945071728,0.23447996075487626,0,False,7,0,0,0,0,3631,3372,3529,3418,3154,2037,941,3317,2980,1717,1340,2350,3546,3343,3674,3311,3079,875,3507,2333,3188,3196,3296,2189,0.04251002457820634,0.0647882572079088,0.01757347421689838,0.017131650436631764,0.04646751076782242,0.055464685720622436,0.14880843982067138,0.0450473444406851,0.043729990091372246,0.1490808240157939,0.2475224856532869,0.08069467394124939,0.07294169461604119,0.048248643734823786,0.01757347421689838,0.01659896492523332,0.015062742283705742,0.046154394030241075,0.056565252256406295,0.04167489449135404,0.046348224558773854,0.054248059686892204,0.03724583000338094,0.06205665494984241,0.08921892194994256,0.08781528379534093,0.1950087969716805,0.11167546363834716,0.08752896849049321,0.11751447767619666,0.06355679714888196,0.08023488778295211,0.09732973303630098,0.12086394236277695,0.23447996075487626,0.06381747108293506,0.15998637721556833,0.06807346147070686,0.1950087969716805,0.12107334275178737,0.050793818405677406,0.015160401945071728,0.12819761201039637,0.0703286479834847,0.03870693547960745,0.04973311216946884,0.054170966704871606,0.09236700357447758
154,24,0.05964711368951028,0.014452909056365485,0.2475224856532869,0.09974872658694485,0.015160401945071728,0.23447996075487626,0,False,7,0,0,0,0,3631,3372,3529,3418,3154,2037,941,3317,2980,1717,1340,2350,3546,3696,3343,3674,3311,3079,875,3507,2333,3188,3196,3296,0.04229364706185404,0.06281319896303802,0.017557050065057162,0.016720768508206623,0.0450473444406851,0.0542230396585731,0.14880843982067138,0.0450473444406851,0.04251002457820634,0.14588025899656532,0.2475224856532869,0.0777106116578048,0.07216216382137458,0.04229364706185404,0.04651984682715882,0.017557050065057162,0.016243560128221108,0.014452909056365485,0.046154394030241075,0.055464685720622436,0.040207030754535335,0.044321458776779246,0.054248059686892204,0.03577170877451124,0.1651173451207807,0.08049734347906251,0.17875806389070711,0.10236917500181822,0.08023488778295211,0.1077216045365136,0.06355679714888196,0.08023488778295211,0.08921892194994256,0.11079194716587887,0.23447996075487626,0.05849934849269047,0.14665417911427095,0.1651173451207807,0.062400673014814625,0.17875806389070711,0.11098389752247174,0.04656100020520429,0.015160401945071728,0.11751447767619666,0.06446792731819431,0.035481357522973496,0.04973311216946884,0.049656719479465636
155,24,0.05858746159902104,0.013851334042899663,0.2475224856532869,0.09358613784870772,0.015160401945071728,0.23447996075487626,0,False,7,0,0,0,0,3631,3372,3529,3418,3154,2037,941,3317,2980,1717,1340,2350,3546,3696,3343,3674,3311,3079,875,3507,2333,3188,3196,3296,0.04190182897085883,0.060773654446389797,0.017460982780352175,0.016277257075640043,0.04358145333215386,0.05286398911596401,0.14329509029882484,0.04358145333215386,0.04123032066460915,0.14588025899656532,0.2475224856532869,0.07472550743526571,0.07216216382137458,0.04190182897085883,0.04651984682715882,0.017460982780352175,0.0158509073138982,0.013851334042899663,0.046154394030241075,0.0542230396585731,0.03872724308539966,0.04234504725806565,0.05203629971110775,0.03577170877451124,0.15135756636071562,0.07378923152247396,0.16386155856648152,0.09383841041833337,0.07354864713437277,0.0987448041584708,0.05826039738647513,0.07354864713437277,0.08178401178744735,0.11079194716587887,0.23447996075487626,0.05362440278496626,0.14665417911427095,0.15135756636071562,0.062400673014814625,0.16386155856648152,0.1017352393955991,0.042680916854770594,0.015160401945071728,0.1077216045365136,0.05909560004167812,0.03252457772939237,0.04558868615534643,0.049656719479465636
156,24,0.056438895913802134,0.01326037946850165,0.2475224856532869,0.09748600004871251,0.015160401945071728,0.23447996075487626,0,False,7,0,0,0,0,3631,3372,3529,3418,3154,2037,941,3317,2980,1717,1340,2350,3546,3696,3343,3674,3311,3079,3760,875,3507,2333,3188,3296,0.041353954612669414,0.05868995815840552,0.017293136515417924,0.015807693472886148,0.04358145333215386,0.05140957836723226,0.14329509029882484,0.0420843759094411,0.03990595115329901,0.14588025899656532,0.2475224856532869,0.07472550743526571,0.07216216382137458,0.041353954612669414,0.044781783828008084,0.017293136515417924,0.015825608780493227,0.01326037946850165,0.015825608780493227,0.046154394030241075,0.05286398911596401,0.03872724308539966,0.04042327787824526,0.03431251810899495,0.138744435830656,0.06764012889560113,0.1502064286859414,0.08601854288347224,0.07354864713437277,0.09051607047859822,0.05826039738647513,0.06741959320650837,0.07496867747182673,0.11079194716587887,0.23447996075487626,0.05362440278496626,0.14665417911427095,0.138744435830656,0.05720061693024674,0.1502064286859414,0.1765906361126325,0.03912417378353971,0.1765906361126325,0.015160401945071728,0.0987448041584708,0.05909560004167812,0.029814196251943006,0.0455186595228435
157,24,0.05617829005619435,0.012681997112524308,0.2475224856532869,0.09735026003765261,0.01389703511631575,0.23447996075487626,0,False,7,0,0,0,0,3631,3372,3781,3418,3154,2037,941,3317,2980,1717,1340,2350,3546,3696,3343,3529,3311,3079,3760,875,3507,2333,3188,3296,0.04066931136963966,0.05658017083118997,0.04171816938577995,0.015318087984234811,0.0420843759094411,0.0498800852520508,0.1377814622089021,0.040569020211646226,0.038550461837818385,0.1423462670323251,0.2475224856532869,0.07175702371137756,0.07216216382137458,0.04171816938577995,0.04304591597199402,0.017061523525804083,0.015729463510795152,0.012681997112524308,0.015729463510795152,0.04384597520423415,0.05140957836723226,0.03724583000338094,0.03855944143806227,0.03431251810899495,0.12718239951143465,0.062003451487634365,0.210515732844768,0.07885033097651623,0.06741959320650837,0.0829730646053817,0.053405364270935535,0.061801293772632666,0.06872128768250783,0.10155928490205562,0.23447996075487626,0.04915570255288574,0.14665417911427095,0.210515732844768,0.052433898852726174,0.13768922629544628,0.16187474976991312,0.035863825968244736,0.16187474976991312,0.01389703511631575,0.09051607047859822,0.054170966704871606,0.02732967989761442,0.0455186595228435
158,24,0.055049005174652686,0.012117771256879843,0.2475224856532869,0.09100865192572606,0.012738948856622771,0.23447996075487626,0,False,7,0,0,0,0,3631,3372,3781,3418,3154,2037,941,3317,2980,1717,1340,2350,3546,3696,3343,3529,3311,3079,3760,875,3507,2333,3188,3296,0.039866687685875465,0.054460176986048124,0.04186060175914639,0.01481387422671654,0.040569020211646226,0.04829395585151923,0.13229995276952294,0.0390467347411798,0.0371759054415289,0.1423462670323251,0.2475224856532869,0.06882027070677617,0.07216216382137458,0.04186060175914639,0.041322128288971055,0.016774099810595654,0.0155695949876754,0.012117771256879843,0.0155695949876754,0.04163827557182626,0.0498800852520508,0.03577170877451124,0.03855944143806227,0.032874725177323594,0.11658386621881509,0.05683649719699817,0.19297275510770398,0.07227947006180653,0.061801293772632666,0.07605864255493322,0.04895491724835757,0.05665118595824661,0.06299451370896551,0.10155928490205562,0.23447996075487626,0.04505939400681193,0.14665417911427095,0.19297275510770398,0.04806440728166566,0.12621512410415908,0.148385187289087,0.03287517380422434,0.148385187289087,0.012738948856622771,0.0829730646053817,0.049656719479465636,0.02732967989761442,0.041725437895939875
159,24,0.054111151851125465,0.011568959555950983,0.2475224856532869,0.08530467353097566,0.01167736978523754,0.23447996075487626,0,False,7,0,0,0,0,3631,3372,3781,3418,3154,2037,941,3317,2980,1717,1340,2350,3546,3696,3343,3529,3311,3079,3760,875,3507,2333,3188,3296,0.03896406463998118,0.054460176986048124,0.04179763571771741,0.014299914782705448,0.040569020211646226,0.04666779545663763,0.12687826307235903,0.03752739791959516,0.03579290141871844,0.1423462670323251,0.2475224856532869,0.06882027070677617,0.07112486934232186,0.04179763571771741,0.03961885254310663,0.016438602577381597,0.015353232058251733,0.011568959555950983,0.015353232058251733,0.03952891224648718,0.04829395585151923,0.03431251810899495,0.03675595559190738,0.032874725177323594,0.10686854403391383,0.05683649719699817,0.17689169218206197,0.06625618088998932,0.061801293772632666,0.06972042234202211,0.04487534081099444,0.05193025379505939,0.05774497089988505,0.10155928490205562,0.23447996075487626,0.04505939400681193,0.13443299752141502,0.17689169218206197,0.044059040008193516,0.11569719709547915,0.1360197550149964,0.030135575987205645,0.1360197550149964,0.01167736978523754,0.07605864255493322,0.0455186595228435,0.025052206572813217,0.041725437895939875
160,24,0.05414329477473074,0.011036531405454419,0.2475224856532869,0.08808858907318133,0.01167736978523754,0.23447996075487626,0,False,8,0,0,0,0,3631,3841,3372,3781,3418,3154,2037,941,3317,2980,1717,1340,2350,3546,3696,3343,3529,3311,3079,3760,875,3507,2333,3296,0.037978390764502636,0.05369375101657971,0.05369375101657971,0.04154720593823106,0.01378051844554852,0.040569020211646226,0.04501640326274536,0.12687826307235903,0.03601951955098266,0.034410714104236496,0.1423462670323251,0.2475224856532869,0.06882027070677617,0.06986293049994746,0.04154720593823106,0.03794319354323072,0.016062426021412418,0.01508753007328986,0.011036531405454419,0.01508753007328986,0.03952891224648718,0.04666779545663763,0.032874725177323594,0.03146373338243413,0.09796283203108767,0.135433455763915,0.135433455763915,0.1621507178335568,0.0607348324824902,0.061801293772632666,0.0639103871468536,0.04487534081099444,0.0476027326454711,0.052932889991561295,0.10155928490205562,0.23447996075487626,0.04505939400681193,0.12323024772796376,0.1621507178335568,0.04038745334084406,0.10605576400418922,0.12468477543041337,0.02762427798827184,0.12468477543041337,0.01167736978523754,0.06972042234202211,0.041725437895939875,0.038248318071278216
161,24,0.05488613525037967,0.010521203556519039,0.2475224856532869,0.09303536180492804,0.010704255636467744,0.23447996075487626,0,False,4,0,0,0,0,3877,3154,2037,941,3631,3841,3372,3781,3418,3311,3079,3760,875,3507,3317,2980,1717,1340,2350,3546,3696,3343,3529,3296,0.07017263875003744,0.040569020211646226,0.04501640326274536,0.12153979782454151,0.03692542883141709,0.05369375101657971,0.05275586645187117,0.04112811425003041,0.013259465954964219,0.014779429364258872,0.010521203556519039,0.014779429364258872,0.037515251200907686,0.04501640326274536,0.03453034900015946,0.033037342983394904,0.1423462670323251,0.2475224856532869,0.06882027070677617,0.07017263875003744,0.04112811425003041,0.03630105504468306,0.015652531096546598,0.03008398818934903,0.19629439375063346,0.061801293772632666,0.0639103871468536,0.0411357290767449,0.0897992626951637,0.135433455763915,0.1241473344502554,0.14863815801409375,0.05567359644228268,0.11429437747787892,0.02532225482258252,0.11429437747787892,0.010704255636467744,0.0639103871468536,0.043635838258348505,0.04852181582559785,0.10155928490205562,0.23447996075487626,0.04505939400681193,0.19629439375063346,0.14863815801409375,0.03702183222910705,0.09721778367050678,0.03506095823200503
162,24,0.05142680614049113,0.010281977349359844,0.2475224856532869,0.09651471752133949,0.010704255636467744,0.23447996075487626,0,False,4,0,0,0,0,3877,3154,2037,941,3631,3841,3372,3781,3902,3418,3311,3079,3760,875,3507,3317,2980,1717,1340,3546,3343,3529,3898,3296,0.07013230459467752,0.0390467347411798,0.043352839845199005,0.1163040660566639,0.03692542883141709,0.05369375101657971,0.05167076624311859,0.04055945101846988,0.03391875482169323,0.012740041600295486,0.014435547760440197,0.010281977349359844,0.014435547760440197,0.037515251200907686,0.043352839845199005,0.03391875482169323,0.031679620030174466,0.1423462670323251,0.2475224856532869,0.07013230459467752,0.03469726241344419,0.015215384601835677,0.010281977349359844,0.03008398818934903,0.17993652760474732,0.05665118595824661,0.058584521551282465,0.03770775165368282,0.0897992626951637,0.135433455763915,0.11380172324606745,0.1362516448462526,0.12333285173681947,0.051034130072092454,0.104769846021389,0.10654540025403399,0.104769846021389,0.010704255636467744,0.058584521551282465,0.12333285173681947,0.0444783311734647,0.10155928490205562,0.23447996075487626,0.17993652760474732,0.03393667954334813,0.08911630169796454,0.10654540025403399,0.03506095823200503
163,24,0.04809350640265416,0.01002096714564448,0.2475224856532869,0.10770171606739477,0.009812234333428765,0.2482751503043517,0,False,4,0,0,0,0,3877,3154,2037,941,3631,3841,3931,3311,3079,3760,875,3507,3372,3781,3902,3418,3898,3296,3317,2980,1340,3546,3529,3926,0.06977158650224674,0.0390467347411798,0.041688518107464954,0.11118707322400759,0.035819663223462514,0.05275586645187117,0.07157098967228263,0.014062103180978502,0.01002096714564448,0.014062103180978502,0.03559446599319828,0.04276366137705731,0.05167076624311859,0.039860120786088686,0.033213524705695656,0.012225068537871128,0.01002096714564448,0.028739079037389897,0.033213524705695656,0.030343310107499025,0.2475224856532869,0.07157098967228263,0.014756922891697461,0.04276366137705731,0.16494181697101837,0.05665118595824661,0.05370247808867559,0.034565439015875915,0.08231599080390005,0.1241473344502554,0.2482751503043517,0.09603902551960658,0.09766661689953116,0.09603902551960658,0.009812234333428765,0.13703581142200894,0.11380172324606745,0.12489734110906488,0.11305511409208452,0.04678128589941808,0.09766661689953116,0.03213921171267128,0.11305511409208452,0.04077180357567597,0.23447996075487626,0.2482751503043517,0.08168994322313416,0.13703581142200894
164,24,0.04011092090174486,0.009742324584662168,0.10620169774145564,0.11573135672946439,0.03168498576455292,0.23452999889010018,0,False,5,0,0,0,0,3877,3154,2037,3946,941,3631,3841,3931,3311,3079,3760,875,3507,3372,3781,3902,3418,3898,3296,3317,3546,3529,3954,3936,0.07090445349195101,0.0390467347411798,0.041688518107464954,0.034634348391260825,0.10620169774145564,0.03467425699880902,0.05275586645187117,0.07257890353292723,0.013664862066694951,0.009742324584662168,0.013664862066694951,0.034634348391260825,0.042035557567075596,0.05046154877647098,0.039048466664535916,0.03242946775542936,0.011716946091681665,0.009742324584662168,0.028739079037389897,0.03326582091875921,0.07257890353292723,0.014282535736001778,0.03326582091875921,0.07090445349195101,0.23452999889010018,0.05665118595824661,0.05370247808867559,0.0923278814723097,0.03168498576455292,0.07545632490357504,0.1241473344502554,0.22758555444565573,0.0880357733929727,0.08952773215790355,0.0880357733929727,0.0923278814723097,0.12561616047017485,0.10431824630889516,0.11448922934997613,0.10363385458441081,0.04288284540779991,0.08952773215790355,0.03213921171267128,0.18696718791774414,0.22758555444565573,0.07488244795453965,0.18696718791774414,0.23452999889010018
165,24,0.03929285430076911,0.00944986307474108,0.10135804713462016,0.11380021108560263,0.02904457028417351,0.23452999889010018,0,False,5,0,0,0,0,3877,3154,2037,3946,941,3631,3841,3931,3311,3079,3760,875,3507,3372,3781,3902,3418,3898,3976,3296,3317,3546,3954,3936,0.07090445349195101,0.03752739791959516,0.04003330995742511,0.03362099482582147,0.10135804713462016,0.033501048622647966,0.05167076624311859,0.07317572696098947,0.013249109437009873,0.00944986307474108,0.013249109437009873,0.03362099482582147,0.04118789775337922,0.05046154877647098,0.038141984815537884,0.031580474294336185,0.011506990871799452,0.00944986307474108,0.011506990871799452,0.02743183595509231,0.033159957210805224,0.07317572696098947,0.033159957210805224,0.07090445349195101,0.23452999889010018,0.05193025379505939,0.04922727158128596,0.08463389134961723,0.02904457028417351,0.06916829782827712,0.11380172324606745,0.2086200915751844,0.0806994589435583,0.08206708781141159,0.0806994589435583,0.08463389134961723,0.11514814709766028,0.10431824630889516,0.10494846023747811,0.0949977000357099,0.12264260829048326,0.08206708781141159,0.12264260829048326,0.029460944069948668,0.1713865889245988,0.2086200915751844,0.1713865889245988,0.23452999889010018
166,24,0.03730997192307888,0.00914704686127242,0.10135804713462016,0.11173124696095527,0.02904457028417351,0.24043770651421556,0,False,5,0,0,0,0,3877,3154,2037,3946,941,3631,3841,3931,3311,3079,3760,875,3507,3372,3781,3902,3418,3898,3976,3296,3317,3546,3954,4006,0.07090445349195101,0.03752739791959516,0.038395662407463206,0.032567032000081056,0.10135804713462016,0.032310579419833764,0.05046154877647098,0.07317572696098947,0.012819636577387456,0.00914704686127242,0.012819636577387456,0.032567032000081056,0.040239176338286754,0.049149901789007716,0.038141984815537884,0.030679406273298727,0.011265562241685878,0.00914704686127242,0.011265562241685878,0.02743183595509231,0.033159957210805224,0.07338658504359427,0.03375925362824643,0.03375925362824643,0.23452999889010018,0.05193025379505939,0.04512499894951213,0.07758106707048246,0.02904457028417351,0.06340427300925403,0.10431824630889516,0.2086200915751844,0.07397450403159511,0.07522816382712728,0.07397450403159511,0.07758106707048246,0.10555246817285525,0.09562505911648723,0.10494846023747811,0.08708122503273406,0.11242239093294298,0.07522816382712728,0.11242239093294298,0.029460944069948668,0.1713865889245988,0.19123508394391903,0.24043770651421556,0.24043770651421556
167,24,0.03516381279088585,0.008836990483813225,0.10135804713462016,0.11984854310534386,0.027005865397452946,0.3037345643046976,0,False,6,0,0,0,0,3877,3154,4030,2037,3946,941,3631,3841,3931,4028,3311,3079,3760,875,3507,3372,3781,4026,3898,3976,3296,3317,3902,4006,0.07162669252688018,0.03601951955098266,0.03504057897873135,0.03678271807950726,0.0314838531183723,0.10135804713462016,0.0311121439747752,0.049149901789007716,0.07317572696098947,0.03375925362824643,0.01238074270839352,0.008836990483813225,0.01238074270839352,0.0314838531183723,0.03920679077154281,0.04775592598246843,0.03715711857274547,0.011281300923071206,0.008836990483813225,0.011281300923071206,0.026164419978390006,0.03375925362824643,0.029738035249289595,0.034159605707536796,0.21498583231592516,0.0476027326454711,0.3037345643046976,0.041364582370386115,0.07111597814794225,0.02904457028417351,0.05812058359181619,0.09562505911648723,0.2086200915751844,0.24043770651421556,0.06780996202896218,0.06895915017486667,0.06780996202896218,0.07111597814794225,0.09675642915845065,0.08765630419011329,0.09620275521768827,0.18638719168853107,0.06895915017486667,0.18638719168853107,0.027005865397452946,0.24043770651421556,0.07982445628000623,0.22040123097136424
168,24,0.03435417268574257,0.008522466270126225,0.0966637907140332,0.13164015560311307,0.024755376614331866,0.3037345643046976,0,False,6,0,0,0,0,3877,3154,4030,2037,3946,941,3631,3841,3931,4028,3311,3079,3760,875,3507,3372,4039,4026,3898,3976,4051,3296,3317,4006,0.07162669252688018,0.03453034900015946,0.03504057897873135,0.035200436216007505,0.0303816351248233,0.0966637907140332,0.02991385688038972,0.048987547175403275,0.07317572696098947,0.034159605707536796,0.01193624740133397,0.008522466270126225,0.01193624740133397,0.0314838531183723,0.038106892424375864,0.04775592598246843,0.048987547175403275,0.011243573102947154,0.008522466270126225,0.011533543878992527,0.011533543878992527,0.024938406853321528,0.034159605707536796,0.034159605707536796,0.21498583231592516,0.043635838258348505,0.3037345643046976,0.0379175338395206,0.06518964663561373,0.02662418942715905,0.05327720162583151,0.17098963752344665,0.2086200915751844,0.22040123097136424,0.062159131859882,0.06321255432696112,0.062159131859882,0.07111597814794225,0.08869339339524643,0.08765630419011329,0.17098963752344665,0.17085492571448682,0.06321255432696112,0.25418825904782016,0.25418825904782016,0.024755376614331866,0.22040123097136424,0.22040123097136424
169,24,0.03393222426028036,0.008205917824939207,0.0966637907140332,0.12280885663389125,0.022692428563137544,0.3037345643046976,0,False,6,0,0,0,0,3877,3154,4030,2037,3946,941,3631,3841,3931,4028,3311,3079,3760,875,3507,3372,4039,4026,3898,3976,4051,3296,3317,4006,0.07196127943531956,0.033065985910304796,0.03504057897873135,0.03365371125245948,0.0303816351248233,0.0966637907140332,0.028722730357824976,0.04861360849320325,0.07338658504359427,0.03437126938007506,0.011489510944876293,0.008205917824939207,0.011489510944876293,0.0303816351248233,0.036954298601052475,0.04629803360766302,0.04861360849320325,0.011157326074828021,0.008205917824939207,0.011715354613741574,0.011715354613741574,0.02375486380006316,0.034159605707536796,0.03437126938007506,0.19707034628959805,0.03999951840348613,0.3037345643046976,0.034757739352893884,0.06518964663561373,0.02662418942715905,0.04883743482367888,0.15674050106315943,0.19123508394391903,0.20203446172375056,0.05697920420489183,0.05794484146638102,0.05697920420489183,0.06518964663561373,0.08130227727897589,0.08035161217427052,0.15674050106315943,0.1566170152382796,0.05794484146638102,0.23300590412716848,0.23300590412716848,0.022692428563137544,0.22040123097136424,0.20203446172375056
170,24,0.033926031056593704,0.007889477781407207,0.0966637907140332,0.12414108214314941,0.020801392849542747,0.3037345643046976,0,False,6,0,0,0,0,3877,3154,4030,2037,3946,941,3631,3841,3931,4028,3311,3079,3760,4095,875,3507,3372,4039,4026,4092,4086,3976,4051,3296,0.07196127943531956,0.033065985910304796,0.03504057897873135,0.03214648680519862,0.029269379453498782,0.0966637907140332,0.028255135225692483,0.04805036826594847,0.07324054263262195,0.03440678638629533,0.011043460301926872,0.007889477781407207,0.011328270186174135,0.04594811330839451,0.029269379453498782,0.035762454507977125,0.04594811330839451,0.04805036826594847,0.011027675189821869,0.011328270186174135,0.028255135225692483,0.011829637247971345,0.011829637247971345,0.022614419339251582,0.19707034628959805,0.03999951840348613,0.3037345643046976,0.03186126107348606,0.05975717608264592,0.02662418942715905,0.12810098192170566,0.14367879264122946,0.17529882694859245,0.18519825658010466,0.05223093718781751,0.053116104677515937,0.13556427052115086,0.15698897782641463,0.05975717608264592,0.0745270875057279,0.15698897782641463,0.14367879264122946,0.14356559730175628,0.13556427052115086,0.12810098192170566,0.21358874544990444,0.21358874544990444,0.020801392849542747
171,24,0.034096425579872164,0.007574988378315108,0.09212446704118621,0.11649224776199739,0.019067943445414185,0.3037345643046976,0,False,6,0,0,0,0,3877,3154,4030,2037,3946,941,3631,3841,3931,4028,3311,3079,3760,4095,875,3507,3372,4039,4026,4092,4105,4051,3296,4086,0.07196127943531956,0.032447263642256106,0.03504057897873135,0.030681863583265422,0.02815496981287757,0.09212446704118621,0.027704636990376594,0.04732021627543459,0.07276925001791623,0.03440678638629533,0.010600618706363602,0.007574988378315108,0.011130803781947042,0.04541891655827623,0.02815496981287757,0.0345434349389098,0.04541891655827623,0.04732021627543459,0.010859759234249575,0.011130803781947042,0.032447263642256106,0.011880246747228974,0.02151732634681456,0.027704636990376594,0.19707034628959805,0.11999955853652897,0.3037345643046976,0.029206155984028887,0.05477741140909209,0.024405506974895796,0.11742590009489685,0.131705559921127,0.16069059136954306,0.18519825658010466,0.047878359088832714,0.04868976262105627,0.12426724797772161,0.14390656300754673,0.05477741140909209,0.06831649688025057,0.14390656300754673,0.131705559921127,0.13160179752660991,0.12426724797772161,0.11999955853652897,0.19578968332907906,0.019067943445414185,0.11742590009489685
172,24,0.032761028901609236,0.007264023696435215,0.08774376550879016,0.11569245059553229,0.017478948158296335,0.3037345643046976,0,False,6,0,0,0,0,3877,3154,4030,2037,3946,941,3631,3841,3931,4028,3311,3079,3760,4095,875,3507,3372,4039,4140,4026,4092,4105,4051,3296,0.07193554986660647,0.031742978337158494,0.03504057897873135,0.029262200261084302,0.027045241589409345,0.08774376550879016,0.0270837622353247,0.04732021627543459,0.07200576353384668,0.03428030283558367,0.010163137322922337,0.007264023696435215,0.01118339538538735,0.04473160457750749,0.02815496981287757,0.033307976575066824,0.04473160457750749,0.04644513882099873,0.01118339538538735,0.010658623442280038,0.010902227873237883,0.031742978337158494,0.0118717397889546,0.02046351862093063,0.18064781743213154,0.10999959532515155,0.3037345643046976,0.02677230965202648,0.05021262712500108,0.02237171472698781,0.10764040842032212,0.131705559921127,0.14729970875541445,0.1697650685317626,0.04388849583142999,0.044632282402634914,0.19724497731291146,0.1319143494235845,0.05477741140909209,0.06262345547356302,0.1319143494235845,0.12073009659436641,0.19724497731291146,0.12063498106605908,0.11391164397957813,0.10999959532515155,0.17947387638498913,0.017478948158296335
173,24,0.032268398704199674,0.00695791262806792,0.08774376550879016,0.1082186177797465,0.016022369145104975,0.3037345643046976,0,False,6,0,0,0,0,3877,3154,4030,2037,3946,941,3631,3841,3931,4028,3311,3079,3760,4095,875,3507,3372,4039,4140,4026,4092,4105,4051,3296,0.07193554986660647,0.030967122043417915,0.03504057897873135,0.02788920676621105,0.025946058439778437,0.08774376550879016,0.026404332177021508,0.04644513882099873,0.07098355046815225,0.03400696343264521,0.009732827724434017,0.00695791262806792,0.01117994362098925,0.043906965103444946,0.02815496981287757,0.033307976575066824,0.043906965103444946,0.045446320305538634,0.01117994362098925,0.010429128270339394,0.010647417904982429,0.030967122043417915,0.011809148360978941,0.019452661323867148,0.18064781743213154,0.10083296238138892,0.3037345643046976,0.02454128384769094,0.04602824153125099,0.02237171472698781,0.09867037438529527,0.12073009659436641,0.13502473302579657,0.15561797948744904,0.04023112117881082,0.04091292553574867,0.18080789587016882,0.12092148697161911,0.05477741140909209,0.06262345547356302,0.12092148697161911,0.11066925521150255,0.18080789587016882,0.11058206597722081,0.10441900698127995,0.10083296238138892,0.16451772001957335,0.016022369145104975
174,24,0.031416222359679453,0.006657761862775833,0.08352378215334647,0.10576668500390289,0.014687171716346226,0.3037345643046976,0,False,7,0,0,0,0,3877,4195,3154,4030,2037,3946,941,3631,3841,3931,4028,3311,3079,3760,4095,875,3507,3372,4039,4140,4026,4092,4105,3296,0.07193554986660647,0.010438316466101423,0.03013276363776924,0.03504057897873135,0.02656402975984297,0.02486239252649123,0.08352378215334647,0.025677352551602573,0.045446320305538634,0.0697356760717235,0.03360239009643419,0.009311194226776424,0.006657761862775833,0.011125155679628252,0.042965034043517175,0.027045241589409345,0.032065533018845765,0.042965034043517175,0.04434384598961208,0.011125155679628252,0.010438316466101423,0.010370952270086,0.03013276363776924,0.018484195710452,0.18064781743213154,0.18470022714578577,0.09243021551627317,0.3037345643046976,0.022496176860383358,0.042192554736980074,0.020507405166405493,0.09044784318652066,0.11066925521150255,0.12377267194031351,0.14264981453016162,0.036878527747243255,0.03750351507443628,0.16574057121432142,0.11084469639065085,0.05021262712500108,0.05740483418409943,0.11084469639065085,0.10144681727721067,0.16574057121432142,0.18470022714578577,0.09571742306617328,0.09243021551627317,0.014687171716346226
175,24,0.030703719807552276,0.0063644783500251935,0.07946525040161694,0.09910685596850881,0.01346324073998404,0.3037345643046976,0,False,7,0,0,0,0,3877,4195,3154,4030,2037,3946,941,3631,3841,3931,4028,3311,3079,3760,4095,875,3507,3372,4039,4140,4026,4092,4105,3296,0.07157981618523566,0.010398493307081095,0.029251958709621467,0.03504057897873135,0.02528733033246856,0.02379840562635768,0.07946525040161694,0.02491294617492076,0.04434384598961208,0.0697356760717235,0.03360239009643419,0.008899465364307224,0.0063644783500251935,0.011024013869205906,0.041924812941208214,0.027045241589409345,0.030824345893165038,0.041924812941208214,0.04315649318291273,0.011024013869205906,0.010398493307081095,0.01007707490945237,0.029251958709621467,0.01755737858064868,0.16559383264612057,0.16930854155030362,0.08472769755658374,0.3037345643046976,0.02062149545535141,0.0386765085088984,0.0187984547358717,0.08291052292097727,0.10144681727721067,0.12377267194031351,0.14264981453016162,0.03380531710163965,0.034378222151566586,0.1519288569464613,0.10160763835809661,0.05021262712500108,0.052621098002091145,0.10160763835809661,0.09299291583744311,0.1519288569464613,0.16930854155030362,0.08774097114399218,0.08472769755658374,0.01346324073998404
176,24,0.029928433391122184,0.006078790847665993,0.07556774786411251,0.09102230070420597,0.012341304011652036,0.27842335061263945,0,False,7,0,0,0,0,3877,4195,3154,4030,2037,3946,941,3631,3841,3931,4028,3311,3079,3760,4095,875,3507,3372,4039,4140,4026,4092,4105,3296,0.07092614949254088,0.01031426031316854,0.028335702466317784,0.03609033263090536,0.02405935411683769,0.022757529005183144,0.07556774786411251,0.02412032058015443,0.04315649318291273,0.06829416231223163,0.03308224716550177,0.008498623990001107,0.006078790847665993,0.01088161387186659,0.040804070241300644,0.027045241589409345,0.02959152648719806,0.040804070241300644,0.041901597674965076,0.01088161387186659,0.01031426031316854,0.009769673760237468,0.028335702466317784,0.01667131690176813,0.1517943465922772,0.15519949642111164,0.0776670560935351,0.27842335061263945,0.01890303750073879,0.03545346613315686,0.017231916841215725,0.0760013126775625,0.09299291583744311,0.11345828261195405,0.13076232998598147,0.030988207343169677,0.0315133703056027,0.13926811886758952,0.09314033516158855,0.05021262712500108,0.04823600650191688,0.09314033516158855,0.08524350618432285,0.13926811886758952,0.15519949642111164,0.0804292235486595,0.0776670560935351,0.012341304011652036
177,24,0.029038556153710867,0.005801270286556241,0.07182988056306047,0.10171331776963638,0.011312862010681032,0.27842335061263945,0,False,7,0,0,0,0,3877,4255,3154,4030,2037,3946,941,3631,3841,3931,4028,4195,875,3507,3372,4039,4140,4026,3311,3079,3760,4095,3296,4268,0.07000734073835947,0.02390886892755717,0.02739391729810201,0.03609033263090536,0.022879994147612475,0.021742540509309505,0.07182988056306047,0.02390886892755717,0.041901597674965076,0.06668950275998538,0.03308224716550177,0.010190359312457188,0.027045241589409345,0.028373143478347344,0.039619213882613316,0.0405949825298418,0.010703031051160676,0.010453167796109051,0.008109435648906066,0.005801270286556241,0.010703031051160676,0.039619213882613316,0.01582499804086083,0.010453167796109051,0.13914481770958742,0.15300120328776562,0.07119480141907383,0.27842335061263945,0.017327784375677224,0.032499010622060454,0.015795923771114415,0.15300120328776562,0.08524350618432285,0.10400342572762454,0.13076232998598147,0.14226620505268567,0.05021262712500108,0.044216339293423806,0.0853786405647895,0.0781398806689626,0.1276624422952904,0.225599538386019,0.028405856731238868,0.02888725611346914,0.1276624422952904,0.0853786405647895,0.011312862010681032,0.225599538386019
178,24,0.028432622965225262,0.0055323487792272325,0.07000734073835947,0.09569506602959703,0.011312862010681032,0.27842335061263945,0,False,7,0,0,0,0,3877,4255,3154,4030,2037,3946,941,3631,3841,3931,4028,4195,875,3507,3372,4039,4140,4026,3311,3079,3760,4095,3296,4268,0.07000734073835947,0.023607121455015114,0.026435467469971087,0.03609033263090536,0.02174884688221321,0.020755637783983517,0.06824944614897754,0.023607121455015114,0.0405949825298418,0.06668950275998538,0.03308224716550177,0.010031541333999978,0.025946058439778437,0.028373143478347344,0.03838522304044192,0.03925093722030801,0.010493213617305491,0.010533264266190003,0.0077324750052402335,0.0055323487792272325,0.010493213617305491,0.03838522304044192,0.01582499804086083,0.010533264266190003,0.13914481770958742,0.14025110301378516,0.06526190130081767,0.27842335061263945,0.015883802344370788,0.029790759736888748,0.014479596790188213,0.14025110301378516,0.0781398806689626,0.10400342572762454,0.13076232998598147,0.13041068796496186,0.04602824153125099,0.044216339293423806,0.07826375385105704,0.07162822394654905,0.11702390543734952,0.20679957685385075,0.026038702003635627,0.026479984770680046,0.11702390543734952,0.07826375385105704,0.011312862010681032,0.20679957685385075
179,24,0.029541984770379486,0.007368150206948926,0.07000734073835947,0.09863747742173967,0.010370123509790946,0.27842335061263945,0,False,7,0,0,0,0,3877,4255,3154,4030,2037,3946,941,3631,3841,3931,4028,4195,875,3507,4317,4301,3372,4039,4140,4026,3311,3760,4095,3296,0.07000734073835947,0.023226088764335448,0.025468194339538917,0.03609033263090536,0.020665261849509,0.020309108677653422,0.06482357774364267,0.023226088764335448,0.03925093722030801,0.06668950275998538,0.03246189057310514,0.009842460933747013,0.02486239252649123,0.02717431319126228,0.03807283645819987,0.020309108677653422,0.03711562763757524,0.037882236245224216,0.010256900509985891,0.010558231038670738,0.007368150206948926,0.010256900509985891,0.03807283645819987,0.015017316033484723,0.13914481770958742,0.12856351109596972,0.05982340952574953,0.27842335061263945,0.014560152149006555,0.1106415297588147,0.013272963724339195,0.12856351109596972,0.07162822394654905,0.10400342572762454,0.11986546915381635,0.11954313063454837,0.042192554736980074,0.040531644352305156,0.15507510769680227,0.1106415297588147,0.07174177436346894,0.06565920528433662,0.10727191331757038,0.18956627878269652,0.023868810169999324,0.10727191331757038,0.15507510769680227,0.010370123509790946
180,24,0.028877853367641704,0.007016725151147764,0.07000734073835947,0.092344269572543,0.0095059465506417,0.27842335061263945,0,False,7,0,0,0,0,3877,4255,3154,4030,2037,3946,941,3631,3841,3931,4028,4195,875,3507,4317,4301,3372,4039,4140,4026,3311,3760,4095,3296,0.07000734073835947,0.02277652258278855,0.02449896645562408,0.03609033263090536,0.019628385419654528,0.019816279683395152,0.06154887006826233,0.02277652258278855,0.03925093722030801,0.06495031507998161,0.03175609508248494,0.009627594136347369,0.02379840562635768,0.02599928966133573,0.03761417249417868,0.019816279683395152,0.03582252534294786,0.037882236245224216,0.009998561296738026,0.010532295555987552,0.007016725151147764,0.009998561296738026,0.03761417249417868,0.014247094294271595,0.13914481770958742,0.11784988517130557,0.054838125398603735,0.27842335061263945,0.013346806136589342,0.10142140227891347,0.012166883413977595,0.11784988517130557,0.07162822394654905,0.09533647358365582,0.10987668005766499,0.10958120308166934,0.0386765085088984,0.037154007322946395,0.1421521820554021,0.10142140227891347,0.06576329316651319,0.06565920528433662,0.09833258720777285,0.17376908888413847,0.02187974265583271,0.09833258720777285,0.1421521820554021,0.0095059465506417
181,24,0.027717601064508202,0.006678339673586817,0.06885604228292298,0.08868220870624378,0.008713784338088225,0.25522140472825283,0,False,8,0,0,0,0,3877,4346,4255,3154,4030,2037,3946,941,3631,3841,3931,4028,4195,875,3507,4317,4301,3372,4039,4140,4026,3311,3760,3296,0.06885604228292298,0.02414067292708613,0.022268733701710886,0.02414067292708613,0.03690893999072231,0.018637199195757563,0.019285540805249673,0.06154887006826233,0.022268733701710886,0.037882236245224216,0.06310311148551294,0.03175609508248494,0.00939117757057282,0.022757529005183144,0.024851552454543537,0.037026768538331686,0.019285540805249673,0.034516627028395114,0.036500187699974734,0.009722355126122068,0.010460038956574496,0.006678339673586817,0.009722355126122068,0.013513105149809836,0.12754941623378846,0.13360161494872008,0.1080290614070301,0.13360161494872008,0.25522140472825283,0.012234572291873563,0.09296961875567068,0.012166883413977595,0.1080290614070301,0.06565920528433662,0.0873917674516845,0.10987668005766499,0.10044943615819689,0.03545346613315686,0.034057840046034196,0.13030616688411858,0.09296961875567068,0.060283018735970424,0.060187604843975236,0.09013820494045845,0.15928833147712693,0.02005643076784665,0.09013820494045845,0.008713784338088225
182,24,0.027539896541615413,0.006353027728670077,0.06885604228292298,0.09395398888052058,0.011152976462812795,0.23395295433423174,0,False,7,0,0,0,0,3877,4346,4255,3154,4369,3946,941,3631,3841,3931,4028,4195,875,4030,2037,4317,4301,3372,4039,4140,4026,3311,3760,3507,0.06885604228292298,0.024318231132455004,0.0217124581219081,0.02370683393940555,0.024318231132455004,0.018724637686928208,0.058421489490480864,0.0217124581219081,0.036500187699974734,0.06117216769686234,0.03175609508248494,0.009137166072515803,0.022757529005183144,0.03750161006995927,0.0176905535212332,0.036327802660816644,0.018724637686928208,0.03320732294536039,0.035114703636143774,0.009432105740595323,0.010346229037772773,0.006353027728670077,0.009432105740595323,0.023733890765210243,0.12754941623378846,0.20580148036966006,0.09902663962311092,0.12246814703632673,0.20580148036966006,0.08522215052603145,0.011152976462812795,0.09902663962311092,0.060187604843975236,0.08010912016404413,0.10987668005766499,0.09207864981168047,0.03545346613315686,0.23395295433423174,0.011215024600884098,0.11944731964377536,0.08522215052603145,0.05525943384130622,0.055171971106977295,0.0826266878620869,0.14601430385403302,0.018385061537192764,0.0826266878620869,0.03121968670886468
183,24,0.026820283845831506,0.0060407336567999854,0.0675040821634602,0.08744144501730028,0.010223561757578395,0.23395295433423174,0,False,7,0,0,0,0,3877,4346,4255,3154,4369,3946,941,3631,3841,3931,4028,4195,875,4030,2037,4317,4301,3372,4039,4140,4026,3311,3760,3507,0.0675040821634602,0.024369058566476486,0.021116765015312428,0.023208305811233447,0.024369058566476486,0.018140639861654168,0.05543726956587347,0.021116765015312428,0.035114703636143774,0.059179472028612644,0.03175609508248494,0.008869205953652308,0.022757529005183144,0.03750161006995927,0.01678719657972186,0.03553379144793574,0.018140639861654168,0.03190276313775312,0.03373438537273231,0.00913128967678635,0.010195679769040773,0.0060407336567999854,0.00913128967678635,0.02264848277891029,0.11692029821430608,0.1886513570055217,0.09077441965451834,0.11226246811663283,0.1886513570055217,0.07812030464886216,0.010223561757578395,0.09077441965451834,0.055171971106977295,0.07343336015037379,0.10987668005766499,0.08440542899404042,0.03545346613315686,0.23395295433423174,0.010280439217477089,0.10949337634012742,0.07812030464886216,0.05065448102119737,0.050574306848062515,0.07574113054024632,0.13384644519953026,0.016852973075760034,0.07574113054024632,0.02861804614979262
184,24,0.026879905556943945,0.005741326655592827,0.0659819372436719,0.09157024654019456,0.009423735949353997,0.25626374392172824,0,False,8,0,0,0,0,3877,4346,4255,3154,4369,4417,3946,941,3631,3841,3931,4028,4195,875,4030,2037,4317,4301,3372,4039,4026,3311,3760,3507,0.0659819372436719,0.024929740569912383,0.02049000000447467,0.022655407244914473,0.024302969102659003,0.024929740569912383,0.01753993148448427,0.05543726956587347,0.02049000000447467,0.03373438537273231,0.0571447378653346,0.030978851643956928,0.008590621214782762,0.022757529005183144,0.037877482310088646,0.01592579954053603,0.03466036598794125,0.01753993148448427,0.030609946774788656,0.03236661815478499,0.010013136899431927,0.005741326655592827,0.008823035005283565,0.021596969661355665,0.10717694002978057,0.25626374392172824,0.08320988468330848,0.10290726244024676,0.1729304105883949,0.25626374392172824,0.07161027926145698,0.010223561757578395,0.08320988468330848,0.050574306848062515,0.06731391347117596,0.10072029005285957,0.07737164324453705,0.03545346613315686,0.2144568748063791,0.009423735949353997,0.10036892831178346,0.07161027926145698,0.04643327426943092,0.046359781277390634,0.12269257476623607,0.01544855865278003,0.06942936966189246,0.026233208970643233
185,24,0.025965564257057774,0.00545461358311427,0.0659819372436719,0.09744402399938096,0.008638424620241164,0.3182417652615842,0,False,8,0,0,0,0,3877,4346,4255,3154,4369,4417,3946,941,3631,3841,3931,4028,4195,875,4030,2037,4445,4301,3372,4039,4026,3311,3760,3507,0.0659819372436719,0.0253374493308506,0.01983975750484377,0.02205780616377778,0.024130569957920102,0.02599089995354911,0.016928219697001496,0.052591793569168675,0.01983975750484377,0.03236661815478499,0.0571447378653346,0.03014322590785451,0.008304410177241157,0.021742540509309505,0.03804878026678708,0.015104978174268886,0.02599089995354911,0.016928219697001496,0.02933481613986627,0.03101767066636356,0.00980318807554086,0.00545461358311427,0.008510128244500072,0.020580523828243012,0.10717694002978057,0.23490843192825087,0.0762757276263661,0.09433165723689285,0.15851954303936197,0.3182417652615842,0.0656427559896689,0.009371598277780195,0.0762757276263661,0.046359781277390634,0.06731391347117596,0.0923269325484546,0.0709240063074923,0.032499010622060454,0.19658546857251416,0.008638424620241164,0.3182417652615842,0.0656427559896689,0.04256383474697834,0.04249646617094141,0.1124681935357164,0.014161178765048361,0.06364358885673475,0.02404710822308963
186,24,0.025276431060330933,0.005180350226618995,0.06431834783443229,0.09000627709864266,0.007918555901887734,0.2917216181564522,0,False,8,0,0,0,0,3877,4346,4255,3154,4369,4417,3946,941,3631,3841,3931,4028,4195,875,4030,2037,4445,4301,3372,4039,4026,3311,3760,3507,0.06431834783443229,0.025598252006856958,0.019172876347104368,0.021424445928272973,0.023862879532272546,0.02687853682333773,0.01631055636696621,0.0498804654158727,0.019172876347104368,0.03101767066636356,0.055085464718218825,0.029261268653669605,0.008013250256273727,0.020755637783983517,0.03804878026678708,0.014323311332378491,0.02687853682333773,0.01631055636696621,0.028082351935156687,0.029692795879642297,0.009570195167740672,0.005180350226618995,0.008195027390883989,0.019599911377700865,0.09824552836063218,0.21533272926756328,0.06991941699083559,0.08647068580048511,0.14530958111941514,0.2917216181564522,0.060172526323863156,0.008590631754631844,0.06991941699083559,0.04249646617094141,0.061704420681911294,0.08463302150275005,0.06501367244853459,0.029790759736888748,0.19658546857251416,0.007918555901887734,0.2917216181564522,0.060172526323863156,0.03901684851806348,0.038955093990029624,0.1030958440744067,0.012981080534627664,0.058339956452006854,0.022043182537832162
187,24,0.02467142659017212,0.007879879317219014,0.06431834783443229,0.11809625805327094,0.0072586762433970884,0.3507448166434145,0,False,8,0,0,0,0,3877,4346,4255,3154,4369,4417,3946,941,4504,3631,3841,3931,4028,4500,4195,875,4030,2037,4445,4301,4491,4026,3760,3507,0.06431834783443229,0.025598252006856958,0.01849545350164059,0.02129899330953242,0.02351100655726976,0.027590778078707502,0.015691369556188973,0.047298570272503074,0.028302341854557496,0.01849545350164059,0.029692795879642297,0.055085464718218825,0.02834396915881885,0.007918594350435598,0.007918594350435598,0.019798506900278175,0.038030010792659025,0.013579356652713218,0.028302341854557496,0.015691369556188973,0.02129899330953242,0.00931824611271109,0.007879879317219014,0.018655548737390712,0.09824552836063218,0.21533272926756328,0.06409279890826595,0.1625981286504447,0.13320044935946387,0.2674114833100812,0.05515814913020789,0.00787474577507919,0.3507448166434145,0.06409279890826595,0.038955093990029624,0.061704420681911294,0.07758026971085422,0.14292919974449006,0.14292919974449006,0.02730819642548135,0.1802033461914713,0.0072586762433970884,0.3507448166434145,0.05515814913020789,0.1625981286504447,0.0945045237348728,0.053478293414339614,0.02020625065967948
188,24,0.024274599015326127,0.007566540086122746,0.06431834783443229,0.10931655971194831,0.006653786556447331,0.32151608192312997,0,False,8,0,0,0,0,3877,4346,4255,3154,4369,4417,3946,941,4504,3631,3841,3931,4028,4500,4195,875,4030,2037,4445,4301,4491,4026,3760,3507,0.06431834783443229,0.02572032704879615,0.017812871391671502,0.02108679014579665,0.0230858893280202,0.02812970145505354,0.01507450166243328,0.04484132604802785,0.029536595552955038,0.017812871391671502,0.0283963305582877,0.053017035092489485,0.02740124314942343,0.007796629801768552,0.007796629801768552,0.019798506900278175,0.038030010792659025,0.0128716638211451,0.029536595552955038,0.01507450166243328,0.02108679014579665,0.009051123441285405,0.007566540086122746,0.01774755370255596,0.09824552836063218,0.197388335161933,0.05875173233257712,0.14904828459624098,0.12210041191284188,0.24512719303424108,0.050561636702690566,0.007218516960489258,0.32151608192312997,0.05875173233257712,0.03570883615752715,0.05656238562508535,0.07111524723494969,0.13101843309911587,0.13101843309911587,0.02730819642548135,0.1802033461914713,0.006653786556447331,0.32151608192312997,0.050561636702690566,0.14904828459624098,0.08662914675696673,0.04902176896314465,0.01852239643803952
189,24,0.02393237520437841,0.0072565969972069235,0.06254005472571249,0.10532775514648811,0.006099304343410053,0.30803326028138767,0,False,8,0,0,0,0,3877,4346,4255,3154,4369,4417,3946,941,4504,3631,3841,3931,4028,4500,4195,875,4030,2037,4541,4301,4491,4026,3760,3507,0.06254005472571249,0.02571342091059295,0.01712983495336527,0.020797619850236617,0.022598091247918967,0.02923573398875035,0.014463251732312865,0.04484132604802785,0.0305733507544936,0.01712983495336527,0.027131791436676118,0.053017035092489485,0.02740124314942343,0.007650976606537503,0.007650976606537503,0.01887238596758251,0.038030010792659025,0.012198785688502195,0.02923573398875035,0.014463251732312865,0.020797619850236617,0.008772286703155153,0.0072565969972069235,0.016875791128235975,0.09005840099724616,0.1809393072317719,0.05385575463819569,0.13662759421322088,0.11192537758677172,0.30803326028138767,0.04634816697746635,0.007218516960489258,0.29472307509620244,0.05385575463819569,0.032733099811066556,0.05656238562508535,0.07111524723494969,0.1201002303408562,0.1201002303408562,0.02503251339002457,0.1802033461914713,0.006099304343410053,0.30803326028138767,0.04634816697746635,0.13662759421322088,0.07941005119388617,0.044936621549549256,0.016978863401536228
190,24,0.023525733853846455,0.006951391428351782,0.06254005472571249,0.09973995366935717,0.005591028981459215,0.30803326028138767,0,False,8,0,0,0,0,3877,4346,4255,3154,4369,4417,3946,941,4504,3631,3841,3931,4028,4500,4195,875,4030,2037,4541,4301,4491,4026,3760,3507,0.06254005472571249,0.02558835266995237,0.01645041524467431,0.020441177502075095,0.02205764730423282,0.02923573398875035,0.01386041993852712,0.04484132604802785,0.03140989384164804,0.01645041524467431,0.02590196667710578,0.05095283640211191,0.02644194780643023,0.0074851191032837515,0.0074851191032837515,0.01887238596758251,0.038030010792659025,0.011559287512373645,0.02923573398875035,0.01386041993852712,0.020441177502075095,0.008484866165409482,0.006951391428351782,0.016039913596095665,0.09005840099724616,0.16586103162912424,0.049367775085012715,0.12524196136211913,0.10259826278787407,0.30803326028138767,0.04248581972934415,0.007218516960489258,0.27016281883818555,0.049367775085012715,0.030005341493477673,0.05184885348966157,0.06518897663203721,0.11009187781245151,0.11009187781245151,0.02503251339002457,0.1802033461914713,0.005591028981459215,0.30803326028138767,0.04248581972934415,0.12524196136211913,0.07279254692772898,0.04119190308708682,0.015563958118074876
191,24,0.023079984819049073,0.006652041742094442,0.060671639361402865,0.0938861821808775,0.005125109899670946,0.30803326028138767,0,False,8,0,0,0,0,3877,4346,4255,3154,4369,4417,3946,941,4504,3631,3841,3931,4028,4500,4195,875,4030,2037,4541,4301,4491,4026,3760,3507,0.060671639361402865,0.025356577527641387,0.015778096997379705,0.0200268758007479,0.02205764730423282,0.02923573398875035,0.013268352650265696,0.042503926853850016,0.03204810267085052,0.015778096997379705,0.024709001677756418,0.05095283640211191,0.02644194780643023,0.0073023578848884765,0.0073023578848884765,0.01797812353855741,0.038030010792659025,0.010951754565451714,0.030147861945396925,0.013268352650265696,0.0200268758007479,0.008191665403108169,0.006652041742094442,0.015239397410319934,0.08255353424747564,0.1520392789933639,0.04525379382792832,0.1148051312486092,0.10259826278787407,0.30803326028138767,0.0389453347518988,0.006616973880448486,0.24764925060167006,0.04525379382792832,0.0275048963690212,0.05184885348966157,0.06518897663203721,0.10091755466141389,0.10091755466141389,0.022946470607522522,0.1802033461914713,0.005125109899670946,0.28236382192460535,0.0389453347518988,0.1148051312486092,0.06672650135041823,0.03775924449649625,0.014266961608235302
192,24,0.023118547882972035,0.006359465707447882,0.05873544868712077,0.09500258617276092,0.004698017408031701,0.28236382192460535,0,False,8,0,0,0,0,3877,4346,4255,3154,4369,4417,3946,941,4504,3631,3841,3931,4028,4612,4195,875,4030,2037,4541,4301,4491,4500,3760,3507,0.05873544868712077,0.02502981427200637,0.015115828036582186,0.019563697349907764,0.022027766674300845,0.030147861945396925,0.012688986899227964,0.04028157941728163,0.032493730000951494,0.015115828036582186,0.023554478678549522,0.04890439905535879,0.02547391723376543,0.022027766674300845,0.007105776166660723,0.017116231788369695,0.038030010792659025,0.0103747983260805,0.030865728739811756,0.012688986899227964,0.019563697349907764,0.007105776166660723,0.006359465707447882,0.014473574293170182,0.07567407306018599,0.13936933907725021,0.04148264434226762,0.10523803697789176,0.1773817408888846,0.28236382192460535,0.035699890189240566,0.006065559390411111,0.22701181305153087,0.04148264434226762,0.025212821671602766,0.047528115698856434,0.059756561912700776,0.1773817408888846,0.0925077584396294,0.02103426472356231,0.1802033461914713,0.004698017408031701,0.25883350343088823,0.035699890189240566,0.10523803697789176,0.0925077584396294,0.0346126407884549,0.01307804814088236
193,24,0.023474638109702187,0.006898218433632339,0.05873544868712077,0.11624761412382667,0.004306515957362392,0.34216683676422155,0,False,8,0,0,0,0,3877,4346,4255,3154,4369,4417,3946,941,4504,3631,3841,3931,4028,4612,4646,4195,875,4030,2037,4541,4301,4491,4500,4637,0.05873544868712077,0.02502981427200637,0.014466068953652397,0.019060087936320014,0.021898793308593387,0.031661753209430155,0.012123893357891165,0.03816953333564933,0.032493730000951494,0.014466068953652397,0.022439489904039996,0.0468815435489302,0.02450401275137927,0.022027766674300845,0.0070761228892903495,0.0070761228892903495,0.016286934579486195,0.038030010792659025,0.009827061442701566,0.03139310420823365,0.012123893357891165,0.019060087936320014,0.006898218433632339,0.031661753209430155,0.07567407306018599,0.13936933907725021,0.03802575731374532,0.09646820056306744,0.1625999291481442,0.34216683676422155,0.032724899340137184,0.005560096107876852,0.22701181305153087,0.03802575731374532,0.0231117531989692,0.0435674393906184,0.05477684841997571,0.1773817408888846,0.16813211190299363,0.16813211190299363,0.01928140932993212,0.1802033461914713,0.004306515957362392,0.23726404481164753,0.032724899340137184,0.09646820056306744,0.08479877856966028,0.34216683676422155
194,24,0.023130923946439425,0.006682279249877155,0.05873544868712077,0.10783710102424322,0.003947639627582192,0.31365293370053643,0,False,8,0,0,0,0,3877,4346,4255,3154,4369,4417,3946,941,4504,3631,3841,3931,4028,4612,4646,4195,875,4030,2037,4541,4301,4491,4500,4637,0.05873544868712077,0.024619737266581985,0.013830841812577413,0.018523885079270774,0.02168062523471191,0.03296321589590804,0.01157431720598872,0.03616310596608461,0.03275566484164303,0.013830841812577413,0.021364704205084552,0.04489253092288848,0.02450401275137927,0.021898793308593387,0.0070164903772936115,0.0070164903772936115,0.015490210615787954,0.03783723507253955,0.009307221641942741,0.03139310420823365,0.01157431720598872,0.018523885079270774,0.006682279249877155,0.03296321589590804,0.07567407306018599,0.12775522748747936,0.03485694420426654,0.08842918384947848,0.1490499350524655,0.31365293370053643,0.02999782439512575,0.005096754765553781,0.2080941619639033,0.03485694420426654,0.021185773765721765,0.0399368194414002,0.05477684841997571,0.1625999291481442,0.15412110257774414,0.15412110257774414,0.017674625219104442,0.16518640067551535,0.003947639627582192,0.23726404481164753,0.02999782439512575,0.08842918384947848,0.07773221368885526,0.31365293370053643
195,24,0.02281045526305388,0.00646030025700742,0.05873544868712077,0.10322058947692714,0.003618669658617009,0.37084852255882506,0,False,7,0,0,0,0,3877,4346,4255,3154,4703,3946,941,4504,3631,3841,3931,4028,4612,4646,4195,875,4369,4417,4541,4301,4491,4500,4030,2037,0.05873544868712077,0.024137730242174412,0.013211776999183897,0.017962276136927025,0.034923206143628864,0.011041216471342359,0.034257702660340165,0.03284521253460808,0.013211776999183897,0.02033042732622419,0.04294421223608378,0.023538183300224568,0.02168062523471191,0.006930110584315124,0.006930110584315124,0.015490210615787954,0.021383321362531703,0.03404518380342642,0.031737171723195026,0.011041216471342359,0.017962276136927025,0.00646030025700742,0.03783723507253955,0.0088139947301516,0.07567407306018599,0.1171089585301894,0.031952198853911,0.08106008519535528,0.37084852255882506,0.027498005695531937,0.004672025201757633,0.19075298180024466,0.031952198853911,0.019420292618578285,0.03660875115461685,0.0502121110516444,0.1490499350524655,0.14127767736293212,0.14127767736293212,0.017674625219104442,0.1366291071314267,0.28751518922549174,0.21749204107734357,0.027498005695531937,0.08106008519535528,0.07125452921478398,0.16518640067551535,0.003618669658617009
196,24,0.023605773734322783,0.006234373583944645,0.05675158765016806,0.11743573743269575,0.00428268976827783,0.4232778123455896,0,False,7,0,0,0,0,3877,4346,4255,3154,4703,3946,941,4504,3631,3841,3931,4028,4612,4646,4195,875,4369,4417,4708,4541,4301,4491,4500,4030,0.05675158765016806,0.02359469698458515,0.012610157593359568,0.017381780542741126,0.037597248603176814,0.010525297598400365,0.03244883297494932,0.032775423100822564,0.012610157593359568,0.019336656044110525,0.04104217382737825,0.02258153210337767,0.02168062523471191,0.006820215337562838,0.006820215337562838,0.014725831952596262,0.02101684980913184,0.034906180211754706,0.037597248603176814,0.031737171723195026,0.010525297598400365,0.017381780542741126,0.006234373583944645,0.03783723507253955,0.06936790030517048,0.10734987865267362,0.02928951561608508,0.07430507809574234,0.4232778123455896,0.025206505220904275,0.00428268976827783,0.1748568999835576,0.02928951561608508,0.017801934900363428,0.03355802189173211,0.046027768464007364,0.1490499350524655,0.12950453758268776,0.12950453758268776,0.016201739784179072,0.1252433482038078,0.26355559012336743,0.4232778123455896,0.21749204107734357,0.025206505220904275,0.07430507809574234,0.06531665178021864,0.16518640067551535
197,24,0.02328829034389417,0.006006350109633982,0.05675158765016806,0.11401292949840802,0.003925798954254677,0.4232778123455896,0,False,7,0,0,0,0,3877,4346,4255,3154,4703,3946,941,4504,3631,4737,3931,4028,4612,4646,4195,875,4369,4417,4708,4541,4301,4491,4500,4030,0.05675158765016806,0.023000922711358437,0.012026960862645014,0.016788251206234,0.037597248603176814,0.010027048128224884,0.030732123414763036,0.032775423100822564,0.012026960862645014,0.01885722574272024,0.039190876045413464,0.02163838649773213,0.021383321362531703,0.006689965732355415,0.006689965732355415,0.013993398168651746,0.02059088838226611,0.035549578866083203,0.04004213587525782,0.031907814791422594,0.010027048128224884,0.016788251206234,0.006006350109633982,0.03783723507253955,0.06936790030517048,0.09840405543161748,0.02684872264807799,0.06811298825443048,0.4232778123455896,0.02310596311916225,0.003925798954254677,0.1748568999835576,0.02684872264807799,0.09965177365866648,0.0307615200674211,0.04219212109200675,0.1366291071314267,0.11871249278413044,0.11871249278413044,0.014851594802164149,0.11480640252015716,0.24159262427975348,0.38800466131679046,0.19936770432089826,0.02310596311916225,0.06811298825443048,0.05987359746520042,0.16518640067551535
198,24,0.022953890464215587,0.005777851245668395,0.05473796415082737,0.10577766490477825,0.0035986490414001205,0.38800466131679046,0,False,7,0,0,0,0,3877,4346,4255,3154,4703,3946,941,4504,3631,4737,3931,4028,4612,4646,4195,875,4369,4417,4708,4541,4301,4491,4500,4030,0.05473796415082737,0.022365979330593956,0.011462896648276426,0.016186890669512597,0.04004213587525782,0.00954676647307884,0.029103327202228493,0.03256048725038148,0.011462896648276426,0.018343078998361118,0.03739378387716333,0.020712368525149873,0.02101684980913184,0.006542397485110671,0.006542397485110671,0.013292366527414444,0.020114672698971135,0.03598280044477417,0.04222675278933148,0.031907814791422594,0.00954676647307884,0.016186890669512597,0.005777851245668395,0.03783723507253955,0.06358724194640628,0.09020371747898269,0.024611329094071488,0.0624369058998946,0.38800466131679046,0.021180466192565396,0.0035986490414001205,0.16028549165159447,0.024611329094071488,0.09134745918711094,0.028198060061802675,0.03867611100100619,0.1252433482038078,0.10881978505211957,0.10881978505211957,0.013613961901983803,0.10523920231014405,0.22145990558977402,0.35567093954039125,0.19936770432089826,0.021180466192565396,0.0624369058998946,0.05488413100976705,0.16518640067551535
199,24,0.022506275157446413,0.005550283123785978,0.052710373224920025,0.09946364090068838,0.003298761621283444,0.35567093954039125,0,False,7,0,0,0,0,3877,4346,4255,3154,4703,3946,941,4504,3631,4737,3931,4028,4612,4646,4195,875,4369,4417,4708,4541,4301,4491,4500,4030,0.052710373224920025,0.02169866769236018,0.010918442548649867,0.015582278205010291,0.04222675278933148,0.009084588842522456,0.027558331505454236,0.03221521089554956,0.010918442548649867,0.01780149652440112,0.035653488503443596,0.019806464449621506,0.02059088838226611,0.006380380572212332,0.006380380572212332,0.012622078462607737,0.01959688645421249,0.036216498780676405,0.04222675278933148,0.031907814791422594,0.009084588842522456,0.015582278205010291,0.005550283123785978,0.03783723507253955,0.05828830511753908,0.0826867410224008,0.022560385002898864,0.057233830408236715,0.35567093954039125,0.019415427343184945,0.003298761621283444,0.14692836734729492,0.022560385002898864,0.08373517092151836,0.025848221723319117,0.03545310175092234,0.11480640252015716,0.0997514696311096,0.0997514696311096,0.012479465076818486,0.0964692687842987,0.20300491345729285,0.35567093954039125,0.19936770432089826,0.019415427343184945,0.057233830408236715,0.050310453425619794,0.16518640067551535
200,24,0.023341326175458033,0.006206591289653855,0.050682609228390116,0.0987983900085345,0.0030238648195098235,0.35567093954039125,0,False,7,0,0,0,0,3877,4346,4255,3154,4703,3946,941,4504,3631,4737,3931,4810,4195,875,4369,4417,4708,4541,4301,4491,4028,4612,4646,4030,0.050682609228390116,0.021006990223198047,0.01039387590655189,0.014978404629622506,0.04222675278933148,0.008640513430786251,0.026093162504795927,0.03175457218669284,0.01039387590655189,0.017239108861434968,0.03484794955407812,0.03484794955407812,0.006206591289653855,0.012622078462607737,0.01959688645421249,0.036263778273460924,0.044129090457487016,0.031916937315097885,0.008640513430786251,0.014978404629622506,0.018923091852031743,0.020114672698971135,0.006206591289653855,0.0374874272818952,0.053430946357744154,0.07579617927053406,0.020680352919323956,0.05246434454088365,0.35567093954039125,0.017797475064586198,0.0030238648195098235,0.13468433673502034,0.020680352919323956,0.07675724001139182,0.1070275365797092,0.1070275365797092,0.09143884716185047,0.012479465076818486,0.0964692687842987,0.18608783733585177,0.32603169457869197,0.1827537289608234,0.017797475064586198,0.05246434454088365,0.03249867660501214,0.10523920231014405,0.09143884716185047,0.15142086728588908
201,24,0.02279483435567393,0.0060234948262247,0.04866659669388721,0.09693020299881278,0.0027718760845506715,0.35567093954039125,0,False,7,0,0,0,0,3877,4346,4255,3154,4703,3946,941,4504,3631,4737,3931,4810,4195,875,4369,4417,4708,4541,4301,4491,4028,4612,4846,4030,0.04866659669388721,0.02029814784883391,0.009889302681075235,0.01437871216797444,0.04222675278933148,0.00821442201127083,0.024703988629997196,0.03119335995944836,0.009889302681075235,0.016661891280377285,0.03396791368177236,0.03396791368177236,0.0060234948262247,0.011981782720263949,0.019045587954013263,0.03613947176271,0.044129090457487016,0.031777841203568934,0.00821442201127083,0.01437871216797444,0.01806416335389318,0.01959688645421249,0.006178840235844338,0.0374874272818952,0.04897836749459881,0.06947983099798954,0.018956990176046958,0.04809231582914335,0.35567093954039125,0.016314352142537347,0.0027718760845506715,0.12346064200710197,0.018956990176046958,0.07036080334377584,0.09810857519806676,0.09810857519806676,0.08381894323169625,0.011439509653750278,0.08843016305227382,0.1705805175578641,0.32603169457869197,0.16752425154742145,0.016314352142537347,0.04809231582914335,0.029790453554594462,0.0964692687842987,0.1671522765650296,0.15142086728588908
202,24,0.021897957558114117,0.0058333365072152235,0.046672532273576726,0.09407156064769512,0.0025408864108381153,0.35567093954039125,0,False,7,0,0,0,0,3877,4346,4255,3154,4703,3946,941,4504,3631,4850,3931,4810,4195,875,4369,4417,4708,4541,4301,4737,4491,4028,4846,4030,0.046672532273576726,0.019578555759055996,0.009647229306313274,0.013786137206168515,0.04222675278933148,0.007806099106860939,0.023387122257409635,0.03054588887239448,0.00940468333796311,0.009647229306313274,0.03302749159950439,0.03302749159950439,0.0058333365072152235,0.011370655479504818,0.018468167038589226,0.035859497401124436,0.04573586213487713,0.03150467589040771,0.007806099106860939,0.016075174682722126,0.013786137206168515,0.01723114634494652,0.006125088153288953,0.03699792803463702,0.0448968368700489,0.0636898450814904,0.10071057432804306,0.0440846228433814,0.35567093954039125,0.014954822797325901,0.0025408864108381153,0.1131722551731768,0.017377240994709713,0.10071057432804306,0.08993286059822786,0.08993286059822786,0.07683403129572156,0.010486217182604422,0.08106098279791767,0.15636547442804208,0.2988623866971343,0.153563897251803,0.014954822797325901,0.06449740306512786,0.0440846228433814,0.027307915758378255,0.15322292018461045,0.13880246167873164
203,24,0.02185354253876424,0.0056381399996645095,0.04573586213487713,0.10972457720631079,0.0023291458766016055,0.32603169457869197,0,False,7,0,0,0,0,3877,4346,4255,3154,4703,3946,941,4886,4504,3631,4850,3931,4810,4891,4195,875,4369,4417,4708,4541,4301,4737,4881,4030,0.04470903173746087,0.01885387327617333,0.009386978715586842,0.013203154228309545,0.044129090457487016,0.007415248917296424,0.02213902011906354,0.018332226785699585,0.029825784196706177,0.008939855927572607,0.009629068083260065,0.032039652167648834,0.03302749159950439,0.015882991013263854,0.0056381399996645095,0.010787817759179448,0.018332226785699585,0.035440304158935926,0.04573586213487713,0.03111196681849474,0.007415248917296424,0.015882991013263854,0.009629068083260065,0.03699792803463702,0.04115543379754483,0.0583823579913662,0.0923180264673728,0.04041090427309962,0.32603169457869197,0.013708587564215408,0.0023291458766016055,0.15763923423142454,0.1037412339087454,0.015929137578483903,0.17565135980070615,0.08243845554837553,0.08993286059822786,0.14245595280970053,0.07043119535441142,0.00961236575072072,0.15763923423142454,0.14333501822570524,0.2988623866971343,0.14076690581415274,0.013708587564215408,0.14245595280970053,0.17565135980070615,0.13880246167873164
204,24,0.022166404591242684,0.00543971094516032,0.04704178760861985,0.11012349327332827,0.002135050386884805,0.32603169457869197,0,False,7,0,0,0,0,3877,4346,4255,3154,4703,3946,941,4886,4504,3631,4850,3931,4810,4908,4891,4195,875,4369,4417,4708,4541,4301,4918,4030,0.04278327734919333,0.018129043800380513,0.009112303430943807,0.012631819618536069,0.044129090457487016,0.007041510189571411,0.020956282641941278,0.018124390341677288,0.029045827941561898,0.00849455654143412,0.009568051101631555,0.03101618332898984,0.03286595202074818,0.03286595202074818,0.01563628368199987,0.00543971094516032,0.010232350399067511,0.018124390341677288,0.03489840860197311,0.04704178760861985,0.030614224147669438,0.007041510189571411,0.009814810310450563,0.03638599317879059,0.03772581431441609,0.05351716149208568,0.08462485759509174,0.037043328917007984,0.32603169457869197,0.012566205267197457,0.002135050386884805,0.1445026313788058,0.09509613108301661,0.014601709446943577,0.16101374648398062,0.07556858425267757,0.16577178888170888,0.16577178888170888,0.13058462340889215,0.06456192907487714,0.008811335271493992,0.1445026313788058,0.13139043337356313,0.2739571878057064,0.12903633032964001,0.012566205267197457,0.24434707981731396,0.12723558987217068
205,24,0.02239559458789739,0.005239644680228526,0.04804865427155237,0.11350925366677224,0.001957129521311071,0.2988623866971343,0,False,7,0,0,0,0,3877,4346,4255,3154,4703,3946,941,4886,4504,3631,4850,3931,4810,4908,4891,4195,875,4369,4417,4708,4937,4541,4918,4030,0.04278327734919333,0.01740834148504105,0.008826625389238313,0.012073814342342443,0.04573586213487713,0.006684469216241446,0.019835652406307008,0.01785309932770437,0.02821785751832806,0.008068437349619893,0.009468521214226092,0.02996768865098159,0.03256744349201398,0.03256744349201398,0.015342309225302338,0.005239644680228526,0.009703306884011388,0.018313529212356666,0.03425002042098868,0.04804865427155237,0.018313529212356666,0.030614224147669438,0.009942084953728798,0.03566843373321372,0.03772581431441609,0.04905739803441187,0.07757278612883409,0.03395638484059065,0.2988623866971343,0.011519021494931002,0.001957129521311071,0.13246074543057199,0.08717145349276521,0.013384900326364945,0.14759593427698223,0.0692712022316211,0.15195747314156646,0.15195747314156646,0.11970257145815114,0.05918176831863737,0.008077057332202826,0.21579407876390533,0.12044123059243286,0.2511274221552308,0.21579407876390533,0.12903633032964001,0.22398482316587112,0.11663262404948978
206,24,0.021332418688123623,0.005039336901597161,0.04804865427155237,0.11369648330486375,0.0017940353945351483,0.2739571878057064,0,False,7,0,0,0,0,3877,4346,4255,3154,4703,4951,941,4886,4504,3631,4850,3931,4810,4908,4891,4195,875,4369,4417,4708,4937,3946,4541,4918,0.04090116209318433,0.016695421919521964,0.00853303220032101,0.011530484796372104,0.04704178760861985,0.017978665518652716,0.01877401188597943,0.017978665518652716,0.027352708244787735,0.007661082424388345,0.00933487804427083,0.028903611460282405,0.03214701918573523,0.03214701918573523,0.015008047674032179,0.005039336901597161,0.009703306884011388,0.018313529212356666,0.03351075063804372,0.04804865427155237,0.01840324219517732,0.006343671141224223,0.030614224147669438,0.01001373536279861,0.034581996454881414,0.04496928153154421,0.07110838728476458,0.031126686103874764,0.2739571878057064,0.20475568331135766,0.0017940353945351483,0.20475568331135766,0.07990716570170145,0.012269491965834533,0.13529627308723371,0.06349860204565268,0.13929435037976926,0.13929435037976926,0.10972735716997187,0.054249954292084256,0.008077057332202826,0.21579407876390533,0.11040446137639678,0.2511274221552308,0.1978112388669132,0.010559103037020085,0.12903633032964001,0.20531942123538185
207,24,0.020957034084648784,0.0048399963232748,0.04804865427155237,0.10704035402964134,0.0016445324449905526,0.2739571878057064,0,False,7,0,0,0,0,3877,4346,4255,3154,4703,4951,941,4886,4504,3631,4850,3931,4810,4908,4891,4195,875,4369,4417,4708,4937,3946,4541,4918,0.03906742818871149,0.015993374654355207,0.00823428182842804,0.011002881340800465,0.04704178760861985,0.018010966107753955,0.017768380610633027,0.018010966107753955,0.02646019148321065,0.007272021552931182,0.009171470569852845,0.027832279601743837,0.03214701918573523,0.03214701918573523,0.014640107233895496,0.0048399963232748,0.009703306884011388,0.01840324219517732,0.03269539421152787,0.04804865427155237,0.01840048020798992,0.00601862974446987,0.030025628704837052,0.010033310228569703,0.031700163416974625,0.04122184140391553,0.06518268834436754,0.028532795595218534,0.2739571878057064,0.18769270970207785,0.0016445324449905526,0.18769270970207785,0.07324823522655965,0.011247034302014987,0.12402158366329756,0.05820705187518162,0.13929435037976926,0.13929435037976926,0.10058341073914087,0.049729124767743896,0.008077057332202826,0.1978112388669132,0.10120408959503038,0.2511274221552308,0.1813269689613371,0.009679177783935077,0.11828330280217,0.1882094694657667
208,24,0.020186229291455707,0.004642658547599233,0.04804865427155237,0.1111127501460822,0.0015074880745746732,0.2646603022946704,0,False,7,0,0,0,0,3877,4346,4255,3154,4703,4951,941,4886,4504,3631,4850,3931,4810,4908,4891,4195,875,4369,4417,4708,4937,3946,5009,4918,0.037285798115431285,0.015304775888349744,0.00793281364379473,0.010491794208812275,0.04804865427155237,0.018010966107753955,0.016815911870238516,0.018010966107753955,0.025549100943707055,0.006900742235196527,0.008982512326173671,0.026760964905481934,0.031619673017356575,0.03214701918573523,0.014244657810809537,0.004642658547599233,0.009199724258110595,0.018875026998113057,0.03269539421152787,0.04804865427155237,0.01831296992391964,0.005708835866761433,0.018875026998113057,0.01000486128109238,0.02905848313222674,0.037786687953589235,0.059750797649003574,0.026155062628950322,0.2511274221552308,0.18769270970207785,0.0015074880745746732,0.18769270970207785,0.06714421562434635,0.010309781443513738,0.11368645169135609,0.05335646421891648,0.1276864878481218,0.13929435037976926,0.09220145984421246,0.04558503103709857,0.007403969221185924,0.2646603022946704,0.10120408959503038,0.2511274221552308,0.166216388214559,0.00887257963527382,0.2646603022946704,0.17252534701028613
209,24,0.019786721706185877,0.004448200529367502,0.04804865427155237,0.10490071632736221,0.001381864068360117,0.2511274221552308,0,False,7,0,0,0,0,3877,4346,4255,3154,4703,4951,941,4886,4504,3631,4850,3931,4810,4908,4891,4195,875,4369,4417,4708,4937,3946,5009,4918,0.035559097009626055,0.014631740050277335,0.007630764089288969,0.00999778662957674,0.04804865427155237,0.018010966107753955,0.015913889064293734,0.018010966107753955,0.024627240551785452,0.006546700053024068,0.00877201718553489,0.025695952448006484,0.031000023873125084,0.031619673017356575,0.013827389013221442,0.004448200529367502,0.00872063235476958,0.019228884703256253,0.03181777762730822,0.04804865427155237,0.01814890033683805,0.0054137646246654935,0.019228884703256253,0.009932762325270293,0.026636942871207842,0.03463779729079013,0.05477156451158661,0.023975474076537794,0.2511274221552308,0.18769270970207785,0.001381864068360117,0.18769270970207785,0.06154886432231748,0.009450632989887593,0.10421258071707641,0.04891009220067344,0.11704594719411165,0.1276864878481218,0.08451800485719475,0.04178627845067369,0.006786971786087097,0.24260527710344787,0.09277041546211118,0.2511274221552308,0.1523650225300124,0.008133197999001002,0.24260527710344787,0.15814823475942894
210,24,0.019406266898645178,0.004257355149239833,0.0487642519970408,0.09756000539968357,0.0012667087293301072,0.2511274221552308,0,False,7,0,0,0,0,3877,4346,4255,3154,4703,4951,941,4886,4504,3631,4850,3931,4810,4908,4891,4195,875,4369,4417,4708,4937,3946,5009,4918,0.033889365792074015,0.013975969352784483,0.007329985494652833,0.009521225110393697,0.04804865427155237,0.017957297579700007,0.015059721783267865,0.017957297579700007,0.023701468191179614,0.006209327585247479,0.008543753285560864,0.024642615613465542,0.03030207287320119,0.031000023873125084,0.013393488390942346,0.004257355149239833,0.008265061547496282,0.019468736949428328,0.030890661737588372,0.0487642519970408,0.01814890033683805,0.005132881553879512,0.019468736949428328,0.009821552569697318,0.024417197631940522,0.031751314183224286,0.05020726746895439,0.021977517903492977,0.2511274221552308,0.17205165056023802,0.0012667087293301072,0.17205165056023802,0.05641979229545769,0.008663080240730293,0.09552819899065337,0.04483425118395065,0.10729211826126901,0.11704594719411165,0.07747483778576185,0.038304088579784214,0.0062213908039131715,0.22238817067816055,0.08503954750693524,0.23020013697562824,0.1523650225300124,0.007455431499084252,0.22238817067816055,0.1449692151961432
211,24,0.01899722238454678,0.00407072552975024,0.0487642519970408,0.09695881590832371,0.0011611496685525983,0.24104734634688485,0,False,7,0,0,0,0,3877,4346,4255,3154,4703,4951,941,4886,4504,3631,4850,3931,4810,4908,4891,4195,875,4369,4417,4708,4937,3946,5071,4918,0.03227796477647639,0.013338800679169248,0.0070320668378543215,0.00906230690575862,0.0487642519970408,0.0178255250203892,0.014250941696427129,0.01828524376604521,0.022777750530038495,0.005888042030795187,0.008301212524422964,0.023605493780989726,0.029539025690624304,0.031000023873125084,0.012947635964735138,0.00407072552975024,0.007832049206294697,0.019468736949428328,0.029925690360485452,0.0487642519970408,0.01814890033683805,0.004865647807357483,0.01828524376604521,0.009675805201990625,0.022382431162612144,0.029105371334622262,0.046023328513208187,0.020146058078201894,0.23020013697562824,0.1577140130135515,0.0011611496685525983,0.24104734634688485,0.05171814293750288,0.007941156887336102,0.08756751574143226,0.04109806358528809,0.09835110840616326,0.11704594719411165,0.07101860130361502,0.035112081198135525,0.0057029415702537405,0.22238817067816055,0.07795291854802397,0.23020013697562824,0.1523650225300124,0.00683414554082723,0.24104734634688485,0.13288844726313126
212,24,0.01864555339629314,0.003888798825407239,0.049201263349338685,0.09116129347052347,0.001064387196173215,0.23020013697562824,0,False,7,0,0,0,0,3877,4346,4255,3154,4703,4951,941,4886,4504,3631,4850,3931,4810,4908,4891,4195,875,4369,4417,4708,4937,3946,5071,4918,0.030725667800488788,0.012721249391562146,0.006738355492883326,0.008621084760858676,0.049201263349338685,0.0178255250203892,0.013485198308696647,0.01850524866762364,0.021861224981166483,0.005582251688757273,0.008047593063254506,0.022588370177094145,0.028723171180345078,0.031000023873125084,0.012494011494858601,0.003888798825407239,0.007420645025539778,0.019600276423656002,0.02893337578929494,0.0487642519970408,0.01814890033683805,0.004611524522958598,0.01850524866762364,0.009500020672234065,0.020517228565727796,0.026679923723403737,0.0421880511371075,0.018467219905018404,0.2110167922276592,0.1577140130135515,0.001064387196173215,0.22096006748464445,0.047408297692710974,0.007279393813391427,0.08027022276297957,0.03767322495318075,0.09015518270564965,0.11704594719411165,0.06510038452831376,0.03218607443162423,0.005227696439399262,0.20385582312164716,0.0714568420023553,0.23020013697562824,0.1523650225300124,0.006264633412424961,0.22096006748464445,0.12181440999120365
213,24,0.01861213608613999,0.003711959299098765,0.04937617329426335,0.09364587666059206,0.0009756882631587804,0.2110167922276592,0,False,7,0,0,0,0,3877,4346,4255,3154,4703,4951,941,4886,4504,5124,4810,4908,4891,4195,875,4369,4417,4708,4937,3946,5071,3631,4850,4918,0.029232747136382405,0.012124049829139678,0.006449979213332521,0.0081974890587554,0.04937617329426335,0.017623802290907598,0.012760254639232775,0.018622827742989793,0.020956265611706687,0.028584464230037066,0.028584464230037066,0.031000023873125084,0.012036311378467595,0.003711959299098765,0.007420645025539778,0.019600276423656002,0.027923113227152508,0.049201263349338685,0.017916655050560296,0.004369976464178859,0.018622827742989793,0.005291361431330853,0.007785792415751511,0.009298543109385682,0.018807459518583813,0.024456596746453424,0.03867238020901521,0.016928284912933536,0.19343205954202092,0.14457117859575555,0.0009756882631587804,0.20254672852759073,0.043457606218318394,0.16597558414684552,0.16597558414684552,0.11704594719411165,0.05967535248428762,0.029503901562322212,0.005227696439399262,0.20385582312164716,0.0655021051688257,0.2110167922276592,0.13966793731917804,0.0057425806280562135,0.20254672852759073,0.0066727776622754744,0.07358103753273126,0.11166320915860334
214,24,0.018274358990608666,0.0035405005622184764,0.049308245439245786,0.08816940570716958,0.0008943809078955486,0.2110167922276592,0,False,7,0,0,0,0,3877,4346,4255,3154,4703,4951,941,4886,4504,5124,4810,4908,4891,4195,875,4369,4417,4708,4937,3946,5071,3631,4850,4918,0.027799049590019647,0.011547692404389341,0.006167867780969387,0.0077913475279224615,0.049308245439245786,0.017360337528601142,0.012073982865746237,0.018644746342893856,0.020066550492843845,0.028326459644562495,0.028326459644562495,0.031000023873125084,0.011577772517758461,0.0035405005622184764,0.007029915371525038,0.01963054202228981,0.026903217142976138,0.049201263349338685,0.017916655050560296,0.004140475026942205,0.018622827742989793,0.005014777292829931,0.007518408918785578,0.009075497641511776,0.017240171225368493,0.022418547017582304,0.035449681858263936,0.015517594503522407,0.1773127212468525,0.1325235803794426,0.0008943809078955486,0.18566783448362484,0.03983613903345853,0.15214428546794173,0.15214428546794173,0.11704594719411165,0.05470240644393031,0.02704524309879536,0.004792055069449324,0.18686783786150987,0.060043596404756885,0.2110167922276592,0.13966793731917804,0.005264032242384862,0.20254672852759073,0.006116712857085851,0.06744928440500365,0.10235794172871972
215,24,0.019022653072506803,0.003374636907612185,0.049201263349338685,0.10747800755982732,0.0008198491655709196,0.26900116781695815,0,False,8,0,0,0,0,5180,3877,4346,4255,3154,4703,4951,941,4886,4504,5124,4810,4908,4891,4195,5167,4369,4417,4708,4937,3946,5071,4918,875,0.01912559273546998,0.026424064297968234,0.01099245731078525,0.005892773899528397,0.007402402683012495,0.049018596258427645,0.017043202938079517,0.011424359971162949,0.019057791136454633,0.01919512856257448,0.027962246733677476,0.027962246733677476,0.03030207287320119,0.011121200937292509,0.003374636907612185,0.019057791136454633,0.019567526118106932,0.025880973552669023,0.049201263349338685,0.017624590759486844,0.0039225006955375665,0.01912559273546998,0.008834746042650167,0.007029915371525038,0.26900116781695815,0.015803490289921118,0.02055033476611711,0.032495541703408605,0.014224461628228872,0.1625366611429481,0.1214799486811557,0.0008198491655709196,0.2535288482766561,0.036516460780670314,0.13946559501227992,0.13946559501227992,0.10729211826126901,0.05014387257360278,0.024791472840562413,0.2535288482766561,0.17129551803971738,0.055039963371027144,0.2110167922276592,0.12802894254257985,0.0048253628888527906,0.26900116781695815,0.09382811325132641,0.004792055069449324
216,24,0.01875772973706932,0.0032145137045814626,0.049201263349338685,0.10192011071919145,0.0007515284017733429,0.2535288482766561,0,False,8,0,0,0,0,5180,3877,4346,4255,3154,4703,4951,941,4886,4504,5124,4810,4908,4891,4195,5167,4369,4417,4708,4937,3946,5071,4918,875,0.019507851994098442,0.025106982794064182,0.01045844493254105,0.005625293038420894,0.007030327179327297,0.0485293854893273,0.01668018599764041,0.010809463422788972,0.0193546364067398,0.018344484566886574,0.027962246733677476,0.027962246733677476,0.03030207287320119,0.01066900333359283,0.0032145137045814626,0.019057791136454633,0.01941982422637902,0.024862703206544576,0.049201263349338685,0.017624590759486844,0.0037155450216394418,0.019507851994098442,0.00857985801364255,0.006658946781514138,0.24658440383221164,0.014486532765761024,0.018837806868940685,0.02978757989479122,0.013039089825876466,0.14899193938103575,0.11135661962439272,0.0007515284017733429,0.23240144425360143,0.03347342238228112,0.13946559501227992,0.13946559501227992,0.10729211826126901,0.04596521652580255,0.022725516770515545,0.2535288482766561,0.15702089153640758,0.05045329975677488,0.2110167922276592,0.12802894254257985,0.004423249314781725,0.24658440383221164,0.08600910381371588,0.004392717146995214
217,24,0.019225502683724294,0.0030602168556371602,0.049201263349338685,0.10440557111803224,0.0006889010349588977,0.24658440383221164,0,False,9,0,0,0,0,5180,5209,3877,4346,4255,3154,4703,4951,941,4886,4504,5124,4810,4908,4891,4195,5167,4369,4417,4708,4937,3946,5071,4918,0.019507851994098442,0.024461757614008012,0.024461757614008012,0.009945603101690265,0.005365882031791604,0.006674737262599198,0.0478631302127468,0.01668018599764041,0.010227466908627896,0.01954013129421469,0.017516601052970787,0.027504867635820864,0.027504867635820864,0.03030207287320119,0.010223220103565672,0.0030602168556371602,0.0193546364067398,0.019196332491179996,0.023853831571862234,0.049201263349338685,0.017624590759486844,0.0035191121919579695,0.019507851994098442,0.008314095456277221,0.24658440383221164,0.09661265503528095,0.09661265503528095,0.017267989629862295,0.02730528157022528,0.011952499007053427,0.1365759444326161,0.11135661962439272,0.0006889010349588977,0.21303465723246798,0.030683970517091024,0.12784346209458994,0.12784346209458994,0.10729211826126901,0.042134781815319,0.020831723706305916,0.23240144425360143,0.14393581724170695,0.04624885811037697,0.2110167922276592,0.12802894254257985,0.004054645205216581,0.24658440383221164,0.07884167849590622
218,24,0.01969743829199824,0.0029117813371601258,0.049201263349338685,0.10746601323569382,0.0006314926153789895,0.24658440383221164,0,False,9,0,0,0,0,5180,5209,3877,4346,4255,3154,4703,4951,941,4886,4504,5243,4810,4908,4891,4195,5167,4369,4417,4708,4937,3946,5071,5124,0.019507851994098442,0.023774555634681373,0.023774555634681373,0.009453751384192091,0.0051148763183625715,0.006335204492092338,0.04704214201908837,0.016278678052051385,0.009676636150767706,0.01962068250552259,0.016713016720563034,0.027662519439061516,0.026967041768601083,0.029539025690624304,0.009785558716444745,0.0029117813371601258,0.01954013129421469,0.019196332491179996,0.022858962316476703,0.049201263349338685,0.017280860023172452,0.0033327202424222172,0.019507851994098442,0.027662519439061516,0.24658440383221164,0.08856160044900753,0.08856160044900753,0.015828990494040438,0.025029841439373174,0.010956457423132308,0.12519461572989807,0.10207690132236,0.0006314926153789895,0.1952817691297623,0.028126972974000103,0.20052317358670746,0.1171898402533741,0.09835110840616326,0.03862354999737575,0.019095746730780423,0.21303465723246798,0.14393581724170695,0.04239478660117889,0.2110167922276592,0.11735986399736485,0.0037167581047818656,0.24658440383221164,0.20052317358670746
219,24,0.019390079604970523,0.002769198862097478,0.049201263349338685,0.10079533576392903,0.0005788682307640737,0.24658440383221164,0,False,9,0,0,0,0,5180,5209,3877,4346,4255,3154,4703,4951,941,4886,4504,5243,4810,4908,4891,4195,5167,4369,4417,4708,4937,3946,5071,5124,0.019507851994098442,0.023054611408297607,0.023054611408297607,0.00898260259896907,0.004872505769792685,0.006011265908088139,0.046088080893106065,0.016278678052051385,0.009155324811708025,0.01960384383800363,0.01593488070332443,0.027679384884137574,0.026360953883610802,0.029539025690624304,0.009357426566359931,0.002769198862097478,0.01962068250552259,0.018905994580839386,0.02188195171605769,0.049201263349338685,0.016893274852598332,0.0031559019698831157,0.019773209388347934,0.027679384884137574,0.24658440383221164,0.0811814670782569,0.0811814670782569,0.014509907952870401,0.022944021319425408,0.010043419304537948,0.1147617310857399,0.10207690132236,0.0005788682307640737,0.17900828836894878,0.025783058559500093,0.1838129091211485,0.1074240202322596,0.09835110840616326,0.03540492083092777,0.017504434503215385,0.1952817691297623,0.13194116580489804,0.03886188771774731,0.2110167922276592,0.10757987533091777,0.00340702826271671,0.22603570351286068,0.1838129091211485
220,24,0.019070289302656238,0.0026324247135987603,0.04937617329426335,0.0940048322149916,0.0005306292115337342,0.24658440383221164,0,False,9,0,0,0,0,5180,5209,3877,4346,4255,3154,4703,4951,941,4886,4504,5243,4810,4908,4891,4195,5167,4369,4417,4708,4937,3946,5071,5124,0.019507851994098442,0.022310302840561878,0.022310302840561878,0.008531781785010002,0.004638909102673285,0.0057024328056248155,0.046088080893106065,0.016278678052051385,0.008661970506047998,0.019497943553657228,0.015183002560561792,0.027566933332984815,0.025698098800769457,0.028723171180345078,0.008939962671289782,0.0026324247135987603,0.01960384383800363,0.018557596740517008,0.020925982021682242,0.04937617329426335,0.016469206683283253,0.002988205586094593,0.01992715413397814,0.027566933332984815,0.24658440383221164,0.07441634482173548,0.07441634482173548,0.013300748956797868,0.021032019542806625,0.009206467695826451,0.1147617310857399,0.10207690132236,0.0005306292115337342,0.1640909310048697,0.023634470346208417,0.16849516669438613,0.09847201854623795,0.09015518270564965,0.03245451076168379,0.016045731627947434,0.17900828836894878,0.12094606865448985,0.0356233970746017,0.19343205954202092,0.09861488572000796,0.0031231092408236507,0.20719939488678896,0.16849516669438613
221,24,0.01877432013788521,0.0025013838051824947,0.04937617329426335,0.08847844621673062,0.0004864101105725897,0.22603570351286068,0,False,9,0,0,0,0,5180,5209,3877,4346,4255,3154,4703,4951,941,4886,4504,5243,4810,4908,4891,4195,5167,4369,4417,4708,4937,3946,5071,5124,0.019773209388347934,0.021549152614771964,0.021549152614771964,0.008100842834602426,0.0044141469043581455,0.0054081982657682584,0.046088080893106065,0.016278678052051385,0.008195090927021375,0.019497943553657228,0.014457897919460935,0.027337398669401693,0.024989175221435758,0.028723171180345078,0.00853406777256043,0.0025013838051824947,0.019497943553657228,0.018159607788461957,0.019993632340986507,0.04937617329426335,0.01601551787012171,0.002829195153150275,0.019976624022359175,0.027337398669401693,0.22603570351286068,0.06821498275325752,0.06821498275325752,0.012192353210398046,0.01927935124757274,0.00843926205450758,0.1147617310857399,0.10207690132236,0.0004864101105725897,0.1640909310048697,0.02166493115069105,0.15445390280318727,0.09026601700071812,0.09015518270564965,0.02974996819821014,0.01470858732561848,0.1640909310048697,0.11086722959994903,0.03265478065171822,0.19343205954202092,0.09039697857667396,0.0028628501374216796,0.1899327786462232,0.15445390280318727
222,24,0.0184576678957297,0.0023759760265465116,0.049308245439245786,0.08270039800204797,0.00044587593469154057,0.20719939488678896,0,False,9,0,0,0,0,5180,5209,3877,4346,4255,3154,4703,4951,941,4886,4504,5243,4810,4908,4891,4195,5167,4369,4417,4708,4937,3946,5071,5124,0.01992715413397814,0.020777848635427535,0.020777848635427535,0.007689283007577986,0.004198213327880508,0.00512804358435311,0.046088080893106065,0.01584559565295382,0.007753280094879505,0.019497943553657228,0.013759829827534289,0.027003365809894268,0.024244020923503324,0.028723171180345078,0.008140432541486166,0.0023759760265465116,0.01931175735777511,0.017720059617764093,0.019086946012089833,0.049308245439245786,0.01601551787012171,0.002678450834572077,0.019929598727498835,0.027003365809894268,0.20719939488678896,0.06253040085715272,0.06253040085715272,0.011176323776198208,0.017672738643608344,0.007735990216631948,0.1147617310857399,0.09357049287883,0.00044587593469154057,0.1640909310048697,0.019859520221466795,0.141582744236255,0.08274384891732495,0.09015518270564965,0.02727080418169263,0.013482871715150273,0.1504166867544639,0.10162829379995328,0.029933548930741703,0.1773127212468525,0.09039697857667396,0.0026242792926365398,0.17410504709237126,0.141582744236255
223,24,0.017534619374303576,0.002256080935260209,0.049308245439245786,0.07893449126529913,0.00040871960680057885,0.1899327786462232,0,False,9,0,0,0,0,5180,5209,3877,4346,4255,3154,4703,4951,941,4886,4504,5243,4810,4908,4891,5357,4195,5167,4369,4417,4708,4937,3946,5124,0.019976624022359175,0.020002278584912034,0.020002278584912034,0.007296555533914189,0.003991046528230952,0.004986819938990947,0.046088080893106065,0.01584559565295382,0.007335204732024703,0.019497943553657228,0.013088845961505372,0.02657742683288121,0.023471581951799686,0.028723171180345078,0.007759563720791737,0.004986819938990947,0.002256080935260209,0.019054230380912744,0.017246463127032787,0.01820749379463836,0.049308245439245786,0.01601551787012171,0.0025355689918178373,0.02657742683288121,0.1899327786462232,0.05731953411905666,0.05731953411905666,0.010244963461515023,0.016200010423307647,0.0904246576985793,0.1147617310857399,0.09357049287883,0.00040871960680057885,0.1640909310048697,0.018204560203011227,0.12978418221656707,0.07584852817421453,0.09015518270564965,0.024998237166551574,0.0904246576985793,0.012359299072221082,0.13788196285825857,0.09315926931662384,0.02743908651984656,0.1773127212468525,0.09039697857667396,0.0024055893515834946,0.12978418221656707
224,24,0.016585815692229233,0.002141561853927328,0.049308245439245786,0.07596804776334153,0.0003746596395671973,0.1773127212468525,0,False,9,0,0,0,0,5180,5209,3877,4346,4255,3154,4703,4951,941,4886,4504,5386,5243,4810,4908,4891,5357,4195,5167,4369,4417,4708,4937,3946,0.019929598727498835,0.019227574443700553,0.019227574443700553,0.006922080501525444,0.0037925379229554906,0.004838332521846135,0.045021615678507834,0.015387329812076805,0.0069396007680330015,0.01931175735777511,0.012765762519278318,0.012765762519278318,0.02607190434691839,0.022679908990364175,0.028723171180345078,0.007391808122657967,0.004838332521846135,0.002141561853927328,0.01873424823211236,0.016745754309006402,0.017356432476753995,0.049308245439245786,0.0155385197720977,0.002400162152049811,0.17410504709237126,0.05254290627580194,0.05254290627580194,0.00939121650638877,0.014850009554698675,0.08288926955703102,0.10519825349526156,0.08577295180559416,0.0003746596395671973,0.1504166867544639,0.1000208468527603,0.1000208468527603,0.11896883369851981,0.06952781749302998,0.09015518270564965,0.02291505073600561,0.08288926955703102,0.011329357482869324,0.12639179928673702,0.08539599687357186,0.025152495976526013,0.1773127212468525,0.0828638970286178,0.00220512357228487
225,24,0.016252868770029794,0.0020322694304855337,0.049308245439245786,0.07122787070778992,0.00034343800293659747,0.1773127212468525,0,False,9,0,0,0,0,5180,5209,3877,4346,4255,3154,4703,4951,941,4886,4504,5386,5243,4810,4908,4891,5357,4195,5167,4369,4417,4708,4937,3946,0.019794734705971654,0.018458163540716055,0.018458163540716055,0.006565254213678515,0.0036025403658083923,0.004684369161548652,0.045021615678507834,0.014909718433593544,0.006565269976230551,0.019054230380912744,0.012418984710396772,0.012418984710396772,0.025498637165255814,0.021876174827123552,0.028723171180345078,0.007037374476881054,0.004684369161548652,0.0020322694304855337,0.018360454802090354,0.016745754309006402,0.01653455871057347,0.049308245439245786,0.015043952690144415,0.0022718588695374163,0.159596293168007,0.04816433075281844,0.04816433075281844,0.008608615130856373,0.013612508758473784,0.07598183042727844,0.10519825349526156,0.07862520582179465,0.00034343800293659747,0.13788196285825857,0.09168577628169694,0.09168577628169694,0.10905476422364316,0.06373383270194415,0.09015518270564965,0.021005463174671807,0.07598183042727844,0.01038524435929688,0.1158591493461756,0.08539599687357186,0.023056454645148845,0.1773127212468525,0.07595857227623297,0.002021363274594464
226,24,0.013970042134749311,0.0019280447165121476,0.04386217883749666,0.06863938636688548,0.00031481816935854766,0.15298334455833856,0,False,10,0,0,0,0,5180,5209,3877,4346,4255,5440,3154,4703,4951,941,4886,4504,5386,5243,4810,4908,4891,5357,4195,5167,4369,4417,4937,3946,0.01958104805262545,0.017697823354101513,0.017697823354101513,0.006225457187015118,0.003420875324238001,0.004643278134174271,0.00452653908344647,0.04386217883749666,0.014909718433593544,0.006211076742261787,0.01873424823211236,0.012053454243219412,0.012053454243219412,0.024868821799510273,0.021066707611488485,0.027865807470017084,0.006696353175643531,0.004643278134174271,0.0019280447165121476,0.017941112916781774,0.016224265349728702,0.015742358052036082,0.01453698328647411,0.0021503035000114763,0.14629660207067308,0.0441506365234169,0.0441506365234169,0.00789123053661834,0.012478133028600968,0.15298334455833856,0.06965001122500523,0.09643173237065643,0.07862520582179465,0.00031481816935854766,0.12639179928673702,0.08404529492488885,0.08404529492488885,0.09996686720500622,0.05842267997678213,0.08264225081351217,0.01925500791011582,0.15298334455833856,0.009519807329355473,0.1062042202339943,0.0782796638007742,0.021135083424719772,0.06962869125321355,0.0018529163350449252
227,24,0.013607760808937693,0.0018287218150452574,0.04386217883749666,0.06376904038299802,0.000288583321912002,0.14023473251181034,0,False,10,0,0,0,0,5180,5209,3877,4346,4255,5440,3154,4703,4951,941,4886,4504,5386,5243,4810,4908,4891,5357,4195,5167,4369,4417,4937,3946,0.019297647578691433,0.01694973786247519,0.01694973786247519,0.005902060947285619,0.003247339150758588,0.00458465362348417,0.0043662763188879634,0.04386217883749666,0.014909718433593544,0.0058759449640749944,0.018360454802090354,0.011673673602554382,0.011673673602554382,0.024192902518335606,0.020257035400755078,0.026977207026164744,0.006368733999232847,0.00458465362348417,0.0018287218150452574,0.017484003025337223,0.015687715927238433,0.014980049301413577,0.01453698328647411,0.00203515590460116,0.13410521856478363,0.040471416813132155,0.040471416813132155,0.007233627991900146,0.011438288609550887,0.14023473251181034,0.06384584362292146,0.09643173237065643,0.07862520582179465,0.000288583321912002,0.1158591493461756,0.07704152034781478,0.07704152034781478,0.09163629493792237,0.053554123312050284,0.07575539657905282,0.017650423917606167,0.14023473251181034,0.008726490051909183,0.0973538685478281,0.071756358484043,0.01937382647265979,0.06962869125321355,0.001698506640457848
228,24,0.013088757298222689,0.0017341301457460434,0.04262780232875321,0.06655045885091336,0.0002645347117526685,0.1539547269854969,0,False,11,0,0,0,0,5180,5483,5209,3877,4346,4255,5440,3154,4703,4951,941,4886,4504,5386,5243,4810,4908,4891,5357,4195,5167,4369,4417,3946,0.019297647578691433,0.01157470777716291,0.016216553748914595,0.016216553748914595,0.005594433766056054,0.0030817085355421595,0.0045106339611261596,0.004204846284023549,0.04262780232875321,0.014418037492644496,0.005558855081921608,0.018360454802090354,0.01157470777716291,0.011283702078319932,0.0234805025405241,0.019451938250830376,0.026066612871796457,0.006054421932726575,0.0045106339611261596,0.0017341301457460434,0.01699635470457907,0.015141220363481374,0.014247624327580671,0.0019260910976297639,0.13410521856478363,0.1539547269854969,0.03709879874537114,0.03709879874537114,0.0066308256592418,0.010485097892088312,0.1285485048024928,0.05852535665434467,0.08839575467310172,0.0720731053366451,0.0002645347117526685,0.1158591493461756,0.1539547269854969,0.07062139365216355,0.08399993702642884,0.04909127970271276,0.06944244686413176,0.016179555257805654,0.1285485048024928,0.007999282547583418,0.08924104616884242,0.06577666194370609,0.017759340933271472,0.001556964420419694
229,24,0.013061418890527837,0.0016440963714031225,0.04262780232875321,0.08129567134572178,0.0014272173853847193,0.22445849973670548,0,False,11,0,0,0,0,5180,5483,3877,4346,4255,5440,3154,4703,3946,4886,4504,5386,5243,4810,4908,4891,5357,4195,5517,5167,4369,4417,5209,5508,0.019297647578691433,0.011431679177543144,0.015500435185870064,0.005301945468178655,0.0029237452234671937,0.004423307148451967,0.004043354626664436,0.04262780232875321,0.0018227988504852845,0.017941112916781774,0.011726501192952555,0.010887162734029737,0.02274038917365856,0.018655504805073747,0.025142258965672386,0.0057532511997625295,0.004423307148451967,0.0016440963714031225,0.014965563770442142,0.016484805739076593,0.014965563770442142,0.013544883617992816,0.015500435185870064,0.011726501192952555,0.13410521856478363,0.14112516640337214,0.03400723218325688,0.006078256854304983,0.009611339734414285,0.11783612940228506,0.053648243599815945,0.08839575467310172,0.0014272173853847193,0.1062042202339943,0.22445849973670548,0.06473627751448326,0.07699994227422644,0.04500033972748669,0.06365557629212078,0.014831258986321849,0.11783612940228506,0.0073326756686181325,0.1436286067817306,0.08180429232143888,0.1436286067817306,0.016279395855498847,0.03400723218325688,0.22445849973670548
230,24,0.011943955687522509,0.0015584460259474998,0.04133502145560252,0.08608513715533866,0.001308282603269326,0.20575362475864667,0,False,12,0,0,0,0,5180,5483,3877,4346,4255,5526,5440,3154,4703,3946,4886,4504,5386,5243,4810,4908,4891,5357,4195,5536,5517,5167,4369,4417,0.01895351730675153,0.011249919070264557,0.014803116283661747,0.005023971426943092,0.0027732000738692635,0.003982893573276831,0.004324675511694047,0.003982893573276831,0.04133502145560252,0.0017249832619833892,0.017484003025337223,0.01181257860531559,0.010487257624060735,0.021980466226309257,0.017871190958018042,0.02421140866237492,0.005464997648185164,0.004436208518398264,0.0015584460259474998,0.004436208518398264,0.014965563770442142,0.01595538377641942,0.014965563770442142,0.012871467833567754,0.122929783684385,0.12936473586975777,0.031173296167985472,0.005571735449779568,0.008810394756546427,0.13251088996649796,0.10801645195209464,0.13251088996649796,0.08102944178367658,0.001308282603269326,0.0973538685478281,0.20575362475864667,0.05934158772160965,0.07058328041804089,0.0412503114168628,0.058350944934444045,0.013595320737461693,0.19134978528542798,0.006721619362899955,0.19134978528542798,0.1436286067817306,0.07498726796131897,0.1436286067817306,0.014922779534207276
231,24,0.01167094162575822,0.0014770048804043307,0.03999883419805943,0.08639646188365165,0.001199259052996882,0.2149928895499197,0,False,12,0,0,0,0,5180,5483,3877,4346,4255,5526,5440,3154,4703,3946,5566,4886,4504,5386,5243,4810,4908,4891,5357,4195,5536,5167,4369,4417,0.018557345424349815,0.011034640748907637,0.014125950574814666,0.0047598958517012045,0.0026298165357239913,0.003910121105387928,0.004216629717782018,0.003910121105387928,0.03999883419805943,0.001632362304073926,0.015118036926898795,0.017484003025337223,0.011837109361158903,0.010086788963160813,0.021207787700547383,0.01710187871296788,0.02421140866237492,0.005189389625391576,0.004427522516358729,0.0014770048804043307,0.004427522516358729,0.015413505966118912,0.015118036926898795,0.012226885668031751,0.11268563504401957,0.11858434121394462,0.028575521487320014,0.005107424162297937,0.008076195193500892,0.12146831580262313,0.09901508095608674,0.12146831580262313,0.07427698830170353,0.001199259052996882,0.2149928895499197,0.0973538685478281,0.18860748936209276,0.05439645541147551,0.06470134038320415,0.03781278546545756,0.058350944934444045,0.012462377342673218,0.17540396984497564,0.006161484415991625,0.17540396984497564,0.06873832896454238,0.2149928895499197,0.013679214573023336
232,24,0.011419690299077842,0.001399600079622492,0.03863270460532469,0.09231895425863951,0.004681805482106442,0.2149928895499197,0,False,12,0,0,0,0,5180,5483,4504,3877,5243,4346,4255,5526,5440,3154,4703,5566,4886,5386,5572,4810,4908,4891,5357,4195,5536,5167,5591,5589,0.018117395363297577,0.010790849684671167,0.011804861793053381,0.013469957138802887,0.020428587526312172,0.004509114461470175,0.002557636462864741,0.0038268238099498733,0.0041009309096036095,0.0038268238099498733,0.03863270460532469,0.015118036926898795,0.017484003025337223,0.009688184331513576,0.002557636462864741,0.016349933814427193,0.023280406086615402,0.004926117480047705,0.004399161582522772,0.001399600079622492,0.004399161582522772,0.015247333572103205,0.011909973095989004,0.015247333572103205,0.10329516545701793,0.10870231277944924,0.17289019858191837,0.026194228030043346,0.05930956201793713,0.004681805482106442,0.09073651226070915,0.11134595615240453,0.09076382420974617,0.11134595615240453,0.06808723927656156,0.2149928895499197,0.0973538685478281,0.04986341746051921,0.09073651226070915,0.03466172001000276,0.05348836618990704,0.01142384589745045,0.16078697235789433,0.005648027381325656,0.16078697235789433,0.1463434682174972,0.09587261335860474,0.1463434682174972
233,24,0.011035065274080264,0.001326061079239328,0.037248600107937686,0.09410310867278034,0.004291655025264239,0.2149928895499197,0,False,12,0,0,0,0,5180,5483,5605,5386,5243,4346,4255,5526,5440,3154,4703,5566,4886,4504,5572,4810,4908,4891,5357,4195,5536,5167,5591,5589,0.018117395363297577,0.010523277209814014,0.009533203537680083,0.009533203537680083,0.01964832086775041,0.004271036627609844,0.00248169711013473,0.003734697365551857,0.0039791996986745185,0.003734697365551857,0.037248600107937686,0.015118036926898795,0.017484003025337223,0.01172098906003043,0.00248169711013473,0.015617261122293814,0.023280406086615402,0.00467484182268083,0.004353123605876992,0.001326061079239328,0.004353123605876992,0.015026853079601223,0.011572988182056675,0.015026853079601223,0.10329516545701793,0.09964378671449513,0.12904146600547595,0.12904146600547595,0.054367098516442364,0.004291655025264239,0.08317513623898339,0.10206712647303748,0.08320017219226732,0.10206712647303748,0.06241330267018143,0.2149928895499197,0.0973538685478281,0.15848268203342517,0.08317513623898339,0.03177324334250253,0.05348836618990704,0.010471858739329577,0.14738805799473645,0.005177358432881851,0.14738805799473645,0.1341481791993724,0.08788322891205434,0.1341481791993724
234,24,0.012420259927388544,0.0012562204091825452,0.036781804291303774,0.1026898117073614,0.004745911896808363,0.20162134383835295,0,False,13,0,0,0,0,5180,5483,5618,5605,5386,5243,4346,4255,5621,4703,5566,4886,4504,5572,4810,4908,4891,5357,4195,5526,5167,5591,5589,5626,0.018117395363297577,0.01023633465455659,0.009591063507624509,0.009591063507624509,0.009349929632591358,0.01887171327149239,0.0041494095038869935,0.002402917991764758,0.0041494095038869935,0.036781804291303774,0.01518868723219618,0.01699635470457907,0.011590843594481462,0.002402917991764758,0.014905357011382157,0.022354736127885747,0.004435200671410293,0.004291431693927901,0.0012562204091825452,0.0036353285032761046,0.014759060444865087,0.011220401273439333,0.015026853079601223,0.036781804291303774,0.10329516545701793,0.09134013782162052,0.20162134383835295,0.20162134383835295,0.11828801050501961,0.0498365069734055,0.08726735043982556,0.07624387488573477,0.08726735043982556,0.14054552744766632,0.19707681542075972,0.08924104616884242,0.14527579186397307,0.07624387488573477,0.029125473063960655,0.049031002340748114,0.009599203844385446,0.1351057198285084,0.004745911896808363,0.09356153260028435,0.12296916426609138,0.08055962650271647,0.1341481791993724,0.14054552744766632
235,24,0.010915026111720827,0.0012206020734530523,0.036781804291303774,0.11250462792304479,0.008799270190686659,0.2681528985184902,0,False,13,0,0,0,0,5180,5643,5618,5605,5386,5243,5647,4346,4255,5621,4703,5483,4504,5572,4810,4908,4891,4195,5167,5591,5589,5566,4886,5658,0.018117395363297577,0.009847443049820557,0.009599863404468003,0.009847443049820557,0.009142600442655352,0.018102814610939252,0.0023820145535728343,0.00402229815155799,0.0023820145535728343,0.00402229815155799,0.036781804291303774,0.009934084791151685,0.011419821329932271,0.002322127096959523,0.014215358334862399,0.02143908956336836,0.00420681560148469,0.0012206020734530523,0.014450721702514928,0.010856264239705026,0.014759060444865087,0.015183284067906427,0.016484805739076593,0.0012206020734530523,0.10329516545701793,0.2681528985184902,0.18481956518515685,0.2681528985184902,0.10843067629626797,0.0456834647256217,0.15322355197859022,0.07999507123650676,0.15322355197859022,0.07999507123650676,0.14054552744766632,0.08372845966981882,0.13316947587530864,0.06989021864525687,0.0266983503086306,0.044945085479019105,0.008799270190686659,0.08768375257207434,0.11272173391058375,0.07384632429415676,0.12296916426609138,0.18065374746902974,0.08180429232143888,0.08768375257207434
236,24,0.010575075829723168,0.0011833486446468252,0.036781804291303774,0.12248500298997018,0.008065997674796103,0.24580682364194936,0,False,13,0,0,0,0,5180,5643,5618,5605,5668,5386,5243,5673,4346,4255,5621,4703,5483,4504,5647,4810,4908,4891,4195,5167,5591,5589,5566,5677,0.01764141392200119,0.0100418756810452,0.009563558686041702,0.0100418756810452,0.00914514277404885,0.00914514277404885,0.0173450553938703,0.003991499014009617,0.0038911466783511156,0.0023520982616852047,0.003991499014009617,0.036781804291303774,0.009620227546546262,0.011213235110575159,0.0023520982616852047,0.013548087691761065,0.02143908956336836,0.003989297008913986,0.0011833486446468252,0.014108272468814752,0.010484212094244626,0.014450721702514928,0.015183284067906427,0.002297833580917851,0.09468723500226643,0.24580682364194936,0.16941793475306044,0.24580682364194936,0.18272811993824564,0.18272811993824564,0.04187650933181989,0.15666214863346453,0.07332881530013119,0.14045492264704104,0.15666214863346453,0.14054552744766632,0.07675108803066724,0.12207201955236625,0.14045492264704104,0.02447348778291138,0.044945085479019105,0.008065997674796103,0.08037677319106813,0.10332825608470177,0.06769246393631036,0.11272173391058375,0.18065374746902974,0.14739936709148546
237,24,0.010252949153518336,0.0011448866507244846,0.036781804291303774,0.1269082298919728,0.0073938312018964275,0.23863310685697206,0,False,14,0,0,0,0,5180,5643,5618,5605,5668,5386,5243,5673,4346,4255,5621,5698,4703,5483,4504,5690,5647,4810,4908,4891,4195,5167,5591,5589,0.01764141392200119,0.010176254667696333,0.009731032651788148,0.010176254667696333,0.009105222329436407,0.009105222329436407,0.01660130353657507,0.003945166682136795,0.003757249570620515,0.0023142661396287267,0.00404691218901198,0.00404691218901198,0.036781804291303774,0.00929809716732158,0.01097621544823414,0.009731032651788148,0.0023142661396287267,0.012904094894701245,0.020537430532085413,0.0037822485897463986,0.0011448866507244846,0.013737746303335938,0.010107473671715559,0.014108272468814752,0.09468723500226643,0.2253229216717869,0.23863310685697206,0.2253229216717869,0.1675007766100585,0.1675007766100585,0.0383868002208349,0.14360696958067581,0.06721808069178692,0.1287503457597876,0.22694030291400916,0.22694030291400916,0.14054552744766632,0.07035516402811164,0.11189935125633572,0.23863310685697206,0.1287503457597876,0.022434030467668765,0.041199661689100844,0.0073938312018964275,0.07367870875847912,0.09471756807764328,0.06205142527495116,0.10332825608470177
238,24,0.00973461648820067,0.0011055986379830524,0.036191108962475016,0.14105200893302963,0.006777678601738391,0.21874701461889104,0,False,9,0,0,0,0,5180,5643,5618,5605,5668,5386,5243,5734,4703,5483,4504,5690,5673,4346,4255,5621,5698,5167,5591,5589,5735,5721,4891,4195,0.01713657107616065,0.010253434866115416,0.009841457611037496,0.010253434866115416,0.009026893628095861,0.009026893628095861,0.015873920165888164,0.009979796204155494,0.036191108962475016,0.008970668309888392,0.010713636010991156,0.009841457611037496,0.0038851395281877805,0.003621755755134412,0.0023281222945452655,0.004079452997190106,0.004079452997190106,0.013344727759880947,0.009979796204155494,0.014092041590093902,0.014092041590093902,0.0023281222945452655,0.003585271127759471,0.0011055986379830524,0.08679663208541089,0.20654601153247132,0.21874701461889104,0.20654601153247132,0.1535423785592203,0.1535423785592203,0.03518790020243199,0.14021380650203857,0.1288334001603608,0.06449223369243566,0.10257440531830775,0.21874701461889104,0.1316397221156195,0.06161657396747134,0.20135448361313865,0.2080286110045084,0.2080286110045084,0.08682443740450634,0.14021380650203857,0.17805090141097663,0.17805090141097663,0.20135448361313865,0.006777678601738391,0.06753881636193919
239,24,0.01149356669564149,0.002330084200085419,0.036408642157225855,0.15494696549004147,0.05648185947018206,0.27266717723809875,0,False,9,0,0,0,0,5180,5643,5618,5605,5668,5386,5243,5734,4703,5483,4504,5690,5742,5673,4346,4255,5621,5698,5167,5591,5589,5739,5721,5744,0.01713657107616065,0.010277008447682888,0.00989785130997633,0.010542051605023889,0.008914318728450683,0.008914318728450683,0.015555912617966848,0.009818613910050372,0.036408642157225855,0.008640568849239942,0.010430060809363867,0.00989785130997633,0.015555912617966848,0.0038132225804219386,0.00348567500415301,0.002330084200085419,0.004090530333519319,0.004090530333519319,0.012934326014408425,0.009818613910050372,0.014012158189367638,0.010542051605023889,0.002330084200085419,0.036408642157225855,0.08679663208541089,0.18933384390476538,0.20051809673398344,0.27266717723809875,0.14074718034595193,0.14074718034595193,0.115588908518896,0.1285293226268687,0.20143061681366406,0.05911788088473269,0.09402653820844876,0.20051809673398344,0.115588908518896,0.1206697452726512,0.05648185947018206,0.18457494331204374,0.19069289342079934,0.19069289342079934,0.07958906762079747,0.1285293226268687,0.16321332629339524,0.27266717723809875,0.18457494331204374,0.20143061681366406
240,24,0.010940688107731938,0.002321113257936731,0.03644010072423239,0.15284850684788528,0.05177503784766689,0.25813515230239936,0,False,9,0,0,0,0,5180,5643,5618,5605,5668,5386,5734,4703,5483,4504,5690,5243,5776,5673,4346,4255,5621,5698,5167,5591,5589,5739,5721,5744,0.01713657107616065,0.010251096364870841,0.009903871806087263,0.010763800241085118,0.00877165514750502,0.00877165514750502,0.009628471768507342,0.036408642157225855,0.008310097524935172,0.0101297099040004,0.009903871806087263,0.01519947428176714,0.004187038582644072,0.0037311548593852353,0.00334988597779252,0.002321113257936731,0.004187038582644072,0.004081770085824751,0.012511165197688271,0.009628471768507342,0.013874944824152207,0.010763800241085118,0.002321113257936731,0.03644010072423239,0.08679663208541089,0.17355602357936825,0.1838082553394848,0.24994491246825717,0.12901824865045594,0.12901824865045594,0.1178185457412963,0.20143061681366406,0.054191390811004964,0.0861909933577447,0.1838082553394848,0.10595649947565466,0.25813515230239936,0.11061393316659693,0.05177503784766689,0.1691936980360401,0.25813515230239936,0.17480181896906605,0.07295664531906434,0.1178185457412963,0.14961221576894562,0.24994491246825717,0.1691936980360401,0.18464473207919205
241,24,0.01048921576707317,0.0023022370234115365,0.036408642157225855,0.1484049429147008,0.04746045136036132,0.23662388961053274,0,False,9,0,0,0,0,5180,5643,5618,5605,5668,5386,5734,4703,5483,4504,5690,5788,5776,5673,4346,4255,5621,5698,5167,5591,5589,5792,5721,5744,0.01713657107616065,0.010180161376850615,0.009863623020595635,0.01092048996193699,0.008824835655825548,0.008602965910460158,0.009413728144129628,0.036408642157225855,0.008187080468884616,0.009816440516226268,0.009863623020595635,0.008824835655825548,0.004257745906668729,0.003640585015480519,0.0032151453216542046,0.0023022370234115365,0.004257745906668729,0.004054939947677386,0.012079387913638892,0.009413728144129628,0.013686834711317738,0.008187080468884616,0.0023022370234115365,0.0363005140620954,0.08679663208541089,0.1590930216144209,0.16849090072786108,0.22911616976256907,0.20160006126291796,0.1182667279295846,0.10800033359618827,0.20143061681366406,0.1330087749100879,0.07900841057793265,0.16849090072786108,0.20160006126291796,0.23662388961053274,0.10139610540271385,0.04746045136036132,0.15509422319970342,0.23662388961053274,0.16023500072164387,0.06687692487580899,0.10800033359618827,0.1371445311215335,0.1330087749100879,0.15509422319970342,0.1692576710725927
242,24,0.010231924129191291,0.002274514121529741,0.036408642157225855,0.14809106606211028,0.04350541374699787,0.23021541732817355,0,False,9,0,0,0,0,5643,5605,5690,5386,5734,4703,5483,5618,4504,5776,5673,4346,4255,5621,5698,5167,5591,5827,5589,5180,5668,5721,5825,5744,0.010068845822013912,0.011015011497499077,0.00978148237931755,0.008412150055947708,0.009178498256341549,0.036408642157225855,0.008038613163846662,0.00978148237931755,0.009493740614537572,0.0043036389553731316,0.0035430542220460126,0.0030820973502622925,0.002274514121529741,0.0043036389553731316,0.004115350152270098,0.0116426688368626,0.009415210931036111,0.009415210931036111,0.013454209251048278,0.016609426197278936,0.008832879877175457,0.002274514121529741,0.004115350152270098,0.0360059487194518,0.14583526981321915,0.2100231556156883,0.15444999233387266,0.10841116726878589,0.09900030579650591,0.20143061681366406,0.12192471033424723,0.15444999233387266,0.07242437636310492,0.21690523214298835,0.0929464299524877,0.04350541374699787,0.14216970459972814,0.21690523214298835,0.23021541732817355,0.0613038478028249,0.18233363912983924,0.18233363912983924,0.12571582019473904,0.07956357941162664,0.18480005615767478,0.14216970459972814,0.23021541732817355,0.15515286514987664
243,24,0.010039947511217125,0.0022390050257015143,0.03737988776429776,0.1595772695990876,0.039879962601414715,0.2943641325508257,0,False,9,0,0,0,0,5643,5605,5734,4703,5483,4504,5690,5776,5841,5698,5167,5591,5827,5589,5618,5386,5837,5854,5673,5853,4346,4255,5621,5180,0.009921835237136573,0.011051093680345759,0.008926615318699803,0.03737988776429776,0.007868372388583058,0.009164732324163219,0.009661952870609003,0.004437636388353092,0.004437636388353092,0.004152248520687809,0.011204235715069307,0.009373075883742863,0.009373075883742863,0.013183269018109626,0.009661952870609003,0.008202891428529573,0.03737988776429776,0.004259334650235141,0.0034399852402151026,0.002296748771299787,0.0029512839462734176,0.0022390050257015143,0.004326067482833798,0.016065915707322066,0.13368233066211754,0.1925212259810476,0.09075028031346374,0.2679780654125254,0.11176431780639329,0.06638901166617951,0.14157915963938328,0.282163129464406,0.282163129464406,0.2110307992174924,0.05619519381925615,0.16713916920235264,0.16713916920235264,0.11523950184517745,0.14157915963938328,0.09937690332972039,0.2679780654125254,0.2943641325508257,0.08520089412311371,0.2136555625497508,0.039879962601414715,0.13032222921641745,0.19882979613107266,0.07293328112732442
244,24,0.00965140090114428,0.0022534024650993985,0.03811606759956735,0.15630808973838617,0.03655663238463015,0.2698337881715902,0,False,9,0,0,0,0,5643,5605,5734,4703,5483,4504,5690,5837,5776,5841,5853,5877,5591,5827,5589,5618,5386,4255,5180,5854,4346,5621,5698,5673,0.00974374736069884,0.011033075362745063,0.008661606601010853,0.03811606759956735,0.007679850116548919,0.008832182823068847,0.009509540013175133,0.03811606759956735,0.004543047928292366,0.004543047928292366,0.0023066178791417615,0.0022534024650993985,0.009291501818004448,0.009291501818004448,0.012879935363396851,0.009509540013175133,0.007978623351959415,0.0022534024650993985,0.016065915707322066,0.004375437961080226,0.0028231543912108628,0.004326652395999589,0.004167026066346405,0.0033326765986556174,0.12254213644027441,0.17647779048262696,0.08318775695400843,0.2456465599614816,0.10245062465586051,0.060856594027331214,0.12978089633610132,0.2456465599614816,0.25864953534237217,0.25864953534237217,0.19585093233727155,0.202795376781716,0.15321090510215657,0.15321090510215657,0.10563621002474599,0.12978089633610132,0.09109549471891036,0.202795376781716,0.07293328112732442,0.2698337881715902,0.03655663238463015,0.18226064645348325,0.19344489928270137,0.07810081961285423
245,24,0.009582990470382205,0.002256211790477004,0.03862439768930603,0.1791915934508589,0.05578521119172028,0.2692290953832397,0,False,9,0,0,0,0,5643,5734,5483,5605,5892,4255,4703,5591,5827,5618,5837,5853,5877,5893,4504,5690,5776,5841,5621,5698,5589,5891,5903,5882,0.009539044966298446,0.00860297356646541,0.00747631584388675,0.010965699554965144,0.009411391774429156,0.002256211790477004,0.03862439768930603,0.009411391774429156,0.009411391774429156,0.009328652882069884,0.03862439768930603,0.0023050057474614154,0.0023143992970478333,0.009411391774429156,0.008498520716843103,0.009328652882069884,0.004620432890812717,0.004620432890812717,0.0043072016570068665,0.004161308365039465,0.012549779135722689,0.0023143992970478333,0.0033054037623516815,0.00860297356646541,0.1123302917369182,0.15958877720784106,0.09391307260120546,0.16177130794240804,0.22377666301031018,0.18589576204990632,0.2251760132980248,0.22377666301031018,0.22377666301031018,0.1189658216414262,0.2251760132980248,0.17953002130916557,0.2692290953832397,0.22377666301031018,0.05578521119172028,0.1189658216414262,0.23709540739717447,0.23709540739717447,0.1670722592490263,0.1773244910091429,0.09683319252268383,0.2692290953832397,0.15492575131178304,0.15958877720784106
246,24,0.009421874677183938,0.002292889112299095,0.03891573700568588,0.20573459960866236,0.08608698321777167,0.3006707901140766,1,False,9,0,0,0,0,5734,5892,4255,5591,5827,5837,5853,5877,4703,5893,5643,5907,5776,5841,5621,5698,5920,5917,5483,5605,5903,5919,5909,5882,0.008510085468533502,0.009478664933731987,0.0023063418194802865,0.009478664933731987,0.009478664933731987,0.03891573700568588,0.002292889112299095,0.0023608074272657314,0.03891573700568588,0.009723118881026366,0.009311970277905236,0.011133855720238643,0.004791312943345962,0.0046708520731195205,0.004269635977443377,0.004136877418509302,0.004791312943345962,0.009723118881026366,0.007260792167315171,0.011133855720238643,0.0032654469112259232,0.00935882240951389,0.0023063418194802865,0.008510085468533502,0.14628971244052097,0.205128607759451,0.2537377818790808,0.205128607759451,0.205128607759451,0.2064113455231894,0.16456918620006844,0.24679333743463638,0.2064113455231894,0.28846194109278434,0.10296943409217502,0.23162369894720738,0.3006707901140766,0.21733745678074326,0.1531495709782741,0.16254745009171434,0.3006707901140766,0.28846194109278434,0.08608698321777167,0.23162369894720738,0.1420152720358011,0.19238533650464068,0.2537377818790808,0.14628971244052097
247,24,0.008511420616040677,0.0022712985081087696,0.039003736625224314,0.2641579604132144,0.0943886479178271,0.35894822427123685,2,False,9,0,0,0,0,5734,5892,4255,5591,5827,5945,5837,5919,5949,5932,5907,5853,5877,5893,5930,5950,5944,5917,5643,5605,5935,5776,5909,5937,0.008386901093615135,0.009496686274828465,0.0024028129701516555,0.009496686274828465,0.009741604990948135,0.010228826890112319,0.039003736625224314,0.009584168155994235,0.009584168155994235,0.009741604990948135,0.01123811423812939,0.0022712985081087696,0.002454777397073818,0.010228826890112319,0.0024028129701516555,0.0024028129701516555,0.005057779450975907,0.010228826890112319,0.009066498343219218,0.01123811423812939,0.002454777397073818,0.004930619208828898,0.0024028129701516555,0.010228826890112319,0.13409890307047756,0.18803455711283007,0.31592630005582406,0.18803455711283007,0.2713678904461634,0.34775677933505234,0.1892104000629236,0.25968655846258726,0.25968655846258726,0.2713678904461634,0.2123217240349401,0.15085508735006273,0.30956055931508336,0.34775677933505234,0.31592630005582406,0.31592630005582406,0.35894822427123685,0.34775677933505234,0.0943886479178271,0.2123217240349401,0.30956055931508336,0.27561489093790353,0.31592630005582406,0.34775677933505234
248,24,0.010205237384381472,0.0024832624080701497,0.03890404883565106,0.3057472539352661,0.12292399448127109,0.40211038105713126,3,False,9,0,0,0,0,5734,5892,5591,5827,5945,5837,5919,5949,5932,5907,4255,5893,5969,5955,5959,5917,5957,5937,5930,5950,5877,5975,5961,5965,0.008237324948007598,0.009469294969842385,0.009713507266579978,0.009942897408376842,0.010941046003917222,0.03890404883565106,0.010001711971982229,0.009750253772080593,0.010199323870965575,0.011282188515413556,0.0024832624080701497,0.010941046003917222,0.010941046003917222,0.009713507266579978,0.010001711971982229,0.010941046003917222,0.010941046003917222,0.010941046003917222,0.0024832624080701497,0.0024832624080701497,0.002532447301179525,0.010941046003917222,0.010199323870965575,0.010941046003917222,0.12292399448127109,0.17236501068676088,0.2556983440200942,0.24875389957564975,0.40211038105713126,0.17344286672434664,0.32137934525737166,0.23804601192403832,0.3320872329089831,0.1946282470320284,0.28959910838450537,0.40211038105713126,0.40211038105713126,0.2556983440200942,0.32137934525737166,0.40211038105713126,0.40211038105713126,0.40211038105713126,0.28959910838450537,0.28959910838450537,0.28376384603882643,0.40211038105713126,0.3320872329089831,0.40211038105713126
249,24,0.011832658889119945,0.008273132009070596,0.038633618191903564,0.31572538644788833,0.15898929449731775,0.451934515969037,4,False,9,0,0,0,0,5992,5983,5734,5987,5892,5985,5976,5591,5827,5945,5837,5982,5932,5997,5907,5919,5949,5893,5969,5955,5959,5993,5977,5917,0.011882383816486897,0.010113545304629754,0.008273132009070596,0.011882383816486897,0.009643074851367547,0.011561106565072917,0.008273132009070596,0.009870801690582832,0.010084272551396892,0.011583642675629792,0.038633618191903564,0.010619369627745234,0.010588632811204823,0.011882383816486897,0.011561106565072917,0.010619369627745234,0.010113545304629754,0.011882383816486897,0.011583642675629792,0.009870801690582832,0.0103523825781118,0.011882383816486897,0.009643074851367547,0.011583642675629792,0.451934515969037,0.30154217759703517,0.19601366160783185,0.451934515969037,0.24133459312953082,0.26174255977935934,0.19601366160783185,0.23439014868508637,0.2280244079443456,0.36860118263570363,0.15898929449731775,0.377931066485924,0.30441329683323454,0.451934515969037,0.26174255977935934,0.377931066485924,0.30154217759703517,0.451934515969037,0.36860118263570363,0.23439014868508637,0.2945977331525907,0.451934515969037,0.24133459312953082,0.36860118263570363
250,24,0.01224977693122479,0.008267726614694056,0.038210066550973885,0.31429793299257575,0.14574018662254126,0.4976066396382839,5,False,9,0,0,0,0,6000,5983,5734,5992,5892,5985,6006,5591,5827,5987,5945,5837,5982,5976,5932,5997,5907,5919,6005,5893,6011,5955,5959,5969,0.013086064291395017,0.010410134672303409,0.008267726614694056,0.013086064291395017,0.009759883872683004,0.01207172742199556,0.00848095056767084,0.009970955969667242,0.010168446336360912,0.012757060798820026,0.012149413464778006,0.038210066550973885,0.011455188329780718,0.00848095056767084,0.010907922972344622,0.012757060798820026,0.011768225895882665,0.011167187531016464,0.01207172742199556,0.012757060798820026,0.011455188329780718,0.009970955969667242,0.010635269416101068,0.012149413464778006,0.4976066396382839,0.27641366279728224,0.17967918980717917,0.4976066396382839,0.22122337703540323,0.3232640131310794,0.2630125231405125,0.2148576362946625,0.20902237394898346,0.4142733063049506,0.3378844174160616,0.14574018662254126,0.4297701442787637,0.2630125231405125,0.2790455220971316,0.4142733063049506,0.23993067979774604,0.34643681094543033,0.3232640131310794,0.4142733063049506,0.4297701442787637,0.2148576362946625,0.27004792205654143,0.3378844174160616
251,24,0.012657418154929467,0.008224609598979991,0.03765117620768605,0.32443640986296046,0.13359517107066282,0.47728929892220007,6,False,9,0,0,0,0,6000,5983,5734,5992,6033,5985,6006,5591,5827,5987,5892,6028,5982,5976,5932,5997,5945,5837,6030,6034,6005,5893,6036,5955,0.014230225341750898,0.010640268124310555,0.008224609598979991,0.014230225341750898,0.013901923311178264,0.012501572567898385,0.008858680321967571,0.010017173207453909,0.010198896132987838,0.013901923311178264,0.010075945390208106,0.010075945390208106,0.01253751811238735,0.008635959670392506,0.011157282587547866,0.013552407886139815,0.012959475559216923,0.03765117620768605,0.008858680321967571,0.012959475559216923,0.012501572567898385,0.013552407886139815,0.01253751811238735,0.010017173207453909,0.45613941966842686,0.2533791908975087,0.16470592398991424,0.45613941966842686,0.4630838641128714,0.2963253453701561,0.32442814621213645,0.1969528332701073,0.19160384278656817,0.4630838641128714,0.2861214289491196,0.2861214289491196,0.47728929892220007,0.2410948128788031,0.2557917285890373,0.379750530779538,0.39306071596472314,0.13359517107066282,0.32442814621213645,0.39306071596472314,0.2963253453701561,0.379750530779538,0.47728929892220007,0.1969528332701073
252,24,0.012889202152009909,0.00814747598394199,0.036974469338775545,0.3184051302867305,0.12246224014810758,0.4375151906786834,7,False,9,0,0,0,0,6000,5983,5734,5992,6033,6059,5985,6066,5591,5827,5987,5892,6028,5982,6006,5932,5997,5945,5837,6030,6054,5893,6036,5955,0.015295733980890786,0.010805548607789196,0.00814747598394199,0.015295733980890786,0.014971943297622194,0.010593057555215403,0.012849403891611792,0.009413785275463205,0.010013262005969824,0.0101796512654026,0.014971943297622194,0.010326732030970079,0.010593057555215403,0.01355635226802058,0.009413785275463205,0.01133825316370408,0.01425879615709356,0.013685885734565029,0.036974469338775545,0.009413785275463205,0.009413785275463205,0.01425879615709356,0.01355635226802058,0.010013262005969824,0.4181278013627246,0.2322642583227163,0.15098043032408803,0.4181278013627246,0.4244935421034654,0.3456113098700263,0.27163156658930976,0.3807258006944584,0.180540097164265,0.1756368558876875,0.4244935421034654,0.262277976536693,0.3456113098700263,0.4375151906786834,0.3807258006944584,0.23447575120661754,0.3481046532145765,0.3603056563009962,0.12246224014810758,0.3807258006944584,0.3807258006944584,0.3481046532145765,0.4375151906786834,0.180540097164265
253,24,0.012329111288357827,0.008040096846236446,0.01626690879639225,0.3177555352869373,0.13839872779708068,0.43233198396992023,8,False,9,0,0,0,0,6000,5983,5734,6084,5992,6033,6059,6088,5985,6066,5591,5827,5987,5892,6028,5982,6006,5932,5997,5945,6091,6054,6036,5955,0.01626690879639225,0.010908689842887084,0.008040096846236446,0.011323830672288185,0.01626690879639225,0.01595097481032358,0.011039132404149575,0.015253102617394208,0.013115881899941194,0.009907163235921449,0.00996344408299578,0.010115104284610122,0.01595097481032358,0.010513313841292305,0.011323830672288185,0.014495589750739593,0.009907163235921449,0.01145357158214791,0.015253102617394208,0.014321020933992725,0.010162668117298998,0.009907163235921449,0.014495589750739593,0.00996344408299578,0.3832838179158309,0.21290890346248995,0.13839872779708068,0.4001437007141908,0.3832838179158309,0.38911908026150993,0.31681036738085744,0.4024292654466951,0.24899560270686727,0.34899865063658686,0.16549508906724292,0.1610004512303802,0.38911908026150993,0.24042147849196857,0.4001437007141908,0.40105559145545977,0.34899865063658686,0.21493610527273274,0.4024292654466951,0.3302801849425798,0.43233198396992023,0.34899865063658686,0.40105559145545977,0.16549508906724292
254,24,0.01277978211227219,0.007906221898604472,0.017131730208321636,0.3113578833442457,0.12686550048065728,0.4796376519724269,9,False,9,0,0,0,0,6000,5983,5734,6084,5992,6033,6059,6088,5985,6066,5591,5827,5987,5892,6099,6028,6114,6006,5932,5997,6116,5982,6054,5955,0.017131730208321636,0.010953273442489947,0.007906221898604472,0.012291329659615624,0.017131730208321636,0.016826478728914518,0.011411562922303203,0.016150400262538937,0.013303273370369935,0.010334155074504275,0.009872184895697444,0.010009846501578334,0.016826478728914518,0.010637943216471398,0.012291329659615624,0.011982307000368623,0.016566917685843122,0.010334155074504275,0.011506913922245655,0.016566917685843122,0.01113085978135982,0.015342420795904713,0.010334155074504275,0.009872184895697444,0.3513434997561783,0.19516649484061577,0.12686550048065728,0.45013172565467485,0.3513434997561783,0.35669249023971744,0.29040950343245264,0.3688934933261372,0.22824596914796166,0.3199154297502046,0.15170383164497267,0.14758374696118184,0.35669249023971744,0.2203863552843045,0.45013172565467485,0.36679839232134154,0.45222682665947056,0.3199154297502046,0.19702476316667167,0.45222682665947056,0.4796376519724269,0.36763429216750476,0.3199154297502046,0.15170383164497267
255,24,0.013227028798168033,0.00774950184302064,0.018246633333040576,0.29813722762768363,0.1162933754406025,0.4978745911045147,10,False,9,0,0,0,0,6000,5983,5734,6084,5992,6033,6059,6088,5985,6139,6142,5591,5827,6130,5987,5892,6133,6121,6114,6066,5932,5997,6116,5955,0.017881836338894435,0.01122575231812438,0.00774950184302064,0.013189447981762099,0.017881836338894435,0.017589552700864628,0.011709648123877321,0.016940608556316208,0.013415148757517719,0.018246633333040576,0.010967844730093735,0.009995347384852414,0.009868529124406245,0.009995347384852414,0.017589552700864628,0.01097986511651746,0.01097986511651746,0.01122575231812438,0.017787885312197275,0.010692096488157167,0.01150265279403425,0.018246633333040576,0.012043303859743512,0.009744049200318872,0.32206487477649676,0.2622359536038978,0.1162933754406025,0.41262074851678526,0.32206487477649676,0.3269681160530743,0.26620871147974823,0.3381523688822924,0.20922547171896486,0.4978745911045147,0.3765891439376875,0.22239517900789163,0.13528510138108335,0.22239517900789163,0.3269681160530743,0.28535415901061245,0.28535415901061245,0.2622359536038978,0.41454125777118134,0.2932558106043542,0.18060603290278235,0.4978745911045147,0.43966784764139133,0.1390618456745583
256,24,0.014049995695902867,0.007573428873561863,0.019843490474596513,0.2995241610889185,0.1066022608205523,0.45638504184580514,11,False,9,0,0,0,0,6159,6000,6148,5734,6084,5992,5983,6059,6088,5985,6139,6163,6130,6033,6133,6121,6114,6142,5591,5827,5987,5892,6066,5997,0.011540887276248007,0.018512346691198677,0.018989778508230297,0.007573428873561863,0.014005268415769184,0.018989778508230297,0.01142844297196121,0.011934348376118625,0.017617135404630748,0.013456086370768389,0.019843490474596513,0.011263315291765613,0.010062900165202822,0.018234782945680674,0.011250731876064266,0.01142844297196121,0.01889830064794835,0.01152930505436869,0.010062900165202822,0.009695749723869728,0.018234782945680674,0.011540887276248007,0.011263315291765613,0.019843490474596513,0.34490797909306137,0.2952261352117887,0.378559468545122,0.1066022608205523,0.3782356861403865,0.378559468545122,0.24038295747023963,0.2440246521897692,0.309973004808768,0.19179001574238444,0.45638504184580514,0.352151159720658,0.20386224742390066,0.2997207730486514,0.26157464575972805,0.24038295747023963,0.3799961529569162,0.34520671527621355,0.20386224742390066,0.12401134293265974,0.2997207730486514,0.34490797909306137,0.352151159720658,0.45638504184580514
257,24,0.014532858410983564,0.007381293309926722,0.02133076787492651,0.27751598364452584,0.09771873908550627,0.4183529550253214,12,False,9,0,0,0,0,6159,6000,6148,5734,6084,5992,5983,6059,6088,5985,6139,6163,6130,6033,6133,6121,6114,6142,5591,5827,5987,6174,6066,5997,0.012024506307768686,0.019021558546155514,0.019972913059968397,0.007381293309926722,0.01472901020893259,0.019972913059968397,0.01186202521111582,0.012088016651652378,0.018176646629839793,0.013431395699545058,0.02133076787492651,0.011759135007901688,0.010078456841288677,0.018759962297361085,0.011451752182322887,0.011563795916457993,0.019884699314386467,0.012013443903091057,0.010078456841288677,0.009495962608402055,0.018759962297361085,0.01186202521111582,0.011759135007901688,0.02133076787492651,0.3161656475019729,0.27062395727747296,0.34701284616636185,0.09771873908550627,0.34671604562868763,0.34701284616636185,0.303684377681053,0.22368926450728843,0.284141921074704,0.17580751443051906,0.4183529550253214,0.3228052297439365,0.18687372680524225,0.2747440419612638,0.23977675861308403,0.22035104434771965,0.34832980687717313,0.31643948900319574,0.18687372680524225,0.11367706435493809,0.2747440419612638,0.303684377681053,0.3228052297439365,0.4183529550253214
258,24,0.014803176615182807,0.007176154164880572,0.0226865568505125,0.2758340551621706,0.08957551082838074,0.38349020877321127,13,False,9,0,0,0,0,6159,6203,6148,5734,6000,5983,6059,6088,5985,6201,6163,6084,5992,6033,6133,6139,6142,5591,5827,6130,6192,6114,6066,5997,0.012748451623898236,0.012490310042952743,0.020822147019104672,0.007176154164880572,0.01941055919705241,0.012217218728765864,0.012174124454329666,0.018618730864300718,0.013691082644903995,0.013691082644903995,0.012490310042952743,0.015354000718219128,0.020822147019104672,0.019165717751596603,0.011585413914418483,0.0226865568505125,0.012417455064479515,0.01004612060824313,0.009273410951223913,0.01004612060824313,0.012748451623898236,0.020737830660642307,0.012176284715247596,0.0226865568505125,0.3731518435434752,0.37923812726527517,0.3180951089858317,0.08957551082838074,0.24807196083768354,0.2783773462076319,0.2050484924650144,0.26046342765181196,0.24449022156130915,0.24449022156130915,0.37923812726527517,0.317823041826297,0.3180951089858317,0.2518487051311585,0.21979536206199368,0.38349020877321127,0.29006953158626275,0.17130091623813873,0.10420397565869324,0.17130091623813873,0.3731518435434752,0.319302322970742,0.2959047939319418,0.38349020877321127
259,24,0.015241219301921316,0.006960821433460554,0.02389405662149397,0.25487816917017087,0.08211088492601568,0.35153269137544363,14,False,9,0,0,0,0,6159,6203,6148,5734,6000,5983,6059,6088,5985,6201,6163,6225,6084,5992,6033,6133,6139,6142,5591,5827,6130,6114,6066,5997,0.013388168038543431,0.013139452977259948,0.021532376991979428,0.006960821433460554,0.019682792356861878,0.012494170867772193,0.0121969968461703,0.01894549989721552,0.013869179325451175,0.01422686425846054,0.013139452977259948,0.01422686425846054,0.015876505856750923,0.021532376991979428,0.019455086459504962,0.01165522273478039,0.02389405662149397,0.012740602242979352,0.009970304379450859,0.009032078100942243,0.009970304379450859,0.021452437179761377,0.012513591448627823,0.02389405662149397,0.34205585658151894,0.3476349499931689,0.2915871832370124,0.08211088492601568,0.22739929743454323,0.25517923402366255,0.18796111809292984,0.23875814201416096,0.22411603643120004,0.3074493697645334,0.3476349499931689,0.3074493697645334,0.29133778834077223,0.2915871832370124,0.23086131303689525,0.20147908189016087,0.35153269137544363,0.26589707062074086,0.1570258398849605,0.0955203110204688,0.1570258398849605,0.2926937960565135,0.27124606110427996,0.35153269137544363
260,24,0.015549790697813681,0.0067378479892698,0.024941570226643665,0.23363832173932328,0.07526831118218104,0.32223830042748997,15,False,9,0,0,0,0,6159,6203,6148,5734,6000,5983,6059,6088,5985,6201,6163,6225,6084,5992,6033,6133,6139,6142,5591,5827,6130,6114,6066,5997,0.013938058091052953,0.013700520169750412,0.02210212070807086,0.0067378479892698,0.019843610632565224,0.012694647686715887,0.012161566869109268,0.019161159019353904,0.013969644836821974,0.014668330206878548,0.013700520169750412,0.014668330206878548,0.016295457667955884,0.02210212070807086,0.01963307293140278,0.011665451681501621,0.024941570226643665,0.012983952413094219,0.009855575464822422,0.00877565534672289,0.009855575464822422,0.02202689196596576,0.012771726063664394,0.024941570226643665,0.31355120186639235,0.31866537082707147,0.2672882513005947,0.07526831118218104,0.2084493559816646,0.233914297855024,0.17229769158518568,0.21886163017964755,0.20543970006193335,0.2818285889508223,0.31866537082707147,0.2818285889508223,0.26705963931237453,0.2672882513005947,0.21162287028382062,0.18468915839931413,0.32223830042748997,0.2437389814023458,0.14394035322788046,0.0875602851020964,0.14394035322788046,0.2683026463851374,0.24864222267892327,0.32223830042748997
261,24,0.015633227850581712,0.0065095291432455534,0.02582225982566475,0.2579451427246414,0.06899595191699928,0.37075526837752637,16,False,9,0,0,0,0,6264,6281,6270,5734,6275,6159,6203,6148,6273,5985,6201,6163,6225,6000,5983,6059,6088,6139,6142,5591,5827,6084,6114,5997,0.014766393174167645,0.01348922280370332,0.012384521628760865,0.0065095291432455534,0.0154025991255915,0.014766393174167645,0.014170099209257174,0.022533057817721382,0.0154025991255915,0.013997424274907544,0.0154025991255915,0.014170099209257174,0.0154025991255915,0.01989983893169663,0.01282174514800005,0.012384521628760865,0.019271575305238375,0.02582225982566475,0.01348922280370332,0.00970652561605718,0.008507523431936666,0.016612115349594368,0.022462743610089805,0.02582225982566475,0.37075526837752637,0.30676073295215034,0.24127288395308688,0.06899595191699928,0.3416762065382538,0.37075526837752637,0.29210992325814883,0.24501423035887845,0.3416762065382538,0.18831972505677222,0.3416762065382538,0.29210992325814883,0.3416762065382538,0.1910785763165259,0.21442143970043864,0.24127288395308688,0.20062316099801025,0.29538510872519913,0.30676073295215034,0.13194532379222373,0.08026359467692169,0.24480466936967665,0.24594409251970928,0.29538510872519913
262,24,0.014865572524637148,0.006439814837979677,0.02653372404119497,0.24534822989103863,0.07357496178717822,0.396536522660066,17,False,9,0,0,0,0,6264,6281,6270,5734,6275,6159,6203,6148,6273,5985,6201,6163,6292,6225,6000,5983,6059,6088,6139,6291,6142,5591,5827,6084,0.015496963725458422,0.013905117102069294,0.012534321844368364,0.006439814837979677,0.016447025685836527,0.015496963725458422,0.0145471678503293,0.022829523364525244,0.016033522529148764,0.01395816632733863,0.016033522529148764,0.0145471678503293,0.016447025685836527,0.016033522529148764,0.0198593668230462,0.012879602657337431,0.012534321844368364,0.01928386496210964,0.02653372404119497,0.006439814837979677,0.013905117102069294,0.00952766579653951,0.008230745258073593,0.01682969168159694,0.3398589960127325,0.28119733853947115,0.22116681029032964,0.1465796225905827,0.396536522660066,0.3398589960127325,0.2677674296533031,0.2245963778289719,0.31320318932673263,0.17262641463537454,0.31320318932673263,0.2677674296533031,0.396536522660066,0.31320318932673263,0.17515536162348205,0.19655298639206875,0.22116681029032964,0.18390456424817606,0.27076968299809917,0.1465796225905827,0.28119733853947115,0.12094988014287175,0.07357496178717822,0.22440428025553694
263,24,0.015132114757380266,0.006347113221773615,0.02707745752809669,0.23523861351047692,0.06744371497158003,0.3704362568828382,18,False,9,0,0,0,0,6264,6281,6270,5734,6275,6159,6203,6148,6273,5985,6201,6163,6292,6225,6000,5983,6059,6088,6320,6139,6291,6142,5591,5827,0.016123543738453216,0.014231568704252316,0.012614693166815913,0.006347113221773615,0.01738583924924536,0.016123543738453216,0.014832792560393262,0.02299798972680936,0.016984734825973135,0.01385797059420621,0.01655771284642503,0.014832792560393262,0.01738583924924536,0.01655771284642503,0.019730781714938195,0.012873132025161754,0.012614693166815913,0.019206014488056675,0.016984734825973135,0.02707745752809669,0.006347113221773615,0.014231568704252316,0.009323344026359485,0.007948067446834357,0.3115374130116714,0.25776422699451523,0.2027362427661355,0.13436465404136747,0.36349181243839385,0.3115374130116714,0.24545347718219448,0.2058800130098909,0.3704362568828382,0.15824088008242665,0.2871029235495049,0.24545347718219448,0.36349181243839385,0.2871029235495049,0.16055908148819187,0.18017357085939634,0.2027362427661355,0.16857918389416138,0.3704362568828382,0.24820554274825757,0.13436465404136747,0.25776422699451523,0.1108707234642991,0.06744371497158003
264,24,0.015243015655444697,0.006234379700789104,0.027458246302895145,0.2234771777885891,0.061823405390615024,0.33956656880926833,19,False,10,0,0,0,0,6264,6281,6270,6339,5734,6275,6159,6203,6148,6273,5985,6201,6163,6292,6225,6000,5983,6059,6088,6320,6139,6291,6142,5827,0.016642910233722726,0.014470396478715846,0.012630210756597078,0.006395163813050133,0.006395163813050133,0.018208924794299444,0.016642910233722726,0.015029795363452348,0.023046564665873702,0.017823465671638273,0.01370316878230734,0.016974494143669843,0.015029795363452348,0.018208924794299444,0.016974494143669843,0.019523049510724467,0.012807770763548684,0.012630210756597078,0.019046544797912856,0.017823465671638273,0.027458246302895145,0.006234379700789104,0.014470396478715846,0.007661928696330046,0.28557596192736545,0.23628387474497228,0.18584155586895754,0.2065009328712535,0.2065009328712535,0.3332008280685277,0.28557596192736545,0.22499902075034495,0.18872334525906664,0.33956656880926833,0.14505414007555775,0.2631776799203795,0.22499902075034495,0.3332008280685277,0.2631776799203795,0.14717915803084253,0.1651591066211133,0.18584155586895754,0.15453091856964793,0.33956656880926833,0.2275217475192361,0.12316759953792017,0.23628387474497228,0.061823405390615024
265,24,0.01537899049975019,0.006104473507362862,0.02768354338948056,0.2058456628406767,0.0566714549413971,0.3112693547418293,0,False,10,0,0,0,0,6264,6281,6270,6339,5734,6275,6159,6203,6148,6273,5985,6201,6163,6292,6225,6000,5983,6059,6088,6320,6139,6291,6142,5827,0.016642910233722726,0.014624975937641201,0.012586048150865755,0.0064097859459618855,0.0064097859459618855,0.01890985803870002,0.017054540443639243,0.015142412659679787,0.022984525277793502,0.018542593003840757,0.013500141119309857,0.01728554211233195,0.015142412659679787,0.01890985803870002,0.01728554211233195,0.01924524524781347,0.012689265050804865,0.012586048150865755,0.018814222875672786,0.018542593003840757,0.02768354338948056,0.006104473507362862,0.014624975937641201,0.007374473150361921,0.28557596192736545,0.21659355184955792,0.17035475954654442,0.18929252179864905,0.18929252179864905,0.3054340923961504,0.261777965100085,0.20624910235448285,0.17299639982081108,0.3112693547418293,0.13296629506926128,0.24124620659368118,0.20624910235448285,0.3054340923961504,0.24124620659368118,0.13491422819493898,0.15139584773602052,0.17035475954654442,0.14165334202217728,0.3112693547418293,0.2085616018926331,0.11290363290976015,0.21659355184955792,0.0566714549413971
266,24,0.015458397765467423,0.0059601150224682055,0.027762859532132377,0.18869185760395366,0.05194883369628067,0.2853302418466769,1,False,10,0,0,0,0,6264,6281,6270,6339,5734,6275,6159,6203,6148,6273,5985,6201,6163,6292,6225,6000,5983,6059,6088,6320,6139,6291,6142,5827,0.017054540443639243,0.014699911035328406,0.012487753718322609,0.006393550540648664,0.006393550540648664,0.01948563732372826,0.01736024780010957,0.015175964329967746,0.022821900657104693,0.01913844415946925,0.013255167248520145,0.017494493179482467,0.015175964329967746,0.01948563732372826,0.017494493179482467,0.01890633309838337,0.012523484784651298,0.012487753718322609,0.018517821931432404,0.01913844415946925,0.027762859532132377,0.0059601150224682055,0.014699911035328406,0.0070875672788820185,0.261777965100085,0.1985440891954281,0.15615852958433238,0.17351814498209495,0.17351814498209495,0.27998125136313784,0.2399631346750779,0.18906167715827593,0.15858003316907682,0.2853302418466769,0.12188577048015617,0.22114235604420773,0.18906167715827593,0.27998125136313784,0.22114235604420773,0.12367137584536073,0.13877952709135213,0.15615852958433238,0.1298488968536625,0.2853302418466769,0.19118146840158032,0.10349499683394679,0.1985440891954281,0.05194883369628067
267,24,0.015292089314904805,0.005803855316028871,0.02770719417553332,0.19062951265420303,0.047619764221590616,0.26155272169278715,2,False,11,0,0,0,0,6264,6281,6412,6339,5734,6275,6415,6203,6270,6273,5985,6201,6163,6292,6225,6159,6000,6148,6088,6320,6139,6291,6424,5827,0.01736024780010957,0.014700722097821734,0.0065129878153330645,0.006349241429053121,0.0065129878153330645,0.019936311464459528,0.01552691647939926,0.01552691647939926,0.012341058014337944,0.019610446853393075,0.012974309414612448,0.017606549019852473,0.015136546262893317,0.019936311464459528,0.017606549019852473,0.017563788734329174,0.018514992906474147,0.02256911022457242,0.0181659284176934,0.019610446853393075,0.02770719417553332,0.005803855316028871,0.012633906468926086,0.006802819030454928,0.2399631346750779,0.1819987484291424,0.2423916329002537,0.15905829956692036,0.2423916329002537,0.25664948041620966,0.2566398707284196,0.2566398707284196,0.14314531878563802,0.26155272169278715,0.11172862294014316,0.20271382637385707,0.17330653739508625,0.25664948041620966,0.20271382637385707,0.21996620678548806,0.11336542785824733,0.14536503040498708,0.11902815544919061,0.26155272169278715,0.17524967936811528,0.09487041376445123,0.21054789983373945,0.047619764221590616
268,24,0.015287542893871298,0.005638056145147034,0.027528523312125065,0.1747437199330194,0.04365145053645806,0.23975666155172154,3,False,11,0,0,0,0,6264,6281,6412,6339,5734,6275,6415,6203,6270,6273,5985,6201,6163,6292,6225,6159,6000,6148,6088,6320,6139,6291,6424,5827,0.017563788734329174,0.01463356057915412,0.00659383323600254,0.0062797542133999976,0.00659383323600254,0.02026454542916543,0.015782511124589938,0.015782511124589938,0.01215171292466645,0.019960710198313077,0.012663324835065472,0.017628096511442412,0.015030754825816742,0.02026454542916543,0.017628096511442412,0.017670466274099714,0.018079489018001067,0.022236660034725172,0.017766792476596138,0.019960710198313077,0.027528523312125065,0.005638056145147034,0.012677154824409875,0.006521598256348321,0.21996620678548806,0.1668321860600472,0.22219233015856588,0.14580344126967698,0.22219233015856588,0.23526202371485885,0.2352532148343846,0.2352532148343846,0.13121654222016818,0.23975666155172154,0.10241790436179789,0.18582100750936897,0.15886432594549574,0.23526202371485885,0.18582100750936897,0.20163568955336406,0.10391830887006004,0.13325127787123814,0.10910914249509139,0.23975666155172154,0.16064553942077234,0.08696454595074696,0.19300224151426115,0.04365145053645806
269,24,0.015216083041655983,0.005464878672564251,0.02723935352833561,0.16018174327193446,0.04001382965841989,0.21977693975574475,4,False,11,0,0,0,0,6264,6281,6412,6339,5734,6275,6415,6203,6270,6273,5985,6201,6163,6292,6225,6159,6000,6148,6088,6320,6139,6291,6424,5827,0.017670466274099714,0.014504957166974095,0.006638019987188867,0.006188011245637958,0.006638019987188867,0.02047515956983613,0.015946503093885882,0.015946503093885882,0.011925361696401428,0.020193572499883898,0.012327603663956457,0.01756635727078449,0.014865447929353867,0.02047515956983613,0.01756635727078449,0.01768675017140648,0.017607576375200884,0.02183489591721182,0.017328217303072654,0.020193572499883898,0.02723935352833561,0.005464878672564251,0.012658190595367831,0.00624505761700198,0.20163568955336406,0.15292950388837662,0.20367630264535205,0.13365315449720389,0.20367630264535205,0.21565685507195395,0.21564878026485254,0.21564878026485254,0.1202818303684875,0.21977693975574475,0.09388307899831473,0.1703359235502549,0.14562563211670443,0.21565685507195395,0.1703359235502549,0.18483271542391705,0.09525844979755503,0.12214700471530163,0.10001671395383377,0.21977693975574475,0.14725841113570798,0.07971750045485138,0.1769187213880727,0.04001382965841989
270,24,0.015083618085444894,0.00528627926786764,0.026852345777678963,0.1468332646659399,0.036679343853551566,0.20146219477609933,5,False,11,0,0,0,0,6264,6281,6412,6339,5734,6275,6415,6203,6270,6273,5985,6201,6163,6292,6225,6159,6000,6148,6088,6320,6139,6291,6424,5827,0.01768675017140648,0.01432160634623738,0.006647935746512295,0.006076892437332918,0.006647935746512295,0.020574670980319204,0.016023968520337536,0.016023968520337536,0.011667437725606748,0.0203151456296346,0.011972128791816786,0.017429075701266127,0.014647544264907527,0.020574670980319204,0.017429075701266127,0.017619927401595424,0.01710643854762135,0.021373809894276098,0.01685748237188776,0.0203151456296346,0.026852345777678963,0.00528627926786764,0.012582444532343529,0.005974153363959322,0.18483271542391705,0.14018537856434524,0.18670327742490603,0.1225153916224369,0.18670327742490603,0.19768545048262445,0.19767804857611482,0.19767804857611482,0.11025834450444687,0.20146219477609933,0.0860594890817885,0.1561412632544003,0.13349016277364573,0.19768545048262445,0.1561412632544003,0.16942998913859061,0.08732024564775877,0.11196808765569316,0.09168198779101429,0.20146219477609933,0.13498687687439898,0.07307437541694708,0.16217549460573333,0.036679343853551566
271,24,0.01489633808330589,0.005104010902445618,0.026380008036015354,0.13459715927711158,0.0336227318657556,0.18467367854475772,6,False,11,0,0,0,0,6264,6281,6412,6339,5734,6275,6415,6203,6270,6273,5985,6201,6163,6292,6225,6159,6000,6148,6088,6320,6139,6291,6424,5827,0.017619927401595424,0.014090187890239572,0.006626289814374019,0.005949180929364662,0.006626289814374019,0.020570858328358244,0.01602096593512346,0.01602096593512346,0.011383089209743343,0.02033287859102549,0.011601453796499689,0.01722425017277912,0.014383860000280019,0.020570858328358244,0.01722425017277912,0.01747779170598987,0.016582652425554848,0.020862894789571516,0.01636129535161239,0.02033287859102549,0.026380008036015354,0.005104010902445618,0.012455610332502687,0.0057096655446056575,0.16942998913859061,0.12850326368398313,0.1711446709728305,0.11230577565390049,0.1711446709728305,0.18121166294240573,0.18120487786143857,0.18120487786143857,0.10107014912907629,0.18467367854475772,0.07888786499163945,0.1431294913165336,0.12236598254250858,0.18121166294240573,0.1431294913165336,0.15531082337704138,0.08004355851044553,0.10263741368438539,0.08404182214176309,0.18467367854475772,0.12373797046819905,0.06698484413220149,0.14866087005525555,0.0336227318657556
272,24,0.014660532130505935,0.004919628823110841,0.025834452912731395,0.12338072933735228,0.0308208375436093,0.16928420533269456,7,False,11,0,0,0,0,6264,6281,6412,6339,5734,6275,6415,6203,6270,6273,5985,6201,6163,6292,6225,6159,6000,6148,6088,6320,6139,6291,6424,5827,0.01747779170598987,0.013817223830025411,0.006575994628572288,0.0058075222183725725,0.006575994628572288,0.020472364815431514,0.015944227059528287,0.015944227059528287,0.011077126382958167,0.02025515612768763,0.011219695588962842,0.016959908568863095,0.014080980617085952,0.020472364815431514,0.016959908568863095,0.017268376577156776,0.01604217459648298,0.020311041124668305,0.015845767695585652,0.02025515612768763,0.025834452912731395,0.004919628823110841,0.012283469353733442,0.005452217305112562,0.15531082337704138,0.11779465837698452,0.15688261505842796,0.10294696101607544,0.15688261505842796,0.16611069103053858,0.16610447137298534,0.16610447137298534,0.09264763670165325,0.16928420533269456,0.07231387624233616,0.13120203370682246,0.11216881733063286,0.16611069103053858,0.13120203370682246,0.14236825476228793,0.0733732619679084,0.09408429587735327,0.07703833696328283,0.16928420533269456,0.11342647292918245,0.06140277378785136,0.1362724642173176,0.0308208375436093
273,24,0.014382436320911747,0.004734499371764029,0.025227214306959175,0.11309900189257292,0.02825243441497519,0.15517718822163667,8,False,11,0,0,0,0,6264,6281,6412,6339,5734,6275,6415,6203,6270,6273,5985,6201,6163,6292,6225,6159,6000,6148,6088,6320,6139,6291,6424,5827,0.017268376577156776,0.013508968162966609,0.006500063484886179,0.0056543951031422296,0.006500063484886179,0.0202883481290584,0.015800884197684183,0.015800884197684183,0.010753987942421812,0.020090942289408845,0.010830538623155701,0.01664392694066481,0.013745164557306995,0.0202883481290584,0.01664392694066481,0.016999732748955765,0.015490344869840592,0.01972647012003392,0.0153164092591639,0.020090942289408845,0.025227214306959175,0.004734499371764029,0.012071746904244583,0.005202293071365013,0.14236825476228793,0.10797843684556914,0.14380906380355896,0.09436804759806915,0.14380906380355896,0.15226813344466036,0.1522624320919032,0.1522624320919032,0.08492700030984882,0.15517718822163667,0.06628771988880815,0.12026853089792058,0.10282141588641346,0.15226813344466036,0.12026853089792058,0.13050423353209725,0.0672588234705827,0.08624393788757383,0.07061847554967592,0.15517718822163667,0.10397426685175058,0.05628587597219708,0.12491642553254112,0.02825243441497519
274,24,0.013698366768298179,0.0045498109976408,0.024569116097914578,0.10722344565270185,0.025898064880393923,0.1440970765647408,9,False,11,0,0,0,0,6264,6281,6412,6339,5734,6275,6415,6203,6270,6586,6273,5985,6201,6163,6292,6225,6159,6000,6148,6088,6139,6291,6424,5827,0.016999732748955765,0.013171325788778126,0.006401524990345222,0.00549209273191317,0.006401524990345222,0.020028181528771567,0.01559823745392165,0.01559823745392165,0.010417723363978159,0.010706423632987431,0.019849473970129636,0.010706423632987431,0.016283888292328824,0.013382274798667784,0.020028181528771567,0.016283888292328824,0.01667974879960941,0.014931902939996116,0.01911669672669957,0.014778137764986984,0.024569116097914578,0.0045498109976408,0.011825998442002075,0.004960255471174699,0.13050423353209725,0.09898023377510504,0.13182497515326236,0.08650404363156337,0.13182497515326236,0.139579122324272,0.13957389608424461,0.13957389608424461,0.07784975028402807,0.1440970765647408,0.14224575586983362,0.1440970765647408,0.11024615332309387,0.09425296456254566,0.139579122324272,0.11024615332309387,0.11962888073775581,0.061653921514700796,0.07905694306360934,0.06473360258720293,0.0953097446141047,0.05159538630784732,0.11450672340482936,0.025898064880393923
275,24,0.013369484273530593,0.0043665866768005926,0.02387018543713388,0.0982881585149767,0.023739892807027763,0.1320889868510124,10,False,11,0,0,0,0,6264,6281,6412,6339,5734,6275,6415,6203,6270,6586,6273,5985,6201,6163,6292,6225,6159,6000,6148,6088,6139,6291,6424,5827,0.01667974879960941,0.012809796794673775,0.0062833538170373095,0.005322712058906699,0.0062833538170373095,0.019701206565812892,0.01534356216313892,0.01534356216313892,0.0100719880284617,0.010544968946512289,0.019540005606288362,0.010544968946512289,0.015886977460593983,0.01299773428815638,0.019701206565812892,0.015886977460593983,0.016316011799501554,0.014371014729849956,0.018488516986712236,0.01423529946365624,0.02387018543713388,0.0043665866768005926,0.011551523062154944,0.004726360926637701,0.11962888073775581,0.09073188096051295,0.12083956055715715,0.07929537332893309,0.12083956055715715,0.12794752879724933,0.12794273807722423,0.12794273807722423,0.07136227109369239,0.1320889868510124,0.13039194288068082,0.1320889868510124,0.10105897387950272,0.08639855084900018,0.12794752879724933,0.10105897387950272,0.10965980734294282,0.05651609472180906,0.07246886447497523,0.059339135704936014,0.08736726589626263,0.04729577078219337,0.1049644964544269,0.023739892807027763
276,24,0.013046501789358083,0.0041856971059668615,0.023139603282896392,0.09095711894961407,0.021761568406442115,0.12794752879724933,0,False,11,0,0,0,0,6264,6281,6412,6339,5734,6275,6415,6203,6270,6586,6273,5985,6201,6163,6292,6225,6159,6000,6148,6088,6139,6291,6424,5827,0.01667974879960941,0.01242944214728888,0.006148416662841643,0.005148150119787452,0.006148416662841643,0.019701206565812892,0.015043954868881687,0.015043954868881687,0.009720048382795065,0.010351075840968458,0.019171603412296217,0.010351075840968458,0.015459907507549622,0.01259650123069498,0.019316535299242904,0.015459907507549622,0.01591570390567021,0.01381130550137988,0.017848014553166078,0.013691697872714952,0.023139603282896392,0.0041856971059668615,0.01125330110894485,0.004500773895844192,0.11962888073775581,0.0831708908804702,0.11076959717739406,0.072687425551522,0.11076959717739406,0.12794752879724933,0.11728084323745554,0.11728084323745554,0.06541541516921802,0.12108157128009468,0.11952594764062408,0.12108157128009468,0.09263739272287749,0.07919867161158349,0.11728523473081187,0.09263739272287749,0.10052149006436426,0.051806420161658304,0.06642979243539396,0.05439420772952468,0.08008666040490742,0.04335445655034392,0.09621745508322466,0.021761568406442115
277,24,0.012675623591564817,0.004007874172339316,0.022385685226559926,0.08337735903714623,0.019948104372571936,0.11728523473081187,1,False,11,0,0,0,0,6264,6281,6412,6339,5734,6275,6415,6203,6270,6586,6273,5985,6201,6163,6292,6225,6159,6000,6148,6088,6139,6291,6424,5827,0.016316011799501554,0.012034866997587627,0.0059994319129678215,0.004970105682776687,0.0059994319129678215,0.019316535299242904,0.01470621480882309,0.01470621480882309,0.009364794701712921,0.010129469583742827,0.018752985610650662,0.010129469583742827,0.015008872892564295,0.012183060472022118,0.01888289810531583,0.015008872892564295,0.015485530286865312,0.013255897330775293,0.017200581815979558,0.013150627992434662,0.022385685226559926,0.004007874172339316,0.01093595252674806,0.004283579780847095,0.10965980734294282,0.07623998330709768,0.10153879741261121,0.06663014008889516,0.10153879741261121,0.11728523473081187,0.10750743963433423,0.10750743963433423,0.05996413057178318,0.11099144034008679,0.1095654520039054,0.11099144034008679,0.08491760999597103,0.0725987823106182,0.10751146516991088,0.08491760999597103,0.09214469922566723,0.04748921848152011,0.06089397639911113,0.04986135708539762,0.0734127720378318,0.03974158517114859,0.08819933382628926,0.019948104372571936
278,24,0.012016670088004175,0.0038337243169716227,0.021615886280043864,0.092969299647722,0.018285762341524275,0.18188181966480638,2,False,11,0,0,0,0,6264,6678,6281,6412,6339,5734,6275,6415,6203,6270,6586,6273,5985,6201,6163,6292,6225,6674,6148,6088,6139,6291,6424,5827,0.01591570390567021,0.01470650077244409,0.011630218092109589,0.005989527071449226,0.004790085002784458,0.00583894128174964,0.01888289810531583,0.01470650077244409,0.01433675705042428,0.0090087593670403,0.00988463252264833,0.018292403936951508,0.00988463252264833,0.01453952481541264,0.011761427564009243,0.01840853212779049,0.01453952481541264,0.005989527071449226,0.016550951720251995,0.012614913873776177,0.021615886280043864,0.0038337243169716227,0.010603712577165886,0.00407479654613657,0.10052149006436426,0.18188181966480638,0.06988665136483954,0.1764105642948936,0.06107762841482056,0.09307723096156027,0.10751146516991088,0.18188181966480638,0.09854848633147305,0.054967119690801244,0.10174215364507955,0.1004349976702466,0.10174215364507955,0.07784114249630678,0.06654888378473335,0.09855217640575163,0.07784114249630678,0.1764105642948936,0.05581947836585187,0.04570624399494782,0.06729504103467915,0.036429786406886204,0.08084938934076516,0.018285762341524275
279,24,0.011582435574424241,0.003663741507273903,0.021615886280043864,0.09275367979405442,0.016761948813063917,0.16672500135940585,0,False,11,0,0,0,0,6264,6678,6281,6705,6412,6339,5734,6275,6415,6203,6270,6586,6273,5985,6201,6163,6292,6225,6674,6148,6139,6291,6424,5827,0.015485530286865312,0.014638833410863916,0.011219192151149445,0.00887732841433041,0.005952838667457864,0.004609410584078143,0.005669291649590113,0.01840853212779049,0.014638833410863916,0.013941553039164233,0.00887732841433041,0.0096207569702283,0.01779756110953215,0.0096207569702283,0.01405696443418298,0.011335162505152922,0.01790110492821736,0.01405696443418298,0.005952838667457864,0.015903236989995868,0.021615886280043864,0.003663741507273903,0.010260421722347106,0.003874385110853917,0.09214469922566723,0.16672500135940585,0.06406276375110291,0.1337198597165678,0.1617096839369858,0.05598782604691885,0.08532079504809692,0.09855217640575163,0.16672500135940585,0.09033611247051695,0.1337198597165678,0.09326364084132291,0.09206541453105939,0.09326364084132291,0.07135438062161455,0.061003143469338904,0.09033949503860565,0.07135438062161455,0.1617096839369858,0.05116785516869755,0.06729504103467915,0.03339397087297902,0.07411194022903472,0.016761948813063917
280,24,0.011297432845333544,0.003682258590334966,0.020836824025122755,0.09283161066855454,0.01536511974530859,0.152831251246122,1,False,11,0,0,0,0,6264,6678,6281,6705,6412,6339,5734,6275,6415,6203,6270,6586,6273,5985,6201,6163,6292,6225,6674,6148,6139,6725,6424,5827,0.015031673629784468,0.014509748046730959,0.01080505247770922,0.008718080121522712,0.0058920637707617195,0.004543461541667005,0.005492625352719074,0.01790110492821736,0.014509748046730959,0.013526094265734234,0.008718080121522712,0.009341714942918581,0.01727555880392669,0.009341714942918581,0.013565750084210971,0.01090739057081313,0.01736766782319626,0.013565750084210971,0.0058920637707617195,0.01526097405524613,0.020836824025122755,0.004543461541667005,0.009909526749576854,0.003682258590334966,0.08446597429019496,0.152831251246122,0.05872420010517766,0.12257653807352048,0.14823387694223697,0.13465550720967562,0.07821072879408884,0.09033949503860565,0.152831251246122,0.08280810309797387,0.12257653807352048,0.08549167077121267,0.0843932966534711,0.08549167077121267,0.06540818223648,0.055919548180227326,0.08281120378538852,0.06540818223648,0.14823387694223697,0.04690386723797275,0.06168712094845588,0.13465550720967562,0.06793594520994849,0.01536511974530859
281,24,0.010396820309552175,0.0034982904697542475,0.01736766782319626,0.09563897745388954,0.014084693099866206,0.21921438719705055,0,False,10,0,0,0,0,6264,6678,6281,6762,5734,6275,6415,6705,6412,6339,6163,6292,6225,6674,6203,6270,6586,6273,5985,6201,6725,6424,5827,6148,0.015031673629784468,0.014325942413548993,0.010390651468585393,0.005959776260162036,0.005310877297889622,0.01736766782319626,0.014325942413548993,0.00853500778962446,0.005809938450955475,0.004463126949890172,0.010480828060356388,0.016814633615474223,0.013069915101285861,0.005959776260162036,0.013095374929914982,0.00853500778962446,0.00905104188295652,0.016732870836291252,0.00905104188295652,0.013069915101285861,0.004463126949890172,0.009554090542411743,0.0034982904697542475,0.014627169509702052,0.08446597429019496,0.1400953136422785,0.053830516763079525,0.21921438719705055,0.0716931680612481,0.08281120378538852,0.1400953136422785,0.11236182656739377,0.1358810538637172,0.12343421494220265,0.051259585831875044,0.07591027013660614,0.05995750038343999,0.21921438719705055,0.07590742783980937,0.11236182656739377,0.07836736487361161,0.0773605219323485,0.07836736487361161,0.05995750038343999,0.12343421494220265,0.062274616442452774,0.014084693099866206,0.04299521163480835
282,24,0.010086595539663902,0.0033223217958579317,0.016814633615474223,0.0876690626660654,0.012910968674877355,0.20094652159729634,1,False,10,0,0,0,0,6264,6678,6281,6762,5734,6275,6415,6705,6412,6339,6163,6292,6225,6674,6203,6270,6586,6273,5985,6201,6725,6424,5827,6148,0.014559770617452903,0.014094098342862451,0.009978457089197756,0.005994711780157384,0.005125777431852637,0.016814633615474223,0.014094098342862451,0.008331907559237173,0.005709170252292294,0.004370454830652483,0.0100578111743875,0.01624777383493912,0.012572993342380694,0.005994711780157384,0.012653889797584783,0.008331907559237173,0.008751931677261642,0.016175336631002967,0.008751931677261642,0.012572993342380694,0.004370454830652483,0.009196808254943734,0.0033223217958579317,0.014004347391844134,0.07742714309934538,0.12842070417208862,0.04934464036615623,0.20094652159729634,0.06571873738947742,0.07591027013660614,0.12842070417208862,0.10299834102011095,0.12455763270840743,0.11314803036368576,0.04698795367921879,0.06958441429188897,0.05496104201815332,0.20094652159729634,0.0695818088531586,0.10299834102011095,0.07183675113414398,0.07091381177131946,0.07183675113414398,0.05496104201815332,0.11314803036368576,0.05708506507224837,0.012910968674877355,0.03941227733190765
283,24,0.009483526684416606,0.00315416747301893,0.01624777383493912,0.10508432888717423,0.011835054618637575,0.2675343114641883,2,False,10,0,0,0,0,6264,6678,6795,6762,5734,6275,6415,6281,6807,6705,6412,6339,6163,6292,6225,6674,6203,6270,6810,6273,6201,6725,6424,5827,0.014074906092125052,0.013820738928163585,0.006153793680353642,0.006153793680353642,0.0049388572746595395,0.01624777383493912,0.013820738928163585,0.00957058173320239,0.008321553103008805,0.008112336643913576,0.005592384787904867,0.0042673944995787584,0.009640326584518414,0.01567223112332353,0.012078049971655961,0.005999077979105437,0.012205643850573353,0.008321553103008805,0.00866509414772056,0.01560817054162224,0.012078049971655961,0.0042673944995787584,0.008840027993850044,0.00315416747301893,0.07097488117439993,0.11771897882441457,0.2675343114641883,0.2675343114641883,0.0602421759403543,0.06958441429188897,0.11771897882441457,0.04523258700230988,0.17774847926843504,0.0944151459351017,0.11417782998270681,0.10371902783337861,0.04307229087261722,0.06378571310089821,0.05038095518330721,0.18420097813085498,0.06378332478206204,0.17774847926843504,0.149183688539632,0.06500432745704283,0.05038095518330721,0.10371902783337861,0.052327976316227674,0.011835054618637575
284,24,0.009514332203904222,0.002993621747925838,0.01607641660596173,0.10918934713378442,0.010848800067084443,0.2452397855088393,3,False,10,0,0,0,0,6264,6678,6795,6762,5734,6275,6415,6822,6281,6807,6705,6412,6339,6163,6292,6225,6674,6203,6270,6821,6201,6725,6424,5827,0.013581621043999898,0.013512118417722131,0.00627420995548758,0.00627420995548758,0.004751459410673078,0.01607641660596173,0.013860594780861251,0.013860594780861251,0.009168812209119134,0.008273679945033039,0.007879586067093594,0.00546208520131035,0.004155774568726039,0.009230042565717909,0.01509254296198563,0.011587715520184345,0.005975355304498962,0.01175417076954654,0.008273679945033039,0.01607641660596173,0.011587715520184345,0.004155774568726039,0.008485774441600313,0.002993621747925838,0.06506030774319993,0.10790906392238002,0.2452397855088393,0.2452397855088393,0.05522199461199144,0.14711904643423157,0.19124239725571335,0.19124239725571335,0.041463204752117386,0.16293610599606545,0.08654721710717656,0.10466301081748124,0.09507577551393039,0.03948293329989912,0.05847023700915669,0.046182542251364936,0.1688508966199504,0.0584680477168902,0.16293610599606545,0.14711904643423157,0.046182542251364936,0.09507577551393039,0.0479673116232087,0.010848800067084443
285,24,0.009169528961674103,0.0028404629637711408,0.01584738956600914,0.10833305143873416,0.009944733394827406,0.224803136716436,0,False,10,0,0,0,0,6264,6678,6795,6762,5734,6275,6415,6850,6807,6705,6412,6339,6163,6292,6225,6674,6822,6281,6270,6821,6201,6725,6424,5827,0.013581621043999898,0.013174141319102956,0.006357160817628652,0.006357160817628652,0.004564749010625431,0.01584738956600914,0.01383303994610692,0.007833614416236553,0.008192024230184036,0.007833614416236553,0.005320622992465946,0.004037288463764259,0.008828339826060488,0.014512673511858858,0.011104221624275651,0.0059261922539757825,0.01383303994610692,0.008774639876144257,0.008192024230184036,0.01584738956600914,0.011104221624275651,0.004037288463764259,0.00813577415376329,0.0028404629637711408,0.06506030774319993,0.09891664192884835,0.224803136716436,0.224803136716436,0.05062016172765882,0.1348591258980456,0.17530553081773723,0.16266828234824518,0.14935809716305998,0.16266828234824518,0.09594109324935779,0.08715279422110285,0.036192688858240854,0.05359771725839363,0.04233399706375119,0.15477998856828787,0.17530553081773723,0.038007937689440933,0.14935809716305998,0.1348591258980456,0.04233399706375119,0.08715279422110285,0.04397003565460797,0.009944733394827406
286,24,0.008980432391875022,0.0026944576603396384,0.015568073976461197,0.10192745169608614,0.009116005611925122,0.20606954199006633,1,False,10,0,0,0,0,6264,6678,6795,6762,5734,6275,6415,6850,6807,6705,6412,6339,6163,6292,6225,6674,6822,6281,6821,6201,6876,6725,6424,5827,0.01308393104751877,0.012812306834017895,0.006404443223712893,0.006404443223712893,0.0043797266250683855,0.015568073976461197,0.013744052082348659,0.007755720034871868,0.008080385381957838,0.007755720034871868,0.005170178604937712,0.003913486211070268,0.008653913905503735,0.013936050879020723,0.010629437194739612,0.005854315395862097,0.013744052082348659,0.008389290190100452,0.015568073976461197,0.010629437194739612,0.008653913905503735,0.003913486211070268,0.007791481528760549,0.0026944576603396384,0.0596386154312666,0.09067358843477764,0.20606954199006633,0.20606954199006633,0.046401814917020584,0.1236208654065418,0.1606967365829258,0.14911259215255807,0.13691158906613832,0.14911259215255807,0.08794600214524463,0.07989006136934428,0.1165099647867208,0.049131240820194155,0.03880616397510526,0.1418816561875972,0.1606967365829258,0.034840609548654186,0.1236208654065418,0.03880616397510526,0.1165099647867208,0.07989006136934428,0.04030586601672397,0.009116005611925122
287,24,0.008748516598540012,0.0025553640913085996,0.01524561636712419,0.09343349738807893,0.008356338477598028,0.1888970801575608,2,False,10,0,0,0,0,6264,6678,6795,6762,5734,6275,6415,6850,6807,6705,6412,6339,6163,6292,6225,6674,6822,6281,6821,6201,6876,6725,6424,5827,0.012585352258442825,0.012431674679940583,0.0064183110059429106,0.0064183110059429106,0.004197241640025387,0.01524561636712419,0.013599874499351973,0.007649501001207552,0.00794253055011358,0.007649501001207552,0.005012750179586901,0.0037857713207648295,0.00845780527139739,0.013365607619874209,0.010164904067260339,0.005762454481308263,0.013599874499351973,0.00801375112021187,0.01524561636712419,0.010164904067260339,0.00845780527139739,0.0037857713207648295,0.007454104678049706,0.0025553640913085996,0.05466873081199438,0.08311745606521284,0.1888970801575608,0.1888970801575608,0.042534997007268864,0.11331912662266332,0.147305341867682,0.13668654280651155,0.12550228997729346,0.13668654280651155,0.0806171686331409,0.07323255625523226,0.10680080105449406,0.04503697075184464,0.035572316977179816,0.13005818483863077,0.147305341867682,0.03193722541959967,0.11331912662266332,0.035572316977179816,0.10680080105449406,0.07323255625523226,0.03694704384866364,0.008356338477598028
288,24,0.008631442213106948,0.0024229352246570887,0.014886820670950814,0.09700955928256409,0.007659976937798192,0.2564889901444307,3,False,11,0,0,0,0,6264,6678,6795,6915,6762,5734,6275,6415,6850,6807,6705,6412,6339,6163,6292,6225,6674,6822,6281,6821,6201,6876,6424,5827,0.012088932559382112,0.012036848504839898,0.006401344953436658,0.006566435085095572,0.006566435085095572,0.004018005917704668,0.014886820670950814,0.013406828199004132,0.007518523305296335,0.0077821187948685045,0.007518523305296335,0.0048501489641772765,0.003655401697333231,0.008243691766326227,0.012803822746612417,0.00971187143432171,0.005653282148836211,0.013406828199004132,0.007648800061411307,0.014886820670950814,0.00971187143432171,0.008243691766326227,0.0071246306193178165,0.0024229352246570887,0.05011300324432818,0.07619100139311177,0.17315565681109737,0.2564889901444307,0.2564889901444307,0.03899041392332979,0.1038758660707747,0.13502989671204182,0.12529599757263557,0.115043765812519,0.12529599757263557,0.07389907124704582,0.0671298432339629,0.09790073429995289,0.04128388985585758,0.0326079572290815,0.11922000276874486,0.13502989671204182,0.02927578996796636,0.1038758660707747,0.0326079572290815,0.09790073429995289,0.03386812352794167,0.007659976937798192
289,24,0.008659991431987148,0.002296921286568249,0.014498071025978694,0.11013848323173402,0.007021645526315009,0.24205935207683926,4,False,11,0,0,0,0,6264,6953,6795,6915,6762,5734,6275,6678,6850,6807,6705,6412,6339,6163,6292,6225,6415,6937,6938,6821,6201,6876,6424,5827,0.011597285881160976,0.013510841341781106,0.00652026579692779,0.006674245678206771,0.006674245678206771,0.003842607258452525,0.014498071025978694,0.011931960975207774,0.007366249394334711,0.007602643310665279,0.007366249394334711,0.004683999999558851,0.0035234936336232515,0.008014993606834877,0.012252763882507166,0.009271328565534158,0.013171158310268296,0.011931960975207774,0.00652026579692779,0.014498071025978694,0.009271328565534158,0.008014993606834877,0.006803849377056335,0.002296921286568249,0.04593691964063416,0.20711073865270502,0.24205935207683926,0.23511490763239482,0.23511490763239482,0.0357412127630523,0.09521954389821013,0.15317508461035245,0.1148546644415826,0.10545678532814241,0.1148546644415826,0.06774081530979201,0.06153568963113266,0.08974233977495681,0.037843565701202786,0.02989062745999137,0.12377740531937166,0.15317508461035245,0.24205935207683926,0.09521954389821013,0.02989062745999137,0.08974233977495681,0.031045779900613194,0.007021645526315009
290,24,0.008482319576317584,0.0021770719037596748,0.014085280856542518,0.1156990277021784,0.006436508399122091,0.29885533199636194,5,False,11,0,0,0,0,6264,6953,6795,6915,6762,5734,6275,6678,6850,6807,6705,6412,6339,6163,6292,6225,6415,6937,6938,6821,6201,6876,6963,5827,0.011112628122263107,0.013544046169856107,0.006600587217588922,0.006917244815743384,0.006743334795686985,0.0036715224154454944,0.014085280856542518,0.011781944671407725,0.007195983766124952,0.007407389623481827,0.007195983766124952,0.004515746859927632,0.003391028074533521,0.007774853360242673,0.011714128547922021,0.008844035490381532,0.012898912962682217,0.011781944671407725,0.006600587217588922,0.014085280856542518,0.008844035490381532,0.007774853360242673,0.006917244815743384,0.0021770719037596748,0.042108843003914646,0.18985151043164625,0.22188773940376932,0.29885533199636194,0.21552199866302857,0.03276277836613128,0.08728458190669262,0.1404104942261564,0.10528344240478404,0.09666871988413055,0.10528344240478404,0.062095747367309335,0.05640771549520494,0.08226381146037708,0.03468993522610255,0.02739974183832542,0.11346262154275735,0.1404104942261564,0.22188773940376932,0.08728458190669262,0.02739974183832542,0.08226381146037708,0.29885533199636194,0.006436508399122091
291,24,0.008292840904192248,0.0020631378939100263,0.013653863891245151,0.10605744206033019,0.00590013269919525,0.2739507209966651,6,False,11,0,0,0,0,6264,6953,6795,6915,6762,5734,6275,6678,6850,6807,6705,6412,6339,6163,6292,6225,6415,6937,6938,6821,6201,6876,6963,5827,0.01063681343417674,0.013511855698114117,0.006644252359353484,0.007114743295326113,0.0067758521617040076,0.0035051294723152265,0.013653863891245151,0.011592294740111633,0.007010833649784939,0.007199407540036423,0.007010833649784939,0.0043466593910191885,0.0032588584650443887,0.007526126693525899,0.01118928383486612,0.008430551450291196,0.01259585165015089,0.011592294740111633,0.006644252359353484,0.013653863891245151,0.008430551450291196,0.007526126693525899,0.007114743295326113,0.0020631378939100263,0.038599772753588425,0.17403055122900904,0.20339709445345522,0.2739507209966651,0.19756183210777617,0.030032546835620337,0.08001086674780157,0.12870961970731,0.09650982220438536,0.08861299322711966,0.09650982220438536,0.05692110175336689,0.05170707253727119,0.07540849383867898,0.03179910729059401,0.025116430018464968,0.1040074030808609,0.12870961970731,0.20339709445345522,0.08001086674780157,0.025116430018464968,0.07540849383867898,0.2739507209966651,0.00590013269919525
292,24,0.008102899668807987,0.001954872748843961,0.013420140657069176,0.10416376633308044,0.005408454974262312,0.2697806699156673,7,False,11,0,0,0,0,6264,6953,6795,6915,6762,5734,6275,6678,6850,7010,6807,6705,6412,6339,6163,6292,6225,6415,6937,6821,6201,6876,6963,5827,0.01017136993630626,0.013420140657069176,0.006825254303710342,0.007267011714584856,0.006774361978243682,0.003343719457696806,0.01320872301857354,0.011368378510520858,0.00681368266870991,0.006825254303710342,0.006981494628331075,0.00681368266870991,0.0041778435546153524,0.0031277196177828706,0.00727138171905646,0.01067930395509738,0.008031261030465127,0.01226737958616292,0.011368378510520858,0.01320872301857354,0.008031261030465127,0.00727138171905646,0.007267011714584856,0.001954872748843961,0.03538312502412272,0.15952800529325828,0.2697806699156673,0.251121494246943,0.18109834609879483,0.027529834599318643,0.0733432945188181,0.11798381806503418,0.08846733702068658,0.2697806699156673,0.08122857712485969,0.08846733702068658,0.05217767660725298,0.047398149825831924,0.06912445268545572,0.029149181683044506,0.023023394183592887,0.09534011949078916,0.11798381806503418,0.0733432945188181,0.023023394183592887,0.06912445268545572,0.251121494246943,0.005408454974262312
293,24,0.007899624087055662,0.0018520338504423378,0.0132750146363787,0.0954834524719904,0.0049577503930737865,0.247298947422695,8,False,11,0,0,0,0,6264,6953,6795,6915,6762,5734,6275,6678,6850,7010,6807,6705,6412,6339,6163,6292,6225,6415,6937,6821,6201,6876,6963,5827,0.00971753417241892,0.0132750146363787,0.006963189373516474,0.007375228453426297,0.006741712272977655,0.0031875071214572848,0.012754253247724306,0.01111534431351751,0.00660717538415925,0.006963189373516474,0.0067561891182439165,0.00660717538415925,0.004010252642906019,0.0029982371447020233,0.0070129049968125495,0.01018500532980939,0.00764639796076297,0.011918504340160932,0.01111534431351751,0.012754253247724306,0.00764639796076297,0.0070129049968125495,0.007375228453426297,0.0018520338504423378,0.03243453127211249,0.1462340048521534,0.247298947422695,0.23019470305969775,0.16600681725722857,0.02523568171604209,0.0672313533089166,0.10815183322628133,0.08109505893562936,0.247298947422695,0.07445952903112138,0.08109505893562936,0.0478295368899819,0.04344830400701259,0.06336408162833441,0.026720083209457464,0.02110477800162681,0.0873951095332234,0.10815183322628133,0.0672313533089166,0.02110477800162681,0.06336408162833441,0.23019470305969775,0.0049577503930737865
294,24,0.007551815138858592,0.0017543834548886686,0.013082653280752211,0.09470349115863952,0.004544604526984304,0.22669070180413708,9,False,12,0,0,0,0,6264,6953,6795,6915,6762,7068,5734,6275,6678,6850,7010,7064,6705,6412,6339,6163,6292,6225,6415,6937,6821,6201,6876,5827,0.009276283825158313,0.013082653280752211,0.0070593195121575894,0.007441311826789842,0.00668091973782405,0.003943853728466151,0.003036640836960004,0.012294355474402753,0.010838054395769983,0.006558603968376041,0.0070593195121575894,0.006558603968376041,0.006393710722862122,0.003943853728466151,0.002870937094032088,0.0067527125072038814,0.009706979033614217,0.007276066633363207,0.011553811080245488,0.010838054395769983,0.012294355474402753,0.007276066633363207,0.0067527125072038814,0.0017543834548886686,0.029731653666103114,0.13404783778114063,0.22669070180413708,0.21101181113805625,0.15217291581912618,0.12717707548248341,0.023132708239705247,0.06162874053317354,0.09913918045742455,0.1576704706909936,0.22669070180413708,0.1576704706909936,0.07433713735766025,0.12717707548248341,0.03982761200642821,0.058083741492639875,0.02449340960866934,0.019346046501491243,0.0801121837387881,0.09913918045742455,0.06162874053317354,0.019346046501491243,0.058083741492639875,0.004544604526984304
295,24,0.007341888454919461,0.0017045443044765606,0.01284914698346579,0.09028375578430843,0.017733875959700305,0.20779980998712566,10,False,13,0,0,0,0,6264,6953,6795,6915,6762,7068,5734,7103,6678,6850,7010,7064,6705,6412,6339,6163,6275,6415,6937,6821,6201,6876,6292,6225,0.00884836837064183,0.01284914698346579,0.007115585302317597,0.007467755188945453,0.006595071412122435,0.0038660145725212163,0.002891211623919561,0.0017045443044765606,0.010541038742151829,0.006484304379669723,0.007115585302317597,0.006484304379669723,0.0061754424614300805,0.0038660145725212163,0.0027462555169719084,0.006492564163838361,0.011832458206378653,0.01117745295131313,0.010541038742151829,0.011832458206378653,0.006920261426734013,0.006492564163838361,0.009245620517557517,0.006920261426734013,0.02725401586059452,0.12287718463271223,0.20779980998712566,0.19342749354321823,0.13949183950086566,0.11657898585894312,0.02120498255306314,0.08749922081640228,0.0908775820859725,0.14453126480007747,0.20779980998712566,0.14453126480007747,0.06814237591118856,0.11657898585894312,0.036508644339225856,0.05324342970158655,0.05649301215540908,0.07343616842722242,0.0908775820859725,0.05649301215540908,0.017733875959700305,0.05324342970158655,0.02245229214128023,0.017733875959700305
296,24,0.006870172529103733,0.001652435289730207,0.01258038506603817,0.09785203802597597,0.016256052963058612,0.1904831591548652,11,False,13,0,0,0,0,6264,6953,6795,6915,6762,7068,5734,7103,6678,6850,7010,7064,6705,6412,6339,6163,6275,7122,6937,6821,6201,7118,6876,6225,0.00843433748655151,0.01258038506603817,0.007134449715398124,0.007457472101425713,0.006487243367725312,0.0037784788387259564,0.0027512613088188204,0.001652435289730207,0.010228466563255293,0.006387296699003148,0.007134449715398124,0.006387296699003148,0.005954285145109358,0.0037784788387259564,0.002692234618280798,0.0062339806785686215,0.01137154485142286,0.010492257829603165,0.010492257829603165,0.01137154485142286,0.006578883953914929,0.002692234618280798,0.0062339806785686215,0.006578883953914929,0.024982847872211642,0.11263741924665287,0.1904831591548652,0.17730853574795002,0.12786751954246017,0.10686407037069785,0.019437900673641213,0.08020761908170208,0.0833044502454748,0.13248699273340434,0.1904831591548652,0.13248699273340434,0.062463844585256174,0.10686407037069785,0.11679959064429038,0.048806477226454335,0.051785261142458315,0.16663778357880815,0.16663778357880815,0.051785261142458315,0.016256052963058612,0.11679959064429038,0.048806477226454335,0.016256052963058612
297,24,0.006400643125990505,0.0015986509820411577,0.01228196850289818,0.12138696316621062,0.014901381882803728,0.18129206450647303,12,False,13,0,0,0,0,6264,6953,6795,6915,6762,7068,5734,7103,7136,6678,6850,7010,7064,7140,6705,6412,6339,7143,6163,6275,7122,7134,7133,6225,0.008034567129366404,0.01228196850289818,0.007118752430321228,0.007413656321417302,0.006360435686991255,0.0037778714665911727,0.002684276639565992,0.0015986509820411577,0.010159559038786205,0.010159559038786205,0.006270550794519918,0.007118752430321228,0.006270550794519918,0.005879749861117297,0.005879749861117297,0.003682890051298477,0.00263143863589379,0.006132440668199398,0.006132440668199398,0.010914184591159077,0.010399482953448733,0.002684276639565992,0.0037778714665911727,0.006251758371055333,0.02290094388286067,0.10325096764276512,0.17460956255862642,0.16253282443562084,0.11721189291392183,0.18129206450647303,0.1011514089508378,0.07352365082489358,0.1596957460583519,0.1596957460583519,0.12144641000562063,0.17460956255862642,0.12144641000562063,0.14059185753648484,0.14059185753648484,0.09795873117313969,0.10706629142393284,0.1280726041242498,0.1280726041242498,0.04746982271392012,0.15275130161390746,0.1011514089508378,0.18129206450647303,0.014901381882803728
298,24,0.006633252878720296,0.0015437245135291383,0.012267573127414281,0.11523509100825978,0.01365960005923675,0.1779800536725347,13,False,13,0,0,0,0,6264,6953,6795,6915,6762,7068,5734,7103,7153,7136,6678,6850,7010,7064,7140,6705,6412,6339,7143,6163,6275,7122,7134,6225,0.007649283274132726,0.012267573127414281,0.007071578901726905,0.007339659360686635,0.006217522445014051,0.0037598676441600518,0.0026121861823911385,0.0015437245135291383,0.012267573127414281,0.010050165273538967,0.010050165273538967,0.006136931619960366,0.007071578901726905,0.006136931619960366,0.005785399422064642,0.005785399422064642,0.003580776740200731,0.0025650132032324236,0.006012913787680916,0.006012913787680916,0.010462565246540155,0.010267515140299307,0.0026121861823911385,0.005938644891937456,0.02099253189262228,0.1779800536725347,0.1600587656787409,0.1489884223993191,0.107444235171095,0.16618439246426694,0.09272212487160131,0.06739667992281911,0.1779800536725347,0.1463877672201559,0.1463877672201559,0.11132587583848558,0.1600587656787409,0.11132587583848558,0.12887586940844442,0.12887586940844442,0.08979550357537805,0.09814410047193843,0.11739988711389565,0.11739988711389565,0.04351400415442677,0.14002202647941517,0.09272212487160131,0.01365960005923675
299,24,0.006220173247005716,0.0015265079329806709,0.012197790016485367,0.1198023006077094,0.012521300054300353,0.16832861446563452,14,False,14,0,0,0,0,6264,6953,6795,6915,6762,7068,5734,7183,7103,7176,7136,6678,6850,7010,7064,7140,6705,6412,7182,6163,6275,7153,7134,6225,0.007466297402023003,0.012197790016485367,0.006996146505173305,0.007238886750735893,0.006061215063408693,0.0037261488393831635,0.002601441400592952,0.0015265079329806709,0.0015265079329806709,0.007466297402023003,0.009904960113007687,0.009904960113007687,0.005989158264020545,0.006996146505173305,0.005989158264020545,0.005673913115506748,0.005673913115506748,0.0034735434610808453,0.002601441400592952,0.005878118557512185,0.01001852687821965,0.012197790016485367,0.002536037220431078,0.005639251657785119,0.10257648756823709,0.1631483825331568,0.14672053520551248,0.13657272053270916,0.09849054890683707,0.1523356930922447,0.16832861446563452,0.1451136232625842,0.1451136232625842,0.10257648756823709,0.13418878661847622,0.13418878661847622,0.10204871951861177,0.14672053520551248,0.10204871951861177,0.11813621362440738,0.11813621362440738,0.08231254494409654,0.16832861446563452,0.10761656318773767,0.03988783714155787,0.1631483825331568,0.08499528113230119,0.012521300054300353
300,24,0.0060092131442471,0.0015039160789896682,0.012078124055469265,0.11942885782716332,0.03656385071309472,0.1587864995320885,15,False,15,0,0,0,0,6264,6953,6795,6915,7217,6762,7068,5734,7183,7103,7176,7136,6678,6850,7010,7064,7140,6705,6412,7182,6163,6275,7153,7134,0.0072686790238039554,0.012078124055469265,0.006895708611465356,0.007114712923640791,0.0034491843568338113,0.005894037243206145,0.003678436365502123,0.002579660287452465,0.0015039160789896682,0.0015039160789896682,0.0072686790238039554,0.009728555071667715,0.009728555071667715,0.005829775043412595,0.006895708611465356,0.005829775043412595,0.005547861545136537,0.005547861545136537,0.0034491843568338113,0.002579660287452465,0.0057306203255743345,0.009583595156392353,0.012078124055469265,0.0024567852991519037,0.09402844693755066,0.14955268398872706,0.13449382393838644,0.12519166048831673,0.1587864995320885,0.09028300316460065,0.13964105200122431,0.15430122992683162,0.1330208213240355,0.1330208213240355,0.09402844693755066,0.1230063877336032,0.1230063877336032,0.09354465955872746,0.13449382393838644,0.09354465955872746,0.10829152915570676,0.10829152915570676,0.1587864995320885,0.15430122992683162,0.0986485162554262,0.03656385071309472,0.14955268398872706,0.07791234103794276
301,24,0.00576772316652266,0.0014766485350769718,0.011914175747706743,0.1349064999625872,0.033516863153670154,0.22888762457108114,16,False,15,0,0,0,0,6264,6953,7226,6915,7217,6762,7068,5734,7183,7103,7176,7136,6678,6795,7064,7140,6705,6412,7182,6163,6275,7153,7228,7233,0.00705936912604205,0.011914175747706743,0.00694816370107367,0.006970413745271422,0.0034991501142651905,0.0057183096615114936,0.003618445920524791,0.0025480307214185956,0.0014766485350769718,0.0015147311728418561,0.00705936912604205,0.009525410386319889,0.009525410386319889,0.00694816370107367,0.00566113286065091,0.005409672991986402,0.005409672991986402,0.0034111761762650196,0.0025480307214185956,0.005572807392980654,0.0091590137809538,0.011914175747706743,0.0034991501142651905,0.0015147311728418561,0.0861927430260881,0.1370899603229998,0.20661933861018755,0.11475902211429033,0.22888762457108114,0.08275941956755059,0.12800429766778895,0.14144279409959565,0.12193575288036587,0.20526908621369921,0.0861927430260881,0.1127558554224696,0.1127558554224696,0.20661933861018755,0.08574927126216683,0.09926723505939786,0.09926723505939786,0.1455542912377478,0.14144279409959565,0.09042780656747401,0.033516863153670154,0.1370899603229998,0.22888762457108114,0.20526908621369921
302,24,0.005742353424345277,0.001445380721840586,0.011711499909316777,0.12765765040318752,0.03072379122419764,0.20981365585682438,17,False,15,0,0,0,0,6264,6953,7226,6915,7217,6762,7068,5734,7183,7103,7176,7136,6678,6795,7064,7140,6705,6412,7182,6163,6275,7153,7228,7254,0.006841055837272158,0.011711499909316777,0.006964281196413891,0.006809115167397144,0.0035292108373787337,0.005536142689550393,0.0036393499951519904,0.00250774092515824,0.001445380721840586,0.0015176707747594663,0.006841055837272158,0.009299768706510813,0.009299768706510813,0.006964281196413891,0.005485379085090215,0.005261610231686051,0.005261610231686051,0.0033611066329366137,0.00250774092515824,0.005406876397803354,0.008745775437131599,0.011711499909316777,0.0035292108373787337,0.0036393499951519904,0.07901001444058076,0.12566579696274982,0.1894010603926719,0.1051957702714328,0.20981365585682438,0.0758628012702547,0.20067060619547322,0.129655894591296,0.11177444014033538,0.18816332902922428,0.07901001444058076,0.1033595341372638,0.1033595341372638,0.1894010603926719,0.07860349865698626,0.0909949654711147,0.0909949654711147,0.13342476696793548,0.129655894591296,0.0828921560201845,0.03072379122419764,0.12566579696274982,0.20981365585682438,0.20067060619547322
303,24,0.005623493170849207,0.0014107541214908393,0.011475493489280612,0.123963957314033,0.028163475288847835,0.26728138901251713,18,False,15,0,0,0,0,6264,6953,7226,6915,7217,6762,7068,5734,7183,7103,7176,7136,6678,6795,7064,7140,6705,6412,7182,6163,6275,7153,7228,7278,0.0066161699566679895,0.011475493489280612,0.006946852492074388,0.006633756140620623,0.0035405638085316995,0.005349435524827116,0.0037356388595666647,0.0024599534282556358,0.0014107541214908393,0.001513347937443803,0.0066161699566679895,0.009055607815333773,0.009055607815333773,0.006946852492074388,0.005304454326562884,0.005105756189296301,0.005105756189296301,0.00330053972500483,0.0024599534282556358,0.005234825308258456,0.008344650938158312,0.011475493489280612,0.0035405638085316995,0.0037356388595666647,0.07242584657053236,0.115193647215854,0.17361763869328256,0.09642945608214673,0.19232918453542233,0.06954090116440013,0.26728138901251713,0.118851236708688,0.1024599034619741,0.17248305161012226,0.07242584657053236,0.09474623962582515,0.09474623962582515,0.17361763869328256,0.07205320710223741,0.08341205168185514,0.08341205168185514,0.12230603638727419,0.118851236708688,0.07598447635183579,0.028163475288847835,0.115193647215854,0.19232918453542233,0.26728138901251713
304,24,0.005439292977238805,0.0013733693551038703,0.011211310024262025,0.11490886477625899,0.025816519014777183,0.24500793992814068,19,False,15,0,0,0,0,6264,6953,7226,6915,7217,6762,7068,5734,7183,7103,7176,7136,6678,6795,7064,7140,6705,6412,7182,6163,6275,7153,7228,7303,0.006386887328742225,0.011211310024262025,0.0068989010937458035,0.0064470637952850785,0.003534600947305899,0.005159880300805581,0.003808467328961053,0.002467829887976641,0.0013733693551038703,0.0015024243596726632,0.006386887328742225,0.008796609632826809,0.008796609632826809,0.0068989010937458035,0.005120094626338883,0.004944006871834907,0.004944006871834907,0.0032309863669999672,0.0024057849037746938,0.005058452503762711,0.007956216339638203,0.011211310024262025,0.003534600947305899,0.002467829887976641,0.06639035935632133,0.10559417661453283,0.15914950213550902,0.08839366807530116,0.1763017524908038,0.06374582606736678,0.24500793992814068,0.19228030031629734,0.09392157817347625,0.15810946397594539,0.06639035935632133,0.08685071965700639,0.08685071965700639,0.15914950213550902,0.06604877317705095,0.07646104737503388,0.07646104737503388,0.11211386668833467,0.108946966982964,0.06965243665584947,0.025816519014777183,0.10559417661453283,0.1763017524908038,0.19228030031629734
305,24,0.0055550706868743764,0.0013337816941918223,0.010923797688198893,0.1173503278227878,0.023665142430212418,0.22459061160079563,20,False,15,0,0,0,0,6264,7332,6953,7226,6915,7217,6762,7068,5734,7183,7103,7176,7136,7331,6678,6795,7064,7140,6705,6412,7339,7182,6163,6275,0.0061551364356451305,0.008746031274929632,0.010923797688198893,0.006823572613037636,0.006251538901801391,0.00351284294738905,0.00496896992382985,0.0038585682149083213,0.0024636399451968436,0.0013337816941918223,0.0014855866983634746,0.0061551364356451305,0.008746031274929632,0.008746031274929632,0.008746031274929632,0.006823572613037636,0.004933837768017674,0.004778070134966421,0.004778070134966421,0.0031538823166360934,0.005005198869776536,0.0023462912652503815,0.005005198869776536,0.007580877914631257,0.06085782940996121,0.16294649301892253,0.09679466189665509,0.1458870436242166,0.08102752906902606,0.16160993978323682,0.05843367389508622,0.22459061160079563,0.17625694195660588,0.08609477999235322,0.14493367531128326,0.06085782940996121,0.16294649301892253,0.16294649301892253,0.16294649301892253,0.1458870436242166,0.06054470874563003,0.0700892934271144,0.0700892934271144,0.10277104446430678,0.14718140026786203,0.099868053067717,0.14718140026786203,0.023665142430212418
306,24,0.005431309091455512,0.001292498596022755,0.01061745766323871,0.10757113383755547,0.021693047227694714,0.2058747273007293,21,False,15,0,0,0,0,6264,7332,6953,7226,6915,7217,6762,7068,5734,7183,7103,7176,7136,7331,6678,6795,7064,7140,6705,6412,7339,7182,6163,6275,0.005922609807955182,0.00865973896079439,0.01061745766323871,0.006724042276769125,0.006049449721977617,0.003476881800011819,0.004778008574594682,0.003887035547302274,0.002448443746298587,0.001292498596022755,0.0014635266995611498,0.005922609807955182,0.00865973896079439,0.00865973896079439,0.00865973896079439,0.006724042276769125,0.004747032595217464,0.00460946899025379,0.00460946899025379,0.0030705725057150407,0.004933980227126392,0.0022824573390330923,0.004933980227126392,0.007218894958572558,0.05578634362579778,0.149367618600679,0.08872844007193383,0.1337297899888652,0.07427523497994055,0.1481424448013004,0.0535642010704957,0.2058747273007293,0.16156886346022206,0.07892021499299046,0.132855869035343,0.05578634362579778,0.149367618600679,0.149367618600679,0.149367618600679,0.1337297899888652,0.05549931635016086,0.06424851897485485,0.06424851897485485,0.09420679075894788,0.13491628357887353,0.09154571531207391,0.13491628357887353,0.021693047227694714
307,24,0.0053104924710689885,0.0012499788775611202,0.010296419557301057,0.10822581237063984,0.019885293292053487,0.2314381248385369,22,False,15,0,0,0,0,6264,7332,6953,7226,6915,7217,6762,7068,5734,7183,7103,7176,7136,7331,6678,6795,7064,7140,6705,6412,7376,6163,6275,7339,0.005690778078837331,0.008541748993542335,0.010296419557301057,0.0066034396409677685,0.0058428325236975385,0.0034283321988061357,0.004588123990661554,0.003895239737794918,0.0024858490380159533,0.0012499788775611202,0.0014369250663787006,0.005690778078837331,0.008541748993542335,0.008541748993542335,0.008541748993542335,0.0066034396409677685,0.004560850402346196,0.004439548324585704,0.004439548324585704,0.0029823008408992008,0.0024858490380159533,0.00484709475908573,0.006870400453054994,0.00484709475908573,0.051137481656981294,0.1369203170506224,0.08133440339927267,0.12258564082312642,0.0680856320649455,0.1357972410678587,0.04910051764795439,0.18871850002566853,0.2314381248385369,0.07234353041024125,0.12178454661573107,0.051137481656981294,0.1369203170506224,0.1369203170506224,0.1369203170506224,0.12258564082312642,0.050874373320980784,0.05889447572695028,0.05889447572695028,0.08635622486236888,0.2314381248385369,0.12367325994730073,0.019885293292053487,0.12367325994730073
308,24,0.004866557054942619,0.0012066331790967218,0.009964430752699687,0.11615843372574138,0.018228185517715698,0.29548494776865886,23,False,16,0,0,0,0,6264,7395,7226,6915,7217,6762,7068,7400,5734,7183,7103,7176,7136,7332,6953,6795,7064,7140,6705,6412,7376,6163,6275,7339,0.005460905715788873,0.00663151581884644,0.00663151581884644,0.00563349722528901,0.0033687917511882833,0.004400280811238028,0.003884748812317872,0.0025737031552171097,0.0025737031552171097,0.0012066331790967218,0.001406438825273915,0.005460905715788873,0.008396043626398942,0.008396043626398942,0.009964430752699687,0.006464789458889499,0.004376297632060746,0.004269484070726603,0.004269484070726603,0.0028902045559354205,0.0025089963565905348,0.004746767761597287,0.006535419660892621,0.004746767761597287,0.04687602485223285,0.1957035040878659,0.1957035040878659,0.062411829392866706,0.1244808043122038,0.045008807843958186,0.17299195835686282,0.29548494776865886,0.29548494776865886,0.06631490287605447,0.11163583439775347,0.04687602485223285,0.1255102906297372,0.1255102906297372,0.07455653644933327,0.11237017075453255,0.04663484221089905,0.05398660274970442,0.05398660274970442,0.0791598727905048,0.2121516144353255,0.11336715495169233,0.018228185517715698,0.11336715495169233
309,24,0.0046695583739771625,0.0011628254103304805,0.009624856831366333,0.12037889661313321,0.016709170057906054,0.354194535454604,24,False,16,0,0,0,0,6264,7395,7226,6915,7217,6762,7068,7400,5734,7183,7103,7176,7136,7332,6953,6795,7064,7140,6705,6412,7423,7376,6163,6275,0.005234067653448002,0.006626607305802427,0.006626607305802427,0.005423036842755604,0.003299809517788969,0.004215294412405908,0.0038572578771782677,0.0027128950008833016,0.002644688708265073,0.0011628254103304805,0.001372691853267142,0.005234067653448002,0.00822649090427287,0.00822649090427287,0.009624856831366333,0.0063109671809637455,0.004194229264023054,0.004100294028415364,0.004100294028415364,0.0027953122526390034,0.0027128950008833016,0.0025187162708602945,0.004635118013006192,0.006213886754957904,0.042969689447880106,0.1793948787472104,0.1793948787472104,0.057210843610127814,0.11410740395285349,0.04125807385696167,0.15857596182712425,0.354194535454604,0.27086120212127063,0.0607886609697166,0.10233284819794068,0.042969689447880106,0.11505109974392576,0.11505109974392576,0.06834349174522217,0.1030059898583215,0.042748605359990796,0.04948771918722905,0.04948771918722905,0.0725632167246294,0.354194535454604,0.19447231323238168,0.1039198920390513,0.016709170057906054
310,24,0.004523573894307721,0.0011477306021383414,0.009280690539689499,0.13813161720884118,0.03781990103554819,0.3246783241667203,25,False,16,0,0,0,0,7451,6264,7395,7455,6915,7217,6762,7068,7400,5734,7183,7103,7176,7136,7332,6953,7226,7456,6412,7423,7376,6163,7449,6795,0.005140403760025001,0.005011166217503837,0.00659152396382409,0.006303137746800965,0.005212839618274256,0.0032228621395832316,0.0040338447889101915,0.0038145279935010465,0.002833940202107712,0.002698953292834337,0.0011477306021383414,0.001336268176170765,0.005140403760025001,0.008036783576179648,0.008036783576179648,0.009280690539689499,0.00659152396382409,0.004118918260939898,0.002698544848176498,0.002833940202107712,0.0025159841880173727,0.004514133697632847,0.0011477306021383414,0.006303137746800965,0.12272221532722344,0.039388881993890096,0.1644453055182762,0.1777554907034614,0.052443273309283826,0.10459845362344902,0.03781990103554819,0.14536129834153055,0.3246783241667203,0.2482894352778314,0.13905627255557357,0.09380511084811229,0.12272221532722344,0.10546350809859861,0.10546350809859861,0.06264820076645365,0.1644453055182762,0.1225195549133249,0.06651628199757695,0.3246783241667203,0.1782662871296832,0.09525990103579703,0.13905627255557357,0.1777554907034614
311,24,0.004462009267293655,0.0011288277214290608,0.008934567095809339,0.13305671842394803,0.03466824261591917,0.29762179715282694,26,False,16,0,0,0,0,7466,6264,7395,7455,6915,7217,6762,7068,7400,5734,7183,7103,7451,7176,7136,7332,6953,7226,7456,6412,7423,7376,6163,7449,0.006697617694238958,0.004792947873039035,0.006697617694238958,0.006266888660825406,0.0050041029023755795,0.003139336665183972,0.0038564901476123535,0.0037583348512041054,0.002936012824883584,0.002736972834185587,0.0011288277214290608,0.0012977076305201957,0.005032664959439778,0.005032664959439778,0.007830394894737011,0.007830394894737011,0.008934567095809339,0.006529229432935239,0.004032360091085098,0.0026007187390616787,0.002936012824883584,0.0025018727844916106,0.004385656517261745,0.0011288277214290608,0.2340748633917532,0.03610647516106592,0.2340748633917532,0.1629425331448396,0.04807300053351017,0.09588191582149494,0.03466824261591917,0.13324785681306967,0.29762179715282694,0.22759864900467877,0.1274682498426091,0.08598801827743625,0.11249536404995482,0.11249536404995482,0.09667488242371539,0.09667488242371539,0.05742751736924918,0.15074153005841986,0.11230959200388116,0.06097325849777887,0.29762179715282694,0.1634107632022096,0.0873215759494806,0.1274682498426091
312,24,0.004256390347341168,0.0011066384938687782,0.008588783980253839,0.1296855846600765,0.0317792223979259,0.27281998072342467,27,False,15,0,0,0,0,7466,6264,7395,7455,6915,7217,6762,7068,7511,7183,7103,7451,7176,7136,7332,6953,7226,7456,6412,7493,7376,7400,5734,7449,0.006764977765601906,0.004580019451439161,0.006764977765601906,0.006205049810714399,0.004797848039177457,0.0031291917559480857,0.0036836799687829562,0.003690427048678361,0.001135178604733064,0.0011066384938687782,0.0012575034898210191,0.004913090725521556,0.004913090725521556,0.007610548954315579,0.007610548954315579,0.008588783980253839,0.0064427467463296795,0.003936347899277406,0.0025025505890863137,0.0031291917559480857,0.0024775103231951413,0.003018797532686135,0.00275948935063699,0.001135178604733064,0.21456862477577376,0.03309760223097709,0.21456862477577376,0.14936398871610299,0.04406691715571766,0.17122508950303705,0.0317792223979259,0.12214386874531385,0.20017922902239166,0.11684589568905833,0.0788223500876499,0.10312075037912524,0.10312075037912524,0.0886186422217391,0.0886186422217391,0.05264189092181174,0.13817973588688487,0.10295045933689106,0.05589215362296396,0.17122508950303705,0.14979319960202545,0.27281998072342467,0.20863209492095552,0.20017922902239166
313,24,0.004172526535640475,0.0011357612866612643,0.008245323670945522,0.12900576741988498,0.02913095386476541,0.26683095993719236,28,False,15,0,0,0,0,7466,6264,7395,7455,6915,7217,6762,7068,7511,7535,7103,7451,7176,7136,7332,6953,7226,7456,6412,7493,7376,7400,5734,7449,0.0067957845564423506,0.004372863609950766,0.0067957845564423506,0.006120499050632314,0.004594935660916769,0.003105510362861407,0.003515767366117231,0.003612493376766522,0.0011357612866612643,0.0011650524718281158,0.0012161016806798261,0.004783779967639718,0.004783779967639718,0.007380203220479625,0.007380203220479625,0.008245323670945522,0.00633508054199258,0.0038325618496633106,0.0024046632430659667,0.003105510362861407,0.002444045270036782,0.0030824288820342177,0.002767450207405873,0.0011650524718281158,0.19668790604445927,0.030339468711728997,0.19668790604445927,0.13691698965642773,0.04039467405940785,0.1569563320444506,0.02913095386476541,0.1119652130165377,0.18349762660385902,0.26683095993719236,0.07225382091367907,0.09452735451419814,0.09452735451419814,0.0812337553699275,0.0812337553699275,0.04825506667832743,0.12666475789631113,0.09437125439215013,0.051234474154383626,0.1569563320444506,0.13731043296852333,0.2500849823298059,0.1912460870108759,0.26683095993719236
314,24,0.004197766857472157,0.0011310472049855264,0.007905878076003028,0.12469198961202309,0.02670337437603496,0.24459504660909298,29,False,15,0,0,0,0,7466,6264,7395,7455,6915,7217,6762,7068,7511,7535,7103,7451,7549,7136,7332,6953,7226,7456,6412,7493,7376,7400,5734,7449,0.006792627085092516,0.004171853359169321,0.006792627085092516,0.006016089818470008,0.00439608093383124,0.0030697152975991907,0.003353020636534514,0.0035261382475744382,0.0011310472049855264,0.0011876160114367676,0.001173901249728456,0.004646674853084007,0.0073262336377921235,0.0073262336377921235,0.007142041018790627,0.007905878076003028,0.0062091551027214946,0.003722556277232604,0.0023075923568264744,0.0030697152975991907,0.002402617201153318,0.0031274228030663347,0.002761951376319181,0.0011876160114367676,0.180297247207421,0.027811179652418246,0.180297247207421,0.12550724051839207,0.037028451221123866,0.14387663770741305,0.02670337437603496,0.10263477859849289,0.16820615772020409,0.24459504660909298,0.06623266917087248,0.08665007497134829,0.1577976090891002,0.1577976090891002,0.07446427575576686,0.04423381112180014,0.11610936140495186,0.08650698319280428,0.046964934641518324,0.14387663770741305,0.12586789688781305,0.2292445671356554,0.1753089130933029,0.24459504660909298
315,24,0.004262018321740517,0.0011215388067279729,0.007571873677269074,0.12741056017864885,0.024478093178032043,0.22798114166500852,30,False,15,0,0,0,0,7573,7466,6264,7395,7563,7455,6915,7217,6762,7068,7511,7535,7103,7451,7549,7136,6953,7226,7456,6412,7493,7376,5734,7449,0.007430304974703046,0.0067583727229196785,0.003977265558495666,0.0067583727229196785,0.006046614763768493,0.006046614763768493,0.004201868412587181,0.0030232367992815007,0.003195633938384476,0.0034328642702774223,0.0011215388067279729,0.0012031001108338657,0.0011312557828877924,0.004503551767108396,0.007243495844536834,0.007430304974703046,0.007571873677269074,0.006067766916791637,0.0036077525394971363,0.0022117934139567674,0.0030232367992815007,0.002354333691003614,0.00274418635923528,0.0012031001108338657,0.22798114166500852,0.16527247660680258,0.02549358134805006,0.16527247660680258,0.1983816371418594,0.1983816371418594,0.033942746952696876,0.13188691789846196,0.024478093178032043,0.09408188038195181,0.15418897791018707,0.22421212605833524,0.06071328007329977,0.0794292353904026,0.14464780833167518,0.22798114166500852,0.04054766019498346,0.10643358128787253,0.07929806792673726,0.04305119008805846,0.13188691789846196,0.11537890548049529,0.1606998370021943,0.22421212605833524
316,24,0.004170355671442118,0.0010884755207118905,0.007492235201354988,0.1282867797622327,0.022438252079862706,0.28886111555347393,31,False,15,0,0,0,0,7573,7466,7587,7395,7563,7455,6915,7217,6762,7068,7511,7607,7103,7451,7549,6264,6953,7226,7456,6412,7493,7376,5734,7449,0.007492235201354988,0.006696052545924459,0.006868743160856591,0.006868743160856591,0.006046673243972267,0.006046673243972267,0.004012766256225466,0.0029674797943013455,0.0030437370735046368,0.0033340609288550816,0.0011077526373566276,0.0012431011864788,0.0010884755207118905,0.004356018063841893,0.007135363284076032,0.003789293330235526,0.007244496622369359,0.005913550136869466,0.0034894364904108806,0.002117648870387513,0.0029674797943013455,0.002300252673373463,0.0027154017078955387,0.0012431011864788,0.20898271319292447,0.15149977022290237,0.2348331035562357,0.2348331035562357,0.18184983404670446,0.18184983404670446,0.031114184706638803,0.12089634140692346,0.022438252079862706,0.08624172368345583,0.14133989641767147,0.28886111555347393,0.05565384006719146,0.07281013244120238,0.13259382430403557,0.023369116235712552,0.03716868851206817,0.09756411618054982,0.07268989559950916,0.03946359091405359,0.12089634140692346,0.10576399669045401,0.14730818391867812,0.28886111555347393
317,24,0.003972470104953863,0.0010458299547069843,0.007514587505013327,0.13443025889649143,0.020568397739874147,0.3481226892573511,32,False,15,0,0,0,0,7573,7466,7587,7395,7563,7455,6915,7217,6762,7068,7511,7631,7103,7621,7549,6264,7623,7226,7456,6412,7493,7376,5734,7449,0.007514587505013327,0.006608763612799905,0.006939297889394725,0.006939297889394725,0.006018797446814071,0.006018797446814071,0.0038291396368199514,0.0029037983406474967,0.0028974043764078182,0.0032309983351998177,0.0010902052861073942,0.0013079022010872815,0.0010458299547069843,0.004313973210801115,0.007005153958122589,0.0037011088689714246,0.0037011088689714246,0.005748953175138825,0.0033687595982392813,0.002025475228562481,0.0029037983406474967,0.0022413696532951996,0.0026768594938480095,0.0013079022010872815,0.1915674870935141,0.13887478937099385,0.21526367825988274,0.21526367825988274,0.16669568120947909,0.16669568120947909,0.02852133598108557,0.11082164628967983,0.020568397739874147,0.07905491337650117,0.12956157171619884,0.3481226892573511,0.051016020061592164,0.15007595473776886,0.12154433894536594,0.10475502321606985,0.10475502321606985,0.089433773165504,0.06663240429955006,0.03617495833788246,0.11082164628967983,0.09695033029958285,0.13503250192545493,0.3481226892573511
318,24,0.004117489497494646,0.0010035507279447275,0.0076937643313095844,0.13325622429693026,0.018854364594884633,0.31911246515257186,33,False,15,0,0,0,0,7573,7466,7587,7395,7563,7455,6915,7217,6762,7068,7511,7631,7103,7621,7632,7549,6264,7623,7226,7456,6412,7376,5734,7449,0.0076937643313095844,0.006499588275243427,0.0069722557324015146,0.0069722557324015146,0.005965674644569415,0.005965674644569415,0.003651263234766238,0.002833476546274345,0.0027566627343120786,0.0031248250939093776,0.001069402087279128,0.0013639371920098784,0.0010035507279447275,0.004256039128877282,0.0076937643313095844,0.006856069177562392,0.0036053469936753275,0.0036053469936753275,0.005576224662206223,0.003246742844747106,0.0019355298941706922,0.002178609098973713,0.0026298066456733418,0.0013639371920098784,0.2589368631690546,0.12730189025674435,0.19732503840489252,0.19732503840489252,0.1528043744420225,0.1528043744420225,0.02614455798266177,0.10158650909887318,0.018854364594884633,0.0724670039284594,0.11876477407318226,0.31911246515257186,0.04676468505645948,0.13756962517628812,0.2589368631690546,0.1114156440332521,0.09602543794806402,0.09602543794806402,0.08198095873504532,0.06107970394125422,0.03316037847639225,0.08887113610795094,0.12377979343166702,0.31911246515257186
319,24,0.003932537955193541,0.0009618346979985134,0.007825447438552366,0.1285081630119879,0.017283167545310913,0.29251975972319083,34,False,15,0,0,0,0,7573,7466,7587,7673,7395,7563,7455,6915,7217,6762,7068,7511,7631,7103,7621,7632,6264,7623,7226,7456,6412,7376,5734,7449,0.007825447438552366,0.006371529773345764,0.006970260042776561,0.0035938406185015612,0.006970260042776561,0.005890058722691403,0.005890058722691403,0.003479332763954877,0.0027577151493688064,0.002621498776159738,0.003016569405113662,0.0010458283734666113,0.0014108621812592371,0.0009618346979985134,0.004184200403636749,0.007825447438552366,0.0035034860176898883,0.0035938406185015612,0.005397407076824684,0.003124282663823093,0.0018480177107862339,0.0021128193418082386,0.002575450763105874,0.0014108621812592371,0.23735879123830006,0.11669339940201565,0.1808812852044848,0.17135665145239204,0.1808812852044848,0.14007067657185396,0.14007067657185396,0.023965844817439956,0.09312096667396708,0.017283167545310913,0.06642808693442111,0.10886770956708373,0.29251975972319083,0.04286762796842119,0.12610548974493077,0.23735879123830006,0.08802331811905868,0.17135665145239204,0.07514921217379154,0.05598972861281636,0.03039701360335956,0.08146520809895502,0.11346481064569476,0.29251975972319083
320,24,0.003951119598833932,0.0009208470507591882,0.007911424065132809,0.12106900417743126,0.01584290358320167,0.2681431130795916,35,False,15,0,0,0,0,7573,7466,7587,7673,7395,7563,7455,7698,6915,7217,6762,7068,7511,7631,7103,7621,7632,6264,7226,7456,6412,7376,5734,7449,0.007911424065132809,0.006227462800891737,0.006936244470774381,0.0035667742433663258,0.006936244470774381,0.005794696895296962,0.005794696895296962,0.005348813776844901,0.003313475508070764,0.002677622917555816,0.002491865278417081,0.002907142635696363,0.001019943013627914,0.0014485717281465954,0.0009208470507591882,0.004100386679111386,0.007911424065132809,0.003396880809895212,0.005348813776844901,0.0030021582958525274,0.0017630971022055265,0.002044770344747034,0.002514941819426199,0.0014485717281465954,0.2175788919684417,0.10696894945184768,0.16580784477077773,0.15707693049802604,0.16580784477077773,0.12839812019086613,0.12839812019086613,0.15222011115930892,0.021968691082653292,0.08536088611780315,0.01584290358320167,0.06089241302321934,0.09979540043649342,0.2681431130795916,0.039295325637719425,0.1155966989328532,0.2175788919684417,0.08068804160913712,0.15222011115930892,0.051323917895081665,0.02786392913641293,0.07467644075737544,0.10400940975855352,0.2681431130795916
321,24,0.0037546716225688157,0.0008807243799335602,0.007954155364596992,0.11946413273297862,0.014522661617934862,0.24579785365629228,36,False,15,0,0,0,0,7573,7466,7587,7673,7395,7563,7722,7455,7698,6915,7217,6762,7068,7724,7631,7103,7621,6264,7226,7456,6412,7376,7511,7449,0.007954155364596992,0.006070097391059251,0.006873314700757549,0.0035257816035201396,0.006873314700757549,0.0056822710053777824,0.005416327189067364,0.0056822710053777824,0.005280152513286209,0.0031537598777900706,0.0025942120430532028,0.002367686841330439,0.0027973446975552447,0.0017242356783593398,0.001477168973352208,0.0008807243799335602,0.0040064417561269635,0.0032867596443447254,0.005416327189067364,0.002881040044792934,0.0017242356783593398,0.001975153752466524,0.000992173937966834,0.001477168973352208,0.19944731763773824,0.09805487033086037,0.15199052437321292,0.1439871862898572,0.15199052437321292,0.11769827684162729,0.2228684352293665,0.11769827684162729,0.13953510189603316,0.02013796682576552,0.07824747894131956,0.014522661617934862,0.055818045271284394,0.10887526837504519,0.24579785365629228,0.03602071516790947,0.10596364068844875,0.07396403814170902,0.2228684352293665,0.04704692473715819,0.10887526837504519,0.06845340402759414,0.09147911706678563,0.24579785365629228
322,24,0.0037741731777541036,0.0008415776691451101,0.007956606900612862,0.12000440743900487,0.01845980292361839,0.22531469918493457,37,False,15,0,0,0,0,7573,7466,7587,7673,7395,7563,7722,7455,7698,6915,7217,7739,7068,7724,7631,7103,7621,6264,7745,7226,7456,6762,7511,7449,0.007956606900612862,0.00590195432087609,0.006784647530073369,0.003472505334759433,0.006784647530073369,0.005555352279116852,0.00545365588095048,0.005555352279116852,0.005193886055510073,0.0030002040194171266,0.0025083967646961683,0.0023068629230009277,0.002687870677341121,0.0016815625793937979,0.0014969324825996042,0.0008415776691451101,0.0039041011598839846,0.003256087611573848,0.003256087611573848,0.00545365588095048,0.00276149802505877,0.0023068629230009277,0.000962915344773787,0.0014969324825996042,0.18282670783459337,0.089883631136622,0.13932464734211183,0.13198825409903578,0.13932464734211183,0.107890087104825,0.2042960656269193,0.107890087104825,0.1279071767380304,0.01845980292361839,0.0717268556962096,0.09664577314977363,0.05116654149867736,0.09980232934379142,0.22531469918493457,0.03301898890391702,0.09713333729774469,0.15113370162989992,0.15113370162989992,0.2042960656269193,0.043126347675728344,0.09664577314977363,0.08385585731122015,0.22531469918493457
323,24,0.003705315637257166,0.0008034951318450477,0.007922093417154925,0.11347626237464335,0.016921486013316858,0.22187255982740825,38,False,15,0,0,0,0,7573,7466,7587,7673,7395,7563,7722,7455,7698,6915,7217,7739,7068,7724,7631,7103,7621,7769,7745,7226,7456,6762,7511,7449,0.007922093417154925,0.005725350215664458,0.00667340743740266,0.003408559297641886,0.00667340743740266,0.00541636808771427,0.005462750659837198,0.00541636808771427,0.005092416500768056,0.0028527835200081943,0.002420994522147592,0.002242077225959821,0.0025793182610221624,0.0016357833545344288,0.001508282257236624,0.0008034951318450477,0.0037949770097259264,0.003296183200685635,0.0032133121585568186,0.005462750659837198,0.0026440110735543483,0.002242077225959821,0.0009325262945613575,0.001508282257236624,0.16759114884837725,0.0823933285419035,0.1277142600636025,0.12098923292411612,0.1277142600636025,0.09889924651275625,0.18727139349134267,0.09889924651275625,0.11724824534319453,0.016921486013316858,0.06574961772152546,0.08859195872062582,0.04690266304045424,0.09148546856514213,0.20653847425285668,0.030267406495257262,0.08903889252293262,0.22187255982740825,0.1385392264940749,0.18727139349134267,0.03953248536941765,0.08859195872062582,0.07686786920195181,0.20653847425285668
324,24,0.003907662079444278,0.0007665448790925318,0.00785414152181655,0.11976282294703948,0.015511362178873785,0.20338317984179088,39,False,15,0,0,0,0,7573,7466,7587,7673,7780,7395,7563,7722,7455,7783,7698,6915,7217,7739,7068,7724,7631,7103,7621,7769,7226,6762,7511,7449,0.00785414152181655,0.005542390611810256,0.006542679900926831,0.00333549915899489,0.006711415048634541,0.006711415048634541,0.005267579120707464,0.0054458302348561645,0.005403429529783523,0.005403429529783523,0.004978045190427467,0.0027114382635508557,0.0023327290322058647,0.0021742008354032334,0.0024721955860527067,0.0015875479436489603,0.0015117467441501554,0.0007665448790925318,0.00368054902076665,0.003317974472793985,0.0054458302348561645,0.0021742008354032334,0.0009013304182124188,0.0015117467441501554,0.15362521977767915,0.07552721783007821,0.1170714050583023,0.11090679684710644,0.20040473839163564,0.20040473839163564,0.09065764263669322,0.17166544403373077,0.17399097597002655,0.17399097597002655,0.10747755823126165,0.015511362178873785,0.06027048291139834,0.081209295493907,0.042994107787083055,0.08386167951804695,0.18932693473178527,0.02774512262065249,0.08161898481268823,0.20338317984179088,0.17166544403373077,0.081209295493907,0.07046221343512249,0.18932693473178527
325,24,0.0036797639570140986,0.0007307773971003598,0.007756372050498383,0.11740160297117024,0.014218748663967636,0.2568830235041365,40,False,16,0,0,0,0,7573,7466,7587,7673,7780,7395,7563,7722,7455,7783,7698,6915,7217,7739,7068,7724,7816,7631,7103,7621,7769,6762,7511,7449,0.007756372050498383,0.00535496937407831,0.0063954201339313545,0.0032548004162853113,0.006715284134422264,0.006715284134422264,0.005111065349401155,0.005405283412932077,0.005366692935266255,0.005366692935266255,0.004852943336144208,0.0025760784983928863,0.0022442347644045665,0.0021040240629732203,0.0023669292326480014,0.0015374483578316513,0.0015468216014076644,0.0015468216014076644,0.0007307773971003598,0.0035621605220005877,0.0033226579991218006,0.0021040240629732203,0.0008696164938039912,0.001507932161624902,0.1408231181295392,0.06923328301090502,0.10731545463677711,0.10166456377651424,0.183704343525666,0.183704343525666,0.08310283908363546,0.1573599903642532,0.15949172797252434,0.15949172797252434,0.09852109504532318,0.014218748663967636,0.05524794266878181,0.07444185420274808,0.0394112654714928,0.07687320622487637,0.2568830235041365,0.2568830235041365,0.025433029068931447,0.0748174027449642,0.18643458152164163,0.07444185420274808,0.06459036231552895,0.17354969017080316
326,24,0.0038967483686358634,0.0006962278256932639,0.007632402431931227,0.11850276884269646,0.013033852941970332,0.23547610487879178,41,False,16,0,0,0,0,7573,7466,7587,7673,7780,7395,7830,7563,7722,7455,7783,7698,6915,7217,7739,7068,7724,7816,7631,7103,7621,7826,6762,7846,0.007632402431931227,0.0051647730360968635,0.0063952005913804275,0.0031678429327888975,0.006687798941557413,0.006687798941557413,0.005076346260696923,0.005076346260696923,0.005343584578520713,0.005308603329037983,0.005308603329037983,0.004719131921226894,0.0024465901787480756,0.0021560623778676875,0.0020322565729683334,0.002263872133399393,0.0014860181969445691,0.0015723915213309387,0.0015723915213309387,0.0006962278256932639,0.003441018467618397,0.0063952005913804275,0.0020322565729683334,0.0008592423324807018,0.12908785828541094,0.06346384275999627,0.1817058334170457,0.09319251679513806,0.16839564823186048,0.16839564823186048,0.15951093582666584,0.15951093582666584,0.14424665783389876,0.14620075064148064,0.14620075064148064,0.09031100379154625,0.013033852941970332,0.05064394744638332,0.06823836635251908,0.036126993348868396,0.07046710570613667,0.23547610487879178,0.23547610487879178,0.023313609979853826,0.06858261918288386,0.1817058334170457,0.06823836635251908,0.14254116545590154
327,24,0.003975322908898068,0.0006629180358962354,0.007485768313144213,0.1189526995045585,0.01194769853013947,0.24989701396562522,42,False,16,0,0,0,0,7573,7466,7869,7780,7395,7830,7563,7722,7455,7783,7698,6915,7217,7739,7068,7724,7816,7631,7103,7621,7587,7826,6762,7846,0.007485768313144213,0.004973288819837536,0.006529625995410871,0.006631928461468461,0.006631928461468461,0.00502142641019891,0.00502142641019891,0.005263222922221669,0.00523163038107507,0.00523163038107507,0.004578469423776291,0.002322839643492151,0.0020686847602862553,0.0019595293039591653,0.002163311237574261,0.0014337335996022667,0.0015888290200346223,0.0015888290200346223,0.0006629180358962354,0.003318196531041245,0.006365461300063067,0.006529625995410871,0.0019595293039591653,0.0008459160823242297,0.11833053676162669,0.05817518919666324,0.24989701396562522,0.1543626775458721,0.1543626775458721,0.14621835784111034,0.14621835784111034,0.13222610301440718,0.13401735475469057,0.13401735475469057,0.08278508680891739,0.01194769853013947,0.04642361849251804,0.06255183582314248,0.03311641056979603,0.06459484689729195,0.21585309613889245,0.21585309613889245,0.02137080914819934,0.06286740091764353,0.16656368063229188,0.24989701396562522,0.06255183582314248,0.13066273500124306
328,24,0.0038298174654427344,0.0006471282964436006,0.007319862992447356,0.12452679453613273,0.01095205698596118,0.31240559613515645,43,False,16,0,0,0,0,7573,7893,7869,7780,7395,7830,7563,7722,7455,7783,7698,6915,7217,7739,7068,7724,7816,7631,7103,7466,7826,6762,7846,7890,0.007319862992447356,0.006795437130654124,0.00662458954044099,0.006550726227320697,0.006550726227320697,0.0049486418350592615,0.0049486418350592615,0.0051666450863537385,0.005138209531618289,0.005138209531618289,0.004432645966380583,0.0022046776942027417,0.001982503380980901,0.0018863977228730593,0.002065474813701082,0.0013810152721991044,0.0015966386526416003,0.0015966386526416003,0.0006471282964436006,0.004781815277813454,0.006795437130654124,0.0018863977228730593,0.0008300303528844013,0.0006471282964436006,0.10846965869815779,0.31240559613515645,0.2290722628018231,0.1414991210837161,0.1414991210837161,0.13403349468768447,0.13403349468768447,0.12120726109653991,0.12284924185846635,0.12284924185846635,0.07588632957484093,0.01095205698596118,0.042554983618141536,0.05733918283788061,0.030356709688979692,0.05921194298918428,0.19786533812731807,0.19786533812731807,0.10292324171918274,0.05332725676360797,0.31240559613515645,0.05733918283788061,0.11977417375113947,0.10292324171918274
329,24,0.003776639486561701,0.0006300612590511071,0.0071378927753265615,0.11414956165812166,0.010039385570464415,0.2863717964572267,44,False,16,0,0,0,0,7573,7893,7869,7780,7395,7830,7563,7722,7455,7783,7698,6915,7217,7739,7068,7724,7816,7631,7103,7466,7826,6762,7846,7890,0.0071378927753265615,0.007016035497489383,0.006681846037015233,0.006447247000203522,0.006447247000203522,0.00486029626359781,0.00486029626359781,0.00505621034416355,0.005030695705223047,0.005030695705223047,0.004283182605167674,0.0020919431319756246,0.0018978547324198201,0.0018133460199922567,0.001970539312436222,0.001328231295559987,0.0015964232167332293,0.0015964232167332293,0.0006300612590511071,0.004591474680791812,0.007016035497489383,0.0018133460199922567,0.0008119628380436318,0.0006300612590511071,0.0994305204733113,0.2863717964572267,0.20998290756833785,0.12970752766007307,0.12970752766007307,0.1228640367970441,0.1228640367970441,0.11110665600516158,0.11261180503692748,0.11261180503692748,0.06956246877693752,0.010039385570464415,0.039008734983296406,0.052560917601390554,0.027826983881564717,0.05427761440675225,0.18137655995004157,0.18137655995004157,0.09434630490925085,0.04888331869997397,0.2863717964572267,0.052560917601390554,0.10979299260521118,0.09434630490925085
330,24,0.0035945415691778543,0.0006119724081877691,0.007191166357091543,0.1033006308099338,0.009202770106259047,0.26250748008579117,45,False,16,0,0,0,0,7573,7893,7869,7780,7395,7830,7563,7722,7455,7930,7783,7698,6915,7217,7739,7068,7724,7816,7631,7103,7466,6762,7846,7890,0.006942846160249189,0.007191166357091543,0.006703658375964108,0.0063244797620092,0.0063244797620092,0.004758617318264301,0.004758617318264301,0.00493415708394784,0.004911328436767577,0.004237983948126979,0.004911328436767577,0.004237983948126979,0.0019844658093461577,0.0018150166881212059,0.0017407919208606362,0.0018786357423343334,0.0012757004577892705,0.001588852905243252,0.001588852905243252,0.0006119724081877691,0.004403226438159288,0.0017407919208606362,0.0007920711483461483,0.0006119724081877691,0.09114464376720202,0.26250748008579117,0.19248433193764303,0.11889856702173364,0.11889856702173364,0.11262536706395708,0.11262536706395708,0.10184776800473144,0.10322748795051685,0.14709892971219274,0.10322748795051685,0.14709892971219274,0.009202770106259047,0.0357580070680217,0.04818084113460801,0.02550806855810099,0.04975447987285623,0.16626184662087143,0.16626184662087143,0.08648411283347994,0.04480970880830947,0.04818084113460801,0.1006435765547769,0.08648411283347994
331,24,0.0035178316158852017,0.0005930953630536925,0.007321565879339398,0.094692244909106,0.008435872597404127,0.24063185674530857,46,False,16,0,0,0,0,7573,7893,7869,7780,7395,7830,7563,7722,7455,7930,7783,7698,6915,7217,7739,7068,7724,7816,7631,7103,7466,6762,7846,7890,0.0067374747194367725,0.007321565879339398,0.006692659197997563,0.006185295814951708,0.006185295814951708,0.004645723514725579,0.004645723514725579,0.004802579188176987,0.004782207030335621,0.004177585454898878,0.004782207030335621,0.004177585454898878,0.0018820692499559903,0.0017342146499259227,0.0016690918527553597,0.001789855535094333,0.0012236959080899662,0.001574638101008317,0.001574638101008317,0.0005930953630536925,0.0042178809845070135,0.0016690918527553597,0.000770689205262595,0.0005930953630536925,0.08354925678660186,0.24063185674530857,0.17644397094283942,0.10899035310325583,0.10899035310325583,0.10323991980862732,0.10323991980862732,0.09336045400433715,0.09462519728797378,0.13484068556951,0.09462519728797378,0.13484068556951,0.008435872597404127,0.03277817314568656,0.04416577104005734,0.02338239617825924,0.04560827321678487,0.1524066927357988,0.1524066927357988,0.07927710343068994,0.04107556640761702,0.04416577104005734,0.09225661184187882,0.07927710343068994
332,24,0.003433882675201104,0.0005736414643201253,0.007408795445258346,0.08680122450001382,0.007732883214287116,0.22057920201653286,47,False,16,0,0,0,0,7573,7893,7869,7780,7395,7830,7563,7722,7455,7930,7783,7698,6915,7217,7739,7068,7724,7816,7631,7103,7466,6762,7846,7890,0.0065242836151381805,0.007408795445258346,0.006651726049905435,0.0060324104119945515,0.0060324104119945515,0.004523600752792827,0.004523600752792827,0.0046634108409854555,0.004645274298980137,0.004103932904467727,0.004645274298980137,0.004103932904467727,0.0017845728846575767,0.001655627394828237,0.0015985462580803118,0.0017042558951724722,0.0011724489677147284,0.0015545061377405572,0.0015545061377405572,0.0005736414643201253,0.004036113693311385,0.0015985462580803118,0.0007481249611021945,0.0005736414643201253,0.07658681872105169,0.22057920201653286,0.1617403066976028,0.09990782367798451,0.09990782367798451,0.09463659315790837,0.09463659315790837,0.08558041617064238,0.08673976418064262,0.12360396177205084,0.08673976418064262,0.12360396177205084,0.007732883214287116,0.030046658716879344,0.04048529012005256,0.0214338631634043,0.0418075837820528,0.13970613500781556,0.13970613500781556,0.0726706781447991,0.0376526025403156,0.04048529012005256,0.08456856085505558,0.0726706781447991
333,24,0.00360929163936947,0.0005537999595137422,0.0074550742886381055,0.08991419854890446,0.00708847627976319,0.23159528113946926,48,False,16,0,0,0,0,7994,7573,7893,7869,7780,7395,7830,7563,7722,7455,7930,7783,7698,6915,7217,7739,7068,7724,7816,7631,7103,7466,6762,7846,0.006753669903880513,0.00630552984427035,0.0074550742886381055,0.006753669903880513,0.005868356157524638,0.005868356157524638,0.004394086925794552,0.004394086925794552,0.004518418329982973,0.004502307454048608,0.004018910144225603,0.004502307454048608,0.004018910144225603,0.0016917939487129056,0.001579392561714569,0.0015294048944198173,0.001621864642302353,0.0011221529703636774,0.001529182068764406,0.001529182068764406,0.0005537999595137422,0.003858478486941325,0.0015294048944198173,0.0007246592151110043,0.23159528113946926,0.07020458382763071,0.20219760184848845,0.23159528113946926,0.09158217170481912,0.09158217170481912,0.08675021039474934,0.08675021039474934,0.07844871482308885,0.0795114504989224,0.11330363162437992,0.0795114504989224,0.11330363162437992,0.00708847627976319,0.027542770490472733,0.03711151594338151,0.019647707899787276,0.03832361846688173,0.1280639570904976,0.1280639570904976,0.06661478829939918,0.034514885661955964,0.03711151594338151,0.07752118078380095
334,24,0.00352430734780478,0.0005337386452791204,0.007463118885950251,0.08242134866982909,0.0064977699231162575,0.2122956743778468,49,False,16,0,0,0,0,7994,7573,7893,7869,7780,7395,7830,7563,7722,7455,7930,7783,7698,6915,7217,7739,7068,7724,7816,7631,7103,7466,6762,7846,0.00681685767202197,0.006083226501427075,0.007463118885950251,0.00681685767202197,0.005695466375622813,0.005695466375622813,0.004258863294454782,0.004258863294454782,0.0043691975007660346,0.004354914796884145,0.003924310668102128,0.004354914796884145,0.003924310668102128,0.0016035490807430701,0.0015056117423640466,0.0014618720011840666,0.0015426845652951155,0.0010729670352421657,0.001499373279423383,0.001499373279423383,0.0005337386452791204,0.003685420902675078,0.0014618720011840666,0.0007005453121861973,0.2122956743778468,0.06435420184199482,0.18534780169444773,0.2122956743778468,0.08395032406275087,0.08395032406275087,0.07952102619518689,0.07952102619518689,0.07191132192116477,0.07288549629067886,0.10386166232234827,0.07288549629067886,0.10386166232234827,0.0064977699231162575,0.025247539616266673,0.03401888961476638,0.018010398908138336,0.03512998359464158,0.11739196066628944,0.11739196066628944,0.06106355594111591,0.0316386451901263,0.03401888961476638,0.07106108238515087
335,24,0.0033252506897233566,0.0005136048446061941,0.007435995010176659,0.10248803525821311,0.005956289096189902,0.1946043681796929,50,False,16,0,0,0,0,7994,7573,7893,7869,7780,7395,7830,8050,7455,7930,8052,6915,8055,7739,7068,7724,7816,7631,7103,7466,7722,7217,7846,8059,0.006843542480347855,0.005859151567944462,0.007435995010176659,0.006843542480347855,0.005515866702479642,0.005515866702479642,0.004119451350850859,0.0039203816138157965,0.0042045369890405335,0.0039203816138157965,0.0039203816138157965,0.0015196556602107315,0.0014321168342902775,0.0014321168342902775,0.0014666973122585355,0.0010250197018836279,0.0014657576413803204,0.0015035594039404874,0.0005136048446061941,0.0035172904485417616,0.004217175651192,0.001434355159790356,0.00067600953192061,0.0015035594039404874,0.1946043681796929,0.05899135168849525,0.16990215155324376,0.1946043681796929,0.0769544637241883,0.0769544637241883,0.07289427401225465,0.17853985712881926,0.06681170493312229,0.17853985712881926,0.17853985712881926,0.005956289096189902,0.11451731548020253,0.11451731548020253,0.01650953233246014,0.03220248496175478,0.10760929727743199,0.19094263061076533,0.055974926279356255,0.029002091424282436,0.0659187117610677,0.023143577981577783,0.06513932551972162,0.19094263061076533
336,24,0.003237029509918936,0.0004935266165389486,0.007376986171685612,0.10203969059302846,0.00545993167150741,0.17838733749805183,51,False,17,0,0,0,0,7994,7573,7893,7869,7780,7395,7830,8070,8050,7455,7930,8052,6915,8055,7739,7068,7724,8079,7816,7631,7103,7466,7217,7846,0.006836372061169093,0.005634859955464006,0.007376986171685612,0.006836372061169093,0.005331473285256836,0.005331473285256836,0.004079786019441222,0.004079786019441222,0.0038986920903322443,0.004052451820955397,0.0038986920903322443,0.0038986920903322443,0.0014399329165287788,0.0013988822846323242,0.0013988822846323242,0.0013938668467110584,0.0010036455475665553,0.0010036455475665553,0.001428974825095997,0.001500444344624659,0.0004935266165389486,0.003354352142459592,0.0013656659312870807,0.00065125199957453,0.17838733749805183,0.054075405714453975,0.15574363892380677,0.17838733749805183,0.0705415917471726,0.0705415917471726,0.15015308451123344,0.15015308451123344,0.16366153570141764,0.061244062855362096,0.16366153570141764,0.16366153570141764,0.00545993167150741,0.10497420585685231,0.10497420585685231,0.015133737971421793,0.11285227788160856,0.11285227788160856,0.09864185583764598,0.17503074472653488,0.0513103490894099,0.0265852504722589,0.021214946483112968,0.059711048393078156
337,24,0.003174027179401694,0.0004736141140680349,0.007289480353881813,0.10048082748805387,0.005004937365548459,0.22097366080196398,52,False,17,0,0,0,0,7994,7573,7893,7869,7780,7395,7830,8094,8050,7455,7930,8052,6915,8055,7739,7068,7724,8079,7816,7631,7103,7466,7217,7846,0.006798259386204473,0.005411697744327327,0.007289480353881813,0.006798259386204473,0.005143996134563019,0.005143996134563019,0.004128890451053667,0.004128890451053667,0.0038609990210078317,0.0038997815495302288,0.0038609990210078317,0.0038609990210078317,0.0013642028394243743,0.0013627714969946328,0.0013627714969946328,0.0013241425015146427,0.0009798972597531107,0.0009798972597531107,0.0013896203484568277,0.0014906772598649004,0.0004736141140680349,0.003196797175246103,0.0012995639241423107,0.0006264479750227837,0.16352172603988083,0.04956912190491614,0.14276500234682288,0.16352172603988083,0.06466312576824156,0.06466312576824156,0.22097366080196398,0.22097366080196398,0.15002307439296617,0.05614039095074858,0.15002307439296617,0.15002307439296617,0.005004937365548459,0.09622635536878128,0.09622635536878128,0.013872593140469977,0.10344792139147452,0.10344792139147452,0.09042170118450882,0.16044484933265696,0.047034486665292405,0.02436981293290399,0.019447034276186888,0.054735127693654975
338,24,0.0033873808013334165,0.0004539610223701462,0.007176875530862176,0.11921868959120595,0.012716543712097478,0.23322824886989077,53,False,15,0,0,0,0,7994,7573,7893,7869,8115,7780,7395,7830,8094,8050,7455,7930,8052,6915,8124,7739,7068,7724,8079,8131,7466,8055,7631,7103,0.006732269279367699,0.005190817752648612,0.007176875530862176,0.006905893920717074,0.006905893920717074,0.004954946360895822,0.004954946360895822,0.004155140510535748,0.004155140510535748,0.003809091693356153,0.003747502022624615,0.003809091693356153,0.003809091693356153,0.0013256189877390511,0.0013256189877390511,0.0013243439772883739,0.0012574616635557814,0.000954194157494708,0.000954194157494708,0.001512974188330906,0.003044752674501141,0.0013243439772883739,0.001512974188330906,0.0004539610223701462,0.14989491553655743,0.04543836174617313,0.13086791881792095,0.23322824886989077,0.23322824886989077,0.05927453195422142,0.05927453195422142,0.20255918906846698,0.20255918906846698,0.13752115152688565,0.0514620250381862,0.13752115152688565,0.13752115152688565,0.0879211925850861,0.0879211925850861,0.08820749242138284,0.012716543712097478,0.0948272612755183,0.0948272612755183,0.23040777855493555,0.022338995188495324,0.08820749242138284,0.23040777855493555,0.04311494610985137
339,24,0.003330275429731483,0.00043464602405740446,0.007042503407596891,0.11621730817319133,0.011656831736089356,0.21379256146406653,54,False,15,0,0,0,0,7994,7573,7893,7869,8115,7780,7395,7830,8094,8050,7455,7930,8052,6915,8124,8150,7068,7724,8079,8131,7466,8055,7631,7103,0.006641522141454768,0.004973195746867614,0.007042503407596891,0.0069736948208138005,0.0069736948208138005,0.004765646211852491,0.004765646211852491,0.004160045525389321,0.004160045525389321,0.0037447462600000646,0.003596452946769735,0.0037447462600000646,0.0037447462600000646,0.0012852458591578833,0.001318392238496265,0.001318392238496265,0.0011937521220332244,0.0009269244177866913,0.0009269244177866913,0.0015266218165601126,0.0028982905738614275,0.0012841126499590822,0.0015266218165601126,0.00043464602405740446,0.13740367257517763,0.0416518316006587,0.11996225891642753,0.21379256146406653,0.21379256146406653,0.05433498762470297,0.05433498762470297,0.18567925664609472,0.18567925664609472,0.12606105556631184,0.04717352295167068,0.12606105556631184,0.12606105556631184,0.08059442653632892,0.16392775986966227,0.16392775986966227,0.011656831736089356,0.08692498950255843,0.08692498950255843,0.21120713034202424,0.020477412256120712,0.08085686805293427,0.21120713034202424,0.03952203393403042
340,24,0.0033035642986235536,0.0004264560008831604,0.0071845602083138085,0.1446255940397155,0.010685429091415241,0.27930984800872766,55,False,15,0,0,0,0,8163,7893,7869,8115,8166,7830,8094,8050,8171,7930,8052,6915,8124,8150,7068,7724,8079,8131,8183,7994,8165,8055,7631,7103,0.0071845602083138085,0.0068895701060890805,0.0071845602083138085,0.007003929474082669,0.00469528765525917,0.004145311127328019,0.004145311127328019,0.0036696895699992326,0.0037643305460230707,0.0037643305460230707,0.0036696895699992326,0.001243547741604797,0.0013057432107219501,0.0013057432107219501,0.0011329341123593616,0.0008984432273062955,0.0008984432273062955,0.0015321306193915817,0.0004264560008831604,0.006529114771110071,0.00469528765525917,0.0012425426312667343,0.0015321306193915817,0.0004264560008831604,0.27930984800872766,0.10996540400672523,0.27930984800872766,0.19597651467539431,0.1331404053226444,0.17020598525892017,0.17020598525892017,0.11555596760245251,0.19888930093578586,0.19888930093578586,0.11555596760245251,0.07387822432496817,0.15026711321385708,0.15026711321385708,0.010685429091415241,0.07968124037734522,0.07968124037734522,0.19360653614685555,0.11956186443952789,0.12595336652724615,0.1331404053226444,0.07411879571518974,0.19360653614685555,0.11956186443952789
341,24,0.0032835010057980975,0.00041714840067676585,0.007349346310102843,0.14242634832975773,0.009794976667130638,0.2560340273413337,56,False,15,0,0,0,0,8163,7893,7869,8115,8166,7830,8094,8050,8171,7930,8052,8196,8124,8150,7068,7724,8079,8131,8183,7994,8165,6915,7631,7103,0.007349346310102843,0.006721112078637196,0.007349346310102843,0.006999280510251938,0.004610311683188908,0.004112765720024129,0.004112765720024129,0.003585571543331479,0.003764902257167063,0.003764902257167063,0.003585571543331479,0.0013215013829025618,0.0013215013829025618,0.0012882768349608614,0.0010749220862856053,0.0008690720974237531,0.0008690720974237531,0.001530097608049231,0.00041714840067676585,0.006398057445401188,0.004610311683188908,0.0012009411778840834,0.001530097608049231,0.00041714840067676585,0.2560340273413337,0.10080162033949813,0.2560340273413337,0.17964513845244479,0.12204537154575736,0.15602215315401013,0.15602215315401013,0.10592630363558146,0.18231519252447037,0.18231519252447037,0.10592630363558146,0.22107818711270233,0.22107818711270233,0.137744853779369,0.009794976667130638,0.07304113701256645,0.07304113701256645,0.17747265813461757,0.10959837573623389,0.11545725264997563,0.12204537154575736,0.06772170563122082,0.17747265813461757,0.10959837573623389
342,24,0.003260792113874781,0.0004069068026326403,0.007469059225282507,0.1436486478773808,0.008978728611536417,0.23469785839622254,57,False,15,0,0,0,0,8163,7893,7869,8115,8166,7830,8094,8050,8171,7930,8052,8221,8124,8150,7068,7724,8079,8131,8183,7994,8228,8196,7631,7103,0.007469059225282507,0.006539965304670333,0.007469059225282507,0.006962712159587394,0.0045128275755048144,0.004064297131214417,0.004064297131214417,0.0034939451215671006,0.0037480341632301546,0.0037480341632301546,0.0034939451215671006,0.0012992592042773284,0.0013299419684860375,0.0012992592042773284,0.001019626237105686,0.000839099097791171,0.000839099097791171,0.0015211775682212605,0.0004069068026326403,0.006251225883090342,0.0046292130076309316,0.0013299419684860375,0.0015211775682212605,0.0004069068026326403,0.23469785839622254,0.09240148531120662,0.23469785839622254,0.16467471024807437,0.11187492391694424,0.1430203070578426,0.1430203070578426,0.09709911166594967,0.16712225981409784,0.16712225981409784,0.09709911166594967,0.2095994492977549,0.20265500485331045,0.2095994492977549,0.008978728611536417,0.06695437559485258,0.06695437559485258,0.16268326995673277,0.1004651777582144,0.10583581492914432,0.19520825725027757,0.20265500485331045,0.16268326995673277,0.1004651777582144
343,24,0.0032226478424086775,0.00039590257949350955,0.007545494475376399,0.13167792722093238,0.008230501227241714,0.21513970352987066,58,False,15,0,0,0,0,8163,7893,7869,8115,8166,7830,8094,8050,8171,7930,8052,8221,8124,8150,7068,7724,8079,8131,8183,7994,8228,8196,7631,7103,0.007545494475376399,0.006348745766973015,0.007545494475376399,0.006897352811721754,0.004404838940622186,0.004001799734843295,0.004001799734843295,0.0033962527500189365,0.003715397350516681,0.003715397350516681,0.0033962527500189365,0.001303360536082594,0.001331547658497794,0.001303360536082594,0.0009669538068180041,0.0008087797924242919,0.0008087797924242919,0.0015060578989457558,0.00039590257949350955,0.006091326402242711,0.004625144937032067,0.001331547658497794,0.0015060578989457558,0.00039590257949350955,0.21513970352987066,0.08470136153527273,0.21513970352987066,0.1509518177274015,0.10255201359053222,0.13110194813635573,0.13110194813635573,0.08900751902712054,0.15319540482958968,0.15319540482958968,0.08900751902712054,0.19213282852294197,0.18576708778220125,0.19213282852294197,0.008230501227241714,0.061374844295281526,0.061374844295281526,0.14912633079367169,0.09209307961169652,0.09701616368504895,0.1789409024794211,0.18576708778220125,0.14912633079367169,0.09209307961169652
344,24,0.00328150847124613,0.0003842937382324636,0.0075810681656498635,0.12963424001978915,0.0562602739373414,0.2237624544271239,59,False,14,0,0,0,0,8163,7893,7869,8115,8166,7830,8094,8050,8264,8171,7930,8052,8221,8124,8270,7724,8079,8131,8183,7994,8228,8196,7631,7103,0.0075810681656498635,0.006149839259292215,0.0075810681656498635,0.006806395044397612,0.004288222020817374,0.0039271317414237275,0.0039271317414237275,0.0032938183439850765,0.0037633214671569217,0.0037633214671569217,0.0036687058609053734,0.0032938183439850765,0.0013010939144654243,0.0013268641129350956,0.0009404546556640018,0.0007783386921952422,0.0007783386921952422,0.0014854372884063034,0.0003842937382324636,0.005920872449719978,0.004600073004675755,0.0013268641129350956,0.0014854372884063034,0.0003842937382324636,0.19721139490238143,0.07764291474066667,0.19721139490238143,0.13837249958345135,0.09400601245798786,0.12017678579165941,0.12017678579165941,0.08159022577486048,0.2237624544271239,0.2237624544271239,0.14042912109379055,0.08159022577486048,0.17612175947936345,0.17028649713368446,0.09087795945830492,0.0562602739373414,0.0562602739373414,0.1366991365608657,0.0844186563107218,0.08893148337796153,0.164029160606136,0.17028649713368446,0.1366991365608657,0.0844186563107218
345,24,0.0034804591327726956,0.00037222432184146883,0.0075786569759994805,0.13641787695466612,0.05157191777589628,0.28844891655819693,60,False,14,0,0,0,0,8281,8163,7893,7869,8115,8166,7830,8288,8050,8264,8171,7930,8052,8221,8124,8270,7724,8079,8131,8183,7994,8228,8196,7631,0.006098730028590618,0.0075786569759994805,0.006098730028590618,0.0075786569759994805,0.006693013188044067,0.004164711609746199,0.003842081951628052,0.0038879559226952503,0.003187843741055058,0.0038879559226952503,0.0037902068173064365,0.0036096707906836606,0.003187843741055058,0.001293019560875429,0.0013164764076832724,0.0009125675611089885,0.0007479710671084899,0.0007479710671084899,0.0014600082103371262,0.00037222432184146883,0.005742170676533358,0.004556068001838442,0.0013164764076832724,0.0014600082103371262,0.15450600517894447,0.18077711199384963,0.15450600517894447,0.18077711199384963,0.12684145795149707,0.08617217808648886,0.11016205364235446,0.28844891655819693,0.0747910402936221,0.28844891655819693,0.20511558322486356,0.12872669433597467,0.0747910402936221,0.1614449461894165,0.15609595570587742,0.08330479617011284,0.05157191777589628,0.05157191777589628,0.12530754184746024,0.07738376828482832,0.08152052642979807,0.150360063888958,0.15609595570587742,0.12530754184746024
346,24,0.003482738437589145,0.0003598242626525113,0.007541452316805785,0.13500693882435497,0.047274257961238256,0.26441150684501386,61,False,14,0,0,0,0,8281,8163,7893,7869,8115,8166,7830,8288,8312,8050,8264,8171,7930,8315,8052,8221,8124,8270,7724,8079,8131,8183,7994,7631,0.006024298189226561,0.007541452316805785,0.006024298189226561,0.007541452316805785,0.006560297626304484,0.004035893300010502,0.0037483450187445464,0.003987324278660237,0.0031588264081390954,0.0031588264081390954,0.003987324278660237,0.003797399106545904,0.0036312588377895366,0.0036312588377895366,0.0030794087239848712,0.001279723713681043,0.0013009887400901195,0.0008836310604294334,0.0007178449893639687,0.0007178449893639687,0.0014304430449565214,0.0003598242626525113,0.005557314819812658,0.0014304430449565214,0.14163050474736577,0.16571235266102882,0.14163050474736577,0.16571235266102882,0.11627133645553897,0.07899116324594811,0.10098188250549159,0.26441150684501386,0.15189178693582028,0.15189178693582028,0.26441150684501386,0.18802261795612493,0.20133280314131013,0.20133280314131013,0.06855845360248693,0.14799120067363178,0.1430879593970543,0.07636272982260343,0.047274257961238256,0.047274257961238256,0.11486524669350522,0.07093512092775929,0.0747271492273149,0.11486524669350522
347,24,0.0034354675691826903,0.000347209588597801,0.007472831862460691,0.12722858281121427,0.0433347364644684,0.24237721460792935,62,False,14,0,0,0,0,8281,8163,7893,7869,8115,8166,7830,8288,8312,8050,8264,8171,7930,8315,8052,8221,8124,8270,7724,8347,8131,8183,7994,7631,0.005929352931028502,0.007472831862460691,0.005929352931028502,0.007472831862460691,0.006411204458395189,0.0039032008575663633,0.0036475041382333672,0.0040617931878937285,0.003117990667816185,0.003117990667816185,0.0040617931878937285,0.003786433601081429,0.00363429682527146,0.00363429682527146,0.0029694737996484293,0.0012618007779171012,0.0012810074858367686,0.0008539500498870605,0.0006881035032640934,0.0007058496329876357,0.001397383510760965,0.000347209588597801,0.005368185796506279,0.001397383510760965,0.12982796268508529,0.15190298993927642,0.12982796268508529,0.15190298993927642,0.10658205841757738,0.07240856630878577,0.09256672563003396,0.24237721460792935,0.1392341380245019,0.1392341380245019,0.24237721460792935,0.17235406645978119,0.18455506954620096,0.18455506954620096,0.06284524913561301,0.1356586006174958,0.1311639627806331,0.06999916900405315,0.0433347364644684,0.12666806979780174,0.10529314280237978,0.06502386085044601,0.06849988679170532,0.10529314280237978
348,24,0.0033710645626505906,0.00033448289610632064,0.007376249946070139,0.12089615011295463,0.0397235084257627,0.2413245609214661,63,False,14,0,0,0,0,8281,8163,7893,7869,8115,8166,7830,8288,8312,8050,8363,8171,7930,8315,8052,8221,8124,8270,7724,8347,8131,8183,7994,7631,0.00581664354144355,0.007376249946070139,0.00581664354144355,0.007376249946070139,0.006248518813471789,0.003767917632501939,0.0035410200472087397,0.00411219543450368,0.0030667907998176733,0.0030667907998176733,0.0038559101627947743,0.0038559101627947743,0.003620284446130145,0.003620284446130145,0.002858885028052996,0.0012398387155680242,0.0012571275113535223,0.0008237963865348687,0.0006588668401233651,0.0006918197625052002,0.0013614330264493585,0.00033448289610632064,0.005176456590272458,0.0013614330264493585,0.11900896579466151,0.13924440744433672,0.11900896579466151,0.13924440744433672,0.09770022021611259,0.06637451911638695,0.08485283182753113,0.2221791133906019,0.12763129318912675,0.12763129318912675,0.2413245609214661,0.2413245609214661,0.16917548041735087,0.16917548041735087,0.057608145040978595,0.12435371723270447,0.12023363254891367,0.06416590492038204,0.0397235084257627,0.11611239731465159,0.0965187142355148,0.0596052057795755,0.06279156289239654,0.0965187142355148
349,24,0.0033086708670235763,0.0003217340158993432,0.007255146967992254,0.11082147093687507,0.03641321605694914,0.22121418084467726,64,False,14,0,0,0,0,8281,8163,7893,7869,8115,8166,7830,8288,8312,8050,8363,8171,7930,8315,8052,8221,8124,8270,7724,8347,8131,8183,7994,7631,0.005688811542119457,0.007255146967992254,0.005688811542119457,0.007255146967992254,0.0060748299571295435,0.003631181045771943,0.003430225246885524,0.004139736850780461,0.0030066445725957626,0.0030066445725957626,0.0039026068183825808,0.0039026068183825808,0.0035908245018607585,0.0035908245018607585,0.0027483803035462232,0.0012144074988344699,0.00122992151668868,0.0007934100974152689,0.0006302346153929133,0.0006760669636057109,0.0013231515942330938,0.0003217340158993432,0.004983600702247937,0.0013231515942330938,0.10909155197843971,0.12764070682397533,0.10909155197843971,0.12764070682397533,0.08955853519810321,0.060843309190021365,0.0777817625085702,0.20366418727471838,0.11699535209003285,0.11699535209003285,0.22121418084467726,0.22121418084467726,0.15507752371590494,0.15507752371590494,0.05280746628756371,0.11399090746331243,0.11021416316983752,0.05881874617701687,0.03641321605694914,0.10643636420509729,0.0884754880492219,0.05463810529794421,0.05755893265136349,0.0884754880492219
350,24,0.0031464698401305335,0.00030904081007567197,0.007112877008723948,0.11043373454359896,0.03337878138553671,0.2861129991076208,65,False,15,0,0,0,0,8281,8163,7893,7869,8115,8166,7830,8288,8312,8050,8363,8411,8315,8052,8221,8124,8415,8270,7724,8347,8131,8183,7994,7631,0.005548355283771635,0.007112877008723948,0.005548355283771635,0.007112877008723948,0.005892516317342883,0.0034939893267797372,0.0033163224348531557,0.004145906649161525,0.0029389097315138586,0.0029389097315138586,0.003927682835442854,0.004028977435426816,0.003547568192297564,0.0026385965929107457,0.0012166384888156185,0.0011999321036786808,0.0012166384888156185,0.0007630010247355503,0.0006022879613059199,0.0006588847357345919,0.001283052796416493,0.00030904081007567197,0.004790903124904003,0.001283052796416493,0.10000058931356973,0.11700398125531071,0.10000058931356973,0.11700398125531071,0.0820953239315946,0.05577303342418625,0.07129994896618935,0.18669217166849184,0.10724573941586345,0.10724573941586345,0.20277966577428747,0.2861129991076208,0.14215439673957952,0.0484068440969334,0.1878249985080364,0.10102964957235105,0.1878249985080364,0.0539171839955988,0.03337878138553671,0.09756666718800584,0.08110253071178673,0.05008492985644886,0.05276235493041653,0.08110253071178673
351,24,0.002938459393500192,0.00029647005011437225,0.006952652194105463,0.11349113250198406,0.030597216270075316,0.2622702491819857,66,False,16,0,0,0,0,8281,8163,7893,7869,8115,8166,7830,8288,8312,8050,8363,8411,8315,8437,8221,8124,8415,8270,8439,7724,8347,8131,8183,7631,0.005397605381453206,0.006952652194105463,0.005397605381453206,0.006952652194105463,0.00570373863985519,0.003357209808831048,0.003200386233949959,0.004132394564702333,0.0028648667932792164,0.0028648667932792164,0.003932562187069068,0.004129247478573439,0.0034921695494480654,0.002595328214218384,0.0012130581332642585,0.0011977802340220791,0.0012130581332642585,0.0007327507642750726,0.0011977802340220791,0.0005750915616889312,0.0006405458840127722,0.0012416025175087666,0.00029647005011437225,0.0012416025175087666,0.09166720687077225,0.10725364948403482,0.09166720687077225,0.10725364948403482,0.07525404693729505,0.051125280638837395,0.06535828655234023,0.1711344906961175,0.09830859446454149,0.09830859446454149,0.18588136029309685,0.2622702491819857,0.1303081970112812,0.1277062737555223,0.17217291529903336,0.1759438454413218,0.17217291529903336,0.04942408532929889,0.1759438454413218,0.030597216270075316,0.08943611158900536,0.07434398648580451,0.04591118570174478,0.07434398648580451
352,24,0.0030672842226791234,0.00028407833551167985,0.006777501980706289,0.11795718626906314,0.028047448247569037,0.24461519165454498,67,False,15,0,0,0,0,8281,8163,7893,8452,8115,8166,7830,8288,8312,8050,8363,8411,8315,8437,8221,8124,8415,8463,7724,8347,8131,8183,7869,8270,0.005238709332551305,0.006777501980706289,0.005238709332551305,0.005652553387589666,0.005652553387589666,0.003221588212968368,0.0030833674171437523,0.0041010169696430905,0.002785707298096237,0.002785707298096237,0.003918855339813615,0.0042038449899266025,0.0034262487220929026,0.0025444817987268376,0.0012041974839800808,0.0012209851269791127,0.0012041974839800808,0.0012209851269791127,0.0005486955664401376,0.0006213009545132479,0.0011992190370123605,0.00028407833551167985,0.006777501980706289,0.0007028147807009846,0.08402827296487456,0.09831584536036525,0.08402827296487456,0.15231620969252047,0.15231620969252047,0.04686484058560094,0.05991176267297854,0.1568732831381077,0.09011621159249636,0.09011621159249636,0.17039124693533877,0.2404143950834869,0.11944918059367444,0.11706408427589543,0.15782517235744725,0.24461519165454498,0.15782517235744725,0.24461519165454498,0.028047448247569037,0.08198310228992158,0.06814865427865413,0.042085253559932714,0.09831584536036525,0.045305411551857314
353,24,0.0030734843620357235,0.0002719130215971776,0.006590245354141691,0.13053364191243097,0.02571016089360495,0.23952530969072722,68,False,15,0,0,0,0,8281,8163,7893,8452,8115,8166,8482,8288,8312,8050,8363,8411,8315,8437,8221,8124,8415,8463,7724,8347,8131,8183,7869,8488,0.005073623713453055,0.006590245354141691,0.005073623713453055,0.005580143297328025,0.005580143297328025,0.0030877584623212133,0.003988568280348295,0.0040536530951179916,0.002702526661343434,0.002702526661343434,0.003988568280348295,0.004253670749623069,0.003351363475954287,0.002487206619405338,0.0011906072401616009,0.001236911271057404,0.0012213128977167072,0.001236911271057404,0.0005231373718495035,0.0006013775242640216,0.0011562741777859306,0.0002719130215971776,0.006590245354141691,0.0012213128977167072,0.07702591688446835,0.09012285824700147,0.07702591688446835,0.13962319221814376,0.13962319221814376,0.04295943720346753,0.23952530969072722,0.14380050954326537,0.08260652729312166,0.08260652729312166,0.23952530969072722,0.22037986215986297,0.10949508221086823,0.1073087439195708,0.1446730746609933,0.22423059234999956,0.22800640799432664,0.22423059234999956,0.02571016089360495,0.07515117709909477,0.06246959975543295,0.03857814909660499,0.09012285824700147,0.22800640799432664
354,24,0.002804822645852805,0.000260013132631239,0.006393473910071887,0.1340972462917952,0.03536330333855457,0.21956486721649995,69,False,16,0,0,0,0,8281,8499,8452,8115,8166,8482,8288,8312,8050,8363,8411,8315,8437,8221,8124,8415,8463,8514,7724,8516,8131,8183,8163,8347,0.00490411246594508,0.005630674760679634,0.005630674760679634,0.005489111062033005,0.002956252667343032,0.004034837583353799,0.0039921916880105825,0.0026163208018645367,0.0026163208018645367,0.004034837583353799,0.0042800022159665725,0.003268988064687981,0.002424586683051261,0.0011728418834018313,0.0012459111804729976,0.001231501031497172,0.0012459111804729976,0.0005112980682088265,0.0005112980682088265,0.0011418018670232685,0.0011418018670232685,0.000260013132631239,0.006393473910071887,0.0005809801726215522,0.07060709047742932,0.21132125953329844,0.21132125953329844,0.1279879261999651,0.03937948410317857,0.21956486721649995,0.13181713374799325,0.07572265001869485,0.07572265001869485,0.21956486721649995,0.20201487364654105,0.1003704920266292,0.0983663485929399,0.13261698510591052,0.20554470965416627,0.20900587399479942,0.20554470965416627,0.10690098081913788,0.10690098081913788,0.14059713310914687,0.14059713310914687,0.03536330333855457,0.08261262005975135,0.06888857900750354
355,24,0.0028219001431706997,0.0002484102426274575,0.006189543871041529,0.12838066098973522,0.03241636139367502,0.2749220511618995,70,False,15,0,0,0,0,8281,8499,8452,8115,8166,8482,8288,8312,8050,8527,8363,8411,8315,8437,8221,8535,8463,8514,7724,8516,8131,8183,8163,8347,0.004731749935734281,0.005651173653034892,0.005651173653034892,0.005381995614407627,0.0028275110068113713,0.004058887763883742,0.003918487833109201,0.0025931823227578524,0.002527985788332137,0.0025931823227578524,0.004058887763883742,0.004284401382065412,0.003180498522071668,0.00235763076095933,0.0011514468055818798,0.0012670383645235134,0.0012484254648053228,0.0004983682896724604,0.0004983682896724604,0.0011234814028914391,0.0011234814028914391,0.0002484102426274575,0.006189543871041529,0.0005602909795452981,0.06472316627097686,0.19371115457219024,0.19371115457219024,0.11732226568330134,0.036097860427913686,0.20126779494845828,0.12083237260232714,0.15274576251713695,0.06941242918380361,0.15274576251713695,0.20126779494845828,0.18518030084266263,0.09200628435774344,0.09016915287686157,0.12156556968041797,0.2749220511618995,0.1884159838496524,0.09799256575087638,0.09799256575087638,0.1288807053500513,0.1288807053500513,0.03241636139367502,0.07572823505477207,0.06314786409021159
356,24,0.0025480202025334707,0.00023712931156775905,0.0056438403884651045,0.12414621673847198,0.029714997944202102,0.2520118802317412,71,False,16,0,0,0,0,8281,8499,8452,8115,8166,8482,8288,8312,8050,8527,8363,8411,8315,8437,8221,8535,8463,8567,8514,7724,8516,8131,8183,8347,0.004557927493816463,0.0056438403884651045,0.0056438403884651045,0.005261229682919016,0.002701891300707001,0.004062209548057631,0.0038343292583177526,0.0025602712722575713,0.0024383198261097587,0.0025602712722575713,0.004062209548057631,0.004268629930957642,0.003087163399534809,0.002287266316379865,0.0011269482362978255,0.0012945074239784334,0.0012449576272583762,0.0005533833119963479,0.0004845549193007589,0.0004845549193007589,0.0011018330864018822,0.0011018330864018822,0.00023712931156775905,0.0005533833119963479,0.05932956908172879,0.17756855835784105,0.17756855835784105,0.1075454102096929,0.03308970539225421,0.18449547870275343,0.11076300821879988,0.1400169489740422,0.0636280600851533,0.1400169489740422,0.18449547870275343,0.16974860910577408,0.08433909399459814,0.08265505680378978,0.11143510554038313,0.2520118802317412,0.17271465186218138,0.1412188754160273,0.08982651860497001,0.08982651860497001,0.11814064657088036,0.11814064657088036,0.029714997944202102,0.1412188754160273
357,24,0.002501418492365108,0.00022618946890345218,0.005611089099340623,0.11380069867693264,0.02723874811551859,0.23101089021242943,72,False,16,0,0,0,0,8281,8499,8452,8115,8166,8482,8288,8312,8050,8527,8363,8411,8315,8437,8221,8535,8463,8567,8514,7724,8516,8131,8183,8347,0.004383862742885091,0.005611089099340623,0.005611089099340623,0.005129108675707797,0.002579678130025171,0.004046479770299996,0.0037414111835179,0.0025187818033985208,0.0023480269952213446,0.0025187818033985208,0.004046479770299996,0.004234573814635122,0.0029901390028086255,0.002214336632151856,0.0010998456981308382,0.0013141122735994236,0.001236051511416152,0.0005445989852105419,0.0004700480691966771,0.0004700480691966771,0.0010773561164335503,0.0010773561164335503,0.00022618946890345218,0.0005445989852105419,0.05438543832491805,0.1627711784946876,0.1627711784946876,0.09858329269221848,0.030332229942899695,0.16912085547752398,0.10153275753389988,0.12834886989287203,0.058325721744723856,0.12834886989287203,0.16912085547752398,0.1556028916802929,0.07731083616171497,0.07576713540347396,0.1021488467453512,0.23101089021242943,0.1583217642069996,0.12945063579802502,0.08234097538788918,0.08234097538788918,0.10829559268997366,0.10829559268997366,0.02723874811551859,0.12945063579802502
358,24,0.002446201982275739,0.00021560473959005453,0.005555454744159435,0.10946242425763446,0.024968852439225375,0.21175998269472698,73,False,16,0,0,0,0,8281,8499,8452,8115,8166,8482,8288,8312,8050,8527,8363,8411,8315,8437,8221,8535,8463,8567,8514,7724,8516,8131,8183,8610,0.00421061047605721,0.005555454744159435,0.005555454744159435,0.004987769376794758,0.00246109140645159,0.004013490268719979,0.003641318640024193,0.0024698795529466445,0.0022577222387113083,0.0024698795529466445,0.004013490268719979,0.004184178342528982,0.0028904682480195986,0.002139600496234954,0.0010706066766260664,0.0013261900988935362,0.0012222717677800622,0.0005341903977522615,0.0004667554547615272,0.0004550205151054573,0.0010505220564362618,0.0010505220564362618,0.00021560473959005453,0.0004667554547615272,0.04985331846450821,0.1492069136201303,0.1492069136201303,0.09036801830120027,0.02780454411432472,0.15502745085439698,0.09307169440607489,0.11765313073513269,0.05346524493266353,0.11765313073513269,0.15502745085439698,0.14263598404026848,0.07086826648157205,0.06945320745318447,0.09363644284990526,0.21175998269472698,0.1451282838564163,0.11866308281485625,0.15881256077223177,0.07547922743889841,0.09927095996580919,0.09927095996580919,0.024968852439225375,0.15881256077223177
359,24,0.0023905745353128573,0.00020538471051364575,0.005479514365447099,0.11046787038431305,0.022888114735956592,0.22891151404121246,74,False,16,0,0,0,0,8281,8499,8452,8115,8166,8482,8288,8312,8050,8527,8363,8411,8315,8437,8221,8535,8463,8567,8514,8634,8516,8131,8183,8610,0.004039074707862588,0.005479514365447099,0.005479514365447099,0.004839176918569758,0.0023462943330182155,0.003965086770772178,0.00353551514737083,0.0024146819973550333,0.0021679371852982893,0.0024146819973550333,0.003965086770772178,0.004119394051857095,0.002789082345956999,0.002063733871310814,0.0010396631784078663,0.001331181762782103,0.0012041874614474493,0.0005223999177230761,0.0004735204488731353,0.0004735204488731353,0.0010217703317422237,0.0010217703317422237,0.00020538471051364575,0.00046161542701049767,0.04569887525913252,0.13677300415178612,0.13677300415178612,0.08283735010943358,0.025487498771464327,0.14210849661653055,0.08531571987223531,0.10784870317387163,0.04900980785494157,0.10784870317387163,0.14210849661653055,0.13074965203691277,0.06496257760810771,0.06366544016541908,0.08583340594574648,0.19411331747016639,0.13303426020171494,0.10877449258028489,0.22891151404121246,0.22891151404121246,0.09099837996865842,0.09099837996865842,0.022888114735956592,0.14557818070787912
360,24,0.002296531891150018,0.0001955351371509,0.005385822442522692,0.11850509559446505,0.02098077184129354,0.2931688878711114,75,False,18,0,0,0,0,8281,8499,8452,8115,8166,8647,8288,8312,8050,8527,8363,8411,8315,8437,8221,8654,8535,8463,8567,8659,8634,8516,8131,8183,0.003870021234308749,0.005385822442522692,0.005385822442522692,0.0046851185555654784,0.002235400726708301,0.0024149597748946163,0.003425336660876232,0.0024149597748946163,0.0020791264679608946,0.002354244025477818,0.0039031179993080827,0.004042133033445187,0.0026868046220780025,0.0019873330492218115,0.0010333908704891182,0.0010333908704891182,0.0013296041122333577,0.0011823587559110223,0.0005094566647312457,0.0004899086402155127,0.0004899086402155127,0.000991505443189734,0.000991505443189734,0.0001955351371509,0.04189063565420481,0.12537525380580394,0.12537525380580394,0.0759342376003141,0.023363540540508966,0.182194644576049,0.07820607654954903,0.182194644576049,0.0449256572003631,0.09886131124271566,0.13026612189848633,0.11985384770050336,0.05954902947409873,0.058359986818300826,0.16201395545026762,0.16201395545026762,0.17793720768098584,0.12194807185157203,0.09970995153192781,0.2931688878711114,0.2931688878711114,0.08341518163793689,0.08341518163793689,0.02098077184129354
361,24,0.002238622818748436,0.00018605849177244916,0.005276859619257679,0.10862967096159297,0.01923237418785241,0.2687381472151854,76,False,18,0,0,0,0,8281,8499,8452,8115,8166,8647,8288,8312,8050,8527,8363,8411,8315,8437,8221,8654,8535,8463,8567,8659,8634,8516,8131,8183,0.0037040902984511737,0.005276859619257679,0.005276859619257679,0.0045272028783704425,0.0021284816968108558,0.0024040587273956664,0.003311989774840333,0.0024040587273956664,0.0019916742694104216,0.002289548034092586,0.003829394669537052,0.003954234976783203,0.002584355880777753,0.001910918866059979,0.0010229277467160046,0.0010229277467160046,0.0013220248998165904,0.0011573264782975272,0.0004955742830241652,0.0005030943884537401,0.0005030943884537401,0.0009600955941358726,0.0009600955941358726,0.00018605849177244916,0.03839974934968774,0.1149273159886536,0.1149273159886536,0.0696063844669546,0.021416578828799885,0.16701175752804492,0.07168890350375327,0.16701175752804492,0.04118185243366618,0.09062286863915602,0.11941061174027913,0.10986602705879475,0.05458661035125716,0.053496654583442424,0.14851279249607865,0.14851279249607865,0.16310910704090367,0.11178573253060768,0.09140078890426716,0.2687381472151854,0.2687381472151854,0.07646391650144214,0.07646391650144214,0.01923237418785241
362,24,0.002170005860259266,0.00017695445554616822,0.005154993651948146,0.10443293808391962,0.017629676338864708,0.24634330161391996,77,False,18,0,0,0,0,8281,8499,8452,8115,8166,8692,8647,8694,8050,8527,8363,8411,8315,8437,8221,8654,8535,8463,8567,8659,8634,8516,8131,8183,0.003541809040174279,0.005154993651948146,0.005154993651948146,0.004366863250707335,0.002077811008189833,0.002077811008189833,0.002383051110881968,0.00327899209630454,0.0019059008857124809,0.0022214978414538595,0.003745657665781831,0.0038574419456097763,0.0024823608198524757,0.0018349416253540711,0.0010087486811407983,0.0010087486811407983,0.0013090408236275562,0.0011296042894488416,0.00048094955348372494,0.0005131118293364379,0.0005131118293364379,0.0009278724505265268,0.0009278724505265268,0.00017695445554616822,0.03519977023721376,0.1053500396562658,0.1053500396562658,0.06380585242804171,0.10296519725973324,0.10296519725973324,0.1530941110673745,0.1490481615451072,0.03775003139752733,0.08307096291922635,0.1094597274285892,0.10071052480389518,0.05003772615531906,0.04903860003482222,0.13613672645473876,0.13613672645473876,0.1495166814541617,0.1024702548197237,0.08378405649557823,0.24634330161391996,0.24634330161391996,0.0700919234596553,0.0700919234596553,0.017629676338864708
363,24,0.002201499594718109,0.00016822035760701012,0.005022451174038004,0.10872360416147349,0.016160536643959316,0.2258146931460933,78,False,18,0,0,0,0,8281,8499,8452,8115,8166,8692,8719,8721,8694,8050,8527,8363,8411,8315,8437,8221,8654,8535,8567,8659,8634,8516,8131,8183,0.003383603494631716,0.005022451174038004,0.005022451174038004,0.004205364410241552,0.0020230356353556776,0.0020230356353556776,0.003317431307338632,0.0022063876716762955,0.003317431307338632,0.0018220691506779265,0.0022063876716762955,0.003653554453182756,0.003753380767478709,0.0023813550912933647,0.0017597864426240604,0.0009913238234352582,0.0009913238234352582,0.0012912588983698544,0.00046576169734539744,0.0005200563602429058,0.0005200563602429058,0.000895131782804361,0.000895131782804361,0.00016822035760701012,0.03226645605077928,0.09657086968491031,0.09657086968491031,0.05848869805903823,0.09438476415475547,0.09438476415475547,0.2199608147496816,0.15948171600929084,0.2199608147496816,0.03460419544773338,0.15948171600929084,0.10033808347620676,0.09231798107023724,0.0458679156423758,0.04495205003192037,0.12479199925017719,0.12479199925017719,0.1370569579996482,0.07680205178761337,0.2258146931460933,0.2258146931460933,0.06425092983801736,0.06425092983801736,0.016160536643959316
364,24,0.002146099834730147,0.00015985156460447136,0.004881298770332213,0.09966330381468406,0.014813825256962706,0.20699680205058552,79,False,18,0,0,0,0,8281,8499,8452,8115,8166,8692,8719,8721,8694,8050,8527,8363,8411,8315,8437,8221,8654,8535,8567,8659,8634,8516,8131,8183,0.0032298099743564685,0.004881298770332213,0.004881298770332213,0.004043811332422918,0.0019649761166531964,0.0019649761166531964,0.0033375754164949615,0.002182499396611728,0.0033375754164949615,0.001740390606540684,0.002182499396611728,0.003554622662650996,0.0036435518867696825,0.002281792685517142,0.001685778783276238,0.0009711092786301738,0.0009711092786301738,0.0012692811490585805,0.0004501722352272762,0.0005240728273090606,0.0005240728273090606,0.0008621347705182037,0.0008621347705182037,0.00015985156460447136,0.029577584713214342,0.08852329721116778,0.08852329721116778,0.05361463988745171,0.08651936714185918,0.08651936714185918,0.2016307468538748,0.1461915730085166,0.2016307468538748,0.0317205124937556,0.1461915730085166,0.09197657651985619,0.0846248159810508,0.04204558933884448,0.041206045862593674,0.11439266597932908,0.11439266597932908,0.12563554483301084,0.07040188080531226,0.20699680205058552,0.20699680205058552,0.058896685684849244,0.058896685684849244,0.014813825256962706
365,24,0.0021440957395613366,0.00015184182447748585,0.004733431855110175,0.10041994138672057,0.01357933981888248,0.26816151794938525,80,False,18,0,0,0,0,8281,8499,8452,8115,8166,8692,8768,8719,8721,8694,8050,8363,8411,8315,8437,8221,8654,8535,8567,8659,8634,8516,8131,8183,0.0030806857270714505,0.004733431855110175,0.004733431855110175,0.0038831596083582,0.0019043828049278946,0.0019043828049278946,0.0034268014567536,0.0033406464736717603,0.002150848366562512,0.0034268014567536,0.0016610313416162798,0.0034502797583314685,0.0035293235634257505,0.002184053386973084,0.001613190016893425,0.0009485400254336804,0.0009485400254336804,0.0012436924608326728,0.0004343252790401515,0.0005253440458914486,0.0005253440458914486,0.0008291097829921217,0.0008291097829921217,0.00015184182447748585,0.027112785987113145,0.0811463557769038,0.0811463557769038,0.04914675323016406,0.07930941988003758,0.07930941988003758,0.26816151794938525,0.18482818461605188,0.13400894192447355,0.26816151794938525,0.029077136452609297,0.08431186180986817,0.0775727479826299,0.03854179022727411,0.03777220870737753,0.10485994381438499,0.10485994381438499,0.1151659160969266,0.06453505740486958,0.18974706854637005,0.18974706854637005,0.05398862854444514,0.05398862854444514,0.01357933981888248
366,24,0.002408118936629535,0.00014418356828902124,0.004698702424751186,0.11485740325218573,0.01244772816730894,0.25275916923138086,81,False,18,0,0,0,0,8281,8499,8786,8787,8452,8115,8791,8768,8719,8721,8694,8050,8363,8411,8315,8437,8221,8535,8567,8659,8634,8516,8131,8183,0.002936418806451994,0.004580569923344308,0.004698702424751186,0.003820274211796393,0.004698702424751186,0.003820274211796393,0.0034138502369062047,0.0034944703021849415,0.0034138502369062047,0.0021124358434579243,0.0034944703021849415,0.0015841174439579458,0.0033418177301484473,0.0034119303768130986,0.002088450109684842,0.0015422428544825855,0.0009240248129435927,0.0012150513147171284,0.0004183481498481965,0.0005240801162692411,0.0005240801162692411,0.0007962544805769132,0.0007962544805769132,0.00014418356828902124,0.024853387154853714,0.07438415946216181,0.15771749279549516,0.12838452379431706,0.15771749279549516,0.12838452379431706,0.25275916923138086,0.24581472478693647,0.25275916923138086,0.12284153009743408,0.24581472478693647,0.026654041748225187,0.07728587332571249,0.07110835231741075,0.035329974375001266,0.034624524648429404,0.09612161516318624,0.1055687564221827,0.05915713595446377,0.17393481283417253,0.17393481283417253,0.04948957616574137,0.04948957616574137,0.01244772816730894
367,24,0.0022484760438510718,0.00013686817391926728,0.0046455340402967666,0.11642942856630774,0.01141041748669986,0.3150292384620991,82,False,18,0,0,0,0,8281,8499,8786,8787,8452,8115,8791,8814,8721,8694,8050,8363,8411,8315,8437,8221,8535,8567,8659,8634,8516,8131,8183,8827,0.0027971371282337924,0.00442425686530291,0.0046455340402967666,0.0037461408439159517,0.0046455340402967666,0.0037461408439159517,0.0035556722117873517,0.0035556722117873517,0.002068229974941788,0.0035412406557127026,0.0015097400424034253,0.003230401828506452,0.003292475097590006,0.0019952359721456753,0.0014731165715865754,0.0008979427576055141,0.0011838830797366456,0.0004023522305004111,0.0005339327135077624,0.0005205088357373003,0.0007637381097437943,0.0007637381097437943,0.00013686817391926728,0.0005339327135077624,0.022782271558615903,0.06818547950698166,0.14457436839587057,0.11768581347812396,0.14457436839587057,0.11768581347812396,0.3150292384620991,0.3150292384620991,0.1126047359226479,0.22533016438802508,0.024432871602539753,0.07084538388190312,0.06518265629095985,0.03238580984375116,0.03173914759439362,0.08811148056625405,0.09677136005366747,0.05422737462492512,0.24277357843132483,0.15944024509799148,0.04536544481859626,0.04536544481859626,0.01141041748669986,0.24277357843132483
368,24,0.002222930511055893,0.00012988619529957811,0.004576090315988856,0.10776418772565784,0.010459549362808204,0.28877680192359084,83,False,19,0,0,0,0,8281,8499,8786,8787,8452,8115,8791,8814,8721,8694,8050,8363,8411,8315,8437,8221,8847,8535,8567,8659,8634,8516,8131,8183,0.002662916710743997,0.004265865181340907,0.004576090315988856,0.003662454572490235,0.004576090315988856,0.003662454572490235,0.0036737977455674987,0.0036737977455674987,0.0020191514598578778,0.003568105875266937,0.001437959923720716,0.0031170724571005335,0.003171933106704445,0.0019046110128734827,0.0014059519499733512,0.0008930951287801097,0.0008930951287801097,0.0011506755065601036,0.0003864339769938675,0.0005406182282320162,0.0005148673730546161,0.0007317038909828044,0.0007317038909828044,0.00012988619529957811,0.020883748928731245,0.06250335621473319,0.13252650436288135,0.10787866235494696,0.13252650436288135,0.10787866235494696,0.28877680192359084,0.28877680192359084,0.1032210079290939,0.20655265068902298,0.022396798968994772,0.06494160189174453,0.05975076826671319,0.029686992356771896,0.02909421862819415,0.16410219051906622,0.16410219051906622,0.08870708004919518,0.04970842673951469,0.22254244689538108,0.14615355800649218,0.04158499108371323,0.04158499108371323,0.010459549362808204
369,24,0.002176004943764462,0.00012322756069508637,0.004492499046383883,0.1063919145426324,0.009587920249240853,0.26471206842995826,84,False,18,0,0,0,0,8281,8499,8786,8787,8452,8115,8791,8814,8694,8050,8363,8411,8869,8315,8437,8221,8872,8535,8567,8659,8634,8516,8131,8183,0.0025337891186335807,0.004106603090142408,0.004492499046383883,0.0035708156015606582,0.004492499046383883,0.0035708156015606582,0.00376803868226027,0.00376803868226027,0.0035763159264142717,0.0013688117276425757,0.003002749450284652,0.0030511586597026558,0.0018635817519297509,0.0018635817519297509,0.0013408558946184938,0.000884569737816535,0.0009073827147049655,0.001115876067773713,0.0003706760265157118,0.000544294405556157,0.0005073952638015004,0.0007002714208878261,0.0007002714208878261,0.00012322756069508637,0.01914343651800364,0.05729474319683875,0.1214826289993079,0.09888877382536804,0.1214826289993079,0.09888877382536804,0.26471206842995826,0.26471206842995826,0.18933992979827105,0.020530399054911875,0.05952980173409915,0.05477153757782042,0.11054640966037424,0.11054640966037424,0.02666970040917797,0.15042700797581068,0.23376034130914403,0.08131482337842892,0.045566057844555134,0.20399724298743266,0.1339740948392845,0.03811957516007046,0.03811957516007046,0.009587920249240853
370,24,0.0021293237464793343,0.00011989611336487274,0.004396812982701441,0.1009981438863019,0.017548150141503335,0.24265272939412838,85,False,18,0,0,0,0,8281,8499,8786,8787,8452,8115,8791,8814,8694,8050,8363,8411,8869,8315,8437,8221,8872,8535,8567,8659,8634,8516,8131,8903,0.0024097481426122347,0.003947523679077331,0.004396812982701441,0.003472714229843867,0.004396812982701441,0.003472714229843867,0.0038387352740562103,0.0038387352740562103,0.0035673048117740927,0.0013023077311764277,0.0028882380742944903,0.0029308924096051805,0.0018183108832105902,0.0018183108832105902,0.0012779057016623077,0.0008727763085275705,0.0009164278147199726,0.0010798908071687088,0.00035514835263750796,0.0005451564666695283,0.0004983287046968248,0.0006695390289463779,0.0006695390289463779,0.00011989611336487274,0.017548150141503335,0.05252018126376885,0.1113590765826989,0.09064804267325403,0.1113590765826989,0.09064804267325403,0.24265272939412838,0.24265272939412838,0.17356160231508178,0.01881953246700255,0.05456898492292422,0.05020724277966872,0.10133420885534306,0.10133420885534306,0.024447225375079804,0.13789142397782644,0.21428031286671534,0.07453858809689318,0.041768886357508875,0.18699747273847994,0.12280958693601078,0.034942943896731256,0.034942943896731256,0.0921222602284708
371,24,0.002101779514589623,0.00033990942907480233,0.004290980464266,0.09734214411921725,0.016085804296378056,0.22243166861128433,86,False,20,0,0,0,0,8281,8499,8786,8787,8452,8115,8791,8814,8694,8050,8363,8411,8869,8315,8437,8221,8872,8535,8567,8659,8634,8516,8131,8925,0.002290755757465961,0.0037895353923422864,0.004290980464266,0.0033695216030426188,0.004290980464266,0.0033695216030426188,0.0038866695463048175,0.0038866695463048175,0.003542625502417766,0.0012384412403487577,0.002774236200467054,0.002811769708332014,0.001769567895106021,0.001769567895106021,0.001217152967700675,0.0008581218457906591,0.0009205267633954565,0.0010430843887528265,0.00033990942907480233,0.0005434261939598298,0.00048789606856766417,0.0006560809142633412,0.0006395860455695987,0.0006560809142633412,0.016085804296378056,0.048143499491788116,0.10207915353414065,0.08309403911714953,0.10207915353414065,0.08309403911714953,0.22243166861128433,0.22243166861128433,0.15909813545549162,0.017251238094752337,0.05002156951268053,0.04602330588136299,0.09288969145073113,0.09288969145073113,0.022409956593823152,0.12640047197967424,0.19642362012782238,0.06832703908881874,0.03828814582771647,0.17141435001027328,0.11257545469134321,0.11536436523867033,0.03203103190533698,0.11536436523867033
372,24,0.0020477588143770673,0.0003250073727718209,0.004176824682326993,0.08923029877594917,0.014745320605013218,0.20389569622701062,87,False,20,0,0,0,0,8281,8499,8786,8787,8452,8115,8791,8814,8694,8050,8363,8411,8869,8315,8437,8221,8872,8535,8567,8659,8634,8516,8131,8925,0.0021767474065373933,0.0036334132867083696,0.004176824682326993,0.003262485231916653,0.004176824682326993,0.003262485231916653,0.003912977293349159,0.003912977293349159,0.0035038934807293354,0.0011771896120618803,0.00266134219939616,0.002694329302555343,0.001718063094895965,0.001718063094895965,0.0011586271418599936,0.0008410022885235099,0.0009200309589859856,0.0010057810706150657,0.0003250073727718209,0.0005393421918773335,0.0004763145257181297,0.000641007575336375,0.000610474951059009,0.000641007575336375,0.014745320605013218,0.04413154120080577,0.0935725574062956,0.07616953585738707,0.0935725574062956,0.07616953585738707,0.20389569622701062,0.20389569622701062,0.1458399575008673,0.01581363492018964,0.04585310538662382,0.04218803039124941,0.08514888382983686,0.08514888382983686,0.020542460211004556,0.11586709931470139,0.18005498511717052,0.0626331191647505,0.03509746700874009,0.15712982084275048,0.10319416680039793,0.1057506681354478,0.029361779246558896,0.1057506681354478
373,24,0.0019907882843195166,0.00031048104490229264,0.004056030301834574,0.08179444054462005,0.013516543887928782,0.18690438820809305,88,False,20,0,0,0,0,8281,8499,8786,8787,8452,8115,8791,8814,8694,8050,8363,8411,8869,8315,8437,8221,8872,8535,8567,8659,8634,8516,8131,8925,0.0020676366639789468,0.003479810603679912,0.004056030301834574,0.003152728326142932,0.004056030301834574,0.003152728326142932,0.003919063252143018,0.003919063252143018,0.003452739277658263,0.0011185169314905784,0.0025500631954241864,0.0025790221238293502,0.0016644447173983629,0.0016644447173983629,0.001102338730244949,0.0008217961255515541,0.0009153292463095149,0.0009682663656080046,0.00031048104490229264,0.0005331514750564299,0.00046378763789026633,0.0006245964105904047,0.0005822533858255704,0.0006245964105904047,0.013516543887928782,0.04045391276740529,0.0857748442891043,0.06982207453593815,0.0857748442891043,0.06982207453593815,0.18690438820809305,0.18690438820809305,0.13368662770912837,0.014495832010173836,0.04203201327107183,0.03867236119197862,0.07805314351068379,0.07805314351068379,0.018830588526754177,0.10621150770514294,0.16505040302407298,0.05741369256768796,0.03217267809134508,0.1440356691058546,0.09459465290036477,0.09693811245749381,0.026914964309345653,0.09693811245749381
374,24,0.0020845967396120363,0.0002963610948180322,0.003930136193393032,0.0859951756741872,0.017261372816191327,0.1713290225240853,89,False,20,0,0,0,0,8976,8281,8979,8499,8786,8787,8452,8115,8791,8814,8694,8363,8411,8869,8315,8437,8221,8872,8535,8567,8634,8516,8131,8925,0.0020139531624384366,0.0020139531624384366,0.003119685721710186,0.003329270309909487,0.003930136193393032,0.003119685721710186,0.003930136193393032,0.0030412520937435324,0.003906522679662747,0.003906522679662747,0.003390769843591924,0.0024408234000023203,0.002466219944765694,0.0016092980924525995,0.0016092980924525995,0.001048282168092912,0.0008008597538010306,0.0009068324220223311,0.000930789187447419,0.0002963610948180322,0.0004505037839779675,0.0006071050193089462,0.0005549560105843249,0.0006071050193089462,0.09572349856393472,0.09572349856393472,0.14733690165794333,0.03708275337012151,0.0786269405983456,0.14733690165794333,0.0786269405983456,0.06400356832460997,0.1713290225240853,0.1713290225240853,0.12254607540003433,0.03852934549848251,0.0354496644259804,0.07154871488479347,0.07154871488479347,0.017261372816191327,0.09736054872971436,0.1512962027720669,0.05262921818704729,0.029491621583732988,0.0867117651586677,0.08885993641936933,0.02467205061690018,0.08885993641936933
375,24,0.0021004641804773347,0.0004366352786879634,0.0038770713914278144,0.08830304522488763,0.015822925081508715,0.17107987368360683,90,False,20,0,0,0,0,8976,8281,9001,8979,8499,8786,8787,8452,8115,8791,8814,8694,8363,8411,8869,8315,8437,8221,8872,8535,8634,8516,8131,8925,0.001956887939424337,0.0020073559098135693,0.0020073559098135693,0.0030754298673275745,0.0031822363451070343,0.0038005331068636707,0.0030754298673275745,0.0038005331068636707,0.0029289402652644056,0.0038770713914278144,0.0038770713914278144,0.003319538212159413,0.002333972310166182,0.002356223733409628,0.0015531464266014075,0.0015531464266014075,0.0009964383788038061,0.0007785243398180571,0.0008949600339272898,0.0008935643155205459,0.0004366352786879634,0.0005887697816646947,0.000528606211769911,0.0005887697816646947,0.08774654035027349,0.17107987368360683,0.17107987368360683,0.13505882651978138,0.03399252392261139,0.07207469554848346,0.13505882651978138,0.07207469554848346,0.058669937630892476,0.1570516039804115,0.1570516039804115,0.11233390245003147,0.0353185667069423,0.032495525723815366,0.06558632197772735,0.06558632197772735,0.015822925081508715,0.08924716966890484,0.13868818587439466,0.048243450004793346,0.07948578472877872,0.08145494171775522,0.022616046398825165,0.08145494171775522
376,24,0.0020415880240444075,0.00042233805352033077,0.0038324853453903774,0.08094445812281366,0.014504347991382987,0.15682321754330625,91,False,20,0,0,0,0,8976,8281,9001,8979,8499,8786,8787,8452,8115,8791,8814,8694,8363,8411,8869,8315,8437,8221,8872,8535,8634,8516,8131,8925,0.001897196036311729,0.0019920834246586667,0.0019920834246586667,0.003021393373866899,0.0030390643893967472,0.0036684652293197794,0.003021393373866899,0.0036684652293197794,0.0028165652123777534,0.0038324853453903774,0.0038324853453903774,0.003240520674660501,0.0022297926151837425,0.002249271587740406,0.0014964528087700948,0.0014964528087700948,0.0009467770413498051,0.0007550939445560667,0.0008801294865336646,0.0008567750433761913,0.00042233805352033077,0.0005698052378436225,0.0005032176523599678,0.0005698052378436225,0.08043432865441737,0.15682321754330625,0.15682321754330625,0.12380392430979958,0.031159813595727105,0.06606847091944316,0.12380392430979958,0.06606847091944316,0.05378077616165143,0.14396397031537722,0.14396397031537722,0.10297274391252885,0.032375352814697105,0.029787565246830752,0.060120795146250065,0.060120795146250065,0.014504347991382987,0.08180990552982943,0.12713083705152844,0.0442231625043939,0.07286196933471382,0.07466702990794229,0.020731375865589735,0.07466702990794229
377,24,0.0019955734146191247,0.0004182676645228857,0.003774550089895321,0.08879489634273312,0.013295652325434405,0.15706480126654926,92,False,18,0,0,0,0,9048,8976,8281,9001,8979,8499,8786,8787,8452,8115,8791,8814,8694,8363,8411,8315,8437,8221,8872,8535,9068,8634,8131,8925,0.0018829006615042002,0.0018829006615042002,0.0019690486437654356,0.0019690486437654356,0.0029589637235255656,0.002900032021481453,0.0035350346974596003,0.0029589637235255656,0.0035350346974596003,0.0027047951363351375,0.003774550089895321,0.003774550089895321,0.0031551005521112444,0.002128507701217188,0.0021455461724969637,0.001439623105788659,0.0008992585887483944,0.000730844682378573,0.0008627473501972732,0.0008205759039862117,0.0004182676645228857,0.0004182676645228857,0.0004787956719320408,0.000550404102839843,0.15706480126654926,0.15706480126654926,0.14375461608136406,0.14375461608136406,0.11348693061731628,0.028563162462749845,0.060562765009489566,0.11348693061731628,0.060562765009489566,0.04929904481484714,0.13196697278909578,0.13196697278909578,0.0943916819198181,0.029677406746805676,0.027305268142928187,0.05511072888406256,0.013295652325434405,0.07499241340234364,0.11653660063056774,0.04053789896236107,0.15012347189015435,0.15012347189015435,0.019003761210123923,0.06844477741561376
378,24,0.0019402141603339302,0.0004126560718576071,0.003705019826823753,0.08833976609194978,0.01218768129831487,0.16985904175983327,93,False,18,0,0,0,0,9048,8976,8281,9001,8979,8499,8786,8787,8452,8115,8791,8814,9084,8363,8411,8315,8437,8221,8872,8535,9068,8634,9094,8925,0.0018612543174765348,0.0018612543174765348,0.0019391690405817703,0.0019391690405817703,0.0028894622342684694,0.002765348186625054,0.003401208266583181,0.0028894622342684694,0.003401208266583181,0.0025942018990688085,0.003705019826823753,0.003705019826823753,0.0031435922809237428,0.0020302886816733904,0.0020451816125225714,0.001383009467958448,0.0008538359605880147,0.0007060247039467068,0.0008432026947774769,0.0007850953892303104,0.0004126560718576071,0.0004126560718576071,0.0004670816839116516,0.0005307377716055137,0.14397606782767014,0.14397606782767014,0.1317750647412504,0.1317750647412504,0.10402968639920658,0.026182898924187358,0.055515867925365434,0.10402968639920658,0.055515867925365434,0.04519079108027654,0.12096972505667113,0.12096972505667113,0.16985904175983327,0.0272042895179052,0.025029829131017502,0.05051816814372401,0.01218768129831487,0.068743045618815,0.10682521724468709,0.037159740715497644,0.13761318256597482,0.13761318256597482,0.10075344777594694,0.06274104596431261
379,24,0.0018265737210133484,0.00041615855552008417,0.0036255854490911026,0.10187317044683453,0.022944010036766042,0.21531139550869763,94,False,18,0,0,0,0,9096,9048,8976,8281,9001,8979,8499,8786,8452,8115,8791,8814,9084,8363,8411,9112,8437,8221,8872,8535,9117,8634,9094,8925,0.0018804002670678305,0.0018804002670678305,0.0018331241539807908,0.0019033456682789039,0.0019033456682789039,0.0028141289883424686,0.00263516193095667,0.003267825466796043,0.003267825466796043,0.002485269156722755,0.0036255854490911026,0.0036255854490911026,0.003118608436370602,0.0019352609109441065,0.0019482698217276955,0.0008313577256809237,0.0008313577256809237,0.0006808548157037576,0.0008218622238931737,0.0007504386017283956,0.00041615855552008417,0.00041615855552008417,0.0004544868104273456,0.000510957188652822,0.21531139550869763,0.21531139550869763,0.13197806217536429,0.12079380934614618,0.12079380934614618,0.09536054586593937,0.024000990680505076,0.050889545598251644,0.050889545598251644,0.04142489182358683,0.11088891463528186,0.11088891463528186,0.15570412161318048,0.0249372653914131,0.022944010036766042,0.09450537452345531,0.09450537452345531,0.06301445848391375,0.09792311580762983,0.03406309565587284,0.20947875068547692,0.20947875068547692,0.09235732712795136,0.057512625467286554
380,24,0.0017920807859111568,0.0004174581173519263,0.0035378506668632525,0.10398706545586989,0.02103200920036887,0.19736877921630616,95,False,18,0,0,0,0,9096,9048,8976,8281,9001,8979,8499,8786,8452,8115,8791,8814,9084,8363,8411,9135,9112,8437,8221,8872,9137,8634,9094,8925,0.0018893563842131977,0.0018893563842131977,0.0017993621145277695,0.0018624468079226062,0.0018624468079226062,0.0027341128738297355,0.0025095703874799973,0.003135607697007206,0.003135607697007206,0.0023784005311898422,0.0035378506668632525,0.0035378506668632525,0.003081581391095191,0.0018435099625907277,0.0018548662657200917,0.0008283517153196084,0.0008283517153196084,0.0008075256975535299,0.0006724356243877416,0.0007990669655833284,0.0006724356243877416,0.0004174581173519263,0.00044119278798310056,0.0004911939755352929,0.19736877921630616,0.19736877921630616,0.12097989032741725,0.11072765856730066,0.11072765856730066,0.08741383371044442,0.02200090812379632,0.04664875013173067,0.04664875013173067,0.03797281750495459,0.10164817174900836,0.10164817174900836,0.14272877814541543,0.022859159942128674,0.02103200920036887,0.16996325997983402,0.16996325997983402,0.0866299266465007,0.14109658694358762,0.089762856156994,0.14109658694358762,0.19202218812835384,0.08466088320062208,0.05271990667834601
381,24,0.001788146395149428,0.00041671921867344195,0.0034433152091785835,0.10347567244726313,0.0192793417670048,0.26425471428161396,96,False,18,0,0,0,0,9144,9048,8976,8281,9148,9001,8979,8499,8786,8452,8115,8791,8814,9084,8363,8411,9112,8437,8221,8872,9137,8634,9094,8925,0.00193755171615295,0.0018888387290038524,0.0017607894099189298,0.0018172957650749535,0.0018641636653836753,0.0018641636653836753,0.002650465896221794,0.002388626020870792,0.0030051678155096338,0.0030051678155096338,0.0022739276198683453,0.0034433152091785835,0.0034433152091785835,0.0030339476363869136,0.001755087070778576,0.00176499517017698,0.000821792340265941,0.0007826485333519739,0.0006617388120572174,0.0007751302730941244,0.0006617388120572174,0.00041671921867344195,0.0004273653515332405,0.00047156172795523446,0.26425471428161396,0.18092138094828064,0.11089823280013247,0.10150035368669226,0.18483368702002562,0.18483368702002562,0.08012934756790738,0.02016749911347996,0.04276135428741978,0.04276135428741978,0.03480841604620837,0.09317749076992433,0.09317749076992433,0.13083471329996413,0.020954229946951283,0.0192793417670048,0.15579965498151452,0.07941076609262564,0.12933853803162199,0.08228261814391116,0.12933853803162199,0.1760203391176577,0.07760580960057024,0.048326581121817175
382,24,0.0018155129593903222,0.00041315405107916444,0.0034295891177835774,0.10455567151086864,0.017672729953087732,0.24223348809147946,97,False,18,0,0,0,0,9144,9048,8976,8281,9148,9001,8979,8499,8786,8452,8115,8791,8814,9084,9180,8411,9112,8437,8221,8872,9137,8634,9094,8925,0.0019736515517693788,0.001879642114746747,0.0017181849204829455,0.0017686622934200927,0.0018571211256536862,0.0018571211256536862,0.002564140963696368,0.0022723431539531354,0.002877019881046498,0.002877019881046498,0.002172117697907805,0.0033433640486778154,0.0034295891177835774,0.0029771155643253298,0.0034295891177835774,0.001678654197052114,0.00081205697946936,0.0007570055122993438,0.000649071023010768,0.0007503369001181926,0.000649071023010768,0.00041412137039593673,0.00041315405107916444,0.00045215741098494574,0.24223348809147946,0.1658445992025906,0.10165671340012143,0.0930419908794679,0.1694308797683568,0.1694308797683568,0.07345190193724843,0.01848687418735663,0.03919790809680146,0.03919790809680146,0.03190771470902434,0.08541269987243064,0.16874603320576398,0.1199318205249671,0.16874603320576398,0.017672729953087732,0.14281635039972163,0.0727932022515735,0.11856032652898682,0.07542573329858523,0.11856032652898682,0.16135197752451955,0.07113865880052272,0.044299366028332406
383,24,0.0017693324692150732,0.0003986924765542915,0.0034012718038787856,0.09584269888496293,0.016200002456997088,0.22204736408385617,98,False,18,0,0,0,0,9144,9048,8976,8281,9148,9001,8979,8499,8786,8452,8115,8791,8814,9084,9180,8411,9112,8437,8221,8872,9137,8634,9094,8925,0.001998061891965387,0.0018626080489098542,0.0016722770349431872,0.0017172571046196545,0.0018421406379380524,0.0018421406379380524,0.002475992420615212,0.002160703809792932,0.002751588779996113,0.002751588779996113,0.0020731810115958834,0.0032392616217081093,0.0034012718038787856,0.002912440412119347,0.0034012718038787856,0.0015958186175164372,0.0007995241640362647,0.0007308467667494947,0.0006347266659674907,0.0007249429335848939,0.0006347266659674907,0.00040985237513622297,0.0003986924765542915,0.00043306279575370307,0.22204736408385617,0.15202421593570803,0.09318532061677798,0.08528849163951224,0.15531163978766038,0.15531163978766038,0.0673309101091444,0.016946301338410245,0.03593141575540133,0.03593141575540133,0.029248738483272314,0.07829497488306142,0.15468386377195031,0.10993750214788651,0.15468386377195031,0.016200002456997088,0.13091498786641148,0.06672710206394238,0.10868029931823792,0.06914025552370313,0.10868029931823792,0.14790597939747624,0.0652104372338125,0.040607752192638034
384,24,0.0017212058800699585,0.0003840987915423284,0.0033599284211668586,0.09907020095833534,0.01485000225224733,0.22268886460773235,99,False,18,0,0,0,0,9217,9048,9218,8281,9148,9001,8979,9223,8786,8452,8115,8791,8814,9084,9180,8411,9112,8437,8221,8872,9137,8634,9094,8925,0.001886014639944793,0.001886014639944793,0.0016656144878928153,0.001663728936675209,0.0018200689225107113,0.0018200689225107113,0.0023867786874737416,0.0021066266991193734,0.002629219544136312,0.002629219544136312,0.0019772775973175955,0.0031321500831340524,0.0033599284211668586,0.0028412056415691505,0.0033599284211668586,0.0015164450148036355,0.0007845650741375557,0.0007043941191313038,0.0006189840160714475,0.0006991763905019131,0.0006189840160714475,0.0004041026168820817,0.0003840987915423284,0.0004143458938380053,0.22268886460773235,0.22268886460773235,0.1687532105653798,0.07818111733621955,0.14236900313868867,0.14236900313868867,0.06172000093338236,0.09886744289354274,0.03293713110911789,0.03293713110911789,0.026811343609666288,0.0717703936428063,0.14179354179095444,0.10077604363556264,0.14179354179095444,0.01485000225224733,0.12000540554421052,0.06116651022528051,0.09962360770838476,0.06337856756339454,0.09962360770838476,0.13558048111435322,0.05977623413099478,0.03722377284325153
385,24,0.001640579896049792,0.000369476490789567,0.0033071256740162466,0.11779500069834233,0.013612502064560052,0.23802377635159816,100,False,18,0,0,0,0,9217,9048,9218,9242,9148,9001,9245,8979,9223,9246,8452,8115,8791,8814,9180,8411,9112,8437,8221,8872,9137,8634,9094,8925,0.0018989173205854247,0.0018989173205854247,0.0016944666809358157,0.0016944666809358157,0.0017917545181354304,0.0018379637118987858,0.0018379637118987858,0.0023564101775812446,0.0020487388940539845,0.0023564101775812446,0.0025101862203362937,0.0018845235888230948,0.0030230507279319545,0.0033071256740162466,0.0033071256740162466,0.0014404745524410646,0.0007675369243191455,0.0006778423635015268,0.0006021025196210357,0.0006732383107195606,0.0006021025196210357,0.00039706038833567365,0.000369476490789567,0.00039606235653059853,0.20413145922375464,0.20413145922375464,0.23802377635159816,0.23802377635159816,0.13050491954379795,0.2138382528771313,0.2138382528771313,0.1399100008556005,0.09062848931908084,0.1399100008556005,0.030192370183358064,0.02457706497552743,0.06578952750590576,0.1299774133083749,0.1299774133083749,0.013612502064560052,0.11000495508219298,0.056069301039840466,0.09132164039935269,0.05809702026644499,0.09132164039935269,0.12428210768815712,0.054794881286745215,0.034121791772980574
386,24,0.0016721923076847463,0.0003549153104078518,0.003244397266931631,0.12464385416490902,0.01247812689251338,0.27935173180403705,101,False,18,0,0,0,0,9217,9048,9218,9242,9269,8979,9223,9246,8452,8115,9275,8791,8814,9180,9276,8411,9112,9280,8221,8872,9137,8634,9094,8925,0.0019019963528252245,0.0019019963528252245,0.0017134025518027287,0.0017134025518027287,0.0018935629223835572,0.00231815485725049,0.0019878491860359595,0.00231815485725049,0.002394700199693015,0.0018412898145000053,0.0018412898145000053,0.0029879904257966196,0.003244397266931631,0.003244397266931631,0.0029879904257966196,0.0013678358441637272,0.0007680889668112257,0.0007680889668112257,0.0005843211164499964,0.0006473042029299474,0.0005843211164499964,0.0003889081988117169,0.0003549153104078518,0.00037825681527229075,0.18712050428844174,0.18712050428844174,0.21818846165563163,0.21818846165563163,0.27935173180403705,0.1282508341176338,0.08307611520915743,0.1282508341176338,0.027676339334744893,0.10586230956090015,0.10586230956090015,0.14364040021374697,0.11914596219934365,0.11914596219934365,0.14364040021374697,0.01247812689251338,0.18417120882534355,0.18417120882534355,0.08371150369940662,0.053255601910907904,0.08371150369940662,0.11392526538081069,0.05022864117951645,0.03127830912523219
387,24,0.0015668849843890383,0.000340492232591961,0.0031732171171315413,0.12488288397572628,0.02536997772351615,0.2560724208203673,102,False,18,0,0,0,0,9217,9048,9218,9242,9269,9294,9223,9246,8452,8115,9275,8791,8814,9180,8411,9303,9112,9305,8221,8872,9137,8634,9094,8925,0.0018960249408290014,0.0018960249408290014,0.0017229511513428446,0.0017229511513428446,0.0019370166764048962,0.001974331095376231,0.001974331095376231,0.002273085369339002,0.0022829179504106844,0.0017942049613831066,0.0017942049613831066,0.0029425546116486636,0.0031732171171315413,0.0031732171171315413,0.001331934309038307,0.001331934309038307,0.0007650452668629931,0.0007847757180025828,0.0005658574012423152,0.0006215257254431513,0.0005658574012423152,0.00037981997496852973,0.000340492232591961,0.00036096414697776174,0.17152712893107158,0.17152712893107158,0.20000608985099566,0.20000608985099566,0.2560724208203673,0.15948643894172765,0.15948643894172765,0.11756326460783098,0.02536997772351615,0.09704045043082513,0.09704045043082513,0.1316703668626014,0.109217132016065,0.109217132016065,0.09477161631813727,0.09477161631813727,0.16882360808989824,0.2521569414232316,0.0767355450577894,0.04881763508499891,0.0767355450577894,0.10443149326574312,0.04604292108122341,0.02867178336479617
388,24,0.0015491921107007687,0.00032627253829226385,0.0030949795256574645,0.1390513593200993,0.023255812913223137,0.31806638575200336,103,False,20,0,0,0,0,9217,9048,9312,9269,9316,9294,9223,9321,8452,8115,9322,8791,8814,9180,8411,9303,9112,9305,8221,8872,9137,8634,9094,8925,0.0019303675859855915,0.0018818352187588436,0.0019303675859855915,0.0020193595151609327,0.0020193595151609327,0.001952957850451571,0.001952957850451571,0.0017889873332123164,0.002174948127449051,0.0017889873332123164,0.0017889873332123164,0.002888110431794173,0.0030949795256574645,0.0030949795256574645,0.0012938490371119725,0.0012938490371119725,0.0007587449532649986,0.000796693233600171,0.0005469074581500066,0.0005960325055078575,0.0005469074581500066,0.0003699590495140816,0.00032627253829226385,0.00034421065396497854,0.24056653485348228,0.15723320152014894,0.24056653485348228,0.31806638575200336,0.31806638575200336,0.14619590236325034,0.14619590236325034,0.1722870795615897,0.023255812913223137,0.1722870795615897,0.1722870795615897,0.12069783629071794,0.10011570434805958,0.10011570434805958,0.08687398162495916,0.08687398162495916,0.1547549740824067,0.2311438629712956,0.07034091630297361,0.044749498827915665,0.07034091630297361,0.09572886882693118,0.04220601099112146,0.02628246808439649
389,24,0.0015304199203203417,0.000312310871457108,0.0030109854055773047,0.13122532011749843,0.021317828503787873,0.2915608536060031,104,False,21,0,0,0,0,9217,9048,9337,9269,9316,9294,9223,9321,8452,8115,9322,8791,8814,9180,8411,9303,9112,9305,8221,8872,9137,8634,9094,8925,0.001953330359978283,0.0019082655554401174,0.0019082655554401174,0.002088221762509275,0.002088221762509275,0.0019246380103308364,0.0019246380103308364,0.001775976661359733,0.0020708580539068795,0.001775976661359733,0.001775976661359733,0.002825975098879915,0.0030109854055773047,0.0030109854055773047,0.0012540756015527537,0.0012540756015527537,0.0007495371309849515,0.0008040454774747846,0.0005276462201064013,0.0005709340207385386,0.0005276462201064013,0.0003594768262492497,0.000312310871457108,0.00032801515290591387,0.2205193236156921,0.22746376806013655,0.22746376806013655,0.2915608536060031,0.2915608536060031,0.13401291049964614,0.13401291049964614,0.15792982293145721,0.021317828503787873,0.15792982293145721,0.15792982293145721,0.11063968326649144,0.09177272898572128,0.09177272898572128,0.07963448315621256,0.07963448315621256,0.14185872624220613,0.2118818743903543,0.0644791732777258,0.04102037392558936,0.0644791732777258,0.08775146309135358,0.038688843408528004,0.024092262410696782
390,24,0.0015518887863044371,0.00029865228717370945,0.0029978029532442656,0.13002019145901555,0.01954134279513888,0.35059744913883617,105,False,17,0,0,0,0,9217,9048,9364,9294,9223,9321,8452,8115,9322,9372,8791,8814,9180,8411,9375,9112,9305,8221,9379,8634,9094,8925,9337,9137,0.001965498821402401,0.0019238917820056265,0.0021987396619455434,0.0018902675340522613,0.0018902675340522613,0.0017559849443689057,0.0019706795854230424,0.0017559849443689057,0.0017559849443689057,0.0029978029532442656,0.0027573974251565592,0.0029978029532442656,0.0029224336428307794,0.0012130625585007554,0.0012443473367700273,0.0007377712964639247,0.0008070993892177311,0.0005082282230727077,0.0005604110671326497,0.0003485120105865771,0.00029865228717370945,0.00031238997084636125,0.0019238917820056265,0.0005082282230727077,0.2021427133143844,0.20850845405512516,0.35059744913883617,0.12284516795800896,0.12284516795800896,0.14476900435383577,0.01954134279513888,0.14476900435383577,0.14476900435383577,0.16745833490357787,0.10141970966095049,0.16745833490357787,0.08412500157024451,0.07299827622652819,0.15633160955986153,0.13003716572202229,0.19422505152449143,0.05910590883791531,0.12093534276512359,0.08043884116707412,0.035464773124484004,0.022084573876472047,0.20850845405512516,0.05910590883791531
391,24,0.0015979566298523597,0.00028533326335391504,0.002971978685529556,0.13506505345285164,0.01791289756221064,0.32138099504393314,106,False,17,0,0,0,0,9384,9217,9048,9406,9364,9294,9223,9321,8452,8115,9322,9372,8791,8814,9180,8411,9375,9112,9305,8221,9379,8634,9094,8925,0.0020183334583758522,0.0020183334583758522,0.001929375204410999,0.001979133623748275,0.0022945310983695302,0.001850712754302655,0.001850712754302655,0.0017298299200299541,0.0018744143806045993,0.0017298299200299541,0.0017298299200299541,0.002971978685529556,0.0026835448529027007,0.002971978685529556,0.0028304166945998916,0.0011712117807701492,0.001229789400031096,0.0007237896210557177,0.0008061680844296197,0.0004887886445944819,0.000548390761372768,0.0003371903006334824,0.00028533326335391504,0.0002973418490734184,0.2686308205381857,0.2686308205381857,0.1911327495505314,0.27446608288386476,0.32138099504393314,0.11260807062817488,0.11260807062817488,0.13270492065768277,0.01791289756221064,0.13270492065768277,0.13270492065768277,0.15350347366161304,0.09296806718920461,0.15350347366161304,0.07711458477272413,0.06691508654098417,0.14330397542987305,0.1192007352451871,0.17803963056411715,0.0541804164347557,0.11085739753469662,0.07373560440315127,0.03250937536411034,0.020244192720099377
392,24,0.0016029226728183008,0.0002723826616426955,0.003010573368178226,0.15797599819101402,0.018557176660091095,0.2945992454569387,107,False,16,0,0,0,0,9384,9217,9406,9364,9413,9294,9414,9321,9416,9419,9372,8791,8814,9180,8411,9375,9425,9112,9305,9428,9379,8634,9094,8925,0.0020584599326790996,0.0020584599326790996,0.002021782496593551,0.0023749808843460726,0.0018533947014592474,0.0018533947014592474,0.0018533947014592474,0.0016983160499414792,0.0018279972298278194,0.003010573368178226,0.003010573368178226,0.0026054951612497546,0.002934882990175482,0.00273591959392826,0.0011288797704331333,0.0012109749290696008,0.0007261781873915124,0.0007261781873915124,0.0008015956377556572,0.0005489162305374187,0.0005489162305374187,0.00032562444312387234,0.0002723826616426955,0.0002828727576015893,0.2462449188266702,0.2462449188266702,0.25159390931020936,0.2945992454569387,0.186557398075827,0.186557398075827,0.186557398075827,0.12164617726954254,0.09975348943202643,0.22404485085647863,0.22404485085647863,0.08522072825677089,0.14071151752314529,0.07068836937499712,0.06133882932923549,0.13136197747738362,0.19260067397475483,0.19260067397475483,0.16320299468377406,0.18495261440680524,0.18495261440680524,0.06759097070288866,0.029800260750434477,0.018557176660091095
393,24,0.0015924364774429428,0.0002598226281088974,0.0030323208880357463,0.1448113316750962,0.017010745271750168,0.27004930833552715,108,False,16,0,0,0,0,9384,9217,9406,9364,9413,9294,9414,9321,9416,9419,9372,8791,8814,9180,8411,9375,9425,9112,9305,9428,9379,8634,9094,8925,0.002086261941493449,0.002086261941493449,0.002052161404021438,0.002439880102158445,0.001847284496601123,0.001847284496601123,0.001847284496601123,0.0016622196352767179,0.0017782071107409242,0.0030323208880357463,0.0030323208880357463,0.0025242320488558724,0.0028878846630594353,0.002639821613504992,0.0010863796907727553,0.0011884663839373322,0.0007250103194239076,0.0007250103194239076,0.0007937437552215261,0.0005468607206970287,0.0005468607206970287,0.0003139145694247964,0.0002598226281088974,0.0002689806244438603,0.22572450892444768,0.22572450892444768,0.23062775020102524,0.27004930833552715,0.17101094823617474,0.17101094823617474,0.17101094823617474,0.11150899583041399,0.09144069864602422,0.20537444661843873,0.20537444661843873,0.07811900090203998,0.12898555772954984,0.06479767192708069,0.056227260218465865,0.12041514602093498,0.17655061781019193,0.17655061781019193,0.1496027451267929,0.16953989653957147,0.16953989653957147,0.06195838981098127,0.02731690568789827,0.017010745271750168
394,24,0.0015769356020387045,0.00024766942815570404,0.0030382953001782337,0.13621594292439373,0.015593183165770987,0.24754519930756655,109,False,16,0,0,0,0,9384,9217,9406,9364,9413,9294,9414,9321,9416,9419,9372,8791,8814,9180,8411,9375,9425,9112,9474,9428,9379,8634,9094,8925,0.00210232132531958,0.00210232132531958,0.0020708002982411755,0.0024893761949708114,0.0018331944852440056,0.0018331944852440056,0.0018331944852440056,0.0016222776637452596,0.0017257503170793084,0.0030382953001782337,0.0030382953001782337,0.0024406438448525106,0.0028323213128850335,0.002542899935329878,0.0010439838992013012,0.0011628054281393034,0.0007205975894804801,0.0007205975894804801,0.0008031734642765711,0.0005424660265917466,0.0005424660265917466,0.0003021487384255638,0.00024766942815570404,0.0002556599847543858,0.2069141331807437,0.2069141331807437,0.21140877101760647,0.24754519930756655,0.15676003588316018,0.15676003588316018,0.15676003588316018,0.10221657951121282,0.0838206404255222,0.1882599094002355,0.1882599094002355,0.07160908416020331,0.11823676125208735,0.059397865933157296,0.051541655200260376,0.11038055051919039,0.16183806632600928,0.16183806632600928,0.22046918303289348,0.1554115718279405,0.1554115718279405,0.056795190660066164,0.02504049688057341,0.015593183165770987
395,24,0.0015656690574717424,0.00023593421310744026,0.003029723169556325,0.14099288616602662,0.01429375123529007,0.28543008444681905,110,False,16,0,0,0,0,9384,9217,9406,9364,9413,9486,9414,9321,9416,9419,9372,8791,8814,9180,8411,9375,9112,9474,9498,9428,9379,8634,9094,8925,0.0021073720297391336,0.0021073720297391336,0.002078390144976305,0.002523917293422543,0.0018119648965906495,0.0018586953142630926,0.0018586953142630926,0.0015791799262594467,0.001671270151779278,0.003029723169556325,0.003029723169556325,0.0023555246731922982,0.0027694764989189707,0.00244583476860664,0.0010019268012971488,0.0011345053907342586,0.0007132663700460276,0.0008290080813154368,0.0008290080813154368,0.0005359814403058648,0.0005359814403058648,0.00029040362455336053,0.00023593421310744026,0.00024290255547774483,0.18967128874901504,0.18967128874901504,0.19379137343280592,0.22691643269860265,0.1436966995595635,0.22703003289289683,0.22703003289289683,0.09369853121861176,0.07683558705672869,0.17257158361688252,0.17257158361688252,0.06564166048018637,0.1083836978144134,0.054448043772060854,0.04724651726690534,0.10118217130925786,0.14835156079884182,0.28543008444681905,0.28543008444681905,0.14246060750894546,0.14246060750894546,0.05206225810506065,0.02295378880719229,0.01429375123529007
396,24,0.0015456885615903451,0.0002246237182268285,0.0030079287496999106,0.12924347898552438,0.013102605299015897,0.2616442440762508,111,False,16,0,0,0,0,9384,9217,9406,9364,9413,9486,9414,9321,9416,9419,9372,8791,8814,9180,8411,9375,9112,9474,9498,9428,9379,8634,9094,8925,0.0021022572641533773,0.0021022572641533773,0.002075739753655614,0.002544194844757227,0.0017844400352292683,0.001873687983972506,0.001873687983972506,0.0015335639217288878,0.001615346412368678,0.0030079287496999106,0.0030079287496999106,0.0022695774780005355,0.002700562887512776,0.00234921545033914,0.0009604078810634875,0.0011040459827132555,0.0007033478369869656,0.0008494772838636407,0.0008494772838636407,0.0005276568354350761,0.0005276568354350761,0.00027874529993443563,0.0002246237182268285,0.00023069774140216053,0.17386534801993045,0.17386534801993045,0.17764209231340541,0.20800672997371908,0.13172197459626653,0.20811086348515542,0.20811086348515542,0.08589032028372744,0.07043262146866797,0.15819061831547562,0.15819061831547562,0.0601715221068375,0.09935172299654561,0.04991070679105578,0.043309307494663225,0.09275032370015303,0.13598893073227167,0.2616442440762508,0.2616442440762508,0.13058889021653333,0.13058889021653333,0.04772373659630559,0.0210409730732596,0.013102605299015897
397,24,0.0015209961746201275,0.00021374089361755462,0.0029742865161322086,0.11847318907006403,0.012010721524097904,0.23984055706989657,112,False,16,0,0,0,0,9384,9217,9406,9364,9413,9486,9414,9321,9416,9419,9372,8791,8814,9180,8411,9375,9112,9474,9498,9428,9379,8634,9094,8925,0.0020878910628122217,0.0020878910628122217,0.002063736710146127,0.0025510877100539163,0.0017514490153072262,0.0018788190758940709,0.0018788190758940709,0.0014860120780972278,0.001558496431453051,0.0029742865161322086,0.0029742865161322086,0.0021834184025075845,0.002626710634949825,0.002253547148344256,0.0009195947933410397,0.0010718699297186385,0.0006911697800316359,0.0008646720129645737,0.0008646720129645737,0.000517737089812826,0.000517737089812826,0.0002672300695218055,0.00021374089361755462,0.00021903307856137105,0.15937656901826958,0.15937656901826958,0.16283858462062162,0.1906728358092425,0.12074514337991098,0.19076829152805913,0.19076829152805913,0.07873279359341681,0.06456323634627896,0.14500806678918599,0.14500806678918599,0.05515722859793438,0.09107241274683348,0.04575148122513446,0.039700198536774624,0.0850211300584736,0.12465651983791569,0.23984055706989657,0.23984055706989657,0.11970648269848888,0.11970648269848888,0.04374675854661346,0.019287558650487965,0.012010721524097904
398,24,0.0015462005053835475,0.0002032854706820087,0.002930181344816922,0.11247159043725348,0.011009828063756411,0.22942852160008045,113,False,16,0,0,0,0,9553,9384,9217,9406,9364,9413,9486,9414,9321,9416,9419,9372,8791,8814,9180,8411,9375,9112,9474,9428,9379,8634,9094,8925,0.002118486883166624,0.002065224911651289,0.002118486883166624,0.002043313188359918,0.002545610019365519,0.0017137907309653286,0.0018748350048838752,0.0018748350048838752,0.0014370508474420055,0.0015011772883833756,0.002930181344816922,0.002930181344816922,0.0020975820965904385,0.0025489601887698546,0.002159257862839183,0.0008796264308798836,0.0010383811919315593,0.0006770501234638649,0.0008747798608866814,0.0005064577518792469,0.0005064577518792469,0.0002559053266814636,0.0002032854706820087,0.00020789462081943086,0.22942852160008045,0.1460951882667471,0.22942852160008045,0.14926870256890315,0.17478343282513895,0.11068304809825172,0.17487093390072087,0.17487093390072087,0.07217172746063208,0.05918296665075571,0.1329240612234205,0.1329240612234205,0.050560792881439845,0.08348304501793068,0.04193885778970659,0.03639184865871007,0.07793603588693414,0.11426847651808937,0.2198538439807385,0.1097309424736148,0.1097309424736148,0.04010119533439567,0.017680262096280635,0.011009828063756411
399,24,0.0015163565337493736,0.00019325446762975126,0.002876976173773601,0.10309895790081569,0.010092342391776709,0.21030947813340709,114,False,16,0,0,0,0,9553,9384,9217,9406,9364,9413,9486,9414,9321,9416,9419,9372,8791,8814,9180,8411,9375,9112,9474,9428,9379,8634,9094,8925,0.0021370102512905526,0.0020352196740960563,0.0021370102512905526,0.002015416965364892,0.0025288642877569173,0.0016722226423725119,0.0018625474656226216,0.0018625474656226216,0.001387151274857469,0.00144378886470334,0.002876976173773601,0.002876976173773601,0.002012527604643177,0.0024682587286154224,0.0020667054895910503,0.000840615901017272,0.0010039444640510258,0.0006612920058490782,0.0008800653312228239,0.0004940418236840914,0.0004940418236840914,0.00024481040422186283,0.00019325446762975126,0.0001972672752505883,0.21030947813340709,0.1339205892445182,0.21030947813340709,0.13682964402149456,0.16021814675637736,0.10145946075673073,0.1602983560756608,0.1602983560756608,0.06615741683891274,0.05425105276319273,0.12184705612146877,0.12184705612146877,0.04634739347465319,0.07652612459976979,0.0384439529738977,0.03335919460381756,0.07144136622968962,0.10474610347491525,0.20153269031567697,0.10058669726748022,0.10058669726748022,0.03675942905652936,0.01620690692159058,0.010092342391776709
400,24,0.001498721258497861,0.0001836426380508645,0.0028159866716518955,0.11118648547590847,0.009251313859128649,0.2761170216222898,115,False,16,0,0,0,0,9553,9600,9601,9217,9406,9364,9413,9486,9414,9321,9416,9419,9372,8814,9180,8411,9375,9112,9474,9428,9379,8634,9094,8925,0.002199480745553451,0.002199480745553451,0.002050372191454154,0.002144182465564534,0.001980987621084961,0.0025020006313542817,0.0016274528973513097,0.0018428033692888131,0.0018428033692888131,0.001336730688930641,0.0013866774703111102,0.0028159866716518955,0.0028159866716518955,0.002385459525497397,0.0019761847647744076,0.0008026533655067516,0.0009688856783789636,0.0006441802370859221,0.0008808509271272704,0.00048069751733262616,0.00048069751733262616,0.00023397740219367633,0.0001836426380508645,0.00018713509162885156,0.2761170216222898,0.2761170216222898,0.20609387347414168,0.19278368828895648,0.12542717368637,0.14686663452667922,0.09300450569366983,0.14694015973602237,0.14694015973602237,0.060644298769003346,0.04973013169959334,0.11169313477801304,0.11169313477801304,0.07014894754978897,0.03524029022607289,0.030579261720166097,0.06548791904388215,0.0960172615186723,0.1847382994560372,0.0922044724951902,0.0922044724951902,0.03369614330181858,0.014856331344791366,0.009251313859128649
401,24,0.0014718969257148777,0.0001744428668489377,0.0027484622386922944,0.10192094501958275,0.008480371037534594,0.2531072698204323,116,False,16,0,0,0,0,9553,9600,9601,9217,9406,9364,9413,9486,9414,9321,9416,9419,9372,8814,9180,8411,9375,9112,9474,9428,9379,8634,9094,8925,0.0022479171686062673,0.0022479171686062673,0.0020548259433495384,0.0021408438469225433,0.0019409376587840351,0.002466182393379168,0.0015801352909065422,0.0018164595006623931,0.0018164595006623931,0.0012861552115053115,0.0013301398174713245,0.0027484622386922944,0.0027484622386922944,0.0023013235730864534,0.0018879339596120333,0.000765808712178463,0.0009334932680449481,0.0006259789387444859,0.0008774997554055686,0.0004666168374722364,0.0004666168374722364,0.00022343197905412711,0.0001744428668489377,0.00017748151099720633,0.2531072698204323,0.2531072698204323,0.1889193840179632,0.17671838093154343,0.11497490921250582,0.13462774831612262,0.08525413021919734,0.13469514642468716,0.13469514642468716,0.055590607204919734,0.04558595405796056,0.10238537354651195,0.10238537354651195,0.06430320192063989,0.03230359937390015,0.028030989910152255,0.06003059245689197,0.08801582305878294,0.1693434411680341,0.08452076645392435,0.08452076645392435,0.030888131360000366,0.013618303732725419,0.008480371037534594
402,24,0.0015253442674570978,0.0001656465179281363,0.0027445753443256136,0.11747251403315069,0.0077736734510733775,0.23201499733539627,117,False,16,0,0,0,0,9553,9600,9601,9217,9406,9652,9364,9413,9486,9655,9321,9416,9419,9659,8814,9180,8411,9375,9112,9474,9428,9379,9094,8925,0.0022826613031557965,0.0022826613031557965,0.002049407054831035,0.002127913721436761,0.001945039360042236,0.001945039360042236,0.002422558092201282,0.0015308665771130543,0.0018303803693353869,0.0018303803693353869,0.0012357428330500185,0.0012744271647821533,0.0027445753443256136,0.0027445753443256136,0.0022165229270548095,0.0018021412323278474,0.0007301340392011969,0.0008980199823862498,0.0006069301746214946,0.000870400076958997,0.00045197484672144524,0.00045197484672144524,0.0001656465179281363,0.00016828957791634847,0.23201499733539627,0.23201499733539627,0.17317610201646627,0.16199184918724815,0.18872700011146368,0.18872700011146368,0.12340876928977906,0.07814961936759755,0.2068038842226299,0.2068038842226299,0.050958056604509756,0.04178712455313051,0.17718659241763596,0.17718659241763596,0.05894460176058656,0.02961163275940847,0.025695074084306234,0.055028043085484306,0.08068117113721769,0.1552314877373646,0.07747736924943066,0.07747736924943066,0.012483445088331633,0.0077736734510733775
403,24,0.001565579490373352,0.0001572437379942528,0.0027283566219557112,0.12590254623192323,0.007125867330150595,0.25633308343550837,118,False,16,0,0,0,0,9674,9600,9601,9217,9675,9676,9652,9364,9413,9486,9655,9321,9416,9419,9659,8814,9180,8411,9375,9474,9428,9379,9094,8925,0.0020874918229016838,0.0023042889033878917,0.0020874918229016838,0.00216067819297625,0.00216067819297625,0.001989832880480904,0.0019398054656110822,0.002372239323655629,0.0014801856798712547,0.0018347210945532492,0.0018347210945532492,0.0011857668453211588,0.0012197494924775796,0.0027283566219557112,0.0027283566219557112,0.0021316452720194228,0.0017189505768301645,0.0006956659421885029,0.0008626850803969184,0.0008599520215676303,0.00043692948088536437,0.00043692948088536437,0.0001572437379942528,0.00015954212061353577,0.24207809351509407,0.21268041422411324,0.24207809351509407,0.2318258617549775,0.2318258617549775,0.25633308343550837,0.17299975010217503,0.11312470518229747,0.07163715108696442,0.1895702272040774,0.1895702272040774,0.04671155188746728,0.03830486417370296,0.1624210430494996,0.1624210430494996,0.05403255161387101,0.02714399669612443,0.023553817910614047,0.05044237282836061,0.14229553042591753,0.0710209218119781,0.0710209218119781,0.01144315799763733,0.007125867330150595
404,24,0.0015486024173089364,0.00014922372069840002,0.0027010398633643177,0.1265255232041671,0.006532045052638045,0.31830532648254933,119,False,17,0,0,0,0,9696,9600,9701,9675,9676,9652,9364,9413,9486,9655,9321,9416,9419,9659,8814,9180,9711,8411,9375,9474,9428,9379,9094,8925,0.002167717886142666,0.0023135584183739985,0.002074572401469822,0.0021810344917384244,0.002074572401469822,0.001926082380983578,0.0023162840702854034,0.0014285743930869778,0.001830216267341505,0.001830216267341505,0.001136459463984404,0.0011662796040071836,0.0027010398633643177,0.0027010398633643177,0.0020999964087391144,0.00163846733284039,0.0020999964087391144,0.0006624276016505587,0.0008276767596589559,0.0008465565190679107,0.0004216217940951983,0.0004216217940951983,0.00014922372069840002,0.00015122190287571315,0.30523825238883623,0.1949570463721038,0.31830532648254933,0.2125070399420627,0.31830532648254933,0.1585831042603271,0.10369764641710602,0.06566738849638405,0.17377270827040428,0.17377270827040428,0.04281892256351167,0.03511279215922771,0.14888595612870797,0.14888595612870797,0.1328631723127151,0.02488199697144739,0.1328631723127151,0.02159099975139621,0.04623884175933055,0.13043756955709107,0.06510251166097993,0.06510251166097993,0.010489561497834218,0.006532045052638045
405,24,0.0014931842483854978,0.00014157493515393798,0.002663878467531538,0.1222140387488335,0.005987707964918208,0.29177988260900356,120,False,17,0,0,0,0,9696,9600,9701,9725,9364,9727,9413,9486,9655,9729,9321,9416,9419,9659,8814,9180,9711,8411,9375,9474,9428,9379,9094,8925,0.0022335994038987584,0.0023113626655842786,0.0021454610466378515,0.0019538727834182107,0.0022556847712748808,0.001411957974600914,0.001411957974600914,0.0018176619485478242,0.001864539292696581,0.001864539292696581,0.0010880155098815813,0.0011141570769571956,0.002663878467531538,0.002663878467531538,0.002061830271077305,0.0015607632418466867,0.002061830271077305,0.0006304306737150544,0.0007931547065152808,0.0008306063770130745,0.0004061765289143465,0.0004061765289143465,0.00014157493515393798,0.0001433117511659613,0.2798017313564332,0.17871062584109512,0.29177988260900356,0.22870117890529984,0.09505617588234719,0.14352843945501872,0.14352843945501872,0.1592916492478706,0.24262498258120394,0.24262498258120394,0.03925067901655236,0.03218672614595874,0.1364787931179823,0.1364787931179823,0.12179124128665551,0.022808497223826774,0.12179124128665551,0.01979174977211319,0.04238560494605301,0.11956777209400014,0.059677302355898264,0.059677302355898264,0.0096154313730147,0.005987707964918208
406,24,0.001475362822536349,0.00013428532261572715,0.002618114166391714,0.11550175774198627,0.005488732301175024,0.2674648923915866,121,False,17,0,0,0,0,9696,9600,9701,9725,9364,9727,9413,9486,9655,9729,9321,9416,9419,9659,8814,9180,9711,8411,9375,9763,9428,9379,9094,8925,0.002285144368924057,0.0022986849903314775,0.0022023485147130324,0.00197055532985258,0.0021913604697535007,0.0013904439334837715,0.0013904439334837715,0.0017978866414407495,0.0018878071160174368,0.0018878071160174368,0.0010405960485945142,0.0010634920095071094,0.002618114166391714,0.002618114166391714,0.0020180896344499724,0.0014858810481986797,0.0020180896344499724,0.0005996769909589731,0.0007592526780973541,0.0008334331236918473,0.0003907029217062892,0.0003907029217062892,0.00013428532261572715,0.00013579466009440306,0.25648492041006377,0.1638180736876705,0.2674648923915866,0.2096427473298582,0.08713482789215159,0.1315677361671005,0.1315677361671005,0.14601734514388137,0.22240623403277027,0.22240623403277027,0.035979789098506326,0.02950449896712884,0.12510556035815043,0.12510556035815043,0.11164197117943421,0.020907789121841207,0.11164197117943421,0.018142437291103757,0.038853471200548585,0.19293712441950012,0.054704193826240075,0.054704193826240075,0.008814145425263474,0.005488732301175024
407,24,0.0014605322373257865,0.0001273424648439298,0.00256495224361882,0.11233356142414007,0.005031337942743771,0.27550585171903663,122,False,17,0,0,0,0,9696,9600,9701,9771,9725,9364,9727,9413,9486,9655,9321,9416,9419,9659,8814,9180,9711,8411,9375,9763,9428,9379,9094,8925,0.0023226602175120156,0.002276560814591012,0.002245399995983617,0.002027781187863309,0.002027781187863309,0.002124152361962804,0.0013646782212906822,0.0013646782212906822,0.0017717268779865328,0.0019005715990262151,0.0009943319140415371,0.0010143685272978689,0.00256495224361882,0.00256495224361882,0.001969669716326734,0.0014138386556912625,0.001969669716326734,0.0005701600829015825,0.0007260810481303294,0.0008321711820211052,0.0003752956682911232,0.0003752956682911232,0.0001273424648439298,0.0001286538790477284,0.23511117704255843,0.1501665675470313,0.24517615135895438,0.27550585171903663,0.27550585171903663,0.07987359223447228,0.12060375815317545,0.12060375815317545,0.13384923304855792,0.20387238119670606,0.03298147334029746,0.027045790719868103,0.11468009699497123,0.11468009699497123,0.10233847358114802,0.019165473361687772,0.10233847358114802,0.01663056751684511,0.0356156819338362,0.1768590307178751,0.050145511007386734,0.050145511007386734,0.008079633306491517,0.005031337942743771
408,24,0.0014380428584688041,0.00012073372739603885,0.002505542680779586,0.1029724313054617,0.004612059780848457,0.2525470307424502,123,False,17,0,0,0,0,9696,9600,9701,9771,9725,9364,9727,9413,9486,9655,9321,9416,9419,9659,8814,9180,9711,8411,9375,9763,9428,9379,9094,8925,0.0023467010135049585,0.0022460449673100966,0.0022750457124240966,0.0020720817476204516,0.0020720817476204516,0.0020548221111502942,0.0013352830999666214,0.0013352830999666214,0.0017400073396150173,0.0019035151784416418,0.00094932706340745,0.0009668480303953034,0.002505542680779586,0.002505542680779586,0.0019174085577166025,0.0013446328578427388,0.0019174085577166025,0.0005418665274582302,0.0006937292663497253,0.0008271776761643484,0.00036003598857360295,0.00036003598857360295,0.00012073372739603885,0.00012187298247762665,0.21551857895567855,0.13765268691811203,0.22474480541237485,0.2525470307424502,0.2525470307424502,0.07321745954826625,0.11055344497374416,0.11055344497374416,0.12269513029451141,0.18688301609698055,0.030233017228606003,0.02479197482654576,0.10512342224539029,0.10512342224539029,0.09381026744938568,0.017568350581547123,0.09381026744938568,0.015244686890441351,0.032647708439349846,0.16212077815805218,0.04596671842343784,0.04596671842343784,0.007406330530950557,0.004612059780848457
409,24,0.0013563411596465328,0.00011444638081077162,0.0024409665463737606,0.10467562738070867,0.004227721465777752,0.23150144484724602,0,False,17,0,0,0,0,9817,9701,9771,9725,9364,9727,9413,9486,9655,9321,9416,9826,9419,9659,8814,9180,9711,8411,9375,9763,9837,9379,9094,8925,0.0022651336924190127,0.0022919292846073896,0.0021037779960866422,0.0021037779960866422,0.0019840523464153565,0.0013028484394188113,0.0013028484394188113,0.001703525237292993,0.001897412780419361,0.0009290186657077375,0.0009209721715328549,0.0009290186657077375,0.0024409665463737606,0.0024409665463737606,0.0018620807966328945,0.001278242665388015,0.0018620807966328945,0.0005147771456563347,0.00066226819613995,0.0008188269683475221,0.0003538900739894644,0.0003538900739894644,0.00011444638081077162,0.0001154359260686077,0.20951496300826936,0.20601607162801028,0.23150144484724602,0.23150144484724602,0.06711600458591073,0.1013406578925988,0.1013406578925988,0.11247053610330213,0.17130943142223215,0.11104693245955552,0.02272597692433361,0.11104693245955552,0.09636313705827443,0.09636313705827443,0.08599274516193688,0.016104321366418196,0.08599274516193688,0.013974296316237905,0.029927066069404023,0.14861071331154782,0.12546949188815137,0.12546949188815137,0.00678913632003801,0.004227721465777752
410,24,0.0013472612921193352,0.00010846770237328547,0.0023722268941432944,0.10252637711205058,0.0038754113436296057,0.2122096577766422,1,False,17,0,0,0,0,9817,9701,9771,9725,9364,9845,9727,9413,9486,9655,9321,9416,9419,9659,8814,9180,9711,8411,9375,9763,9837,9379,9094,8925,0.0022722302000343707,0.0022968576859500145,0.002123405267872527,0.002123405267872527,0.0019124488341401883,0.001300625301203698,0.001300625301203698,0.0012679256096005626,0.0016630385508744209,0.0018830978455943706,0.0009065776616691585,0.0008767655655438227,0.0023722268941432944,0.0023722268941432944,0.0018043942604541792,0.0012146322578207348,0.0018043942604541792,0.0004888680523451939,0.0006317523069751251,0.0008074991432422906,0.0003467395283015364,0.0003467395283015364,0.00010846770237328547,0.00010932709075003282,0.19205538275758025,0.1888480656590094,0.2122096577766422,0.2122096577766422,0.0615230042037515,0.1762289364015489,0.1762289364015489,0.09289560306821557,0.10309799142802695,0.15703364547037946,0.10179302142125922,0.020832145513972476,0.08833287563675156,0.08833287563675156,0.0788266830651088,0.014762294585883346,0.0788266830651088,0.012809771623218079,0.027433143896953685,0.13622648720225217,0.1150137008974721,0.1150137008974721,0.006223374960034843,0.0038754113436296057
411,24,0.0013213938536736673,0.00010278506088799426,0.002300243438953213,0.10165682859471974,0.0035524603983271385,0.19452551962858866,0,False,18,0,0,0,0,9817,9701,9771,9725,9364,9845,9868,9486,9655,9321,9416,9419,9659,8814,9180,9711,8411,9375,9882,9763,9837,9379,9094,8925,0.0022722302000343707,0.0022907547629292596,0.0021316660479774423,0.0021316660479774423,0.001888011347679755,0.0012925926580966444,0.001888011347679755,0.0016192576599447352,0.0018614329908039082,0.0008823886579763195,0.0008342382363299447,0.002300243438953213,0.002300243438953213,0.0017449888398901959,0.0011537535875814694,0.0017449888398901959,0.0004641115756340324,0.0006177529534197688,0.0006177529534197688,0.000793570567945488,0.0003387399789389954,0.0003387399789389954,0.00010278506088799426,0.00010353131628511146,0.19205538275758025,0.17311072685409196,0.19452551962858866,0.19452551962858866,0.13972942052010556,0.1615431917014198,0.13972942052010556,0.09450649214235803,0.14394750834784784,0.09331026963615428,0.019096133387808103,0.08097180266702227,0.08097180266702227,0.07225779280968307,0.013532103370393067,0.07225779280968307,0.011742290654616572,0.10848038190554088,0.10848038190554088,0.12487427993539782,0.10542922582268274,0.10542922582268274,0.005704760380031939,0.0035524603983271385
412,24,0.0012935877906280842,9.738598663649733e-05,0.0022746196026514664,0.0931854262118264,0.0032564220317998767,0.1783150596595396,1,False,18,0,0,0,0,9817,9701,9771,9725,9364,9845,9868,9486,9655,9321,9416,9419,9659,8814,9180,9711,8411,9375,9882,9763,9837,9379,9094,8925,0.0022682294534198478,0.0022746196026514664,0.002129385536716295,0.002129385536716295,0.0018572663423460727,0.0012793364047437494,0.0018572663423460727,0.001572839874218149,0.001833285461862828,0.0008568069014639865,0.0007933878122892545,0.0022258503156244417,0.0022258503156244417,0.0016844371579663314,0.0010955486660762502,0.0016844371579663314,0.0004404770574846482,0.000602397557369235,0.000602397557369235,0.0007774064177451071,0.0003300377952386564,0.0003300377952386564,9.738598663649733e-05,9.803392596016972e-05,0.17605076752778187,0.1586848329495843,0.1783150596595396,0.1783150596595396,0.12808530214343009,0.14808125905963482,0.12808530214343009,0.08663095113049485,0.13195188265219385,0.08553441383314142,0.017504788938824095,0.0742241524447704,0.0742241524447704,0.06623631007554281,0.012404428089526978,0.06623631007554281,0.010763766433398523,0.09944035008007913,0.09944035008007913,0.11446808994078134,0.09664345700412584,0.09664345700412584,0.0052293636816959435,0.0032564220317998767
413,24,0.001263008643474617,9.225822846585565e-05,0.0022541084096791763,0.08541997402750752,0.0029850535291498868,0.16345547135457794,2,False,18,0,0,0,0,9817,9701,9771,9725,9364,9845,9868,9486,9655,9321,9416,9419,9659,8814,9180,9711,8411,9375,9882,9763,9837,9379,9094,8925,0.0022541084096791763,0.0022494904446116446,0.0021174713757155777,0.0021174713757155777,0.0018210729985745464,0.0012614507126619428,0.0018210729985745464,0.0015243863789278353,0.0017995072562018881,0.0008301567797366478,0.0007542014842137835,0.0021497962853991985,0.0021497962853991985,0.0016232466057453988,0.0010399515604257354,0.0016232466057453988,0.0004179315473591123,0.0005859383454811028,0.0005859383454811028,0.0007593549951188208,0.0003207688402236632,0.0003207688402236632,9.225822846585565e-05,9.282074370938861e-05,0.16137987023380004,0.14546109687045228,0.16345547135457794,0.16345547135457794,0.1174115269648109,0.1357411541379986,0.1174115269648109,0.07941170520295361,0.12095589243117769,0.07840654601371297,0.01604605652725542,0.0680388064077062,0.0680388064077062,0.06071661756924758,0.011370725748733063,0.06071661756924758,0.009866785897281979,0.09115365424007253,0.09115365424007253,0.10492908244571622,0.08858983558711535,0.08858983558711535,0.004793583374887948,0.0029850535291498868
414,24,0.0012082777218936395,8.738979973773384e-05,0.002230889225291262,0.08336134837929281,0.002736299068387396,0.14983418207502977,3,False,17,0,0,0,0,9817,9701,9771,9725,9364,9845,9868,9486,9655,9321,9416,9419,9659,8814,9180,9950,8411,9375,9882,9763,9837,9379,9094,8925,0.002230889225291262,0.002216414370483896,0.0020968783539593613,0.0020968783539593613,0.0017802546759666524,0.0012395234040242775,0.0017802546759666524,0.0014744411393932493,0.0017609196039137555,0.0008027313590978626,0.0007166577415835242,0.0020727468261810787,0.0020727468261810787,0.0015618623770493035,0.0010123419398446216,0.0010123419398446216,0.00039644040015244034,0.0005686075511264516,0.0005686075511264516,0.0007397436338943625,0.00031105773591367196,0.00031105773591367196,8.738979973773384e-05,8.787810484200648e-05,0.1479315477143167,0.13333933879791457,0.14983418207502977,0.14983418207502977,0.10762723305107666,0.12442939129316537,0.10762723305107666,0.07279406310270747,0.11087623472857955,0.07187266717923689,0.014708885149984134,0.06236890587373067,0.06236890587373067,0.055656899438476945,0.09375649860300532,0.09375649860300532,0.009044553739175147,0.08355751638673316,0.08355751638673316,0.09618499224190653,0.08120734928818907,0.08120734928818907,0.004394118093647285,0.002736299068387396
415,24,0.0011763147477166864,8.276901467209692e-05,0.002199608163268636,0.07988679156990729,0.0025082741460217797,0.1599277233545054,4,False,17,0,0,0,0,9817,9701,9771,9725,9364,9845,9868,9486,9655,9321,9416,9419,9659,8814,9180,9950,8411,9977,9882,9763,9837,9379,9094,8925,0.002199608163268636,0.002176422659942485,0.0020685784446375557,0.0020685784446375557,0.001735588355371966,0.001214124388867571,0.001735588355371966,0.0014234913508640592,0.0017183013769309485,0.000774792737054152,0.0006807279041925524,0.001995287618828422,0.001995287618828422,0.0015006711934954342,0.0009831155122967403,0.0009831155122967403,0.0003759677888817608,0.0005648169679543186,0.000550616613211695,0.0007188759659864462,0.00030101754810989563,0.00030101754810989563,8.276901467209692e-05,8.319286138915686e-05,0.13560391873812364,0.12222772723142168,0.13734800023544394,0.13734800023544394,0.09865829696348694,0.11406027535206825,0.09865829696348694,0.06672789117748185,0.10163654850119791,0.06588327824763382,0.013483144720818789,0.057171497050919784,0.057171497050919784,0.05101882448527053,0.08594345705275487,0.08594345705275487,0.008290840927577217,0.1599277233545054,0.07659439002117206,0.08816957622174765,0.07444007018083998,0.07444007018083998,0.0040279415858433445,0.0025082741460217797
416,24,0.0011425747022060916,7.838451643998584e-05,0.002161290148812397,0.07322955893908169,0.002299251300519965,0.14660041307496327,5,False,17,0,0,0,0,9817,9701,9771,9725,9364,9845,9868,9486,9655,9321,9416,9419,9659,8814,9180,9950,8411,9977,9882,9763,9837,9379,9094,8925,0.002161290148812397,0.0021305114594184866,0.002033536166513278,0.002033536166513278,0.0016877974050408535,0.0011857968929431402,0.0016877974050408535,0.0013719690685147655,0.0016723809341123994,0.0007465730136628598,0.0006463774663655968,0.0019179290172915186,0.0019179290172915186,0.0014400054663003148,0.0009526458259152518,0.0009526458259152518,0.00035647714180055243,0.0005587715666677859,0.0005321560273849782,0.0006970303289811601,0.00029074980453272346,0.00029074980453272346,7.838451643998584e-05,7.875238295452464e-05,0.12430359217661333,0.11204208329546987,0.12590233354915695,0.12590233354915695,0.09043677221652968,0.10455525240606256,0.09043677221652968,0.061167233579358354,0.09316683612609808,0.060393005060331,0.012359549327417223,0.0524072056300098,0.0524072056300098,0.04676725577816465,0.07878150229835863,0.07878150229835863,0.007599937516945782,0.14660041307496327,0.07021152418607439,0.080822111536602,0.06823673099910331,0.06823673099910331,0.0036922797870230658,0.002299251300519965
417,24,0.001111171763086174,7.422529819779869e-05,0.0021332606646809454,0.07407154013860263,0.0021076470254766345,0.18603857635418072,6,False,17,0,0,0,0,9817,10009,9771,9725,9364,9845,9868,9486,9655,9321,9416,9419,9659,10021,9180,9950,8411,9977,9882,9763,9837,9379,9094,8925,0.002116928662956433,0.0021332606646809454,0.0019926890082258993,0.0019926890082258993,0.001637547151137642,0.0011550511494459027,0.001637547151137642,0.0013202537034513319,0.0016238308911276993,0.0007182757139043419,0.0006135672708373403,0.001841111161746516,0.001841111161746516,0.0014157415804713959,0.0009212705528785062,0.0009212705528785062,0.00033793151279138496,0.0005507312152189367,0.0005133957052970342,0.0006744591042626957,0.00028034476980623907,0.00028034476980623907,7.422529819779869e-05,7.454455383533082e-05,0.11394495949522888,0.18603857635418072,0.11541047242006053,0.11541047242006053,0.08290037453181887,0.09584231470555735,0.08290037453181887,0.05606996411441182,0.0854029331155899,0.055360254638636745,0.011329586883465788,0.04803993849417565,0.04803993849417565,0.12620331779665095,0.07221637710682874,0.07221637710682874,0.0069666093905336336,0.134383711985383,0.06436056383723486,0.0740869355752185,0.06255033674917804,0.06255033674917804,0.0033845898047711433,0.0021076470254766345
418,24,0.001079243909621262,7.028071810961538e-05,0.002125918850820221,0.0713711340159413,0.0019320097733535816,0.17053536165799899,7,False,17,0,0,0,0,9817,10009,9771,9725,9364,9845,9868,9486,9655,9321,9416,9419,9659,10021,10046,9950,8411,9977,9882,9763,9837,9379,9094,8925,0.0020674704969812835,0.002125918850820221,0.0019469324860397128,0.0019469324860397128,0.0015854427533505725,0.001122360206318765,0.0015854427533505725,0.001268675120542227,0.001573265315992681,0.0006900775203976782,0.0005822545288160704,0.0017652094589499785,0.0017652094589499785,0.0013874208748389436,0.0009122266078473507,0.000889291848142787,0.0003202938930868945,0.0005409523537147408,0.000494485715956441,0.0006513887934661676,0.00026988191106077893,0.00026988191106077893,7.028071810961538e-05,7.055776707633382e-05,0.10444954620395981,0.17053536165799899,0.10579293305172215,0.10579293305172215,0.07599200998750062,0.0878554551467609,0.07599200998750062,0.0513974671048775,0.07828602202262407,0.05074690008541701,0.010385454643176972,0.044036610286327674,0.044036610286327674,0.11568637464693003,0.14953167901459302,0.06619834568125968,0.006386058607989164,0.12318506931993439,0.05899718351746529,0.06791302427728363,0.05733780868674653,0.05733780868674653,0.003102540654373548,0.0019320097733535816
419,24,0.0010483282509206246,6.654050927340829e-05,0.0021638243926891537,0.06889576173683509,0.0017710089589074497,0.23965741485316575,8,False,17,0,0,0,0,9817,10057,9771,9725,9364,9845,9868,9486,9655,9321,9416,9419,9659,10021,10046,9950,8411,9977,9882,9763,9837,9379,9094,8925,0.002013804796978248,0.0021638243926891537,0.0018971093088309117,0.0018971093088309117,0.0015320289247307364,0.0010881575029834546,0.0015320289247307364,0.0012175171206764849,0.0015212388837058132,0.0006621302010611959,0.0005523937019520154,0.0016905402117135123,0.0016905402117135123,0.001355667399620524,0.0008998387609921759,0.0008569774285263821,0.00030352747159314924,0.0005296830845807675,0.00047555730184926123,0.0006280206627607572,0.0002594304981368508,0.0002594304981368508,6.654050927340829e-05,6.678091602817693e-05,0.09574541735362982,0.23965741485316575,0.09697685529741196,0.09697685529741196,0.06965934248854223,0.08053416721786415,0.06965934248854223,0.047114344846137704,0.07176218685407205,0.04651799174496559,0.00952000008957889,0.040366892762467035,0.040366892762467035,0.10604584342635252,0.13707070576337693,0.06068181687448804,0.005853887057323401,0.11291964687660652,0.05408075155767651,0.06225360558750999,0.05255965796285098,0.05255965796285098,0.002843995599842419,0.0017710089589074497
420,24,0.0010166070936525658,6.299478535037249e-05,0.0021890067877736947,0.06662667048098771,0.0016234248789984956,0.21968596361540194,9,False,18,0,0,0,0,9817,10057,9771,9725,9364,9845,9868,9486,9655,9321,9416,9419,9659,10021,10046,9950,10096,9977,9882,9763,9837,9379,9094,8925,0.0019567557909447816,0.0021890067877736947,0.0018440020825598708,0.0018440020825598708,0.0014777910836033447,0.0010528358887443563,0.0014777910836033447,0.0011670211324249018,0.001468247568493113,0.0006345626391161582,0.0005239372609680497,0.0016173662293192267,0.0016173662293192267,0.0013210686317478354,0.0008845265469070125,0.0008245621781629882,0.00029501292241319995,0.0005171594677318637,0.00045672408037635546,0.0006045318075648733,0.0002490502920379586,0.0002490502920379586,6.299478535037249e-05,6.3203383901219e-05,0.08776663257416066,0.21968596361540194,0.08889545068929429,0.08889545068929429,0.06385439728116371,0.07382298661637547,0.06385439728116371,0.04318814944229289,0.06578200461623271,0.04264149243288513,0.00872666674878065,0.037002985032261446,0.037002985032261446,0.09720868980748981,0.12564814694976217,0.055624998801614034,0.08869939646921313,0.10350967630355598,0.04957402226120347,0.05706580512188415,0.04817968646594673,0.04817968646594673,0.0026069959665222173,0.0016234248789984956
421,24,0.0009863737757440545,5.9634042592948305e-05,0.0022589220667900887,0.06454667016312764,0.0014881394724152875,0.28471213331411843,10,False,18,0,0,0,0,9817,10105,9771,9725,9364,9845,9868,9486,9655,9321,9416,9419,9659,10021,10046,9950,10096,9977,9882,9763,9837,9379,9094,8925,0.0018970785949484874,0.0022589220667900887,0.0017883289855207486,0.0017883289855207486,0.0014231575786707383,0.001016747783705389,0.0014231575786707383,0.0011173899754269839,0.0014147305034421709,0.000607482892852737,0.0004968363346551799,0.0015459022930158766,0.0015459022930158766,0.001284170336089179,0.0008666975647056127,0.0007922501175161821,0.0002860903438524447,0.0005036028760883084,0.00043808335766307323,0.0005810765131752046,0.00023879228410141745,0.00023879228410141745,5.9634042592948305e-05,5.9815031735758216e-05,0.08045274652631394,0.28471213331411843,0.08148749646518642,0.08148749646518642,0.0585331975077334,0.06767107106501084,0.0585331975077334,0.03958913698876848,0.060300170898213316,0.039088034730144695,0.007999444519715595,0.03391940294623966,0.03391940294623966,0.08910796565686566,0.11517746803728199,0.05098958223481286,0.08130778009677869,0.09488386994492631,0.04544285373943651,0.05231032136172714,0.0441647125937845,0.0441647125937845,0.0023897463026453657,0.0014881394724152875
422,24,0.0009539033401136295,5.644915887526121e-05,0.0022589220667900887,0.06362858700131879,0.0013641278497140135,0.28471213331411843,0,False,18,0,0,0,0,9817,10105,9771,9725,9364,9845,9868,9486,9655,9321,9416,9419,9659,10021,10046,10143,10096,9977,9882,9763,9837,9379,9094,8925,0.0018354575272418279,0.0022589220667900887,0.0017307418727971256,0.0017307418727971256,0.0013685026821380298,0.0009802062171429121,0.0013685026821380298,0.0010687915899949734,0.0013610726902296753,0.0005809802297688514,0.0004710412618393417,0.0014763203859313742,0.0014763203859313742,0.001245473504536834,0.0008467410199816773,0.000779822522544318,0.0002768638308397446,0.0004892182587378578,0.0004197174965630354,0.0005577878083956496,0.0002286994561819027,0.0002286994561819027,5.644915887526121e-05,5.66061851481942e-05,0.07374835098245444,0.28471213331411843,0.07469687175975422,0.07469687175975422,0.053655431048755614,0.062031815142926605,0.053655431048755614,0.03629004223970444,0.05527515665669554,0.03583069850263264,0.007332824143072628,0.031092786034053018,0.031092786034053018,0.08168230185212685,0.10557934570084182,0.13007378371524514,0.07453213175538047,0.08697688078284911,0.041655949261150134,0.04795112791491654,0.040484319877635795,0.040484319877635795,0.0021906007774249183,0.0013641278497140135
423,24,0.0009140388122906611,5.343139024856549e-05,0.0023142321362489317,0.06654179365521869,0.0012504505289045124,0.26098612220460854,1,False,18,0,0,0,0,9817,10105,9771,9725,9364,9845,9868,9486,9655,9321,9416,9419,9659,10165,10143,10096,9977,9882,10171,9763,9837,9379,9094,8925,0.0017725064092319882,0.0023142321362489317,0.0016718263133808909,0.0016718263133808909,0.0013141500970404762,0.0009434865144119104,0.0013141500970404762,0.0010213626545768773,0.0013076082930611422,0.0005551270941611413,0.0004465020578281089,0.001408754625478072,0.001408754625478072,0.0012365210078972867,0.0007650517712303084,0.00026742686908547874,0.0004741931609617729,0.0004016952935641642,0.0005485710363340489,0.0005485710363340489,0.0002188075389210236,0.0002188075389210236,5.343139024856549e-05,5.356762015916748e-05,0.0676026550672499,0.26098612220460854,0.06847213244644136,0.06847213244644136,0.04918414512802598,0.05686249721434938,0.04918414512802598,0.033265872053062404,0.05066889360197091,0.032844806960746584,0.006721755464483242,0.028501720531215264,0.028501720531215264,0.15820877669778294,0.1192343017389747,0.06832112077576542,0.07972880738427834,0.03818462015605429,0.12728853392200684,0.12728853392200684,0.037110626554499475,0.037110626554499475,0.0020080507126395085,0.0012504505289045124
424,24,0.0008887643942250744,5.05723654727984e-05,0.0024159331957338648,0.07141331085061713,0.0011462463181624695,0.32257061202089116,2,False,18,0,0,0,0,9817,10177,9771,9725,9364,9845,9868,9486,9655,9321,10186,9419,9659,10165,10143,10191,9977,9882,10171,9763,9837,9379,9094,8925,0.0017087703917593336,0.0024159331957338648,0.001612103118371339,0.001612103118371339,0.0012603767721863942,0.0009068284391742575,0.0012603767721863942,0.0009752120352078545,0.0012546242988072474,0.0005299809791988493,0.00043408229260612707,0.0013433058593701366,0.0013433058593701366,0.0012226973349514318,0.0007482855043764086,0.0002645128386968942,0.00045869735902760706,0.0003840733303088739,0.0005377607730043779,0.0005377607730043779,0.0002091457509262931,0.0002091457509262931,5.05723654727984e-05,5.0690548363157865e-05,0.0619691004783124,0.32257061202089116,0.06276612140923792,0.06276612140923792,0.04508546636735714,0.052123955779820264,0.04508546636735714,0.030493716048640537,0.046446485801806665,0.0301077397140177,0.08949494250910965,0.02612657715361399,0.02612657715361399,0.14502471197296768,0.10929810992739347,0.145961027377785,0.07308474010225514,0.0350025684763831,0.11668115609517293,0.11668115609517293,0.034018074341624516,0.034018074341624516,0.0018407131532528827,0.0011462463181624695
425,24,0.0009038412100065771,4.7864078912539725e-05,0.002565985653911165,0.08236017601226141,0.0010507257916489304,0.3790230610191502,3,False,18,0,0,0,0,10201,10177,9771,9725,9364,9845,9868,9486,9655,9321,10186,9419,9659,10165,10143,10191,9977,9882,10171,9763,9837,9379,9094,8925,0.002565985653911165,0.002565985653911165,0.0015520309776198274,0.0015520309776198274,0.0012074168602950884,0.0008704386314019386,0.0012074168602950884,0.0009304240293678927,0.001202364368459915,0.0005055861842053871,0.0004210474121780055,0.001280045904494149,0.001280045904494149,0.0012045717872815843,0.0007298526255196228,0.00026065998971297726,0.0004428829805305901,0.0003668972746540058,0.0005255996353491262,0.0005255996353491262,0.00019973750646804411,0.00019973750646804411,4.7864078912539725e-05,4.79666016585945e-05,0.3790230610191502,0.3790230610191502,0.05753561129180142,0.05753561129180142,0.04132834417007738,0.047780292798168575,0.04132834417007738,0.02795257304458716,0.042575945318322775,0.027598761404516226,0.08203703063335051,0.023949362390812825,0.023949362390812825,0.1329393193085537,0.10018993410011068,0.13379760842963623,0.06699434509373388,0.032085687770017836,0.10695772642057519,0.10695772642057519,0.031183234813155804,0.031183234813155804,0.0016873203904818092,0.0010507257916489304
426,24,0.0008935919434832541,4.538781672249505e-05,0.0026991817501996196,0.09071903367290934,0.0009631653090115195,0.34743780593422097,4,False,19,0,0,0,0,10201,10177,9771,9725,9364,9845,9868,9486,9655,9321,10186,9419,9659,10237,10143,10191,9977,10240,10171,9763,9837,9379,10246,8925,0.0026991817501996196,0.0026991817501996196,0.0014920098808988303,0.0014920098808988303,0.0011554656916283657,0.0008344932122447051,0.0011554656916283657,0.0008870613812651961,0.0011510327429003593,0.000481975445590529,0.00040755172387662295,0.001219021421824934,0.001219021421824934,0.0012132065145521907,0.0007100600427758967,0.00025598964645062955,0.0004378943232133083,0.0004378943232133083,0.0005123163394441557,0.0005123163394441557,0.00019060108321276647,0.00019060108321276647,4.646713637551365e-05,4.538781672249505e-05,0.34743780593422097,0.34743780593422097,0.05274097701748463,0.05274097701748463,0.0378843154892376,0.04379860173165453,0.0378843154892376,0.025623191957538226,0.03902794987512921,0.02529886462080654,0.07520061141390463,0.021953582191578423,0.021953582191578423,0.2051943760328409,0.09184077292510145,0.12264780772716653,0.14474481633592273,0.14474481633592273,0.09804458255219392,0.09804458255219392,0.028584631912059486,0.028584631912059486,0.084880043691275,0.0009631653090115195
427,24,0.0008786259809118508,4.294661938335224e-05,0.00281428398401465,0.08315911420016688,0.0008829015332605595,0.31848465543970256,5,False,19,0,0,0,0,10201,10177,9771,9725,9364,9845,9868,9486,9655,9321,10186,9419,9659,10237,10143,10191,9977,10240,10171,9763,9837,9379,10246,8925,0.00281428398401465,0.00281428398401465,0.0014323850553287787,0.0014323850553287787,0.0011046836667107638,0.0007991404539630668,0.0011046836667107638,0.000845168056995785,0.001100798098476608,0.00045917143590017845,0.00039373395222074703,0.001160257431053742,0.001160257431053742,0.001215535518624063,0.0006891906226257605,0.000250619082546739,0.000431369057402333,0.000431369057402333,0.000498123625646139,0.000498123625646139,0.00018175024464807518,0.00018175024464807518,4.5013571539156386e-05,4.294661938335224e-05,0.31848465543970256,0.31848465543970256,0.048345895599360915,0.048345895599360915,0.03472728919846779,0.04014871825401665,0.03472728919846779,0.023487925961076708,0.035775620718868445,0.023190625902405993,0.06893389379607924,0.020124117008946885,0.020124117008946885,0.18809484469677082,0.08418737518134299,0.11242715708323599,0.13268274830792917,0.13268274830792917,0.08987420067284442,0.08987420067284442,0.026202579252721195,0.026202579252721195,0.07780670671700207,0.0008829015332605595
428,24,0.000907002026073901,4.063580901983787e-05,0.002910594946218223,0.08585950753013943,0.0008093264054888461,0.291944267486394,6,False,19,0,0,0,0,10201,10177,9771,9725,10275,9364,9845,9868,9486,9655,10281,9419,9659,10237,10143,10191,9977,10240,10171,9763,9837,9379,10246,8925,0.002910594946218223,0.002910594946218223,0.0013734512016617898,0.001408872389140166,0.001408872389140166,0.001055199997894084,0.0007645034365619018,0.001055199997894084,0.0008047717767842803,0.001051797275235911,0.00044846317403860906,0.0011037604762202278,0.0011037604762202278,0.0012120500145258518,0.0006675021445051494,0.0002446597929509228,0.00042350778853217873,0.00042350778853217873,0.0004832170022632204,0.0004832170022632204,0.00017319481432302345,0.00017319481432302345,4.351917130712259e-05,4.063580901983787e-05,0.291944267486394,0.291944267486394,0.04431707096608083,0.12765040429941418,0.12765040429941418,0.03183334843192881,0.036802991732848594,0.03183334843192881,0.021530598797653646,0.032794318992296075,0.1045914070772055,0.018447107258201312,0.018447107258201312,0.17242027430537324,0.07717176058289774,0.10305822732629966,0.12162585261560173,0.12162585261560173,0.08238468395010738,0.08238468395010738,0.024019030981661093,0.024019030981661093,0.07132281449058522,0.0008093264054888461
429,24,0.0009160966556994659,3.844854309037736e-05,0.0029879077113845053,0.0892869570795279,0.0007418825383647756,0.2676155785291945,7,False,19,0,0,0,0,10201,10177,9771,9725,10275,9364,9845,9868,9486,9655,10281,9419,9659,10237,10309,10191,9977,10240,10171,9763,9837,9379,10246,8925,0.0029879077113845053,0.0029879077113845053,0.0013154568571911796,0.0013812488276955038,0.0013812488276955038,0.0010071162509896823,0.000730682632601231,0.0010071162509896823,0.000765886308042886,0.0010041388232401578,0.000436839692659931,0.0010495214589616813,0.0010495214589616813,0.0012343125827547266,0.0012343125827547266,0.00023821626460085883,0.00041450409322615244,0.00041450409322615244,0.00046777416075918966,0.00046777416075918966,0.00016494120092926503,0.00016494120092926503,4.1998041959147135e-05,3.844854309037736e-05,0.2676155785291945,0.2676155785291945,0.04062398171890743,0.11701287060779633,0.11701287060779633,0.02918056939593474,0.03373607575511121,0.02918056939593474,0.019736382231182507,0.0300614590762714,0.09587545648743838,0.016909848320017868,0.016909848320017868,0.24138525144659215,0.24138525144659215,0.09447004171577468,0.11149036489763492,0.11149036489763492,0.07551929362093177,0.07551929362093177,0.022017445066522666,0.022017445066522666,0.06537924661636979,0.0007418825383647756
430,24,0.0009222436982835009,3.637832187930255e-05,0.0029879077113845053,0.10205253041201406,0.0006800589935010443,0.30460314715937614,0,False,19,0,0,0,0,10201,10177,9771,9725,10275,9364,9868,9486,10329,10281,9419,9659,10237,10309,10333,10191,9977,10240,10171,9763,9837,9379,10246,8925,0.0029879077113845053,0.0029879077113845053,0.001258608752215869,0.0013501381496598183,0.0013501381496598183,0.0009605096554904076,0.0009605096554904076,0.0007285135277011215,0.0009826106519678257,0.0004244799367545705,0.0009975181594845523,0.0009975181594845523,0.0012815007220434039,0.0012492818513500285,0.0012815007220434039,0.00023138517339537355,0.0004045417396441128,0.0004045417396441128,0.0004519549271440021,0.0004519549271440021,0.00015699287467785286,0.00015699287467785286,4.046266448261927e-05,3.637832187930255e-05,0.2676155785291945,0.2676155785291945,0.03723864990899848,0.10726179805714664,0.10726179805714664,0.026748855279606843,0.026748855279606843,0.018091683711917297,0.11088967081991546,0.08788583511348518,0.015500694293349711,0.015500694293349711,0.30460314715937614,0.2212698138260428,0.30460314715937614,0.08659753823946012,0.10219950115616534,0.10219950115616534,0.06922601915252079,0.06922601915252079,0.020182657977645777,0.020182657977645777,0.05993097606500564,0.0006800589935010443
431,24,0.0009121262215845376,3.441897352870921e-05,0.0031250113931567854,0.0979495958586837,0.0006233874107092906,0.32864761365176165,0,False,19,0,0,0,0,10201,10345,9771,9725,10275,9364,9868,9486,10329,10281,9419,9659,10237,10309,10333,10191,9977,10240,10171,9763,9837,9379,10246,8925,0.0029879077113845053,0.0031250113931567854,0.0012030760602336542,0.001316128667584367,0.001316128667584367,0.0009154361655814131,0.0009154361655814131,0.000692645265512439,0.0009588328658742458,0.0004115478755141055,0.0009477174674236735,0.0009477174674236735,0.0013202133600026054,0.001257328645316097,0.0013202133600026054,0.00022425493618345504,0.0003937927229966634,0.0003937927229966634,0.00043590162875708973,0.00043590162875708973,0.00014935079646799212,0.00014935079646799212,3.892397369729661e-05,3.441897352870921e-05,0.2676155785291945,0.32864761365176165,0.034135429083248604,0.09832331488571774,0.09832331488571774,0.02451978400630627,0.02451978400630627,0.016584043402590856,0.10164886491825584,0.08056201552069474,0.014208969768903902,0.014208969768903902,0.27921955156276146,0.20283066267387256,0.27921955156276146,0.0793810767195051,0.09368287605981823,0.09368287605981823,0.06345718422314406,0.06345718422314406,0.01850076981284196,0.01850076981284196,0.0549367280595885,0.0006233874107092906
432,24,0.0009116570851238883,3.256463941097178e-05,0.003241169221675257,0.1065936495988551,0.0005714384598168497,0.33928458893253133,1,False,19,0,0,0,0,10201,10345,10370,9725,10275,9364,9868,9486,10376,10281,9419,9659,10237,10382,10333,10191,9977,10240,10171,9763,9837,9379,10246,8925,0.003046443869737135,0.003241169221675257,0.0011786269375351818,0.0012797678271849395,0.0012797678271849395,0.0008719332647323357,0.0008719332647323357,0.0006582649421393494,0.0009572793796644015,0.0003981921291984163,0.0009000773457163085,0.0009000773457163085,0.0013504598072815429,0.0013852880486911062,0.0013852880486911062,0.00021690555072764097,0.0003824159961291673,0.0003824159961291673,0.00041973977145105476,0.00041973977145105476,0.0001420138020722838,0.0001420138020722838,3.739145364902955e-05,3.256463941097178e-05,0.24531428031842828,0.30126031251411484,0.11462414332631123,0.09012970531190793,0.09012970531190793,0.022476468672447413,0.022476468672447413,0.015202039785708284,0.1765114595084012,0.07384851422730351,0.013024888954828577,0.013024888954828577,0.255951255599198,0.33928458893253133,0.33928458893253133,0.07276598699287967,0.08587596972150004,0.08587596972150004,0.058169085537882054,0.058169085537882054,0.01695903899510513,0.01695903899510513,0.05035866738795612,0.0005714384598168497
433,24,0.0009040077965847048,3.0809759884785076e-05,0.003335956223689619,0.0985626311611673,0.0005238185881654455,0.3110108731881537,0,False,19,0,0,0,0,10201,10345,10370,9725,10275,9364,9868,9486,10376,10281,9419,9659,10237,10382,10333,10191,9977,10240,10171,9763,9837,9379,10246,8925,0.003046443869737135,0.003335956223689619,0.0011513094728453506,0.0012415589202273618,0.0012415589202273618,0.0008300225146750803,0.0008300225146750803,0.0006253490170121747,0.0009514425231879814,0.00038454602847825755,0.0008545485507545136,0.0008545485507545136,0.0013724255209028669,0.0014410667529562114,0.0014410667529562114,0.00020940866277365582,0.000370556777507392,0.000370556777507392,0.00040357893804183066,0.00040357893804183066,0.00013497894404198614,0.00013497894404198614,3.5873243112339024e-05,3.0809759884785076e-05,0.24531428031842828,0.2761552864712719,0.10507213138245196,0.0826188965359156,0.0826188965359156,0.020603429616410127,0.020603429616410127,0.01393520313689926,0.1618021712160344,0.06769447137502822,0.011939481541926195,0.011939481541926195,0.23462198429926484,0.3110108731881537,0.3110108731881537,0.06670215474347303,0.07871963891137503,0.07871963891137503,0.053321661743058545,0.053321661743058545,0.015545785745513034,0.015545785745513034,0.04616211177229311,0.0005238185881654455
434,24,0.000897600476718568,2.9149060467334717e-05,0.003409456371045285,0.10128661624321968,0.00048016703915165835,0.2850933004224742,0,False,19,0,0,0,0,10201,10345,10370,9725,10275,9364,10423,10376,10281,9419,10427,9659,10237,10382,10333,10191,9977,10240,10171,9763,9837,9379,10246,8925,0.003046443869737135,0.003409456371045285,0.0011216203005309702,0.0012019595329492306,0.0012019595329492306,0.0007897118554568915,0.0006091840724638859,0.0009417532639965467,0.00037072800596630803,0.0008110761316118287,0.0008319937147646181,0.0008319937147646181,0.0013864408890544209,0.001487266581664128,0.001487266581664128,0.0002018278065372985,0.00035834632635236993,0.00035834632635236993,0.00038751383400444957,0.00038751383400444957,0.00012824179431982679,0.00012824179431982679,3.437624626847808e-05,2.9149060467334717e-05,0.24531428031842828,0.25314234593199925,0.09631612043391428,0.07573398849125597,0.07573398849125597,0.01888647714837595,0.09610726954215766,0.14831865694803154,0.0620532654271092,0.010944524746765678,0.09427785808009902,0.09427785808009902,0.2150701522743261,0.2850933004224742,0.2850933004224742,0.06114364184818361,0.07215966900209377,0.07215966900209377,0.048878189931136996,0.048878189931136996,0.014250303600053615,0.014250303600053615,0.04231526912460202,0.00048016703915165835
435,24,0.0008895836273217541,2.7577538446502697e-05,0.0034621874386645446,0.09284606488961804,0.0004401531192223535,0.261335525387268,1,False,19,0,0,0,0,10201,10345,10370,9725,10275,9364,10423,10376,10281,9419,10427,9659,10237,10382,10333,10191,9977,10240,10171,9763,9837,9379,10246,8925,0.003086785083527057,0.0034621874386645446,0.001090020183538177,0.001161381381498723,0.001161381381498723,0.0007509976674194273,0.000591986514114922,0.0009286488813637152,0.00035684223331322633,0.0007696007302462538,0.0008080919572809306,0.0008080919572809306,0.0013929502124808808,0.001523845222892865,0.001523845222892865,0.00019421877242171458,0.0003459020851250511,0.0003459020851250511,0.000371625420262782,0.000371625420262782,0.0001217967106821292,0.0001217967106821292,3.2906244700715175e-05,2.7577538446502697e-05,0.2248714236252259,0.23204715043766597,0.08828977706442143,0.0694228227836513,0.0694228227836513,0.01731260405267795,0.08809833041364452,0.1359587688690289,0.0568821599748501,0.010032481017868538,0.08642136990675743,0.08642136990675743,0.19714763958479892,0.261335525387268,0.261335525387268,0.056048338360834976,0.06614636325191928,0.06614636325191928,0.04480500743687558,0.04480500743687558,0.013062778300049146,0.013062778300049146,0.03878899669755185,0.0004401531192223535
436,24,0.0008478869755263817,2.609044994967908e-05,0.003495022206411157,0.0950465758332026,0.0004034736926204907,0.239557564938329,2,False,19,0,0,0,0,10201,10345,10370,9725,10469,10423,10376,10281,10472,9419,10427,9659,10237,10382,10333,10191,9977,10240,10171,9763,9837,9379,10246,8925,0.003109803023640693,0.003495022206411157,0.0010569315754075537,0.0011201912230572985,0.0007322771667199945,0.0005739854161693558,0.0009125621589665206,0.0003518248405510848,0.0003518248405510848,0.0007300597034006993,0.0007831515992203729,0.0007831515992203729,0.0013924823126596837,0.0015509683559175647,0.0015509683559175647,0.00018663006312614352,0.0003333281015558518,0.0003333281015558518,0.00035598208527865395,0.00035598208527865395,0.00011563707015364042,0.00011563707015364042,3.146800777004406e-05,2.609044994967908e-05,0.20613213832312374,0.2127098879011938,0.0809322956423863,0.06363758755168036,0.09920322038162147,0.08075680287917414,0.1246288714632765,0.13547531331027926,0.13547531331027926,0.00919644093304616,0.07921958908119431,0.07921958908119431,0.180718669619399,0.239557564938329,0.239557564938329,0.05137764349743206,0.06063416631425934,0.06063416631425934,0.04107125681713594,0.04107125681713594,0.011974213441711717,0.011974213441711717,0.03555658030608919,0.0004034736926204907
437,24,0.0008370462139611041,2.4683297479590254e-05,0.0035091106799811714,0.09131398666072432,0.00036985088490211644,0.21959443452680158,0,False,19,0,0,0,0,10201,10345,10370,9725,10469,10423,10376,10495,10472,9419,10427,9659,10237,10382,10333,10191,9977,10240,10171,9763,9837,9379,10246,8925,0.003109803023640693,0.0035091106799811714,0.0010227375973976371,0.0010787125718200968,0.0007122219689634457,0.0005553884702855979,0.0008939128352649485,0.0003545986118082582,0.0003456834651950878,0.000692388085563419,0.0007574515349652057,0.0007574515349652057,0.0013856237455083865,0.0015689745066939675,0.0015689745066939675,0.00017910340618904777,0.00032071565485433987,0.00032071565485433987,0.0003406408193890705,0.0003406408193890705,0.00010975547247760475,0.00010975547247760475,3.0065399208740115e-05,2.4683297479590254e-05,0.20613213832312374,0.19498406390942763,0.07418793767218744,0.058334455255707,0.09093628534981968,0.07402706930590962,0.11424313217467012,0.20751903720108933,0.12418570386775599,0.008430070855292312,0.07261795665776144,0.07261795665776144,0.16565878048444907,0.21959443452680158,0.21959443452680158,0.047096173205979384,0.05558131912140439,0.05558131912140439,0.03764865208237461,0.03764865208237461,0.010976362321569073,0.010976362321569073,0.03259353194724843,0.00036985088490211644
438,24,0.0008245987594837552,2.335181792240624e-05,0.003505806781839354,0.08370448777233064,0.00033902997782694005,0.20129489831623476,1,False,19,0,0,0,0,10201,10345,10370,9725,10469,10423,10376,10495,10472,9419,10427,9659,10237,10382,10333,10191,9977,10240,10171,9763,9837,9379,10246,8925,0.0031165914393037524,0.003505806781839354,0.0009877821389160817,0.0010372279897447956,0.0006911138983406797,0.0005363820535146038,0.0008731011118244574,0.00035551074307556496,0.00033857697136592904,0.0006565194108975877,0.0007312414829908532,0.0007312414829908532,0.0013729952096068183,0.0015783396568678793,0.0015783396568678793,0.00017167429723991773,0.0003081440228582842,0.0003081440228582842,0.0003256483634837895,0.0003256483634837895,0.00010414391660444848,0.00010414391660444848,2.870147840767138e-05,2.335181792240624e-05,0.1889544601295301,0.17873539191697532,0.06800560953283849,0.053473250651064744,0.08335826157066803,0.06785814686375048,0.10472287116011428,0.19022578410099855,0.11383689521210966,0.007727564950684619,0.06656646026961464,0.06656646026961464,0.15185388211074496,0.20129489831623476,0.20129489831623476,0.0431714921054811,0.05094954252795402,0.05094954252795402,0.03451126440884339,0.03451126440884339,0.010061665461438317,0.010061665461438317,0.029877404284977725,0.00033902997782694005
439,24,0.0008102090971492942,2.2091971029113636e-05,0.0034866018433473913,0.07738520566675283,0.000310777479674695,0.1889544601295301,0,False,19,0,0,0,0,10201,10345,10370,9725,10469,10423,10376,10495,10472,9419,10427,9659,10237,10382,10333,10191,9977,10240,10171,9763,9837,9379,10246,8925,0.0031165914393037524,0.0034866018433473913,0.0009523708223198379,0.0009959817608571136,0.000669209468100517,0.0005171317627534032,0.00085050297959004,0.0003547029738599051,0.00033065673127565247,0.0006223864105636711,0.0007047428384888739,0.0007047428384888739,0.0013552314204688496,0.0015796433580629414,0.0015796433580629414,0.00016437255372556985,0.0002956813381949922,0.0002956813381949922,0.00031104231174818074,0.00031104231174818074,9.879395300397099e-05,9.879395300397099e-05,2.737859539032355e-05,2.2091971029113636e-05,0.1889544601295301,0.16384077592389404,0.06233847540510195,0.04901714643014268,0.07641173977311236,0.06220330129177127,0.09599596523010476,0.17437363542591533,0.10435048727776718,0.007083601204794234,0.061019255247146756,0.061019255247146756,0.13919939193484954,0.18452032345654854,0.18452032345654854,0.039573867763357674,0.04670374731729118,0.04670374731729118,0.03163532570810644,0.03163532570810644,0.00922319333965179,0.00922319333965179,0.027387620594562914,0.000310777479674695
440,24,0.0009387321811327203,2.0899928367613667e-05,0.0035421205496623644,0.09431429217438685,0.0002848793563684704,0.23352071126356955,1,False,19,0,0,0,0,10201,10561,10345,10370,9725,10469,10423,10376,10495,10569,10427,9659,10237,10382,10333,10576,9977,10577,10171,9763,9837,9379,10246,8925,0.0031084030522342595,0.0035421205496623644,0.0035421205496623644,0.0009167726081400119,0.0009551827936174441,0.0006467397187457058,0.0004977832944770457,0.0008264671068902665,0.00035232919582567335,0.0006051356273424079,0.0006781499671797633,0.0006781499671797633,0.0013329644781358927,0.0015735375780200774,0.0015735375780200774,0.0002906939790192305,0.0002906939790192305,0.0002906939790192305,0.0002968521544516927,0.0002968521544516927,9.369681442300529e-05,9.369681442300529e-05,2.6098478877469613e-05,2.0899928367613667e-05,0.17320825511873592,0.23352071126356955,0.23352071126356955,0.057143602454676784,0.04493238422763079,0.07004409479201966,0.05701969285079033,0.08799630146092936,0.15984249914042237,0.08982663443772805,0.055934317309884525,0.055934317309884525,0.1275994426069454,0.16914362983516948,0.16914362983516948,0.12614510170751692,0.12614510170751692,0.12614510170751692,0.028999048565764237,0.028999048565764237,0.008454593894680807,0.008454593894680807,0.025105318878349336,0.0002848793563684704
441,24,0.0009299687071059391,1.977206274011997e-05,0.0035771895099708725,0.09400062982346134,0.0002611394100044312,0.2140606519916054,0,False,19,0,0,0,0,10201,10561,10345,10587,10588,10469,10423,10376,10495,10569,10427,9659,10237,10382,10333,10576,9977,10577,10171,9763,9837,9379,10246,8925,0.0031084030522342595,0.0035771895099708725,0.0035771895099708725,0.0009039484866731617,0.0009386055951340415,0.000623910669764061,0.0004784635673524949,0.000801313034266864,0.0003485497931263049,0.0005870187900957042,0.0006516318051628852,0.0006516318051628852,0.001306810578816497,0.0015607190449032225,0.0015607190449032225,0.00028487424815914667,0.00028487424815914667,0.00028487424815914667,0.00028310025179606213,0.00028310025179606213,8.884352751446253e-05,8.884352751446253e-05,2.48623171665812e-05,1.977206274011997e-05,0.17320825511873592,0.2140606519916054,0.2140606519916054,0.13571496891678705,0.12452135220866156,0.06420708689268469,0.052268051779891134,0.08066327633918524,0.14652229087872048,0.08234108156791738,0.05127312420072748,0.05127312420072748,0.11696615572303327,0.15504832734890536,0.15504832734890536,0.11563300989855717,0.11563300989855717,0.11563300989855717,0.026582461185283884,0.026582461185283884,0.007750044403457406,0.007750044403457406,0.023013208971820222,0.0002611394100044312
442,24,0.001064873819917045,1.870493805809558e-05,0.0036856306450530427,0.10374453601480323,0.00023937779250406192,0.27955559765897164,1,False,19,0,0,0,0,10201,10561,10345,10609,10587,10612,10469,10423,10376,10495,10569,10427,9659,10237,10382,10333,10576,9977,10577,9763,9837,9379,10246,8925,0.0030865930195939175,0.0036856306450530427,0.0035929683038355056,0.0036856306450530427,0.0008882289860662684,0.0009431075059005309,0.0006009042322901215,0.00045928200312096994,0.0007753304345869985,0.00034352687632392616,0.0005682516697626342,0.0006253336536546347,0.0006253336536546347,0.0012773598034349952,0.0015419054761002236,0.0015419054761002236,0.0002783502582291562,0.0002783502582291562,0.0002783502582291562,0.0002698027338118794,8.422500756303978e-05,8.422500756303978e-05,2.3670831793891186e-05,1.870493805809558e-05,0.15877423385884126,0.27955559765897164,0.19622226432563827,0.27955559765897164,0.12440538817372146,0.1974779061912731,0.058856496318294295,0.04791238079823354,0.07394133664425313,0.13431209997216043,0.07547932477059092,0.04700036385066685,0.04700036385066685,0.10721897607944716,0.14212763340316326,0.14212763340316326,0.10599692574034407,0.10599692574034407,0.10599692574034407,0.024367256086510226,0.007104207369835955,0.007104207369835955,0.02109544155750187,0.00023937779250406192
443,24,0.0010517492367130186,1.7695299665102414e-05,0.0036856306450530427,0.10119406585955426,0.00021942964312872342,0.27955559765897164,0,False,19,0,0,0,0,10201,10561,10345,10609,10587,10612,10469,10423,10376,10641,10569,10427,9659,10237,10382,10333,10576,9977,10577,9763,9837,9379,10246,8925,0.0030525699158793795,0.0036856306450530427,0.0035929683038355056,0.0036856306450530427,0.0008700224788664721,0.0009428779278834512,0.0005778794527450335,0.0004403318973349462,0.0007487792178350274,0.0003461224391652223,0.0005490283312473934,0.0005993790791858843,0.0005993790791858843,0.0012451686462710046,0.0015178157813954848,0.0015178157813954848,0.0002712426046513543,0.0002712426046513543,0.0002712426046513543,0.00025697032436553614,7.983213833390693e-05,7.983213833390693e-05,2.252434412766884e-05,1.7695299665102414e-05,0.1455430477039378,0.27955559765897164,0.19622226432563827,0.27955559765897164,0.114038272492578,0.181021414008667,0.05395178829176977,0.04391968239838074,0.06777955859056536,0.20645275830781373,0.06918938103970834,0.043083666863111277,0.043083666863111277,0.0982840614061599,0.13028366395289964,0.13028366395289964,0.09716384859531539,0.09716384859531539,0.09716384859531539,0.022336651412634374,0.006512190089016292,0.006512190089016292,0.019337488094376715,0.00021942964312872342
444,24,0.0010190706803808573,1.6740065096470056e-05,0.0037704243167123075,0.10824038637375204,0.00020114383953466312,0.2725816951154959,0,False,19,0,0,0,0,10201,10561,10345,10609,10587,10612,10469,10423,10664,10376,10665,10569,10427,9659,10669,10670,10576,9977,10577,9763,9837,9379,10246,8925,0.0030525699158793795,0.0037704243167123075,0.003590830574831784,0.0037704243167123075,0.0008497182032539894,0.0009383134156784848,0.0005549739792195955,0.00042169182588332784,0.0007405077729275406,0.0007405077729275406,0.0003558559017729818,0.0005295215817387577,0.000573871848959808,0.000573871848959808,0.0012419801791560003,0.0015275592681995237,0.000263663312882035,0.000263663312882035,0.000263663312882035,0.00024460908965866506,7.565583887785617e-05,7.565583887785617e-05,2.1422835170483524e-05,1.6740065096470056e-05,0.1455430477039378,0.2562592978540573,0.1798704089651684,0.2562592978540573,0.1045350831181965,0.16593629617461142,0.049455805934122285,0.04025970886518234,0.14546459537468492,0.14546459537468492,0.2725816951154959,0.0634235992863993,0.03949336129118534,0.03949336129118534,0.17342705628897992,0.20276002529015802,0.08906686121237244,0.08906686121237244,0.08906686121237244,0.020475263794914843,0.005969507581598268,0.005969507581598268,0.017726030753178655,0.00020114383953466312
445,24,0.0010066093907095586,1.5836315263563243e-05,0.0038320822410682722,0.10312234627704693,0.0001843818529067745,0.24986655385587123,0,False,19,0,0,0,0,10201,10561,10345,10609,10587,10612,10469,10686,10423,10376,10665,10569,10427,9659,10669,10670,10576,9977,10577,9763,9837,9379,10246,8925,0.003007754554589885,0.0038320822410682722,0.003590830574831784,0.0038320822410682722,0.0008276817460513703,0.0009298339268254358,0.0005460337792931851,0.0005460337792931851,0.0004034270456483513,0.0007296202042532667,0.00036333251589869167,0.0005098837954638039,0.0005488978475391771,0.0005488978475391771,0.0012333414386495355,0.0015294485379160909,0.0002557152119040678,0.0002557152119040678,0.0002557152119040678,0.00023272111330246775,7.168711894274238e-05,7.168711894274238e-05,2.036599893620104e-05,1.5836315263563243e-05,0.13341446039527632,0.2349043563662192,0.1798704089651684,0.2349043563662192,0.09582382619168012,0.1521082714933938,0.12866782210627878,0.12866782210627878,0.03690473312641714,0.13334254576012783,0.24986655385587123,0.05813829934586603,0.03620224785025322,0.03620224785025322,0.15897480159823157,0.18586335651597818,0.08164462277800806,0.08164462277800806,0.08164462277800806,0.01876899181200527,0.005472048616465078,0.005472048616465078,0.0162488615237471,0.0001843818529067745
446,24,0.0009998346326885602,1.498128604958745e-05,0.0038715220959550482,0.09927992442327044,0.00016901669849787664,0.2349043563662192,0,False,19,0,0,0,0,10201,10561,10345,10609,10587,10612,10469,10686,10423,10376,10665,10569,10427,9659,10718,10670,10576,9977,10577,9763,9837,9379,10246,8925,0.003007754554589885,0.0038320822410682722,0.00357229536031906,0.0038715220959550482,0.0008042520412385081,0.000917869149194487,0.0005354803470298699,0.0005354803470298699,0.00038559085815161005,0.0007164559990303902,0.0003686134935181825,0.0004902480066892692,0.0005245269349238116,0.0005245269349238116,0.001251273927801368,0.0015241099975611722,0.0002474916564812704,0.0002474916564812704,0.0002474916564812704,0.00022130510124751852,6.791712446851693e-05,6.791712446851693e-05,1.935328982287651e-05,1.498128604958745e-05,0.13341446039527632,0.2349043563662192,0.16488120821807103,0.21532899333570094,0.08783850734237343,0.13943258220227764,0.1179455035974222,0.1179455035974222,0.033829338699215714,0.12223066694678383,0.22904434103454863,0.053293441067043854,0.033185393862732115,0.033185393862732115,0.22906023479837895,0.17037474347297998,0.07484090421317405,0.07484090421317405,0.07484090421317405,0.017204909161004832,0.005016044565092988,0.005016044565092988,0.014894789730101509,0.00016901669849787664
447,24,0.0009897685565117497,1.41723603032741e-05,0.0038899808572915753,0.09239474170947111,0.00015493197362305357,0.2349043563662192,0,False,19,0,0,0,0,10201,10561,10345,10609,10587,10612,10469,10686,10423,10376,10665,10569,10427,9659,10718,10670,10576,9977,10577,9763,9837,9379,10246,8925,0.002953546500257711,0.0038320822410682722,0.00357229536031906,0.0038899808572915753,0.0007797396359345004,0.0009028471945609347,0.0005235561562450544,0.0005235561562450544,0.00036822591378575243,0.0007013430805692478,0.00037179652164310927,0.00047072918113930714,0.0005008147175786617,0.0005008147175786617,0.0012620844684013823,0.0015122154781286616,0.0002390765270619179,0.0002390765270619179,0.0002390765270619179,0.000210356920647376,6.433717448287802e-05,6.433717448287802e-05,1.8383964432884394e-05,1.41723603032741e-05,0.12229658869566996,0.2349043563662192,0.16488120821807103,0.19738491055772586,0.08051863173050898,0.12781320035208782,0.10811671163097035,0.10811671163097035,0.031010227140947737,0.11204477803455185,0.2099573126150029,0.04885232097812353,0.030419944374171105,0.030419944374171105,0.20997188189851404,0.15617684818356498,0.06860416219540955,0.06860416219540955,0.06860416219540955,0.015771166730921094,0.004598040851335239,0.004598040851335239,0.013653557252593049,0.00015493197362305357
448,24,0.0009803624613406857,1.3752827137622902e-05,0.0038889326322964156,0.08998018737701506,0.004214870780390636,0.2349043563662192,0,False,19,0,0,0,0,10201,10561,10345,10609,10587,10612,10469,10686,10423,10376,10665,10569,10427,9659,10718,10670,10576,9977,10577,9763,9837,9379,10246,10775,0.002953546500257711,0.0038320822410682722,0.00357229536031906,0.0038889326322964156,0.000754425989010597,0.0008851855591987709,0.0005104901945248879,0.0005104901945248879,0.00035136544136079505,0.0006845930266708194,0.0003730075468423965,0.0004514255928397194,0.0004778042133207996,0.0004778042133207996,0.0012662005294495756,0.0014944589012271694,0.00023054444405054162,0.00023054444405054162,0.00023054444405054162,0.00019987007721789,6.0938790567016993e-05,6.0938790567016993e-05,1.7457118302607042e-05,1.3752827137622902e-05,0.12229658869566996,0.2349043563662192,0.16488120821807103,0.1809361680112487,0.07380874575296656,0.11716210032274717,0.09910698566172281,0.09910698566172281,0.02842604154586876,0.10270771319833918,0.19246086989708597,0.04478129422994657,0.027884949009656844,0.027884949009656844,0.19247422507363787,0.14316211083493455,0.06288714867912541,0.06288714867912541,0.06288714867912541,0.014456902836677669,0.004214870780390636,0.004214870780390636,0.012515760814876962,0.08347535430915448
449,24,0.0009685858675157151,1.3317376494452467e-05,0.0038715220959550482,0.08305434262413212,0.003863631548691416,0.21532899333570094,0,False,19,0,0,0,0,10201,10561,10345,10609,10587,10612,10469,10686,10423,10376,10665,10569,10427,9659,10718,10670,10576,9977,10577,9763,9837,9379,10246,10775,0.002891297793436696,0.0038715220959550482,0.00357229536031906,0.003870013739257826,0.0007285635880012355,0.0008652841718225396,0.0004964957913594647,0.0004964957913594647,0.0003350343934091324,0.0006664976769504534,0.00037239307913104557,0.0004324202484013931,0.000455527398432913,0.000455527398432913,0.0012641194039594804,0.0014715367951501968,0.00022196114158508747,0.00022196114158508747,0.00022196114158508747,0.00018983613589553577,5.77137199261631e-05,5.77137199261631e-05,1.6571718000725855e-05,1.3317376494452467e-05,0.11210520630436413,0.21532899333570094,0.16488120821807103,0.16585815401031131,0.06765801694021935,0.10739859196251823,0.09084807018991257,0.09084807018991257,0.026057204750379696,0.09414873709847758,0.17642246407232878,0.041049519710784355,0.025561203258852108,0.025561203258852108,0.17643470631750138,0.13123193493202334,0.05764655295586496,0.05764655295586496,0.05764655295586496,0.013252160933621197,0.003863631548691416,0.003863631548691416,0.011472780746970548,0.07651907478339161
450,24,0.0009580706123466551,1.2870611786289457e-05,0.0038899808572915753,0.08057052018432483,0.003541662252967131,0.19738491055772586,0,False,19,0,0,0,0,10201,10561,10345,10609,10587,10612,10469,10686,10423,10809,10665,10569,10427,9659,10718,10670,10576,9977,10577,9763,9837,9379,10246,10775,0.002891297793436696,0.0038899808572915753,0.0035389667173331787,0.003870013739257826,0.0007023766944247039,0.0008435203014677038,0.00048176927784965084,0.00048176927784965084,0.00031925050218516556,0.0006640214315841057,0.0003701132465353925,0.0004137823137973201,0.0004340066312072144,0.0004340066312072144,0.0012563846299231101,0.001444132551475192,0.00021338395435189188,0.00021338395435189188,0.00021338395435189188,0.00018024508965682227,5.465395297731706e-05,5.465395297731706e-05,1.5726629040602916e-05,1.2870611786289457e-05,0.11210520630436413,0.19738491055772586,0.1511411075332318,0.16585815401031131,0.06201984886186773,0.09844870929897505,0.08327739767408653,0.08327739767408653,0.023885771021181387,0.16963634234027114,0.16172059206630138,0.03762872640155232,0.023431102987281096,0.023431102987281096,0.16173181412437626,0.12029594035435473,0.05284267354287621,0.05284267354287621,0.05284267354287621,0.012147814189152763,0.003541662252967131,0.003541662252967131,0.010516715684723002,0.07014248521810897
451,24,0.0009313578059604441,1.2416638544725126e-05,0.0038889326322964156,0.08213211827895069,0.0032465237318865365,0.1809361680112487,0,False,19,0,0,0,0,10201,10561,10345,10609,10587,10612,10831,10423,10809,10665,10569,10427,9659,10718,10670,10576,9977,10577,10843,9763,9837,9379,10246,10775,0.0028222932032215256,0.0038889326322964156,0.0034924823061001087,0.003870013739257826,0.0006760625535205085,0.0008202450757707378,0.00047852005029794915,0.00030402524475104243,0.0006587030018077726,0.0003663357325100429,0.00039556850978580776,0.000413255950590469,0.000413255950590469,0.0012435654079388464,0.001412904164352568,0.0002048623789363103,0.0002048623789363103,0.0002048623789363103,0.00017549796618047923,0.00017549796618047923,5.175173625619139e-05,5.175173625619139e-05,1.4920640031569535e-05,1.2416638544725126e-05,0.10276310577900045,0.1809361680112487,0.1385460152387958,0.16585815401031131,0.05685152812337875,0.09024465019072712,0.15967094786791264,0.021895290102749602,0.15549998047858188,0.14824387606077627,0.03449299920142296,0.02147851107167434,0.02147851107167434,0.1482541629473449,0.1102712786581585,0.04843911741430319,0.04843911741430319,0.04843911741430319,0.09446882967339004,0.09446882967339004,0.0032465237318865365,0.0032465237318865365,0.009640322710996085,0.06429727811659988
452,24,0.0009156412668313891,1.1959082446618502e-05,0.003870013739257826,0.0793358936793517,0.002975980087562658,0.2192235530557116,0,False,19,0,0,0,0,10201,10561,10345,10609,10587,10612,10831,10423,10809,10857,10569,10427,9659,10718,10670,10576,9977,10577,10843,9763,9837,9379,10246,10775,0.0027477362099507545,0.003870013739257826,0.0034344709726016006,0.003870013739257826,0.0006497929299999683,0.0007957813570014187,0.0004733642641598024,0.00028936471813246204,0.0006508450464114898,0.0003705467560227139,0.0003778244513958492,0.0003932822519309908,0.0003932822519309908,0.001226239194526326,0.001378475102385651,0.0001964386784920002,0.0001964386784920002,0.0001964386784920002,0.00017046532745194407,0.00017046532745194407,4.8999581346265496e-05,4.8999581346265496e-05,1.4152483468632054e-05,1.1959082446618502e-05,0.09419951363075041,0.16585815401031131,0.12700051396889617,0.16585815401031131,0.052113900779763855,0.0827242626748332,0.14636503554558658,0.020070682594187133,0.14254164877203337,0.2192235530557116,0.031618582601304374,0.01968863514903481,0.01968863514903481,0.1358996493683995,0.10108200543664529,0.04440252429644459,0.04440252429644459,0.04440252429644459,0.08659642720060753,0.08659642720060753,0.002975980087562658,0.002975980087562658,0.008836962485079744,0.05893917160688322
453,24,0.0009463551748164477,1.1501113961488741e-05,0.0038349566924171393,0.0853514266973101,0.0027279817469324365,0.20790801192103286,0,False,20,0,0,0,0,10201,10561,10345,10609,10587,10612,10831,10423,10809,10857,10882,10427,9659,10885,10718,10670,10576,9977,10577,10843,9837,9379,10246,10775,0.0027477362099507545,0.0038349566924171393,0.00336651892512028,0.0038349566924171393,0.0006237158555267135,0.0007704227334089663,0.0004665221093754788,0.00027527042741336185,0.0006407509797639718,0.00037271981518122095,0.0003698853939705358,0.00037408634422996906,0.00037408634422996906,0.0012360537097563867,0.0012360537097563867,0.0013414279157168971,0.00018814850598497236,0.00018814850598497236,0.00018814850598497236,0.0001652123110225827,4.6390270444253887e-05,4.6390270444253887e-05,1.342085353208041e-05,1.1501113961488741e-05,0.09419951363075041,0.1520366411761187,0.11641713780482148,0.1520366411761187,0.047771075714783534,0.07583057411859709,0.13416794925012102,0.018398125711338205,0.1306631780410306,0.2009549236344023,0.11231703405119568,0.018047915553281908,0.018047915553281908,0.20790801192103286,0.20790801192103286,0.09265850498359152,0.040702313938407536,0.040702313938407536,0.040702313938407536,0.07938005826722357,0.0027279817469324365,0.0027279817469324365,0.008100548944656432,0.054027573972976285
454,24,0.00093290507343109,1.1045477460623286e-05,0.0038349566924171393,0.08276684003625731,0.0025006499346880667,0.27391567759428015,0,False,21,0,0,0,0,10201,10561,10345,10609,10587,10612,10831,10423,10809,10857,10882,10427,9659,10885,10910,10670,10576,9977,10577,10843,9837,9379,10246,10775,0.0026687398820625045,0.0038349566924171393,0.003290143803139338,0.0038349566924171393,0.00059795749559323,0.0007444334022797375,0.0004582107845499925,0.00026173999095199796,0.0006287181896113767,0.0003729921603680577,0.0003610790196350749,0.00035566389495394774,0.00035566389495394774,0.0012393682216524495,0.0012713314206949616,0.0013023001675908177,0.00018002152688319911,0.00018002152688319911,0.00018002152688319911,0.00015979785193029713,4.3916859097368505e-05,4.3916859097368505e-05,1.2724421239194439e-05,1.1045477460623286e-05,0.08634955416152121,0.1520366411761187,0.10671570965441968,0.1520366411761187,0.04379015273855157,0.06951135960871399,0.12298728681261092,0.01686494856872669,0.1197745798709447,0.1842086799982021,0.10295728121359604,0.016543922590508416,0.016543922590508416,0.19058234426094678,0.27391567759428015,0.08493696290162556,0.03731045444354024,0.03731045444354024,0.03731045444354024,0.0727650534116216,0.0025006499346880667,0.0025006499346880667,0.007425503199268396,0.049525276141894926
455,24,0.0009288514932727379,1.0867754858083367e-05,0.0037855338611246466,0.09141126496166548,0.0022922624401307276,0.2510893711280901,0,False,22,0,0,0,0,10201,10561,10345,10609,10925,10612,10831,10423,10809,10857,10882,10427,9659,10885,10910,10670,10576,10937,10577,10843,9837,9379,10246,10943,0.0026687398820625045,0.0037855338611246466,0.003290143803139338,0.0037855338611246466,0.0007365671597880274,0.0007365671597880274,0.0004486403564779441,0.00024876776776073,0.0006150327658042796,0.00037151800655408403,0.00035155945434591857,0.00033800626952821747,0.00033800626952821747,0.0012366757073645491,0.0012985274748455997,0.0012615822905450707,0.00017208202693122065,0.00017652000749450152,0.00017208202693122065,0.00015427473213268874,4.157267657771498e-05,4.157267657771498e-05,1.2061847260767701e-05,1.0867754858083367e-05,0.08634955416152121,0.1393669210781088,0.10671570965441968,0.1393669210781088,0.14705207964132117,0.14705207964132117,0.11273834624489334,0.015459536187999464,0.1097933648816993,0.16885795666501857,0.0943775077791297,0.015165262374632714,0.015165262374632714,0.1747004822392012,0.2510893711280901,0.07785888265982342,0.03420124990657855,0.1175345832399119,0.03420124990657855,0.06670129896065312,0.0022922624401307276,0.0022922624401307276,0.006806711265996029,0.12873150313007037
456,24,0.0009123979360980838,1.0657899133540062e-05,0.0037855338611246466,0.08427757246860344,0.0021012405701198336,0.2301652568674159,0,False,22,0,0,0,0,10201,10561,10345,10609,10925,10612,10831,10423,10809,10857,10882,10427,9659,10885,10910,10670,10576,10937,10577,10843,9837,9379,10246,10943,0.002586321825256774,0.003723510887521921,0.003206775763187641,0.0037855338611246466,0.0007260602948881792,0.0007260602948881792,0.00043801063859415473,0.00023634541259691527,0.0005999655859261723,0.0003684620201182199,0.00034146928272963414,0.000321101273233342,0.000321101273233342,0.0012285119667843824,0.0013178526454301392,0.0012197169943793608,0.00016434949462219216,0.00017256935910765463,0.00016434949462219216,0.0001486897576947541,3.935132429719396e-05,3.935132429719396e-05,1.1431792686290735e-05,1.0657899133540062e-05,0.07915375798139444,0.12775301098826639,0.0978227338498847,0.1393669210781088,0.13479773967121106,0.13479773967121106,0.1033434840578189,0.014171241505666175,0.10064391780822436,0.15478646027626702,0.08651271546420222,0.013901490510079988,0.013901490510079988,0.16014210871926776,0.2301652568674159,0.07137064243817147,0.031351145747697005,0.1077400346365859,0.031351145747697005,0.061142857380598686,0.0021012405701198336,0.0021012405701198336,0.006239485327163026,0.11800387786923117
457,24,0.000901085987507704,1.042073713809509e-05,0.0037855338611246466,0.08540122507555235,0.001926137189276514,0.21098481879513123,0,False,23,0,0,0,0,10201,10561,10345,10609,10925,10612,10831,10423,10809,10857,10882,10427,9659,10885,10910,10670,10576,10937,10577,10987,9837,9379,10990,10943,0.002586321825256774,0.003723510887521921,0.003117744628056216,0.0037855338611246466,0.000713250973527999,0.000713250973527999,0.00042650896555040767,0.00022446236454529373,0.0005837695840379413,0.00036399372393607044,0.0003309388920245143,0.00030493380347781777,0.00030493380347781777,0.0012154358257114295,0.0013296498756007245,0.0011770998897045553,0.00015683917122976047,0.00016824493558106874,0.00015683917122976047,0.0001467741544326977,3.724667261160916e-05,3.724667261160916e-05,1.1112308268168584e-05,1.042073713809509e-05,0.07915375798139444,0.12775301098826639,0.0896708393623943,0.1393669210781088,0.12356459469861013,0.12356459469861013,0.09473152705300066,0.012990304713527327,0.092256924657539,0.1418875885865781,0.07930332250885204,0.012743032967573321,0.012743032967573321,0.1467969329926621,0.21098481879513123,0.06542308890165718,0.028738550268722254,0.0987616984168704,0.028738550268722254,0.13938095259888214,0.001926137189276514,0.001926137189276514,0.08905286154989944,0.10817022138012856
458,24,0.0008853375636983379,1.0160827631588555e-05,0.0037855338611246466,0.07921195608337568,0.0017656257568368044,0.19340275056220363,0,False,23,0,0,0,0,10201,10561,10345,10609,10925,10612,10831,10423,10809,10857,10882,10427,9659,10885,10910,10670,10576,10937,10577,10987,9837,9379,10990,10943,0.0025014024320122595,0.003723510887521921,0.0030242721383815984,0.0037855338611246466,0.0006984665764851856,0.0006984665764851856,0.00041430873449086364,0.0002131062749009356,0.0005666780235588956,0.00035828284079030904,0.00032008624008169684,0.00028948642040804164,0.00028948642040804164,0.0011980124533471981,0.0013343648161589091,0.001134081032252732,0.0001495625638724229,0.00016361690205329493,0.0001495625638724229,0.00014436994357032318,3.525285631458188e-05,3.525285631458188e-05,1.0777286722473187e-05,1.0160827631588555e-05,0.0725576114829449,0.12775301098826639,0.0821982694155281,0.1393669210781088,0.11326754514039261,0.11326754514039261,0.08683723313191727,0.011907779320733383,0.08456884760274408,0.13006362287102993,0.07269471229978103,0.011681113553608877,0.011681113553608877,0.1345638552432736,0.19340275056220363,0.05997116482651908,0.026343671079662064,0.09053155688213119,0.026343671079662064,0.12776587321564195,0.0017656257568368044,0.0017656257568368044,0.08163178975407448,0.09915603626511785
459,24,0.0008693523168876271,9.88241795739818e-06,0.0037855338611246466,0.07334680881448691,0.001618490277100404,0.17728585468202,0,False,23,0,0,0,0,10201,10561,10345,10609,10925,10612,10831,10423,10809,10857,10882,10427,9659,10885,10910,10670,10576,10937,10577,10987,9837,9379,10990,10943,0.0025014024320122595,0.003650609451501522,0.002927468387448229,0.0037855338611246466,0.0006820187648833457,0.0006820187648833457,0.0004015685853524392,0.0002022633800412016,0.0005489036004753119,0.00035149554408673417,0.000309016957681678,0.0002747398436143185,0.0002747398436143185,0.0011767997504918872,0.0013325181630227893,0.001090967135643241,0.00014252791913974116,0.00015874980271619518,0.00014252791913974116,0.00014154388026525974,3.336426907965221e-05,3.336426907965221e-05,1.043066204814288e-05,9.88241795739818e-06,0.0725576114829449,0.11710692673924418,0.07534841363090075,0.1393669210781088,0.10382858304535988,0.10382858304535988,0.07960079703759082,0.010915464377338934,0.07752144363584873,0.11922498763177743,0.0666368196081326,0.01070768742414147,0.01070768742414147,0.12335020063966746,0.17728585468202,0.05497356775764249,0.02414836515635689,0.08298726047528691,0.02414836515635689,0.11711871711433845,0.001618490277100404,0.001618490277100404,0.0748291406079016,0.0908930332430247
460,24,0.0008462033958188516,9.58941728352737e-06,0.003723510887521921,0.067234574746613,0.001483616087342037,0.1625120334585183,1,False,23,0,0,0,0,10201,10561,10345,10609,10925,10612,10831,10423,10809,10857,10882,10427,9659,10885,10910,10670,10576,10937,10577,10987,9837,9379,10990,10943,0.002414805731316132,0.0035684786404734437,0.0028283315936228595,0.003723510887521921,0.0006641999498322075,0.0006641999498322075,0.00038843209995920755,0.00019191882474918826,0.0005306382151044018,0.0003437915500850835,0.0002978247060307439,0.00026067338235596753,0.00026067338235596753,0.001152337629181914,0.001324680643831064,0.0010480242414740628,0.0001357406563965395,0.00015370235253144837,0.0001357406563965395,0.0001383599062451686,3.157555707197706e-05,3.157555707197706e-05,1.0075968928886888e-05,9.58941728352737e-06,0.06651114385936616,0.10734801617764049,0.06906937916165902,0.12775301098826639,0.09517620112491322,0.09517620112491322,0.07296739728445825,0.010005842345894023,0.07106132333286133,0.10928957199579598,0.06108375130745488,0.009815380138796348,0.009815380138796348,0.11307101725302851,0.1625120334585183,0.050392437111172285,0.022136001393327148,0.07607165543567967,0.022136001393327148,0.10735882402147691,0.001483616087342037,0.001483616087342037,0.06859337889057647,0.08331861380610597
461,24,0.0008302888587447366,9.2853834813332e-06,0.003650609451501522,0.06918869836265672,0.0013599814133968672,0.14896936400364177,0,False,24,0,0,0,0,10201,10561,10345,10609,10925,10612,10831,10423,11072,10857,10882,10427,9659,10885,10910,10670,10576,10937,10577,10987,9837,9379,11086,10943,0.002327262221584335,0.0035684786404734437,0.0028283315936228595,0.003650609451501522,0.0006452809651183139,0.0006452809651183139,0.0003750279106413165,0.00018205694115447913,0.0005252590761429044,0.00033532196460856395,0.0002865917213778216,0.0002472653063048245,0.0002472653063048245,0.0011251399175009474,0.0013114511446000734,0.0010054806738525942,0.0001292037610757344,0.0001485274081769829,0.0001292037610757344,0.00013487833667041448,2.988161191873319e-05,2.988161191873319e-05,9.96693564887491e-06,9.2853834813332e-06,0.060968548537752305,0.10734801617764049,0.06906937916165902,0.11710692673924418,0.08724485103117045,0.08724485103117045,0.06688678084408672,0.009172022150402854,0.14847287972178957,0.10018210766281298,0.055993438698500306,0.008997431793896652,0.008997431793896652,0.1036484324819428,0.14896936400364177,0.046193067351907924,0.020291334610549886,0.06973235081603969,0.020291334610549886,0.09841225535302049,0.0013599814133968672,0.0013599814133968672,0.14621059731636177,0.07637539598893048
462,24,0.00080913230034002,8.973520932944132e-06,0.003650609451501522,0.06730181699472436,0.0012466496289471282,0.13655525033667162,0,False,24,0,0,0,0,10201,10561,10345,10609,10925,10612,10831,10423,11072,10857,10882,10427,9659,10885,10910,10670,10576,10937,10577,10987,9837,11109,11086,10943,0.002239413156381539,0.003478673985212974,0.0027277504563157353,0.003650609451501522,0.0006255097440118619,0.0006255097440118619,0.0003614701219150111,0.00017266148811665588,0.0005179725338997103,0.0003262277866329971,0.00027538948953418583,0.0002344931633295481,0.0002344931633295481,0.0010956885754390712,0.0012934381789916649,0.00096353013988583,0.00012291813914277084,0.00014327207822200679,0.00012291813914277084,0.0001311553043551996,2.82775631991702e-05,2.900683910376553e-05,9.822445552133774e-06,8.973520932944132e-06,0.055887836159606276,0.0984023481628371,0.0633135975648541,0.11710692673924418,0.07997444677857292,0.07997444677857292,0.06131288244041283,0.008407686971202616,0.13610013974497376,0.09183359869091189,0.051327318806958615,0.00824764581107193,0.00824764581107193,0.09501106310844756,0.13655525033667162,0.04234364507258226,0.018600390059670728,0.06392132158136972,0.018600390059670728,0.09021123407360211,0.0012466496289471282,0.08457998296228048,0.1340263808733316,0.0700107796565196
463,24,0.00078824038280989,8.656686840680744e-06,0.0035684786404734437,0.06550722928739607,0.0011427621598682008,0.12517564614194898,0,False,25,0,0,0,0,10201,10561,10345,10609,10925,10612,10831,10423,11072,10857,10882,10427,11124,10885,10910,10670,10576,10937,10577,10987,9837,11109,11086,10943,0.002151815837254797,0.003478673985212974,0.002626508440430007,0.0035684786404734437,0.0006051108124456297,0.0006051108124456297,0.0003478589621770084,0.00016371585551355826,0.0005090199971609217,0.0003166389686117428,0.00026427950322822853,0.00022233405033976459,0.0002280680262323066,0.0010644298897992711,0.001271244683738696,0.0009223348678073424,0.00011688293452638067,0.00013797793768947694,0.00011688293452638067,0.0001272424209474112,2.6758770590754127e-05,2.809709821116579e-05,9.647071233785502e-06,8.656686840680744e-06,0.05123051647963908,0.0984023481628371,0.058037464434449584,0.10734801617764049,0.07330990954702517,0.07330990954702517,0.05620347557037843,0.007707046390269064,0.12475846143289261,0.08418079880000257,0.04705004223971206,0.007560341993482602,0.09089367532681594,0.08709347451607694,0.12517564614194898,0.0388150079832004,0.017050357554698168,0.05859454478292224,0.017050357554698168,0.08269363123413527,0.0011427621598682008,0.0775316510487571,0.12285751580055396,0.06417654801847629
464,24,0.0007628286934182775,8.337403922409512e-06,0.003478673985212974,0.06004829351344639,0.001047531979879184,0.11474434229678657,1,False,25,0,0,0,0,10201,10561,10345,10609,10925,10612,10831,10423,11072,10857,10882,10427,11124,10885,10910,10670,10576,10937,10577,10987,9837,11109,11086,10943,0.0020649495472267964,0.003382643132286375,0.002525289433527377,0.003478673985212974,0.000584285427644984,0.000584285427644984,0.00033428159552952605,0.0001552032375251924,0.0004986356497770776,0.00030667393653486917,0.0002533140644148867,0.00021076484269911416,0.0002213061494994126,0.0010317723200435952,0.0012454559679157867,0.0008820287002703435,0.00011109581171463203,0.0001326813173712119,0.00011109581171463203,0.00012318661630740508,2.532081578656574e-05,2.7162213288095348e-05,9.445234180411857e-06,8.337403922409512e-06,0.04696130677300249,0.09020215248260068,0.05320100906491212,0.0984023481628371,0.0672007504181064,0.0672007504181064,0.05151985260618022,0.007064792524413308,0.11436192298015156,0.07716573223333568,0.04312920538640272,0.006930313494025718,0.08331920238291461,0.07983568497307052,0.11474434229678657,0.035580423984600366,0.015629494425139986,0.053711666051012054,0.015629494425139986,0.07580249529795732,0.001047531979879184,0.07107068012802734,0.11261938948384112,0.05882850235026993
465,24,0.0007419976870302047,8.224658061976641e-06,0.003382643132286375,0.06230191541677934,0.0009602376482225854,0.13725946048774745,0,False,25,0,0,0,0,10201,10561,10345,10609,10925,10612,10831,10423,11072,10857,10882,10427,11124,10885,10910,11175,10576,10937,10577,10987,9837,11109,11086,11183,0.001979221830167497,0.003382643132286375,0.0024246843144319825,0.003382643132286375,0.0005632122111011614,0.0005632122111011614,0.00032081303619535545,0.0001471067786368044,0.0004870428175343062,0.00029643947961420156,0.00024253710175361817,0.00019976238721418834,0.0002142896427266651,0.0009980856856777586,0.0012166305419297574,0.0008644537599528518,0.0001055532059569836,0.00012741364324080228,0.0001055532059569836,0.00011903012034266616,2.3959494280680183e-05,2.62109589958116e-05,9.221139278953044e-06,8.224658061976641e-06,0.043047864541918945,0.09020215248260068,0.0487675916428361,0.09020215248260068,0.0616006878832642,0.0616006878832642,0.047226531555665203,0.0064760598140455325,0.1048317627318056,0.07073525454722437,0.03953510493753582,0.006352787369523575,0.07637593551767173,0.07318271122531464,0.10518231377205435,0.11594872198588368,0.01432703655637832,0.04923569388009438,0.01432703655637832,0.0694856206897942,0.0009602376482225854,0.06514812345069172,0.1032344403601877,0.13725946048774745
466,24,0.0007437834008138278,8.085129622480026e-06,0.003382643132286375,0.06458619729382789,0.0008802178442040365,0.1280369590059331,0,False,26,0,0,0,0,11186,10561,10345,10609,10925,10612,10831,10423,11072,10857,10882,10427,11124,10885,10910,11175,10576,10937,10577,10987,9837,11109,11086,11183,0.002385164715086246,0.0032817171110855565,0.002385164715086246,0.003382643132286375,0.0005420481456302453,0.0005420481456302453,0.00030751711916951816,0.000139409695729024,0.0004744513505082121,0.000286030928593776,0.00023198498043856117,0.00018930366322238065,0.00020709245764338754,0.0009637014136773618,0.0011852934941685008,0.0008447313422736997,0.00010025054362982992,0.00012220180589233632,0.00010025054362982992,0.00011481055535946452,2.2670807102311306e-05,2.52510959019911e-05,8.978728164287618e-06,8.085129622480026e-06,0.1280369590059331,0.08268530644238395,0.1280369590059331,0.09020215248260068,0.056467297226325514,0.056467297226325514,0.043290987259359766,0.005936388162875071,0.09609578250415513,0.06484065000162234,0.03624051285940783,0.005823388422063277,0.07001127422453242,0.06708415195653841,0.09641712095771648,0.10628632848706004,0.013133116843346792,0.04513271939008651,0.013133116843346792,0.06369515229897801,0.0008802178442040365,0.05971911316313407,0.09463157033017205,0.1258211721137685
467,24,0.0007645400863607009,7.922545439846958e-06,0.003382643132286375,0.07075127024854976,0.0008068663571870335,0.18076246777980504,0,False,26,0,0,0,0,11186,10561,10345,10609,10925,10612,10831,10423,11072,10857,10882,10427,11124,10885,10910,11175,11223,10937,10577,10987,9837,11109,11086,11183,0.002385164715086246,0.0032817171110855565,0.0023386523230204785,0.003382643132286375,0.0005209298267756948,0.0005209298267756948,0.0002944474906206841,0.00013209537928462542,0.0004610558780583942,0.0002755325518415848,0.0002216872874452266,0.00017936591584268992,0.00019978053370805989,0.0009289135972237616,0.0011519320592032493,0.0008444588933830345,0.0008444588933830345,0.00011706854402533593,9.51824353456953e-05,0.00011056111114096285,2.1450952565745564e-05,2.4289420435421264e-05,8.721648679423912e-06,7.922545439846958e-06,0.1280369590059331,0.08268530644238395,0.11736721242210534,0.09020215248260068,0.05176168912413172,0.05176168912413172,0.03968340498774645,0.005441689149302148,0.08808780062880886,0.05943726250148714,0.03322047012112384,0.005338106053558004,0.06417700137248805,0.06149380596016021,0.08838236087790677,0.18076246777980504,0.18076246777980504,0.04137165944091264,0.012038690439734559,0.058387222940729844,0.0008068663571870335,0.054742520399539564,0.08674560613599104,0.11533607443762112
468,24,0.0007431911210613746,7.740465072351199e-06,0.0032817171110855565,0.0648553310611706,0.000739627494088114,0.16569892879815462,1,False,27,0,0,0,0,11186,10561,10345,10609,10925,10612,10831,10423,11072,10857,10882,10427,11124,10885,10910,11175,11223,10937,10577,10987,9837,11109,11086,11183,0.0023386523230204785,0.0031771061958524686,0.0022862043752708257,0.0032817171110855565,0.0004999748780900797,0.0004999748780900797,0.00028164859005923125,0.00012514747642384537,0.0004470347942583666,0.0002650181087383221,0.00021166758012735863,0.00016992676502380915,0.0001924120910828596,0.0008939806514402367,0.0011169930222384977,0.0008403098829366172,0.0008403098829366172,0.00011203282956104535,9.034284433987178e-05,0.00010631077913585255,2.0296318091243758e-05,2.3331824836438183e-05,8.453237760935767e-06,7.740465072351199e-06,0.11736721242210534,0.07579486423885196,0.10758661138692989,0.08268530644238395,0.04744821503045407,0.04744821503045407,0.03637645457210091,0.004988215053526969,0.08074715057640812,0.054484157293029876,0.030452097611030186,0.00489326388242817,0.05882891792478071,0.05636932213014685,0.0810171641380812,0.16569892879815462,0.16569892879815462,0.037924021154169915,0.011035466236423345,0.053521621029002354,0.000739627494088114,0.050180643699577934,0.07951680562465845,0.10572473490115268
469,24,0.0007221487404399275,7.542237828437446e-06,0.0031771061958524686,0.06986738680607305,0.0006779918695807712,0.15759906712657445,2,False,25,0,0,0,0,11186,10561,10345,10609,10925,10612,10831,10423,11072,10857,10882,10427,11124,10885,11270,11175,11223,10937,11274,10987,9837,11277,11086,11183,0.0022862043752708257,0.0030698994409126446,0.002228818493978623,0.0031771061958524686,0.0004792834573326032,0.0004792834573326032,0.00026915660346982066,0.00011854995818532615,0.0004325498389425806,0.0002545515098628701,0.00020194409005655733,0.00016096429362573753,0.00018503802940578412,0.0008591273856523722,0.0011087574657980693,0.0008326606856844794,0.0008326606856844794,0.00010711024501427452,8.793607889275652e-05,0.00010208462612747506,1.9203472141911463e-05,2.2960628285398856e-05,8.176515220162043e-06,7.542237828437446e-06,0.10758661138692989,0.06947862555228096,0.09862106043801906,0.07579486423885196,0.04349419711124956,0.04349419711124956,0.03334508335775917,0.0045725304657330545,0.07401822136170744,0.04994381085194405,0.027914422810111004,0.004485491892225822,0.05392650809771565,0.05167187861930128,0.15759906712657445,0.15189068473164172,0.15189068473164172,0.03476368605798909,0.09344917738338808,0.04906148594325216,0.0006779918695807712,0.12933225672461313,0.07289040515593691,0.09691434032605661
470,24,0.0007185099693644186,7.330973852216793e-06,0.0030698994409126446,0.07874884658310961,0.0006214925471157069,0.2277991448660266,0,False,25,0,0,0,0,11186,10561,10345,10609,10925,10612,10831,10423,11072,10857,10882,10427,11124,11294,11270,11175,11223,10937,11298,10987,9837,11277,11086,11183,0.002228818493978623,0.0030698994409126446,0.0021674234127672305,0.0030698994409126446,0.0004589397960748941,0.0004589397960748941,0.00025700037255700344,0.00011228717319845356,0.0004177461511915229,0.0002441875427141595,0.00019253037715712937,0.00015245711740554454,0.00017770239773202333,0.001124445164462382,0.001124445164462382,0.0008218962077899215,0.0008218962077899215,0.0001023133462858932,8.759220448601788e-05,9.790409141644061e-05,1.81691563128169e-05,2.252104908909805e-05,7.89418612218647e-06,7.330973852216793e-06,0.09862106043801906,0.06947862555228096,0.0904026387348508,0.06947862555228096,0.039869680685312096,0.039869680685312096,0.030566326411279234,0.004191486260255299,0.06785003624823181,0.04578182661428204,0.02558822090926842,0.004111700901207003,0.04943263242290601,0.2277991448660266,0.2277991448660266,0.13923312767067156,0.13923312767067156,0.03186671221982333,0.16899507926810575,0.04497302878131448,0.0006214925471157069,0.1185545686642287,0.0668162047262755,0.08883814529888523
471,24,0.000707967595636887,7.1095270056395386e-06,0.0030698994409126446,0.07266893315640799,0.0005697015015227313,0.2088158827938577,0,False,25,0,0,0,0,11186,10561,10345,10609,10925,10612,10831,10423,11072,10857,10882,10427,11124,11294,11270,11175,11223,10937,11298,10987,9837,11277,11086,11183,0.0021674234127672305,0.0030698994409126446,0.0021028733019975787,0.0030698994409126446,0.0004390137285439146,0.0004390137285439146,0.00024520225009432006,0.00010634388964514761,0.0004027526860270938,0.00023397262999734389,0.00018343593166160623,0.00014438443944459628,0.0001704429074247803,0.001133759412350155,0.001133759412350155,0.0008083997945106294,0.0008083997945106294,9.765200612664405e-05,8.687503601351338e-05,9.378729481717916e-05,1.7190277601179514e-05,2.2023302292161073e-05,7.6086497345897675e-06,7.1095270056395386e-06,0.0904026387348508,0.06947862555228096,0.08286908550694656,0.06947862555228096,0.03654720729486942,0.03654720729486942,0.02801913254367263,0.0038421957385673575,0.06219586656087916,0.0419666743964252,0.023455869166829384,0.003769059159439753,0.04531324638766384,0.2088158827938577,0.2088158827938577,0.12763036703144892,0.12763036703144892,0.029211152868171386,0.1549121559957636,0.0412252763828716,0.0005697015015227313,0.10867502127554297,0.06124818766575254,0.08143496652397812
472,24,0.0006965596940102219,6.8804873949243936e-06,0.0030698994409126446,0.0740866182789963,0.000522226376395837,0.20032783644549484,0,False,26,0,0,0,0,11186,10561,10345,10609,10925,10612,10831,10423,11072,10857,10882,10427,11124,11294,11270,11223,11344,10937,11298,10987,9837,11277,11086,11183,0.0021028733019975787,0.0030698994409126446,0.0021028733019975787,0.0029610670654708865,0.00041956217680463436,0.00041956217680463436,0.0002337788952351268,0.00010070532718444926,0.0003876828999121109,0.00022394559474945354,0.00017466672330558507,0.00013672609125257802,0.000163291465505529,0.0011370887304368907,0.0011370887304368907,0.000812984837359466,0.000812984837359466,9.313373520383274e-05,8.582453405103679e-05,8.974934561236392e-05,1.626390088009792e-05,2.1477043077033695e-05,7.322013300534654e-06,6.8804873949243936e-06,0.08286908550694656,0.06947862555228096,0.08286908550694656,0.06368874008959087,0.033501606686963635,0.033501606686963635,0.02568420483169991,0.003522012760353411,0.057012877680805894,0.03846945153005643,0.021501213402926933,0.003454970896153107,0.041537142522025186,0.1914145592277029,0.1914145592277029,0.20032783644549484,0.20032783644549484,0.026776890129157103,0.1420028096627833,0.037789836684298965,0.000522226376395837,0.09961876950258106,0.056144172026939825,0.07464871931364661
473,24,0.0006778809960371518,6.6461815682752426e-06,0.0029610670654708865,0.0713849556446355,0.0004787075116961839,0.2669671834083703,1,False,26,0,0,0,0,11186,10561,10345,10609,10925,10612,10831,10423,11072,10857,10882,10427,11124,11294,11270,11223,11368,10937,11298,10987,9837,11277,11086,11183,0.002035945051852793,0.0029610670654708865,0.002035945051852793,0.0028514649713209197,0.00040063056873660514,0.00040063056873660514,0.0002227420056730536,9.535718031053524e-05,0.0003726356253211145,0.00021413841277899534,0.0001662256985925053,0.00012946256251154608,0.0001562747109700161,0.0011348829245134303,0.0011348829245134303,0.0008134359963406778,0.0008344144402003366,8.876397903179594e-05,8.44807155377061e-05,8.580264503132469e-05,1.538724159288621e-05,2.089127326561787e-05,7.036109167793248e-06,6.6461815682752426e-06,0.07596332838136768,0.06368874008959087,0.07596332838136768,0.05838134508212496,0.030709806129716664,0.030709806129716664,0.02354385442905825,0.0032285116969906266,0.052261804540738734,0.03526366390255173,0.01970944561934969,0.0031670566548070147,0.038075713978523086,0.17546334595872765,0.17546334595872765,0.18363385007503694,0.2669671834083703,0.02454548261839401,0.1301692421908847,0.03464068362727405,0.0004787075116961839,0.09131720537736597,0.05146549102469484,0.06842799270417606
474,24,0.0006674992990578924,6.573957897215429e-06,0.0029610670654708865,0.06933228602553988,0.0004388152190548352,0.2447199181243394,0,False,26,0,0,0,0,11186,10561,10345,10609,10925,10612,10831,10423,11072,10857,10882,10427,11124,11294,11270,11223,11368,10937,11298,10987,9837,11277,11086,11399,0.0019673379215922587,0.0029610670654708865,0.0019673379215922587,0.0028514649713209197,0.0003822541728751842,0.0003822541728751842,0.00021209898586176264,9.028563443282028e-05,0.0003576960684986321,0.00020457693809317238,0.0001581132279776708,0.00012257502117922432,0.00014941454083981204,0.0011276320728570751,0.0011276320728570751,0.0008100906639961866,0.0008506069764697619,8.454639005691075e-05,8.288276793015162e-05,8.19571768421495e-05,1.4557658680515602e-05,2.027428312759161e-05,6.752514064995506e-06,6.573957897215429e-06,0.06963305101625371,0.06368874008959087,0.06963305101625371,0.05838134508212496,0.02815065561890694,0.02815065561890694,0.02158186655997006,0.0029594690555747407,0.04790665416234384,0.032325025244005746,0.018066991817737212,0.00290313526690643,0.03490273781364616,0.160841400462167,0.160841400462167,0.1683310292354505,0.2447199181243394,0.022500025733527843,0.11932180534164429,0.03175395999166788,0.0004388152190548352,0.08370743826258548,0.04717670010597027,0.14605899331216138
475,24,0.000643861182291048,6.472569551642371e-06,0.0028514649713209197,0.07470181883106607,0.0004022472841335989,0.23763677679916298,0,False,26,0,0,0,0,11186,10561,10345,10609,10925,11405,10831,10423,11072,10857,10882,10427,11124,11294,11415,11223,11368,10937,11298,10987,9837,11277,11086,11399,0.0018976750259166722,0.0028514649713209197,0.0019673379215922587,0.0028514649713209197,0.0003644593402785212,0.00037385871508312376,0.000201853552237398,8.547737580415453e-05,0.0003429368771364931,0.0001952815912667061,0.00015032750552309795,0.00011604532545284382,0.00014272861628692382,0.0011158482216672267,0.0008240258115058827,0.0008240258115058827,0.0008617273017882741,8.048307496704364e-05,8.106836192017832e-05,7.822078230690245e-05,1.3772647750801962e-05,1.963362229450596e-05,6.472569551642371e-06,6.478380506776892e-06,0.06383029676489924,0.05838134508212496,0.06963305101625371,0.05838134508212496,0.025804767650664695,0.10913810098399804,0.019783377679972555,0.0027128466342768455,0.04391443298214852,0.029631273140338598,0.01656140916625911,0.0026612073279975606,0.031994176329175644,0.14743795042365307,0.23763677679916298,0.23763677679916298,0.22432659161397778,0.020625023589067187,0.10937832156317392,0.029107796659028885,0.0004022472841335989,0.07673181840737002,0.043245308430472744,0.13388741053614792
476,24,0.0006281733377408522,6.197402875859709e-06,0.002741840784489805,0.06871844868895033,0.0003687266771224657,0.21783371206589938,0,False,26,0,0,0,0,11186,10561,10345,10609,10925,11405,10831,10423,11072,10857,10882,10427,11124,11294,11415,11223,11368,10937,11298,10987,9837,11277,11086,11399,0.0018275061978224269,0.002741840784489805,0.0019673379215922587,0.002741840784489805,0.0003472646483573265,0.00036463293024131333,0.00019200627763999912,8.09195962782981e-05,0.0003284192358742719,0.00018626800416642462,0.00014286490402644502,0.00010985602890094327,0.00013623084209980847,0.0011000499356779755,0.0008331440858480317,0.0008331440858480317,0.0008680206688845853,7.657481786791749e-05,7.907314223079578e-05,7.459941708605796e-05,1.3029834494741478e-05,1.8976094032933132e-05,6.197402875859709e-06,6.362464954398104e-06,0.0585111053678243,0.05351623299194788,0.06963305101625371,0.05351623299194788,0.023654370346442636,0.10004325923533153,0.018134762873308174,0.0024867760814204416,0.04025489690030281,0.027162000378643712,0.015181291735737517,0.0024394400506644303,0.029327994968411007,0.13515145455501532,0.21783371206589938,0.21783371206589938,0.20563270897947963,0.01890627162331159,0.10026346143290943,0.026682146937443144,0.0003687266771224657,0.07033750020675585,0.039641532727933346,0.12273012632480225
477,24,0.0005829129062225877,5.9279476526009446e-06,0.00263284091463369,0.07749637309774392,0.00033799945402892683,0.19968090272707442,0,False,26,0,0,0,0,11186,10561,10345,11450,10925,11453,10831,10423,11072,10857,10882,10427,11124,11294,11415,11223,11368,10937,11298,11467,9837,11277,11086,11399,0.0017573118363007274,0.00263284091463369,0.0019466159003974674,0.0019466159003974674,0.00033068194526904044,0.0003638784779983003,0.00018255507799588033,7.659999374934422e-05,0.0003141939571905624,0.00017754761719103703,0.00013572028888382887,0.00010399037989863187,0.0001299318151232578,0.0010807496714765352,0.0008377038633696287,0.0008377038633696287,0.0008697937977537522,7.282128037390936e-05,7.693037349472653e-05,7.29309842292471e-05,1.2326968352691373e-05,1.8307767720675612e-05,5.9279476526009446e-06,6.229126519474521e-06,0.05363517992050561,0.049056546909285556,0.14716363009823258,0.14716363009823258,0.021683172817572417,0.1750396542990539,0.016623532633865824,0.0022795447413020715,0.03690032215861091,0.02489850034709007,0.013916184091092723,0.0022361533797757276,0.02688399538771009,0.12388883334209737,0.19968090272707442,0.19968090272707442,0.18849664989785633,0.017330748988035622,0.09190817298016697,0.10779196802598956,0.00033799945402892683,0.06447604185619285,0.03633807166727223,0.11250261579773539
478,24,0.0005761959251799645,5.664963925901699e-06,0.00263284091463369,0.07139491050220204,0.00030983283285984957,0.1830408274998182,0,False,27,0,0,0,0,11186,10561,10345,11450,10925,11453,10831,10423,11072,10857,10882,10427,11124,11294,11415,11223,11368,10937,11298,11467,9837,11277,11086,11399,0.0017573118363007274,0.00263284091463369,0.0019189080809068587,0.0019189080809068587,0.00031471729621868793,0.00036151072718999713,0.00017349564488188484,7.250676901208519e-05,0.0003003025434396134,0.00016912822731987356,0.00012888729405382887,9.843231634984303e-05,0.00012383923917598985,0.0010584438141561167,0.0008380168764213699,0.0008380168764213699,0.0008673973092324804,6.922117993202179e-05,7.467071760461272e-05,7.110443762163457e-05,1.166191643084583e-05,1.763400502394918e-05,5.664963925901699e-06,6.081137158906459e-06,0.05363517992050561,0.049056546909285556,0.1348999942567132,0.1348999942567132,0.01987624174944138,0.1604530164407994,0.015238238247710338,0.0020895826795268987,0.03382529531206,0.022823625318165897,0.012756502083501663,0.0020498072647944167,0.024643662438734247,0.11356476389692258,0.1830408274998182,0.1830408274998182,0.17278859573970162,0.01588651990569932,0.08424915856515305,0.09880930402382376,0.00030983283285984957,0.05910303836817678,0.033309899028332875,0.10312739781459077
479,24,0.0005644521261965479,5.409057303803618e-06,0.0025250182204680275,0.07257601233507584,0.00028401343012152873,0.2304152650707328,0,False,27,0,0,0,0,11186,10561,10345,11450,10925,11501,10831,10423,11072,10857,10882,10427,11508,11294,11415,11223,11368,10937,11298,11467,9837,11277,11086,11399,0.0017573118363007274,0.0025250182204680275,0.0018851082569235342,0.0018851082569235342,0.00029937183499323486,0.0003669188931495446,0.00016482182791224218,6.862861968204611e-05,0.0002867782025926296,0.0001610144868858846,0.0001223585634861336,9.316645654613882e-05,0.00012100043987596185,0.001033605136076653,0.0008344318412193619,0.0008344318412193619,0.0008612100020305443,6.577244786386963e-05,7.232211965470543e-05,6.914943913616086e-05,1.1032657666604646e-05,1.6959495937522828e-05,5.409057303803618e-06,5.921094868919912e-06,0.05363517992050561,0.04496850133351176,0.12365832806865376,0.12365832806865376,0.018219888270321265,0.2304152650707328,0.013968385060401142,0.0019154507895663237,0.031006520702721665,0.02092165654165207,0.011693460243209858,0.0018789899927282151,0.1059233572355064,0.10410103357217902,0.16778742520816667,0.16778742520816667,0.15838954609472647,0.014562643246891042,0.0772283953513903,0.09057519535517178,0.00028401343012152873,0.05417778517082871,0.030534074109305132,0.0945334479967082
480,24,0.00041436226847462566,5.1606969562638965e-06,0.0018460818535428409,0.08430368705903242,0.000260345644278068,0.23713847310748612,0,False,28,0,0,0,0,11520,11450,10925,11501,10831,10423,11072,10857,10882,11530,10427,11508,11294,11415,11535,11223,11368,10937,11298,11467,9837,11277,11086,11399,0.0017310280831256254,0.0018460818535428409,0.00028464252543148385,0.00037022942366927715,0.00015652597102577375,6.495473172570135e-05,0.0002736468057965545,0.00015320835418610978,0.0001191208397727919,0.0001191208397727919,8.81780868938344e-05,0.00011790827281140266,0.0010066773910043557,0.0008273199685787355,0.0008486564788793381,0.0008486564788793381,0.0008516252328692402,6.247236869548062e-05,6.990978121248474e-05,6.7093276179282e-05,1.0437277239917235e-05,1.628830148785402e-05,5.1606969562638965e-06,5.751403654536361e-06,0.13249891492713015,0.11335346739626595,0.016701564247794492,0.21121399298150506,0.01280435297203438,0.0017558298904357967,0.028422643977494857,0.019178185163181063,0.0940523385562757,0.0940523385562757,0.001722407493334197,0.0970964107992142,0.0954259474411641,0.15380513977415278,0.23713847310748612,0.23713847310748612,0.14519041725349927,0.013349089642983454,0.07079269573877443,0.08302726240890745,0.000260345644278068,0.049662969739926316,0.027989567933529705,0.08665566066364917
481,24,0.00037828742724109075,4.920232347586501e-06,0.0018026528529979334,0.0863146188062403,0.00023865017392156232,0.2769461602330463,1,False,28,0,0,0,0,11520,11450,10925,11547,10831,10423,11072,10857,11551,10882,11552,10427,11508,11294,11415,11535,11368,10937,11298,11467,9837,11277,11086,11399,0.0016993943259848115,0.0018026528529979334,0.00027052283842345483,0.0003811487655746208,0.00014859920675152033,6.147476907397803e-05,0.0002609277793130367,0.00014946733322099027,0.00014946733322099027,0.00011867506461519937,0.00011867506461519937,8.345314713789668e-05,0.0001146114145809738,0.000978071739311142,0.0008170625461046471,0.0008579275540595923,0.0008390394850243802,5.9317702368307586e-05,6.745620180241609e-05,6.49607732078736e-05,9.873961226458904e-06,1.5623900488426666e-05,4.920232347586501e-06,5.574262334741602e-06,0.12145733868320263,0.10390734511324379,0.01530976722714495,0.2769461602330463,0.01173732355769818,0.0016095107328994802,0.02605409031270362,0.10091333639958265,0.10091333639958265,0.16954797700991942,0.16954797700991942,0.0015788735355563473,0.08900504323261302,0.08747378515440042,0.14098804479297336,0.21737693368186226,0.13309121581570765,0.012236665506068166,0.06489330442720989,0.07610832387483182,0.00023865017392156232,0.04552438892826579,0.025657103939068896,0.07943435560834507
482,24,0.00037178935469325244,4.68790863851534e-06,0.001755594435511597,0.07954346077614806,0.00021876265942809877,0.2538673135469591,0,False,29,0,0,0,0,11520,11450,10925,11547,10831,10423,11072,10857,11551,10882,11552,10427,11508,11294,11415,11535,11368,10937,11298,11467,9837,11277,11086,11399,0.0016993943259848115,0.001755594435511597,0.00025700335054813604,0.0003896328058751841,0.00014103171243179928,5.817886172437503e-05,0.00024863492689758784,0.0001454434548382431,0.0001454434548382431,0.00011772163189749061,0.00011772163189749061,7.897821362065947e-05,0.00011115454171969171,0.0009481647026487118,0.0008040406271508582,0.0008625126137741887,0.0008238430805108942,5.630479090319434e-05,6.498127187718263e-05,6.277427908134555e-05,9.340991487517278e-06,1.4969238264041535e-05,4.68790863851534e-06,5.391660516299709e-06,0.12145733868320263,0.09524839968714013,0.014033953291549538,0.2538673135469591,0.010759213261223331,0.00147538483849119,0.023882916119978316,0.09250389169961742,0.09250389169961742,0.15541897892575945,0.15541897892575945,0.0014473007409266515,0.08158795629656193,0.08018430305820039,0.12923904106022557,0.1992621892083737,0.12200028116439868,0.011216943380562484,0.059485529058275734,0.06976596355192917,0.00021876265942809877,0.04173068985091031,0.023519011944146486,0.07281482597431631
483,24,0.00036316650778017083,4.463880741858288e-06,0.0017056228038975303,0.0729148390448024,0.00020053243780909053,0.23271170408471248,1,False,29,0,0,0,0,11520,11450,10925,11547,10831,10423,11072,10857,11551,10882,11552,10427,11508,11294,11415,11535,11368,10937,11298,11467,9837,11277,11086,11399,0.0016631870212881967,0.0017056228038975303,0.00024407227068488747,0.000395739264209693,0.00013381293221299516,5.50575926778162e-05,0.00023677718136933776,0.00014119493930926243,0.00014119493930926243,0.00011631464023837,0.00011631464023837,7.474048103444977e-05,0.00010757821101907505,0.0009172973631271128,0.0007886267499708133,0.0008627337106673829,0.0008064129006296785,5.342965103505537e-05,6.250240299438175e-05,6.0553713334186005e-05,8.836740790697888e-06,1.4326775721389604e-05,4.463880741858288e-06,5.20538022229778e-06,0.11133589379293574,0.08731103304654513,0.01286445718392041,0.23271170408471248,0.009862612156121386,0.0013524361019502575,0.021892673109980124,0.08479523405798263,0.08479523405798263,0.14246739734861283,0.14246739734861283,0.0013266923458494304,0.0747889599385151,0.07350227780335035,0.11846912097187344,0.18265700677434257,0.11183359106736546,0.010282198098848944,0.05452840163675275,0.06395213325593507,0.00020053243780909053,0.03825313236333445,0.02155909428213428,0.06674692380978994
484,24,0.00038195753331490026,4.248226051885294e-06,0.0016533936660532112,0.07506920230514107,0.00018382140132499965,0.2133190620776531,2,False,30,0,0,0,0,11520,11450,10925,11547,10831,10423,11072,10857,10882,11552,10427,11508,11294,11415,11630,11535,11368,10937,11298,11467,9837,11277,11086,11399,0.0016231431048001357,0.0016533936660532112,0.00023171590094413908,0.0003995667518178184,0.0001269317683994635,5.210198400473973e-05,0.0002253592861401142,0.00013677489130115426,0.00011450831519188821,0.00011450831519188821,7.072774305842903e-05,0.00010391886033303527,0.0008857755473109537,0.0007910671623728133,0.0007910671623728133,0.0008589505901370015,0.0007871069223788262,5.0688054259965756e-05,6.003468327175417e-05,5.8316656634121136e-05,8.359668154967439e-06,1.3698537536695553e-05,4.248226051885294e-06,5.017001839792213e-06,0.10205790264352442,0.0800351136259997,0.011792419085260375,0.2133190620776531,0.009040727809777938,0.0012397330934544027,0.020068283684148445,0.07772896455315075,0.1305951142362284,0.1305951142362284,0.0012161346503619778,0.06855654661030551,0.06737708798640449,0.19193002755755068,0.19193002755755068,0.16743558954314736,0.102514125145085,0.009425348257278199,0.049984368167023355,0.05862278881794048,0.00018382140132499965,0.03506537133305657,0.019762503091956422,0.06118468015897411
485,24,0.00037320284049283955,4.040955894017749e-06,0.0015995008788908232,0.07228565766860155,0.00016850295121458302,0.195542473571182,3,False,30,0,0,0,0,11520,11450,10925,11547,10831,10423,11646,10857,10882,11552,10427,11508,11294,11415,11630,11535,11368,10937,11298,11467,9837,11277,11086,11399,0.0015799521545482745,0.0015995008788908232,0.00021991903811602589,0.00040124586666504507,0.00012037674552294397,4.9303482290021144e-05,0.00021991131268878807,0.0001322312385115269,0.00011235579876459795,0.00011235579876459795,6.692837221013403e-05,0.00010020890238418707,0.0008538707652624301,0.0007896465938438409,0.0007896465938438409,0.0008515458228542384,0.0007662603476497208,4.8075595646214795e-05,5.7591048374276506e-05,5.607847289134262e-05,7.90831441311383e-06,1.3086158560796511e-05,4.040955894017749e-06,4.827913237349269e-06,0.09355307742323071,0.07336552082383306,0.01080971749482201,0.195542473571182,0.008287333825629776,0.0011364220023332024,0.10172926004380275,0.07125155084038819,0.11971218804987603,0.11971218804987603,0.0011147900961651462,0.06284350105944672,0.06176233065420411,0.17593585859442146,0.17593585859442146,0.15348262374788507,0.09397128138299457,0.008639902569171682,0.04581900415310474,0.05373755641644544,0.00016850295121458302,0.032143257055301855,0.018115627834293387,0.05608595681239293
486,24,0.00032983070553168833,3.842025759469606e-06,0.0015444768016114841,0.07082277186023413,0.0010218909214847172,0.17924726744025016,4,False,29,0,0,0,0,11520,11450,10925,11547,10831,10423,11646,10857,10882,11552,10427,11508,11294,11415,11630,11680,10937,11298,11467,9837,11684,11277,11086,11399,0.0015342513360358534,0.0015444768016114841,0.00020866532157809282,0.0004009307888691522,0.00011413615022268369,4.6653943667342255e-05,0.0002140398895818532,0.00012760680151680879,0.00010990820883011217,0.00010990820883011217,6.333129919029243e-05,9.647688774612973e-05,0.0008218217064221309,0.0007847053296066277,0.0007847053296066277,0.0007633755092696607,4.5587752662806296e-05,5.518246024268361e-05,5.385245258935658e-05,7.674240011136807e-06,7.674240011136807e-06,1.2490927813029279e-05,3.842025759469606e-06,4.639321085937742e-06,0.08575698763796148,0.06725172742184697,0.009908907703586841,0.17924726744025016,0.0075967226734939605,0.0010417201688054354,0.09325182170681919,0.06531392160368917,0.10973617237905302,0.10973617237905302,0.0010218909214847172,0.05760654263782616,0.05661546976635377,0.16127453704488634,0.16127453704488634,0.16947367460107837,0.007919910688407375,0.04200075380701268,0.04925942671507499,0.08348779437194671,0.08348779437194671,0.029464652300693367,0.016605992181435603,0.05141212707802685
487,24,0.0003254807920826836,3.651344401201458e-06,0.0014887939585409354,0.06896670132784316,0.0009367333446943241,0.16430999515356265,5,False,29,0,0,0,0,11520,11450,10925,11547,11692,10831,10423,11646,10857,10882,11552,10427,11508,11294,11415,11630,11680,10937,11298,11467,9837,11277,11086,11399,0.0014866226577846863,0.0014887939585409354,0.0001979375332720853,0.000398791646935568,0.00011098857067739303,0.00011098857067739303,4.41456186198407e-05,0.00020783115318662228,0.00012293946293942144,0.0001072139408816207,0.0001072139408816207,5.992599195453171e-05,9.274771682659464e-05,0.0007898361252247553,0.0007765993021170723,0.0007765993021170723,0.0007572268088957302,4.321993517753723e-05,5.281808748387753e-05,5.164996884561563e-05,7.43127930135045e-06,1.1913829654120716e-05,3.651344401201458e-06,4.45226358775928e-06,0.07861057200146469,0.06164741680335972,0.009083165394954604,0.16430999515356265,0.09029699578403613,0.09029699578403613,0.0009549101547383158,0.08548083656458424,0.05987109480338173,0.10059149134746526,0.10059149134746526,0.0009367333446943241,0.05280599741800731,0.05189751395249095,0.1478349922911458,0.1478349922911458,0.15535086838432183,0.0072599181310400935,0.038500690989761624,0.045154474488818735,0.07653047817428449,0.02700926460896892,0.015222159499649302,0.047127783154857945
488,24,0.00031691117302731336,3.4687818742304965e-06,0.0014375920952531052,0.06900182027695623,0.0008586722326364637,0.15061749555743242,6,False,29,0,0,0,0,11520,11450,10925,11547,10831,10423,11646,10857,11720,10882,11552,10427,11508,11294,11415,11630,11680,10937,11298,11467,9837,11277,11086,11399,0.0014375920952531052,0.0014328676668360673,0.00018771785498375651,0.00039500781493328357,0.00010767992756810849,4.177113669466912e-05,0.00020136375122369716,0.00012131238592204937,0.00012131238592204937,0.00010431818104950307,0.00010431818104950307,5.6702434706747677e-05,8.904288413761915e-05,0.0007580929786111775,0.0007656892812324692,0.0007656892812324692,0.0007481622722400967,4.096752767558524e-05,5.050548280746333e-05,4.9480639440588973e-05,7.182001387021945e-06,1.1355581901667797e-05,3.4687818742304965e-06,4.267623972591434e-06,0.07205969100134263,0.05651013206974641,0.008326234945375054,0.15061749555743242,0.08277224613536645,0.0008753343085101228,0.07835743351753556,0.13821517023643326,0.13821517023643326,0.09220886706850981,0.09220886706850981,0.0008586722326364637,0.04840549763317337,0.0475727211231167,0.135515409600217,0.135515409600217,0.14240496268562833,0.006654924953453419,0.03529230007394815,0.04139160161475051,0.07015293832642744,0.024758492558221507,0.01395364620801186,0.043200467891953115
489,24,0.0003079543847562095,3.294176606184291e-06,0.0013876301832719494,0.07366833525387655,0.0007871162132500917,0.2213993709276464,7,False,26,0,0,0,0,11520,11450,10925,11739,10831,10423,11646,10857,11720,10882,11552,10427,11748,11294,11415,11630,11680,10937,11298,11467,9837,11277,11086,11759,0.0013876301832719494,0.0013770593386039827,0.00017798808776042736,0.00039981414497760806,0.00010424996559935787,3.952349125389395e-05,0.00019470873226904334,0.00011928629098349473,0.00011928629098349473,0.00010126259839609108,0.00010126259839609108,5.365110697539211e-05,8.758270322358437e-05,0.000726744704189735,0.0007523320303500688,0.0007523320303500688,0.0007365306977254929,3.882592465095061e-05,4.825075412051109e-05,4.735248956149767e-05,6.928697549526559e-06,1.0816670786413412e-05,3.294176606184291e-06,4.191525564168142e-06,0.06605471675123074,0.05180095439726754,0.0076323820332604665,0.2213993709276464,0.07587455895741924,0.0008023897828009458,0.07182764739107426,0.12669723938339714,0.12669723938339714,0.08452479481280066,0.08452479481280066,0.0007871162132500917,0.1277050394970756,0.04360832769619031,0.1242224588001989,0.1242224588001989,0.13053788246182596,0.006100347873998967,0.032351275067785804,0.037942301480187964,0.06430686013255849,0.02269528484503638,0.012790842357344205,0.12293376223429037
490,24,0.0003007903348163213,3.127341583963537e-06,0.0013876301832719494,0.07123088619366194,0.0007215231954792507,0.20294942335034252,0,False,26,0,0,0,0,11520,11450,10925,11739,10831,10423,11646,10857,11720,10882,11552,10427,11748,11294,11415,11630,11680,10937,11298,11779,9837,11277,11086,11759,0.0013876301832719494,0.0013216802179533884,0.00016872983789509004,0.0004024040043163806,0.00010073445308129698,3.739602436246928e-05,0.00018792963252065414,0.0001169162437516983,0.0001169162437516983,9.808518543280939e-05,9.808518543280939e-05,5.076296290510569e-05,8.586679556489527e-05,0.0006959195513015623,0.0007368733198690666,0.0007368733198690666,0.0007226738789650873,3.679056002883331e-05,4.60587269036639e-05,4.6439675119643783e-05,6.673391299148739e-06,1.0297382749629603e-05,3.127341583963537e-06,4.103917661800102e-06,0.06605471675123074,0.04748420819749524,0.0069963501971554275,0.20294942335034252,0.06955167904430096,0.0007355239675675337,0.06584201010848474,0.11613913610144737,0.11613913610144737,0.07748106191173394,0.07748106191173394,0.0007215231954792507,0.11706295287231928,0.03997430038817445,0.11387058723351566,0.11387058723351566,0.11965972559000712,0.00559198555116572,0.02965533547880365,0.11811377635683898,0.05894795512151194,0.020804011107950014,0.01172493882756552,0.1126892820480995
491,24,0.00029125244305334454,2.9680697402714295e-06,0.0013371537253461117,0.06529497901085678,0.0006613962625226465,0.18603697140448064,1,False,27,0,0,0,0,11520,11450,10925,11739,10831,10423,11646,10857,11720,10882,11552,10427,11748,11294,11415,11630,11680,10937,11298,11779,9837,11277,11086,11759,0.0013371537253461117,0.0012669953597897526,0.00015992467350511066,0.0004029230675793536,9.716525916872398e-05,3.538241189538599e-05,0.00018108271239058616,0.00011425490594045467,0.00011425490594045467,9.482021796198855e-05,9.482021796198855e-05,4.802941087136934e-05,8.393394472054672e-05,0.0006657238975370672,0.0007196426315033548,0.0007196426315033548,0.000706920562603664,3.485693138819417e-05,4.393309630915669e-05,4.5407686613759156e-05,6.417852122654114e-06,9.797833157197668e-06,2.9680697402714295e-06,4.006627729767666e-06,0.06055015702196151,0.04352719084770397,0.0064133210140591415,0.18603697140448064,0.06375570579060921,0.0006742303036035725,0.06035517593277768,0.10646087475966008,0.10646087475966008,0.07102430675242277,0.07102430675242277,0.0006613962625226465,0.10730770679962601,0.03664310868915991,0.10438137163072268,0.10438137163072268,0.10968808179083986,0.005125986755235243,0.02718405752223668,0.10827096166043573,0.05403562552805261,0.019070343515620845,0.01074786059193506,0.1032985085440912
492,24,0.00028150717476592934,2.8161386202001034e-06,0.0012865283181036997,0.05985373075995205,0.000606279907312426,0.17053389045410725,2,False,27,0,0,0,0,11520,11450,10925,11739,10831,10423,11646,10857,11720,10882,11552,10427,11748,11294,11415,11630,11680,10937,11298,11779,9837,11277,11086,11759,0.0012865283181036997,0.0012132276980569507,0.00015155425534651586,0.00040153619007567024,9.357050132156973e-05,3.347664893012868e-05,0.00017421730225475915,0.00011135188432656778,0.00011135188432656778,9.149830823021607e-05,9.149830823021607e-05,4.54422935046483e-05,8.18207317082235e-05,0.0006362445004147088,0.0007009493546245362,0.0007009493546245362,0.0006895819640743874,3.30206196710112e-05,4.1876568069975124e-05,4.4276397098363355e-05,6.163611722286001e-06,9.317992059457796e-06,2.8161386202001034e-06,3.901368987108557e-06,0.05550431060346472,0.03989992494372864,0.005878877596220879,0.17053389045410725,0.058442730308058445,0.0006180444449699414,0.055325577938379535,0.09758913519635506,0.09758913519635506,0.0651056145230542,0.0651056145230542,0.000606279907312426,0.09836539789965718,0.033589516298396585,0.09568292399482912,0.09568292399482912,0.10054740830826987,0.0046988211922989725,0.02491871939538362,0.09924838152206608,0.049532656734048226,0.01748114822265244,0.009852205542607137,0.09469029949875027
493,24,0.0002737338742869342,2.671314403529288e-06,0.0012865283181036997,0.05505864316399584,0.0005557565817030572,0.15632273291626497,0,False,27,0,0,0,0,11520,11450,10925,11739,10831,10423,11646,10857,11720,10882,11552,10427,11748,11294,11415,11630,11680,10937,11298,11779,9837,11277,11086,11759,0.0012865283181036997,0.001160562086418483,0.0001436004451371774,0.0003984202650260737,8.997474297057391e-05,3.167303547692661e-05,0.00016737622327483032,0.00010825328950374688,0.00010825328950374688,8.81465286145121e-05,8.81465286145121e-05,4.2993868192397504e-05,7.956119859163315e-05,0.0006075506481785287,0.0006810802630598914,0.0006810802630598914,0.0006709486413222518,3.127730498841595e-05,3.9890987813804115e-05,4.306432461182661e-05,5.911981763411595e-06,8.857707161951398e-06,2.671314403529288e-06,3.789727094606591e-06,0.05550431060346472,0.03657493119841792,0.005388971129869139,0.15632273291626497,0.053572502782386906,0.0005665407412224463,0.05071511311018124,0.08945670726332547,0.08945670726332547,0.05968014664613302,0.05968014664613302,0.0005557565817030572,0.09016828140801908,0.03079038994019687,0.08770934699526002,0.08770934699526002,0.09216845761591405,0.004307252759607391,0.02284215944576832,0.09097768306189391,0.045404935339544206,0.016024385870764737,0.009031188414056542,0.08679944120718774
494,24,0.00026377859163329796,2.533355353270171e-06,0.0012360714378010984,0.05047042290032952,0.0005094435332278023,0.1432958385065762,1,False,27,0,0,0,0,11520,11450,10925,11739,10831,10423,11646,10857,11720,10882,11552,10427,11748,11294,11415,11630,11680,10937,11298,11779,9837,11277,11086,11759,0.0012360714378010984,0.0011091492242088837,0.00013604539431754937,0.0003937580657735265,8.639922474624939e-05,2.9966162587655257e-05,0.00016059625533643715,0.00010500147103881835,0.00010500147103881835,8.478858637262121e-05,8.478858637262121e-05,4.067678811187738e-05,7.71866435675988e-05,0.0005796961852797906,0.0006602980623063616,0.0006602980623063616,0.0006512885207302133,2.9622779064047095e-05,3.7977458758721765e-05,4.1788514902762944e-05,5.664072347168166e-06,8.416724194509925e-06,2.533355353270171e-06,3.673152682186982e-06,0.05087895138650932,0.03352702026521642,0.004939890202380044,0.1432958385065762,0.04910812755052133,0.0005193290127872424,0.0464888536843328,0.08200198165804834,0.08200198165804834,0.0547068010922886,0.0547068010922886,0.0005094435332278023,0.08265425795735082,0.02822452411184713,0.08040023474565501,0.08040023474565501,0.08448775281458788,0.003948315029640108,0.02093864615862096,0.08339620947340275,0.04162119072791552,0.014689020381534341,0.008278589379551829,0.0795661544399221
495,24,0.00025332485716538514,2.40201475556906e-06,0.0011860558811416675,0.058897080730917345,0.0004669899054588188,0.15850181651987766,2,False,26,0,0,0,0,11520,11450,10925,11739,10831,11884,10423,11646,11888,10882,11552,10427,11748,11294,11415,11630,11680,10937,11298,11779,11900,11277,11086,11759,0.0011860558811416675,0.0010591094052398067,0.00012887161585797304,0.0003877331021212567,8.4999122515997e-05,8.4999122515997e-05,2.8350898874365617e-05,0.00015390862967440243,0.00010425605233872018,8.144503318574607e-05,8.144503318574607e-05,3.848408383363999e-05,7.472552404488304e-05,0.0005527213973959874,0.0006388408084410072,0.0006388408084410072,0.0006308458755358388,2.8052954791473195e-05,3.613644805085158e-05,4.0464483698429764e-05,5.560612833790359e-06,7.994704877865322e-06,2.40201475556906e-06,3.552958617222897e-06,0.046639038770966874,0.03073310190978172,0.00452823268551504,0.13135451863102818,0.12834911692131123,0.12834911692131123,0.0004760515950549722,0.04261478254397173,0.15850181651987766,0.050147901001264546,0.050147901001264546,0.0004669899054588188,0.07576640312757157,0.02587248043585987,0.07370021518351709,0.07370021518351709,0.07744710674670556,0.0036192887771700987,0.01919375897873588,0.07644652535061919,0.12148609150058923,0.013464935349739813,0.007588706931255842,0.07293564156992859
496,24,0.00024365807329016398,2.2770434105880286e-06,0.0011367133935933223,0.053988990670007564,0.0004280740800039172,0.14529333180988785,3,False,26,0,0,0,0,11520,11450,10925,11739,10831,11884,10423,11646,11888,10882,11552,10427,11748,11294,11415,11630,11680,10937,11298,11779,11900,11277,11086,11759,0.0011367133935933223,0.0010105360472100458,0.00012206204142775235,0.0003805254626214738,8.334886688603319e-05,8.334886688603319e-05,2.6822377460055245e-05,0.0001473395286079431,0.0001030989847939233,7.813349618569596e-05,7.813349618569596e-05,3.640914552447341e-05,7.220344604050401e-05,0.0005266547481282825,0.0006169220174578485,0.0006169220174578485,0.0006098410709329232,2.6563873325171748e-05,3.4367882206070855e-05,3.9106206702089365e-05,5.44218221486433e-06,7.591242690638869e-06,2.2770434105880286e-06,3.4303210146574405e-06,0.04275245220671963,0.028172010083966578,0.00415087996172212,0.12040830874510916,0.11765335717786862,0.11765335717786862,0.0004363806288003912,0.03906355066530742,0.14529333180988785,0.045968909251159165,0.045968909251159165,0.0004280740800039172,0.06945253620027395,0.023716440399538213,0.06755853058489067,0.06755853058489067,0.0709931811844801,0.0033176813790725904,0.01759427906384122,0.07007598157140092,0.11136225054220679,0.01234285740392816,0.006956314686984522,0.06685767143910121
497,24,0.00025148972065801507,2.1581917285616875e-06,0.0010882383543594722,0.05493000628948552,0.00039240124000359074,0.13318555415906386,4,False,26,0,0,0,0,11520,11450,11929,10925,11739,10831,11884,10423,11646,11888,10882,11552,10427,11748,11294,11415,11680,10937,11298,11779,11900,11277,11086,11759,0.0010882383543594722,0.0009883475306868147,0.0009883475306868147,0.00011560006597313943,0.0003723085752258897,8.148616838197676e-05,8.148616838197676e-05,2.537598337724226e-05,0.00014091057897499688,0.00010157826393433341,7.486891982035466e-05,7.486891982035466e-05,3.4445705769265295e-05,6.964322052915765e-05,0.000501514465114379,0.0005947313045087216,0.0005884709086248625,2.5151709072980257e-05,3.26712322545957e-05,3.7726146733871335e-05,5.31119208824572e-06,7.2058766373004195e-06,2.1581917285616875e-06,3.3062831070546178e-06,0.03918974785615966,0.1091576759103027,0.1091576759103027,0.0038049732982452767,0.11037428301635006,0.10784891074637956,0.10784891074637956,0.0004000155764003586,0.0358082547765318,0.13318555415906386,0.04213816681356257,0.04213816681356257,0.00039240124000359074,0.06366482485025111,0.021740070366243362,0.06192865303614978,0.06507708275244009,0.0030412079308165412,0.016128089141854453,0.06423631644045084,0.10208206299702288,0.011314285953600813,0.0063766217964024785,0.0612861988191761
498,24,0.0002427846593661397,2.0979573068498125e-06,0.0010407914180633885,0.05382472798758397,0.00035970113666995815,0.12208675797914187,5,False,27,0,0,0,0,11520,11450,11929,10925,11739,10831,11884,10423,11646,11888,10882,11552,10427,11748,11294,11415,11680,10937,11298,11779,11900,11277,11974,11759,0.0010407914180633885,0.0009639631700097118,0.0009639631700097118,0.00010946958150835752,0.0003632467942604186,7.944662545041989e-05,7.944662545041989e-05,2.4007341423983577e-05,0.00013463932936055043,9.974114762392115e-05,7.166381024151533e-05,7.166381024151533e-05,3.258782302342473e-05,6.706496989876663e-05,0.0004773099774824406,0.0005724354144728863,0.0005669094244089243,2.381277291177962e-05,3.1045589272638076e-05,3.63353087821358e-05,5.169899156989782e-06,6.838103211162413e-06,2.0979573068498125e-06,3.181761215440493e-06,0.035923935534813024,0.10006120291777748,0.10006120291777748,0.00348789219005817,0.10117642609832089,0.09886150151751459,0.09886150151751459,0.00036668094503366204,0.03282423354515415,0.12208675797914187,0.038626652912432356,0.038626652912432356,0.00035970113666995815,0.058359422779396854,0.01992839783572308,0.05676793194980396,0.05965399252307008,0.0027877739365818294,0.014784081713366582,0.05888329007041327,0.09357522441393763,0.010371428790800745,0.08917856998003562,0.056179015584244756
499,24,0.00023508642400987476,2.0347782840435023e-06,0.0009945030392318238,0.05628377843306307,0.00032972604194746164,0.17505610267462934,6,False,27,0,0,0,0,11520,11977,11929,10925,11739,10831,11884,10423,11646,11888,11986,11552,10427,11748,11294,11415,11680,10937,11298,11779,11900,11277,11974,11759,0.0009945030392318238,0.0009619734943613211,0.0009377880225218192,0.00010365500170469705,0.0003534937091183012,7.726339021822302e-05,7.726339021822302e-05,2.2712304482034362e-05,0.00012853970410932398,9.76332730007814e-05,7.029581934945097e-05,6.852847589427645e-05,3.082986570097784e-05,6.448627019766117e-05,0.00045404320960806534,0.0005501795269473787,0.0005453090136617149,2.254351390702548e-05,2.948973103094412e-05,3.494331510192768e-05,5.020388667770573e-06,6.487386737018229e-06,2.0347782840435023e-06,3.05755218219122e-06,0.03293027424024527,0.17505610267462934,0.09172276934129601,0.0031972345075533225,0.09274505725679415,0.0906230430577217,0.0906230430577217,0.0003361241996141902,0.03008888074972464,0.11191286148088005,0.118741098503063,0.03540776516972966,0.00032972604194746164,0.053496137547780445,0.01826769801607949,0.05203727095398696,0.05468282647948091,0.002555459441866677,0.013552074903919367,0.05397634923121216,0.0857772890461095,0.009507143058234016,0.08174702248169932,0.05149743095222436
500,24,0.00022829332282327928,1.9693982545323077e-06,0.0009557183529294101,0.058537908008085594,0.00030224887178517315,0.19217934029447442,7,False,27,0,0,0,0,11520,11977,12002,10925,11739,10831,11884,10423,11646,11888,12010,11552,10427,11748,11294,11415,11680,10937,11298,11779,11900,11277,11974,11759,0.0009494768271733989,0.0009557183529294101,0.00093366920975796,9.814127866614442e-05,0.000343191066468676,7.496696309602731e-05,7.496696309602731e-05,2.1486942297741443e-05,0.00012262242946140876,9.529799343349628e-05,7.051872221313088e-05,6.547125966196966e-05,2.9166496898044844e-05,6.192231727629997e-05,0.0004317097382437394,0.0005280887391594337,0.0005238017801556914,2.1340519780195785e-05,2.800218050545782e-05,3.3558493810475644e-05,4.8645654126456766e-06,6.1531682666971095e-06,1.9693982545323077e-06,2.9343417400984437e-06,0.03018608472022483,0.16046809411841023,0.1674125385628547,0.0029307982985905456,0.08501630248539463,0.08307112280291155,0.08307112280291155,0.00030811384964634096,0.027581474020580917,0.1025867896908067,0.19217934029447442,0.03245711807225219,0.00030224887178517315,0.04903812608546541,0.016745389848072865,0.04770083170782138,0.050125924272857496,0.002342504488377787,0.012422735328592753,0.04947832012861114,0.07862918162560037,0.008714881136714514,0.07493477060822437,0.047205978372872326
