generation,parent_idx,lineage_id,m_active,A_delta_fro,condition_number_after,shrink_applied,psd_fallback,active_js,v_norms
1,0,0,1,0.015988421541761545,1.0254766864284577,True,False,[6],[0.04637441115643147]
1,1,1,1,0.016405262061510426,1.025476686428457,True,False,[5],[0.03692952362977326]
1,2,2,2,0.015908292452954744,1.0254766864284577,True,False,"[7, 8]","[0.05552084058301398, 0.05552084058301398]"
1,3,3,3,0.016001024120281673,1.0254766864284568,True,False,"[8, 11, 12]","[0.03687601523355471, 0.03687601523355471, 0.03687601523355471]"
1,6,6,2,0.015404202645232635,1.025476686428458,True,False,"[7, 15]","[0.03399841880164425, 0.03399841880164425]"
1,7,7,1,0.01579156646585942,1.0254766864284575,True,False,[7],[0.048623162179185817]
1,8,8,1,0.015087193423745891,1.0254766864284584,True,False,[17],[0.018149233629450236]
1,9,9,1,0.013772928524425531,1.0254766864284572,True,False,[7],[0.042822194208079166]
1,10,10,2,0.016496304104286395,1.0254766864284572,True,False,"[7, 8]","[0.03782020481938147, 0.03782020481938147]"
1,11,11,1,0.016466444417521497,1.0254766864284572,True,False,[5],[0.03692399039693259]
1,13,13,1,0.016123518821342855,1.0254766864284572,True,False,[8],[0.037948493474969376]
1,15,15,1,0.016521209522736783,1.0254766864284575,True,False,[7],[0.02432080228192457]
1,18,18,1,0.016323461799823285,1.0254766864284577,True,False,[5],[0.02630936011502517]
1,19,19,1,0.016751605051019105,1.0254766864284577,True,False,[5],[0.02974442798236105]
1,20,20,1,0.01568041388784277,1.0254766864284575,True,False,[7],[0.037914886008800185]
1,21,21,2,0.01537355929945958,1.0254766864284572,True,False,"[7, 12]","[0.022806496422042338, 0.022806496422042338]"
1,22,22,1,0.0163203649880208,1.025476686428457,True,False,[7],[0.02662115139383399]
1,23,23,1,0.015868462272973807,1.0254766864284581,True,False,[5],[0.023232754513945065]
2,0,0,1,0.01623998068449745,1.0310876810401428,True,False,[15],[0.022030343089819937]
2,1,7,1,0.016167678226755175,1.0296995933549213,True,False,[8],[0.017989500900566884]
2,2,36,1,0.024684367303883566,1.0770342068905607,True,False,[15],[0.0129918906012886]
2,3,19,1,0.0160903247382861,1.044625811871268,True,False,[15],[0.03347999016129077]
2,4,29,1,0.01783419538192655,1.0436181023769642,True,False,[5],[0.037317941232033774]
2,6,23,1,0.015460393072350852,1.0299514330653716,True,False,[7],[0.0429892290206824]
2,7,11,1,0.016233783127934394,1.0296152740058335,True,False,[7],[0.06205854921454436]
2,8,17,3,0.014296015328910339,1.025476686428457,True,False,"[7, 15, 16]","[0.02186072174976615, 0.02186072174976615, 0.02186072174976615]"
2,9,4,2,0.014512796651773173,1.022976696140249,True,False,"[7, 8]","[0.060264241420059705, 0.03690236489628536]"
2,10,12,1,0.015764957358047393,1.0254766864284577,True,False,[8],[0.06455341126265228]
2,11,16,1,0.016130897528006786,1.025476686428457,True,False,[12],[0.034082014214236615]
2,13,8,1,0.016646486333375524,1.0371181944137826,True,False,[17],[0.04406144829680256]
2,14,2,1,0.015888460729127567,1.0378590035369855,True,False,[5],[0.020782467234756397]
2,15,6,1,0.015948540783226273,1.0400388255389583,True,False,[5],[0.03232293678664294]
2,16,13,1,0.015141983350687737,1.0351779177929616,True,False,[8],[0.03688160545293656]
2,17,18,1,0.015858093389258497,1.0336114934741507,True,False,[7],[0.024094945066432033]
2,18,21,2,0.015827574578025284,1.0413296274164319,True,False,"[7, 12]","[0.03499192438427742, 0.03499192438427742]"
2,19,10,3,0.016388548862032185,1.0305263461011862,True,False,"[7, 8, 16]","[0.04425636673376699, 0.04425636673376699, 0.04425636673376699]"
2,21,3,1,0.016171739993864363,1.0272266889398454,True,False,[12],[0.04129830928913954]
2,22,15,1,0.01655981494148727,1.0255895834770126,True,False,[7],[0.02795442252852441]
2,23,14,1,0.016177992999715337,1.0254766864284586,True,False,[5],[0.04094827969593988]
3,0,0,2,0.015102778393211207,1.0433050852077455,True,False,"[6, 8]","[0.06329391121630881, 0.03199568293560801]"
3,1,7,1,0.016060960415197764,1.0388738973203493,True,False,[5],[0.0412376349846227]
3,2,36,2,0.011447298984516711,1.0759265293792506,True,False,"[8, 15]","[0.057892340338049374, 0.024914574602717007]"
3,3,19,1,0.014942254654330293,1.0450819743901008,True,False,[5],[0.028286663889671347]
3,4,29,1,0.015596151153430503,1.0664250785418148,True,False,[7],[0.03293912982833573]
3,5,40,1,0.02781034760771906,1.0850311759423363,True,False,[12],[0.034371078463358185]
3,8,17,3,0.014753279463873769,1.0286129593516191,True,False,"[8, 15, 16]","[0.027366000281186506, 0.025133358446520423, 0.025133358446520423]"
3,9,4,1,0.01604959530321966,1.033305428285086,True,False,[5],[0.018160744178735557]
3,12,5,1,0.01577648218599814,1.0254766864284588,True,False,[7],[0.04051755101179306]
3,13,8,1,0.01654387965581809,1.0371758735366705,True,False,[15],[0.04847752667455784]
3,14,2,1,0.015788674835421304,1.0602156865087367,True,False,[5],[0.030333324784140782]
3,15,6,1,0.01629599781361425,1.0483472290791631,True,False,[5],[0.03866289797256768]
3,16,53,1,0.02977291478321683,1.1123187015753424,True,False,[7],[0.02057193624804562]
3,18,18,1,0.016108937188132888,1.0421435889380986,True,False,[7],[0.034823938132824736]
3,19,21,2,0.01611832505593378,1.0433258919896642,True,False,"[7, 16]","[0.04754770450386353, 0.04754770450386353]"
3,20,68,1,0.01774015313030261,1.0429458866722343,True,False,[7],[0.027039147787939675]
3,21,10,1,0.0145875161259696,1.042555342176587,True,False,[8],[0.03906306835012376]
3,22,22,1,0.015778402826764387,1.042932053781172,True,False,[7],[0.044944542945399464]
3,23,60,1,0.017424879567719206,1.0531575757213143,True,False,[7],[0.021730451300276465]
4,0,0,1,0.016702159994592927,1.0439968267039739,True,False,[7],[0.03122769119651449]
4,2,36,1,0.015733959103838024,1.0851777878236497,True,False,[7],[0.05376359526503932]
4,3,19,1,0.016094118866330838,1.045110559658374,True,False,[7],[0.01856684831045521]
4,4,29,2,0.014019869995903255,1.075349951597861,True,False,"[7, 11]","[0.04838192190975623, 0.033730140116591686]"
4,5,79,1,0.05255687115672953,1.1877401458808907,True,False,[5],[0.026950641800604948]
4,7,89,2,0.018596520147995177,1.0612216859911083,True,False,"[16, 17]","[0.052201145840697, 0.052201145840697]"
4,8,4,1,0.01649480356466173,1.0340220320980957,True,False,[5],[0.030367656912217846]
4,11,11,1,0.016375205636915854,1.044415442055005,True,False,[7],[0.02901761578343679]
4,13,8,1,0.016267050145153727,1.0601107594634798,True,False,[17],[0.07425948738832663]
4,14,2,1,0.01581134508210594,1.0818383602883919,True,False,[5],[0.04470620098030729]
4,15,16,1,0.016006664344098424,1.04760925158337,True,False,[5],[0.06730879463129004]
4,16,5,1,0.015961156834195862,1.0310732669527023,True,False,[11],[0.033256909536873214]
4,17,13,3,0.015913812555461433,1.0380712941921646,True,False,"[7, 8, 12]","[0.05364124469213562, 0.04045805411775418, 0.04045805411775418]"
4,18,83,1,0.024328096463971025,1.1115525204495718,True,False,[7],[0.049666923229541284]
4,19,53,1,0.015785521586832003,1.105076880893222,True,False,[5],[0.038262660889471736]
4,20,21,2,0.013906169893657313,1.0445334882381687,True,False,"[7, 12]","[0.040331086464445366, 0.029285937407685713]"
4,21,6,1,0.015784228013337596,1.056448438239576,True,False,[5],[0.027921956450731682]
4,22,10,1,0.015774226712157682,1.043055411119025,True,False,[7],[0.04227316416298847]
4,23,18,1,0.016285832097402118,1.0427502160974607,True,False,[7],[0.04430185280199424]
5,0,0,2,0.010409762826599701,1.0556644996213491,True,False,"[6, 7]","[0.05926256368313606, 0.030139419049581822]"
5,2,36,1,0.015538794211184695,1.0923476301959572,True,False,[15],[0.0524008084746015]
5,3,19,1,0.01627329624987069,1.067382200680028,True,False,[15],[0.03815794902376024]
5,4,29,1,0.014083889802324603,1.0906306174455598,True,False,[7],[0.05413762304614291]
5,5,108,1,0.02122495471698129,1.1039470741294122,True,False,[16],[0.029128952393634295]
5,6,79,1,0.016378782527011512,1.173595602160514,True,False,[5],[0.03074502775932751]
5,7,40,1,0.01590307428530851,1.1008718737981644,True,False,[5],[0.03353075523805837]
5,8,89,1,0.016056260130762046,1.0571874818128593,True,False,[16],[0.03276723238159583]
5,9,97,1,0.03035364049741441,1.1075453515471885,True,False,[5],[0.02315621418890636]
5,12,106,1,0.027890783049461233,1.0971589508944837,True,False,[16],[0.046951336761471986]
5,13,17,1,0.015924736018765748,1.0299856088811505,True,False,[16],[0.01827004500093449]
5,14,8,1,0.01630677664946051,1.060176825886492,True,False,[7],[0.020328326717717716]
5,15,2,1,0.01574032455314871,1.1039169252018193,True,False,[7],[0.04399034737035874]
5,16,23,1,0.016296708874305784,1.041292367700021,True,False,[6],[0.019742434166737374]
5,17,11,1,0.015647673695209464,1.0453781846592831,True,False,[7],[0.04694238988638219]
5,18,13,1,0.015791595148377184,1.0392551649788415,True,False,[15],[0.03904657508655498]
5,19,16,1,0.016424449861514045,1.0585424334028437,True,False,[12],[0.029711814888649494]
5,20,5,1,0.015612128090032833,1.0526230375828967,True,False,[7],[0.04288883060503991]
5,21,21,2,0.015269447776581846,1.0656311099225904,True,False,"[7, 12]","[0.04970369835395784, 0.06217310911374913]"
5,22,83,2,0.012952668935070862,1.1220131836950042,True,False,"[7, 12]","[0.05308009176218299, 0.043533854252396365]"
5,23,53,1,0.015302186877736339,1.127426166928898,True,False,[12],[0.050422179382640014]
6,0,0,1,0.015693561529423566,1.0758839877143231,True,False,[6],[0.05337268865464666]
6,1,7,2,0.01546460010663474,1.046668620432294,True,False,"[7, 8]","[0.034862071285152695, 0.03657769901140646]"
6,3,19,1,0.01625363695202669,1.067248949986994,True,False,[7],[0.030555931633352594]
6,6,79,1,0.016067321389456813,1.1896097497383629,True,False,[5],[0.028159572701260283]
6,7,40,1,0.015249727303986552,1.118554534143153,True,False,[5],[0.057580439420853724]
6,8,89,2,0.014054838610288688,1.0699276309193,True,False,"[8, 12]","[0.051012939688032444, 0.03962699728155799]"
6,10,97,1,0.015299296104724695,1.1129059476345324,True,False,[8],[0.07458788804378709]
6,12,12,2,0.015302916338088562,1.0291173816431403,True,False,"[7, 15]","[0.05587452143916625, 0.025298000343798702]"
6,13,106,1,0.014620640199593835,1.1057327703879198,True,False,[16],[0.04013496149162065]
6,14,17,1,0.01540870700519882,1.0533689254066596,True,False,[5],[0.06709168120969249]
6,15,4,1,0.016377584783783504,1.0407611073946441,True,False,[5],[0.08497502900258111]
6,16,8,1,0.01564220950809973,1.0632632340209451,True,False,[7],[0.02955996178528433]
6,18,23,1,0.015764314058774178,1.0572710841261088,True,False,[5],[0.059317949282350284]
6,19,11,1,0.015295607828388845,1.0476026744304408,True,False,[7],[0.04211798490074015]
6,20,13,2,0.014272321874336292,1.0485393514600996,True,False,"[8, 12]","[0.02689799225804342, 0.043303321934864955]"
6,21,16,1,0.01567757222702486,1.0678865730059286,True,False,[12],[0.06832993548501246]
6,22,5,1,0.016324864382362567,1.0542015537078404,True,False,[5],[0.027056642223744036]
6,23,83,1,0.016016212449136782,1.1317575910086999,True,False,[7],[0.05893371525771032]
7,0,0,1,0.01574709320389216,1.0756998246360163,True,False,[7],[0.04823588912703755]
7,1,7,1,0.015971573442066313,1.0659438300816881,True,False,[8],[0.04907388972181344]
7,2,36,1,0.015103438650336302,1.1002537112771886,True,False,[6],[0.036059451641634245]
7,4,29,2,0.013943466987547075,1.110256435359174,True,False,"[7, 16]","[0.0745557341837533, 0.03938717643197901]"
7,5,108,3,0.015710622675588152,1.1037971476126656,True,False,"[7, 8, 15]","[0.05806406639609027, 0.05806406639609027, 0.05806406639609027]"
7,6,149,1,0.015843233191732434,1.1251950354033091,True,False,[7],[0.053593756843519434]
7,8,40,1,0.01569169391913431,1.1193534844517872,True,False,[5],[0.04648213581656631]
7,9,153,1,0.06602694882803171,1.3822827872009529,True,False,[7],[0.060766057031845365]
7,12,97,1,0.015686982498539875,1.1153884338513298,True,False,[7],[0.06239910968825974]
7,13,130,1,0.020396306009816564,1.080708490069539,True,False,[7],[0.03279679282957319]
7,14,12,2,0.013775715733906466,1.0441570169816674,True,False,"[7, 8]","[0.05082550365886878, 0.03987714466526913]"
7,15,106,1,0.01588730137993903,1.1056905327369855,True,False,[6],[0.035404822934927034]
7,16,17,2,0.015155155161457745,1.0541731613961882,True,False,"[7, 8]","[0.05778364753866895, 0.05659081169566784]"
7,17,4,1,0.015236822440233404,1.061172690070575,True,False,[7],[0.06141703313951888]
7,18,8,1,0.016100239077646183,1.0733651411313985,True,False,[5],[0.06878315523304747]
7,19,2,1,0.01573390078458089,1.1117312665017949,True,False,[5],[0.04864372350974929]
7,20,23,1,0.01483612014617038,1.0577830029657673,True,False,[7],[0.04191694400832113]
7,21,11,1,0.016261882080838837,1.0552178803301615,True,False,[7],[0.06298143085478404]
7,22,13,1,0.015404992436610901,1.0621648890733872,True,False,[12],[0.06788128962386344]
7,23,5,1,0.015199397583823692,1.0586808390728704,True,False,[5],[0.059487875782832246]
8,0,0,2,0.011513735708189879,1.0823983876319532,True,False,"[6, 7]","[0.0580397429860466, 0.057902674247805166]"
8,1,7,1,0.015043437279351207,1.0857128368889783,True,False,[8],[0.04104463684386592]
8,2,36,2,0.010941514074561466,1.1137088874918741,True,False,"[7, 15]","[0.0597017717445908, 0.06036304434164849]"
8,4,29,2,0.010357490808776598,1.1191059153883838,True,False,"[7, 12]","[0.06410781214828487, 0.037378558697970216]"
8,5,108,1,0.01611845161110905,1.1149375662024021,True,False,[15],[0.06138878077743792]
8,6,149,1,0.014419075287800114,1.1266281087035028,True,False,[8],[0.020458614815546325]
8,7,79,1,0.015509747238347582,1.204146822494906,True,False,[7],[0.07710469669899495]
8,8,40,1,0.013989635739860168,1.1230295239028953,True,False,[7],[0.0381123036832009]
8,9,178,3,0.016293094381549855,1.0886643389746842,True,False,"[7, 16, 17]","[0.052111277423857655, 0.033891095735085905, 0.033891095735085905]"
8,10,153,1,0.015736484382725395,1.395213200723465,True,False,[7],[0.04145089903601912]
8,11,89,1,0.015549365417532695,1.0662000866927615,True,False,[12],[0.04817009611536703]
8,12,121,2,0.067965423470409,1.2311293020369027,True,False,"[7, 15]","[0.06490269236741258, 0.03712310870154677]"
8,13,97,1,0.015402680649279825,1.1365699692999713,True,False,[5],[0.020787067021824947]
8,14,130,2,0.013843914685258025,1.0956354799018992,True,False,"[7, 12]","[0.05733385251047434, 0.019501951910330207]"
8,16,106,2,0.014755776429526458,1.122311993716512,True,False,"[6, 16]","[0.05026986576393346, 0.04493435422438368]"
8,17,17,4,0.014676083564541096,1.0659254697999652,True,False,"[7, 8, 15, 16]","[0.0900515542945468, 0.06398920677547593, 0.04854638881320516, 0.04854638881320516]"
8,18,175,1,0.06688373231695362,1.357439615946985,True,False,[7],[0.05992088967710034]
8,19,4,1,0.016002649808173567,1.0720129540201095,True,False,[5],[0.0553944253790754]
8,20,8,2,0.015404432502701272,1.0701432707054581,True,False,"[7, 17]","[0.062155684388184314, 0.03296638229795678]"
8,22,23,1,0.015430262269720517,1.0714214928998353,True,False,[7],[0.05170212482100647]
8,23,11,1,0.014196244251426182,1.065003287425751,True,False,[11],[0.03190367735618815]
9,0,0,1,0.015451103932030781,1.0817230097692478,True,False,[5],[0.028426348165611518]
9,1,7,1,0.015240559049203802,1.1023162450536126,True,False,[8],[0.05590790899678955]
9,2,36,1,0.014406310367851978,1.123405244896625,True,False,[15],[0.06529338239214158]
9,3,19,2,0.012916763646244995,1.0749114970522415,True,False,"[8, 15]","[0.05899193713067996, 0.04937171761201177]"
9,4,29,1,0.013820740091432838,1.1407590871659032,True,False,[7],[0.06221610812164021]
9,5,108,1,0.014718592789397923,1.128280379620069,True,False,[5],[0.047043296391104265]
9,6,149,1,0.014670855574199637,1.14868712989813,True,False,[7],[0.06941401614511343]
9,7,79,1,0.016055387285898972,1.2043227050020093,True,False,[5],[0.06420015830127257]
9,8,40,1,0.01578978893101639,1.1212778443761315,True,False,[5],[0.06658193731749079]
9,9,178,1,0.015227411032546455,1.1045529463704307,True,False,[8],[0.043119187863671]
9,10,153,1,0.016083982025168222,1.4130279198833908,True,False,[15],[0.031230094527376906]
9,11,89,3,0.01328058218960096,1.0697869778581266,True,False,"[7, 8, 15]","[0.0334260330203051, 0.03245120625232858, 0.03245120625232858]"
9,12,121,1,0.015414614010271322,1.24574804904483,True,False,[7],[0.0747940051155138]
9,13,97,1,0.015347607581857731,1.150737351794967,True,False,[5],[0.03189166750844195]
9,15,12,1,0.016168033851647667,1.0611174514368975,True,False,[5],[0.10079978492834461]
9,16,106,1,0.016080157669630814,1.1236596340449314,True,False,[5],[0.03219561351227823]
9,17,17,2,0.014218137069866299,1.0803479130435705,True,False,"[8, 15]","[0.05996720650648127, 0.04505402769982421]"
9,18,175,1,0.015067745140274069,1.3758057455725843,True,False,[7],[0.0638753470489742]
9,19,4,1,0.01604286565410285,1.0920475597931183,True,False,[7],[0.038258651345212974]
9,20,8,1,0.016095520230046675,1.0705567629629142,True,False,[5],[0.039731551734026725]
9,21,2,1,0.016218956997287287,1.1322340908361481,True,False,[7],[0.056291869785047584]
9,22,23,1,0.01641678887928306,1.0871056702088127,True,False,[16],[0.031116477401155727]
9,23,11,1,0.016555328946653312,1.0696085929806893,True,False,[7],[0.05705417190491051]
10,0,0,1,0.015195044554516677,1.1015451816642348,True,False,[6],[0.05760629620689609]
10,2,36,2,0.011506979259475685,1.1277290621234382,True,False,"[6, 15]","[0.06503370511648988, 0.08387032551105887]"
10,3,19,2,0.014257665049208848,1.0846729211972799,True,False,"[8, 15]","[0.06975921600281117, 0.06012336054161496]"
10,4,29,2,0.013528646947006385,1.1607534335541905,True,False,"[7, 16]","[0.07093433486539179, 0.06793285878599528]"
10,5,108,3,0.015732287445993132,1.1456795696390836,True,False,"[7, 8, 15]","[0.07916330922517423, 0.07916330922517423, 0.08587233167510401]"
10,6,149,1,0.014726774440897393,1.1717058969429397,True,False,[7],[0.09169046030933876]
10,8,40,1,0.015617718276780698,1.1357622597597559,True,False,[5],[0.07619255823940253]
10,9,178,1,0.015021441793902982,1.1248009894630973,True,False,[16],[0.034431320865681035]
10,10,153,1,0.014860441566139417,1.433308728688119,True,False,[7],[0.05024188333227323]
10,11,89,1,0.014076973439048316,1.0880066381890727,True,False,[16],[0.0208341401365856]
10,12,121,1,0.01506025610197418,1.2685083792556016,True,False,[5],[0.03535372521342797]
10,14,130,1,0.015075188372578846,1.1121915957816664,True,False,[12],[0.02785081908138774]
10,15,12,1,0.016136519385182426,1.0708873198407831,True,False,[6],[0.06660071510289815]
10,16,106,1,0.01582033938594091,1.1328795595264671,True,False,[5],[0.043710750179024864]
10,17,17,1,0.01540083125718694,1.096322345003416,True,False,[8],[0.06533770058363642]
10,18,175,1,0.015502637650337813,1.392348589295392,True,False,[5],[0.0799944488570062]
10,19,4,1,0.015587527828459348,1.0914180526345063,True,False,[8],[0.05728139382715364]
10,20,8,2,0.015484664538882354,1.0712330113011381,True,False,"[7, 17]","[0.07537794342781805, 0.05035032659475677]"
10,21,2,1,0.015606128962318127,1.1581293734571592,True,False,[7],[0.0637387926238415]
10,23,11,1,0.014122137472395439,1.0797776938418486,True,False,[5],[0.058358603752986724]
11,0,0,1,0.015264335766529706,1.104491345568819,True,False,[5],[0.05421242289345425]
11,1,241,1,0.07784543727239725,1.3270767232791325,True,False,[15],[0.020201917475218014]
11,2,19,1,0.015749230865190457,1.0840759865406384,True,False,[8],[0.07304575580588255]
11,4,108,1,0.01525975979113751,1.1468543362395223,True,False,[16],[0.053405999663348996]
11,5,149,2,0.010452518249598525,1.167656078953959,True,False,"[8, 16]","[0.0691990332630936, 0.044529141492284395]"
11,6,7,3,0.011733727029236111,1.112477844909167,True,False,"[7, 8, 15]","[0.09328171727655514, 0.04140230099010282, 0.055748772399986886]"
11,7,36,1,0.015508788246140714,1.1432068354715919,True,False,[15],[0.027473318345847]
11,8,153,1,0.015225326342325768,1.4500670829625892,True,False,[15],[0.03973197698433993]
11,9,89,2,0.01194632931251685,1.1094969090715394,True,False,"[8, 12]","[0.059763303307005695, 0.034231260382642556]"
11,10,121,1,0.015475361339219916,1.2879835397642674,True,False,[5],[0.026655538126959075]
11,11,97,1,0.015495440487870394,1.1575295924561253,True,False,[7],[0.0461209077574839]
11,13,40,1,0.015165245690463132,1.147628063531019,True,False,[5],[0.03892049379715221]
11,14,178,2,0.00977660344729158,1.1291346891381122,True,False,"[7, 16]","[0.047998757690741856, 0.023130238738401126]"
11,15,106,1,0.01565183825786144,1.137868427630997,True,False,[5],[0.10811755724610894]
11,16,17,1,0.015302037249494565,1.0962751253570975,True,False,[16],[0.043728895588943544]
11,17,175,1,0.01350216931034753,1.4081468754364588,True,False,[5],[0.04024060009676357]
11,18,130,1,0.014791321060147623,1.1196408828247697,True,False,[8],[0.037373067217639035]
11,21,23,1,0.01587814481183571,1.104597797205419,True,False,[16],[0.03043826689673208]
11,22,11,2,0.013264217559790636,1.081847338232249,True,False,"[7, 8]","[0.057569978953383415, 0.04716363503412796]"
11,23,2,1,0.015230972561057649,1.1642068146107376,True,False,[8],[0.02931276000726233]
12,0,0,2,0.010553337701564122,1.1159162029407104,True,False,"[6, 15]","[0.05577530934254268, 0.03474232047874584]"
12,1,241,2,0.011357819335768326,1.3287221250203158,True,False,"[7, 15]","[0.03969957685730887, 0.030620961864713577]"
12,2,19,1,0.014810152701439684,1.0927626027408506,True,False,[7],[0.06792063838818939]
12,3,29,1,0.01574257552696756,1.1613330890063907,True,False,[7],[0.03213394613591636]
12,5,149,2,0.01489237341564332,1.1663076980543639,True,False,"[7, 8]","[0.08949919064585728, 0.08466878654959592]"
12,6,7,1,0.01569997364290025,1.125992718420149,True,False,[8],[0.053816426030387186]
12,7,36,1,0.014024292434785545,1.1530375654874587,True,False,[8],[0.041434495206248645]
12,8,153,1,0.014272866127205406,1.4494341365739805,True,False,[8],[0.07678843176121665]
12,9,89,1,0.015725728389748724,1.1248814808587175,True,False,[16],[0.07034635394788509]
12,10,121,1,0.015963433336279653,1.2936773295919495,True,False,[7],[0.0947637660218273]
12,11,97,1,0.015825913075152128,1.1486512826015907,True,False,[8],[0.05251313139604574]
12,12,79,1,0.015693112982397155,1.2097967326297772,True,False,[5],[0.05541482542809359]
12,14,178,4,0.014083275967806376,1.1337462555901063,True,False,"[7, 8, 12, 17]","[0.06764675649024002, 0.06132684985082719, 0.05774097395554879, 0.03519608579832164]"
12,15,106,1,0.015512386006032067,1.1556077819663637,True,False,[5],[0.09462751294313405]
12,16,17,2,0.011753302816216707,1.10097774550989,True,False,"[15, 16]","[0.022129454808537757, 0.041847710151098345]"
12,19,253,1,0.1133580252885975,1.4744966106830444,True,False,[5],[0.0742302375435607]
12,21,276,1,0.02823218432629879,1.2108289403140162,True,False,[7],[0.05850957676422241]
12,22,23,1,0.01616722360069625,1.1091614543716901,True,False,[5],[0.03044245700777169]
12,23,11,1,0.016234470516682926,1.0890315400126898,True,False,[7],[0.07069481406881307]
13,0,0,1,0.013717373078889946,1.11545992748135,True,False,[7],[0.07429669317568194]
13,2,19,1,0.01507241776806039,1.1110757511800797,True,False,[7],[0.08286143206056949]
13,3,29,1,0.016116633700602616,1.163467036345715,True,False,[7],[0.050704529629086795]
13,4,108,1,0.013679883090420956,1.1683655090250922,True,False,[7],[0.06782717828942476]
13,5,149,2,0.014378178706343316,1.1821103635643564,True,False,"[7, 15]","[0.07644685829905697, 0.07351166780770929]"
13,6,7,2,0.011259707511793645,1.136208813608845,True,False,"[7, 8]","[0.09216158123729577, 0.07058816001041177]"
13,7,36,1,0.014857033922930241,1.1627705618663333,True,False,[8],[0.04508652315155195]
13,8,153,1,0.015493117335132806,1.4762773749861298,True,False,[15],[0.05555185252145663]
13,9,89,1,0.013004022920408243,1.1503523039268575,True,False,[8],[0.07041610465014758]
13,10,121,1,0.014949134833515334,1.3028539338180363,True,False,[7],[0.0911976184665055]
13,11,97,1,0.015497064459430419,1.1595979520289441,True,False,[7],[0.054532477708388045]
13,12,79,1,0.015048374044560253,1.21151768255372,True,False,[7],[0.10918471130290443]
13,14,178,1,0.014861457447771034,1.1409417206268193,True,False,[5],[0.07558924914970318]
13,15,106,1,0.015293459819521163,1.1578432739780844,True,False,[7],[0.06614621604963616]
13,16,17,3,0.010393720253286835,1.105105786146362,True,False,"[8, 15, 16]","[0.05441295942848171, 0.034337900669968356, 0.048485155254534965]"
13,17,175,1,0.01541125155606616,1.429950760192775,True,False,[7],[0.10353470501475563]
13,18,130,2,0.013372360515321586,1.1226259758732056,True,False,"[8, 11]","[0.05074931290114082, 0.033213452281122054]"
13,19,253,1,0.013546755715242758,1.4985358187585858,True,False,[7],[0.041737560844963995]
13,20,12,1,0.015841427765135505,1.0725156019876896,True,False,[7],[0.07367838836489692]
13,21,276,1,0.015350122982225786,1.232085377691036,True,False,[5],[0.04235339113443383]
13,22,23,1,0.014927971564776236,1.1086338799135704,True,False,[7],[0.05081323675147091]
13,23,11,1,0.013575143817507641,1.1110801950544607,True,False,[5],[0.0779082490815461]
14,1,241,1,0.014665529943489039,1.3412581280892575,True,False,[5],[0.08040505569151672]
14,2,19,3,0.010248804270538842,1.1084077588617043,True,False,"[8, 15, 16]","[0.07396119002211447, 0.0919336443925731, 0.046052786825803896]"
14,3,29,1,0.01570828406830416,1.1729898560573804,True,False,[11],[0.04923407153712679]
14,4,108,5,0.013886070983152171,1.17066589563812,True,False,"[7, 8, 12, 15, 16]","[0.11593076899299712, 0.07167666974454234, 0.0870391734216314, 0.07167666974454234, 0.08949437368641762]"
14,6,7,1,0.01593831067473778,1.1518165979776402,True,False,[5],[0.05236385930729605]
14,7,36,2,0.011800467063560848,1.1645109669396683,True,False,"[7, 8]","[0.09801199739604122, 0.05523397535874553]"
14,8,153,2,0.011634373777242676,1.4734766656127087,True,False,"[7, 15]","[0.054939079312137255, 0.0666545279834835]"
14,9,89,3,0.01174259032175589,1.1666450269570792,True,False,"[7, 8, 12]","[0.06731251866798486, 0.07624920619378947, 0.0510081729472668]"
14,10,121,1,0.014255968990769238,1.3200049182003815,True,False,[7],[0.10591131315989641]
14,12,79,1,0.015794481145185238,1.2236294611858571,True,False,[5],[0.06665673023435055]
14,13,40,1,0.015963268075795768,1.1630184137634436,True,False,[5],[0.058916962109864926]
14,14,178,1,0.015197206308066822,1.1510165698595096,True,False,[5],[0.09696352034615534]
14,15,106,1,0.015233014175474846,1.1639030950420384,True,False,[6],[0.0817549597105311]
14,16,17,3,0.01129743542415753,1.1079949632311266,True,False,"[8, 15, 16]","[0.061178967471725534, 0.04742019570157557, 0.06676093774829484]"
14,17,175,1,0.013657121922944819,1.4484534287847817,True,False,[5],[0.0511367057027305]
14,18,130,1,0.014968365302734245,1.1413114648181768,True,False,[7],[0.06542787550864396]
14,19,253,1,0.014383184869835974,1.5260526408186594,True,False,[5],[0.07779313336718305]
14,20,12,1,0.01616043733083107,1.0734933337157675,True,False,[15],[0.030354215071609014]
14,22,23,1,0.015361687602758502,1.1200554271908352,True,False,[7],[0.06314094366222577]
14,23,11,1,0.014433935931633227,1.1070532520309189,True,False,[8],[0.0622906436445994]
15,0,0,1,0.01501227493620065,1.1368272328278872,True,False,[6],[0.07999584597101195]
15,1,241,1,0.015702844925048177,1.3442842689407282,True,False,[15],[0.037836255946806084]
15,2,341,1,0.043542981097756034,1.31272429903896,True,False,[16],[0.06586198455053102]
15,3,19,1,0.0161253148426578,1.1085444393529336,True,False,[7],[0.05483372065417973]
15,4,29,1,0.014486758889402306,1.1903224453130639,True,False,[5],[0.04299190451634803]
15,5,108,1,0.015472674033365214,1.188920089361393,True,False,[16],[0.05153633772508068]
15,6,149,1,0.013550817101159515,1.2090136937551852,True,False,[7],[0.09421064310761297]
15,7,7,1,0.01624867634303127,1.1487351109084094,True,False,[8],[0.05709164569995649]
15,8,36,1,0.015293678242955801,1.1653531135217932,True,False,[7],[0.06763068114489335]
15,9,153,2,0.014252442942848663,1.4785184430368883,True,False,"[7, 15]","[0.0863173374966804, 0.03012251920129697]"
15,10,89,1,0.015347433621823564,1.1714509680407323,True,False,[5],[0.04346474715095377]
15,11,121,1,0.013507354660466056,1.3202632266705894,True,False,[15],[0.03814390014466651]
15,12,97,1,0.016046063135715164,1.1652154195551139,True,False,[5],[0.0934988591800366]
15,13,79,1,0.015562364779440303,1.223085069631795,True,False,[5],[0.06541701156296827]
15,16,106,1,0.0153109834637306,1.1695734025467857,True,False,[7],[0.05782245289021449]
15,17,17,3,0.01380146040660855,1.1274922489355765,True,False,"[8, 15, 16]","[0.0805540769846841, 0.06842530159230728, 0.06802657408814596]"
15,18,175,1,0.01521084276080221,1.4716929400882186,True,False,[5],[0.0814479022846292]
15,19,130,2,0.01195755501354016,1.1507611744339648,True,False,"[7, 12]","[0.05424360694856164, 0.029032170724520637]"
15,20,253,1,0.014265167987412624,1.549398286221026,True,False,[7],[0.07585447808411165]
15,21,12,1,0.01569231209584101,1.0863584976740561,True,False,[7],[0.06345453608443748]
15,22,23,1,0.015414833377479323,1.1429236524809256,True,False,[5],[0.047108975852700075]
16,1,241,3,0.010343995048974843,1.3600209469886693,True,False,"[7, 8, 15]","[0.0621309576235019, 0.07152759147611919, 0.04652633213543161]"
16,3,19,2,0.014650374172105907,1.1213727223486347,True,False,"[8, 15]","[0.07468782980825493, 0.06931659566839406]"
16,4,375,2,0.03895369438817331,1.2455930979070924,True,False,"[7, 16]","[0.10749953551322153, 0.08431445865473151]"
16,6,149,2,0.010776170496558152,1.2241158361872253,True,False,"[7, 16]","[0.0994256952005123, 0.03795246430252898]"
16,7,7,1,0.015752151430241553,1.161668766762111,True,False,[5],[0.08353275990933022]
16,9,153,1,0.013712911090033692,1.4868540113966948,True,False,[8],[0.08097180114074852]
16,10,89,3,0.011107848848227499,1.1787067256159776,True,False,"[7, 8, 12]","[0.1101049771553071, 0.0864553853061111, 0.04029575673280362]"
16,11,121,2,0.014411089600587098,1.3219985389213142,True,False,"[8, 15]","[0.07989754624517352, 0.06994108267848556]"
16,13,29,1,0.016010511082890727,1.182733880925836,True,False,[7],[0.03628855369359374]
16,14,383,1,0.03941544863858679,1.213911421780165,True,False,[7],[0.04719117054486573]
16,15,79,1,0.015534142822757613,1.2263315867975975,True,False,[5],[0.08561285657959863]
16,17,178,3,0.013220415425771742,1.1472055112352473,True,False,"[7, 16, 17]","[0.1050613645962832, 0.07238942556793582, 0.02265777432593493]"
16,18,106,2,0.015570312268612158,1.1774131510308015,True,False,"[6, 16]","[0.030553147764393458, 0.030553147764393458]"
16,19,17,1,0.016585850890140186,1.1265395494019292,True,False,[15],[0.019092369754480372]
16,20,175,1,0.01615721407651609,1.4706820039773139,True,False,[5],[0.04702935564783586]
16,21,130,1,0.014665066908042715,1.167381652765768,True,False,[7],[0.07596591026867601]
16,22,253,1,0.01421313018969018,1.5731253212279515,True,False,[5],[0.05590837727893833]
16,23,11,1,0.015931588448395845,1.11835526720119,True,False,[7],[0.08147682485829505]
17,0,0,4,0.010246541471057453,1.1396282978188277,True,False,"[6, 7, 15, 16]","[0.06988584228686599, 0.09448574602650309, 0.06252251720913722, 0.05330934335092387]"
17,1,241,2,0.013380011220952795,1.3820459760332402,True,False,"[7, 8]","[0.08543344179606267, 0.08086990683976893]"
17,2,341,1,0.01380515293816417,1.323031421859975,True,False,[16],[0.08376629499370214]
17,3,19,1,0.015618486775891581,1.1448014377641502,True,False,[15],[0.08671782569785057]
17,4,375,1,0.014855050612464924,1.2447039373444588,True,False,[16],[0.0705104662673649]
17,5,389,2,0.03109319605462451,1.401713181022074,True,False,"[7, 12]","[0.07413919721400548, 0.0601074756433093]"
17,6,7,1,0.014457395075296125,1.1615205066865018,True,False,[7],[0.12256722728975095]
17,8,121,2,0.010385617842940413,1.323816990520381,True,False,"[7, 8]","[0.06823095365865929, 0.10012819982281693]"
17,10,29,1,0.014155209739180222,1.1938604961104635,True,False,[7],[0.10823627402442254]
17,11,108,1,0.015769676636956328,1.1835024243803363,True,False,[8],[0.07981284379730491]
17,12,149,2,0.010815190151830505,1.2387203905764634,True,False,"[7, 16]","[0.08539168377662423, 0.05758674533525077]"
17,13,79,1,0.01568507829183681,1.2318700624967631,True,False,[5],[0.06514264335709687]
17,14,40,1,0.015435036593448567,1.1785682736494516,True,False,[7],[0.06412252976999727]
17,15,36,3,0.011276703561252573,1.1681330701905435,True,False,"[7, 15, 16]","[0.0530455130401643, 0.036268090184529284, 0.036268090184529284]"
17,16,153,2,0.012989127062646126,1.4873625726940705,True,False,"[8, 15]","[0.07758862851063501, 0.07104208653973061]"
17,17,89,1,0.015294532742131137,1.1827967258279546,True,False,[7],[0.09903729176759536]
17,18,383,1,0.01531876668999174,1.2275977292600877,True,False,[7],[0.08056565368215719]
17,19,130,4,0.014431974517639655,1.1720771857096506,True,False,"[7, 11, 12, 15]","[0.08062334906231944, 0.045747174582222695, 0.06695602001098502, 0.05423247035285185]"
17,20,253,1,0.014196103084406714,1.5999520087947077,True,False,[5],[0.04350256239426116]
17,21,178,1,0.01483169924912399,1.1524204627106427,True,False,[7],[0.09008046685736217]
17,22,106,2,0.012073994343570899,1.1843606205573813,True,False,"[6, 7]","[0.02525891131065814, 0.06408532363633629]"
17,23,175,1,0.012225121500783698,1.4912541254213707,True,False,[5],[0.0853107824173331]
18,0,0,1,0.015688775744011438,1.1500930425768394,True,False,[15],[0.07691219813596427]
18,1,241,1,0.015795456088676805,1.3699577705702297,True,False,[15],[0.04745581529637578]
18,2,341,1,0.014385291946923007,1.3325043493922173,True,False,[15],[0.09719610182170091]
18,3,19,1,0.014681531256161603,1.1635471373926636,True,False,[15],[0.08928998327940747]
18,4,375,1,0.014266679699284497,1.2499961657729812,True,False,[7],[0.11659563523586053]
18,6,7,1,0.015662588063606448,1.1788511219841615,True,False,[8],[0.05923329510159601]
18,7,400,1,0.06830010938837679,1.3213842981295223,True,False,[7],[0.10804054184435809]
18,8,121,1,0.014699558775031379,1.315926760036559,True,False,[15],[0.08471070793713825]
18,9,97,1,0.014171074192474372,1.1861093910450207,True,False,[5],[0.04479803402523392]
18,10,29,1,0.014430698307939242,1.2070568684032987,True,False,[7],[0.10633836484560136]
18,12,149,3,0.01006870785902341,1.251826950757878,True,False,"[7, 15, 16]","[0.08085653767608317, 0.046459815896916626, 0.06334618022261215]"
18,14,40,1,0.015243400844976418,1.2007579934522088,True,False,[7],[0.07725735446328662]
18,15,36,1,0.014305537457178438,1.1754555506418831,True,False,[15],[0.055374168471125695]
18,16,153,1,0.014391360627088953,1.5084383325133186,True,False,[7],[0.07422999734509736]
18,17,89,2,0.01287747074438157,1.1862514471802468,True,False,"[12, 16]","[0.05529963230845754, 0.07677091561177268]"
18,19,130,2,0.015211865482895569,1.184318162139253,True,False,"[7, 15]","[0.08765967622702642, 0.061550294093315826]"
18,21,178,1,0.014103757747526154,1.156311234733421,True,False,[8],[0.050687027190231805]
18,22,106,1,0.016114154543895733,1.1879954986397012,True,False,[16],[0.054639202878277615]
18,23,175,1,0.014863530292974913,1.4901125394661925,True,False,[7],[0.06891922610349481]
19,0,0,1,0.01605015972343211,1.1511275759673238,True,False,[5],[0.06924749753548169]
19,1,241,1,0.014689171048681868,1.3905378773840331,True,False,[5],[0.0816605920685911]
19,2,341,1,0.013464772009366948,1.3324269419447436,True,False,[8],[0.08462366044781831]
19,4,375,1,0.013735188978406412,1.2500528666275503,True,False,[16],[0.07193246818693094]
19,5,389,3,0.012796716450271157,1.3980424842826353,True,False,"[7, 8, 12]","[0.0858151157395697, 0.09507004461345217, 0.07525033412687296]"
19,6,7,1,0.015026231977520513,1.2018920160741537,True,False,[8],[0.07523021884906075]
19,7,400,1,0.014951471138510796,1.3341585319383078,True,False,[5],[0.09563627108200604]
19,8,121,1,0.014800296817507521,1.3383736120927774,True,False,[7],[0.07198517982487676]
19,10,29,1,0.014281618267648464,1.2232713530668342,True,False,[7],[0.10026347577531958]
19,11,108,2,0.014868811025210468,1.1849960872293452,True,False,"[8, 15]","[0.09000037093255478, 0.07685261187929528]"
19,12,149,2,0.00913707844419845,1.2655736240930087,True,False,"[7, 16]","[0.06198760132696506, 0.06898934079979367]"
19,14,40,1,0.01456746892082272,1.2252929084564794,True,False,[7],[0.07601093916158513]
19,15,36,2,0.012880971792102054,1.1820761317800557,True,False,"[7, 15]","[0.0937380734243948, 0.07498307562548935]"
19,16,153,1,0.015327614094323067,1.5125119213365692,True,False,[15],[0.07868598457949182]
19,17,89,2,0.012907118574669429,1.2082885334478577,True,False,"[7, 8]","[0.10169708490430185, 0.0939053377645941]"
19,18,383,1,0.015341825414358806,1.2454534688822145,True,False,[7],[0.07856431347461111]
19,19,130,1,0.015252535263017983,1.206463061346241,True,False,[5],[0.08338965990840379]
19,20,253,1,0.0141778036737666,1.6296327615306971,True,False,[5],[0.06216163055542847]
19,21,178,2,0.012069227596564112,1.159638579980879,True,False,"[7, 12]","[0.11065209924647752, 0.09420792988029077]"
19,22,106,2,0.009692979840690619,1.19769108390701,True,False,"[7, 16]","[0.07704534111685421, 0.043711428704247685]"
19,23,175,1,0.012587920742930747,1.499295082070272,True,False,[5],[0.09404652118233567]
20,0,0,1,0.015478647854329437,1.1569946026363498,True,False,[5],[0.06761963799727125]
20,1,241,1,0.014986433341429475,1.4197898431383296,True,False,[5],[0.0894220092377281]
20,7,400,1,0.015345559038902922,1.3467564242672438,True,False,[7],[0.1173893905099673]
20,10,29,1,0.014842548605104965,1.2388573379698324,True,False,[7],[0.1129464420425454]
20,11,108,1,0.013755311784800262,1.2025859614338463,True,False,[7],[0.07688503437886646]
20,12,149,3,0.01330010769717457,1.2773129072236837,True,False,"[7, 8, 15]","[0.08091180703210685, 0.05909479368566877, 0.0767336009311119]"
20,13,79,1,0.014297815006490714,1.2560973610796449,True,False,[5],[0.05933947059033728]
20,14,40,1,0.015853261014839453,1.2298980469464615,True,False,[5],[0.12560141156380594]
20,15,36,2,0.010687217094242885,1.1892892408341145,True,False,"[8, 15]","[0.030156656037263765, 0.05344899904244084]"
20,16,153,2,0.010937145609805885,1.523531906037178,True,False,"[7, 15]","[0.07631389164606273, 0.07271892670493196]"
20,18,383,1,0.015238966125405514,1.257715470640571,True,False,[8],[0.07278958278928822]
20,19,130,2,0.010305855836471107,1.2034619311416586,True,False,"[8, 15]","[0.0450364135108651, 0.0632413158991956]"
20,20,253,1,0.015811963856211166,1.6418926595386352,True,False,[5],[0.08132335419782004]
20,21,178,1,0.013879021742858775,1.1741380849590304,True,False,[5],[0.057745212526767065]
20,22,106,1,0.013610755103080829,1.2203539565819934,True,False,[7],[0.06417519951466587]
20,23,469,1,0.08522830186232755,1.4078584682982884,True,False,[8],[0.08554823932661822]
21,1,488,1,0.0387882480889848,1.4451233309852833,True,False,[7],[0.09727823783785812]
21,2,241,1,0.013705614737809142,1.4130234614090453,True,False,[8],[0.1194561041580686]
21,3,341,1,0.014235261495745275,1.359240733084437,True,False,[7],[0.05768644362296572]
21,4,19,1,0.01421238057731192,1.1833720571951072,True,False,[7],[0.11936176530294185]
21,5,375,2,0.01039813036903297,1.25746107114239,True,False,"[7, 16]","[0.07598249599667206, 0.0643693041337371]"
21,6,389,1,0.013100774460341472,1.4221393045840942,True,False,[7],[0.1362015438421107]
21,7,7,1,0.014922135250461781,1.203107455630955,True,False,[8],[0.057857220882817056]
21,9,121,1,0.014497858312079039,1.3344110074376228,True,False,[8],[0.10230789361846773]
21,10,97,1,0.014071501613469354,1.1916229197602355,True,False,[8],[0.09313910776648654]
21,11,29,1,0.014721712739898028,1.2558595245404776,True,False,[11],[0.02385529966209717]
21,13,149,2,0.014097805316465178,1.280676285559868,True,False,"[7, 8]","[0.059820552793565296, 0.06328779394406929]"
21,14,79,1,0.014845722004095802,1.2560158495527027,True,False,[11],[0.04697884421238712]
21,15,40,1,0.014778135335035695,1.2460041717317476,True,False,[5],[0.09843402829852667]
21,16,36,2,0.009621701427782712,1.1898140316073507,True,False,"[7, 8]","[0.06791329405348004, 0.08452972990444597]"
21,18,89,2,0.013469094434740328,1.2114848470453565,True,False,"[7, 12]","[0.10024203677807955, 0.058389993186211075]"
21,19,383,1,0.013209577820893166,1.2859313965998627,True,False,[7],[0.06786026586950898]
21,20,130,2,0.013797203202899882,1.1935299230298073,True,False,"[12, 15]","[0.06930031683428096, 0.05829279165360588]"
21,21,253,1,0.014366411098088054,1.6691507465975297,True,False,[7],[0.09788665017745046]
21,22,483,1,0.027492981149716975,1.2404028329234726,True,False,[7],[0.07037345686794962]
21,23,484,3,0.03902362888306853,1.3500307486912744,True,False,"[7, 8, 16]","[0.07274022794607532, 0.06485952891500371, 0.03591160097102217]"
22,0,0,1,0.015375146091426406,1.1648134888808777,True,False,[5],[0.07953442316087206]
22,1,488,1,0.012607265799170727,1.4423659871479715,True,False,[8],[0.09216809655341816]
22,2,241,1,0.01358261985657211,1.4087244838399136,True,False,[8],[0.12637476093037464]
22,4,19,2,0.016147535480037098,1.1846717948259922,True,False,"[8, 15]","[0.0637094701452178, 0.0637094701452178]"
22,5,375,1,0.015484526626522528,1.258211737788792,True,False,[16],[0.07215130180771114]
22,6,389,1,0.014857487503349396,1.4126974029398907,True,False,[8],[0.07827929704840005]
22,7,7,1,0.014821374790033292,1.2102743153079698,True,False,[8],[0.05538843409230903]
22,8,400,1,0.015319875525469134,1.3466269013102476,True,False,[12],[0.0708696094165013]
22,9,121,1,0.014700361195895222,1.3502239170787649,True,False,[7],[0.07406143932268547]
22,12,108,1,0.014586502043579324,1.2223025305925728,True,False,[7],[0.08188140851432724]
22,13,149,2,0.01038968816131344,1.2795500552625307,True,False,"[8, 15]","[0.05525551716770936, 0.0543791108907361]"
22,14,79,1,0.01466903597381607,1.2815368752492542,True,False,[7],[0.07987201157968545]
22,15,40,1,0.014557573783348465,1.2555620978209605,True,False,[7],[0.10403703021065677]
22,16,36,2,0.010192908929343929,1.1951854689337804,True,False,"[7, 15]","[0.06650526859741841, 0.05794912274596863]"
22,17,153,1,0.01443452176556149,1.5321815181053131,True,False,[15],[0.057902786643805014]
22,18,89,2,0.012231608998768968,1.212499324510161,True,False,"[7, 16]","[0.08047175990709686, 0.04110503029801758]"
22,20,130,1,0.0157673321184369,1.191991598609547,True,False,[8],[0.050016516513746535]
22,21,253,1,0.012313552034283764,1.7049538290573827,True,False,[7],[0.07471972195674773]
22,22,483,1,0.014060630393675071,1.247330486181021,True,False,[5],[0.055035640643724536]
22,23,484,2,0.010162516349285477,1.3504933927047642,True,False,"[7, 17]","[0.06561722616179406, 0.03570105948840066]"
23,0,0,1,0.012490777852933484,1.1774641017176275,True,False,[7],[0.09217381209154896]
23,1,488,2,0.012793857177292794,1.4471598124617533,True,False,"[7, 15]","[0.11989191230889261, 0.05593558261657642]"
23,2,241,1,0.014246166720661823,1.4161287342720714,True,False,[7],[0.06442820782855446]
23,3,341,1,0.014072566539675554,1.3472867306909129,True,False,[12],[0.05009539807431147]
23,4,19,1,0.016442118384411557,1.1821706600938466,True,False,[8],[0.05936588733616795]
23,5,375,1,0.015262753048146655,1.2710081765804582,True,False,[16],[0.08160942204790037]
23,8,400,1,0.015140244521143695,1.3447903946902755,True,False,[12],[0.059158309810261024]
23,9,121,1,0.015284913727997973,1.3580022812312809,True,False,[7],[0.09928055024000317]
23,10,97,1,0.015292389061672119,1.2084204979772433,True,False,[7],[0.12585816620842413]
23,11,29,1,0.014542253795714844,1.2689139081148564,True,False,[12],[0.06932709067461072]
23,12,108,3,0.012926119222340843,1.2444077583122524,True,False,"[7, 8, 15]","[0.09724008658160271, 0.07352511925552369, 0.09644976067208237]"
23,13,149,2,0.011153265209797801,1.280155990337641,True,False,"[8, 15]","[0.07407921020636973, 0.06060178451535632]"
23,14,79,1,0.01480686639044856,1.3089833190808826,True,False,[7],[0.10242044002426391]
23,15,40,1,0.014209424998993445,1.2750292101290477,True,False,[5],[0.10304636945851574]
23,16,36,1,0.014276218495718009,1.197005260639748,True,False,[5],[0.05098498001989745]
23,17,153,2,0.01174882635878416,1.538838763968839,True,False,"[7, 15]","[0.10865348740711665, 0.07823202885074829]"
23,18,89,2,0.013780587697258966,1.2111788282787719,True,False,"[8, 16]","[0.07494331467376915, 0.04778913455289636]"
23,19,383,1,0.01530328430241755,1.2894179392807894,True,False,[8],[0.06262826591894396]
23,21,253,1,0.014399261528863923,1.7418918256507347,True,False,[5],[0.08067346020102549]
23,22,483,1,0.01402757797827089,1.262207176994244,True,False,[5],[0.06094759808313576]
23,23,484,3,0.010715253195465025,1.3570275672313754,True,False,"[8, 15, 17]","[0.07505257618830898, 0.025008037921415007, 0.03359052721178995]"
24,0,0,1,0.015002689653620397,1.1882055086110563,True,False,[15],[0.07473195834321587]
24,1,488,1,0.014495822507273975,1.4610222264516712,True,False,[5],[0.11670875688146388]
24,2,241,1,0.0150273090648869,1.418139620914407,True,False,[5],[0.04441685704516206]
24,3,341,2,0.013432607065860603,1.3679867422203804,True,False,"[7, 16]","[0.10018938983461477, 0.05766073855969214]"
24,4,19,1,0.014306039202562664,1.1743973690077456,True,False,[8],[0.048450226809864674]
24,5,375,2,0.010324298767747962,1.2865130113637895,True,False,"[7, 16]","[0.07173786079115964, 0.07293668082797403]"
24,6,389,2,0.013068020033804629,1.4191101635963805,True,False,"[8, 15]","[0.09898824441103504, 0.0771239678171429]"
24,7,7,1,0.015818892769387173,1.2138061658034223,True,False,[8],[0.0765854741273147]
24,10,97,1,0.014792437732777431,1.2266883881894617,True,False,[7],[0.12060410683958861]
24,11,29,1,0.015560600998483332,1.273750319593059,True,False,[5],[0.038885343009682015]
24,12,108,2,0.013497603664988056,1.2669930781756749,True,False,"[7, 15]","[0.09508620449247741, 0.09942610438597593]"
24,14,79,2,0.012593425579899892,1.3199039230724736,True,False,"[7, 12]","[0.12056675972357948, 0.08878841349028865]"
24,15,40,1,0.013450648781462881,1.2734812897484824,True,False,[8],[0.049642259649767186]
24,16,36,2,0.01160397916083844,1.2028091965087593,True,False,"[7, 15]","[0.08623423436014013, 0.07733885519560064]"
24,17,153,1,0.012915322346853227,1.5416644695133257,True,False,[5],[0.06083398615938562]
24,18,89,1,0.014400264886318107,1.2111152718243503,True,False,[8],[0.08223047414567694]
24,19,383,1,0.013641471545959629,1.3208879637505635,True,False,[7],[0.07490965173440928]
24,21,253,1,0.011886750979868067,1.7807440548218643,True,False,[7],[0.08445542749592576]
24,22,483,2,0.011410320872351689,1.251424298158114,True,False,"[12, 15]","[0.06567467355005376, 0.026197814897805267]"
24,23,484,3,0.01296920039234894,1.360914383543915,True,False,"[8, 15, 17]","[0.08699796328904882, 0.04883945177537363, 0.044444583018339326]"
25,0,0,2,0.010602287663434365,1.1924099718286478,True,False,"[6, 15]","[0.07401666631893139, 0.07564789842623158]"
25,1,488,1,0.012906738622899719,1.4627646505858052,True,False,[8],[0.0970935357599746]
25,2,241,1,0.015215167838664816,1.4311298224156508,True,False,[5],[0.054964612256745614]
25,3,341,1,0.013463782636684633,1.3857228256007845,True,False,[5],[0.0561009327168173]
25,4,19,1,0.013588789652652068,1.1988381554638374,True,False,[7],[0.11144053418906247]
25,5,375,2,0.01311479078495536,1.3037640532395103,True,False,"[7, 8]","[0.07169076742367853, 0.0958299459519292]"
25,6,389,1,0.013180829381965456,1.4416129889922529,True,False,[7],[0.13427239791617399]
25,7,7,1,0.014381370725792673,1.236740138117946,True,False,[5],[0.10045427865199676]
25,8,400,1,0.014926265820136777,1.3502978355058177,True,False,[12],[0.05324983528596056]
25,9,121,1,0.014742823384624019,1.3594424378641639,True,False,[5],[0.0905537843553748]
25,10,97,1,0.014587948268801009,1.2487847142371706,True,False,[7],[0.14339456128584765]
25,11,29,1,0.015482853466190891,1.2881026437292908,True,False,[5],[0.04892624155203034]
25,12,108,2,0.012996807085063788,1.2898979837097986,True,False,"[7, 8]","[0.09761737502742153, 0.0823698846482524]"
25,13,149,1,0.015090596570467109,1.275275834528658,True,False,[15],[0.08243719349811728]
25,15,40,1,0.015304648920939053,1.2801750004564267,True,False,[7],[0.11459965117230568]
25,16,589,4,0.03293115219020288,1.2903659548298394,True,False,"[7, 8, 15, 16]","[0.08690510271875071, 0.09740366208531293, 0.08968735957955139, 0.09640387971326747]"
25,18,153,2,0.010280573470834723,1.5469897948896605,True,False,"[7, 15]","[0.06729848690441939, 0.05229327780967176]"
25,19,89,4,0.009984711341773929,1.2108870949338866,True,False,"[7, 8, 12, 16]","[0.07963110002144905, 0.07028827854246288, 0.06531045897659334, 0.0670487777765246]"
25,21,130,1,0.014660030455722393,1.2046264570360483,True,False,[8],[0.05747244498528488]
25,23,484,3,0.009802461359378374,1.3783470561147626,True,False,"[7, 8, 15]","[0.0665195055406465, 0.08757896589545608, 0.05127483426015455]"
26,0,0,1,0.013825587673488604,1.19343373754796,True,False,[6],[0.07581118335555123]
26,2,241,1,0.014840579553302487,1.4279309571100325,True,False,[15],[0.10016822706225799]
26,3,341,1,0.01439757127504622,1.3985392530775544,True,False,[16],[0.06389098261703725]
26,4,19,2,0.010080127678125115,1.2092860592664907,True,False,"[7, 8]","[0.11512825860798317, 0.05522723854590604]"
26,5,375,1,0.01434537453841614,1.3188472429257587,True,False,[8],[0.1001641639622492]
26,6,389,1,0.015122549816093775,1.4471201254608634,True,False,[12],[0.0667484045396994]
26,7,7,1,0.013601283413294616,1.2642169701182888,True,False,[5],[0.09594237656153361]
26,8,400,1,0.015173050198122852,1.3601531565963285,True,False,[5],[0.0927170354799357]
26,9,121,2,0.014583246270918135,1.371551977244017,True,False,"[7, 15]","[0.12305360701933264, 0.0705730488197499]"
26,10,97,1,0.01447005710700843,1.2753585774858034,True,False,[5],[0.0585183324646043]
26,14,79,1,0.01473145137530465,1.3494088806376596,True,False,[7],[0.1265097908003797]
26,15,40,1,0.015650109479881283,1.283109662934473,True,False,[7],[0.12732378598955224]
26,16,589,1,0.01407123528012548,1.3035263401810686,True,False,[5],[0.06591788154395661]
26,17,36,2,0.010942260229137206,1.2007388880875558,True,False,"[6, 15]","[0.026303258107553736, 0.07803636455973022]"
26,18,153,2,0.00989063929701922,1.546938835631901,True,False,"[7, 15]","[0.06348870540862993, 0.05850841708045338]"
26,19,89,2,0.010786640532110788,1.2189662044063112,True,False,"[7, 8]","[0.08648844708037802, 0.06796688661816665]"
26,21,130,2,0.009417075614764497,1.22284959292438,True,False,"[7, 12]","[0.08603138982941043, 0.09000618256725465]"
26,22,483,1,0.014476084089171618,1.2679469974409,True,False,[7],[0.07301411489117156]
26,23,484,3,0.009676254912843038,1.3772483697028002,True,False,"[7, 15, 17]","[0.08824385912707734, 0.06038936220119216, 0.04971025999895105]"
27,0,0,2,0.012364900441739868,1.1970733062817345,True,False,"[6, 15]","[0.08876189867387481, 0.09008260490590551]"
27,1,488,2,0.0134355318952498,1.461152076092446,True,False,"[7, 15]","[0.12118328004552562, 0.06962462272018535]"
27,2,241,1,0.013506212967293834,1.4452685063742714,True,False,[7],[0.07087866140085425]
27,3,341,1,0.01481322199602677,1.4112563306344341,True,False,[16],[0.05969645684347393]
27,4,19,1,0.015910542714612615,1.2060314000573096,True,False,[5],[0.051689300381724486]
27,5,375,2,0.01208679372213231,1.3391094519285844,True,False,"[16, 17]","[0.08441827816086407, 0.03299987488568652]"
27,6,389,2,0.012128524840055244,1.4442841619901852,True,False,"[12, 16]","[0.07629588072796825, 0.04325121431098307]"
27,7,7,1,0.014472373038699375,1.27668199665634,True,False,[8],[0.09571394515507994]
27,8,400,1,0.015062038383587233,1.3560420383002385,True,False,[8],[0.1154304351675027]
27,9,121,2,0.011571261711152817,1.3712834012503792,True,False,"[8, 15]","[0.11089583075107663, 0.07757174605492632]"
27,10,97,1,0.014251627883295204,1.2786076638094146,True,False,[8],[0.11133317583806847]
27,11,29,1,0.015319035099379276,1.3001343600594195,True,False,[5],[0.06964213777040744]
27,12,108,2,0.010438723729156557,1.2981278841117114,True,False,"[8, 16]","[0.07282892487566815, 0.0850773647617548]"
27,13,149,1,0.014175125243624343,1.2936543272821004,True,False,[7],[0.05454107238623623]
27,14,79,1,0.014864893049514598,1.3805308460291676,True,False,[7],[0.13184855640538853]
27,15,40,1,0.015149251151801942,1.2788698690312328,True,False,[12],[0.03262069634333674]
27,16,589,2,0.009758707248407572,1.3119369749008039,True,False,"[7, 8]","[0.09552903550650692, 0.10810740093549034]"
27,19,89,2,0.012949580789660853,1.2160226442311974,True,False,"[12, 16]","[0.07841204459754278, 0.07713596191556679]"
27,21,636,1,0.040517901893863686,1.3971414443911043,True,False,[15],[0.025501837003717543]
27,22,483,1,0.015457934134781004,1.2594463883811111,True,False,[8],[0.06744140826951452]
27,23,484,2,0.011598414600818395,1.3802531943732006,True,False,"[7, 15]","[0.09543396168439432, 0.07539439268096472]"
28,0,666,1,0.03271140202529776,1.6577903065984139,True,False,[8],[0.0657699128600221]
28,1,341,1,0.013930568803437017,1.42064090740756,True,False,[5],[0.11168932698025666]
28,3,375,1,0.013475223178548117,1.3476200906054696,True,False,[5],[0.08042912418516017]
28,4,389,1,0.01271210334178695,1.4599919865946016,True,False,[16],[0.0756131062392403]
28,5,0,1,0.016028201005791835,1.2129524366656008,True,False,[15],[0.07772405963894856]
28,7,241,2,0.011243463098002362,1.4511263422372775,True,False,"[7, 15]","[0.09790942246977939, 0.030473697207894185]"
28,8,400,2,0.010699231024682374,1.3540317751590123,True,False,"[7, 12]","[0.07666079938129364, 0.06305307316435413]"
28,10,97,1,0.013667495906172396,1.2796941144343776,True,False,[8],[0.1213317309978292]
28,12,108,1,0.01403870046548191,1.3244402189638367,True,False,[7],[0.0835618144398111]
28,13,149,1,0.014777182697532644,1.2957429618476726,True,False,[8],[0.08793164350981908]
28,16,36,2,0.01222386137716267,1.1972278337101436,True,False,"[8, 15]","[0.11784938984764567, 0.09492195690201351]"
28,17,153,1,0.012546581233968694,1.5752847359607185,True,False,[15],[0.0998059944965609]
28,18,89,2,0.010085218368499344,1.2196437153302466,True,False,"[7, 8]","[0.061805701409329686, 0.0721511655774827]"
28,19,665,1,0.022431665058079468,1.2170079417445037,True,False,[7],[0.08516468413040024]
28,21,79,1,0.01253178240768774,1.4041065292258383,True,False,[7],[0.08396529419849127]
28,23,484,3,0.009932957302648824,1.3932619856073065,True,False,"[8, 15, 17]","[0.08524272201311, 0.07091423215845326, 0.0533831739600599]"
29,0,666,2,0.010887887247093242,1.6623434801573223,True,False,"[7, 15]","[0.10021420958495691, 0.10922024750748174]"
29,1,341,1,0.01287999663261847,1.4209486006476157,True,False,[8],[0.0991874629145271]
29,2,19,2,0.010110523243405485,1.2145765526088248,True,False,"[8, 15]","[0.12738848404524536, 0.09769352859469463]"
29,3,375,1,0.015018349939225286,1.3474199534518747,True,False,[17],[0.019992841994320935]
29,4,389,2,0.011075621047809068,1.4780257178983032,True,False,"[7, 8]","[0.11565415896466401, 0.0689306334352222]"
29,5,0,3,0.00949728318176874,1.2177268022448386,True,False,"[6, 7, 16]","[0.033863810740229386, 0.06390917331132383, 0.09016413505647254]"
29,6,488,1,0.01450249807146686,1.4664414806338544,True,False,[15],[0.07704150921049083]
29,7,241,1,0.014807809783422913,1.4560649634032696,True,False,[7],[0.10527944144318113]
29,9,694,3,0.02957113431102051,1.3229023911627913,True,False,"[7, 12, 15]","[0.11773525388062417, 0.052137617353553864, 0.070702687336975]"
29,10,121,2,0.012067013743114904,1.3723838324507445,True,False,"[8, 15]","[0.14259618916607902, 0.04979803369445752]"
29,13,108,1,0.014425845223794127,1.3473106144531806,True,False,[7],[0.07300836677078915]
29,14,149,3,0.012246372937305119,1.286664339241185,True,False,"[8, 15, 16]","[0.07734084236789072, 0.035874156021734604, 0.04415005707005057]"
29,15,7,2,0.01048318955429814,1.287162098064604,True,False,"[7, 8]","[0.1235164703838039, 0.05523672594117175]"
29,16,686,1,0.05681872339760214,1.3520887479053512,True,False,[8],[0.1311390383345668]
29,17,36,1,0.01462608906800474,1.184448207678408,True,False,[7],[0.10178135513812854]
29,18,153,1,0.015038447743626681,1.5857492610455348,True,False,[15],[0.06611920872805446]
29,19,89,1,0.014719454996574507,1.2196564937715668,True,False,[16],[0.07938691726869773]
29,21,383,1,0.012419270320148551,1.3500827449197128,True,False,[7],[0.08498237840128764]
29,22,79,1,0.014670422104822077,1.4253450792852245,True,False,[7],[0.08521620161775542]
29,23,484,2,0.010424437092439988,1.3889584514156468,True,False,"[7, 17]","[0.10278118906173174, 0.05428023992258332]"
30,0,666,1,0.013482786458764452,1.6751113439393217,True,False,[15],[0.11120256938561449]
30,1,341,2,0.01103037866485948,1.4256823780077004,True,False,"[8, 16]","[0.10523096527817849, 0.0379674198597792]"
30,3,375,1,0.014614872309412026,1.34896938541945,True,False,[7],[0.11072085526541321]
30,4,389,2,0.009749245163592274,1.4865793570041739,True,False,"[15, 16]","[0.055618963711292616, 0.0884353924364328]"
30,5,0,4,0.009762926498362808,1.2278487833606648,True,False,"[6, 7, 15, 16]","[0.06379957035591993, 0.07502136057349408, 0.07321789462825366, 0.10176870457718172]"
30,6,488,1,0.014413904891917092,1.4654116981168472,True,False,[8],[0.10702798106561719]
30,8,400,2,0.012668989886709265,1.3570485810935518,True,False,"[7, 12]","[0.0897563384670068, 0.08587721769417729]"
30,9,694,2,0.010936336426053598,1.3240138615758321,True,False,"[8, 15]","[0.10626002231632482, 0.0638811679005536]"
30,10,121,1,0.01491661970972557,1.384356586919025,True,False,[15],[0.05672232758608684]
30,11,97,2,0.010534680760898694,1.2878151539490634,True,False,"[7, 8]","[0.08641557159658322, 0.08581088288213319]"
30,13,108,1,0.015536093171237246,1.3435271407108074,True,False,[15],[0.08761948267482264]
30,14,149,1,0.014969171428369855,1.2900681382656731,True,False,[7],[0.1284122905032136]
30,16,704,1,0.0717152423970976,1.5956493189766887,True,False,[17],[0.028586366478899217]
30,18,36,1,0.013366669304281285,1.184746388870224,True,False,[7],[0.07222402602591492]
30,20,89,1,0.01412047823716496,1.2360319036399767,True,False,[16],[0.04265243676302801]
30,21,665,2,0.01268089261594731,1.221860637541594,True,False,"[8, 15]","[0.07383146309709783, 0.05714936540259751]"
30,22,383,2,0.012232512359484702,1.3555693704912528,True,False,"[7, 8]","[0.08727031114224089, 0.07938668198478677]"
30,23,79,1,0.013369343673119486,1.4404831613111932,True,False,[5],[0.09462307875120635]
31,0,666,2,0.01169574510027076,1.6824870795500717,True,False,"[7, 15]","[0.11873511516556201, 0.116254128721412]"
31,1,341,2,0.010521499958491054,1.4320213775048225,True,False,"[15, 16]","[0.07460208389708149, 0.044301643686015385]"
31,3,375,2,0.010169375191618445,1.3529801673369437,True,False,"[16, 17]","[0.04898978522291028, 0.04574681627939672]"
31,4,389,1,0.013093338207674858,1.5093305792870009,True,False,[16],[0.09168832551730322]
31,5,0,3,0.011199984332936478,1.234071462942288,True,False,"[6, 15, 16]","[0.08249485864727019, 0.07280001311601343, 0.11590474814748372]"
31,6,488,1,0.014407842535323652,1.486221480615172,True,False,[15],[0.07597017228245237]
31,7,241,1,0.014896119588582012,1.4633886599580122,True,False,[7],[0.10493979262390662]
31,8,400,1,0.014077361705097925,1.3683250960295679,True,False,[8],[0.12065314317420028]
31,10,121,1,0.014385558311837044,1.3954142441379533,True,False,[5],[0.08897725990425655]
31,12,29,1,0.01566360246333248,1.3030170315230238,True,False,[11],[0.03256319994403938]
31,13,108,3,0.009052514204508668,1.3520513752931957,True,False,"[7, 8, 16]","[0.06972260270888003, 0.06917175741599531, 0.05084493806011049]"
31,14,149,2,0.011606125754191956,1.2925232640166426,True,False,"[7, 15]","[0.11441510098208482, 0.03564366255835486]"
31,15,7,2,0.012166724431889873,1.2902724187022332,True,False,"[8, 15]","[0.06570355384779394, 0.09275437469712765]"
31,16,704,1,0.014409307985250716,1.6274522879313476,True,False,[5],[0.07688182822857757]
31,17,686,1,0.013783412920245486,1.3796618481929386,True,False,[5],[0.06057767026726021]
31,18,36,1,0.014447568225934635,1.1824273531375602,True,False,[16],[0.06605256798941381]
31,19,153,2,0.012361190324125223,1.5822044771401065,True,False,"[7, 15]","[0.10649736153301244, 0.08565290249550055]"
31,20,89,1,0.013874540659329913,1.2531435639964204,True,False,[16],[0.0632689378315161]
31,21,665,1,0.014775739523426855,1.2225735566602487,True,False,[8],[0.07996700020399916]
31,22,383,1,0.014656810053703274,1.3713724150001991,True,False,[5],[0.07789703545598382]
31,23,79,2,0.011456071380924443,1.4484000305361462,True,False,"[7, 11]","[0.11984813779216495, 0.06751561213644555]"
32,0,666,3,0.00914614062450999,1.6827631448314395,True,False,"[7, 8, 15]","[0.12313975121125696, 0.07658229480870203, 0.11896764070806325]"
32,1,341,2,0.011433123515285488,1.4351529706995787,True,False,"[7, 16]","[0.12646245911848117, 0.05924470075390509]"
32,2,19,2,0.009712429300152477,1.2282403693090007,True,False,"[7, 15]","[0.08156905927846884, 0.09146150686766986]"
32,3,746,1,0.04011109027897135,1.2945506189653657,True,False,[5],[0.09016026663052143]
32,4,375,1,0.013533413858613166,1.3741584216036837,True,False,[7],[0.11218081933664041]
32,5,389,4,0.008834564008885984,1.5073389957516412,True,False,"[7, 12, 15, 16]","[0.08701538758150852, 0.08019744137826053, 0.08616119523813483, 0.11990056167761236]"
32,6,0,1,0.015491687508362441,1.2481495518213896,True,False,[5],[0.0665891838205537]
32,7,488,1,0.014936683012327508,1.4772795101830314,True,False,[15],[0.030611316207687183]
32,9,400,2,0.011955492436463324,1.3658137702106914,True,False,"[7, 12]","[0.10354126481086277, 0.05979968788509237]"
32,11,121,2,0.012175887979099903,1.4102707693303853,True,False,"[7, 8]","[0.11144517596220568, 0.09757715856001443]"
32,12,97,1,0.0155651495089757,1.2995281980197666,True,False,[5],[0.09955486085894674]
32,13,29,1,0.013788113250072988,1.321946036204305,True,False,[7],[0.08547694479540814]
32,14,108,3,0.013564945138949708,1.3521335844682159,True,False,"[7, 8, 16]","[0.12193771891487343, 0.08886964417404256, 0.049916032312123486]"
32,15,149,1,0.013666265768740925,1.3200019763537254,True,False,[7],[0.11392717340603356]
32,16,7,1,0.014921958224480305,1.307548921896185,True,False,[5],[0.09950890235691236]
32,17,704,3,0.012216694537898797,1.63175900920669,True,False,"[7, 12, 17]","[0.10601468642201581, 0.0848329569538008, 0.053551157677585774]"
32,18,686,2,0.011209265572372803,1.3864497021045639,True,False,"[7, 15]","[0.07986705493884422, 0.07928102201916548]"
32,19,36,1,0.015299721870835992,1.1827567164728414,True,False,[8],[0.07282328309283079]
32,20,153,1,0.01336698300641285,1.6048381306235127,True,False,[7],[0.09781386611453922]
32,21,89,1,0.012650409337465822,1.2513728254835128,True,False,[7],[0.10546784139330709]
32,23,383,1,0.014122930757000468,1.3838859175154044,True,False,[7],[0.1225224555566234]
33,0,666,1,0.01422569380177011,1.6842259906871058,True,False,[5],[0.12279405141948863]
33,1,341,1,0.013479621756077113,1.4347659905914607,True,False,[16],[0.06841246168206579]
33,2,19,1,0.013315581014419441,1.231282378163048,True,False,[8],[0.13389516906232748]
33,3,746,1,0.014835117121681219,1.3168711536597073,True,False,[8],[0.09033646091507565]
33,4,375,2,0.009064545933159902,1.389429672067192,True,False,"[7, 16]","[0.12294996255826056, 0.08646378390192787]"
33,5,389,2,0.013256124914046426,1.509195002394322,True,False,"[7, 15]","[0.09862385427722681, 0.10134505989037351]"
33,6,0,1,0.015905849743735618,1.2284901043158185,True,False,[6],[0.024603800095121583]
33,7,488,1,0.014051425130934827,1.476176209580569,True,False,[15],[0.04416510592212718]
33,8,241,1,0.013556717383227545,1.456246360094188,True,False,[15],[0.10879759920505053]
33,9,400,1,0.014864758543836558,1.3694756512760533,True,False,[7],[0.10890146224339413]
33,10,694,2,0.01001660287174313,1.319866270634574,True,False,"[12, 15]","[0.03823463570531341, 0.05125152241530043]"
33,11,121,1,0.013545277704156467,1.4231060185415847,True,False,[15],[0.06450409427333564]
33,12,97,1,0.014011664682153566,1.3202098791870744,True,False,[8],[0.08621054415556058]
33,13,29,1,0.015171993724451468,1.3275285065158537,True,False,[11],[0.0299807022493379]
33,15,149,2,0.011142602874242853,1.334025256387951,True,False,"[7, 8]","[0.11523756788847088, 0.06917015475922228]"
33,17,704,2,0.012445126591430598,1.6444306365527155,True,False,"[7, 12]","[0.1172000780525011, 0.10899026489417071]"
33,18,686,1,0.014013708021702806,1.4094785954791658,True,False,[5],[0.10064990931556497]
33,19,36,2,0.010575934940200638,1.1865862333350132,True,False,"[8, 15]","[0.07378892784261781, 0.08033451213591866]"
33,20,778,1,0.019937813081535236,1.3626925352496935,True,False,[5],[0.09836682144634175]
33,21,89,2,0.00927209779569237,1.257333928195057,True,False,"[12, 16]","[0.08777705400893941, 0.03813531179089044]"
33,23,383,1,0.014300446556086331,1.402697218990479,True,False,[7],[0.11955224412711361]
34,0,666,2,0.009577519089485662,1.6888988223162762,True,False,"[8, 15]","[0.09145581559418288, 0.11587050265337896]"
34,1,341,1,0.012481908942390063,1.4428492218763398,True,False,[16],[0.0640463839553361]
34,2,19,1,0.0133928524470719,1.237308834893829,True,False,[8],[0.13593375926419887]
34,3,746,2,0.010230764948447353,1.3196776635019485,True,False,"[8, 16]","[0.09488848522328387, 0.059286577086230044]"
34,4,375,2,0.0090640875548095,1.403230010606037,True,False,"[7, 16]","[0.11154931979805789, 0.08673117662246058]"
34,5,389,2,0.011131138470458997,1.4998686292258379,True,False,"[12, 15]","[0.08617316718920011, 0.11760899147592162]"
34,6,0,2,0.01124708927091462,1.218666415580691,True,False,"[6, 16]","[0.03860460910038401, 0.05997742757212091]"
34,7,488,1,0.01378156678255826,1.4777917230871815,True,False,[8],[0.09391525168354431]
34,9,400,2,0.012863971669597494,1.368903714088841,True,False,"[7, 12]","[0.11584099158545262, 0.10342624698044495]"
34,10,694,1,0.013722893062545961,1.2984058966358627,True,False,[12],[0.051936545949984196]
34,11,121,1,0.014807771199436638,1.4255996970809697,True,False,[5],[0.08088419055561999]
34,12,97,1,0.015410790498882696,1.3397760039333007,True,False,[5],[0.09330788333561976]
34,13,29,1,0.013347602636439049,1.353501222843861,True,False,[7],[0.08488558768631754]
34,14,108,1,0.015279522449958928,1.3441214830018344,True,False,[8],[0.08414777625815756]
34,15,149,2,0.011943395253571245,1.3567993865398953,True,False,"[7, 8]","[0.12011370158340881, 0.07263030539020468]"
34,16,7,1,0.013529304679969942,1.3297107174794252,True,False,[8],[0.12270546835787276]
34,17,704,1,0.014687590135582622,1.6680221893865614,True,False,[7],[0.10455040930985425]
34,18,686,1,0.01338462245725351,1.411025932583384,True,False,[15],[0.11493366909148042]
34,19,36,1,0.014788953402320957,1.2012348597511961,True,False,[15],[0.07790820227835332]
34,20,778,1,0.014029853389497067,1.3619389334118894,True,False,[5],[0.11542464156878099]
34,22,665,2,0.010384421476171614,1.2300571013761745,True,False,"[7, 15]","[0.08491396286343328, 0.03813231272435139]"
34,23,383,1,0.01526108541729511,1.4167068673874257,True,False,[7],[0.13122309633299442]
35,0,666,2,0.012108172957199917,1.7078126680289551,True,False,"[7, 15]","[0.12848465087842284, 0.11895163268228333]"
35,1,341,1,0.013527728763401718,1.442457885961382,True,False,[7],[0.12132937175553911]
35,2,19,1,0.013764922383034435,1.2538146323547261,True,False,[7],[0.09132977600955976]
35,3,746,1,0.015007473045399355,1.3414453912551039,True,False,[8],[0.09598688025613814]
35,4,837,1,0.047915749346591416,1.344662353156505,True,False,[7],[0.10160022228124936]
35,5,375,2,0.009494814563643098,1.4110735988171799,True,False,"[7, 8]","[0.08504973649967015, 0.10104013160525786]"
35,6,389,1,0.013480315686599728,1.5014223528785515,True,False,[15],[0.06835495453309061]
35,7,0,1,0.013820780025480215,1.2162222858792118,True,False,[15],[0.055000938342055265]
35,8,488,2,0.009572869329286917,1.475223219702349,True,False,"[7, 15]","[0.09254184329951011, 0.11914473513466166]"
35,10,400,2,0.011684409690321543,1.3766290970186845,True,False,"[7, 12]","[0.1352011598491508, 0.06880609803961682]"
35,11,694,1,0.014827153380183243,1.3010458803546225,True,False,[5],[0.10073800979952306]
35,12,121,1,0.013969121138491204,1.4258626220842032,True,False,[15],[0.10289812508709659]
35,13,97,1,0.013902875688590105,1.3563593080851322,True,False,[8],[0.08234373133712641]
35,14,29,1,0.013898625462545352,1.3764019427307697,True,False,[7],[0.12140208473217418]
35,15,108,1,0.013398096559922938,1.3562583827805557,True,False,[8],[0.06698994963310556]
35,16,149,1,0.013687454686863457,1.3568574671837887,True,False,[15],[0.10472467034524731]
35,17,7,1,0.014376311013996905,1.3296704169776759,True,False,[15],[0.11653970155728911]
35,18,704,1,0.014365938799742455,1.6844336882960573,True,False,[7],[0.09802532610990233]
35,19,686,1,0.01474123862563551,1.430208001830524,True,False,[5],[0.07764073073247184]
35,22,89,3,0.00981314263035657,1.2567297012960108,True,False,"[7, 8, 12]","[0.08537122543618592, 0.08284440799913383, 0.08118855808255714]"
36,0,666,2,0.010163237619045222,1.722839581832205,True,False,"[8, 15]","[0.08937658813211745, 0.12118866483855026]"
36,1,341,1,0.013118281704626538,1.441961113407573,True,False,[15],[0.0750319096473728]
36,2,19,1,0.014700683392387465,1.2636199372219568,True,False,[15],[0.10326030025143322]
36,3,746,2,0.010537558584925643,1.355770118469552,True,False,"[7, 8]","[0.12787096196778353, 0.07736433236364974]"
36,4,837,1,0.014484133284438476,1.3710546726054038,True,False,[5],[0.049597528595092484]
36,5,375,1,0.013193764012440042,1.4100324312302377,True,False,[15],[0.13646103316686092]
36,6,389,3,0.009014023940115351,1.501982555093733,True,False,"[7, 8, 12]","[0.15086107769974988, 0.11617414473169951, 0.09886816828491342]"
36,7,0,2,0.012428129611210231,1.2129776219308288,True,False,"[6, 8]","[0.029502427760592087, 0.100806124520254]"
36,8,488,1,0.014284203527000144,1.4826245810521916,True,False,[7],[0.0996525924878759]
36,9,241,3,0.01126272244703368,1.4637368394633057,True,False,"[7, 8, 15]","[0.13002729808674957, 0.11371597573277817, 0.07450702582725777]"
36,10,400,1,0.01430118117768436,1.3975864615510367,True,False,[7],[0.14461649725841882]
36,11,694,3,0.007813513329557296,1.3040131863735749,True,False,"[7, 12, 15]","[0.10674743900565256, 0.06684773261377672, 0.06814772382299301]"
36,12,121,2,0.01060424757183141,1.4441296650216053,True,False,"[7, 8]","[0.0725510471738772, 0.09928017818831132]"
36,13,97,1,0.012938485067813092,1.3862821053421375,True,False,[7],[0.08587790292111443]
36,14,29,1,0.014744809572369882,1.3948378636376475,True,False,[5],[0.11388017240342667]
36,15,108,1,0.015194951516873206,1.3554499884799807,True,False,[15],[0.09906164972820901]
36,16,149,2,0.01070499209340812,1.371387075696353,True,False,"[7, 15]","[0.10750933205362653, 0.09839338551038157]"
36,17,7,1,0.015176984843082978,1.3469247295288231,True,False,[8],[0.1115842448540083]
36,19,686,1,0.014173721818097236,1.4633536654492332,True,False,[5],[0.07897818792990005]
36,21,778,1,0.013951715122349183,1.3724136892352437,True,False,[8],[0.09197599665142836]
37,0,666,1,0.014334256067282591,1.7448977636705811,True,False,[5],[0.1234908538627959]
37,1,341,2,0.0096989777550733,1.4498865493557502,True,False,"[8, 16]","[0.12265525694485323, 0.06074567513896218]"
37,2,19,1,0.013211367620900671,1.2672389247332603,True,False,[8],[0.1307935260492882]
37,3,746,1,0.014717114371711774,1.3624362373276981,True,False,[8],[0.07008658650020892]
37,4,837,1,0.011686508115394945,1.3860461564968478,True,False,[8],[0.07523868302702723]
37,5,375,4,0.008520725412954504,1.424210463459657,True,False,"[7, 8, 12, 17]","[0.0866612457636232, 0.11842568176907037, 0.1071996292383352, 0.040762129591525066]"
37,6,389,1,0.01404518559670197,1.499063052325742,True,False,[8],[0.11745942128846198]
37,7,0,1,0.015462813936190553,1.2124440278787638,True,False,[6],[0.03576191543481805]
37,8,488,1,0.015187145501024868,1.4936899679521833,True,False,[5],[0.10243245196332508]
37,9,241,1,0.015113955559742593,1.477184445471587,True,False,[7],[0.11886447713104815]
37,10,400,1,0.014571879095080544,1.394055542813597,True,False,[12],[0.08423096266008885]
37,11,694,1,0.013351543087327224,1.3176839922456651,True,False,[7],[0.1070132982182937]
37,12,121,1,0.01250232772616401,1.4748702080793767,True,False,[7],[0.06334027976952086]
37,13,97,1,0.013212828735975785,1.4048838317430288,True,False,[7],[0.08569537342850918]
37,14,29,1,0.014067986081458202,1.4183696310479996,True,False,[5],[0.10049699908989604]
37,15,108,2,0.009853493819227219,1.3727896087977662,True,False,"[7, 15]","[0.11458087024118774, 0.1092331727724822]"
37,16,149,1,0.011743032148308808,1.4008693536112082,True,False,[7],[0.09036279305022138]
37,17,7,1,0.013610173616942412,1.3684693777627186,True,False,[5],[0.08192799336891549]
37,18,704,2,0.015742381562847577,1.6895100488989816,True,False,"[7, 17]","[0.12245643047894195, 0.0418568827907288]"
37,19,686,1,0.013581027510438975,1.4958822579488873,True,False,[5],[0.0770718786864032]
37,20,36,2,0.009608256150207163,1.2131951135254322,True,False,"[7, 15]","[0.0903497958350992, 0.052048008397204165]"
37,21,778,1,0.011614611755130323,1.4013538232499967,True,False,[7],[0.12107361014303655]
37,22,89,3,0.011502935897523452,1.2582190030956792,True,False,"[8, 12, 16]","[0.10239429515753828, 0.09169369648339075, 0.06747622524935613]"
37,23,383,1,0.014864262158780246,1.4322416669566465,True,False,[7],[0.12810357863305868]
38,0,666,3,0.010421283235398716,1.762854443867322,True,False,"[7, 8, 15]","[0.1338458693734129, 0.10542605133069875, 0.12292080818106972]"
38,1,341,2,0.010554640357296037,1.4587682652015443,True,False,"[15, 16]","[0.094565923580325, 0.07483127372897165]"
38,2,19,1,0.013013249827783976,1.2768950325578179,True,False,[8],[0.13219426526963163]
38,3,746,3,0.00814982175730171,1.373159547710564,True,False,"[7, 8, 15]","[0.12374024021806439, 0.08643821688123228, 0.09227723114816476]"
38,4,837,2,0.009540335905572028,1.3891084088287144,True,False,"[7, 16]","[0.09619118173882257, 0.10049405572508399]"
38,5,375,1,0.01221252943214234,1.444949624454476,True,False,[5],[0.07802537777344892]
38,6,389,2,0.00930568583482579,1.4998995162388995,True,False,"[8, 15]","[0.10546161920376715, 0.0787047339227578]"
38,7,0,1,0.014390560769425175,1.2182465096802344,True,False,[5],[0.09048957823480469]
38,8,488,1,0.014937978141078447,1.5172564718949135,True,False,[5],[0.11267845570333955]
38,9,241,2,0.01105746908765834,1.4979493449291716,True,False,"[7, 8]","[0.1233855487989426, 0.1307977618755326]"
38,10,400,1,0.014017139966813853,1.4225815587911623,True,False,[5],[0.09954136616357459]
38,11,694,1,0.014978183931867315,1.3177282692971797,True,False,[12],[0.09033799555408492]
38,12,121,1,0.012534001925571463,1.4765556895695633,True,False,[15],[0.10636098866855717]
38,13,97,1,0.012075566558571572,1.4255940747174085,True,False,[7],[0.0778591795148514]
38,14,29,1,0.013923844903997354,1.4446728357354446,True,False,[5],[0.09968655025625336]
38,16,149,2,0.009651322043403904,1.408363266951483,True,False,"[7, 8]","[0.09709305878055993, 0.13071451428521422]"
38,17,7,1,0.013544107526420854,1.3928520306663354,True,False,[5],[0.09283833239070186]
38,18,704,1,0.013217779890446233,1.7261265195639488,True,False,[5],[0.09842579198373624]
38,19,686,3,0.012434281638236505,1.515485060814627,True,False,"[7, 8, 15]","[0.14044467197792096, 0.11414079475580143, 0.11889991720225143]"
38,20,36,1,0.014902207119037733,1.2184399842628542,True,False,[8],[0.0662497689444194]
38,21,778,1,0.012148402104806296,1.3882347205202334,True,False,[12],[0.08767738784644241]
38,22,89,1,0.013703588859197691,1.2566335809977798,True,False,[12],[0.10068227231646479]
38,23,383,1,0.014486452537210868,1.45535575365021,True,False,[7],[0.1190789755362917]
39,0,666,2,0.01220013657686444,1.7963930362224219,True,False,"[7, 15]","[0.1300546304044197, 0.11626039759379762]"
39,1,341,1,0.013307191467047104,1.484222075476026,True,False,[16],[0.08849854283439647]
39,2,19,2,0.00943981383229258,1.2868547099458265,True,False,"[7, 8]","[0.0946579775175659, 0.13209441875717348]"
39,3,746,1,0.014416526530121552,1.3867955239156051,True,False,[15],[0.09761891690925917]
39,4,837,1,0.011343485913035406,1.4075708668990656,True,False,[8],[0.08603457823488957]
39,5,375,1,0.013107949178016394,1.4676456044784356,True,False,[16],[0.11531131926035505]
39,7,0,1,0.014240345328052401,1.2337399027746707,True,False,[5],[0.09088689544018046]
39,8,488,1,0.013304623935197782,1.5157399254406938,True,False,[15],[0.12018408601449934]
39,10,400,1,0.013562173020950249,1.4492507754163908,True,False,[7],[0.13204614504424533]
39,11,694,2,0.010002510278857978,1.3236199222000522,True,False,"[7, 12]","[0.12180469125344616, 0.10284474205053894]"
39,12,121,1,0.013962352931447172,1.5038621779935277,True,False,[7],[0.06992228995647361]
39,14,29,1,0.014541615483859259,1.4454649891334403,True,False,[11],[0.06012454756866666]
39,15,108,2,0.009454550685551608,1.3782063599022618,True,False,"[8, 16]","[0.0671254172907337, 0.04545960398339285]"
39,16,149,2,0.009793775004914518,1.421357848399839,True,False,"[7, 8]","[0.09161745850129896, 0.11867540211092675]"
39,18,704,1,0.014170770120260533,1.7310793329968615,True,False,[12],[0.08785629338874869]
39,19,686,1,0.014775609684574772,1.5239855872470696,True,False,[7],[0.13776238355005072]
39,20,36,1,0.013082493580088768,1.2380030988553372,True,False,[15],[0.05528111765606582]
39,21,778,3,0.009310679440710352,1.3954976440208107,True,False,"[7, 12, 15]","[0.12467009912405398, 0.10693292912038609, 0.0681721660718264]"
39,22,89,1,0.015153813657477967,1.2580079379089624,True,False,[8],[0.10122307215237952]
40,0,666,1,0.01438590759563601,1.8259056851412203,True,False,[5],[0.12287858803312997]
40,1,341,2,0.01106514061483409,1.4769656686660595,True,False,"[7, 12]","[0.12919335760457024, 0.05201169768017326]"
40,2,19,1,0.012528389487308217,1.2997229295378039,True,False,[8],[0.13091620446351135]
40,3,746,1,0.014683265673728192,1.3780514940954431,True,False,[16],[0.06760621515594165]
40,4,837,2,0.009675980314577224,1.4102176275228073,True,False,"[7, 16]","[0.09864824302410759, 0.098852743652409]"
40,5,375,2,0.011375157617508893,1.4659859262768133,True,False,"[15, 17]","[0.1399065919023697, 0.04202094595252479]"
40,6,389,1,0.013041961153932935,1.5031976599225638,True,False,[8],[0.10581529033081245]
40,7,0,2,0.01040969827242194,1.2349799425708086,True,False,"[6, 16]","[0.03847423269163007, 0.05718240886462629]"
40,8,488,2,0.009182015187870502,1.5165477305955664,True,False,"[7, 8]","[0.1032101431660658, 0.11429300105086841]"
40,9,241,2,0.012114101399926297,1.5062264509528867,True,False,"[7, 15]","[0.11394397140706616, 0.09091341941923205]"
40,10,400,2,0.0108837694417918,1.4660332015620043,True,False,"[7, 12]","[0.1508196626986266, 0.07674983911990733]"
40,12,121,2,0.008538514084096897,1.5200049879194104,True,False,"[7, 15]","[0.06564136308552146, 0.10367797072704726]"
40,13,97,1,0.01126993480964206,1.4488028211005308,True,False,[7],[0.09995309817022624]
40,14,29,1,0.013160759433391992,1.4693315754375205,True,False,[7],[0.1183476648984475]
40,15,108,2,0.012516091333314083,1.3789075848355599,True,False,"[15, 16]","[0.11213289721235586, 0.050070038849046254]"
40,16,149,3,0.009705415853783848,1.437154264905191,True,False,"[7, 8, 15]","[0.10424463834337326, 0.11673097513378179, 0.10457941599559371]"
40,17,7,2,0.013381923475665762,1.3972411318862754,True,False,"[7, 8]","[0.12581503333963562, 0.12550385837662048]"
40,18,704,2,0.00957489066244258,1.741309315805693,True,False,"[7, 8]","[0.11381112003980041, 0.0790205909685593]"
40,19,686,1,0.014468339025221402,1.5325086507315988,True,False,[7],[0.13892087391675664]
40,20,36,2,0.01015950611970127,1.240692666687046,True,False,"[7, 8]","[0.08303339444299836, 0.06950476974228191]"
40,22,89,1,0.014211688294127188,1.2623004141377452,True,False,[5],[0.09532495579925405]
41,0,666,3,0.011047922622510123,1.8533602040076296,True,False,"[7, 8, 15]","[0.13428492129395336, 0.1034629234570971, 0.1183545054335115]"
41,1,341,1,0.013971831264059771,1.477640186862734,True,False,[5],[0.11282617422737089]
41,4,837,1,0.013663614692234592,1.4206050151189307,True,False,[16],[0.10009004841996917]
41,5,375,1,0.012462520815230407,1.486606553158541,True,False,[16],[0.12991449372798677]
41,6,389,2,0.009824265424905687,1.5110911396568978,True,False,"[15, 16]","[0.0981631282665159, 0.07361953196134868]"
41,7,0,1,0.012559570660831396,1.2379924307152945,True,False,[15],[0.06918535296528457]
41,8,488,2,0.009861398391381039,1.5177690142692966,True,False,"[7, 8]","[0.11218864370372218, 0.11031606506297582]"
41,9,241,2,0.013473365448535881,1.5093131283765333,True,False,"[7, 15]","[0.12422364585515919, 0.10450361195074045]"
41,10,400,1,0.01355074228745152,1.4950506033572457,True,False,[7],[0.15960458519872706]
41,11,694,1,0.013879588513511017,1.3195004711352616,True,False,[15],[0.08377178005204665]
41,12,121,1,0.011819130261336437,1.5470154958733027,True,False,[7],[0.07460349980341048]
41,14,29,1,0.013629413578703469,1.4972896243579885,True,False,[5],[0.09402400374646944]
41,15,108,1,0.013007098323358801,1.3934083988988564,True,False,[16],[0.04177292837959985]
41,16,149,3,0.011669868962080159,1.451684318424038,True,False,"[7, 8, 15]","[0.1202136155889281, 0.14175536878381612, 0.12345897513343301]"
41,17,7,2,0.012877698179892816,1.4175254714461325,True,False,"[7, 8]","[0.12195245298673767, 0.1194097476436568]"
41,18,704,1,0.012575000821994918,1.7400010080192554,True,False,[8],[0.09207529682631853]
41,19,686,1,0.014995288133649814,1.536436635705911,True,False,[7],[0.1551598250442937]
41,20,36,3,0.008310583406315283,1.2395290854250811,True,False,"[7, 8, 15]","[0.08050028331925846, 0.07065198610778867, 0.07479843440625421]"
41,21,778,1,0.012503371071911124,1.3816650843358844,True,False,[12],[0.13016135880114654]
41,22,89,1,0.014760049188620918,1.269256028399884,True,False,[16],[0.07810675460366234]
41,23,383,1,0.01330139732961657,1.4625975731597334,True,False,[8],[0.08333475528264764]
42,0,666,1,0.013588221355213226,1.8893020589493636,True,False,[5],[0.12315968555051107]
42,1,341,1,0.013158188745697358,1.4792636825668428,True,False,[8],[0.12040171549481059]
42,2,19,1,0.013962834385007764,1.309715818471167,True,False,[7],[0.09193874132979288]
42,3,746,2,0.009947319691934018,1.3846904515997476,True,False,"[7, 15]","[0.1252865788903477, 0.100669753659565]"
42,5,375,3,0.010960478877312028,1.5103988555006067,True,False,"[7, 8, 17]","[0.10951617303666822, 0.14888374836944382, 0.07250699175177817]"
42,6,389,1,0.014135960664967646,1.5128877450662375,True,False,[5],[0.10477526762543904]
42,7,0,1,0.01414905436263278,1.2524582538138085,True,False,[5],[0.09330833379202204]
42,8,488,1,0.01397332327580747,1.5525008326252376,True,False,[5],[0.11475884411793302]
42,9,241,1,0.014559220943466133,1.5241526278211426,True,False,[7],[0.13354272896056893]
42,10,400,1,0.014892142120948878,1.4997819042252887,True,False,[12],[0.07832226903519093]
42,11,694,1,0.014132548721712487,1.321246580022696,True,False,[15],[0.10449391547234999]
42,12,121,1,0.014293589290193897,1.540805511735527,True,False,[8],[0.13443833498668067]
42,13,97,1,0.013281061802148695,1.4639510811350227,True,False,[8],[0.09313424840974815]
42,15,108,1,0.01382808681016889,1.4077313692803874,True,False,[16],[0.054286335825361194]
42,16,149,2,0.012609984518855396,1.4753568755797193,True,False,"[7, 15]","[0.11573959385668096, 0.11753370589868402]"
42,17,7,1,0.013549340855588945,1.4433711993989762,True,False,[8],[0.12770594541054606]
42,18,704,1,0.013489953003485584,1.7701110311609285,True,False,[7],[0.11026152042293026]
42,19,686,2,0.0126683393166639,1.5558550556746142,True,False,"[7, 15]","[0.1561205603761678, 0.13591687264839836]"
42,20,36,1,0.01200207034149045,1.249077653141478,True,False,[15],[0.07477869117092313]
42,22,89,1,0.014145915585790475,1.27155694010637,True,False,[8],[0.08769962541298498]
43,0,666,1,0.014933008905022617,1.8747973996617573,True,False,[12],[0.05613245772978049]
43,1,341,2,0.009589070650042098,1.4889167804782077,True,False,"[8, 16]","[0.11788021213198062, 0.09000436437130369]"
43,2,19,1,0.014700302154604234,1.315376478612762,True,False,[5],[0.051165749577307115]
43,3,1029,2,0.03040777228400697,1.4411570043316273,True,False,"[12, 15]","[0.0670628821134031, 0.11612023020222018]"
43,4,375,2,0.011304024759247258,1.513644960325046,True,False,"[8, 17]","[0.09277720940591068, 0.03214268350285132]"
43,5,389,2,0.012483717658782556,1.5247640395607078,True,False,"[7, 12]","[0.11885769027478717, 0.11543323413567]"
43,7,488,1,0.012247623193108296,1.5647323265047282,True,False,[15],[0.07557504875536676]
43,8,241,1,0.013714364137862079,1.5204013053710639,True,False,[15],[0.11667262680396057]
43,9,400,2,0.013018869002740312,1.5099348724678763,True,False,"[7, 12]","[0.14308601992198647, 0.09883370590542415]"
43,11,837,4,0.009271698354350861,1.4254243173230048,True,False,"[7, 8, 15, 16]","[0.1337574328029913, 0.11123405818153269, 0.12247237928646929, 0.051879201554542856]"
43,12,108,1,0.01277581607763519,1.4075528605159273,True,False,[15],[0.09648609599537954]
43,13,149,2,0.00874331131311891,1.4900180298758732,True,False,"[7, 15]","[0.08946217889294618, 0.08476771593317349]"
43,14,7,1,0.014738036228695387,1.4551179904269687,True,False,[5],[0.12144473114217942]
43,15,704,1,0.015602967785531972,1.751192158263226,True,False,[17],[0.02540800023126925]
43,16,686,1,0.013484096013461453,1.5812468768869579,True,False,[5],[0.11019556899350832]
43,17,36,2,0.011653274739546898,1.2511771519318309,True,False,"[7, 16]","[0.11484104534677579, 0.08216705195033314]"
43,19,89,3,0.011294424207977171,1.2741968031799566,True,False,"[8, 12, 16]","[0.12221228085133487, 0.09206318554667295, 0.09992347658426426]"
43,20,694,1,0.014027352475314891,1.3225053981668808,True,False,[8],[0.09454199658654074]
43,21,121,1,0.011417559016155716,1.5698894224920434,True,False,[7],[0.11281946981694453]
43,22,29,1,0.014801654601105123,1.4965412790847672,True,False,[11],[0.015868044471656132]
43,23,383,1,0.013313658247223638,1.4708339731179354,True,False,[8],[0.09071216082690037]
44,1,341,1,0.01169497780561881,1.4879398962915489,True,False,[8],[0.11828097047387326]
44,2,19,1,0.015110737273321406,1.319528438792366,True,False,[5],[0.06386551456289095]
44,3,1029,3,0.009188443955532713,1.444164030336734,True,False,"[8, 12, 15]","[0.09728520736861954, 0.07044957933645532, 0.12072469399452689]"
44,4,375,3,0.007566216806098092,1.5209244841210505,True,False,"[7, 15, 16]","[0.09234193481194274, 0.060698247197634336, 0.09955136021050863]"
44,6,0,1,0.015604365295065885,1.227609049465479,True,False,[6],[0.035550830498635576]
44,7,488,1,0.013225899139499614,1.5676758186327988,True,False,[8],[0.10372360132439194]
44,8,241,1,0.01399579899816801,1.5319956450793395,True,False,[7],[0.11690231749972678]
44,9,400,1,0.014723119687992513,1.529505571311344,True,False,[7],[0.14767932088676908]
44,11,837,1,0.013234065755850875,1.430199578667969,True,False,[12],[0.1165551286468791]
44,13,149,3,0.007068660298339946,1.5041196708677758,True,False,"[7, 8, 15]","[0.09163841220500504, 0.08696586407068678, 0.08136963783488683]"
44,14,1050,1,0.0889950249513887,1.6149206852682734,True,False,[7],[0.13222021497556244]
44,15,7,1,0.013885730215300629,1.4774971690061776,True,False,[5],[0.11235698771392935]
44,17,686,1,0.012660215022600377,1.5767715369597755,True,False,[16],[0.11476090705234027]
44,18,36,1,0.012579975044528987,1.259606775391969,True,False,[15],[0.1112401399499509]
44,19,778,1,0.01451669768972597,1.3774565263334881,True,False,[8],[0.1216658794505598]
44,20,89,1,0.012977598459922851,1.2778051149968772,True,False,[12],[0.06368504727869073]
44,21,694,2,0.00860122478631731,1.3281907893785492,True,False,"[7, 12]","[0.10253268010600763, 0.13637582750750402]"
45,0,666,1,0.012389109756047605,1.9201575333865661,True,False,[15],[0.12430437525930306]
45,1,341,1,0.012517603842235674,1.5167791312615377,True,False,[16],[0.08551767681263132]
45,2,1078,2,0.028559162331472304,1.6396783594569715,True,False,"[7, 8]","[0.10103929107822092, 0.13603595607770055]"
45,3,389,1,0.014465356471489303,1.4979854163124373,True,False,[12],[0.09068158212005692]
45,4,0,1,0.015355473684677854,1.2321078103509528,True,False,[6],[0.022742404192117004]
45,5,488,2,0.0096554334927421,1.5762159957487387,True,False,"[7, 15]","[0.12182650517214064, 0.13773312510205038]"
45,6,241,2,0.009635315077211612,1.539982282356941,True,False,"[7, 15]","[0.14758215489069884, 0.09817162035152167]"
45,7,400,1,0.013081014792661109,1.556159403428683,True,False,[5],[0.11775503509771854]
45,9,1029,1,0.013565817008376427,1.4430464597467052,True,False,[12],[0.09147494587804517]
45,10,375,1,0.012542099222322396,1.5452799271536994,True,False,[7],[0.15063563247759598]
45,11,108,2,0.009519146175860912,1.414526875194439,True,False,"[7, 15]","[0.12091675218070323, 0.11121628145861477]"
45,12,149,2,0.009111531754687999,1.5155592627035375,True,False,"[7, 16]","[0.07818048348628064, 0.0850930804330213]"
45,13,1050,1,0.013593285126169268,1.6365284552486543,True,False,[5],[0.06937515421518292]
45,14,7,1,0.01499846680746399,1.4830207340130925,True,False,[8],[0.07780192855196687]
45,15,704,1,0.012256151041325767,1.785884633383058,True,False,[7],[0.10612613900500496]
45,16,686,1,0.01384829522561976,1.5952526460901013,True,False,[7],[0.10082441988413479]
45,17,36,1,0.014706565119240277,1.253700503041555,True,False,[5],[0.1127028809333181]
45,18,778,1,0.013706314200512838,1.3710164954553337,True,False,[12],[0.09470494517707571]
45,19,746,2,0.012911923627637148,1.3725126830322352,True,False,"[8, 16]","[0.1254456436374755, 0.09308433047515717]"
45,21,383,1,0.011614687359614927,1.5021437672176765,True,False,[7],[0.09517714016955123]
45,22,89,2,0.00972710815868104,1.2884298393746958,True,False,"[7, 8]","[0.08363157793901634, 0.08533848599827658]"
45,23,121,1,0.01463840273476831,1.5644469802149032,True,False,[15],[0.08424743575579893]
46,0,666,1,0.012302968178852913,1.9654067370142236,True,False,[15],[0.12407537416546698]
46,1,341,1,0.012404422054584958,1.512816920033413,True,False,[7],[0.12836726483194463]
46,2,1078,1,0.012273163820880674,1.6757921793807367,True,False,[7],[0.1040989939924019]
46,3,389,2,0.009298045510056573,1.4854868923690694,True,False,"[12, 16]","[0.0872556450043531, 0.0790304158510768]"
46,5,488,1,0.012959898974807767,1.5870003916804605,True,False,[15],[0.1511621981260944]
46,6,241,3,0.008009918271934221,1.5472562276029092,True,False,"[7, 8, 15]","[0.14558750689262775, 0.11494027808165751, 0.10638165298926441]"
46,7,400,1,0.01626034945352011,1.5361580037810998,True,False,[12],[0.02720962425816698]
46,8,19,1,0.013895351452691055,1.337525385985941,True,False,[7],[0.11098143517325497]
46,9,1029,1,0.013169405930821781,1.4399902145910184,True,False,[15],[0.11187266070969336]
46,10,375,2,0.012890093242397385,1.5665811671151288,True,False,"[16, 17]","[0.030756786782765763, 0.030756786782765763]"
46,11,108,1,0.014188579449253424,1.421909096107463,True,False,[16],[0.05294641036286102]
46,12,149,1,0.013963283278521177,1.5155309432477524,True,False,[8],[0.14215199906118775]
46,13,1050,2,0.01244297752116105,1.6375599284276523,True,False,"[8, 12]","[0.10412028615664536, 0.045187062763131926]"
46,15,704,1,0.015449089354968863,1.7851072413288784,True,False,[17],[0.06489280394545553]
46,16,686,1,0.014273687829501487,1.6141501141909602,True,False,[5],[0.1120570795158712]
46,17,36,1,0.012284287602877872,1.266835584153545,True,False,[15],[0.10237492690711406]
46,18,778,2,0.010077596632856269,1.3753698482286765,True,False,"[7, 15]","[0.12049308820511206, 0.12175058824050598]"
46,19,746,2,0.011445067491864554,1.3711264310342164,True,False,"[8, 15]","[0.11512365164996098, 0.13318786618298437]"
46,20,837,1,0.013430026832195161,1.4512907272791191,True,False,[5],[0.11431892009859089]
46,21,383,1,0.012460238436982797,1.5343916492850573,True,False,[7],[0.09402750743951992]
46,22,89,2,0.008587471618303482,1.2933249180174542,True,False,"[7, 16]","[0.09194819708293202, 0.07329928451461559]"
46,23,121,2,0.010202826307660656,1.5668516842276055,True,False,"[7, 15]","[0.11287080495280738, 0.0721105432138052]"
47,0,666,1,0.013016839773327555,1.9714933030122788,True,False,[8],[0.12802512015896164]
47,1,341,3,0.007222592322151393,1.5197120862928588,True,False,"[7, 8, 16]","[0.1269655247899417, 0.12851965886613764, 0.0854945709856263]"
47,2,1078,1,0.013092316101944727,1.6729132480030455,True,False,[8],[0.14060458084636415]
47,3,389,2,0.012157251060156754,1.4905947808929887,True,False,"[8, 15]","[0.10730954796386037, 0.1434583501580736]"
47,4,0,2,0.014128477818124908,1.236397795588173,True,False,"[6, 16]","[0.03819947514542306, 0.10845104197499099]"
47,5,488,1,0.01226026103324735,1.5992123227888175,True,False,[15],[0.1336558889803853]
47,6,241,1,0.014004602980918423,1.5478029031016978,True,False,[15],[0.10606356722181846]
47,7,400,1,0.012965102001188696,1.5668100250302919,True,False,[5],[0.10644892174627711]
47,8,19,2,0.010560626412982997,1.3463791031099281,True,False,"[7, 8]","[0.1262655136045737, 0.11843720228917347]"
47,9,1029,1,0.013436589098615111,1.4442936943010454,True,False,[12],[0.08010814916607346]
47,10,375,2,0.010656165196048476,1.5865511827656975,True,False,"[7, 16]","[0.13733616072000113, 0.029849334301271152]"
47,11,108,2,0.00951680983726149,1.4274331382110026,True,False,"[8, 16]","[0.09818859230324876, 0.06678846960824904]"
47,12,149,3,0.008841242672232257,1.5183159591393445,True,False,"[7, 15, 16]","[0.10057234037759007, 0.10363303075839565, 0.09573559530801948]"
47,13,1050,2,0.008358314551108206,1.6546684617679857,True,False,"[7, 12]","[0.09272322836415921, 0.044512990590450066]"
47,14,7,1,0.0137388624536425,1.4882417275087738,True,False,[7],[0.13606452011306744]
47,16,686,1,0.01364383572732003,1.6358639363887315,True,False,[7],[0.10920913887852535]
47,17,36,2,0.008830768260579679,1.2786780298608866,True,False,"[7, 15]","[0.11231354841111296, 0.1035659479486566]"
47,18,778,1,0.012430275355756032,1.379843900884043,True,False,[8],[0.10657567336190292]
47,19,746,2,0.009334151786110086,1.3759734084542388,True,False,"[7, 8]","[0.14184434485284525, 0.10428405453089029]"
47,20,837,1,0.013104443085578642,1.4720528121988776,True,False,[5],[0.11432880242581285]
47,22,89,1,0.012889826541061506,1.293259820474178,True,False,[12],[0.09785544303786722]
47,23,121,2,0.00947902691150746,1.5780870188939762,True,False,"[7, 8]","[0.1059898883226004, 0.0963025317251812]"
48,0,666,1,0.011899725839678146,2.0026354248657916,True,False,[7],[0.12666020455012839]
48,1,341,1,0.01236061216228577,1.5481299450795412,True,False,[16],[0.07638464587438416]
48,2,1078,1,0.012351758056497934,1.7129701254069594,True,False,[7],[0.10075491625934725]
48,3,389,1,0.013153481075208433,1.5002800498608089,True,False,[8],[0.0907837549508326]
48,4,0,1,0.011985718436943568,1.2488065513289195,True,False,[7],[0.09457227869787514]
48,6,241,1,0.013627979304426182,1.5609319987329355,True,False,[7],[0.14282817554559846]
48,7,400,1,0.015333191487825009,1.570931112581532,True,False,[12],[0.04262578186673701]
48,9,1029,2,0.010718331737369684,1.4420674664722721,True,False,"[7, 12]","[0.14068410579029883, 0.07767548040788605]"
48,10,375,3,0.012460710134684692,1.5902113449566582,True,False,"[15, 16, 17]","[0.06232524126323237, 0.04621571357728381, 0.04712432222901228]"
48,11,108,1,0.012753502861409928,1.4486312520854192,True,False,[7],[0.11242275028380332]
48,13,1050,1,0.013844463307033721,1.6807107589156869,True,False,[5],[0.08235174920544165]
48,14,7,1,0.013961762592950172,1.499423930336206,True,False,[8],[0.06155285427375645]
48,15,704,3,0.009078617932581703,1.7971872695266717,True,False,"[7, 8, 17]","[0.10749718598665568, 0.09308011869500478, 0.07956878900587491]"
48,16,686,1,0.012669375902136088,1.65797588720206,True,False,[8],[0.1463018583734848]
48,17,36,2,0.009268221477231761,1.287110809655736,True,False,"[8, 15]","[0.11914888979416795, 0.11119023263011522]"
48,19,746,2,0.009968085534800861,1.3732034099607997,True,False,"[15, 17]","[0.12216791568895286, 0.04232044515994284]"
48,20,837,1,0.012426766374376608,1.4925228557700185,True,False,[7],[0.08979701393597074]
48,21,383,2,0.00961516830146678,1.558386340150737,True,False,"[7, 8]","[0.08628193314244405, 0.10090473312730466]"
48,23,121,1,0.013396029298938749,1.5690607931291407,True,False,[15],[0.07030186163102496]
49,1,341,2,0.009292838269397788,1.5468321076743838,True,False,"[7, 8]","[0.1293548961647769, 0.13074344834112392]"
49,2,1078,1,0.01340494464035809,1.7342968774350367,True,False,[5],[0.0851518909582913]
49,3,389,1,0.012549753604097559,1.510389077459288,True,False,[8],[0.09716837929532077]
49,4,0,1,0.013834555543554993,1.2561003549708818,True,False,[15],[0.06717312909152973]
49,5,488,1,0.012890004838145369,1.596128549756247,True,False,[5],[0.09873499861454592]
49,6,241,2,0.009750818311463424,1.5651416491534869,True,False,"[6, 7]","[0.05852180954318237, 0.15195344456383328]"
49,8,19,1,0.013931665271246512,1.3505000709235373,True,False,[15],[0.13657243603588123]
49,9,1029,1,0.013793103063002752,1.448533750682364,True,False,[5],[0.09714468810324417]
49,10,375,1,0.013942505257932199,1.599406405401188,True,False,[17],[0.05976015060437276]
49,11,108,1,0.012869790807165939,1.473329652159061,True,False,[7],[0.11511592088128035]
49,13,1050,2,0.012210758725419416,1.682285700165232,True,False,"[8, 12]","[0.1026116433817806, 0.06077335316724307]"
49,14,7,1,0.01508605728295185,1.5034411306902078,True,False,[8],[0.07828090953518275]
49,15,704,1,0.01172089446673535,1.79781138369378,True,False,[12],[0.06226287105804518]
49,16,686,1,0.014624495725337788,1.6725684765303708,True,False,[5],[0.10913671924203239]
49,17,36,1,0.012566589631287196,1.2857154477238102,True,False,[16],[0.12928799525578616]
49,18,778,2,0.011478788447141416,1.3842529096934504,True,False,"[7, 15]","[0.13543517459875265, 0.1296024007952079]"
49,19,746,1,0.014514537448045052,1.3706957854704154,True,False,[15],[0.11521823343569808]
49,20,837,1,0.012185808041824262,1.5075320683806626,True,False,[7],[0.08718887207443758]
49,21,383,1,0.013773329334497129,1.5742868352176667,True,False,[8],[0.11481292006827505]
49,22,89,2,0.010009034949222432,1.3014755195608574,True,False,"[8, 12]","[0.10099541638134414, 0.104484222536876]"
49,23,121,1,0.013276153697166324,1.587055990687694,True,False,[5],[0.11341486571271575]
50,0,666,1,0.011278856087096866,2.0322400969619023,True,False,[7],[0.12018913549135145]
50,1,341,1,0.01235421649290368,1.5494521256163907,True,False,[15],[0.10498511596515041]
50,2,1078,1,0.013087444424554829,1.7714151218726848,True,False,[7],[0.10699659140852485]
50,3,389,2,0.010173591343495984,1.5260835551578666,True,False,"[7, 15]","[0.12793781832463008, 0.13109045232678032]"
50,4,0,1,0.015326699218446505,1.265882304083376,True,False,[6],[0.046516621706268864]
50,6,241,2,0.010951055073114809,1.5671331451185044,True,False,"[7, 15]","[0.1524319083264971, 0.1117110510189764]"
50,7,400,1,0.014358799745018186,1.5807738974819794,True,False,[12],[0.04172400476526784]
50,8,19,2,0.009237478457185868,1.352762615709603,True,False,"[8, 15]","[0.11192386677358193, 0.12537836057316706]"
50,9,1029,1,0.012486240623470014,1.4491649137505405,True,False,[15],[0.1045408825463739]
50,10,375,3,0.009130306699292273,1.605046040464641,True,False,"[7, 16, 17]","[0.13536478908422475, 0.05664971773187284, 0.057755392324022964]"
50,11,108,2,0.009254159640058603,1.482816586935953,True,False,"[7, 15]","[0.11695813757212577, 0.10512339007158007]"
50,12,149,3,0.009308770019719713,1.520431703412284,True,False,"[7, 8, 16]","[0.09212951054311887, 0.1447427994771722, 0.10720697516086966]"
50,13,1050,1,0.015157953702875282,1.6800145807661082,True,False,[12],[0.07644093380034128]
50,14,7,2,0.009979134294028028,1.5051415421655017,True,False,"[8, 15]","[0.0734951051241154, 0.04157323211035615]"
50,15,704,1,0.014642747567187201,1.8024565408914854,True,False,[17],[0.08792131097772961]
50,16,686,1,0.01334581617184735,1.6988300369493792,True,False,[5],[0.09194925569089622]
50,17,36,4,0.007390692930480738,1.287299898760111,True,False,"[6, 7, 8, 15]","[0.05495623247853398, 0.09732061880907694, 0.10112395880920376, 0.11162880268166267]"
50,19,746,1,0.012849990170182927,1.3713561486038215,True,False,[8],[0.10687629013468407]
50,21,383,2,0.008719186043519877,1.5943223733953196,True,False,"[7, 8]","[0.08546351477557443, 0.11140850646005544]"
50,22,89,2,0.010323819936727905,1.3057424514581517,True,False,"[8, 15]","[0.11234795638641044, 0.05124160747559273]"
50,23,121,1,0.01257613523351499,1.5965534587486823,True,False,[15],[0.0762107114024383]
51,0,666,2,0.010388007403498193,2.0637759767336292,True,False,"[7, 15]","[0.14212717018761517, 0.11875147896786309]"
51,1,341,1,0.01335996444711352,1.5498163495264334,True,False,[5],[0.12391060188868326]
51,2,1078,2,0.009008436596537685,1.776206162233426,True,False,"[8, 15]","[0.13832367908062576, 0.11166014748139363]"
51,4,0,2,0.009570458383379337,1.274056716416152,True,False,"[6, 7]","[0.04425784992499339, 0.09407970217652932]"
51,5,488,1,0.012669240046640565,1.6075381277481153,True,False,[15],[0.14019185096326933]
51,6,241,2,0.010457495670162336,1.5771827210237308,True,False,"[7, 8]","[0.1352595614572115, 0.131956930556432]"
51,7,400,1,0.012286663224503384,1.5949812094654663,True,False,[7],[0.09027954440431799]
51,8,1220,1,0.07016230099998087,1.6876951886121292,True,False,[15],[0.12825435850314862]
51,9,1029,1,0.013926973595907874,1.4584112900626947,True,False,[5],[0.10615971456922461]
51,10,375,2,0.00882646205627002,1.6190310301885542,True,False,"[7, 15]","[0.12414800079489875, 0.07205385079660183]"
51,11,108,1,0.013655338130449411,1.4944102047040808,True,False,[7],[0.11344772134404653]
51,13,1050,2,0.013056804971750534,1.680357456043193,True,False,"[8, 12]","[0.12122934847423184, 0.09418152953684512]"
51,14,7,2,0.012752950286183094,1.5194137784868817,True,False,"[8, 15]","[0.10571872074686675, 0.0740038064776108]"
51,15,704,1,0.014322804324069122,1.7973829987932466,True,False,[17],[0.11054619523613933]
51,16,686,1,0.013519432898787001,1.7240325703623012,True,False,[7],[0.1128482519128749]
51,17,36,1,0.011783037869389256,1.3070331169734744,True,False,[15],[0.12061411744309895]
51,19,746,1,0.012347717386189732,1.3726650650838077,True,False,[8],[0.10262421988397398]
51,21,383,1,0.011153265282602323,1.6312909037083043,True,False,[7],[0.09530729712053553]
51,22,778,1,0.01287848328954113,1.3975379377556758,True,False,[5],[0.09718695578322832]
51,23,121,1,0.013520650014198988,1.612445264981145,True,False,[5],[0.11839348928048618]
52,0,666,1,0.01214145252796326,2.081025596440856,True,False,[7],[0.1362387847548754]
52,2,1078,1,0.012959220770737285,1.7776363833894269,True,False,[8],[0.1479873013475432]
52,5,488,2,0.009231898696481009,1.6177147321503829,True,False,"[8, 15]","[0.1559707559105026, 0.14282602532158478]"
52,6,241,1,0.013854612885345337,1.5765931200026162,True,False,[15],[0.117253610343812]
52,7,400,1,0.014275394329693618,1.5986365657885955,True,False,[17],[0.0851425761762841]
52,8,1220,2,0.009635919431412628,1.6916657037641805,True,False,"[7, 15]","[0.11863420280882658, 0.12372516569264626]"
52,9,1029,1,0.013783212869470205,1.4720951132889566,True,False,[5],[0.09699343220000012]
52,10,375,1,0.013461383386626311,1.6207938796807628,True,False,[17],[0.061037100994367516]
52,11,108,1,0.012322870436670316,1.4949349238104555,True,False,[15],[0.10015533310191467]
52,12,149,1,0.013908393995473046,1.5493139459298773,True,False,[5],[0.09283192995620133]
52,14,7,1,0.014112262536394223,1.5363375822451066,True,False,[8],[0.11147352147460114]
52,17,36,1,0.01209832728499402,1.3078058696772923,True,False,[7],[0.0979076741111343]
52,18,19,1,0.01466490679771363,1.355276320419188,True,False,[15],[0.128078495795854]
52,19,746,1,0.014062297560497664,1.371877191164474,True,False,[15],[0.11062484110445787]
52,20,837,2,0.008555610923580556,1.524570841304608,True,False,"[7, 16]","[0.08135362628402244, 0.061733415919181696]"
52,21,383,1,0.012206800259641033,1.667985900402603,True,False,[7],[0.08991882504885688]
52,22,778,1,0.013116874982306513,1.4233774767606828,True,False,[7],[0.08827343910071743]
52,23,121,1,0.01433541455091148,1.6369745433169807,True,False,[7],[0.10109964465248149]
53,0,666,2,0.008700611744250833,2.0914750941059492,True,False,"[7, 8]","[0.1382648041631171, 0.12164565970183407]"
53,3,389,3,0.008424463696033236,1.538297962929818,True,False,"[7, 15, 16]","[0.12588422194760077, 0.12353214835807591, 0.08184385523384288]"
53,5,488,1,0.011468295767071267,1.6186510971737333,True,False,[7],[0.1086487155848809]
53,6,241,1,0.013541880584521385,1.5946335975289998,True,False,[7],[0.12948162904984564]
53,7,400,1,0.011954991992021189,1.6205415562370529,True,False,[7],[0.09214936846786265]
53,8,1220,2,0.00910660635838093,1.6972447265888335,True,False,"[7, 15]","[0.10758858948852199, 0.1165305507904209]"
53,10,108,2,0.009043423012182377,1.4814252520145281,True,False,"[8, 12]","[0.13260130145968452, 0.10318135362669015]"
53,11,149,1,0.013810651177408227,1.569142973457134,True,False,[5],[0.11067201597572288]
53,12,1050,1,0.013568250833998291,1.7051303768406725,True,False,[7],[0.10336938069803815]
53,13,7,1,0.011788809589081834,1.5418156976703565,True,False,[7],[0.09163417045191909]
53,16,36,2,0.009481956462711228,1.305001476836579,True,False,"[6, 7]","[0.05768855721506054, 0.11574469324243546]"
53,18,1029,1,0.012483855154058029,1.5056099035256858,True,False,[5],[0.10563144669846129]
53,19,375,3,0.010023746533555691,1.6203862046862159,True,False,"[15, 16, 17]","[0.11757945057661762, 0.09345789124494833, 0.06008859849183004]"
53,20,778,2,0.009531035007677185,1.4352143402273034,True,False,"[7, 15]","[0.09728600874847264, 0.07718615407772031]"
53,21,746,2,0.010420890427471841,1.3725317403631878,True,False,"[7, 15]","[0.10307282161456778, 0.07612838484447151]"
53,22,837,1,0.013319070465510818,1.5360909812634655,True,False,[5],[0.12179420977853933]
53,23,383,1,0.013916943010003992,1.6993921868090274,True,False,[7],[0.09934729105528896]
54,1,341,2,0.009474376570411742,1.5728310507722534,True,False,"[15, 16]","[0.10603553540669042, 0.08298710317948114]"
54,3,389,3,0.007636581990641184,1.548864880358451,True,False,"[8, 15, 16]","[0.09952445911413767, 0.11338598147611113, 0.07902336448990818]"
54,4,0,3,0.011377447815401965,1.2769022204647145,True,False,"[6, 7, 16]","[0.0649676922087611, 0.10648063349018334, 0.1144757225786541]"
54,5,488,2,0.008069054763758212,1.630620668505604,True,False,"[7, 15]","[0.11609424817842874, 0.13422783197916235]"
54,6,241,2,0.008853923507443271,1.6060626368079958,True,False,"[7, 15]","[0.11035257224528221, 0.09424462994304983]"
54,8,1220,2,0.00870259721489184,1.71097597111661,True,False,"[7, 15]","[0.10283396135566794, 0.11977117336821141]"
54,9,1261,2,0.010635568561388274,1.6927834728293663,True,False,"[7, 12]","[0.14424397080479678, 0.1045491602230085]"
54,10,108,1,0.01231302006560097,1.5119795753251621,True,False,[5],[0.10429527696341692]
54,11,149,1,0.01369455031553201,1.5935409408199845,True,False,[5],[0.12321999735047294]
54,12,1050,1,0.014111013630145565,1.7026316227354987,True,False,[8],[0.1475811505495282]
54,13,7,1,0.012844088220672517,1.5409092214442166,True,False,[7],[0.11766577860717033]
54,14,704,2,0.0090440007357637,1.8074054721973773,True,False,"[7, 8]","[0.1253954583481501, 0.11488028149239635]"
54,15,686,1,0.012222453505969373,1.761837599377126,True,False,[7],[0.10851409053356316]
54,16,36,2,0.010833498985707573,1.3135604025400702,True,False,"[7, 15]","[0.1081404518870578, 0.11164395470058747]"
54,17,1289,1,0.019038266443993885,1.376561250243226,True,False,[7],[0.11424284922378868]
54,18,19,1,0.014496967831606705,1.3506836710804697,True,False,[12],[0.12668989781109863]
54,19,1029,1,0.013107411134587993,1.5242496120378017,True,False,[5],[0.08349408359529592]
54,20,375,3,0.009353977845675258,1.6235815908564015,True,False,"[7, 16, 17]","[0.10519436571540074, 0.05411594069260622, 0.06456926656374301]"
54,21,778,2,0.011001217194976815,1.4304265756503376,True,False,"[12, 15]","[0.13521616480622226, 0.10039091845372794]"
54,22,746,2,0.011382670624256394,1.3854431439950512,True,False,"[8, 15]","[0.11734849565200056, 0.06830329945489515]"
54,23,383,2,0.009063640952577875,1.7193878349593124,True,False,"[7, 8]","[0.08793829123159724, 0.09629916366642996]"
55,0,666,1,0.011704945486558177,2.102762782465345,True,False,[7],[0.1416004855286622]
55,1,341,2,0.009205514856101537,1.5832365062525735,True,False,"[7, 16]","[0.1440282705662215, 0.07787865140335827]"
55,2,1078,1,0.012195101609728152,1.8183178456259141,True,False,[7],[0.09551285056187554]
55,4,0,1,0.014696084853024066,1.2771706438599755,True,False,[6],[0.054649769114005424]
55,5,488,1,0.012510762326613323,1.6317361735054912,True,False,[5],[0.11562098108692943]
55,7,400,1,0.01248273666922347,1.6583185630828667,True,False,[5],[0.11786889712572024]
55,8,1220,1,0.013872103303776088,1.7386896152810842,True,False,[5],[0.11321586182043761]
55,10,108,1,0.013095493984470278,1.5116957756525742,True,False,[8],[0.12853116270476708]
55,11,149,2,0.008867922048366266,1.5928702855937458,True,False,"[8, 15]","[0.10026570358988081, 0.09952627477836896]"
55,12,1050,2,0.012539841383823672,1.7088705676007043,True,False,"[8, 12]","[0.1625670689951612, 0.04948824589288254]"
55,13,7,2,0.010318443383544732,1.5418732855281627,True,False,"[7, 15]","[0.12110563210305267, 0.12028772936654492]"
55,14,704,1,0.012990373471771158,1.8406805809131799,True,False,[7],[0.1270412680756392]
55,15,686,1,0.012879299796332027,1.7947041055690267,True,False,[5],[0.11876693911237624]
55,16,36,3,0.0100577451104343,1.320693273611511,True,False,"[6, 7, 15]","[0.08934831656586907, 0.12833298837155788, 0.11808714121340459]"
55,18,19,1,0.013944282106813602,1.3730810237057778,True,False,[5],[0.11368002727411786]
55,19,1029,2,0.01000808186939299,1.5391884638242819,True,False,"[7, 12]","[0.13374993065802832, 0.09844478605208999]"
55,20,375,1,0.013700418763277204,1.6158985013445422,True,False,[17],[0.06828034166871041]
55,21,778,2,0.009158172738456297,1.4352712055359131,True,False,"[7, 8]","[0.0886679943979492, 0.11629218436632406]"
55,22,746,2,0.011664941968893752,1.398098070009399,True,False,"[8, 15]","[0.10796819199361167, 0.07054610404463567]"
56,0,666,1,0.011986585234273227,2.1465351588973727,True,False,[15],[0.11748462877000815]
56,1,341,1,0.012156417918036488,1.5803082674300666,True,False,[7],[0.14062091863981183]
56,2,1078,1,0.013465199244943226,1.8473160427675464,True,False,[5],[0.11912026429952163]
56,3,389,1,0.01158128873081067,1.5589175970145102,True,False,[16],[0.08133919667507906]
56,4,0,1,0.012832691271687355,1.2802615694916557,True,False,[6],[0.056997651473041415]
56,5,488,2,0.00903563932739917,1.6411536367154123,True,False,"[7, 15]","[0.12877024361032122, 0.14177279855467453]"
56,6,241,1,0.013653388668475881,1.598304295222648,True,False,[15],[0.08965626144226735]
56,7,400,1,0.012959693859500685,1.696691128342311,True,False,[5],[0.11196146758196485]
56,8,1220,2,0.00893574841480804,1.734650462229074,True,False,"[12, 15]","[0.08238429380745738, 0.12736805097509446]"
56,11,149,4,0.007142343513534283,1.5956276798711626,True,False,"[7, 8, 15, 16]","[0.09516526552979446, 0.09751369487409736, 0.10321207600803173, 0.08126807688131948]"
56,13,7,2,0.010606427380146105,1.5536439310974146,True,False,"[8, 15]","[0.12715298613997975, 0.14030341328909784]"
56,14,704,1,0.01480756470325721,1.8406046471840154,True,False,[17],[0.048881099065985936]
56,16,36,2,0.012012635612126607,1.330677448650809,True,False,"[7, 15]","[0.12199485110543563, 0.11247092082849082]"
56,17,1289,1,0.012720820305314828,1.3789629392157856,True,False,[8],[0.10007356952345357]
56,19,1029,1,0.012888682412942314,1.5465042312098756,True,False,[12],[0.09605698723614242]
56,20,375,2,0.008844919724734154,1.6184413645659617,True,False,"[7, 16]","[0.09920848880556436, 0.0636595663407462]"
56,21,778,1,0.01160598118328356,1.460771714863106,True,False,[7],[0.08028623868878751]
56,22,746,2,0.009409389591048449,1.403539718308178,True,False,"[7, 15]","[0.08750470584018172, 0.06953589032119255]"
57,0,666,1,0.011791141017582104,2.191991476317293,True,False,[15],[0.11944647277921354]
57,1,341,2,0.009609306635818219,1.5988954651451939,True,False,"[15, 16]","[0.11865971262986098, 0.0841354175647617]"
57,2,1078,1,0.013151736119008566,1.8797121756294815,True,False,[7],[0.126089075754176]
57,4,0,1,0.013902115187476088,1.309549500111041,True,False,[5],[0.05117901738369363]
57,5,488,2,0.009104147363164705,1.6535708241568188,True,False,"[7, 8]","[0.12144756366692266, 0.13664862586192203]"
57,6,241,1,0.012771770324460446,1.5930468809703138,True,False,[15],[0.09620989315539118]
57,7,400,2,0.009192354455947556,1.7131590486272787,True,False,"[7, 12]","[0.08681438346137893, 0.041892486015267905]"
57,8,1220,1,0.012764420524060419,1.7538692997606469,True,False,[7],[0.11337104130875758]
57,9,1261,1,0.013854909905618449,1.7112156068803674,True,False,[5],[0.11095929563612718]
57,10,108,2,0.013020748140279849,1.5132288445858835,True,False,"[15, 16]","[0.09854518045093953, 0.08160513176314593]"
57,11,149,1,0.012051554034831897,1.6046703282375936,True,False,[16],[0.08949732155472864]
57,15,686,1,0.011757203608189234,1.8316397046553745,True,False,[7],[0.10715825258130265]
57,16,36,1,0.012487290738340458,1.3327833886780314,True,False,[7],[0.11082538663766552]
57,17,1289,1,0.013820676769570793,1.3796125090207911,True,False,[5],[0.11577534812959016]
57,18,19,2,0.011752913123158449,1.3786194731862098,True,False,"[7, 15]","[0.1274342462141068, 0.12486038209159128]"
57,19,1029,1,0.011256015827491616,1.5790168723161528,True,False,[7],[0.12105716822482532]
57,20,375,2,0.009277203922619045,1.623027801442733,True,False,"[7, 16]","[0.08866495852244378, 0.07135049750535528]"
57,21,1356,1,0.03765016624420591,1.8537683794787405,True,False,[5],[0.10382402275327689]
57,22,746,1,0.012644162363462911,1.4121182575733293,True,False,[15],[0.07483385696723109]
57,23,383,1,0.01328909408421192,1.752164580522827,True,False,[7],[0.09138458196625338]
58,0,666,2,0.009482474972412553,2.213513943785297,True,False,"[7, 15]","[0.15992621443667807, 0.12551161590470433]"
58,1,341,1,0.011225901180234144,1.598552611446283,True,False,[8],[0.137397138108173]
58,2,1078,1,0.012578492364358094,1.8825018787168069,True,False,[8],[0.14644911221545015]
58,3,389,1,0.012127392164141815,1.5703347911148235,True,False,[15],[0.1359757722711878]
58,4,0,1,0.012479829585174228,1.331521538279753,True,False,[7],[0.10332769934859107]
58,5,488,1,0.01122560865848254,1.683711977852604,True,False,[7],[0.11002822481909469]
58,6,241,2,0.008790501655271905,1.6036922388623192,True,False,"[7, 15]","[0.11002379269677377, 0.10840603074024663]"
58,7,400,1,0.013194372855053392,1.7495082577438172,True,False,[5],[0.10893951435736854]
58,8,1220,1,0.014010419788658853,1.73935878507505,True,False,[15],[0.12610301558806913]
58,9,1261,1,0.012643667976607119,1.7385049353012414,True,False,[7],[0.13608928753326263]
58,10,108,3,0.009063754606406252,1.5143350429012938,True,False,"[8, 15, 16]","[0.1195265823110952, 0.09536033702250625, 0.08646000869965151]"
58,11,149,3,0.007298634141002957,1.6175698271047185,True,False,"[7, 8, 16]","[0.10108537416123295, 0.10142713479365215, 0.0853244143562833]"
58,12,1050,1,0.014640867019145966,1.6974946153196613,True,False,[12],[0.05834727123443423]
58,13,7,2,0.010958930558292713,1.5699991825410173,True,False,"[8, 15]","[0.12107753649947976, 0.1443392490940132]"
58,14,704,1,0.011446133356117844,1.8460053343125138,True,False,[12],[0.0857702216202036]
58,15,686,1,0.014442250906156917,1.8323092404904324,True,False,[15],[0.14301465754209508]
58,17,1289,1,0.012186604564497413,1.3837869304348087,True,False,[8],[0.09686144174677769]
58,18,19,1,0.013922856328744293,1.4036633273867682,True,False,[5],[0.11437133980960296]
58,19,1029,1,0.01289393278090248,1.584972048334873,True,False,[12],[0.09625746890384973]
58,20,375,1,0.011966400729143102,1.640164449626139,True,False,[16],[0.08123057458887624]
58,21,1356,1,0.01576872632495229,1.851199233669214,True,False,[8],[0.14227576612239454]
58,22,746,2,0.009161478503982816,1.4005858642911189,True,False,"[15, 16]","[0.07687983567728701, 0.07963111381729435]"
58,23,383,1,0.012070582414034529,1.7924401372436671,True,False,[7],[0.08251327980131444]
59,0,666,1,0.011717185009711027,2.233102196085425,True,False,[15],[0.1251914149185934]
59,1,341,2,0.0080695042648114,1.602777967807292,True,False,"[8, 15]","[0.14171526376903718, 0.1387632852556988]"
59,2,1078,1,0.012295042092983526,1.917327807974791,True,False,[7],[0.11697645396776134]
59,3,389,2,0.010258548452072918,1.562682485326262,True,False,"[12, 15]","[0.10687644212722586, 0.14176544785939424]"
59,4,0,2,0.009905595991559598,1.3417392381239543,True,False,"[6, 7]","[0.07755661225748145, 0.10814941553150241]"
59,5,488,2,0.00957398445528034,1.711737775644934,True,False,"[7, 8]","[0.12058973321798656, 0.14312469229354613]"
59,6,241,3,0.009493236533619737,1.6145162266973676,True,False,"[7, 8, 15]","[0.128072996575321, 0.14456432492248383, 0.12483607746205272]"
59,8,1220,1,0.013435633557156474,1.7314688071077946,True,False,[15],[0.1254513969867829]
59,9,1261,1,0.013437514589308478,1.7609447644410041,True,False,[7],[0.14517444948110092]
59,10,108,2,0.010123461497175355,1.514132455514733,True,False,"[8, 16]","[0.13248723870517046, 0.0932017473040048]"
59,11,149,2,0.008833433393188822,1.6308649479825714,True,False,"[7, 15]","[0.11016980434607541, 0.10525556198087482]"
59,12,1050,1,0.01363904060684483,1.7058615457704842,True,False,[8],[0.15851068489123804]
59,13,7,1,0.012939306856093671,1.59070144579835,True,False,[8],[0.1247348278728294]
59,14,704,1,0.012321043605348466,1.8470070721603682,True,False,[12],[0.09815971204597781]
59,15,686,1,0.012897131994910912,1.8624665484743075,True,False,[5],[0.12028252371844649]
59,16,36,2,0.010134071896310406,1.3416395949526059,True,False,"[8, 15]","[0.14963346972705793, 0.10564248425062153]"
59,19,1029,1,0.013088063874699176,1.59161507304967,True,False,[12],[0.09346624475823831]
59,20,375,1,0.013553479732716563,1.6404474676336165,True,False,[8],[0.09896787488289334]
59,21,1356,1,0.015589931789634052,1.8477789589342932,True,False,[8],[0.1476581256841447]
59,22,746,1,0.013135336070919927,1.4153694833018495,True,False,[15],[0.08227080502773924]
59,23,383,1,0.010866295985011123,1.8347947603426245,True,False,[7],[0.07010619437319132]
60,0,666,2,0.010588292072072862,2.238939298638031,True,False,"[7, 15]","[0.16419970219664756, 0.15415144036270195]"
60,1,341,2,0.009144681679583253,1.6080293328896427,True,False,"[8, 15]","[0.15210017095590916, 0.1436976354975487]"
60,2,1078,2,0.00991326615151365,1.919873321911778,True,False,"[8, 15]","[0.16107401234290936, 0.13253995703543972]"
60,3,389,1,0.012634708594632576,1.571672539742183,True,False,[7],[0.12224796594454514]
60,4,0,1,0.012150387273490467,1.3418542150525594,True,False,[6],[0.08401886293282353]
60,6,241,2,0.010533643769269704,1.6273282227403838,True,False,"[7, 15]","[0.11670178750285587, 0.11542841432896066]"
60,7,400,1,0.012915143942417035,1.7574037685521389,True,False,[12],[0.05374834572390122]
60,10,108,3,0.008504569151988411,1.5070655701100268,True,False,"[7, 12, 15]","[0.1386172196158482, 0.1297898347064085, 0.10872552813023738]"
60,11,149,2,0.01014208004044112,1.6357422862011217,True,False,"[8, 16]","[0.12022950519872208, 0.11542760143914432]"
60,12,1050,2,0.010461176077151422,1.7117158062589426,True,False,"[7, 12]","[0.1216001918840274, 0.07356172093090176]"
60,13,1434,2,0.01677175059122066,1.4096734203490515,True,False,"[8, 15]","[0.15807316133445604, 0.15208343447438216]"
60,14,1289,1,0.01334650276932076,1.3797344389129502,True,False,[8],[0.10987822350744211]
60,15,19,1,0.013413985959872629,1.4023324609419994,True,False,[12],[0.08783795832503506]
60,16,1029,1,0.013790124759405713,1.6103647255949738,True,False,[12],[0.014483369832304822]
60,17,375,3,0.011888184991832895,1.6478585579906075,True,False,"[7, 12, 17]","[0.13861647613907388, 0.13677041254605488, 0.09092848337655692]"
60,18,7,1,0.0139055553778868,1.5884797111114137,True,False,[7],[0.12372820438257667]
60,19,704,1,0.015537539996228067,1.833209018456514,True,False,[17],[0.0825985602428153]
60,20,686,1,0.013900838491153176,1.871825772659636,True,False,[7],[0.11411145143308306]
60,22,746,2,0.011745623316458672,1.4318694517004806,True,False,"[8, 12]","[0.10843677580409627, 0.11318600780916838]"
61,0,666,1,0.011947296765511047,2.2586956042223734,True,False,[15],[0.1351927318148332]
61,1,341,1,0.010968813514280409,1.6211285772075197,True,False,[15],[0.15627034792777755]
61,2,1078,1,0.011862990240643485,1.9423163581467056,True,False,[7],[0.12079588015520273]
61,3,389,1,0.011065048798129523,1.585752418970183,True,False,[16],[0.0815587251125896]
61,5,0,1,0.013660560716228039,1.340256868231773,True,False,[15],[0.15091021799912757]
61,6,488,1,0.012253055482202695,1.7390217028095505,True,False,[7],[0.1166483298805718]
61,7,241,2,0.009863944403569691,1.6272995109307953,True,False,"[8, 15]","[0.12056744213162329, 0.07689724678463349]"
61,8,400,1,0.011668694947299415,1.7926054839398535,True,False,[7],[0.10224623568568482]
61,9,1220,1,0.014001709380564692,1.7404058894393646,True,False,[7],[0.1434710295885173]
61,10,1261,1,0.011489740207550002,1.7572998000588467,True,False,[12],[0.14039524737435347]
61,11,108,2,0.009021425437978254,1.5233550070996378,True,False,"[7, 8]","[0.11594235253868872, 0.10669147217364122]"
61,12,149,1,0.012660801023130046,1.6392384324762002,True,False,[16],[0.11202941482252737]
61,13,1050,3,0.008801411314532376,1.7237812144739926,True,False,"[7, 8, 12]","[0.11070733649979894, 0.16373173049839945, 0.11123985237939006]"
61,16,19,1,0.011811146465971567,1.4071449023084914,True,False,[8],[0.15939674189425165]
61,17,1029,2,0.008768040528588884,1.6180229347367667,True,False,"[12, 15]","[0.1359954281385118, 0.12542716872817733]"
61,18,375,4,0.009483477392303258,1.6555176926309538,True,False,"[7, 12, 15, 17]","[0.1426854833847215, 0.12923072765217677, 0.13643079110136883, 0.07691359106516486]"
61,19,7,2,0.009965139684413475,1.612843309537859,True,False,"[7, 8]","[0.12471760325869066, 0.10860435088422506]"
61,20,704,1,0.014039288027495465,1.866499167460677,True,False,[5],[0.13185105284952062]
61,21,686,1,0.013096701181944826,1.9072047528873695,True,False,[5],[0.08676745599727582]
61,22,746,1,0.013020873074106746,1.4509506590613779,True,False,[15],[0.07829641838305805]
61,23,383,1,0.010980193524038522,1.876506568180894,True,False,[7],[0.06949720378507981]
62,0,666,1,0.01138034847830959,2.282638289536552,True,False,[15],[0.1402137145291892]
62,1,341,1,0.011458137674956646,1.6204254464187502,True,False,[8],[0.15153981966513694]
62,2,1078,2,0.00866799363559669,1.958509618375626,True,False,"[7, 8]","[0.11669300827461618, 0.17438071566700813]"
62,3,389,1,0.0135153500409947,1.6031378094597248,True,False,[5],[0.09272979529069379]
62,4,1448,1,0.053547043900344655,1.8470944666082263,True,False,[15],[0.08470491233550935]
62,5,0,1,0.012398228941529168,1.3710644125669793,True,False,[7],[0.13002385768554447]
62,6,488,2,0.011375021443898441,1.7572375687501058,True,False,"[7, 8]","[0.1261019526012777, 0.1668010800540234]"
62,8,400,2,0.008343683485025196,1.8134685876419712,True,False,"[7, 12]","[0.10125994603643464, 0.08965712352641003]"
62,9,1220,2,0.011169444029066153,1.7459503761660846,True,False,"[7, 12]","[0.15281837595082293, 0.13418686075760025]"
62,10,1261,1,0.01142777113977884,1.790423032839067,True,False,[7],[0.13276732818503814]
62,11,108,4,0.007413499267900573,1.5337530956650205,True,False,"[7, 8, 15, 16]","[0.11952069837641732, 0.11181922628918445, 0.11139487940112767, 0.11526400020692547]"
62,12,149,3,0.008716662392268981,1.6425940345570174,True,False,"[7, 8, 16]","[0.11890536396501303, 0.16856933802051208, 0.13077488351348196]"
62,13,1050,1,0.013325048249423247,1.7443882100607977,True,False,[5],[0.10548338978996791]
62,14,1434,1,0.012817066768699157,1.4433622013259293,True,False,[7],[0.11894041405805147]
62,15,1289,1,0.011938293255316507,1.3890142694061167,True,False,[8],[0.08463926231218453]
62,17,1029,1,0.012122201706663695,1.6368938105601882,True,False,[12],[0.12127689039537945]
62,18,375,4,0.008495702726465994,1.6619006891931833,True,False,"[7, 8, 16, 17]","[0.13464327517531893, 0.10364094876740657, 0.07622137570331153, 0.08200569198670962]"
62,19,7,1,0.011783299766999896,1.6219643103900936,True,False,[7],[0.1287693958505285]
62,20,704,1,0.013256549005981333,1.9085443079819973,True,False,[5],[0.1433088263435054]
62,21,686,1,0.013216781443219375,1.941774149351944,True,False,[5],[0.08906078650278552]
62,22,746,2,0.010756738910074243,1.473062026505549,True,False,"[8, 15]","[0.10088099804906646, 0.07496027859875622]"
62,23,383,1,0.012625156897890866,1.8897357851775343,True,False,[8],[0.09887654090075923]
63,0,666,1,0.012359097946796222,2.3246357880136284,True,False,[5],[0.1278160338922449]
63,1,341,2,0.007835937586806757,1.6344873473762658,True,False,"[8, 16]","[0.1500794370540131, 0.07143258848526342]"
63,2,1078,1,0.011099231502546566,1.9941599143944873,True,False,[7],[0.11533919972282539]
63,3,389,1,0.013077648819385487,1.6113544462755038,True,False,[15],[0.1518984227184927]
63,5,0,1,0.012255402806690055,1.4020130872677625,True,False,[7],[0.13174801083790177]
63,6,488,1,0.012307103251589213,1.778502197093869,True,False,[7],[0.12152977302186407]
63,7,241,2,0.008729284078893826,1.6378702007149262,True,False,"[7, 15]","[0.08597317473360189, 0.07552012315322011]"
63,8,400,1,0.011405033598003319,1.8568967214058614,True,False,[7],[0.10348407459368794]
63,9,1220,1,0.013024120447090625,1.7385797421301348,True,False,[15],[0.10262387370077898]
63,10,1261,2,0.007849116006429596,1.810999410207088,True,False,"[7, 8]","[0.1326641016698193, 0.1357430526182684]"
63,11,108,2,0.009557588192161902,1.5531171483779345,True,False,"[7, 15]","[0.12063181380584743, 0.10446603373976901]"
63,12,149,1,0.013330687963441706,1.678387304436724,True,False,[5],[0.11617279353811848]
63,13,1050,1,0.014383648029711414,1.7420458016663143,True,False,[12],[0.10399931864458274]
63,15,1289,1,0.012372611788003472,1.4071466089945206,True,False,[8],[0.08729623000659302]
63,16,19,1,0.014658047613973806,1.4121453970254523,True,False,[5],[0.11902885751700304]
63,17,1029,1,0.011753575228512189,1.6560380548241957,True,False,[12],[0.11287389511269734]
63,18,375,1,0.01395969320649307,1.6667504186238526,True,False,[17],[0.08492763412810211]
63,19,7,1,0.011175194453086235,1.630700380134468,True,False,[7],[0.12140275439864648]
63,20,704,1,0.015047022399165872,1.9001387032857162,True,False,[17],[0.09203038595393963]
63,21,686,1,0.012456579135958015,1.9780959871912402,True,False,[5],[0.08877155638855613]
63,22,746,1,0.01254537823314466,1.4936920460353316,True,False,[8],[0.09386737902597435]
64,1,341,3,0.007281663026568735,1.6456006006069195,True,False,"[7, 15, 16]","[0.1364046846405005, 0.15289873234899817, 0.06947263510856296]"
64,2,1078,2,0.008406430505899615,2.01300714338608,True,False,"[7, 8]","[0.10846003886364947, 0.15986720154284212]"
64,3,389,2,0.008474031335580211,1.6179980756154095,True,False,"[7, 16]","[0.12377914139574299, 0.09209944780054052]"
64,4,1448,1,0.012118233627147142,1.8610936044485227,True,False,[7],[0.11304230174809243]
64,5,0,1,0.012297569010648195,1.4275140401595536,True,False,[5],[0.11348623055965322]
64,6,488,1,0.01284886112997711,1.7894046793094889,True,False,[15],[0.12423760933548449]
64,7,241,1,0.012319997946766794,1.638282735630132,True,False,[15],[0.09251368937450431]
64,9,1220,2,0.009065094715821021,1.7410012309603282,True,False,"[7, 15]","[0.1320886819030197, 0.10891522221932423]"
64,10,1261,2,0.009668667403680735,1.8268497894600726,True,False,"[7, 12]","[0.15807070576980944, 0.157237103635985]"
64,11,108,2,0.008611720602647943,1.565564328829882,True,False,"[7, 16]","[0.12086489482217092, 0.12249464694759174]"
64,12,149,2,0.008889161612169901,1.6838767261250693,True,False,"[7, 8]","[0.12135721601093723, 0.15653586364519367]"
64,13,1050,2,0.008407131467280468,1.7559239438111374,True,False,"[7, 8]","[0.11395866557786871, 0.16589601696935238]"
64,15,1289,1,0.012045137038548745,1.4248369783765544,True,False,[8],[0.0967641960386845]
64,16,19,1,0.014772861358179847,1.4160781785513739,True,False,[5],[0.12553584864684114]
64,17,1029,3,0.00898782506810663,1.6660348094867488,True,False,"[7, 12, 15]","[0.14958249955199912, 0.12783957216222874, 0.13463731209355037]"
64,18,375,2,0.011986595996842786,1.6840446361392154,True,False,"[7, 17]","[0.12125676492849599, 0.07954577060179877]"
64,19,7,1,0.012821257335064035,1.6606004343780583,True,False,[5],[0.09419497243322646]
64,20,704,1,0.013192546689322402,1.9436565022748942,True,False,[5],[0.14292879223353644]
64,21,686,1,0.010869196370084083,2.0084919607490113,True,False,[7],[0.09502848701887347]
64,22,746,1,0.01300587662260931,1.5121298125212137,True,False,[7],[0.08850909276659866]
65,0,666,2,0.008433045176776226,2.3188361967092854,True,False,"[8, 12]","[0.10851865021564684, 0.099729048281645]"
65,1,341,2,0.0082591627490571,1.660836079015136,True,False,"[8, 16]","[0.154161536305153, 0.09183137836376165]"
65,2,1078,1,0.011673142011274977,2.0447405347081387,True,False,[7],[0.11098833365025927]
65,3,389,1,0.01264648003503711,1.6270092215211982,True,False,[15],[0.1654700649988245]
65,4,1448,1,0.012515488840908055,1.8970829572157422,True,False,[5],[0.06706061352563937]
65,5,0,1,0.014911534498987826,1.4239353783026651,True,False,[6],[0.08347869690898437]
65,6,488,1,0.013475257242436754,1.7879137842810526,True,False,[8],[0.16188357602419642]
65,7,241,2,0.009850187613008531,1.6381660580686315,True,False,"[8, 15]","[0.13222728124057886, 0.10362421737230419]"
65,9,1220,1,0.013189837163928804,1.7712913889038902,True,False,[5],[0.10460803649209953]
65,10,1261,1,0.011993169032012228,1.8577179953420184,True,False,[5],[0.1174314790892809]
65,11,108,2,0.009084450325421541,1.576560111234135,True,False,"[7, 16]","[0.11628833621889499, 0.11723635786255619]"
65,14,1434,2,0.009703796547432633,1.460057994717143,True,False,"[7, 8]","[0.12846935088548017, 0.11431413569573289]"
65,15,1289,1,0.013447751139674424,1.4339957299882111,True,False,[5],[0.1108804342150488]
65,17,1029,2,0.011372342429630202,1.6837069955051156,True,False,"[7, 12]","[0.16295135496354674, 0.13225554402092915]"
65,18,375,1,0.013266076744310268,1.6959623878901118,True,False,[17],[0.07771801972344841]
65,19,7,1,0.01153384792432513,1.6686068651299504,True,False,[7],[0.13361147538362905]
65,20,704,2,0.00996632433751921,1.9631418377741625,True,False,"[7, 12]","[0.12626819837804187, 0.07957960661888493]"
65,21,686,1,0.010990894223005754,2.034649917692487,True,False,[7],[0.09980552798242119]
65,22,746,1,0.013126328619987722,1.5390996369267453,True,False,[7],[0.09950372018000626]
65,23,383,1,0.012496343378065433,1.9080087128051686,True,False,[8],[0.09991041961193925]
66,0,666,1,0.013277512714125982,2.320419955004825,True,False,[7],[0.16568826629540415]
66,2,1078,1,0.012082129831792712,2.085020888847566,True,False,[5],[0.12016660789264183]
66,3,389,2,0.00874663315904254,1.6396853056762493,True,False,"[7, 8]","[0.12519546700066564, 0.11487172823308965]"
66,4,1448,2,0.009334266966368644,1.9145818939613368,True,False,"[7, 8]","[0.13930423416351131, 0.0898898010154417]"
66,5,0,1,0.012324680079688725,1.4551221558706917,True,False,[7],[0.12540437502084423]
66,6,488,1,0.012672577281586418,1.794174563150173,True,False,[15],[0.1219623413655473]
66,7,241,1,0.013060599574767476,1.6742616878065437,True,False,[5],[0.10725442899255658]
66,8,400,2,0.01143962156564214,1.8429306745307452,True,False,"[12, 17]","[0.10648803942331284, 0.055614079589602836]"
66,9,1220,2,0.009015975220298759,1.7754890275233997,True,False,"[7, 15]","[0.1212347070472488, 0.1176245401680873]"
66,10,1261,2,0.007843094250326026,1.876332739724118,True,False,"[7, 8]","[0.159523010870251, 0.15747221942114803]"
66,11,108,2,0.01093151519798186,1.5831354910835553,True,False,"[7, 16]","[0.14803076982577873, 0.1315008436679257]"
66,12,149,1,0.011990041361783383,1.6969668882243212,True,False,[7],[0.10707123375965165]
66,14,1434,1,0.012548268926604057,1.4955357052040903,True,False,[7],[0.13370778879377038]
66,15,1289,1,0.01077976645909567,1.4614733590421225,True,False,[8],[0.12936016485558094]
66,16,19,1,0.011420290725332408,1.4281195743724882,True,False,[8],[0.1578145548316253]
66,17,1029,2,0.011432296848394799,1.7028962258045781,True,False,"[7, 12]","[0.16127169399886984, 0.13174858391787614]"
66,18,375,1,0.011755419245229746,1.7112891273127762,True,False,[16],[0.06783260776102472]
66,20,704,1,0.014522415766798769,1.965575999267603,True,False,[17],[0.11887620435080345]
66,21,686,1,0.013702443394718662,2.0357502155949683,True,False,[15],[0.12490421311860923]
66,23,383,1,0.010137729751333476,1.9530772376929793,True,False,[7],[0.06370869739360016]
67,1,341,1,0.01210822746707601,1.6614535545553673,True,False,[7],[0.13873195463455285]
67,2,1078,1,0.0108040588946813,2.117682312123749,True,False,[7],[0.11335215523880027]
67,3,389,2,0.009199930704409394,1.6548886849670577,True,False,"[7, 15]","[0.1374368938318702, 0.16172783549916694]"
67,4,1448,2,0.008722664582640125,1.9357469822165194,True,False,"[7, 12]","[0.1288339137146737, 0.09324184330950606]"
67,5,0,1,0.012316054456757718,1.4836137727739547,True,False,[5],[0.10357481284389104]
67,6,488,2,0.009029662598853483,1.812721262447377,True,False,"[7, 8]","[0.11907500843744794, 0.14318673482281558]"
67,7,241,2,0.009077547910802628,1.6813379301461375,True,False,"[7, 15]","[0.09789140394324784, 0.09903862934833825]"
67,8,400,1,0.010641141430356615,1.886013759426731,True,False,[7],[0.09692124727895389]
67,9,1220,2,0.010351066362808588,1.7867348731999897,True,False,"[7, 15]","[0.13299560116953457, 0.14117783720437097]"
67,10,1261,1,0.011300362189292836,1.9137711455523414,True,False,[7],[0.15860606672776018]
67,11,108,2,0.010651651243067018,1.5828979641331065,True,False,"[15, 16]","[0.12225194979439563, 0.1347930265666383]"
67,12,149,2,0.008640606617078312,1.700431325026634,True,False,"[7, 15]","[0.11891757385466677, 0.11292970994448877]"
67,13,1050,1,0.01404110874377012,1.755975128353818,True,False,[12],[0.09947262517253908]
67,14,1434,2,0.010065718743501161,1.4938870174679406,True,False,"[8, 15]","[0.12258287994838934, 0.09214077316967692]"
67,15,1603,1,0.06393115567450311,1.8775330755461253,True,False,[15],[0.1452187939820216]
67,19,375,3,0.007378742200817774,1.718295650102485,True,False,"[7, 16, 17]","[0.13648918838021618, 0.09316024186354217, 0.08590145966777707]"
67,20,7,1,0.013487020920137186,1.6697425546487206,True,False,[8],[0.09392120211803769]
67,21,704,1,0.012706634357543767,1.9810367584729978,True,False,[7],[0.13202602972324845]
67,22,746,1,0.012316068260764267,1.5639288716818827,True,False,[15],[0.07113637351285113]
67,23,383,1,0.010136157642192868,2.0015505118617,True,False,[7],[0.06562978222837569]
68,0,666,1,0.012782830285126567,2.331146487196476,True,False,[7],[0.15129174323819466]
68,1,1625,1,0.017768976446507413,1.454816571718404,True,False,[15],[0.14650234183451624]
68,2,389,2,0.010740582365622168,1.6637094152905865,True,False,"[8, 15]","[0.16681066771276548, 0.14936445051828423]"
68,3,1448,1,0.01310290421028221,1.9371244131094036,True,False,[12],[0.10666078827664342]
68,4,0,1,0.012582346244757226,1.4850027718366536,True,False,[6],[0.0829465873783325]
68,5,488,1,0.010626936414605178,1.8474770491462242,True,False,[7],[0.11942883550860883]
68,6,241,1,0.012528360170931476,1.6813940396031264,True,False,[15],[0.10705847639121503]
68,7,341,2,0.008565973439664845,1.6691387185072404,True,False,"[8, 15]","[0.13290664525530133, 0.09909178407753626]"
68,8,1078,1,0.013576321432369571,2.1349672887903925,True,False,[5],[0.11573811013086283]
68,9,1050,1,0.011404446301637765,1.753847945899248,True,False,[8],[0.14561594713413215]
68,11,400,1,0.011659399558992922,1.900741433002807,True,False,[8],[0.11920104118796726]
68,12,1220,1,0.010943542782067994,1.7966442811924115,True,False,[7],[0.1079182712038277]
68,13,1261,2,0.009050788078620253,1.928921340682581,True,False,"[7, 8]","[0.11581083526673186, 0.15469596942943575]"
68,14,108,3,0.008578774927803779,1.5827803447328017,True,False,"[8, 15, 16]","[0.10571242052196063, 0.09968149894263063, 0.07943265021865123]"
68,15,149,2,0.009365452840755243,1.7106656383679408,True,False,"[7, 15]","[0.10581791965179961, 0.16939394721460882]"
68,17,704,2,0.008122516224398454,2.0080430980304658,True,False,"[7, 8]","[0.14067470194401635, 0.10085517031210252]"
68,18,1603,1,0.013384434231656321,1.8884659750993715,True,False,[7],[0.12257762836229807]
68,19,1289,1,0.012176154884998472,1.489287687848492,True,False,[8],[0.10700763719277658]
68,20,19,2,0.009911448187877382,1.4311289590719145,True,False,"[8, 12]","[0.11868168066690821, 0.10452036991431606]"
68,21,1029,1,0.013167807267057756,1.7027895452039905,True,False,[7],[0.14046109682352406]
68,22,375,1,0.012774905430038366,1.7167105645098375,True,False,[17],[0.03012361272601794]
68,23,746,2,0.009616477868519078,1.5839013592792657,True,False,"[8, 15]","[0.10469180860771737, 0.08847842793737037]"
69,1,1625,1,0.013370959191826142,1.4764867473324639,True,False,[5],[0.13351384664974653]
69,2,389,1,0.011925525948248309,1.6730677039210067,True,False,[7],[0.11134595129555364]
69,3,1448,1,0.011837448688039438,1.9569907592472404,True,False,[8],[0.1116673301433273]
69,4,0,1,0.01202548562810911,1.5170655599915936,True,False,[7],[0.1262380764071247]
69,5,488,1,0.01034767711677837,1.882304117961376,True,False,[7],[0.12405637082209345]
69,6,241,3,0.008573140166176205,1.6998906244870582,True,False,"[7, 8, 15]","[0.13065035127440236, 0.14639357023093058, 0.09710902621395467]"
69,8,1078,1,0.013478291108064377,2.1484822198417306,True,False,[5],[0.12991474116770388]
69,9,1050,3,0.007500562740931158,1.7656173201021326,True,False,"[7, 8, 12]","[0.14182855038166112, 0.14438268029745507, 0.13345858947795114]"
69,10,1434,2,0.010193524944830817,1.5013962710717839,True,False,"[7, 15]","[0.15647830155844725, 0.10742799738627896]"
69,11,400,1,0.011878085372080424,1.9283012483834172,True,False,[7],[0.1471943286699566]
69,13,1261,1,0.012305928893351522,1.9288310958618533,True,False,[8],[0.16055509503686116]
69,14,108,1,0.012343773436857938,1.5825834799501532,True,False,[8],[0.10717002876439337]
69,15,149,2,0.008778047101198755,1.7068430992076689,True,False,"[8, 15]","[0.13991920122682583, 0.15221141241504865]"
69,16,7,1,0.011085153374263012,1.7005919401653191,True,False,[8],[0.15071917147354771]
69,17,704,2,0.011492287720937352,2.0344830118682564,True,False,"[7, 17]","[0.13405371813296643, 0.10281518246925558]"
69,18,1603,1,0.012144526825818755,1.895566819345743,True,False,[8],[0.11538542408627908]
69,20,19,1,0.012889061711439814,1.4312149372827712,True,False,[15],[0.07758239888816268]
69,21,1029,1,0.01226069263453596,1.7024843350687349,True,False,[16],[0.0687340802728244]
69,23,746,1,0.012733898997119228,1.6016435849536725,True,False,[7],[0.08672457298563924]
70,0,666,1,0.012159619744226689,2.32759871976272,True,False,[8],[0.1337723248211735]
70,1,1625,2,0.008594727920058524,1.4889448299034094,True,False,"[7, 15]","[0.14372707082408095, 0.13682343318334034]"
70,2,389,3,0.008599721921440144,1.6861056844200497,True,False,"[7, 12, 15]","[0.12406258922127322, 0.033967101198905184, 0.1404812148954394]"
70,4,0,1,0.011452990672579997,1.5173922343008406,True,False,[15],[0.08599806532641852]
70,5,488,1,0.0101595151482085,1.9188382958577421,True,False,[7],[0.1180210977752973]
70,7,341,1,0.012597348202504806,1.6717198733699787,True,False,[5],[0.11699739489278746]
70,8,1078,1,0.010287547073575319,2.199325492616188,True,False,[7],[0.09858077629478565]
70,9,1050,1,0.01301716862772272,1.791313257627468,True,False,[7],[0.14544060324628358]
70,10,1434,1,0.013430809009922374,1.5170449284018581,True,False,[5],[0.13064608642859563]
70,11,400,1,0.01287211713316954,1.9328557402075162,True,False,[12],[0.12118274204486013]
70,12,1220,1,0.014183029061152595,1.7961249463153102,True,False,[12],[0.09377195767965568]
70,13,1261,1,0.013255765025262467,1.9578084452378888,True,False,[7],[0.12918084085431894]
70,14,108,3,0.007819566178242268,1.5884138193441961,True,False,"[7, 8, 16]","[0.13615810452382457, 0.10040628540574571, 0.07362996482539699]"
70,15,149,2,0.008514495406018206,1.7164673573196267,True,False,"[8, 16]","[0.13358367486069286, 0.056695929842148385]"
70,16,7,2,0.011404334646722624,1.7058263635598545,True,False,"[7, 15]","[0.11495596311462425, 0.11013555815411362]"
70,17,704,1,0.015276536335523937,2.032995989014648,True,False,[17],[0.10738502400065152]
70,18,1603,1,0.0143302948744997,1.898956766283534,True,False,[7],[0.12508272670225748]
70,19,1289,1,0.012776837259638511,1.5121266183151703,True,False,[5],[0.11383590624652272]
70,20,19,1,0.012590741998286654,1.4323081830383129,True,False,[8],[0.12244846280645208]
70,21,1029,1,0.010859112422902694,1.7013983039421483,True,False,[12],[0.12315861330137504]
70,22,375,2,0.008670533677150207,1.7294242164757845,True,False,"[16, 17]","[0.08335287073529982, 0.03780577268209222]"
70,23,746,2,0.010120308527035564,1.6261754288103165,True,False,"[8, 15]","[0.10916145194165712, 0.09368285885519972]"
71,0,666,1,0.013491259066816828,2.3365438250581807,True,False,[7],[0.1661344760521124]
71,2,389,1,0.012555253285753906,1.7023225584020631,True,False,[8],[0.17531261692924763]
71,3,1448,2,0.008566056575737047,1.9643348047120623,True,False,"[8, 12]","[0.117237130856481, 0.10459553406423477]"
71,5,488,2,0.008458858061648715,1.9231036361317655,True,False,"[8, 15]","[0.14664030901263625, 0.14910665252540065]"
71,6,241,1,0.013031842402824912,1.7288966940569572,True,False,[7],[0.14490258925180322]
71,7,341,1,0.012375363174190636,1.6799628651754392,True,False,[7],[0.11166141948157553]
71,8,1078,3,0.00884323583680655,2.207054014529434,True,False,"[7, 8, 12]","[0.10561757679510071, 0.13198655525169853, 0.14039415671340505]"
71,9,1050,2,0.009240722944031844,1.8051830048308244,True,False,"[7, 16]","[0.1298925262972884, 0.10256608464458075]"
71,10,1434,1,0.011204678058113956,1.5238933641061554,True,False,[15],[0.11328467987666628]
71,12,1220,1,0.011929095028351088,1.8062568369188088,True,False,[7],[0.11236037085502609]
71,13,1261,1,0.012566451030494972,1.9598014247156867,True,False,[8],[0.15413206579553504]
71,15,149,2,0.009130257267925478,1.7115347381132389,True,False,"[8, 15]","[0.13543941216852592, 0.1564298119019967]"
71,17,704,1,0.01110314614038711,2.0733754582256014,True,False,[7],[0.13581013649689302]
71,18,1603,2,0.01230758724126631,1.8995368127240102,True,False,"[7, 15]","[0.14346597226423402, 0.1378358824848072]"
71,19,1289,1,0.014119331333320042,1.5114628534291354,True,False,[15],[0.12952281300167404]
71,20,19,1,0.01214922715715258,1.4409986267809136,True,False,[15],[0.0764127968182337]
71,21,1029,1,0.011083566598473893,1.6958866810356867,True,False,[12],[0.12228047562300655]
71,22,375,3,0.009482779716471894,1.7300798332881122,True,False,"[8, 15, 17]","[0.10108323570057921, 0.08209643431984484, 0.04039788908691965]"
71,23,746,2,0.009011546065366497,1.636081612996053,True,False,"[7, 16]","[0.08194587274809657, 0.04670766205126571]"
72,0,666,1,0.011998847559679551,2.381988145884818,True,False,[5],[0.12266872353881379]
72,2,389,1,0.011827533528797857,1.7074521349462783,True,False,[15],[0.1373837322341316]
72,3,1448,2,0.008634672511770452,1.9849573042007889,True,False,"[7, 8]","[0.14009936137869408, 0.12451981572579071]"
72,4,0,2,0.010092686882398607,1.5319120573013156,True,False,"[7, 16]","[0.12200582377089621, 0.11799169370473202]"
72,5,488,1,0.013434287924898652,1.9578980612879806,True,False,[5],[0.12724081601716272]
72,7,341,2,0.009956186433634476,1.6744712099957524,True,False,"[7, 12]","[0.13304635900553954, 0.07791604755487429]"
72,8,1078,1,0.010494886983369785,2.2554329145120957,True,False,[7],[0.10503862779430745]
72,9,1050,1,0.01227164096225817,1.8134316887213753,True,False,[12],[0.13593562440082033]
72,10,1434,1,0.011355514889308069,1.529491420495717,True,False,[15],[0.11676021597217054]
72,11,400,1,0.012349769394653978,1.9405248039450802,True,False,[12],[0.12195964989583025]
72,12,1220,1,0.012397881042106674,1.793987053464369,True,False,[8],[0.16794614654331386]
72,13,1261,2,0.008912458579748499,1.9756181633009613,True,False,"[7, 8]","[0.12663894935502598, 0.15190677050974907]"
72,15,149,2,0.008606634457536384,1.7182060477917274,True,False,"[7, 8]","[0.11438944893934229, 0.13682307661620283]"
72,16,7,1,0.011656324320455868,1.7282408199461368,True,False,[8],[0.15025645910910843]
72,17,704,2,0.011937358173549802,2.091076045958015,True,False,"[7, 17]","[0.13327053795799015, 0.13059160556275665]"
72,18,1603,2,0.009132064841713276,1.9106972737153527,True,False,"[7, 8]","[0.11854641951352464, 0.1267080064720825]"
72,19,1289,1,0.011775870293957392,1.5162062197151902,True,False,[7],[0.13813807746869183]
72,21,1029,2,0.008529680738618407,1.6949971075328794,True,False,"[7, 15]","[0.14246433504646852, 0.12886476232892297]"
72,22,375,3,0.007743678495071507,1.7330577729426135,True,False,"[8, 16, 17]","[0.10680434276443815, 0.07522005456354655, 0.05415304818053091]"
72,23,746,1,0.012097032818856107,1.660708478897736,True,False,[15],[0.09925371444308191]
73,0,666,1,0.010979666123220527,2.4010227044774965,True,False,[15],[0.16251502855848746]
73,1,1625,1,0.0121992447860031,1.5009231314020317,True,False,[15],[0.12543820630816416]
73,5,488,1,0.0097231722665334,2.0006835521687623,True,False,[7],[0.10992491127978912]
73,6,241,1,0.014140489732724875,1.7313517068376234,True,False,[5],[0.11608607509606703]
73,7,341,4,0.006715503845970833,1.679665033782347,True,False,"[7, 8, 15, 16]","[0.12373055334827944, 0.12592563825064923, 0.09915792624203089, 0.06829894792461205]"
73,8,1078,1,0.011029222700618103,2.2974040921988688,True,False,[7],[0.11550122692295851]
73,9,1050,2,0.010654416513224657,1.844636087571428,True,False,"[7, 12]","[0.17488966815971047, 0.16544227447192933]"
73,10,1434,1,0.01362953388758489,1.5443086673803832,True,False,[5],[0.13695098912096315]
73,11,400,1,0.011106035715383445,1.9742889960155399,True,False,[7],[0.14558158662346565]
73,13,1261,1,0.01281704326534564,2.006845768682821,True,False,[7],[0.12861721938537668]
73,14,1742,2,0.04684247987696151,1.784332727412829,True,False,"[7, 15]","[0.12755949252891513, 0.09718473178818762]"
73,15,149,1,0.01344155503158854,1.7138207919289161,True,False,[15],[0.14510247379487096]
73,16,7,2,0.00883555797400609,1.7438389226841022,True,False,"[8, 15]","[0.1431543372060113, 0.11193739808708542]"
73,17,704,1,0.012675843590824548,2.073966328702995,True,False,[17],[0.10812294252667048]
73,18,1603,2,0.011733825222220913,1.918749780045815,True,False,"[7, 15]","[0.12870023867532632, 0.1419501196524072]"
73,19,1289,1,0.01307096744414916,1.5392409094820996,True,False,[5],[0.11879167402111158]
73,20,19,1,0.012721125573986827,1.4544200384562738,True,False,[15],[0.08110053390563941]
73,21,1029,1,0.01127400016813397,1.6908393161514914,True,False,[12],[0.11820916948683638]
73,22,375,3,0.008294251075660217,1.7317747891020363,True,False,"[7, 16, 17]","[0.10692343391233772, 0.08877791255695056, 0.06493706794624089]"
74,0,666,1,0.011667060096267123,2.394439991016151,True,False,[8],[0.1291214657153328]
74,1,1625,1,0.01168946743397089,1.5143143064935316,True,False,[7],[0.1473269016730844]
74,3,1448,1,0.010773120500601514,2.001972451436645,True,False,[7],[0.1365767600084773]
74,4,0,2,0.008816177417605335,1.546889273681481,True,False,"[6, 7]","[0.08353212441646872, 0.11092254537892951]"
74,5,488,1,0.010887170039304308,1.9977560904590803,True,False,[15],[0.1476841366013993]
74,6,241,3,0.00986871927888959,1.7471045985663516,True,False,"[7, 8, 15]","[0.1438803608683676, 0.15570044127094304, 0.10488169033961188]"
74,7,341,2,0.007921842260301718,1.6938815281339326,True,False,"[8, 16]","[0.12373086293094873, 0.0621749764400578]"
74,8,1078,1,0.013640148074518826,2.3216003679132515,True,False,[5],[0.127820504891102]
74,9,1050,1,0.011344954021384131,1.84450886732249,True,False,[8],[0.14533530987679916]
74,10,1434,2,0.008577553178849886,1.5538287793589114,True,False,"[7, 8]","[0.14331826812886284, 0.170049632328817]"
74,11,400,1,0.014471643793818744,1.9993339368475782,True,False,[5],[0.12441306316921089]
74,12,1220,1,0.01252283842214461,1.7890964324486034,True,False,[15],[0.10583239538789381]
74,13,1261,1,0.013466359153703193,2.035479151674727,True,False,[5],[0.1341099178903616]
74,14,1742,1,0.012251661840802378,1.80248390129307,True,False,[5],[0.1327585365268089]
74,15,149,1,0.012197503947633168,1.7267149791704077,True,False,[7],[0.11328865184684471]
74,16,7,1,0.01527694163533258,1.7527428004359804,True,False,[5],[0.15855946878568045]
74,17,704,1,0.010775530143224389,2.071948714306484,True,False,[8],[0.11245089208238974]
74,18,1764,2,0.017356266817225546,1.8533603679251662,True,False,"[15, 16]","[0.16967286688159913, 0.10239393272958051]"
74,20,19,1,0.012613140791824694,1.4774230419763816,True,False,[15],[0.08519496452479021]
74,21,1029,1,0.01218576692845314,1.6907630252748624,True,False,[7],[0.13518246663526134]
74,22,375,2,0.008665691219343505,1.7361560579592443,True,False,"[8, 16]","[0.11171314503992918, 0.0987557620582152]"
74,23,108,2,0.0097166731522342,1.5932758783707388,True,False,"[7, 15]","[0.09876602251791672, 0.11292686004967602]"
75,0,666,2,0.007910783939043167,2.4027545488397215,True,False,"[8, 15]","[0.13954460477591346, 0.1438292968142481]"
75,1,1625,1,0.011988446380672303,1.5308045333308153,True,False,[15],[0.11458366675869136]
75,2,389,4,0.008382226623165788,1.726504501725546,True,False,"[7, 8, 12, 15]","[0.12268203102748002, 0.1726891109135224, 0.060155858182048064, 0.13895191689435132]"
75,3,1448,2,0.007972674355798157,2.0116988318180065,True,False,"[7, 12]","[0.13531872758457378, 0.09998213088671742]"
75,6,241,1,0.01261369819942139,1.7514539271059621,True,False,[15],[0.11165623684648984]
75,7,341,2,0.008263590995255954,1.7038297540246,True,False,"[7, 16]","[0.11685274521062533, 0.06942166416252893]"
75,8,1078,1,0.01360503975979923,2.306934696374528,True,False,[15],[0.1424782928265923]
75,9,1050,1,0.014179424870700594,1.8527694949017963,True,False,[5],[0.14484216424915905]
75,10,1434,1,0.012053869695683709,1.5568555423540869,True,False,[15],[0.12100379138242363]
75,11,400,1,0.011455642063647164,2.037461747158828,True,False,[7],[0.15222899833086534]
75,12,1220,2,0.009278499714939891,1.7878687197887242,True,False,"[7, 15]","[0.12777203271922322, 0.12136191787583792]"
75,13,1261,2,0.009088400669830571,2.050615224870859,True,False,"[7, 8]","[0.12608111491071092, 0.15288501937420035]"
75,14,1742,3,0.009035166106866872,1.7973941033019314,True,False,"[7, 8, 12]","[0.15598173218555725, 0.12847719756353182, 0.11345214363574425]"
75,15,149,1,0.011224265013270998,1.7557051737597509,True,False,[7],[0.1282148155562305]
75,16,7,1,0.011946808990760187,1.754851845533015,True,False,[7],[0.11927703502437596]
75,17,704,2,0.010110888980208548,2.0865743740052447,True,False,"[7, 15]","[0.13933848066490234, 0.1535817123262838]"
75,18,1764,1,0.012204410769116731,1.8964395989897693,True,False,[5],[0.1305852772708097]
75,21,1029,2,0.009258895760985536,1.6880697867934913,True,False,"[7, 12]","[0.12983018991718884, 0.10452504987843095]"
75,22,375,3,0.009703437342264556,1.7233817141113057,True,False,"[7, 16, 17]","[0.11093371792599112, 0.09280253237231913, 0.08092493116481565]"
75,23,108,2,0.01046748115739413,1.5850231046322392,True,False,"[8, 12]","[0.12325409011782497, 0.0926738675739861]"
76,1,1625,1,0.012822366989028998,1.5520302787025335,True,False,[5],[0.12222059266124696]
76,2,389,3,0.008522592269206066,1.7509319221550723,True,False,"[7, 8, 15]","[0.1252243682306219, 0.17194012798812452, 0.13298849687294756]"
76,3,1805,1,0.03315458546206531,2.1144160527064617,True,False,[7],[0.1384079470571855]
76,4,241,2,0.010849715441115758,1.7742928507417486,True,False,"[7, 8]","[0.11035909773519258, 0.09844257441422749]"
76,5,341,1,0.011266558889385409,1.7222989046863648,True,False,[16],[0.11812077760330543]
76,7,1448,1,0.012266009732143805,2.052988168045376,True,False,[5],[0.12756092936265115]
76,8,0,2,0.008890430964893033,1.5462153990553427,True,False,"[6, 15]","[0.02113136269559852, 0.12907171729547467]"
76,9,488,1,0.0107602000159289,2.028787720495242,True,False,[7],[0.17420679457706786]
76,12,1220,2,0.010475102104067137,1.7905313976944806,True,False,"[7, 15]","[0.13391629652453876, 0.13639257760050694]"
76,13,1261,1,0.010985685565174399,2.0504324055801,True,False,[8],[0.13927045517642014]
76,14,1742,3,0.008872680809989602,1.796340001872497,True,False,"[7, 12, 15]","[0.1472697551430049, 0.1379051475180872, 0.12903289187092795]"
76,15,149,1,0.013198256265749697,1.7577072133326306,True,False,[15],[0.1412370023318169]
76,16,1050,1,0.011563641552623573,1.8532955414610135,True,False,[8],[0.1478812567283689]
76,17,7,1,0.012027679871455265,1.7868355930411708,True,False,[5],[0.12601969361813078]
76,20,19,1,0.013812289625171939,1.5009333774041551,True,False,[15],[0.10811101330142209]
76,21,1029,2,0.008973073238597173,1.6858923293974457,True,False,"[12, 15]","[0.10317831382250148, 0.12609070667979927]"
76,22,375,1,0.012216467697159755,1.7309088104135681,True,False,[16],[0.08049356443253244]
76,23,108,2,0.011047347174052933,1.5857061142127706,True,False,"[8, 15]","[0.1233700327774192, 0.10925779977612708]"
77,0,666,1,0.011525344482182944,2.394926396736064,True,False,[8],[0.15523254699864325]
77,1,1625,1,0.01281932269529792,1.5781648210961925,True,False,[5],[0.11649319184060959]
77,2,389,1,0.01247199276319599,1.7906521923640684,True,False,[5],[0.11896554416163628]
77,3,1805,1,0.011003669085540863,2.116435146751891,True,False,[8],[0.12027004912349096]
77,4,241,1,0.011393311125349997,1.7751121329886552,True,False,[15],[0.09213857064490015]
77,5,341,1,0.010794433121156438,1.7503230372015386,True,False,[16],[0.13371325444169183]
77,6,1078,1,0.012772728500051853,2.33425459110525,True,False,[5],[0.09576468186103865]
77,7,1448,1,0.011076385853400204,2.052477192752012,True,False,[8],[0.15479525213953557]
77,8,0,3,0.008391200668612162,1.555473134452847,True,False,"[6, 7, 15]","[0.039726082361224865, 0.11069098229856643, 0.12281431717660055]"
77,9,488,1,0.013542274098955458,2.029089882540151,True,False,[15],[0.13830270821568735]
77,10,1434,1,0.011652260014685197,1.5622981393838706,True,False,[15],[0.12632043274958854]
77,11,400,1,0.012257469941168452,2.0443220187542597,True,False,[8],[0.13395288992964893]
77,12,1220,1,0.013428774206643084,1.7906560836529704,True,False,[12],[0.10195212010217314]
77,13,1261,1,0.012681056839479399,2.08605930446026,True,False,[7],[0.12387663271965159]
77,14,1742,2,0.008219853098600948,1.7966120165643464,True,False,"[8, 15]","[0.13458381402784708, 0.13368197376044585]"
77,16,1050,1,0.012351366523658728,1.8529523670878423,True,False,[8],[0.15250882996750137]
77,17,7,1,0.011750127708093356,1.8009226685523445,True,False,[8],[0.11570619137793042]
77,18,704,1,0.014771905686360757,2.0683215036957936,True,False,[17],[0.0912603472693004]
77,19,1289,2,0.009499810902513969,1.5586796796499098,True,False,"[8, 12]","[0.09520548596048486, 0.11165093481737527]"
77,22,375,2,0.009793420522329956,1.7314285623691765,True,False,"[8, 15]","[0.11631685947168086, 0.1006481208932352]"
77,23,108,2,0.008935704454297214,1.5984915235763355,True,False,"[7, 8]","[0.10851628908616266, 0.10816388841298114]"
78,0,666,1,0.013493530607185979,2.401641309019711,True,False,[7],[0.1633758733109716]
78,1,1625,1,0.012899803502888925,1.6039248002280284,True,False,[5],[0.11326385476147847]
78,3,1805,1,0.012677702333484147,2.15950728949597,True,False,[5],[0.1053326216010164]
78,4,241,1,0.01144384045508913,1.8101147532745447,True,False,[7],[0.09682095303431103]
78,5,341,1,0.009887268024078969,1.7610356589847027,True,False,[7],[0.10762788610490959]
78,6,1078,1,0.013203740128297666,2.3685474259706947,True,False,[5],[0.10845662340382917]
78,7,1448,1,0.01062886613397737,2.0556665853425042,True,False,[15],[0.12063678613600964]
78,8,0,1,0.012586935885037513,1.5546452636385142,True,False,[15],[0.13435238908073516]
78,9,488,1,0.01347733107097388,2.02894339512736,True,False,[15],[0.161530280116787]
78,10,1434,1,0.011058108757787505,1.5839264735103407,True,False,[7],[0.1357893247039254]
78,11,400,1,0.011355586189659525,2.0813549180545317,True,False,[7],[0.14198518579784095]
78,12,1220,1,0.012586137489491235,1.7902795253948955,True,False,[12],[0.11358535404671495]
78,13,1261,2,0.009137370172721435,2.094589776099754,True,False,"[7, 8]","[0.1259621052584394, 0.14012742150127724]"
78,14,1742,1,0.011889672603138682,1.7996229131298436,True,False,[15],[0.1355263338881744]
78,15,149,3,0.007680251214470375,1.7634154544656813,True,False,"[8, 15, 16]","[0.13645118371453713, 0.13493031975137731, 0.07486631197661045]"
78,16,1050,1,0.01498039217736132,1.8237123186919064,True,False,[12],[0.04753878152208185]
78,17,7,1,0.010186408773301167,1.8294879017807453,True,False,[8],[0.11099580747473962]
78,18,704,1,0.012319854296209744,2.1098643365599967,True,False,[7],[0.13304221656746174]
78,20,19,1,0.013488895365937384,1.5071229827638555,True,False,[7],[0.1384150850999454]
78,21,1029,1,0.011795172523103,1.7049893073359754,True,False,[5],[0.09633407526063881]
78,22,375,1,0.011351733356438751,1.752115104840067,True,False,[16],[0.07414641490016946]
78,23,108,1,0.012211736146794659,1.6243248970277044,True,False,[7],[0.10421250513017176]
79,0,666,1,0.012298137633794396,2.3861092436560956,True,False,[8],[0.16496728614852926]
79,1,1625,1,0.011195628209717014,1.6099247827288563,True,False,[8],[0.15804990355805887]
79,2,389,3,0.008625486845422997,1.7977062360866303,True,False,"[12, 15, 16]","[0.07014674463631966, 0.13659587915648153, 0.09245233374951328]"
79,3,1805,2,0.007596030820173118,2.1809180443712526,True,False,"[7, 8]","[0.1318307593559577, 0.12157524420862233]"
79,4,241,1,0.010953593229899767,1.8098909444729843,True,False,[15],[0.10712388422520326]
79,5,341,1,0.012750715933574496,1.7633476454443995,True,False,[5],[0.13369433835251035]
79,8,0,1,0.013874747016144892,1.5833934757687822,True,False,[5],[0.12295108188500824]
79,9,488,1,0.012911243150191367,2.0488622916977834,True,False,[5],[0.15253823573242317]
79,11,400,1,0.0141033613346167,2.1116814069271888,True,False,[5],[0.11491461874537928]
79,13,1261,1,0.011023781770186826,2.1276432033811155,True,False,[7],[0.13683980925403127]
79,14,1742,1,0.010599753728212594,1.8023704386591048,True,False,[15],[0.1474226830608626]
79,15,149,1,0.010752255607032751,1.7978726440888595,True,False,[7],[0.10914521770216624]
79,16,1050,1,0.012316231961821127,1.8230144835621882,True,False,[8],[0.15736620982062038]
79,17,7,2,0.007866476920515494,1.846921182868363,True,False,"[7, 8]","[0.14511862159583172, 0.12120895526520412]"
79,18,704,1,0.012960399278536355,2.151181369587587,True,False,[7],[0.13901410029228703]
79,19,1289,1,0.012996063136334057,1.5414370090790306,True,False,[16],[0.1142301714750525]
79,20,19,2,0.009192572976047803,1.5181263154193922,True,False,"[7, 15]","[0.1443851283689514, 0.10930071140378965]"
79,21,1029,1,0.012206751385754817,1.7082204769075546,True,False,[7],[0.12176244018822517]
79,22,375,3,0.009893682509158374,1.7403274294207152,True,False,"[7, 16, 17]","[0.12089763018326573, 0.07786284685399471, 0.09418507083623824]"
79,23,108,1,0.012177127280663884,1.6318546025493097,True,False,[8],[0.10190124901732482]
80,0,666,2,0.008549074320790367,2.3754142641336666,True,False,"[12, 15]","[0.12528814767028543, 0.14939664877318232]"
80,1,1625,1,0.012723368116318056,1.629844003440098,True,False,[15],[0.11961734226247502]
80,2,389,3,0.009841680396649968,1.8163017631277567,True,False,"[7, 12, 15]","[0.12346422994485884, 0.08346256197599482, 0.13218306112909428]"
80,3,1805,2,0.008339492311165745,2.198280638612614,True,False,"[7, 15]","[0.13488148166775546, 0.18094452523884447]"
80,4,241,1,0.011199220612145979,1.810437473105846,True,False,[15],[0.11700198812177226]
80,5,341,1,0.01091238773631362,1.7956164514440507,True,False,[16],[0.12415852933700293]
80,7,1448,1,0.01254291233013214,2.0629918765697766,True,False,[12],[0.09327849909528475]
80,8,0,1,0.01382764616329184,1.6134081910089775,True,False,[5],[0.12155276038743502]
80,9,488,2,0.011386732719004694,2.0489960135718635,True,False,"[11, 15]","[0.03784857008572019, 0.1616094950904235]"
80,10,1434,2,0.008551175753355818,1.5957984726987282,True,False,"[7, 15]","[0.13164275510906584, 0.12480163631742996]"
80,11,400,1,0.011652241578310529,2.1490326917631886,True,False,[7],[0.1362518253851781]
80,12,1220,1,0.013340536512760431,1.826299882225285,True,False,[5],[0.12646030151491056]
80,13,1261,1,0.011645030194483617,2.1569094596374088,True,False,[7],[0.15049416996998782]
80,14,1742,1,0.012490811232953796,1.8284580679930196,True,False,[5],[0.1352726959078135]
80,15,149,2,0.008602393401506057,1.813768044224209,True,False,"[7, 16]","[0.1168953896052711, 0.07789500599943243]"
80,16,1050,2,0.010862560406863774,1.8187840242115063,True,False,"[8, 12]","[0.17879200138326376, 0.07280235922439418]"
80,17,7,2,0.010724319277949887,1.8465209793072384,True,False,"[7, 15]","[0.15699198578371798, 0.1755349133594189]"
80,18,704,2,0.011383767857426778,2.180201275361485,True,False,"[7, 15]","[0.1429576966923604, 0.1777411833196273]"
80,19,1289,1,0.010801320043320392,1.5535088191103181,True,False,[7],[0.12897637647032728]
80,20,19,1,0.012865497474443188,1.5360231745683464,True,False,[15],[0.10553120154270719]
80,22,375,2,0.008388098604110166,1.750438726483591,True,False,"[8, 16]","[0.1169981825563052, 0.08142779679375303]"
80,23,108,3,0.008469821802760543,1.649002004932641,True,False,"[7, 8, 15]","[0.0930163317627492, 0.10639684886644155, 0.1062553772350844]"
81,0,666,1,0.011426807186172037,2.399368814617629,True,False,[15],[0.13683249543004472]
81,1,1625,1,0.011821200780071364,1.642477305830506,True,False,[7],[0.1517540712980829]
81,2,389,2,0.009689583031934878,1.8455111206520096,True,False,"[7, 8]","[0.13167801778175087, 0.15998222194613643]"
81,3,1805,1,0.010915386106039284,2.1979666449136785,True,False,[15],[0.19502707526350324]
81,4,241,1,0.011770777790977084,1.819227792807018,True,False,[8],[0.10763941271185329]
81,5,341,1,0.010716487861778326,1.807619337817367,True,False,[7],[0.1086283906073497]
81,7,1448,1,0.012322243616827258,2.09696084040565,True,False,[5],[0.1375970648763312]
81,8,0,1,0.013172422324765875,1.6231063025480326,True,False,[6],[0.03052367809480071]
81,9,488,1,0.010455905894713194,2.082095768764048,True,False,[7],[0.16524690119060637]
81,10,1434,2,0.008819001249665429,1.6089818309077528,True,False,"[7, 8]","[0.12668925178905102, 0.17170213562454933]"
81,11,400,2,0.008219619417065761,2.1714634899820426,True,False,"[7, 12]","[0.12765877095376144, 0.1191336813007179]"
81,12,1220,1,0.012999300762282597,1.8281880070762668,True,False,[15],[0.13324443858694943]
81,14,1742,1,0.011452958296606119,1.8520299805638791,True,False,[7],[0.14197158067844173]
81,16,1050,1,0.011835047998565091,1.8250710556449607,True,False,[8],[0.17910516792064704]
81,17,7,2,0.009567533065530504,1.8571935509249446,True,False,"[7, 8]","[0.16314323543657072, 0.12528713511478326]"
81,20,19,1,0.012568474999192747,1.537510919694763,True,False,[8],[0.13330023620473844]
81,21,1029,1,0.011542119727963325,1.6983835454933303,True,False,[12],[0.11025821311852964]
81,22,375,1,0.011162294148231541,1.7801877724040764,True,False,[16],[0.07111680543831762]
81,23,108,1,0.013617597297727746,1.6588353075871087,True,False,[5],[0.14875071837485718]
82,0,666,1,0.0113584590691015,2.4285507250374327,True,False,[15],[0.13982747798306627]
82,1,1625,1,0.011993874536204673,1.6630279317792616,True,False,[15],[0.12791897542986988]
82,2,389,3,0.00829325331258061,1.8609180074165392,True,False,"[8, 15, 16]","[0.14935769308177715, 0.13112283720688103, 0.09465596183653853]"
82,3,1805,1,0.012456155588627343,2.242056231954733,True,False,[5],[0.11765843714393717]
82,5,341,2,0.007939776412478812,1.826270060505783,True,False,"[15, 16]","[0.1458917648186919, 0.12131129629603046]"
82,6,1078,1,0.012590184404717132,2.39097161675725,True,False,[7],[0.13920233212441313]
82,7,1448,1,0.012010572073678226,2.1341290183343906,True,False,[5],[0.13691809972242508]
82,8,0,2,0.011353624324501835,1.6230204056543025,True,False,"[6, 15]","[0.05410893282579513, 0.15063807525083125]"
82,9,488,1,0.01331706468357387,2.114082714201777,True,False,[5],[0.14238047773848683]
82,10,1434,1,0.010870079664314407,1.614699158373719,True,False,[15],[0.11926176046327423]
82,11,400,2,0.008457731104079005,2.192717315258755,True,False,"[7, 12]","[0.12559341979275593, 0.11076109012955587]"
82,12,1220,3,0.008232818061631505,1.838047426254603,True,False,"[7, 12, 15]","[0.126508133032566, 0.11619464900013797, 0.16187489057057047]"
82,13,1261,1,0.01247812205742989,2.187266973286959,True,False,[5],[0.11483833241936729]
82,14,1742,3,0.007258796582338669,1.863357491114749,True,False,"[7, 8, 15]","[0.14469054983443055, 0.13954762445025937, 0.1441578539407134]"
82,15,149,2,0.010458299040111784,1.8134559334730402,True,False,"[8, 16]","[0.15129903787820437, 0.09645901954624495]"
82,16,1050,1,0.012865908948094269,1.8195063748452203,True,False,[12],[0.09768511693917585]
82,17,7,1,0.012755622005734902,1.8842222939681854,True,False,[8],[0.12742643338400259]
82,18,704,1,0.011833660541081167,2.2302452748905455,True,False,[7],[0.1335811504627437]
82,19,1289,1,0.013478009156976367,1.5803752446526824,True,False,[5],[0.13075444775804815]
82,20,19,1,0.01223131947960138,1.5508693248859728,True,False,[7],[0.13950031359725318]
82,21,1029,1,0.01180927447334508,1.6971927803208366,True,False,[12],[0.1099078573645499]
82,22,375,2,0.008642952090011587,1.7741206277250343,True,False,"[7, 8]","[0.11061492870019256, 0.10866046504853215]"
82,23,108,1,0.012445438773683494,1.660241295418916,True,False,[15],[0.0968200740904534]
83,0,666,1,0.013063874075504961,2.4310498989175318,True,False,[7],[0.16619322587803945]
83,2,389,3,0.009485507359179007,1.8858557137567573,True,False,"[7, 8, 12]","[0.12728850440742986, 0.14495847280718255, 0.09197282661240683]"
83,4,241,1,0.011559858007334094,1.8203352175025813,True,False,[15],[0.13474201207606806]
83,5,341,3,0.007573735195402484,1.8299025733951126,True,False,"[8, 12, 16]","[0.1432633619113233, 0.13006663052269113, 0.12499143270710224]"
83,6,1078,1,0.012546407986387986,2.3805051462555453,True,False,[15],[0.12279872126899198]
83,7,1448,2,0.007628222349242354,2.1485013759885905,True,False,"[7, 8]","[0.10560998360758346, 0.14028241506876638]"
83,8,0,1,0.0125233884334833,1.6222773012486416,True,False,[6],[0.04862362809877679]
83,9,488,1,0.010557723880002996,2.146748003866842,True,False,[7],[0.16109173838409752]
83,10,1434,1,0.010810473967800558,1.6214054045503636,True,False,[15],[0.11805327282949264]
83,11,400,1,0.01070645470564246,2.2372933594328495,True,False,[7],[0.12784586229091885]
83,12,1220,1,0.013071903974651492,1.8754260943592158,True,False,[5],[0.12210323559463197]
83,13,1261,1,0.012346113499073507,2.181142499610486,True,False,[8],[0.15049347111252892]
83,14,1742,1,0.012318727509948535,1.8858585034210549,True,False,[7],[0.1540394676654514]
83,15,149,2,0.008145544691554076,1.82954779749387,True,False,"[7, 8]","[0.11238046080858703, 0.13848603309348878]"
83,16,1050,2,0.008190916372112974,1.835610353605221,True,False,"[7, 12]","[0.12964494092463538, 0.09801244679630568]"
83,18,704,1,0.01411674239730197,2.21474922299082,True,False,[17],[0.09963441343237561]
83,21,1029,1,0.0107718225860231,1.7130755865051939,True,False,[7],[0.10541202820749662]
83,22,375,1,0.012361594800419574,1.7719008334221733,True,False,[15],[0.10521876375242768]
83,23,108,3,0.008249152357255804,1.6697825056434386,True,False,"[7, 15, 16]","[0.0954046281144752, 0.10715681904951468, 0.06587062049188849]"
84,0,666,2,0.008688392008459054,2.4519584732543107,True,False,"[7, 15]","[0.1548068679500144, 0.12299480889390603]"
84,1,1625,1,0.010961600514197886,1.6776031012460273,True,False,[7],[0.13876404124899722]
84,2,389,1,0.01254698960651383,1.8791150184889334,True,False,[12],[0.09180605419153876]
84,3,1805,1,0.010540690619046111,2.2712359835665197,True,False,[7],[0.14023130577933135]
84,5,341,1,0.011255363393188713,1.8480711883346266,True,False,[7],[0.111473831019125]
84,6,1078,2,0.010701800128442171,2.3707649939424353,True,False,"[8, 12]","[0.1980877761683315, 0.1408552374983027]"
84,7,1448,1,0.011440800830116756,2.1535572743710873,True,False,[8],[0.14149604755167475]
84,8,0,2,0.008876249871833705,1.6266948067688702,True,False,"[8, 15]","[0.1329269844033535, 0.14594895129405386]"
84,9,488,2,0.008133240343927628,2.170392062685109,True,False,"[7, 8]","[0.15846387891037073, 0.15011575687265866]"
84,12,1220,1,0.011936557646210762,1.88433015828362,True,False,[15],[0.14570403734772064]
84,14,1742,1,0.012590706806039022,1.8490112108434127,True,False,[12],[0.16316999959821754]
84,15,149,2,0.008663143915662471,1.8479838763922747,True,False,"[7, 8]","[0.12444484140221576, 0.13574239203723693]"
84,16,1050,1,0.011378348110020727,1.8721514752293,True,False,[7],[0.15192750927382365]
84,17,7,1,0.011180320460644476,1.9234948862359256,True,False,[5],[0.1290196762679799]
84,19,1289,2,0.008865248465776306,1.5929817270511706,True,False,"[8, 15]","[0.10033099052792761, 0.12832245922681662]"
84,21,1029,1,0.011901963768738403,1.7400931184486697,True,False,[5],[0.10637756629677059]
84,22,375,2,0.008856987564061008,1.7786730821009655,True,False,"[16, 17]","[0.07433552972169799, 0.08984497707558546]"
84,23,108,2,0.010687758584764033,1.6700534276868448,True,False,"[15, 16]","[0.11511002736241444, 0.07535141622693721]"
85,0,666,2,0.008728845707844027,2.4434332788835293,True,False,"[7, 8]","[0.15161177071275472, 0.1794381063611524]"
85,1,1625,2,0.0077913749396168915,1.6933497512218174,True,False,"[7, 15]","[0.13023333834504122, 0.1264742540599946]"
85,2,389,1,0.0110721064645774,1.9007267809546486,True,False,[7],[0.10752305746036157]
85,3,1805,1,0.01094779415112154,2.270932437713876,True,False,[15],[0.21537768327831816]
85,4,241,2,0.007787972489188274,1.8369914748467318,True,False,"[7, 15]","[0.09192073642741756, 0.13721650855684453]"
85,6,1078,2,0.009604400912365692,2.386255494641933,True,False,"[7, 15]","[0.1491644012887235, 0.1440915136263683]"
85,7,1448,1,0.010382585518235564,2.1582256715109933,True,False,[8],[0.139725712808934]
85,8,0,2,0.008940445444506052,1.6463173895839018,True,False,"[6, 7]","[0.045811741713776694, 0.10398960392668331]"
85,9,488,1,0.013301085021446871,2.1704278993894515,True,False,[15],[0.1464015331600692]
85,10,1434,1,0.012060080483853429,1.639955518047762,True,False,[7],[0.11840622224772618]
85,11,400,1,0.010400997505857577,2.2777706030748877,True,False,[7],[0.12270035965742367]
85,12,1220,1,0.012221047318566935,1.8996966997296405,True,False,[7],[0.12110734062189267]
85,13,1261,1,0.010757200994026984,2.2158600422051578,True,False,[7],[0.13672219025145463]
85,14,1742,3,0.008369668497061979,1.8500649823802633,True,False,"[7, 12, 15]","[0.1518284692470436, 0.16674768898562048, 0.1518331090991824]"
85,15,149,2,0.009212235169072555,1.8722770135546367,True,False,"[7, 8]","[0.13338241876573775, 0.1295814799491571]"
85,16,1050,3,0.010506222637180306,1.8773892222861812,True,False,"[8, 12, 16]","[0.20876348475586703, 0.12513047983500547, 0.12354080759592212]"
85,17,7,2,0.010199728917171753,1.937471416521328,True,False,"[7, 8]","[0.15981503184448392, 0.13310831374362908]"
85,18,704,1,0.011036251625157633,2.268717626130046,True,False,[7],[0.13193953364853472]
85,20,19,2,0.008662700332082185,1.5595185533090574,True,False,"[8, 15]","[0.12467066894015176, 0.11513308524838539]"
85,21,1029,1,0.01115908425985168,1.7394467721746887,True,False,[12],[0.09673839755810364]
85,22,375,1,0.01260048023765126,1.772115666041853,True,False,[7],[0.09890211988389293]
85,23,108,1,0.012178729435969175,1.6796705905691132,True,False,[8],[0.09996752116008586]
86,0,666,1,0.012073972665593288,2.4294921381041035,True,False,[8],[0.18032189251991962]
86,1,1625,1,0.011896549635284961,1.712484942500893,True,False,[15],[0.11493378170866256]
86,2,389,1,0.011003452227579995,1.914085647702304,True,False,[15],[0.13716680938395348]
86,3,1805,2,0.0071954324579324,2.290614709830095,True,False,"[7, 8]","[0.13915560263672666, 0.11393590522658574]"
86,4,241,2,0.00823336653310511,1.8387001219638954,True,False,"[8, 15]","[0.11602874426157353, 0.11974888745207672]"
86,5,341,3,0.008827547909393408,1.8451918288940876,True,False,"[7, 8, 12]","[0.127013603556921, 0.16086801595754985, 0.16345269137502855]"
86,6,1078,1,0.012232379670042403,2.416323577837279,True,False,[7],[0.14485503115220102]
86,7,1448,1,0.011523977918350622,2.1947954341102722,True,False,[5],[0.15985450850447305]
86,8,0,1,0.013405359415693702,1.6470939248196266,True,False,[6],[0.05692446709420307]
86,9,488,1,0.011002332761719033,2.2044174922199473,True,False,[7],[0.15993976428964266]
86,11,400,1,0.01312692632903245,2.2753384935228205,True,False,[12],[0.1174288458593168]
86,12,1220,1,0.012132597543579753,1.9049074999088167,True,False,[15],[0.14351214543977267]
86,15,149,1,0.011369206918031954,1.8835825288744545,True,False,[8],[0.12555344953827416]
86,17,7,1,0.011042679845016739,1.979710258430022,True,False,[5],[0.13330349182764487]
86,18,704,1,0.012947919049677832,2.309618575479119,True,False,[5],[0.13263954078414908]
86,19,2045,1,0.038024404288737323,1.95488646389964,True,False,[15],[0.1319957059403305]
86,20,19,1,0.013361171676572593,1.5754633270575975,True,False,[5],[0.1530861258497385]
86,21,1029,1,0.01090646145340905,1.739105282372339,True,False,[15],[0.12606803188880153]
86,22,375,2,0.008138862844317236,1.780697533817153,True,False,"[7, 16]","[0.09864131163777774, 0.08204828166417634]"
86,23,108,1,0.012741803323710723,1.6885150257731265,True,False,[8],[0.1001039400483837]
87,0,666,1,0.01256830268072869,2.420662764570284,True,False,[8],[0.20617505886609142]
87,1,1625,2,0.007831874278005819,1.7221373131960909,True,False,"[8, 15]","[0.18069308819806845, 0.09588971882551463]"
87,2,389,1,0.011757566649846226,1.9489881545564016,True,False,[8],[0.14897547071466896]
87,5,341,2,0.007585677185798736,1.855167343624339,True,False,"[7, 15]","[0.12597632906053294, 0.1492306465839595]"
87,6,1078,1,0.011667100061474946,2.4452304968094984,True,False,[7],[0.14739785999585026]
87,7,1448,1,0.012059094880303475,2.1947249614313002,True,False,[7],[0.12944840804913949]
87,8,0,1,0.013399012673572578,1.6800575438721224,True,False,[5],[0.11175941606883683]
87,9,488,1,0.01250313370082392,2.243806604716191,True,False,[5],[0.13159170036894977]
87,11,400,1,0.010491020756970913,2.3161361453855034,True,False,[7],[0.12517062533290935]
87,12,1220,1,0.011975391575037063,1.9077485548900721,True,False,[15],[0.13708322436520332]
87,13,1261,1,0.013283150641737265,2.230096092453084,True,False,[5],[0.15131872896551476]
87,14,1742,3,0.009309397766703842,1.8415927972245165,True,False,"[12, 15, 16]","[0.1734176542553907, 0.16673907518903683, 0.09390895596550035]"
87,16,1050,1,0.01357834293413621,1.8772522908837488,True,False,[5],[0.15175321109888887]
87,17,7,1,0.01366510537157185,2.0032788143696862,True,False,[8],[0.1416985753733762]
87,18,704,1,0.014315195800441959,2.293500612548949,True,False,[17],[0.11640672906782408]
87,19,2045,1,0.009900542221506218,1.9780086456828094,True,False,[16],[0.12631930180855097]
87,20,19,1,0.01351364771568809,1.5905516063504024,True,False,[5],[0.14899987728431224]
87,21,1029,1,0.010985783430902205,1.7446537268685254,True,False,[12],[0.10498800626080997]
87,22,375,2,0.009277111799796551,1.783372553501766,True,False,"[7, 16]","[0.10966029468597825, 0.09425201878335031]"
87,23,108,1,0.012023613295104645,1.6974869329291902,True,False,[8],[0.09631538053747189]
88,0,666,1,0.010782976886541343,2.4487414158732896,True,False,[15],[0.1216206556246029]
88,1,1625,1,0.011597013970311598,1.7458239979213575,True,False,[15],[0.0925730952986194]
88,2,389,1,0.010043777541950787,1.965285145087677,True,False,[7],[0.11419585171158475]
88,3,1805,1,0.010444456900341867,2.2986708558662516,True,False,[8],[0.11375209959361907]
88,5,341,1,0.011307627706826048,1.8539088383725104,True,False,[8],[0.15668569273057706]
88,7,1448,1,0.010784900093265614,2.199009303423643,True,False,[8],[0.14615579196762088]
88,9,488,1,0.012629471824830957,2.2444224679062255,True,False,[15],[0.12548904538413289]
88,10,1434,2,0.008686901291289765,1.6508896986224177,True,False,"[7, 15]","[0.1135633594763795, 0.12460123123555727]"
88,11,400,1,0.013225258489318594,2.3543519127908095,True,False,[5],[0.10554078589968802]
88,12,1220,1,0.010721308727354422,1.9376222505047302,True,False,[7],[0.11825513464982344]
88,13,1261,1,0.013775526431579827,2.2319460896221464,True,False,[12],[0.1153695465176433]
88,15,149,1,0.012040738251100998,1.8906740070407848,True,False,[8],[0.12885469645569117]
88,16,1050,2,0.008692858788665483,1.8936040923882105,True,False,"[7, 12]","[0.16149723522710846, 0.10982983275533814]"
88,17,7,1,0.014182845990550716,2.0144432851008123,True,False,[8],[0.1512155050167585]
88,18,704,2,0.010042957323908034,2.318845019775211,True,False,"[7, 17]","[0.1383486525840793, 0.11505363237095287]"
88,19,2098,2,0.033670867241672835,1.7687826295859297,True,False,"[7, 12]","[0.13914823284570443, 0.13414839329114636]"
88,20,2045,1,0.009979655986601436,1.9939706332842688,True,False,[7],[0.12856452660331602]
88,23,108,1,0.013376609993638964,1.710926339269879,True,False,[5],[0.17739205862681426]
89,0,666,1,0.011472333411714795,2.4633633183449026,True,False,[15],[0.1293302762656978]
89,1,1625,1,0.013115289311593096,1.7653775826380116,True,False,[5],[0.12363674293904595]
89,2,389,1,0.011105169130185917,1.977778080838449,True,False,[15],[0.1328990322950914]
89,3,1805,1,0.010313887583662371,2.3084163400687223,True,False,[8],[0.1134576746282858]
89,4,241,1,0.010972644366489502,1.83987023455315,True,False,[15],[0.12556951003387679]
89,6,1078,1,0.011259740540685423,2.4378069443929755,True,False,[15],[0.15897216068627762]
89,7,1448,1,0.011196391561844259,2.242040887970783,True,False,[5],[0.18591532454692733]
89,8,0,1,0.012067724466993923,1.678640815710134,True,False,[15],[0.1349628390911535]
89,10,1434,1,0.01095035535463523,1.6545735843861817,True,False,[8],[0.16951907416066805]
89,11,400,1,0.012530687877922818,2.3984520242464957,True,False,[5],[0.09617710636990921]
89,12,1220,1,0.010937611948384263,1.965418430575811,True,False,[7],[0.1268645428343144]
89,13,1261,1,0.012176396957331456,2.2285335566224864,True,False,[8],[0.1468856733573854]
89,14,1742,1,0.012175471343234764,1.8639295991822595,True,False,[7],[0.13704829931648413]
89,15,149,1,0.012208479649189844,1.8947779224822774,True,False,[8],[0.13903377714493856]
89,16,1050,1,0.01150883746796077,1.9205154194160636,True,False,[8],[0.19953142042422586]
89,17,7,3,0.009090947259755556,2.0334158348870326,True,False,"[7, 8, 15]","[0.169325760818462, 0.13920533263027388, 0.18274294365832933]"
89,18,704,1,0.012618409979041578,2.3092025437285493,True,False,[17],[0.1256623666638212]
89,19,2098,1,0.012242892120803688,1.7797833838184154,True,False,[12],[0.11502033103246029]
89,20,2045,1,0.010796620590563818,2.0203209412952146,True,False,[16],[0.09436685760069001]
89,21,19,2,0.008483740010322312,1.600446764363519,True,False,"[7, 8]","[0.11154537675127317, 0.12812177046094414]"
89,23,108,2,0.009083899515827495,1.7143452511349853,True,False,"[8, 16]","[0.0899891646858505, 0.08305925914754907]"
90,0,666,1,0.011305123900574206,2.487515736176592,True,False,[15],[0.12808710843011442]
90,1,1625,1,0.012181112549096831,1.788329917788091,True,False,[15],[0.1079771462640671]
90,2,389,2,0.00819214992985295,2.005575670474346,True,False,"[7, 8]","[0.11334525425681555, 0.1455095421629389]"
90,4,241,1,0.012299015931092764,1.846830788835788,True,False,[15],[0.12474778718658872]
90,5,341,2,0.007856501943195229,1.8715654648422217,True,False,"[7, 16]","[0.12729720262190655, 0.12278408234009648]"
90,6,1078,1,0.012420284495960887,2.460880515558008,True,False,[7],[0.15857014453442958]
90,7,1448,2,0.009861638710429547,2.244537488653885,True,False,"[7, 12]","[0.1357381162958149, 0.10031868919831351]"
90,9,488,1,0.013220306153301413,2.247524974127848,True,False,[8],[0.16483789285534736]
90,11,400,2,0.008403666248329838,2.3996451003649057,True,False,"[8, 12]","[0.15117607342800363, 0.10455652344002932]"
90,12,1220,1,0.011580986099745354,1.964471664007325,True,False,[15],[0.1281459111314985]
90,13,1261,1,0.012364819651349114,2.2544331198890917,True,False,[7],[0.15976100330787588]
90,14,1742,2,0.008078280254150989,1.8851411649352776,True,False,"[7, 8]","[0.12436994837353518, 0.12261978235691035]"
90,15,149,1,0.012744492046931698,1.9049909102927116,True,False,[15],[0.1403694197871252]
90,16,1050,2,0.009296968274522975,1.938330068270172,True,False,"[7, 12]","[0.175205837339284, 0.11134902215287025]"
90,17,7,2,0.009314585420739858,2.0656184761976912,True,False,"[7, 8]","[0.1470831752433972, 0.13343727985960102]"
90,18,704,1,0.013343305011053803,2.346630131621707,True,False,[5],[0.13195492874574824]
90,19,2098,1,0.011329941609007245,1.778781659063744,True,False,[12],[0.11478690524061587]
90,21,19,2,0.009229932710965245,1.6110630355842532,True,False,"[7, 8]","[0.14018193261842443, 0.12321034103205407]"
90,22,1029,1,0.012506377607545324,1.7421870631757685,True,False,[15],[0.10701010861745726]
90,23,108,1,0.012224631215030942,1.718487007931085,True,False,[8],[0.10121625620233798]
91,0,666,2,0.00826571515133149,2.4863264755421883,True,False,"[7, 8]","[0.15904757074266151, 0.1909088029446609]"
91,1,1625,2,0.009285465676895482,1.7932051614472415,True,False,"[7, 16]","[0.12962004642251546, 0.11487999179895046]"
91,3,1805,2,0.00975901294364306,2.3165019501629662,True,False,"[8, 16]","[0.13979763585180174, 0.13723723292312273]"
91,4,241,1,0.010580633444988058,1.8737571091959981,True,False,[7],[0.09231680616565126]
91,5,341,3,0.00602919691100158,1.8885914215849282,True,False,"[7, 8, 16]","[0.11347305476351617, 0.15070026975773496, 0.09160663179070043]"
91,6,1078,1,0.011684377871793949,2.4547862621648076,True,False,[15],[0.17308116533380916]
91,7,1448,2,0.007062940840057871,2.263788416533747,True,False,"[7, 8]","[0.11555682342838672, 0.16218696706575386]"
91,8,0,1,0.011880893055463082,1.7173214886587325,True,False,[7],[0.10509983642674797]
91,9,488,3,0.007199036371560874,2.264173729130734,True,False,"[7, 8, 15]","[0.1488664600587844, 0.16639289806017463, 0.12477982146393357]"
91,10,1434,2,0.008016434239760964,1.657089756045899,True,False,"[8, 15]","[0.16921801907601647, 0.13813126075975582]"
91,11,400,2,0.008342209507844492,2.4180328962197395,True,False,"[7, 12]","[0.1220452414011367, 0.10654906705213618]"
91,12,1220,1,0.010969200689252336,1.986195593272764,True,False,[7],[0.12928262628901774]
91,13,1261,2,0.008476627209629089,2.2621057349819593,True,False,"[7, 11]","[0.15092185409784006, 0.05597778660532913]"
91,14,1742,1,0.011359623323309536,1.887003251155549,True,False,[8],[0.1196376595761863]
91,15,149,1,0.011981032466560347,1.9397830621915093,True,False,[5],[0.11626282721896747]
91,16,1050,2,0.008139207376206695,1.9668118288301026,True,False,"[7, 8]","[0.1474320971445659, 0.22511661522806362]"
91,17,7,1,0.010019158631070288,2.090867077253498,True,False,[7],[0.15118581504349385]
91,18,704,1,0.011360688701540169,2.400323487417655,True,False,[7],[0.13635441477597413]
91,19,2098,1,0.010581621568068661,1.8155420934830744,True,False,[7],[0.13100583845627772]
91,22,1029,1,0.011243087974389897,1.7657990779496262,True,False,[12],[0.11223663526164832]
91,23,108,3,0.007597693532193192,1.7187967113793947,True,False,"[7, 12, 15]","[0.09012674608490531, 0.11341931374096106, 0.1043561196542522]"
92,0,666,2,0.008331657829681986,2.4979639375783917,True,False,"[8, 15]","[0.17254392751350264, 0.12117802101148901]"
92,2,389,2,0.00963567662378286,2.0328696243776347,True,False,"[7, 8]","[0.11920002379458787, 0.1602838800396398]"
92,3,1805,1,0.012488866270510407,2.3587285059360235,True,False,[5],[0.1267620598503679]
92,4,241,1,0.012368558211413926,1.8863652290735557,True,False,[15],[0.12119051982474]
92,5,341,1,0.009555999472649842,1.9130575140848878,True,False,[7],[0.1116176594956993]
92,6,1078,1,0.012875878362825112,2.4639659645654426,True,False,[7],[0.18431069659495364]
92,7,1448,1,0.010746442904692878,2.267687477406534,True,False,[7],[0.1435004561717192]
92,10,1434,1,0.012421149330070208,1.6840523798996283,True,False,[5],[0.13986858512773767]
92,12,1220,2,0.008099311030106986,2.0003933779173986,True,False,"[7, 15]","[0.12823183934778387, 0.13066545991910647]"
92,13,1261,1,0.013132987707898048,2.280412706389394,True,False,[7],[0.16807011173103278]
92,14,1742,2,0.00812920912253001,1.901171676424922,True,False,"[7, 16]","[0.11190090293502485, 0.11025173136637884]"
92,15,149,1,0.013074538355499515,1.9502017154293012,True,False,[15],[0.14502290789408817]
92,17,7,1,0.00989044159353843,2.111048469358569,True,False,[7],[0.14320374589824472]
92,18,704,1,0.013414979855302295,2.437686659864191,True,False,[5],[0.13498188671416692]
92,19,2098,1,0.012141041771845636,1.8205117048106676,True,False,[12],[0.12089167428430882]
92,20,2045,1,0.011317738710973985,2.02538162202561,True,False,[15],[0.10848552283402604]
92,21,19,1,0.012277914907232306,1.625187634069654,True,False,[5],[0.10894558050945323]
92,22,1029,1,0.01150625011784667,1.7882528249042904,True,False,[7],[0.10570302903228987]
92,23,108,2,0.00829834619995625,1.717343069146928,True,False,"[8, 15]","[0.09810205770325757, 0.10737073591072056]"
93,0,666,2,0.00789672174183345,2.5093772060171657,True,False,"[8, 15]","[0.1542596381012606, 0.13222294371795484]"
93,1,1625,1,0.012872562867166707,1.8118826874049907,True,False,[5],[0.12839753270921225]
93,2,2209,2,0.011016006006754949,1.8271974192669629,True,False,"[7, 15]","[0.11529417392451664, 0.1262073308082531]"
93,3,389,1,0.013120754529114695,2.0551018876709004,True,False,[5],[0.13607146458107602]
93,5,241,1,0.013530120426505166,1.9003350468799727,True,False,[5],[0.12491129653568818]
93,6,341,1,0.011647620888178776,1.9171869701760613,True,False,[15],[0.1716853857514999]
93,8,1448,2,0.00790706187567487,2.283398653476225,True,False,"[8, 15]","[0.1339587105194133, 0.14865250831360596]"
93,9,0,1,0.015350763331367897,1.71395190897341,True,False,[6],[0.014201209155868286]
93,10,488,1,0.011225274143020375,2.2617770797688674,True,False,[15],[0.1422910965512224]
93,12,400,1,0.011249011558776209,2.417457838634029,True,False,[12],[0.11853321221519797]
93,13,1220,1,0.013056948283670036,2.017746226191102,True,False,[5],[0.1354418599329016]
93,14,1261,1,0.010604209176384612,2.279191835880657,True,False,[8],[0.12562358594811582]
93,15,1742,1,0.012832599357118274,1.9037294762303123,True,False,[15],[0.1673180593559689]
93,16,149,2,0.00966538468730127,1.9609988737802342,True,False,"[7, 12]","[0.15605633007994343, 0.14449208732622595]"
93,17,1050,1,0.009673933644749326,2.0008606254011747,True,False,[7],[0.1422789692818945]
93,18,7,1,0.012227016459160474,2.132251627076146,True,False,[8],[0.13335386447697287]
93,20,2098,1,0.01120410055351111,1.824458051986652,True,False,[12],[0.10117768740492641]
93,21,2045,1,0.012136163940512845,2.024950251991149,True,False,[5],[0.11681250438773763]
93,23,108,1,0.012699166403571797,1.742345678039783,True,False,[7],[0.09421305354482869]
94,0,666,1,0.011962834527914006,2.510665782089494,True,False,[8],[0.1601290523758076]
94,1,1625,1,0.013135992934313674,1.8277829491934183,True,False,[5],[0.12707707338252108]
94,2,2209,1,0.012071107138371825,1.8413539398404433,True,False,[15],[0.12409561688736472]
94,3,389,1,0.010953782208192694,2.0710805973752513,True,False,[15],[0.19465023660060543]
94,4,1805,1,0.010153795826340128,2.399145226911517,True,False,[7],[0.1078152208701512]
94,5,241,1,0.009913726930314237,1.9449857941117552,True,False,[7],[0.10504268837716017]
94,6,341,2,0.008881481649553867,1.934831963694942,True,False,"[15, 16]","[0.16765736009135823, 0.08363408694718755]"
94,7,1078,1,0.011734453058969748,2.4856759893387843,True,False,[7],[0.1702923818194791]
94,8,1448,1,0.010773226388447748,2.282771305322204,True,False,[12],[0.13994135538274022]
94,10,488,2,0.008517245504282532,2.2653634787753387,True,False,"[8, 15]","[0.17572421294501395, 0.13822165087027122]"
94,11,1434,1,0.012811014397247316,1.7029098895396924,True,False,[5],[0.09487435805626543]
94,12,400,1,0.01013359479523164,2.463250338558973,True,False,[7],[0.12732405343444891]
94,13,1220,1,0.011064770948366756,2.0463369762038264,True,False,[7],[0.1418594128990536]
94,14,1261,1,0.011155640813287794,2.3239786998206626,True,False,[5],[0.12429355804981282]
94,15,1742,3,0.007619277740570781,1.896262292871543,True,False,"[8, 12, 15]","[0.1379234393757227, 0.10621648029816323, 0.1633746194680227]"
94,17,1050,1,0.012413530811127272,2.001242237896208,True,False,[5],[0.13997319668593253]
94,18,7,1,0.011867213781040109,2.154526543198899,True,False,[8],[0.12231455184476317]
94,19,704,1,0.013134737046755223,2.4112992259211317,True,False,[17],[0.09354132165322433]
94,20,2098,1,0.01241285181116695,1.8512718362337817,True,False,[5],[0.1423039773268801]
94,21,2045,1,0.012000850233009962,2.062251247821346,True,False,[7],[0.15563107093495498]
94,22,1029,1,0.01006412786107974,1.8161065240106111,True,False,[12],[0.10130918727551742]
94,23,108,1,0.012886390610678566,1.7618917935043323,True,False,[5],[0.1941167101619124]
95,0,666,2,0.008571243355480655,2.527778929206691,True,False,"[7, 15]","[0.16236511462854067, 0.11444692823880546]"
95,1,1625,1,0.013011221775615133,1.8408466391762648,True,False,[5],[0.13978940591449254]
95,2,2209,1,0.010369767618706085,1.862182296706026,True,False,[8],[0.1505725302747151]
95,3,389,1,0.012499182412638301,2.0798578473342317,True,False,[8],[0.13494646847980796]
95,4,1805,1,0.014319039445616747,2.371341362521985,True,False,[11],[0.057747679536013535]
95,5,241,1,0.009696745124765234,1.9900659607091598,True,False,[7],[0.10081278981028974]
95,6,341,2,0.008413614529427182,1.9313685069968098,True,False,"[12, 16]","[0.1502157210532819, 0.08875327289097665]"
95,7,1078,1,0.01269209365466735,2.5253508011600116,True,False,[5],[0.1872773558147875]
95,8,1448,1,0.009062254080571716,2.3118422805391,True,False,[7],[0.0964342572377684]
95,9,0,1,0.01291904490620323,1.7512335813943802,True,False,[5],[0.1155659156673982]
95,11,1434,1,0.01266868019961748,1.7208797433007086,True,False,[5],[0.09252330011803052]
95,12,400,2,0.0075198835344226535,2.4869446842642127,True,False,"[7, 12]","[0.12235594697830725, 0.12799393539275306]"
95,13,1220,1,0.012016601110821295,2.072783957159589,True,False,[5],[0.1430628363817257]
95,14,1261,1,0.012039816898567224,2.3554837634996106,True,False,[7],[0.12383902006799617]
95,15,1742,3,0.007764824382801215,1.9027179119121231,True,False,"[8, 15, 16]","[0.12162522211055125, 0.15828478119578016, 0.10026133667321405]"
95,16,149,3,0.007898856495603119,1.9791954957769982,True,False,"[7, 8, 15]","[0.14960951737441633, 0.22903792227304856, 0.12563440382449811]"
95,17,1050,2,0.00913296394114635,1.9993102065666566,True,False,"[8, 12]","[0.15135070109022927, 0.12313996622886193]"
95,18,7,1,0.011594032073785225,2.1983609055886273,True,False,[5],[0.13658876621634317]
95,20,2098,1,0.010133921183397444,1.8753009964251803,True,False,[7],[0.11847893628769225]
95,21,2045,2,0.007699371006758304,2.0910717927898257,True,False,"[7, 16]","[0.1328356047030466, 0.08001903441728726]"
95,22,1029,1,0.010550858113009392,1.8500535787485972,True,False,[7],[0.10572716150203892]
95,23,108,1,0.01376120556788536,1.7708396941199271,True,False,[16],[0.09948329444948216]
96,1,1625,2,0.00785311855225053,1.849912528083713,True,False,"[8, 15]","[0.17294272854252524, 0.09195704929675678]"
96,2,2209,1,0.011379817524437726,1.8783475533924745,True,False,[15],[0.1185859231526219]
96,3,389,2,0.007651157964181935,2.083713675416625,True,False,"[7, 16]","[0.12629918196848275, 0.1436603536457659]"
96,4,1805,1,0.010579417008257734,2.419096287917095,True,False,[7],[0.1059305964231583]
96,5,241,2,0.006945777906563676,2.011965705390341,True,False,"[7, 15]","[0.09900272014273769, 0.1466251427805274]"
96,7,1078,1,0.011795317770378224,2.5519245286696814,True,False,[7],[0.1587037457148825]
96,8,1448,1,0.008984146986166576,2.341019928049811,True,False,[8],[0.1291397684763296]
96,10,488,2,0.008523973634474146,2.297804136027031,True,False,"[7, 8]","[0.1131391345050954, 0.1638040530675465]"
96,11,1434,1,0.012684356270180936,1.7380524541325704,True,False,[5],[0.10983320523334818]
96,12,400,2,0.008662434769873946,2.5051184971349967,True,False,"[7, 17]","[0.10577697595560154, 0.049047325553885766]"
96,13,1220,1,0.011857417202279558,2.0742719053597494,True,False,[15],[0.16564349159815978]
96,14,1261,1,0.010248803319452894,2.3551280531386416,True,False,[8],[0.1518465372146411]
96,16,149,2,0.007975206745796147,2.0008300054514065,True,False,"[7, 16]","[0.13373887896448908, 0.12923529459159036]"
96,17,1050,2,0.008028046780305862,2.0170180707066185,True,False,"[7, 8]","[0.1460831080202792, 0.1319110114026836]"
96,18,7,1,0.011158813774061622,2.2484373880853727,True,False,[5],[0.1497664493798929]
96,20,2098,1,0.010509113613547425,1.8967198957669746,True,False,[7],[0.11988842835489916]
96,21,2045,1,0.011437440059818532,2.125104103171224,True,False,[7],[0.12678923248672075]
96,22,1029,1,0.010483828490345445,1.8899591153099398,True,False,[7],[0.10765924689359607]
96,23,108,1,0.011994642088776954,1.7992722705298672,True,False,[7],[0.09999689391097522]
97,0,666,2,0.008605287998210948,2.5085444097427274,True,False,"[7, 12]","[0.16927226798582884, 0.15190440788993667]"
97,1,1625,2,0.008444568058115587,1.8576817066731088,True,False,"[8, 15]","[0.16481202093669606, 0.08717349633342761]"
97,2,2209,1,0.012227403338483307,1.892907505102687,True,False,[5],[0.13038121742890663]
97,4,1805,1,0.011668189783697104,2.4666575117365745,True,False,[5],[0.0817241280924073]
97,5,241,2,0.007769854399902073,2.032601949862513,True,False,"[7, 15]","[0.0952799134143128, 0.14664525935238312]"
97,6,341,1,0.011391933079788827,1.9319933909289777,True,False,[7],[0.17021244287486886]
97,7,1078,1,0.011748384788937463,2.5787261728546795,True,False,[7],[0.18941018412243796]
97,8,1448,1,0.010340991892670102,2.367256797284128,True,False,[8],[0.1410679871616738]
97,9,0,1,0.012432512608568473,1.7916562236572582,True,False,[5],[0.1037144316387266]
97,12,400,2,0.007964127202943776,2.5045058590974465,True,False,"[8, 12]","[0.16408135172878618, 0.13125575552421215]"
97,13,1220,1,0.011856229587071075,2.0997287743875903,True,False,[5],[0.14893129381420875]
97,14,1261,1,0.011584085092924364,2.380776540934054,True,False,[7],[0.14485707277634777]
97,16,149,2,0.007182053361564732,2.020715412555107,True,False,"[7, 16]","[0.11865545412036523, 0.11022517303827462]"
97,17,1050,1,0.011796143039133015,2.051299166644234,True,False,[7],[0.1591116478288916]
97,18,7,1,0.010707185350740507,2.2804142892613286,True,False,[8],[0.12005744981335806]
97,19,704,1,0.014436334293356803,2.4431561625746654,True,False,[5],[0.15450497490760845]
97,20,2098,2,0.008282677568749213,1.9091354679865244,True,False,"[7, 15]","[0.1197390890822108, 0.11117442923136533]"
97,21,2045,1,0.00962690586859302,2.151400710190683,True,False,[16],[0.09919739662366792]
97,23,108,2,0.009254155556446157,1.8077530686556689,True,False,"[15, 16]","[0.13203882063495376, 0.10037237534519916]"
98,0,666,2,0.008295265016968392,2.523857077423957,True,False,"[7, 15]","[0.15265326580029093, 0.10900872667985835]"
98,1,1625,1,0.013654229549895019,1.8619453963044987,True,False,[15],[0.09583614524658267]
98,3,389,1,0.01064626637447303,2.0901787684963713,True,False,[7],[0.1203275615906201]
98,4,1805,1,0.010787601148602534,2.4775543975033885,True,False,[8],[0.12623063802027293]
98,5,241,2,0.008538657890149603,2.052129892955535,True,False,"[7, 15]","[0.09362420261880261, 0.14837156075380242]"
98,6,341,1,0.012024537475120367,1.9433987079878003,True,False,[15],[0.17559635073376786]
98,7,1078,1,0.011091799124142905,2.6128781185305154,True,False,[7],[0.16944892072698398]
98,8,1448,3,0.006238476693749675,2.3886231293720313,True,False,"[7, 8, 12]","[0.09837618132600798, 0.12771214436151637, 0.13847635905063446]"
98,10,488,1,0.010480537892608685,2.3047303328057027,True,False,[8],[0.15888789340734022]
98,11,1434,1,0.012786734833798248,1.754617911957585,True,False,[5],[0.11322266571517932]
98,12,400,1,0.009087492679917241,2.560482114874729,True,False,[7],[0.10127073133346948]
98,13,1220,1,0.01197488904725911,2.1002726896544957,True,False,[15],[0.17788419026806632]
98,14,1261,1,0.009681736792793954,2.3807776320842597,True,False,[8],[0.16376112289302458]
98,15,1742,3,0.007274587251943866,1.9041365972470325,True,False,"[7, 8, 12]","[0.1301095269344052, 0.12368158380562572, 0.13174537350710666]"
98,16,149,2,0.009176850787222336,2.044873526055912,True,False,"[7, 15]","[0.11409831163947247, 0.1264315087745642]"
98,17,1050,1,0.01223727352624146,2.058798758550738,True,False,[5],[0.14426873717780264]
98,18,7,2,0.007628099060669043,2.307904148113736,True,False,"[7, 8]","[0.1352282534620762, 0.11539571613491491]"
98,19,704,2,0.008552185458181543,2.4594823016374483,True,False,"[7, 17]","[0.13095606959442618, 0.09646214278345269]"
98,21,2045,1,0.011784406313901076,2.155517932482158,True,False,[5],[0.11746011816014373]
98,22,1029,1,0.011085245377684239,1.9278083297082274,True,False,[7],[0.11062940087947977]
98,23,108,3,0.007278958737366396,1.8151036546096988,True,False,"[8, 15, 16]","[0.08567402672573762, 0.11763027647982223, 0.1110138584305671]"
99,0,666,2,0.007583202099124375,2.543628924577107,True,False,"[7, 15]","[0.14065051328686107, 0.11111468211055393]"
99,2,2209,2,0.00909186514661981,1.9073516471603804,True,False,"[7, 15]","[0.13374999807161878, 0.1303615449321022]"
99,3,389,1,0.010549907827571413,2.0976741887488344,True,False,[7],[0.12729904387413085]
99,4,1805,1,0.01129471543766188,2.5295109743761404,True,False,[5],[0.09489579630988036]
99,5,241,1,0.013603886012781778,2.0828485024317507,True,False,[5],[0.13105997841123454]
99,6,341,1,0.012687480343333633,1.9582958252850313,True,False,[16],[0.09939245863519366]
99,8,1448,2,0.008003221530662376,2.42966515459142,True,False,"[7, 8]","[0.12689042524188918, 0.13681033198827242]"
99,9,0,1,0.013312950973992196,1.7878746511043944,True,False,[6],[0.022778103696133808]
99,10,488,1,0.011425777961313093,2.297858177364925,True,False,[15],[0.15219181809460489]
99,11,1434,1,0.012650328148962164,1.775299272867631,True,False,[5],[0.10827099843765293]
99,12,400,2,0.0073115862676004445,2.5886908641569955,True,False,"[7, 12]","[0.1109967262820548, 0.13026124707218636]"
99,13,1220,1,0.011339818708970932,2.1370681617818175,True,False,[5],[0.14873927184089983]
99,14,1261,2,0.007754407686489303,2.395012941527243,True,False,"[7, 8]","[0.15043707371035528, 0.17832105533654646]"
99,15,1742,1,0.011962992564188365,1.9002852632566827,True,False,[8],[0.12510159908880272]
99,16,149,3,0.006820831116598718,2.0586354009126024,True,False,"[7, 8, 16]","[0.1057555088586178, 0.2106833516470392, 0.1186424785885379]"
99,17,1050,1,0.01097327896466691,2.0625371241123194,True,False,[12],[0.10949441219970213]
99,18,7,1,0.009795049878909043,2.3452924096330405,True,False,[8],[0.11934637625172431]
99,19,704,2,0.009366402149279493,2.4949867689165908,True,False,"[7, 12]","[0.14402948381765027, 0.1480810563126742]"
99,21,2045,2,0.007871877572069521,2.1755851354608757,True,False,"[7, 8]","[0.1219547823467615, 0.1211654347814741]"
99,22,1029,1,0.01192130173923677,1.9413187319363348,True,False,[5],[0.12374573692016622]
99,23,108,3,0.007888702223839864,1.826744404303292,True,False,"[7, 15, 16]","[0.10234871072730381, 0.12577778510181153, 0.1310987278294191]"
100,0,666,1,0.009112812659381525,2.5952025240489953,True,False,[15],[0.11351713881340446]
100,1,1625,1,0.013370342923050072,1.875470180666962,True,False,[15],[0.10170872591631061]
100,2,2209,1,0.010747686218920893,1.9329870163263931,True,False,[7],[0.128695794806961]
100,3,389,2,0.008481453185410125,2.0785161516284867,True,False,"[12, 16]","[0.10399127468658183, 0.14324125339021185]"
100,4,1805,1,0.009919667524333516,2.5322437813696004,True,False,[8],[0.13694935532049704]
100,5,241,1,0.01361198481824429,2.1143524556334405,True,False,[5],[0.13297629516376772]
100,6,341,1,0.011476888733844582,1.9902603650876067,True,False,[16],[0.08720257796751557]
100,8,1448,2,0.007540117059662209,2.4469805555740294,True,False,"[8, 16]","[0.12188144471167528, 0.062467588333170974]"
100,9,0,1,0.013288199049648234,1.7881566849232677,True,False,[6],[0.02430240446289283]
100,11,1434,1,0.012038512984753337,1.7956618995544393,True,False,[7],[0.13167697136204626]
100,12,400,1,0.01094777531253803,2.588602071952618,True,False,[12],[0.13850009332816265]
100,13,1220,2,0.008310359464134694,2.150772026952064,True,False,"[7, 15]","[0.1466578786423396, 0.17520016845386555]"
100,15,1742,3,0.009530741706285446,1.899857164253347,True,False,"[7, 8, 12]","[0.1614528815244638, 0.15732557070480774, 0.15850339359235863]"
100,16,149,2,0.010228648206174898,2.071307721219533,True,False,"[7, 16]","[0.1242916316721829, 0.14801769339382256]"
100,17,1050,1,0.012483528816285453,2.0619444853118294,True,False,[8],[0.13708221936096193]
100,18,7,1,0.011844981449235804,2.354251721008807,True,False,[7],[0.13892643292038878]
100,19,704,1,0.010141740423179111,2.5548449776795086,True,False,[7],[0.12953253005348173]
100,20,2098,1,0.011133226246245883,1.914563165087879,True,False,[12],[0.10292171013641578]
100,21,2045,1,0.011507090882153667,2.210588657216747,True,False,[7],[0.12236881175585351]
100,22,1029,2,0.007908634661248928,1.9667584904821653,True,False,"[7, 12]","[0.11269732831688627, 0.09627408366352382]"
101,0,666,1,0.011419551607092982,2.618172138459632,True,False,[5],[0.1288957190907778]
101,1,1625,1,0.012362485253751812,1.8901346111330357,True,False,[5],[0.14266328056284464]
101,2,2209,2,0.007884800563150666,1.9448166713391066,True,False,"[8, 15]","[0.14607349005216627, 0.14325624037473214]"
101,3,389,1,0.013116891230875708,2.101621270742889,True,False,[5],[0.13743680218889479]
101,4,1805,1,0.011099445805881746,2.5746059727996937,True,False,[7],[0.1067695787632189]
101,6,341,1,0.01252478897200212,1.9989806444955889,True,False,[5],[0.10246947181152598]
101,7,1078,1,0.010911907053224817,2.647331786899829,True,False,[7],[0.1541830081591061]
101,8,1448,1,0.00917535107189621,2.485271947413316,True,False,[7],[0.12612483531656263]
101,9,0,2,0.008758542587153952,1.8010427412708867,True,False,"[6, 7]","[0.02635023519449378, 0.13568406249196716]"
101,10,488,2,0.008391180722065298,2.330369675505425,True,False,"[7, 8]","[0.11054948042372698, 0.1593062709408113]"
101,11,1434,1,0.011453548452819682,1.8191284360415014,True,False,[7],[0.11873316943739268]
101,12,400,2,0.008329108806484312,2.5905236411548622,True,False,"[8, 12]","[0.17481461513658023, 0.12655575022196858]"
101,13,1220,1,0.011487723902018474,2.167829357638477,True,False,[7],[0.13823538907033248]
101,14,1261,1,0.011601483183046504,2.422573938431501,True,False,[7],[0.1640647129566826]
101,15,1742,1,0.012059985126580968,1.9063525570208293,True,False,[15],[0.1754263909984833]
101,16,149,2,0.007118694129351853,2.0917625463700134,True,False,"[7, 8]","[0.11310450895614108, 0.1907812348178524]"
101,17,1050,2,0.009928911362700318,2.0747461087697063,True,False,"[7, 8]","[0.17496156182017578, 0.17042713004203386]"
101,18,7,1,0.010552814012305168,2.363532192831306,True,False,[7],[0.13886680112230182]
101,19,704,2,0.009123507078422856,2.599655229029336,True,False,"[7, 12]","[0.1285797765549534, 0.14378659485475584]"
101,21,2045,1,0.01103556048306597,2.25310342015588,True,False,[7],[0.13940845469818747]
101,22,1029,1,0.00996705375749147,1.9846839109979706,True,False,[12],[0.09825399116595498]
101,23,108,1,0.012828676686520804,1.8294631779546182,True,False,[15],[0.12940525817690487]
102,0,666,1,0.01112721444161918,2.641570632229077,True,False,[5],[0.12555899089078176]
102,1,1625,3,0.006629595761817841,1.899282237853887,True,False,"[7, 8, 15]","[0.1409480031161871, 0.15236165309053593, 0.10331161945969482]"
102,2,2209,1,0.011819588557744206,1.9504637712185693,True,False,[15],[0.13611407623368432]
102,3,389,2,0.009397710765300943,2.0858891135888546,True,False,"[8, 12]","[0.13810985924933056, 0.11879954749240412]"
102,4,1805,1,0.011902694375355207,2.60325930384848,True,False,[7],[0.11521184054890928]
102,5,241,1,0.013739012985535447,2.1484498050255874,True,False,[5],[0.13091143352002468]
102,6,341,2,0.008676770925473486,2.011079083358582,True,False,"[7, 16]","[0.15436072575469986, 0.09323123259343198]"
102,7,1078,1,0.012145922795416821,2.6868012489333055,True,False,[5],[0.19055259060053817]
102,8,1448,1,0.009463545003106356,2.531058552728899,True,False,[8],[0.12183141043871167]
102,9,0,1,0.010772862161005944,1.8312765737131866,True,False,[7],[0.12493065934311151]
102,10,488,1,0.009272105338798166,2.383850207744006,True,False,[7],[0.108177419969003]
102,11,1434,1,0.012361583486472608,1.8430523965531518,True,False,[5],[0.10153021772142654]
102,13,1220,1,0.012420194558885732,2.1615779604419805,True,False,[8],[0.16207134356842923]
102,14,1261,2,0.007862824185319077,2.443211555498681,True,False,"[7, 8]","[0.15764047940653989, 0.17796987798688407]"
102,15,1742,2,0.008802350808349438,1.9296533571197056,True,False,"[7, 15]","[0.13493442924817728, 0.1723779171151]"
102,16,149,3,0.007734648910309446,2.091880788115376,True,False,"[8, 15, 16]","[0.1847694703995301, 0.12291730944799575, 0.13718821101703807]"
102,17,1050,1,0.01131983511846701,2.1060181979658488,True,False,[7],[0.17115576971755045]
102,18,7,1,0.01028878974449119,2.3737689353260776,True,False,[7],[0.13405277582506642]
102,20,2098,1,0.011670508476519688,1.9118527044878662,True,False,[8],[0.13612830939112583]
102,22,1029,1,0.012384143951985895,1.9930853715865104,True,False,[5],[0.11738287813477336]
102,23,108,1,0.012225814605518399,1.8458353625169126,True,False,[7],[0.09463230578017252]
103,0,666,3,0.005981995572911053,2.6614061500678954,True,False,"[7, 8, 15]","[0.13893798447310687, 0.15025385525634175, 0.12304581012723538]"
103,1,1625,1,0.011935818900353435,1.903100012386427,True,False,[15],[0.10591584759510941]
103,2,2209,1,0.010227026994303891,1.9719694971535595,True,False,[7],[0.11195385003283216]
103,3,389,1,0.012747804890338601,2.1120618053615776,True,False,[5],[0.1283196037290177]
103,4,1805,1,0.009761249310239637,2.604474727107697,True,False,[8],[0.13409739247752156]
103,5,241,1,0.011153595388305992,2.159329199057325,True,False,[8],[0.14891954571612878]
103,6,341,2,0.009295157572142191,2.0198089813502906,True,False,"[7, 16]","[0.15215287886624448, 0.08804419588172628]"
103,7,1078,2,0.007407513935051607,2.708182818534771,True,False,"[7, 8]","[0.13780289891575662, 0.1555534575086362]"
103,8,1448,1,0.009874844395205033,2.566902484160275,True,False,[8],[0.11927755530297236]
103,9,0,2,0.009773677286159367,1.8534054833608622,True,False,"[6, 7]","[0.03546165321482209, 0.11958103335757034]"
103,10,488,1,0.010196673971208568,2.39289706758859,True,False,[8],[0.15139065683224182]
103,11,1434,1,0.011089269509643562,1.8529311180501347,True,False,[8],[0.15810894142451043]
103,13,1220,1,0.01183277031677391,2.1613646774759903,True,False,[15],[0.16894505833247087]
103,14,1261,1,0.010352795929188599,2.444266326226009,True,False,[8],[0.16467148570691123]
103,15,1742,1,0.012776369916194944,1.9252533066221702,True,False,[8],[0.16329587008855342]
103,16,149,1,0.01367735404555494,2.107029910956132,True,False,[5],[0.15922466244183267]
103,17,1050,1,0.011797938225352148,2.0967862077859167,True,False,[12],[0.14067286906666063]
103,18,7,1,0.009613771471507401,2.407439064795918,True,False,[8],[0.12059007216264117]
103,19,704,2,0.009660695340929637,2.582696178038572,True,False,"[8, 17]","[0.12066002303034423, 0.11093506069617663]"
103,20,2098,1,0.012013830015423834,1.94449616986,True,False,[5],[0.13253903161223543]
103,21,2045,1,0.010000967680090527,2.255773443311153,True,False,[15],[0.1234488284600652]
103,22,1029,1,0.011967706670659673,1.9838991502694632,True,False,[8],[0.12426315951701342]
103,23,108,3,0.009431882191412779,1.8535600821586604,True,False,"[7, 15, 16]","[0.10944986535003542, 0.14108907701631196, 0.14066338960122943]"
104,0,666,1,0.012001610036337838,2.6548304054711513,True,False,[8],[0.1546238563175665]
104,1,1625,1,0.012400921344441877,1.9162336264802395,True,False,[5],[0.13675177625703838]
104,2,2209,1,0.010015543301904756,1.9933026762440584,True,False,[8],[0.14409871032665367]
104,3,389,2,0.00756233356155856,2.1184006364420833,True,False,"[15, 16]","[0.17730597118561803, 0.14177579975505125]"
104,5,241,1,0.013124518884992626,2.1926444651793324,True,False,[5],[0.152200875449357]
104,6,341,1,0.011957611810213112,2.0265679053643644,True,False,[5],[0.10122554304555735]
104,8,1448,2,0.008885375662901887,2.549851490625987,True,False,"[12, 16]","[0.14119887471620207, 0.10451491468681345]"
104,9,0,1,0.014022009146144303,1.8541047998974636,True,False,[16],[0.10033250175858638]
104,11,1434,1,0.010709249045380776,1.8756984071573832,True,False,[7],[0.11997358657106955]
104,12,400,1,0.013814899132696203,2.6188564276834696,True,False,[5],[0.13311677670568053]
104,13,1220,1,0.011192704271067328,2.200810953358637,True,False,[5],[0.15819466137385174]
104,14,1261,2,0.007608329771243242,2.473728793802977,True,False,"[7, 8]","[0.1582521781986098, 0.15541868904803785]"
104,15,1742,2,0.007905695782094354,1.9491802486221628,True,False,"[7, 15]","[0.12648408437841352, 0.15730395100692215]"
104,16,149,2,0.007039887954016457,2.126772453396361,True,False,"[7, 8]","[0.10802695776196541, 0.16793188492908986]"
104,18,7,1,0.010737456682131918,2.4626872422113224,True,False,[5],[0.15111785410885933]
104,19,704,1,0.012818983047125017,2.548826948847085,True,False,[17],[0.1187105836554395]
104,20,2098,1,0.01042764934322559,1.9513937790840439,True,False,[15],[0.12480523549511491]
104,21,2045,1,0.010622130671028027,2.2974009419709867,True,False,[7],[0.128090116903361]
104,23,108,1,0.012004233598306822,1.865045974523568,True,False,[16],[0.13580996088929584]
105,7,1078,2,0.009131272695007913,2.7293843221663643,True,False,"[7, 15]","[0.16332396447127528, 0.15040140132230886]"
105,9,0,1,0.013065653132068401,1.8541530793774919,True,False,[6],[0.04102840216849699]
105,10,488,1,0.013561045695023297,2.337505703081592,True,False,[12],[0.190198116874987]
105,11,1434,1,0.010046531468471757,1.904477507072923,True,False,[7],[0.11103269238614963]
105,13,1220,2,0.007624710081292219,2.216248656119432,True,False,"[7, 8]","[0.12195177570811654, 0.15992296635101974]"
105,14,1261,1,0.012758168857711024,2.4723048084879524,True,False,[12],[0.1983628766957195]
105,15,1742,1,0.01262702428384452,1.9459293980459105,True,False,[8],[0.1674615706232143]
105,16,149,2,0.008809668048340363,2.1459956912029177,True,False,"[7, 15]","[0.10204951852279674, 0.13805494741810218]"
105,17,1050,1,0.012118312274411982,2.082326701979485,True,False,[12],[0.1565433116268898]
105,19,704,1,0.011264139350560231,2.5482776223415833,True,False,[8],[0.12159183438158577]
105,20,2098,1,0.010605860291731328,1.9734380287846103,True,False,[7],[0.11439101292746517]
105,21,2045,2,0.007766601674809421,2.3017213697946803,True,False,"[8, 15]","[0.12134748526524586, 0.1296507654755309]"
105,22,1029,1,0.013048573634864549,1.9875779461622995,True,False,[5],[0.13479812168683]
106,3,389,1,0.010598921298461536,2.1185696539200194,True,False,[16],[0.1375254336979133]
106,4,1805,1,0.011610008952368814,2.6368650281951824,True,False,[7],[0.12482608833466735]
106,5,2528,1,0.04636527418229381,2.875473355823137,True,False,[15],[0.17513228902857955]
106,7,341,1,0.009950220486577904,2.0379442922257796,True,False,[16],[0.07042670916250499]
106,9,2526,1,0.05173577800765684,2.0922881995357288,True,False,[15],[0.11892754604163039]
106,10,1448,1,0.01033529728523153,2.6024036821503183,True,False,[5],[0.13418458101702424]
106,11,0,1,0.013467958957778416,1.8461898007768363,True,False,[6],[0.01179937311344428]
106,12,488,1,0.011373906195184847,2.341414950825573,True,False,[8],[0.17552296876341364]
106,13,1434,1,0.013447069244312658,1.899930942268629,True,False,[16],[0.08231904341187661]
106,14,400,2,0.00842828522945143,2.629540169436047,True,False,"[8, 12]","[0.15562385308325707, 0.18857572234215042]"
106,15,2524,2,0.03129258748867951,2.6114289287856005,True,False,"[8, 15]","[0.1917838779771361, 0.16132632564905663]"
106,16,1261,1,0.011563556849515672,2.5086001448709907,True,False,[7],[0.1021951333619893]
106,17,1742,2,0.008788606149610573,1.9512090053532152,True,False,"[8, 16]","[0.15853175798383481, 0.13746806862258104]"
106,18,149,2,0.01016446877630691,2.1499110863690296,True,False,"[15, 17]","[0.18761318394756268, 0.171698299651284]"
106,19,1050,2,0.00972736669894892,2.084223443818002,True,False,"[7, 15]","[0.125318844388814, 0.16478043542689608]"
106,20,704,1,0.012349228264356981,2.5964671110603006,True,False,[5],[0.1285614381617044]
106,21,2045,1,0.010565070019758671,2.305936580035528,True,False,[8],[0.13086096986327922]
107,0,666,1,0.00891848665329718,2.7088722660889037,True,False,[15],[0.12051758478481543]
107,2,2209,1,0.010193414518873093,2.0189791110501325,True,False,[7],[0.10401919278548849]
107,4,1805,2,0.009153521377169868,2.6361814794821417,True,False,"[7, 11]","[0.11429931589213395, 0.0833644350601438]"
107,5,2528,1,0.010732487067036068,2.882057887955714,True,False,[15],[0.1691025202853888]
107,6,241,1,0.011670345784799531,2.2156933914139025,True,False,[8],[0.17896636406622535]
107,7,341,1,0.011701369048165003,2.052239026482188,True,False,[5],[0.17688338178383328]
107,9,2526,2,0.010865533152011168,2.106774639783217,True,False,"[7, 17]","[0.13351216389405796, 0.04948285593658846]"
107,11,1448,2,0.00788392736660505,2.627304979389897,True,False,"[7, 8]","[0.14181871642149663, 0.14369650431753034]"
107,12,0,1,0.013153262974526639,1.847990855536009,True,False,[6],[0.013106747606047481]
107,13,488,1,0.011849034426333739,2.347798880578809,True,False,[15],[0.16557667602682266]
107,14,2546,1,0.03758912586958472,2.0245090097915615,True,False,[5],[0.12694883088877698]
107,16,400,1,0.012161767026992409,2.639468606786343,True,False,[12],[0.14013790719676425]
107,17,2524,1,0.009442497049431212,2.6587557187981448,True,False,[7],[0.16806435672227668]
107,19,1742,2,0.009902871540732357,1.9656887023473097,True,False,"[7, 15]","[0.14130446993283363, 0.17693057544681048]"
107,20,149,1,0.01096236845144614,2.146542047752014,True,False,[15],[0.13269140049901323]
107,21,1050,2,0.0076619583767921825,2.102588768906804,True,False,"[7, 8]","[0.11894617728976352, 0.13659365657660658]"
107,22,1220,1,0.01206957782677506,2.255078379128491,True,False,[5],[0.11907450377003277]
108,1,666,1,0.009529866028394075,2.7683201144740353,True,False,[15],[0.10732741001174351]
108,2,1625,1,0.01244736076665829,1.934172189663157,True,False,[5],[0.12784234955763418]
108,3,2209,1,0.010236785418306926,2.0404643243985996,True,False,[15],[0.1655858850679852]
108,4,389,2,0.0075842681099489865,2.131261383384527,True,False,"[8, 15]","[0.12360989186139845, 0.11988712172071446]"
108,6,2528,3,0.0068548085505872915,2.9032923319955066,True,False,"[7, 8, 12]","[0.14665231169644677, 0.1798356876592996, 0.15669523694866147]"
108,7,241,1,0.009744627809786112,2.2178221534930347,True,False,[15],[0.13637174520696932]
108,8,341,1,0.009892678654642412,2.0914819130558464,True,False,[16],[0.11792077093490527]
108,9,1078,1,0.012708932534449224,2.7366406524122384,True,False,[8],[0.17333045825805343]
108,10,2569,1,0.02051826222855026,1.9399921804743832,True,False,[15],[0.14945317080092962]
108,12,1448,1,0.009887694834421083,2.649206484000182,True,False,[7],[0.11791669957539723]
108,14,488,2,0.006782568055478977,2.36547791234293,True,False,"[7, 15]","[0.15150541791270067, 0.1638329835291522]"
108,16,1434,1,0.01269796003051791,1.911572249377367,True,False,[7],[0.10400458812400436]
108,17,400,1,0.012158487618111594,2.6916228355789396,True,False,[5],[0.14223210595114794]
108,18,2524,1,0.011370587364264108,2.702180259782282,True,False,[5],[0.14091484628915973]
108,19,1261,1,0.009456548788179194,2.5112088713432703,True,False,[8],[0.11585680802274932]
108,20,2526,1,0.01077172712368096,2.1088348514131163,True,False,[15],[0.12881221581770327]
108,21,1050,1,0.011920193153529123,2.1127227847859253,True,False,[16],[0.12601802423660236]
108,22,2591,2,0.05930297290546039,2.2080472257223995,True,False,"[8, 15]","[0.12856019143266073, 0.10921132461128115]"
108,23,149,1,0.011567145183746876,2.16642172265537,True,False,[7],[0.10927136314196911]
109,2,1625,2,0.008462550172036926,1.944854317488285,True,False,"[8, 15]","[0.1484194583997673, 0.13109346135633274]"
109,3,2209,1,0.010344228801603426,2.062915428951723,True,False,[15],[0.16193233446841865]
109,4,389,1,0.013058833281593546,2.134699763880041,True,False,[12],[0.1053331072598359]
109,5,1805,1,0.012224184468959278,2.675463136951216,True,False,[5],[0.17604800118425584]
109,6,2528,1,0.00992728788785768,2.9485291862844263,True,False,[8],[0.18071079771945073]
109,7,241,1,0.012322014593049881,2.2472579092100937,True,False,[7],[0.1558633647235108]
109,8,341,3,0.007450490927167265,2.0999342156709577,True,False,"[7, 12, 16]","[0.13886486878067233, 0.16996897650106524, 0.11636379725182722]"
109,10,2569,1,0.009516343949535997,1.960098855899247,True,False,[8],[0.1615916080541743]
109,11,2550,1,0.042000117789807896,2.2942868101041616,True,False,[8],[0.13016692088397896]
109,12,1448,1,0.010741640854911848,2.656503014077638,True,False,[12],[0.12646948304743177]
109,13,0,1,0.012935763906221484,1.8480178953715494,True,False,[15],[0.15760940941845078]
109,14,488,2,0.008100024471302598,2.402435024354127,True,False,"[7, 8]","[0.16088123823177222, 0.17638136311123226]"
109,15,2546,1,0.013403117614658684,2.021171078818981,True,False,[16],[0.11327021577076192]
109,16,1434,1,0.012362658617133862,1.9273145995733751,True,False,[7],[0.09650974227565265]
109,17,2592,2,0.029551538803771434,2.424780935413983,True,False,"[7, 16]","[0.15489807498109437, 0.1326777549439818]"
109,18,2524,1,0.011592281893781921,2.7163531595832295,True,False,[15],[0.17929743566028458]
109,20,2526,3,0.006287753294193085,2.1157922091006176,True,False,"[7, 8, 15]","[0.10544634424931797, 0.15533714244847494, 0.13075362723857678]"
109,21,1050,1,0.012563137527648666,2.127123872244043,True,False,[5],[0.13150219409808941]
110,0,2571,1,0.054623117301207474,2.3088413695923746,True,False,[12],[0.1461285440830544]
110,1,666,2,0.007641251911045439,2.8013100808243325,True,False,"[8, 15]","[0.15092705870360362, 0.12188902727791957]"
110,3,2209,1,0.010776822359232625,2.081947652084016,True,False,[7],[0.11860948744164353]
110,5,2635,1,0.08905032436031635,3.074288365033226,True,False,[5],[0.1626568095808872]
110,6,1805,1,0.011122281565504925,2.6961436644334893,True,False,[8],[0.17405579075712324]
110,7,2528,1,0.011578436341898446,2.9594290298311705,True,False,[7],[0.17291384010991137]
110,9,341,1,0.012986445850844214,2.1074035821670063,True,False,[16],[0.10768990053001302]
110,10,1078,1,0.009443178267517808,2.7991225118297205,True,False,[7],[0.1278790164172833]
110,11,2569,1,0.010157808606009436,1.9832272431512117,True,False,[8],[0.13466630047610365]
110,12,2550,1,0.010299581489888122,2.3310952375915885,True,False,[7],[0.12028182281092582]
110,13,1448,2,0.00899182879979367,2.6602036875751285,True,False,"[8, 12]","[0.16153313075631776, 0.1326743397128041]"
110,14,0,1,0.01220430724578336,1.8835850018981202,True,False,[5],[0.1192869398371853]
110,15,488,1,0.009293562931716218,2.4567258522655493,True,False,[7],[0.10847625779966609]
110,18,2592,1,0.010585186264526895,2.4269304369989797,True,False,[16],[0.09112163587682737]
110,20,1261,1,0.00994762344145009,2.510734942983588,True,False,[8],[0.14398361812474209]
110,22,1050,1,0.011590498017430843,2.122374206995745,True,False,[12],[0.12431452280558687]
110,23,2597,1,0.03061644023452884,3.008197593045656,True,False,[7],[0.09346941085807103]
111,0,2571,1,0.012301073998458955,2.309704374860582,True,False,[8],[0.16264991151471347]
111,1,666,2,0.00799309976484606,2.8424231980408785,True,False,"[7, 15]","[0.1346545999229451, 0.1183146308916315]"
111,2,1625,1,0.012881467227561515,1.945219848324291,True,False,[15],[0.13188519044429578]
111,3,2209,1,0.010055993062879522,2.105556066956712,True,False,[7],[0.11135009914136458]
111,4,389,1,0.011379149290613937,2.1352052288856083,True,False,[7],[0.1226570353349067]
111,5,2635,1,0.010327757914691572,3.090584554374926,True,False,[12],[0.16398591552680533]
111,6,1805,2,0.009498121940982254,2.723193132384535,True,False,"[7, 11]","[0.14637187773639274, 0.05871757233570242]"
111,7,2528,1,0.011327100267911398,2.970982312818777,True,False,[7],[0.1810677166833065]
111,8,241,1,0.010499554615445047,2.2444736358178363,True,False,[15],[0.13341278834001655]
111,9,341,2,0.008543413749700308,2.1134663680622046,True,False,"[15, 16]","[0.10156073572345801, 0.10170414075494016]"
111,10,1078,2,0.007767399188311429,2.833400316916877,True,False,"[7, 8]","[0.12809078634039994, 0.16653817482282054]"
111,11,2569,3,0.0070784817041998835,1.9957960984233463,True,False,"[7, 8, 15]","[0.12283406234405923, 0.14339869929998805, 0.14108506689547204]"
111,13,1448,1,0.01269499226821651,2.656769220404035,True,False,[12],[0.11775307015704072]
111,15,488,1,0.011562095276890057,2.507170849391691,True,False,[5],[0.14553630825813163]
111,16,2546,1,0.012569492386127196,2.03084489213919,True,False,[5],[0.14058718816744675]
111,17,1434,1,0.012126126700688961,1.9209559314726141,True,False,[17],[0.12785475266663204]
111,19,2524,1,0.010883500764807935,2.769913150831963,True,False,[5],[0.13991098305748384]
111,20,1261,3,0.008280062239873041,2.5248529372245083,True,False,"[7, 8, 11]","[0.11197297273812286, 0.15036520192831887, 0.05576348545766197]"
111,21,2526,2,0.008071357954836308,2.134670185646715,True,False,"[7, 16]","[0.1429013230171793, 0.15294781621676687]"
111,22,1050,1,0.012679532619355135,2.1400785659075283,True,False,[5],[0.14079937435718115]
111,23,2597,1,0.010110818637052668,3.0050255467145734,True,False,[8],[0.09918080285187295]
112,1,666,2,0.0078011593504365515,2.8904307132457006,True,False,"[7, 15]","[0.1321408275954844, 0.11425970517558019]"
112,2,1625,1,0.0122476338647643,1.9650194895732367,True,False,[5],[0.12254967048421982]
112,3,2209,3,0.005757563885919554,2.1226512106244164,True,False,"[7, 8, 15]","[0.09697354698106161, 0.13044386567023866, 0.15174386686191596]"
112,5,2635,1,0.01054060887684642,3.1037499742979566,True,False,[12],[0.1589732114603799]
112,7,2528,2,0.006864447652546662,2.986155390729711,True,False,"[8, 15]","[0.16443001161870588, 0.1293670316510074]"
112,8,241,1,0.0116610289025381,2.2804454571796997,True,False,[7],[0.15469580697998295]
112,9,341,1,0.011540374575685209,2.1148970707341306,True,False,[5],[0.11147851208899613]
112,11,2569,1,0.009346954513275977,2.02422394997564,True,False,[8],[0.1404559912711161]
112,12,2550,1,0.01167250638680118,2.332284608262786,True,False,[8],[0.1663687806934678]
112,13,1448,1,0.010165814733943603,2.7021742668192648,True,False,[5],[0.14650262702150374]
112,14,0,1,0.013169899285059931,1.8984817135945558,True,False,[6],[0.00658432077535471]
112,15,488,2,0.007072845314087641,2.5339501263968316,True,False,"[7, 15]","[0.10395322534200052, 0.1546779553048592]"
112,16,2546,1,0.011964397297236487,2.0366738759283955,True,False,[7],[0.09867008664688905]
112,18,2592,1,0.010025644363941188,2.4349773801176893,True,False,[8],[0.11345443845394554]
112,19,2524,1,0.010557162300492095,2.8228154966912204,True,False,[5],[0.14517963352793853]
112,20,1261,1,0.010714573548403097,2.5235602575946987,True,False,[8],[0.1445302475691284]
112,21,2526,1,0.012041454481557825,2.1530846007121855,True,False,[7],[0.1529721248331911]
112,22,1050,1,0.01025672017920722,2.139042621533607,True,False,[12],[0.12030475098689408]
112,23,2597,1,0.011302930318516036,3.0678548947092112,True,False,[5],[0.20319292008745135]
113,0,2571,1,0.010077081036166044,2.344238217897649,True,False,[7],[0.1387797105095499]
113,1,666,1,0.009312110178241148,2.8968228864716035,True,False,[8],[0.14242240600424402]
113,2,1625,1,0.013159547158579692,1.9689408526049186,True,False,[15],[0.12777943156479588]
113,3,2209,1,0.009903148388592747,2.1485039763811247,True,False,[7],[0.09425458339036041]
113,4,389,2,0.00782139423039634,2.1471484101455434,True,False,"[7, 15]","[0.11030840505419058, 0.12114823589167935]"
113,5,2635,1,0.012713184270948951,3.0912588299439188,True,False,[11],[0.03971182076197996]
113,6,1805,1,0.012209534980920513,2.765510390215193,True,False,[5],[0.12968607295543888]
113,7,2528,3,0.006373562713571939,3.0065121215167414,True,False,"[7, 8, 15]","[0.16992315595448676, 0.15827879382618495, 0.13208874349119837]"
113,8,241,1,0.012594339838455738,2.3168741979446477,True,False,[5],[0.1157571929956287]
113,9,341,1,0.011380940333265232,2.1157750131907336,True,False,[5],[0.11356348320169248]
113,11,2569,1,0.009923188137854306,2.042000561945388,True,False,[7],[0.11463698335863312]
113,12,2550,1,0.010981630159911267,2.33844308917303,True,False,[8],[0.15032250059401642]
113,13,1448,1,0.012554182311532616,2.6872637296701507,True,False,[16],[0.12016621674850977]
113,14,0,1,0.013213674639159883,1.921486376811946,True,False,[6],[0.016951273587785122]
113,15,488,1,0.01027413607108899,2.537562285715806,True,False,[15],[0.14387944584813936]
113,16,2546,2,0.00823442829731735,2.0427793980781117,True,False,"[8, 15]","[0.16915331100284892, 0.14192336330679783]"
113,17,1434,2,0.007580283309701092,1.9383487414014942,True,False,"[7, 15]","[0.1398003708006528, 0.16493964853717868]"
113,18,2592,1,0.011459328287934271,2.4474112078338917,True,False,[16],[0.09517215627165859]
113,19,2524,1,0.00970741138931006,2.8266971818565363,True,False,[15],[0.15907929534878218]
113,20,1261,3,0.01050174749310957,2.5336217277498574,True,False,"[7, 8, 11]","[0.1592064488130422, 0.15037578486274955, 0.10986510235699289]"
113,21,2526,2,0.007492101067121215,2.159170018868641,True,False,"[7, 15]","[0.15749521117298573, 0.11506156331651889]"
113,22,1050,1,0.010105690063834324,2.1770192742875873,True,False,[7],[0.10839863401440791]
113,23,2597,1,0.01054531599965648,3.0687873604064766,True,False,[15],[0.15454843993510753]
114,0,2571,1,0.01318760860021451,2.3331916172333966,True,False,[16],[0.05941724662991406]
114,1,666,1,0.009718518484217249,2.963664331714344,True,False,[15],[0.11283923298903897]
114,2,1625,1,0.011737164788442202,1.9899911656430487,True,False,[7],[0.11180726831173077]
114,3,2209,1,0.010414145458596645,2.1725435756387657,True,False,[7],[0.10225312070586805]
114,4,389,1,0.010254409990741719,2.1577903357784063,True,False,[7],[0.10372945537420118]
114,6,1805,1,0.012691226429333829,2.813824957706745,True,False,[5],[0.13637569730518]
114,8,241,2,0.007900366773824632,2.3376158873759434,True,False,"[7, 15]","[0.13282454220309065, 0.12963734381739328]"
114,9,341,3,0.006315396535691631,2.1278670730162137,True,False,"[8, 15, 16]","[0.17195988144794982, 0.10907555466908395, 0.09838647401475471]"
114,10,1078,1,0.010599838468992717,2.8854415653459045,True,False,[5],[0.13649813157148544]
114,13,1448,1,0.012579504498122495,2.6803509962871357,True,False,[12],[0.13511984446956765]
114,15,488,2,0.007243992298830788,2.5638965240911915,True,False,"[7, 15]","[0.10764022888346607, 0.1564226060105573]"
114,16,2546,1,0.012160382305997613,2.0476868798770713,True,False,[7],[0.11282819661358028]
114,17,1434,2,0.008174147469810681,1.953277586262212,True,False,"[7, 17]","[0.13552188894459463, 0.14503864669948321]"
114,19,2524,1,0.009902767107137434,2.8905766611634274,True,False,[5],[0.14893103329927912]
114,21,2526,1,0.011570199038216608,2.1741872248849483,True,False,[5],[0.1330806514558541]
114,22,1050,1,0.013099945527665476,2.1705389906226373,True,False,[16],[0.12932188966214056]
114,23,2597,1,0.013293605071364126,3.0747039553198046,True,False,[10],[0.07907780925164005]
115,0,2571,2,0.008879856464216924,2.310608405575106,True,False,"[12, 16]","[0.15233871806640456, 0.05935013962610602]"
115,1,666,1,0.012697879961799644,2.962942467460579,True,False,[12],[0.08627727237633914]
115,2,1625,2,0.008129592062859374,2.0033308341991094,True,False,"[7, 15]","[0.11463665381172394, 0.13545062367323607]"
115,3,2209,2,0.0074518750499313864,2.191515744617092,True,False,"[7, 15]","[0.09845542640733065, 0.14646276797147822]"
115,4,389,1,0.012756418275735112,2.161339907520479,True,False,[12],[0.11311721119560285]
115,5,2635,1,0.010158381328295704,3.1007253040420424,True,False,[12],[0.1484849294219225]
115,6,1805,1,0.010402665283499977,2.8287375842325346,True,False,[8],[0.19708849408058893]
115,7,2528,1,0.010352024174650885,3.010565470041186,True,False,[15],[0.12818570596623627]
115,8,241,1,0.0121552434467265,2.378349512512294,True,False,[5],[0.12413229966952348]
115,9,341,2,0.007893185600346036,2.1414708831049727,True,False,"[7, 16]","[0.15068198523373094, 0.09134343644122503]"
115,10,1078,1,0.010441536296033447,2.9477741754618108,True,False,[7],[0.1301255866933458]
115,12,2550,1,0.011101646993375156,2.3456051834068186,True,False,[8],[0.144801120283793]
115,13,1448,1,0.010573528447287754,2.701507959765866,True,False,[7],[0.14512476516389358]
115,15,488,2,0.007513127731396358,2.5896546557557993,True,False,"[7, 15]","[0.11903860993183549, 0.14897299084441645]"
115,16,2546,1,0.011211875534306403,2.0543160542454673,True,False,[15],[0.13107428778479452]
115,17,1434,1,0.011971306998597988,1.9900916388986163,True,False,[5],[0.1422929801336627]
115,18,2592,1,0.011597110330187767,2.4825778163020864,True,False,[5],[0.13771575219435467]
115,19,2524,1,0.010195379511604565,2.960222169664321,True,False,[5],[0.13899544148056686]
115,20,1261,1,0.01070578677379758,2.5347392021729855,True,False,[8],[0.13134968378481612]
115,21,2526,3,0.007810043267715656,2.1777302278433854,True,False,"[7, 15, 17]","[0.14600459610839128, 0.12296596269691092, 0.05846545490052863]"
115,22,1050,1,0.010995526807381065,2.1724972176926203,True,False,[12],[0.12698545082695017]
115,23,2597,1,0.01047689275400776,3.1244965214977323,True,False,[7],[0.09286481816349265]
116,0,2571,1,0.011893029509256116,2.3084423493211528,True,False,[16],[0.06783446883915094]
116,1,666,1,0.009128318155804746,3.0213400659630607,True,False,[15],[0.11235333375725172]
116,2,1625,2,0.007925094422037707,2.011767206878876,True,False,"[8, 15]","[0.1481505342213822, 0.11770318725877964]"
116,4,389,1,0.010993673292811776,2.1795408960634064,True,False,[15],[0.11237053514121884]
116,5,2635,1,0.010160482984796918,3.1629455855822752,True,False,[7],[0.10979824340247823]
116,7,2528,2,0.00818847547357181,3.0210917814388725,True,False,"[7, 12]","[0.16212423750775484, 0.11604467636700509]"
116,9,341,1,0.009503571184884796,2.1614803238082847,True,False,[16],[0.08031554466161078]
116,11,2569,1,0.01152403985447465,2.06841142243885,True,False,[5],[0.11234715209285313]
116,12,2550,1,0.01057957468846517,2.3778835983497975,True,False,[7],[0.12379905558698182]
116,13,1448,1,0.012035055913648424,2.7096306659587976,True,False,[8],[0.17305804398823074]
116,14,0,1,0.01205478028411733,1.940145224688422,True,False,[6],[0.012742916391194141]
116,15,488,1,0.009880708796816651,2.6388787612794857,True,False,[7],[0.11809850139260403]
116,16,2546,2,0.008967094619646893,2.0566471871041188,True,False,"[7, 15]","[0.12013468147581806, 0.13586584992519993]"
116,17,1434,1,0.009378901689520642,2.031356684053301,True,False,[7],[0.12383713091363861]
116,18,2592,1,0.010215772105960967,2.4902291720965644,True,False,[8],[0.11036289985133214]
116,19,2524,1,0.011405981070071606,3.020202625010291,True,False,[7],[0.14585759644899698]
116,22,1050,1,0.010039485782738585,2.173497168268889,True,False,[12],[0.11894784884234963]
116,23,2597,1,0.00996016682486535,3.1788512229791595,True,False,[7],[0.09915521882861689]
117,0,2571,1,0.011377266368627027,2.3042681367218556,True,False,[16],[0.06790907984855661]
117,1,666,2,0.007112415995144281,3.040608349660666,True,False,"[7, 8]","[0.13413583680806573, 0.1460013755140818]"
117,2,1625,1,0.012540905386239578,2.0185293429635203,True,False,[15],[0.12240402944758007]
117,4,389,2,0.009428343690220064,2.1950813538407363,True,False,"[12, 15]","[0.1244073293369353, 0.12142058008741538]"
117,5,2635,1,0.01423213980473461,3.1279224960163288,True,False,[11],[0.07687706720013361]
117,6,1805,1,0.008634111654934015,2.879184487922623,True,False,[7],[0.13111485599891937]
117,9,341,1,0.011403173103134984,2.1604484173058425,True,False,[5],[0.12498952837479718]
117,10,1078,2,0.00835899202049462,2.9820940676823833,True,False,"[7, 8]","[0.12973310546957892, 0.17316020043520927]"
117,11,2569,1,0.01111810354637691,2.068640838387934,True,False,[15],[0.14237476342283772]
117,13,1448,3,0.0062657358519094975,2.7278447699689936,True,False,"[7, 8, 12]","[0.14982033227042138, 0.15576047332775128, 0.1237562112551486]"
117,14,0,1,0.012011448771641564,1.9562446676788146,True,False,[6],[0.020221530782487476]
117,15,488,1,0.009120702290958977,2.6982038659717853,True,False,[7],[0.10566965056813203]
117,16,2546,1,0.01232304137380748,2.0588681611514863,True,False,[7],[0.11831913243414525]
117,17,1434,1,0.010346701750474429,2.0315776204137825,True,False,[15],[0.15235138232792841]
117,18,2592,1,0.010262454110126789,2.502928083878287,True,False,[8],[0.10992016019410991]
117,20,1261,2,0.007570556051947061,2.553593309566464,True,False,"[7, 12]","[0.14945684526539138, 0.1305185961648126]"
117,22,1050,1,0.009337037051820266,2.218683157717047,True,False,[7],[0.14726839426886237]
117,23,2597,1,0.010853906292769678,3.1674960605047433,True,False,[8],[0.10855498136993452]
118,0,2571,1,0.012467982660832723,2.3037837342093312,True,False,[8],[0.15471221074011182]
118,1,666,1,0.009809989870199204,3.0465832001647137,True,False,[8],[0.14766590252180206]
118,2,1625,1,0.00993236613217462,2.0518581249208263,True,False,[7],[0.11815673920569045]
118,3,2209,1,0.012940120989211362,2.2106198765379412,True,False,[7],[0.1114233763703958]
118,4,389,1,0.01107683454104632,2.2009613390624647,True,False,[16],[0.11267282146958847]
118,5,2635,1,0.010775788481963982,3.182564731557306,True,False,[7],[0.11192306436332244]
118,6,1805,1,0.011416271291811653,2.8836660776522165,True,False,[8],[0.20645341088195238]
118,7,2528,2,0.008593163927216095,3.042058836783419,True,False,"[8, 15]","[0.1757152815378908, 0.14325352120723758]"
118,8,241,2,0.007980197953485682,2.387019438529577,True,False,"[8, 15]","[0.1309391727356268, 0.13285812170969405]"
118,10,1078,1,0.011207900500851409,2.9816665339550092,True,False,[8],[0.19720331153122572]
118,11,2569,1,0.01140974608580603,2.1010298881726746,True,False,[5],[0.12415615716278743]
118,12,2550,1,0.012270174423199838,2.423146678364513,True,False,[5],[0.1231882004717803]
118,13,1448,1,0.010202046112121992,2.728339591617034,True,False,[12],[0.12688016760620893]
118,14,0,1,0.010483200287321214,1.9878914692444658,True,False,[7],[0.14991494791465995]
118,15,488,1,0.01279412437702868,2.667483249611589,True,False,[12],[0.1967000131707428]
118,16,2546,1,0.012594881644310219,2.060752726988797,True,False,[7],[0.12111794122161687]
118,17,1434,1,0.008777290060299217,2.075908373773575,True,False,[7],[0.12014503663447675]
118,18,2592,1,0.009090564128405795,2.535073870726369,True,False,[7],[0.12809694629086615]
118,19,2524,1,0.010307471983980852,3.08602116358472,True,False,[7],[0.13493614893772846]
118,21,2526,3,0.0062222433407392655,2.188065572046111,True,False,"[7, 8, 16]","[0.1319970261291119, 0.13621936241591204, 0.15490506977065494]"
118,22,1050,1,0.010315937095628868,2.233059093279277,True,False,[8],[0.12633100890043014]
119,0,2571,1,0.009589743316876355,2.3260557001210844,True,False,[15],[0.1214338240760791]
119,1,666,2,0.008192844857072676,3.101722229923661,True,False,"[7, 15]","[0.1412693806950669, 0.11081135345464276]"
119,2,1625,2,0.007458854641887868,2.0609613020376347,True,False,"[8, 15]","[0.1417196631569821, 0.10868921833864824]"
119,3,2209,1,0.009495963176452285,2.233570823841164,True,False,[15],[0.13216643614294935]
119,4,389,2,0.008353867634950362,2.201471100321456,True,False,"[12, 16]","[0.12144669932659054, 0.11600682444485313]"
119,5,2635,1,0.008981735778861617,3.1865542394500617,True,False,[8],[0.13179280758736453]
119,6,1805,1,0.010726376087129647,2.891474455941163,True,False,[8],[0.1965702850059553]
119,7,2528,1,0.011448571955345623,3.0411782500977838,True,False,[15],[0.14080953334152918]
119,8,241,1,0.009744141839860401,2.4385778933999047,True,False,[7],[0.11862207417774673]
119,9,341,1,0.009568996349771064,2.1809618787194296,True,False,[16],[0.08006068036534121]
119,10,1078,1,0.010634294928849215,3.040226630811634,True,False,[5],[0.127552036473915]
119,11,2569,2,0.00846106251722347,2.1103393973682123,True,False,"[7, 15]","[0.12124778543498481, 0.1484768565649871]"
119,12,2550,1,0.01085254920879468,2.4272342178797945,True,False,[8],[0.14314648227776264]
119,15,488,2,0.008571351892213237,2.669656063105944,True,False,"[8, 15]","[0.19712695151422258, 0.17230923583370658]"
119,16,2546,1,0.012235848982712965,2.0665903666318286,True,False,[5],[0.15077736845962442]
119,17,1434,1,0.008343271823328557,2.121602102103426,True,False,[7],[0.11229408093041876]
119,18,2592,1,0.010609318531151291,2.5807506000404135,True,False,[5],[0.1296887091656278]
119,19,2524,2,0.008198772463478941,3.126814910929246,True,False,"[7, 11]","[0.11895764417768645, 0.0600932093194976]"
119,20,1261,1,0.0110486266968106,2.554202799534961,True,False,[8],[0.12509562754476145]
119,21,2526,2,0.00788696272150604,2.1907077640457406,True,False,"[7, 15]","[0.13044760916154235, 0.13133447131654968]"
119,22,1050,1,0.010258778315657413,2.246603129121095,True,False,[8],[0.12674074814274505]
119,23,2597,3,0.006446381810864554,3.171253546362154,True,False,"[7, 8, 12]","[0.11663471459973145, 0.09748968021527228, 0.12360037835000494]"
120,0,2571,2,0.007859352109189829,2.3425295438510103,True,False,"[7, 8]","[0.13627265751268916, 0.1425694666110476]"
120,1,666,1,0.008934396011859542,3.172077374075192,True,False,[15],[0.1160949906527162]
120,2,1625,1,0.012027029905627646,2.0648039848606534,True,False,[15],[0.11981439276639866]
120,3,2209,1,0.013034854300016658,2.2535955720096745,True,False,[7],[0.11469263186991564]
120,4,389,3,0.006731780568894959,2.2092589524615533,True,False,"[7, 8, 12]","[0.10002835645917119, 0.12828740974518354, 0.12314605173446906]"
120,5,2635,1,0.0094266114612366,3.1864065738426652,True,False,[8],[0.13003532735021942]
120,6,1805,1,0.011294761425194698,2.9587480545921454,True,False,[5],[0.14005715460742618]
120,7,2528,1,0.008665790218905838,3.0717870850741265,True,False,[8],[0.16580037829197267]
120,8,241,2,0.006979394221047124,2.4657996821272903,True,False,"[7, 15]","[0.11688179731473969, 0.11736901048242598]"
120,9,341,1,0.01180305159620855,2.1730538930916645,True,False,[12],[0.16075879174503674]
120,10,1078,1,0.01172256346495418,3.0989042965725866,True,False,[7],[0.12929292225867278]
120,11,2569,1,0.010454100343286662,2.123922392277903,True,False,[7],[0.13605864308257962]
120,15,488,1,0.01167203755427958,2.671040221855648,True,False,[8],[0.19893952311510266]
120,16,2546,1,0.012640893153417744,2.0650103694578092,True,False,[16],[0.1565596302947365]
120,17,1434,1,0.01024287828350383,2.122298339698935,True,False,[15],[0.14834662327506556]
120,18,2592,1,0.01114327086698025,2.5933566971118887,True,False,[16],[0.08955451365629975]
120,19,2524,2,0.00917477611255965,3.15304084109635,True,False,"[7, 11]","[0.11504393063387812, 0.08717508667118999]"
120,20,1261,1,0.011300660656730792,2.553891528864297,True,False,[8],[0.1328435029935182]
120,22,1050,1,0.011791242313849945,2.2604790741077605,True,False,[5],[0.1548379905236419]
120,23,2597,2,0.009309814615706439,3.1739561795556783,True,False,"[7, 12]","[0.12661602095384017, 0.1358214093324487]"
121,0,2571,1,0.009422012359084195,2.363493932413687,True,False,[15],[0.12081985994164823]
121,1,666,1,0.01003526077194135,3.2320442820974318,True,False,[15],[0.1226044678722137]
121,2,1625,2,0.009023839565625259,2.069936536323786,True,False,"[8, 15]","[0.14597932011042636, 0.12993936572566078]"
121,3,2209,2,0.008170559394656303,2.271638248412543,True,False,"[7, 15]","[0.10177639107980259, 0.14639758897069996]"
121,4,389,1,0.010119919776158953,2.2245677463648508,True,False,[7],[0.11329358578797517]
121,5,2635,2,0.009053003888752145,3.1610667980119724,True,False,"[8, 11]","[0.1331821366198145, 0.10133518661361879]"
121,6,1805,1,0.01166268182884764,3.024872533462939,True,False,[5],[0.14804516203791826]
121,7,2528,1,0.012328212240698229,3.071479132888655,True,False,[15],[0.16104042275542937]
121,8,241,1,0.008937258772078318,2.4656721997715785,True,False,[15],[0.1221974347352054]
121,9,341,2,0.00895866916158656,2.1866502608418954,True,False,"[7, 16]","[0.15655200924324825, 0.0971748602622098]"
121,10,1078,2,0.008950785843569542,3.1187635131967633,True,False,"[7, 15]","[0.14118803679164674, 0.17142508838613302]"
121,12,2550,1,0.011543062033774204,2.477969739192883,True,False,[5],[0.11751352952075968]
121,13,1448,1,0.011310948253947255,2.7508517171242914,True,False,[7],[0.1663307133471649]
121,14,0,1,0.012062326400909732,2.0302341992958666,True,False,[5],[0.11591740070264235]
121,15,488,1,0.011176910018789182,2.724920592900787,True,False,[5],[0.14482434641770026]
121,17,1434,1,0.008349152171931743,2.1701208988093463,True,False,[7],[0.1062562516915194]
121,18,2592,1,0.013284217400900912,2.5347772265736195,True,False,[12],[0.12825210780414975]
121,19,2524,2,0.010496548258014118,3.191109772549357,True,False,"[7, 11]","[0.1372021502909106, 0.11799827538322018]"
121,20,1261,1,0.010197873850509657,2.6089352283166334,True,False,[5],[0.12250994464270443]
121,22,1050,1,0.011246518639509847,2.283532036530475,True,False,[5],[0.1447036110948357]
121,23,2597,1,0.012766488150898397,3.1315609290832116,True,False,[12],[0.14624599228482454]
122,0,2571,1,0.011193760358094558,2.4102346670561636,True,False,[5],[0.1313637452614177]
122,1,2925,1,0.05279166038768969,2.3402602883044015,True,False,[15],[0.11890324474483488]
122,2,666,3,0.006151442146533183,3.2449195888885596,True,False,"[7, 8, 15]","[0.13362123345345348, 0.13361390620381572, 0.10852444178604129]"
122,3,1625,1,0.010250211378221111,2.0835018574481055,True,False,[15],[0.1357619442038254]
122,4,2209,1,0.009675033904775903,2.2932543357007495,True,False,[15],[0.10762455437904257]
122,6,2635,2,0.006622173360929582,3.2030665726499197,True,False,"[7, 12]","[0.13983017795507202, 0.1577917714239723]"
122,7,1805,2,0.006941883194281946,3.0598491762288282,True,False,"[7, 8]","[0.17806497159824272, 0.16799220593722147]"
122,8,2528,2,0.008330971349979063,3.059164426083226,True,False,"[15, 16]","[0.13521977040260263, 0.1471807623009233]"
122,9,241,1,0.010057343297695429,2.466141504207957,True,False,[15],[0.11914950410802644]
122,10,341,1,0.010926376172996665,2.1855306560190804,True,False,[5],[0.12930426534021763]
122,14,1448,1,0.009368352431416817,2.791775818042466,True,False,[7],[0.15326007807627157]
122,16,488,1,0.011197545517180382,2.7627761822314194,True,False,[7],[0.1285646326859201]
122,17,2546,1,0.009193609417699774,2.0930823458215686,True,False,[7],[0.10766953111645215]
122,18,1434,1,0.011503718309970023,2.172887652692263,True,False,[15],[0.16424173806697548]
122,21,1261,1,0.01069831952286252,2.6615956623878976,True,False,[5],[0.13936532031266605]
123,0,2571,3,0.007023748616572986,2.41987102475389,True,False,"[7, 12, 15]","[0.1331207016138475, 0.14604759208844867, 0.12684011356568647]"
123,1,2925,2,0.008830316376508723,2.34049515940145,True,False,"[15, 17]","[0.11564979876484748, 0.04915902469261635]"
123,4,2209,2,0.0069022725165191695,2.3084332977733415,True,False,"[8, 15]","[0.12996920995009031, 0.10898435177212773]"
123,5,389,1,0.011486080332303914,2.212175529200298,True,False,[12],[0.14707273868788615]
123,6,2635,2,0.008195761744037468,3.1993982307768616,True,False,"[8, 11]","[0.1862587921541783, 0.06402383722623145]"
123,7,1805,2,0.006559770814730284,3.10438725722553,True,False,"[7, 8]","[0.15850657300342755, 0.1531656224744569]"
123,8,2528,2,0.009465425957001656,3.0968974169097483,True,False,"[7, 8]","[0.1444809787343453, 0.14773159397175678]"
123,9,241,1,0.009994815956184315,2.468001871160497,True,False,[15],[0.11829519782683837]
123,10,341,2,0.009202726896433878,2.186132300911542,True,False,"[8, 16]","[0.20205479514331146, 0.0970397406813808]"
123,11,1078,1,0.01380361977062928,3.1338386819139794,True,False,[11],[0.06921972299208808]
123,12,2569,1,0.010911092389239069,2.1405579440174867,True,False,[7],[0.11869293276379803]
123,13,2550,1,0.011777906226931078,2.5013809876963387,True,False,[8],[0.14011778980507184]
123,14,1448,1,0.011295982482411834,2.7922894932443247,True,False,[12],[0.16423263881588604]
123,15,0,1,0.01233054088734319,2.049843708472204,True,False,[6],[0.079153756635659]
123,16,488,1,0.009707546835063344,2.8073567841609193,True,False,[7],[0.12726836311706266]
123,17,2546,1,0.011057477624811494,2.1140591940258284,True,False,[7],[0.12470433088740276]
123,18,1434,2,0.00886984252934072,2.197193280617198,True,False,"[7, 15]","[0.13154066330565706, 0.16389881876264742]"
123,19,2592,1,0.009694806460410772,2.5516589366616578,True,False,[8],[0.11384334127460251]
123,21,1261,2,0.007446440277610796,2.676468103762023,True,False,"[7, 8]","[0.1281819445280088, 0.14759303004975394]"
123,22,2526,2,0.008304800919599226,2.1726607378899794,True,False,"[8, 12]","[0.1301050840142665, 0.12954860172024188]"
123,23,2933,1,0.04503921705966712,2.6702412043711017,True,False,[12],[0.13041428233053368]
124,0,2571,2,0.0076709811107583525,2.434428025837309,True,False,"[7, 16]","[0.13462454130679194, 0.0853589673258646]"
124,1,2925,2,0.008448159131300375,2.319542599422765,True,False,"[7, 12]","[0.14691404302808625, 0.09597380876375512]"
124,2,666,1,0.010720062415045438,3.255045671945205,True,False,[15],[0.10312600236985407]
124,3,1625,1,0.010168997858554584,2.1067994084515442,True,False,[15],[0.12609904502089986]
124,4,2209,3,0.007118061870111657,2.318623940663576,True,False,"[7, 15, 16]","[0.1219571113289855, 0.11622170559096302, 0.1294312993244229]"
124,5,389,3,0.007732910121086219,2.231050284319833,True,False,"[7, 12, 15]","[0.11791806934843709, 0.15120307397707342, 0.16177190598027402]"
124,6,2635,2,0.00816728471174184,3.182111562358659,True,False,"[8, 11]","[0.17405226126342715, 0.08446455840527403]"
124,7,1805,1,0.00823010554799857,3.17905574318159,True,False,[7],[0.14479197577669348]
124,8,2528,2,0.009324536687001393,3.0796655678359484,True,False,"[11, 12]","[0.0727217930034769, 0.16366043645284137]"
124,9,241,1,0.012292027301770033,2.476133781839085,True,False,[8],[0.16826923596122942]
124,10,341,2,0.00792765190624211,2.1984772355599573,True,False,"[7, 16]","[0.12639467099628077, 0.08454719660403807]"
124,12,2569,2,0.00787423278368182,2.162588835905019,True,False,"[7, 8]","[0.13438692217860765, 0.14571393111147812]"
124,13,2550,2,0.007722112694912447,2.5364954489566696,True,False,"[7, 8]","[0.1544872868069594, 0.13347845556769172]"
124,14,1448,1,0.010097612434467268,2.836499330807241,True,False,[8],[0.17870262767196973]
124,15,0,1,0.012256957703950702,2.093576303196272,True,False,[5],[0.12970389941793176]
124,17,2546,2,0.010451350328498957,2.0970931574068987,True,False,"[7, 16]","[0.1383416251283201, 0.15054557907523702]"
124,18,1434,1,0.011302053022330316,2.241963557123462,True,False,[5],[0.12626329829246813]
124,19,2592,2,0.007179612851604936,2.5673181279425386,True,False,"[7, 16]","[0.12939133131956432, 0.11551777593524815]"
124,20,2524,2,0.008261539208949674,3.225070377868618,True,False,"[7, 15]","[0.14760746865665922, 0.15058478736832817]"
124,22,2526,2,0.007646687271601248,2.1951494507639593,True,False,"[7, 15]","[0.13804809866264214, 0.10738250113170902]"
124,23,2933,2,0.009126348488119922,2.6927959663361323,True,False,"[7, 15]","[0.1277906852298634, 0.15600203033737076]"
125,0,2571,2,0.00792495419760943,2.457598165846921,True,False,"[7, 8]","[0.13652715571142005, 0.14107374471142506]"
125,1,2925,3,0.007154834168978047,2.3092484117810783,True,False,"[7, 12, 15]","[0.13932253018395202, 0.10159001508851445, 0.10700327041104303]"
125,2,666,1,0.010737024730764707,3.2649417191822176,True,False,[7],[0.14247412181420577]
125,3,1625,1,0.009916049703486095,2.1354677751524145,True,False,[15],[0.11934476709989378]
125,4,2209,1,0.010828058857946242,2.3458884587825777,True,False,[15],[0.10631641250255927]
125,5,389,1,0.011220574656642272,2.2246018733444086,True,False,[12],[0.16157347666419417]
125,6,2635,3,0.006858183935883952,3.183234145365537,True,False,"[7, 8, 11]","[0.14311467418202464, 0.16088515347735513, 0.10863689506698786]"
125,7,1805,2,0.007430797548600748,3.23461325096594,True,False,"[7, 8]","[0.16148723473644455, 0.17447443423103373]"
125,8,2528,1,0.010620997825712039,3.0790142055072356,True,False,[15],[0.13450001298031974]
125,10,341,1,0.009961088328433234,2.2231368248374834,True,False,[16],[0.07637509310905005]
125,12,2569,2,0.006969030275411762,2.172693892869011,True,False,"[8, 15]","[0.14828211994309387, 0.13047865062225628]"
125,13,2550,1,0.01064325291664196,2.564737581405448,True,False,[8],[0.11412874879111468]
125,14,1448,1,0.011542413735466248,2.8370546852213705,True,False,[12],[0.15824427918015077]
125,16,488,2,0.008637076296789895,2.8127568004530934,True,False,"[8, 15]","[0.17027243063829903, 0.1344383086156895]"
125,17,2546,1,0.012514852943210314,2.1080869431800906,True,False,[8],[0.1630106582644856]
125,19,2592,1,0.010623313248791977,2.5736726478431273,True,False,[16],[0.11747445174476265]
125,20,2524,1,0.010465204589149988,3.295990520971916,True,False,[5],[0.13190669868159707]
125,21,1261,1,0.010527862746869466,2.7290719243782124,True,False,[5],[0.1430768098779663]
125,22,2526,2,0.00675551586885148,2.2107463814783084,True,False,"[7, 8]","[0.14469083321581427, 0.138777262717581]"
125,23,2933,1,0.011321688012475593,2.6984676743282505,True,False,[16],[0.12759050266583521]
126,0,2571,2,0.00795637014409793,2.4682171196895015,True,False,"[8, 15]","[0.14217946528279699, 0.121354193943638]"
126,1,2925,1,0.009157103825723763,2.313593998654133,True,False,[8],[0.13387900628235708]
126,3,1625,2,0.007044200735934809,2.1516054462904033,True,False,"[8, 15]","[0.12927049471074303, 0.10628387400799255]"
126,4,2209,2,0.007505194157457965,2.364048558425035,True,False,"[7, 15]","[0.11133389797188631, 0.11559009553568307]"
126,5,389,1,0.01155419927668259,2.2110098960464484,True,False,[12],[0.16759013075017373]
126,6,2635,1,0.011364356985249045,3.223621026530176,True,False,[5],[0.1445892598948889]
126,7,1805,2,0.00806742356321162,3.286684740110234,True,False,"[7, 8]","[0.16019001220696832, 0.19831779461326107]"
126,8,2528,1,0.010253417017133216,3.112689380336256,True,False,[8],[0.13508492034812383]
126,10,341,1,0.010641095710121867,2.2407163744372656,True,False,[16],[0.08338813130522992]
126,11,1078,1,0.008685779921827933,3.2009699166875434,True,False,[7],[0.12361837518843549]
126,12,2569,1,0.010089161175087572,2.19302029933778,True,False,[8],[0.14714113883407864]
126,15,0,1,0.012528966476575821,2.1101518299560054,True,False,[6],[0.07379850685473761]
126,16,488,1,0.008991881588394169,2.862713576099086,True,False,[7],[0.1212933204361315]
126,19,2592,2,0.00765310866954997,2.588335813662999,True,False,"[7, 16]","[0.1250556818825537, 0.11704446923601924]"
126,20,2524,1,0.010163910136369076,3.305978792586335,True,False,[15],[0.14746923308940327]
126,21,1261,2,0.0087909765923206,2.746548738865345,True,False,"[7, 8]","[0.13305092329095944, 0.16185009687200544]"
126,22,2526,3,0.006603643575220321,2.211422010256824,True,False,"[7, 12, 15]","[0.13521631551924182, 0.13118306917403985, 0.10801982567362417]"
126,23,2933,1,0.012844458394837508,2.6637928398547137,True,False,[12],[0.13463401502288122]
127,0,2571,1,0.012104637809005482,2.464175158198689,True,False,[8],[0.16447575947478724]
127,1,2925,3,0.0071170612625789595,2.320995127069326,True,False,"[7, 8, 17]","[0.1348572340377696, 0.1385982474644103, 0.06882061321810652]"
127,2,666,1,0.011597815501074867,3.2883868711629525,True,False,[15],[0.0944945099140423]
127,3,1625,2,0.008337133095536792,2.1663244425887886,True,False,"[7, 8]","[0.10324565130918097, 0.13199810222320507]"
127,4,2209,1,0.011864099902975446,2.3735421735986706,True,False,[5],[0.10646857615148976]
127,5,389,1,0.011842774858567977,2.2448706963473724,True,False,[5],[0.16305660458651805]
127,6,2635,2,0.007140407741966306,3.266348714984116,True,False,"[7, 12]","[0.1433148548642722, 0.16556793156980332]"
127,7,1805,2,0.008550183983053353,3.3158613526200598,True,False,"[7, 11]","[0.15747598947835584, 0.06982658543790615]"
127,8,2528,2,0.007044395347693695,3.1407275125776954,True,False,"[8, 15]","[0.13670129879191617, 0.13675118103624304]"
127,9,241,1,0.010354709077484054,2.4814253038462533,True,False,[15],[0.1193763357625195]
127,11,1078,1,0.009606425364271653,3.261432916947092,True,False,[7],[0.12802492052826525]
127,12,2569,2,0.007543733093928066,2.202151030882629,True,False,"[8, 15]","[0.13783866798247946, 0.14265371155677176]"
127,13,2550,1,0.010931120338924944,2.597439636549075,True,False,[8],[0.1125505328740072]
127,14,1448,1,0.010002614669501574,2.8945410002002525,True,False,[5],[0.12073345474179661]
127,15,0,1,0.01215345277237647,2.1226340978811544,True,False,[6],[0.06826506308850175]
127,16,488,1,0.0094723821585292,2.9106949797997346,True,False,[7],[0.12239367657721781]
127,17,2546,1,0.01038209501031903,2.1545490640160367,True,False,[5],[0.14048122766802923]
127,18,1434,1,0.0090804344029755,2.2908065962156146,True,False,[7],[0.12799751717214825]
127,19,2592,2,0.007098626887088648,2.5965841112440886,True,False,"[8, 16]","[0.11183349420380585, 0.11278562895259574]"
127,21,1261,1,0.010928886773399892,2.7428238562884273,True,False,[12],[0.1179829279570244]
127,22,2526,2,0.007425463428305542,2.2109928433455512,True,False,"[7, 12]","[0.11581261264082598, 0.13805766356846605]"
127,23,2933,2,0.008331915215154391,2.6459829184854393,True,False,"[12, 15]","[0.1245865429480274, 0.14840630911419259]"
128,1,2925,2,0.0077829804660304435,2.3356219524135735,True,False,"[7, 8]","[0.13363556509819327, 0.13531550260703026]"
128,2,666,1,0.010643478906725665,3.327627290774451,True,False,[5],[0.13369001323799434]
128,3,1625,1,0.011448473077599232,2.191648100416145,True,False,[5],[0.11719002702054272]
128,4,2209,2,0.007957885191494894,2.384303808759327,True,False,"[7, 15]","[0.11409949207588271, 0.10842806773075812]"
128,5,389,1,0.010366865696683419,2.275810057020898,True,False,[15],[0.15851457914188208]
128,7,1805,1,0.010460751164487659,3.3362495195357216,True,False,[8],[0.21980986586331697]
128,8,2528,2,0.007585336952890955,3.1414968712203186,True,False,"[12, 15]","[0.1629223112499752, 0.13030697882568557]"
128,10,341,1,0.011216260058815236,2.234621764199709,True,False,[8],[0.18790723213698915]
128,11,1078,1,0.010895877356650416,3.3200305330778233,True,False,[5],[0.13309458638890775]
128,12,2569,2,0.0090690757322305,2.2065633649390546,True,False,"[8, 15]","[0.14792817561720184, 0.16057717212826986]"
128,14,1448,2,0.008124167137192929,2.938996173503726,True,False,"[7, 8]","[0.151383916446447, 0.17023788468606518]"
128,15,0,1,0.012018706509479839,2.169843830131794,True,False,[5],[0.11738912439452563]
128,20,2524,1,0.01061898036094094,3.366834742322063,True,False,[7],[0.13751908257985307]
128,22,2526,1,0.009448911232432003,2.204703901642306,True,False,[8],[0.14410987935878197]
128,23,2933,2,0.009937939736639728,2.6347518410687663,True,False,"[7, 12]","[0.1353120919763363, 0.13243142515505882]"
129,0,2571,1,0.012168526634614419,2.4675319342416033,True,False,[8],[0.1516004867152267]
129,1,2925,1,0.009654931920028175,2.34989918899157,True,False,[8],[0.1178432848542874]
129,2,666,1,0.009210868632812418,3.3416777411378025,True,False,[8],[0.13073287054511962]
129,3,1625,2,0.007748409976750858,2.2062916674656288,True,False,"[7, 15]","[0.10995674512339111, 0.09952560816695916]"
129,4,2209,1,0.012747450548092395,2.389209033393321,True,False,[7],[0.11729752196662573]
129,5,389,1,0.011034086901823573,2.277395952824599,True,False,[8],[0.12480387486407361]
129,6,2635,1,0.008402837444003587,3.3303706739919763,True,False,[7],[0.1392971217876967]
129,7,1805,1,0.008712966294708994,3.4045038754166574,True,False,[7],[0.14029631756702468]
129,8,2528,1,0.011665385501222479,3.173158768341024,True,False,[7],[0.14746262256469053]
129,9,241,1,0.011037968806107168,2.4991227700987353,True,False,[7],[0.13820004235802294]
129,10,341,1,0.00931823897474526,2.2372124988800146,True,False,[8],[0.1697923857821553]
129,11,1078,1,0.009914660888178784,3.3349420387171937,True,False,[8],[0.148959420513268]
129,13,2550,1,0.01081996079346294,2.6322473269487583,True,False,[8],[0.10813064818677157]
129,16,488,1,0.010984030273445826,2.9099366152290584,True,False,[8],[0.17952890006153716]
129,17,2546,1,0.013468802675466624,2.1614747629227598,True,False,[7],[0.15543945308289145]
129,18,1434,1,0.009646314729228502,2.34031016324429,True,False,[7],[0.12939495539014295]
129,19,2592,1,0.010297797890331651,2.644189148797553,True,False,[5],[0.1296426883302256]
129,20,2524,1,0.010310933528626663,3.3684131051778357,True,False,[15],[0.15702713555138215]
129,21,1261,1,0.010223261603404697,2.7397236838334913,True,False,[12],[0.13112231939898578]
129,22,2526,1,0.010996716669408872,2.2150192311885664,True,False,[5],[0.15739431723807656]
129,23,2933,1,0.012972280794152236,2.5919736184092637,True,False,[12],[0.1307954861107266]
130,0,2571,2,0.0077019933337886355,2.4833276661983397,True,False,"[8, 15]","[0.13818372080533084, 0.11470717844070033]"
130,1,2925,2,0.009250281217576213,2.361912385205276,True,False,"[7, 17]","[0.1323292493134598, 0.08731278702591501]"
130,2,666,1,0.009550746863968129,3.385881616629309,True,False,[15],[0.1112018696408781]
130,3,1625,1,0.010530613117304431,2.2213642949942134,True,False,[15],[0.10359882616324412]
130,4,2209,1,0.012516469373707071,2.4076936254217025,True,False,[7],[0.10107882657189529]
130,5,389,1,0.010436136293257875,2.3098205554335656,True,False,[7],[0.11694974854191922]
130,6,2635,2,0.006543602714576075,3.37262468199151,True,False,"[7, 8]","[0.13439592301923023, 0.14530900893127757]"
130,8,2528,1,0.012213641041748649,3.16430108740189,True,False,[15],[0.15149756980180987]
130,11,1078,1,0.010663463448823397,3.4023795246196484,True,False,[5],[0.12108784640823832]
130,13,2550,1,0.01069041442842986,2.6674856206761803,True,False,[8],[0.10634766714739073]
130,14,1448,1,0.01206403607109204,2.9343909532486077,True,False,[12],[0.1837178298518116]
130,16,488,1,0.010801807012033747,2.968162711041337,True,False,[5],[0.1433483552662662]
130,17,2546,1,0.010275894958503779,2.2110509055954566,True,False,[5],[0.13443935242088048]
130,18,1434,1,0.008885500392347059,2.395829324001645,True,False,[7],[0.12439695088064806]
130,19,2592,2,0.007270683824371564,2.651265762670199,True,False,"[8, 16]","[0.10566888674893166, 0.10545479042939379]"
130,20,2524,1,0.011154758186733173,3.424778467391749,True,False,[7],[0.13553347260538723]
130,21,1261,1,0.012661913068351245,2.7655694465081546,True,False,[7],[0.1411489787384181]
130,22,2526,1,0.009673522290599004,2.205939917886403,True,False,[8],[0.15298888204343783]
130,23,2933,1,0.01095133800067899,2.643823627192079,True,False,[5],[0.19032948805207778]
131,1,2925,3,0.007559453667703058,2.3437791607040186,True,False,"[12, 15, 17]","[0.12187734104278031, 0.10951008072870692, 0.09067174507345598]"
131,2,666,1,0.012085123927973932,3.3900898558931485,True,False,[7],[0.1481641933407505]
131,3,1625,1,0.01064267905240838,2.2380725440734923,True,False,[8],[0.13548152422752407]
131,4,2209,1,0.010927642492391892,2.4308614700262416,True,False,[15],[0.1120203880802115]
131,6,2635,2,0.006491790427244018,3.4255162612273238,True,False,"[7, 8]","[0.14262716778666973, 0.14778253784053447]"
131,7,1805,1,0.009887673067767614,3.4662869913357266,True,False,[5],[0.18449904685592658]
131,8,2528,1,0.008816274222363332,3.2181390953149527,True,False,[8],[0.13722141590905487]
131,10,341,1,0.011196087399332713,2.256619040087617,True,False,[16],[0.07789990002116261]
131,11,1078,1,0.010717823678371315,3.470879270300861,True,False,[5],[0.11790219949380303]
131,13,2550,1,0.010783815160589892,2.704504321729899,True,False,[7],[0.1477115271104583]
131,14,1448,1,0.009638024461639257,2.9746967654759033,True,False,[7],[0.1419672352843019]
131,15,0,1,0.011781340117592088,2.181438125556651,True,False,[6],[0.060328331807570364]
131,16,488,2,0.006690912407060409,2.997105828200525,True,False,"[7, 8]","[0.13570015496107127, 0.1665611390426401]"
131,17,2546,1,0.010531611321474402,2.2127594660255117,True,False,[15],[0.15502035433646177]
131,18,1434,1,0.010807910971302473,2.4470400759582316,True,False,[5],[0.11471535044892547]
131,21,1261,1,0.009601154251119202,2.7799004651147543,True,False,[8],[0.14704656433237676]
131,22,2526,1,0.009079629816303178,2.257724296283154,True,False,[7],[0.11136336246356088]
131,23,2933,2,0.009064156316843167,2.6224008125761284,True,False,"[12, 15]","[0.12198783932654524, 0.14978761480040542]"
132,0,2571,2,0.008551837660279225,2.4653102148133477,True,False,"[12, 16]","[0.14214834827037562, 0.08067504908111522]"
132,1,2925,1,0.01057627561631495,2.3733483883696733,True,False,[5],[0.1422568791425759]
132,2,666,1,0.010739626963504861,3.424637068552182,True,False,[15],[0.11453428371253878]
132,3,1625,2,0.008108598172301518,2.270907697733184,True,False,"[7, 8]","[0.10895733945160564, 0.1339696928792479]"
132,4,2209,3,0.006029382907915461,2.446758422835629,True,False,"[7, 8, 15]","[0.0842042024603393, 0.13760522008001133, 0.1054076913123699]"
132,5,389,1,0.011621570932398802,2.3501582421895892,True,False,[5],[0.15675065871768573]
132,6,2635,2,0.009616150157330229,3.4080477645618434,True,False,"[8, 11]","[0.1534450771264772, 0.14303800672544817]"
132,7,1805,1,0.009963983281128113,3.528912029152601,True,False,[7],[0.16199031370649825]
132,8,2528,2,0.009638043278256857,3.2285440097576967,True,False,"[7, 12]","[0.1570470458479794, 0.1802118694865112]"
132,9,241,1,0.010339254017322358,2.5041725176636125,True,False,[15],[0.11405377829305711]
132,10,341,1,0.012206562309950889,2.2629161845394066,True,False,[7],[0.13972604296491234]
132,11,1078,1,0.01093209357329977,3.4931584610056277,True,False,[15],[0.15413233070876256]
132,12,2569,1,0.01121691839648756,2.20116038085633,True,False,[15],[0.1693146296483955]
132,13,2550,1,0.010558493063030831,2.741149750347537,True,False,[8],[0.10877620006782446]
132,14,1448,1,0.010982245382225125,3.010877570445157,True,False,[8],[0.19560940859482603]
132,15,0,1,0.011253290864778661,2.1972611790024366,True,False,[6],[0.055391873907922135]
132,16,488,1,0.010387624629098929,2.9979460029984266,True,False,[8],[0.1584136574804451]
132,17,2546,1,0.010106794029870381,2.2631151282636237,True,False,[5],[0.1254611750966791]
132,18,1434,1,0.008105829339936449,2.505855929173811,True,False,[7],[0.1135489528056033]
132,21,1261,1,0.011110742086979746,2.787731011367172,True,False,[8],[0.16715981430424598]
132,22,2526,2,0.0070582845073469316,2.2829422245496738,True,False,"[7, 15]","[0.11008348824652664, 0.11145231989290046]"
132,23,2933,1,0.012885048095003114,2.5786932300295655,True,False,[12],[0.11446654169106404]
133,0,2571,1,0.008823184069560022,2.5016102329304117,True,False,[7],[0.13897628892748642]
133,1,2925,2,0.007954561311872535,2.3757841145966196,True,False,"[8, 17]","[0.1146804007666373, 0.08951819993001964]"
133,2,666,1,0.011698388297929033,3.4461642962340107,True,False,[15],[0.15494922499474303]
133,3,1625,1,0.011224487363032843,2.2844391349848627,True,False,[15],[0.11560754522304445]
133,4,2209,2,0.008500745383982277,2.4520041322738266,True,False,"[7, 15]","[0.09940833180471326, 0.11580928662440128]"
133,6,2635,1,0.010215710525085542,3.4356881605108405,True,False,[12],[0.16885519485124803]
133,7,1805,1,0.01035852556132957,3.5852894219568547,True,False,[7],[0.16012955638650714]
133,8,2528,2,0.007607777107736843,3.2361751790580713,True,False,"[8, 16]","[0.14881271493437534, 0.17383120848003109]"
133,9,241,2,0.007246658414767424,2.5199902868012485,True,False,"[7, 15]","[0.1257734599391584, 0.10260987232176089]"
133,10,341,2,0.007688537325992484,2.2708096600398417,True,False,"[7, 16]","[0.1347693735143953, 0.07494090157762294]"
133,12,2569,2,0.008667159225055739,2.21027001772,True,False,"[8, 15]","[0.1492288436993837, 0.16804054937974888]"
133,13,2550,1,0.010706147538916294,2.7940470268202695,True,False,[5],[0.14299867760046217]
133,14,1448,1,0.010853905582005784,3.0668262962194652,True,False,[5],[0.1387203541950849]
133,16,488,2,0.0074810312862388225,3.030233168539908,True,False,"[7, 15]","[0.13641104364391007, 0.13293824833575787]"
133,17,2546,1,0.010165178230557277,2.3118257944972918,True,False,[5],[0.12167457816384811]
133,19,2592,1,0.010188712195143921,2.6587241726936237,True,False,[16],[0.10430263254485855]
133,20,2524,2,0.007410798975022044,3.462236732829417,True,False,"[7, 15]","[0.13904240264557574, 0.14127031802141002]"
133,21,1261,1,0.011942715479893028,2.787462183222433,True,False,[8],[0.16139511113180077]
133,22,2526,1,0.011057714627217455,2.2811120624600325,True,False,[16],[0.1336440339720244]
133,23,2933,2,0.008377136934663236,2.557242053670095,True,False,"[8, 12]","[0.09951963961681953, 0.10151742773666096]"
134,0,2571,1,0.011133525050719394,2.507109239317219,True,False,[8],[0.12155559262082231]
134,1,2925,2,0.0063596484432132585,2.378878621006342,True,False,"[8, 15]","[0.1059567942889052, 0.09850144764067194]"
134,3,1625,1,0.010023711428529454,2.3139188496808125,True,False,[7],[0.12728154458813118]
134,4,2209,2,0.008228266560300635,2.462930853549728,True,False,"[7, 15]","[0.08484705687719188, 0.0983584988191767]"
134,5,389,1,0.010782773273372029,2.3531185723169004,True,False,[16],[0.09399483692167125]
134,6,2635,2,0.009796307003276187,3.4233833735205237,True,False,"[8, 11]","[0.14304718738414532, 0.14024590559490047]"
134,7,1805,1,0.011770244188108797,3.6241968018376585,True,False,[7],[0.17646707554476582]
134,8,2528,2,0.008274940817636101,3.2461502575750636,True,False,"[7, 15]","[0.15232528350013344, 0.14679188604056864]"
134,9,241,1,0.010974948062296734,2.5447428990853207,True,False,[7],[0.12176343362434489]
134,10,341,1,0.009552883928660053,2.28121096009295,True,False,[7],[0.13422473495169115]
134,15,0,1,0.011767980809390132,2.2476203299915047,True,False,[5],[0.10419425715318947]
134,16,488,1,0.010833849269889862,3.0456855656791944,True,False,[15],[0.12853200216727706]
134,17,2546,1,0.012994034623767808,2.327843732924173,True,False,[7],[0.13519069162172073]
134,19,2592,1,0.010182529601195135,2.668008649392793,True,False,[8],[0.10315973185507143]
134,20,2524,1,0.00973556605689271,3.5426458830821543,True,False,[5],[0.12076441176955327]
134,22,2526,1,0.01071943018182207,2.2970796672764835,True,False,[5],[0.15861684423981434]
134,23,2933,3,0.007589245828722335,2.5477609284493337,True,False,"[12, 15, 16]","[0.10314010871651465, 0.14777993408013124, 0.12747604807710747]"
135,0,2571,1,0.010710718328698361,2.5155590918339175,True,False,[8],[0.11522564172609012]
135,1,2925,2,0.00875329627221921,2.3814951846920804,True,False,"[15, 17]","[0.09604492849991661, 0.09401983176564942]"
135,2,666,2,0.007953640047094066,3.464341929962396,True,False,"[7, 15]","[0.16262630816225657, 0.13851784626534866]"
135,3,1625,1,0.010151052583369421,2.341651409199954,True,False,[7],[0.13180770759074478]
135,5,389,1,0.011934238124090193,2.3263391822485247,True,False,[12],[0.1705168983592288]
135,6,2635,1,0.007727430274979038,3.5050933581789523,True,False,[7],[0.14060324727484655]
135,7,1805,1,0.009696543685875697,3.6924635356771236,True,False,[5],[0.17594107939816817]
135,8,2528,1,0.00966428627530328,3.2939052686030728,True,False,[8],[0.15270208472685717]
135,9,241,1,0.011285699330036038,2.5668852818005585,True,False,[7],[0.12386185220800004]
135,10,341,1,0.010187662317903811,2.3072218018941095,True,False,[16],[0.07015550266455853]
135,12,2569,1,0.010724724397826756,2.2589153831976745,True,False,[5],[0.1085990985766326]
135,13,2550,1,0.01079615025298916,2.82773282117496,True,False,[8],[0.09823184276354234]
135,14,1448,1,0.010854183901236221,3.0660607599039356,True,False,[15],[0.17743928935099013]
135,16,488,1,0.011194673974271553,3.045600814102041,True,False,[8],[0.16040528522722283]
135,17,2546,1,0.012312530401700062,2.3545209927692685,True,False,[7],[0.11938212821138297]
135,18,1434,1,0.010814096775576024,2.5573407481134445,True,False,[5],[0.11285507234353946]
135,20,2524,2,0.0077910943144028745,3.5896301519572202,True,False,"[7, 15]","[0.13882168638470713, 0.15187138490352986]"
135,22,2526,1,0.010258802180229327,2.3422914692298935,True,False,[7],[0.11352043738907823]
135,23,2933,2,0.008614704134051403,2.5425189275470186,True,False,"[12, 16]","[0.10304714443369908, 0.1275412882826873]"
136,0,2571,1,0.009622227466010005,2.522260350275529,True,False,[15],[0.11234237428374323]
136,1,2925,1,0.009717256704375711,2.3936393686316033,True,False,[15],[0.09902351057304812]
136,2,666,2,0.007648890183552188,3.4901907605840123,True,False,"[7, 15]","[0.1372921127158103, 0.130507567169562]"
136,3,1625,1,0.011917491032501233,2.3383071207226713,True,False,[16],[0.14949668864261656]
136,4,2209,2,0.010871570813039208,2.4787204392377316,True,False,"[7, 16]","[0.1105770783190636, 0.1499036155198917]"
136,5,389,2,0.009197068904524952,2.3257590164918627,True,False,"[12, 15]","[0.18123051545236307, 0.15996403672631498]"
136,6,2635,2,0.01043344821415847,3.4906397122518835,True,False,"[8, 11]","[0.14853037770604174, 0.14608891392743442]"
136,7,1805,2,0.01048086294212025,3.689939011458735,True,False,"[11, 15]","[0.09732117191961973, 0.17298320105316853]"
136,8,2528,2,0.008287772911075299,3.2894505135754804,True,False,"[12, 15]","[0.18655338787369455, 0.1400696812511019]"
136,9,241,2,0.006984698394013883,2.5856402326643453,True,False,"[7, 15]","[0.11751243560626223, 0.09593280479917962]"
136,12,2569,1,0.011737695814602123,2.2706307750927293,True,False,[7],[0.12120288262750258]
136,13,2550,1,0.01003679071569956,2.8648666836339616,True,False,[8],[0.09122809875860874]
136,14,1448,1,0.011348070706655332,3.101690186712388,True,False,[8],[0.19640407065954338]
136,16,488,1,0.008963984018673033,3.096857893929604,True,False,[7],[0.13584887702387582]
136,17,2546,1,0.012123027133539473,2.362622475302752,True,False,[8],[0.16210442358946053]
136,18,1434,1,0.0077879812867430965,2.6196124972477466,True,False,[7],[0.10793840292263254]
136,19,341,1,0.008807274948301606,2.3611841709128147,True,False,[16],[0.09933904458051727]
136,20,2524,1,0.009238569521324637,3.6701150371289284,True,False,[7],[0.13345943267078245]
136,21,1261,4,0.008045888163889629,2.7732703271193953,True,False,"[7, 8, 11, 12]","[0.136961203784585, 0.18020582338659988, 0.06329163880925388, 0.15041714897600383]"
136,22,2526,1,0.011803182000207156,2.3431375244790633,True,False,[15],[0.12140845148264699]
136,23,2933,3,0.006652710222750736,2.5438697203788214,True,False,"[8, 12, 16]","[0.10884482418164748, 0.09868901711194494, 0.12299988993976056]"
137,1,2925,1,0.01027470926163494,2.4058927471085614,True,False,[15],[0.1002847334555715]
137,2,666,1,0.012160035928307424,3.4958448661471815,True,False,[7],[0.14527125790312664]
137,3,1625,2,0.007824175708305852,2.3552481375432612,True,False,"[7, 15]","[0.1328218853042387, 0.12090907615595355]"
137,6,2635,1,0.010938453596197712,3.538203509834617,True,False,[5],[0.16162951530957648]
137,7,1805,1,0.013546175568919305,3.6899197465623033,True,False,[11],[0.12184658546376392]
137,9,241,2,0.006863103074997496,2.606464433566121,True,False,"[7, 15]","[0.10453261386788504, 0.08892566756026268]"
137,11,1078,1,0.009255471546432447,3.559800425211242,True,False,[7],[0.1335518100847883]
137,12,2569,1,0.01017763464197815,2.2853776981356146,True,False,[8],[0.15436662488947178]
137,13,2550,1,0.010578582046601184,2.9238765328358256,True,False,[5],[0.13706263766039115]
137,14,1448,1,0.011697045504212241,3.1106805279956027,True,False,[12],[0.17907645309965178]
137,16,488,3,0.007094523941053382,3.121854412847891,True,False,"[7, 8, 15]","[0.1471903123186936, 0.16070656301986058, 0.15239336903021009]"
137,17,2546,1,0.010058758860618982,2.367774599054746,True,False,[15],[0.16363488047226568]
137,18,1434,1,0.007712058141827102,2.6828108830928157,True,False,[7],[0.10681121533919462]
137,19,341,1,0.011425778782485121,2.3542207755177547,True,False,[15],[0.17296383427357945]
137,20,2524,1,0.00859931919986629,3.696793910968871,True,False,[15],[0.14399471024018115]
137,22,2526,1,0.010346942742009807,2.3897549605794706,True,False,[7],[0.11180506103039635]
138,0,2571,1,0.011852485705545094,2.4855085365877243,True,False,[12],[0.14647552652113563]
138,1,2925,2,0.010113053947975192,2.382187899178572,True,False,"[12, 15]","[0.13946432546528603, 0.10762936112694257]"
138,3,1625,2,0.009366713891533759,2.3628720167433195,True,False,"[8, 12]","[0.1551453328935791, 0.14922701005509817]"
138,4,2209,1,0.011679074592965195,2.480759688918514,True,False,[5],[0.13101456275099263]
138,5,389,1,0.010095033221827738,2.3556689668837776,True,False,[15],[0.16137063004434632]
138,6,2635,1,0.009395790211414267,3.61571690897849,True,False,[7],[0.15396145062642222]
138,7,1805,3,0.009212699694149704,3.703620251893995,True,False,"[7, 11, 15]","[0.17994286718515512, 0.14879537107386706, 0.19271934139574007]"
138,9,241,1,0.008579320088754306,2.6092245545822057,True,False,[15],[0.08155672018196074]
138,11,1078,1,0.009733845071386842,3.641849827187006,True,False,[5],[0.11824435720339284]
138,12,2569,1,0.012015228500952666,2.295810376702322,True,False,[7],[0.12923421221817458]
138,14,1448,2,0.007864551710864394,3.1314150243754533,True,False,"[8, 12]","[0.1879320504087555, 0.1948564941566588]"
138,17,2546,1,0.012060479485085675,2.402130440153477,True,False,[7],[0.11938728517497016]
138,18,3298,1,0.061911178730202285,3.1153695611635817,True,False,[5],[0.12755942521298375]
138,19,1434,1,0.010079227950182932,2.742342695973209,True,False,[5],[0.11990243981682834]
138,20,341,3,0.006179230916719343,2.370194762972269,True,False,"[8, 15, 16]","[0.13413841531274825, 0.14580347096774482, 0.08886065148164261]"
138,21,2524,1,0.010587586759405555,3.765771557613571,True,False,[7],[0.11264714248569946]
138,22,1261,1,0.009693327234912216,2.7757092633867306,True,False,[8],[0.15931168011693436]
138,23,2526,1,0.010506222609149145,2.4137403151815557,True,False,[5],[0.17603487363387071]
139,0,2571,1,0.009787156356196413,2.484511492308021,True,False,[15],[0.11681671903931773]
139,1,2925,1,0.011033535856513966,2.3910045359007333,True,False,[15],[0.09746318658361676]
139,2,666,1,0.009127306991492706,3.4978649482320714,True,False,[8],[0.12490642496693154]
139,3,1625,1,0.010795288930737494,2.389190362713157,True,False,[5],[0.11974757780354472]
139,4,2209,2,0.007201905096233006,2.5001877409875397,True,False,"[7, 8]","[0.09371862432829423, 0.13723262253325605]"
139,5,389,3,0.006370974519753152,2.3612225040244654,True,False,"[7, 8, 12]","[0.11619208232856737, 0.1219581019798587, 0.17114879107337252]"
139,6,2635,1,0.010183854548483452,3.624332302375943,True,False,[8],[0.14151232553436208]
139,7,1805,1,0.01326234563964887,3.703493184841244,True,False,[11],[0.1910853031105442]
139,9,241,1,0.011108184367944304,2.663203215950514,True,False,[5],[0.11964492760419693]
139,10,3244,1,0.02894749425277277,2.55371793199296,True,False,[7],[0.12687484669865012]
139,12,2569,1,0.010153077878280995,2.2941904118918455,True,False,[15],[0.170666159204672]
139,13,2550,1,0.010666661836475771,2.963477518489803,True,False,[8],[0.08801180808152165]
139,16,488,1,0.012243656810639353,3.1409384168265415,True,False,[15],[0.14414694302687853]
139,17,2546,1,0.009232687975360959,2.4112172058649017,True,False,[15],[0.15120074445074472]
139,18,3298,1,0.010310971984155905,3.1585347034884426,True,False,[5],[0.12244335664757096]
139,20,341,1,0.010047929660340654,2.371123208648008,True,False,[15],[0.15591289547022055]
139,21,2524,2,0.010450483971470149,3.785375608523046,True,False,"[7, 11]","[0.12831043531197922, 0.08544798131938089]"
140,1,2925,3,0.00752094104515239,2.3722364633004256,True,False,"[8, 12, 17]","[0.10238420658380909, 0.1530321143745095, 0.10079061385246028]"
140,2,666,2,0.007278932845475971,3.497830895743895,True,False,"[7, 8]","[0.1345366181323917, 0.1397771892794303]"
140,3,1625,1,0.010819917232908738,2.406789986312853,True,False,[15],[0.10660997431963946]
140,5,389,2,0.0070108374477922284,2.3866579502166343,True,False,"[7, 8]","[0.11133812678151339, 0.11844008685900523]"
140,6,2635,1,0.009337595269639443,3.646273759840125,True,False,[12],[0.17730725440647296]
140,7,1805,1,0.011319610552228507,3.7511113965761123,True,False,[7],[0.18921529775386828]
140,8,2528,1,0.01154162089133185,3.2879703471486423,True,False,[15],[0.12347810196258954]
140,9,241,1,0.011650309890276789,2.673946114643205,True,False,[8],[0.1687345437597234]
140,10,3244,1,0.009745932753213993,2.5746226424682512,True,False,[15],[0.17303811777963532]
140,11,1078,1,0.008714054394075375,3.715826547910312,True,False,[7],[0.12160003804358234]
140,12,2569,2,0.008105655431751504,2.302414082971283,True,False,"[7, 15]","[0.12163412497902272, 0.17410070610834086]"
140,13,2550,2,0.007884401424955325,3.0087838306417063,True,False,"[7, 8]","[0.1425784493867524, 0.08619627517432926]"
140,14,1448,1,0.010786895041951893,3.1872421575032965,True,False,[5],[0.13626024869956305]
140,15,0,1,0.01093042141509811,2.2625964669935748,True,False,[6],[0.050989255976549866]
140,16,488,1,0.010504410024864609,3.208201314037538,True,False,[5],[0.15536517767997285]
140,17,2546,1,0.012061528491442567,2.3940263809907676,True,False,[16],[0.1529948342772027]
140,18,3298,2,0.00733925356437592,3.148464043391489,True,False,"[7, 11]","[0.10241761337679478, 0.05570490687758357]"
140,19,1434,1,0.008686931933431548,2.799208658295416,True,False,[7],[0.12194870600437475]
140,21,2524,1,0.010536230499198072,3.8442566778558604,True,False,[7],[0.12175625772887749]
140,22,1261,2,0.007927871267771152,2.7825907339168117,True,False,"[7, 12]","[0.11695571952480278, 0.15898656859322766]"
140,23,2526,2,0.009092703741958355,2.4225469278366414,True,False,"[7, 15]","[0.13628666370936957, 0.15103755567206384]"
141,0,2571,1,0.010867707242488929,2.5365730072193373,True,False,[5],[0.13637137174265065]
141,1,2925,2,0.006662864676392058,2.3811144084728855,True,False,"[8, 15]","[0.1046558657783017, 0.09109792435290523]"
141,3,1625,1,0.010750307171040282,2.4439680484787765,True,False,[8],[0.15908922283106713]
141,4,2209,2,0.007450261371034424,2.52002414665247,True,False,"[7, 15]","[0.08795976459717855, 0.09829977394597533]"
141,7,1805,1,0.010903567811239655,3.8020896076282256,True,False,[7],[0.174468019962712]
141,9,241,1,0.009723586928138147,2.702200980275786,True,False,[7],[0.09131131558117563]
141,11,1078,1,0.008610003440012594,3.8073749122090907,True,False,[5],[0.10508870790006238]
141,12,2569,1,0.009892544924090104,2.3013143777664693,True,False,[15],[0.17634472208977095]
141,13,3360,2,0.08026525471157618,2.8758743043726605,True,False,"[8, 12]","[0.09093015948209769, 0.1245977498360184]"
141,17,488,1,0.009691874456494208,3.282236601462909,True,False,[5],[0.12200944560728023]
141,18,2546,1,0.010881548642608721,2.439444214868579,True,False,[5],[0.11763955493326285]
141,20,1434,1,0.010155341470853013,2.850588756160518,True,False,[7],[0.13153200716320304]
141,21,3350,1,0.026748853437913375,3.538801174605712,True,False,[12],[0.16263651046504934]
141,22,2524,1,0.011388255286108977,3.844832536023617,True,False,[15],[0.12714303583366587]
141,23,2526,1,0.013198463597132932,2.4165660449959114,True,False,[17],[0.07976434529052866]
142,0,2571,2,0.008154122074360575,2.5277728920906672,True,False,"[15, 16]","[0.12973336642369365, 0.09116438153524675]"
142,1,2925,1,0.012032133845048174,2.328436253699398,True,False,[12],[0.17114539113734778]
142,2,666,1,0.01030211400719217,3.5256938885681417,True,False,[15],[0.14612798145139563]
142,3,1625,2,0.007514861098013314,2.4665816687022377,True,False,"[8, 15]","[0.16581348097741072, 0.0975390568183458]"
142,4,2209,2,0.007841248613876289,2.5264198229158126,True,False,"[8, 15]","[0.14349246305641197, 0.11017957193508049]"
142,5,389,1,0.009555339569534183,2.43274324736501,True,False,[7],[0.10872833086911836]
142,6,2635,1,0.009112478145059385,3.6531964929210328,True,False,[8],[0.12297168745367111]
142,7,1805,1,0.010790885566290391,3.8216067631618214,True,False,[8],[0.23131614936323955]
142,8,2528,1,0.011061390293894514,3.3170224386908838,True,False,[7],[0.15064261287185646]
142,9,241,1,0.008788154380716475,2.7043188055756366,True,False,[15],[0.0783442853443098]
142,10,3244,1,0.009570091228526726,2.6077954926673432,True,False,[15],[0.1762622874352919]
142,11,1078,1,0.008529417593442425,3.9001237436700253,True,False,[5],[0.09521142134672501]
142,12,2569,2,0.007609789395643182,2.3163058253215887,True,False,"[7, 15]","[0.12327182557758226, 0.171710112315726]"
142,13,3360,1,0.010469337228556832,2.9243024716620747,True,False,[7],[0.1400316329900766]
142,14,2550,1,0.011575398544914867,3.0284191417388264,True,False,[8],[0.17671347364309964]
142,15,1448,1,0.010671891533248502,3.1828919956965103,True,False,[12],[0.19330819514950387]
142,17,488,2,0.006954755678397628,3.3195958623128123,True,False,"[7, 15]","[0.12594791969779418, 0.1524650332894936]"
142,18,2546,3,0.006263482019984373,2.457981490367769,True,False,"[7, 8, 15]","[0.10922168280971192, 0.12081670434712911, 0.1561241234323752]"
142,19,3298,2,0.007724831806631137,3.1679748245631374,True,False,"[7, 15]","[0.12128173441178353, 0.20813104497791576]"
142,20,1434,1,0.009890154288150273,2.8472990081082843,True,False,[15],[0.14975483138804796]
142,21,3350,2,0.009792933917662788,3.5338014020115573,True,False,"[7, 15]","[0.15040358956015482, 0.16519639225779909]"
142,22,2524,2,0.011146754950529051,3.872273941940979,True,False,"[7, 11]","[0.14050564884354158, 0.05769467844102453]"
142,23,2526,3,0.007522894192893424,2.408800080559066,True,False,"[7, 12, 15]","[0.1407395194339092, 0.1063573125318181, 0.14753523684255102]"
143,1,2925,1,0.011706521930302834,2.2810799282815153,True,False,[12],[0.17133450862034008]
143,3,1625,2,0.0073369345650374515,2.479821887163523,True,False,"[7, 15]","[0.12591902022222615, 0.08848823101253718]"
143,4,2209,1,0.012281945477730368,2.530727144288737,True,False,[15],[0.1149472245615663]
143,5,389,1,0.00963344434724296,2.45865747918727,True,False,[15],[0.15160038478165722]
143,6,2635,1,0.013736640427322797,3.597538425980042,True,False,[11],[0.16897562853846407]
143,9,241,1,0.008749783625810933,2.709419104487936,True,False,[15],[0.07452966326205693]
143,10,3244,1,0.008340319530804488,2.646560853158895,True,False,[7],[0.12244140571885272]
143,13,3360,2,0.007856211628412643,2.964556699076838,True,False,"[7, 8]","[0.1338020019527311, 0.09130157745398464]"
143,16,0,1,0.012629722347057013,2.2654426400884717,True,False,[6],[0.08038545802550687]
143,17,488,1,0.009271948272393055,3.3345883240606113,True,False,[15],[0.15341079090528745]
143,19,3298,1,0.010958748264515476,3.187073817605572,True,False,[15],[0.2112633459276238]
143,20,1434,1,0.010415270550391407,2.9105004043779483,True,False,[5],[0.11384528900932216]
143,22,2524,1,0.009729831497107188,3.937424454945416,True,False,[5],[0.16000561341907685]
143,23,2526,1,0.010735836331103213,2.4284916959450285,True,False,[7],[0.12039665805021987]
144,0,2571,1,0.010703542295817875,2.5814527887311542,True,False,[5],[0.13054105070600933]
144,1,2925,2,0.0086012354282803,2.2802167071375,True,False,"[8, 17]","[0.11572821585134886, 0.12009047366199209]"
144,3,1625,1,0.010599294489667285,2.5052301275646682,True,False,[7],[0.12304586026633035]
144,4,2209,2,0.007476516613899347,2.544163878489989,True,False,"[7, 15]","[0.10451857806901123, 0.08573373660659267]"
144,5,389,1,0.008659966330592989,2.4949903416859005,True,False,[7],[0.10000081673037801]
144,6,2635,1,0.010695868261011602,3.653520542979149,True,False,[5],[0.1655258995340285]
144,7,1805,1,0.010936585597052842,3.8628621836613393,True,False,[7],[0.19184094003492172]
144,8,2528,1,0.008995231560916937,3.3554348093400916,True,False,[8],[0.15987643976011226]
144,9,241,2,0.006985197878462855,2.734727608945433,True,False,"[7, 8]","[0.08340964611043174, 0.1635617715518428]"
144,10,3244,3,0.006291894495239181,2.666452112714341,True,False,"[7, 8, 15]","[0.1312206945255343, 0.18129240836723873, 0.16836235738697736]"
144,13,3360,2,0.007885078277138769,2.956804600369157,True,False,"[7, 12]","[0.13204884942958794, 0.11790506044274221]"
144,14,2550,1,0.011072567296541555,3.053532862016314,True,False,[8],[0.15148903444475123]
144,15,1448,1,0.009311458359395815,3.2519157179922997,True,False,[5],[0.13642758227949506]
144,17,488,1,0.011966591887059935,3.3344363594398616,True,False,[8],[0.16571869283565535]
144,18,2546,1,0.00962764358061843,2.499022933469184,True,False,[7],[0.11403550574395926]
144,19,3298,1,0.01030633117436269,3.1970736984910473,True,False,[7],[0.12282298719368817]
144,20,3432,3,0.01787097988572198,2.6442929049815826,True,False,"[7, 12, 16]","[0.12391277285809381, 0.1363315658114957, 0.09330816648549746]"
144,21,3350,2,0.010016853555223212,3.542293083644311,True,False,"[7, 15]","[0.15144248200087798, 0.18195641111915778]"
144,22,2524,1,0.009536929972163238,3.9933465298954425,True,False,[7],[0.11458639220863173]
144,23,2526,2,0.009196962477435334,2.4365562533267773,True,False,"[7, 15]","[0.12583944380755074, 0.14981605781473087]"
145,0,2571,1,0.010996859719860377,2.5680250277178733,True,False,[15],[0.13605575830524652]
145,1,2925,3,0.0071957312387337935,2.269774651452989,True,False,"[7, 12, 16]","[0.14855501797284704, 0.17606529066134524, 0.13445077901292643]"
145,2,666,1,0.009961227133305628,3.5263221243766245,True,False,[7],[0.13217113312443368]
145,4,2209,1,0.009335364914730847,2.577805058305304,True,False,[15],[0.08962392425753468]
145,5,389,1,0.010250252764184942,2.499697836430504,True,False,[16],[0.10094189875971796]
145,6,2635,1,0.010189344800171772,3.719029789163606,True,False,[5],[0.1672467396697387]
145,7,1805,1,0.010098557273618417,3.9137735486070753,True,False,[7],[0.15836003799223766]
145,8,2528,2,0.008776319943141929,3.3635725311074647,True,False,"[7, 15]","[0.15242954457747426, 0.13455129753831452]"
145,10,3244,2,0.007999838399056962,2.685672743349215,True,False,"[7, 15]","[0.1367214128748148, 0.17919857772234377]"
145,12,2569,1,0.009275171898743561,2.319128917645048,True,False,[15],[0.17356536627010646]
145,13,3360,1,0.010130577435496809,2.979644633626305,True,False,[8],[0.09228054599118403]
145,14,2550,1,0.01169298523655016,3.076574929674907,True,False,[8],[0.15539964877939352]
145,15,1448,1,0.008003009478810795,3.3028915917657753,True,False,[7],[0.10848885372413003]
145,17,488,1,0.012263256123473468,3.3320385028232344,True,False,[8],[0.16734802011852637]
145,18,2546,1,0.01258188665055415,2.5089256024023583,True,False,[16],[0.09955993858255383]
145,19,3298,1,0.009547114124529507,3.247581193979151,True,False,[5],[0.11706924311313426]
145,20,3432,2,0.007624368898687904,2.6543876428023743,True,False,"[15, 16]","[0.13544874650524566, 0.10125026230214593]"
145,21,3350,1,0.01128953325972804,3.5492731039263767,True,False,[12],[0.17206338113676745]
145,22,2524,1,0.01031794554485844,4.076122105221864,True,False,[5],[0.14808146326227753]
146,0,2571,1,0.009759751215454941,2.5788862674132678,True,False,[8],[0.0994226603972094]
146,1,2925,3,0.00744703716883662,2.273341331609739,True,False,"[8, 15, 17]","[0.1263282485436337, 0.0912289804031008, 0.13627895663216086]"
146,2,666,2,0.006708746547787517,3.5526875427560074,True,False,"[7, 15]","[0.12390854065161702, 0.1445355735825021]"
146,3,1625,2,0.008247925049285901,2.516962213756541,True,False,"[7, 15]","[0.12960980799744923, 0.0986899909324714]"
146,4,2209,1,0.01049800885123611,2.6021270138280954,True,False,[7],[0.09418631428211019]
146,5,389,1,0.009776167498228789,2.5071693606005283,True,False,[8],[0.11521778408938524]
146,6,2635,1,0.012232977365068343,3.6790058608759755,True,False,[11],[0.1600296120503675]
146,7,1805,2,0.007544655986260351,3.940526016305357,True,False,"[7, 11]","[0.12595053566639436, 0.18186445076643992]"
146,8,2528,2,0.008041813371493461,3.3623328196724613,True,False,"[12, 15]","[0.1809349768202086, 0.13390167728172583]"
146,9,241,1,0.009592921412351489,2.7394322574983305,True,False,[15],[0.07672701176814352]
146,10,3244,1,0.011113540893836583,2.717274211183748,True,False,[5],[0.142637352768438]
146,13,3360,3,0.006588757924348055,2.9836227133400737,True,False,"[7, 8, 12]","[0.12435749828077201, 0.08890336502220099, 0.12118430146785243]"
146,14,2550,1,0.010076460410080517,3.1204760796417856,True,False,[7],[0.1377196332622612]
146,15,1448,2,0.00804105027451444,3.301372091483181,True,False,"[8, 12]","[0.19682604777455912, 0.19295123499135783]"
146,17,488,2,0.008750879188811506,3.3384231579839403,True,False,"[11, 15]","[0.05656331772357341, 0.1533460891453182]"
146,18,2546,1,0.009327050285042294,2.556888185655893,True,False,[7],[0.10498721719883061]
146,19,3298,1,0.010816475222094833,3.274126601059326,True,False,[5],[0.1205153303517782]
146,20,3432,2,0.008383234570623174,2.647118315805453,True,False,"[7, 12]","[0.12722202668585766, 0.15933602116701592]"
146,21,3350,1,0.011459930835808619,3.5548554419174203,True,False,[7],[0.15744768951473936]
146,22,2524,1,0.010945176582243412,4.076132669391935,True,False,[15],[0.12803192390035717]
146,23,2526,1,0.010076298725826634,2.467063184166443,True,False,[5],[0.17504689600352852]
147,0,2571,2,0.007377707785611031,2.590380242394292,True,False,"[7, 16]","[0.13375760385127947, 0.10002377522716345]"
147,1,2925,1,0.010481447398662403,2.297658192393917,True,False,[5],[0.1494008265081853]
147,2,666,2,0.0075945050967751865,3.5554672162776537,True,False,"[7, 8]","[0.1225598443208067, 0.1490202717690709]"
147,4,2209,2,0.0074955891990742115,2.6147780738071993,True,False,"[7, 15]","[0.1216480740065113, 0.10156090386921082]"
147,5,389,1,0.010005677565098453,2.5133032487026927,True,False,[16],[0.10347542788928912]
147,6,2635,1,0.00848586825880245,3.70457675791109,True,False,[8],[0.11099296829650365]
147,7,1805,1,0.012910197550646634,3.9400412166303007,True,False,[11],[0.19685927784075521]
147,8,2528,1,0.011614957215731993,3.36343485491785,True,False,[15],[0.13196755156673945]
147,9,241,1,0.00992575964200231,2.771614339207107,True,False,[7],[0.08763752153083432]
147,10,3244,1,0.010154664076999062,2.75725408458931,True,False,[5],[0.12579934791761094]
147,12,2569,1,0.010812088504379237,2.349388887045776,True,False,[7],[0.14184649828182672]
147,13,3360,1,0.009428320958045766,3.0011996226925914,True,False,[8],[0.07803736810343874]
147,14,2550,1,0.01106173359986699,3.148875706286697,True,False,[8],[0.1387764799591881]
147,15,1448,1,0.009810076524488483,3.3039796653480313,True,False,[8],[0.21317761399430332]
147,16,0,1,0.012479442105080717,2.268185150894033,True,False,[6],[0.07177565174765099]
147,17,488,1,0.009710729552972294,3.4124667761017218,True,False,[5],[0.1271951369897473]
147,18,2546,1,0.009929700695457821,2.5591224138316564,True,False,[15],[0.15936170588299725]
147,20,3432,1,0.008898087300142465,2.6571186883052564,True,False,[15],[0.12760668498554675]
147,21,3350,1,0.01186961641088994,3.5545463771722323,True,False,[15],[0.18391150673673054]
147,22,2524,1,0.008810405586201815,4.139547074265022,True,False,[7],[0.12125726690567937]
147,23,2526,2,0.007753760537763395,2.4725108858144567,True,False,"[15, 16]","[0.14809462106666793, 0.12344391342239923]"
148,0,2571,1,0.010631968778440287,2.603123832752172,True,False,[8],[0.10641674993074031]
148,1,2925,1,0.010282628115414158,2.331460948204597,True,False,[5],[0.14881327068111214]
148,2,666,1,0.010731835101733972,3.601063551054418,True,False,[15],[0.13729997518576068]
148,3,1625,1,0.011984532492161819,2.528072279959928,True,False,[15],[0.09982697439594027]
148,5,389,1,0.00872749464729266,2.5436320750548576,True,False,[7],[0.10553260884111189]
148,6,2635,1,0.010743693485629324,3.7699038885282876,True,False,[5],[0.19609521538618982]
148,7,1805,1,0.012476777478858102,3.934979639417998,True,False,[11],[0.18935649355704987]
148,8,2528,1,0.011265139621809151,3.372807240539127,True,False,[7],[0.15589834586775606]
148,9,241,1,0.009328689184679972,2.7712191545713085,True,False,[15],[0.08127324818191713]
148,12,2569,1,0.010795434465797876,2.374086283031358,True,False,[7],[0.13222474899861866]
148,13,3360,2,0.006673439513926384,3.028985770036906,True,False,"[7, 15]","[0.11156788770742153, 0.1490548341236583]"
148,15,1448,2,0.006718498139646801,3.331871492285919,True,False,"[7, 12]","[0.10993724264146187, 0.1913560236764495]"
148,16,0,1,0.011979392055759128,2.3154096139633005,True,False,[5],[0.13784151785994947]
148,17,488,1,0.010154577700569593,3.417842567175623,True,False,[15],[0.16678117862745068]
148,19,3298,1,0.011333835631639104,3.2981528654476207,True,False,[5],[0.13134792805555748]
148,20,3432,1,0.011739459869266307,2.606244376024916,True,False,[12],[0.16321118590322492]
148,21,3350,1,0.011144854389352362,3.5716335847181426,True,False,[12],[0.21026027500105715]
148,22,2524,1,0.010488641136538487,4.13959284347527,True,False,[15],[0.12167210853645898]
148,23,2526,1,0.011031725325728171,2.4390607711902663,True,False,[12],[0.12230492740807876]
149,0,2571,2,0.007883455663014178,2.5883571730444426,True,False,"[8, 12]","[0.10546723980237187, 0.13637990654605017]"
149,1,2925,2,0.006385029916930609,2.3417912540523247,True,False,"[7, 15]","[0.14426830569450047, 0.08590547832110176]"
149,3,3566,1,0.04940978053921264,3.3069317200538078,True,False,[7],[0.120016917802828]
149,4,1625,2,0.007034201622716147,2.541243824856172,True,False,"[8, 15]","[0.15126858720249475, 0.09742790215648266]"
149,5,2209,2,0.00874259111166046,2.6356255064353133,True,False,"[7, 16]","[0.12918425903755182, 0.12962342066279972]"
149,6,389,2,0.008195193530175279,2.533314402010262,True,False,"[12, 16]","[0.17640211362415495, 0.08672724922591923]"
149,9,2528,2,0.00926095120978086,3.375081181455362,True,False,"[7, 12]","[0.1058501119726003, 0.18869515616177135]"
149,10,241,1,0.011086252893564586,2.7749243697991086,True,False,[15],[0.16934927519791712]
149,13,2569,1,0.009695495849727993,2.428559863200247,True,False,[5],[0.12755815246564883]
149,14,3360,2,0.008329278680263051,3.025800072259116,True,False,"[8, 12]","[0.13110308912900887, 0.16866921563401133]"
149,15,2550,1,0.00786427610366567,3.197543474162311,True,False,[7],[0.10723964381438875]
149,17,488,1,0.010528742559721405,3.4641559100781594,True,False,[7],[0.14019622239504032]
149,18,2546,3,0.006188610008553598,2.5744588637656762,True,False,"[7, 8, 16]","[0.10869440809626157, 0.12490093040439312, 0.13598327129914206]"
149,20,3432,1,0.010715023757235027,2.6152783604131384,True,False,[16],[0.09689250312722587]
149,21,3350,1,0.008466241936581477,3.660444495783775,True,False,[5],[0.1352293819107449]
149,22,2524,2,0.00798156167679125,4.130088306255737,True,False,"[6, 7]","[0.08386247934398303, 0.141030817868733]"
149,23,2526,1,0.009510599729616176,2.4530325398323662,True,False,[16],[0.13132455972887622]
150,1,2925,2,0.010543379065581055,2.3432501730681743,True,False,"[8, 17]","[0.12489185106976265, 0.13390074708202984]"
150,2,666,1,0.008773974770848752,3.6044389378329833,True,False,[7],[0.12310103466639442]
150,3,3566,1,0.01045209741498827,3.318641490910197,True,False,[7],[0.1263430762952659]
150,4,1625,3,0.006904866715597705,2.5441827100371213,True,False,"[7, 8, 15]","[0.12012183050980679, 0.1526701603197255, 0.11178723941001201]"
150,5,2209,3,0.007053843693257574,2.6554368023653137,True,False,"[7, 8, 12]","[0.1434686001376636, 0.13326294430095853, 0.19106179754626126]"
150,6,389,3,0.006222589285979798,2.53911596980587,True,False,"[8, 15, 16]","[0.11359702935191274, 0.16910713464464813, 0.09380356296112023]"
150,7,2635,1,0.00839317023455352,3.8135250390590594,True,False,[7],[0.13251833693253748]
150,8,1805,1,0.010071106905393507,4.01417709600933,True,False,[5],[0.12634184571918233]
150,9,2528,1,0.008932313815509985,3.4166174907582727,True,False,[8],[0.17867952429156553]
150,10,241,1,0.011012409427364969,2.821256202484095,True,False,[15],[0.15207015237681054]
150,11,3244,3,0.008245453563700095,2.7648356403370897,True,False,"[7, 15, 16]","[0.12696891000164157, 0.1531208866563276, 0.14950982607879681]"
150,12,1078,1,0.008765592220882853,3.9838669412665317,True,False,[7],[0.12495890147381908]
150,13,2569,1,0.009502614850001048,2.454365145127148,True,False,[8],[0.09567556382746556]
150,14,3360,2,0.009003902938715438,3.0172720980828074,True,False,"[8, 12]","[0.1369622917918796, 0.1741486734054751]"
150,16,1448,1,0.009933043847198808,3.3520440338751696,True,False,[8],[0.15594996588415663]
150,17,488,2,0.007934562943392186,3.4627332682685106,True,False,"[8, 15]","[0.16896538905660385, 0.16338510361687958]"
150,18,2546,1,0.00904134664443543,2.579533423705814,True,False,[8],[0.13302161266853071]
150,20,3432,2,0.008295861495724368,2.601987447739591,True,False,"[12, 16]","[0.16426762416378105, 0.10575156152836006]"
150,21,3350,2,0.009030897550868716,3.6749472100597216,True,False,"[7, 12]","[0.14136969711371336, 0.1821069325297932]"
150,22,2524,1,0.011511158938436381,4.140372264930069,True,False,[15],[0.13565658182030685]
150,23,2526,1,0.0094222167995894,2.4689689828226715,True,False,[16],[0.14591199188615062]
151,0,2571,1,0.010901054702843319,2.5810721312034732,True,False,[16],[0.09657259873514912]
151,1,2925,2,0.008494224095063875,2.340932541422131,True,False,"[16, 17]","[0.14186277552918536, 0.15946962753657054]"
151,2,666,1,0.008942283142523504,3.6032425654750972,True,False,[7],[0.1300930577666236]
151,4,1625,3,0.007274789676282931,2.55869251711635,True,False,"[7, 8, 16]","[0.11463501656636489, 0.1515229683145647, 0.17204255713980104]"
151,5,2209,3,0.006002769883626126,2.6850636292643193,True,False,"[7, 8, 15]","[0.133215190491671, 0.13164836240954264, 0.1451142580917192]"
151,6,389,2,0.007479113700493702,2.538612630382516,True,False,"[8, 12]","[0.11798019077060294, 0.1707924618094001]"
151,7,2635,1,0.010267673778047107,3.8248915056673747,True,False,[12],[0.13078534782012438]
151,8,1805,2,0.010594718566694295,3.947141811575945,True,False,"[11, 12]","[0.12485794673020369, 0.21883005658102894]"
151,9,2528,1,0.01070659968865036,3.418826769922264,True,False,[7],[0.13339211251944036]
151,10,241,3,0.008560416644729904,2.840293851005877,True,False,"[7, 8, 15]","[0.13533215713812968, 0.1774582441685484, 0.1534644862440296]"
151,11,3244,1,0.009118169465273317,2.797488663133234,True,False,[7],[0.12609772324966617]
151,13,2569,1,0.009879827200681106,2.4820926521195057,True,False,[8],[0.11573499712945783]
151,14,3360,2,0.008567848097624217,3.0237480207872345,True,False,"[7, 16]","[0.14685606580518545, 0.12359685307728423]"
151,15,2550,1,0.010402981479972697,3.2005562873310494,True,False,[8],[0.191758729894405]
151,16,1448,1,0.010459921619461859,3.366219191103599,True,False,[8],[0.15500005348069118]
151,18,2546,2,0.007856615659391952,2.610603482845836,True,False,"[7, 8]","[0.12332888357918996, 0.14552298065209163]"
151,19,3298,2,0.008422848837207045,3.3089777266224014,True,False,"[7, 15]","[0.13972420281589557, 0.20482288345177654]"
151,20,3432,1,0.009665792004447874,2.6360216980764264,True,False,[7],[0.12027230986954918]
151,21,3350,1,0.01104194137589385,3.686192684334109,True,False,[7],[0.16024558400736105]
151,22,2524,1,0.010235241869040528,4.230819192784928,True,False,[5],[0.1346453668142031]
151,23,2526,2,0.008395311258361283,2.452628962372966,True,False,"[7, 12]","[0.12300244161853148, 0.13300495120714814]"
152,1,2925,1,0.011270193474076358,2.3472924602016234,True,False,[8],[0.11935823524093737]
152,2,666,2,0.007684322033192142,3.6283604036344816,True,False,"[8, 15]","[0.14485977144258888, 0.13435948010689094]"
152,3,3566,1,0.010674429924147499,3.3348186740684986,True,False,[7],[0.1170475466126625]
152,4,1625,1,0.010243158748672467,2.573703230844866,True,False,[15],[0.0995503941009244]
152,5,2209,1,0.009761501342206515,2.7036096356021595,True,False,[8],[0.12872976586156656]
152,7,2635,2,0.007310945968427279,3.832566869929378,True,False,"[8, 12]","[0.19893295722633988, 0.13727423529543575]"
152,8,1805,1,0.013532866677314783,3.8931386133486194,True,False,[11],[0.1349443140413263]
152,9,2528,1,0.010408071378479416,3.484745785649928,True,False,[5],[0.1419948013543051]
152,11,3244,1,0.008512502962414981,2.834664131581624,True,False,[7],[0.12213967904523373]
152,13,2569,1,0.009553439812629402,2.5392242945313863,True,False,[5],[0.11889159352173113]
152,16,1448,1,0.010170104418523732,3.3726692826735216,True,False,[8],[0.16045545042964188]
152,17,488,1,0.009413292757596899,3.5125536227553638,True,False,[7],[0.13372578411556024]
152,19,3298,1,0.011349500000699505,3.342079362016943,True,False,[5],[0.1182453371346733]
152,21,3350,1,0.01083983978192591,3.6975523935538037,True,False,[7],[0.14518735034103722]
152,23,2526,2,0.008315961590610384,2.4657029124780516,True,False,"[7, 15]","[0.10190149221596248, 0.13325780112084146]"
153,1,2925,3,0.0057838464710157755,2.3421973357734904,True,False,"[8, 12, 15]","[0.09504829484683942, 0.17310135575276622, 0.09015256674571753]"
153,2,666,1,0.00886056608045805,3.6293735310730124,True,False,[7],[0.12305980735789541]
153,5,2209,2,0.006303653130392505,2.71987954388719,True,False,"[8, 15]","[0.12110016970960238, 0.13800792415126742]"
153,6,389,1,0.009852447785754972,2.58879231190337,True,False,[7],[0.14539038627444698]
153,8,1805,1,0.010416789883022567,3.9486878238962486,True,False,[7],[0.14951540499527477]
153,9,2528,2,0.00674333617533566,3.506731702316146,True,False,"[8, 15]","[0.16381742712471423, 0.08691481553202977]"
153,11,3244,1,0.009065192306995559,2.8410228859350886,True,False,[15],[0.14693006261781158]
153,14,3360,3,0.007441286506588128,3.0248720120801784,True,False,"[7, 8, 12]","[0.1284228697566236, 0.1548944646449615, 0.18057008722584006]"
153,17,488,1,0.010844829771227839,3.5106686257027406,True,False,[15],[0.16624112849655134]
153,18,2546,1,0.010846904720717204,2.6556389305762353,True,False,[5],[0.12948933323215225]
153,19,3298,1,0.014072764054372728,3.3143845122632585,True,False,[11],[0.13244702238086062]
153,20,3432,2,0.007467914835993192,2.643804660441376,True,False,"[8, 15]","[0.13788176235464736, 0.11808364122146553]"
153,21,3350,1,0.009846061097234425,3.719380404846757,True,False,[7],[0.14770551518636293]
153,22,2524,1,0.010289779824499893,4.326919841672703,True,False,[5],[0.14290923481685966]
153,23,2526,1,0.009626500190695463,2.466409900464357,True,False,[15],[0.13447702584050805]
154,0,2571,1,0.010326528619359648,2.6369014927108902,True,False,[5],[0.12887074958535058]
154,1,2925,2,0.006849625879136823,2.3557934423411075,True,False,"[8, 15]","[0.09717391164814897, 0.08237409129803243]"
154,2,666,1,0.011142633913828425,3.6740554496135847,True,False,[5],[0.13909175304131186]
154,3,3566,1,0.009661415435824777,3.358080118538889,True,False,[7],[0.1062802812265949]
154,5,2209,1,0.009023795277809273,2.7745198288958752,True,False,[7],[0.138114805769783]
154,6,389,1,0.010301264951948346,2.5928373741054065,True,False,[15],[0.15585126139971187]
154,7,2635,2,0.006260904531893893,3.873849668036475,True,False,"[7, 8]","[0.12653296855390997, 0.1927785033339562]"
154,8,1805,1,0.0101137967276103,3.956677978295889,True,False,[8],[0.16047848670390405]
154,9,2528,1,0.010790848032898145,3.5064765643352267,True,False,[7],[0.13797630172963782]
154,11,3244,1,0.009524801894811061,2.8867115139004444,True,False,[5],[0.09397312416027429]
154,12,1078,1,0.010315395063115483,4.061963280027641,True,False,[5],[0.10483408669328328]
154,14,3360,1,0.010649242720487303,3.0321364750701294,True,False,[8],[0.13445242828824566]
154,15,2550,1,0.01036898237051532,3.2021749775071964,True,False,[8],[0.17745477102666754]
154,17,488,2,0.007775534255514397,3.5350537389557126,True,False,"[7, 8]","[0.14260226170354234, 0.1739421778831326]"
154,18,2546,2,0.006801403312057745,2.6843869117031804,True,False,"[7, 15]","[0.11100709368082115, 0.15401985185792078]"
154,19,3298,1,0.0094288361640237,3.3338934909632676,True,False,[7],[0.12600383485681543]
154,21,3350,3,0.00784473027673903,3.7312105196503684,True,False,"[7, 12, 15]","[0.15614120436691625, 0.17298744426586757, 0.20533288117698587]"
154,22,2524,1,0.010395644239896924,4.426219317723153,True,False,[5],[0.13612813644421579]
154,23,2526,1,0.009881050711115776,2.468756182141481,True,False,[15],[0.12922008216318304]
155,0,2571,1,0.010569116535371147,2.623399692521559,True,False,[15],[0.1331619840396338]
155,1,2925,1,0.010410506225342495,2.3531693982810773,True,False,[15],[0.09161100314954182]
155,2,666,2,0.0071994830836265965,3.7029855398651557,True,False,"[7, 15]","[0.11313643053123276, 0.13245363038972588]"
155,3,3566,1,0.0094299897024045,3.376987792847004,True,False,[7],[0.10043241611437552]
155,4,1625,2,0.0075457754287441454,2.5869053622983373,True,False,"[7, 15]","[0.10600594965564403, 0.09613500032921132]"
155,5,2209,2,0.009024575940813656,2.7849880901550135,True,False,"[15, 17]","[0.13225192453677476, 0.09772967272419113]"
155,6,389,2,0.007027044237323583,2.5998100724251576,True,False,"[8, 16]","[0.11734031962204054, 0.0933921951710317]"
155,7,2635,1,0.008947123059338013,3.9323979742378965,True,False,[5],[0.19489812739007406]
155,8,1805,1,0.011771530145448657,3.9358222159010587,True,False,[11],[0.1315401116550004]
155,9,2528,1,0.010160972730186379,3.5101915538380597,True,False,[15],[0.09517009060239906]
155,11,3244,1,0.008213323955653063,2.941707929076974,True,False,[5],[0.09215187956618459]
155,13,2569,1,0.009155139420288803,2.571360920581774,True,False,[7],[0.10270533752144978]
155,14,3360,2,0.009963920224513909,3.0292895112729004,True,False,"[8, 12]","[0.14093045732523254, 0.1823896833817145]"
155,16,1448,1,0.008700833298179157,3.4124183350885633,True,False,[7],[0.1473202847535256]
155,18,2546,1,0.008391477534990279,2.7396162555953265,True,False,[7],[0.10461279688981978]
155,19,3298,1,0.01091031292047357,3.3764079402040954,True,False,[5],[0.10781850654924008]
155,20,3432,1,0.008660266866629435,2.653923624408307,True,False,[15],[0.1116931243321302]
155,22,2524,1,0.0075551971290620775,4.492939030755592,True,False,[7],[0.14796338462224115]
155,23,2526,2,0.0082513573275513,2.4679561071624736,True,False,"[12, 16]","[0.14569072406732034, 0.14500455109547153]"
156,0,2571,1,0.00992619271992966,2.6813421545308396,True,False,[5],[0.12044542201974952]
156,4,1625,2,0.008134010838928696,2.5945912064198478,True,False,"[7, 15]","[0.11869800522122702, 0.10079113724982323]"
156,5,2209,2,0.0069625414831288295,2.819415779676564,True,False,"[7, 8]","[0.11738790195053467, 0.12387684913164669]"
156,7,2635,2,0.006957150480824668,3.9763141146632828,True,False,"[7, 12]","[0.1268510603929664, 0.1456934743695943]"
156,8,1805,1,0.01168007016893249,3.9241493127296216,True,False,[11],[0.14137665334487054]
156,9,2528,1,0.00991737023207069,3.510381694884172,True,False,[7],[0.12974327429839544]
156,10,241,1,0.010742442239382024,2.891275741405042,True,False,[15],[0.13714086598723604]
156,11,3244,1,0.00936793669163454,2.9474352803128365,True,False,[15],[0.1461099898809449]
156,13,2569,1,0.010139511089915726,2.597885289467922,True,False,[7],[0.10400327858632878]
156,14,3360,1,0.012386473493017882,3.010539511718578,True,False,[12],[0.16705775988109486]
156,16,2546,1,0.011584663505700374,2.7348858889976295,True,False,[15],[0.1296986083811345]
156,17,3298,2,0.00808985468284912,3.372097704587346,True,False,"[7, 11]","[0.16476005564589077, 0.06536625057957383]"
156,18,3432,3,0.006331906107188625,2.6782098319045664,True,False,"[7, 15, 16]","[0.11147425817473529, 0.15427676586418929, 0.13041876281570597]"
156,19,3350,2,0.007902297514643974,3.7352348519430025,True,False,"[7, 12]","[0.1302654880919783, 0.14540639146147372]"
156,20,2524,1,0.009546214698290211,4.493827880527288,True,False,[15],[0.11705412500543966]
156,21,2526,1,0.010355456251504639,2.489714579436613,True,False,[16],[0.15964689011354044]
157,0,2571,1,0.010870921462090951,2.67827929498731,True,False,[16],[0.10690639206857049]
157,1,2925,1,0.011160924677102845,2.34414365871176,True,False,[15],[0.09695368464010844]
157,2,666,1,0.010436657807874566,3.7021920785690985,True,False,[8],[0.15612059768615144]
157,3,3566,1,0.009093689323703958,3.4004812125779824,True,False,[7],[0.09897165294715383]
157,5,2209,1,0.0083303751927713,2.8847101762374985,True,False,[7],[0.09857503028013187]
157,6,389,1,0.010703298508257467,2.5828345291855093,True,False,[12],[0.1625280661819196]
157,7,2635,2,0.007507117668908916,3.974450490910616,True,False,"[11, 12]","[0.19544624359806478, 0.16090713894871794]"
157,8,1805,1,0.010064173351121267,3.9319346637152983,True,False,[8],[0.15985336625394697]
157,9,2528,1,0.008220276625550414,3.549656527232219,True,False,[8],[0.17690003312928185]
157,11,3244,1,0.008537855128695818,2.9857181555867083,True,False,[5],[0.09670821500861464]
157,14,3360,2,0.0064233779551771085,3.0318962316684126,True,False,"[7, 15]","[0.11824788545621748, 0.16905130896573958]"
157,16,2546,1,0.010283565517488179,2.7313133379462613,True,False,[8],[0.16869656777264236]
157,17,3298,2,0.007702287827175835,3.405389578092014,True,False,"[7, 8]","[0.14936565117310951, 0.18330212680997798]"
157,18,3432,1,0.008692228574486606,2.7132059105237394,True,False,[15],[0.1411637661149766]
157,19,3350,2,0.007727451230289639,3.7404479780918556,True,False,"[7, 12]","[0.12348466808201199, 0.14298524722084244]"
157,20,2524,1,0.013010777449912934,4.52964637613622,True,False,[11],[0.12574044123247796]
158,0,2571,3,0.006830328750929472,2.6818227661032537,True,False,"[7, 8, 12]","[0.14217254100498392, 0.10947766053256126, 0.14782872529879723]"
158,1,2925,1,0.009156142175174901,2.375596180754942,True,False,[7],[0.13881536891810453]
158,2,666,1,0.010192175755515833,3.7009698322213196,True,False,[8],[0.14721086132961073]
158,4,1625,1,0.010004138025486286,2.599842406897897,True,False,[7],[0.10700455287186468]
158,5,2209,3,0.006452749722110788,2.9022836440091684,True,False,"[7, 12, 15]","[0.10456048071150752, 0.2064426393209569, 0.15012530887135306]"
158,6,389,1,0.010133625938092104,2.591258351709972,True,False,[16],[0.09527422273672388]
158,7,2635,1,0.008927221056799758,3.9992861191173796,True,False,[8],[0.16830431419884487]
158,8,1805,1,0.009011437111462482,4.019226013127254,True,False,[5],[0.13956094195634872]
158,11,3244,1,0.01045954801955964,3.0127328915732963,True,False,[5],[0.10253970295953746]
158,12,1078,1,0.008402449400783118,4.151414806313788,True,False,[7],[0.11700985602564733]
158,13,2569,1,0.009952664205658015,2.657788403694375,True,False,[5],[0.12519211782259837]
158,17,3298,2,0.006821888219333017,3.451390398963317,True,False,"[7, 15]","[0.1290277568808707, 0.15525164273377207]"
158,19,3350,2,0.0084458930818931,3.745294135346274,True,False,"[7, 12]","[0.12950149740465203, 0.1607754583310611]"
158,20,2524,1,0.012226861838981624,4.546261347040014,True,False,[11],[0.14339541007209175]
158,21,3783,1,0.12472942222508865,4.532942102461392,True,False,[7],[0.12501076415125167]
158,22,2526,3,0.00646490827778074,2.4984489872078215,True,False,"[7, 8, 12]","[0.14076966877357497, 0.1573222189619705, 0.1720843352098254]"
159,1,2925,1,0.01116975020969206,2.3534488716270787,True,False,[12],[0.17402631389359371]
159,2,666,1,0.010991530885686284,3.7465142730911944,True,False,[5],[0.13870187509963125]
159,4,1625,1,0.010098484916744241,2.6194842144284674,True,False,[15],[0.09989634454463316]
159,5,2209,3,0.006511514578115702,2.9230554145935015,True,False,"[7, 8, 15]","[0.11331593639098185, 0.1332308866585237, 0.14984760153045779]"
159,6,389,1,0.009388657171942765,2.636933068594615,True,False,[7],[0.13235485901866928]
159,7,2635,1,0.008267033700258058,4.068261047481442,True,False,[7],[0.13048809361872116]
159,8,1805,1,0.011648497573625068,4.00341156585687,True,False,[11],[0.16744523794588173]
159,9,2528,1,0.010308558766967024,3.5508254077259918,True,False,[7],[0.14464737655183482]
159,10,241,1,0.010884268385698604,2.912758187034715,True,False,[7],[0.1264799680531178]
159,11,3244,1,0.01077444680169598,3.032821874697303,True,False,[5],[0.11828497269721443]
159,15,3735,1,0.05226259187907252,3.4953875824488567,True,False,[7],[0.10470357756437315]
159,16,2546,1,0.008776609182940952,2.75720020149674,True,False,[7],[0.14431490744734402]
159,17,3298,1,0.008277048068878466,3.5247996831889945,True,False,[7],[0.14627620992264062]
159,18,3432,3,0.00629003547510448,2.7295387688554964,True,False,"[7, 8, 16]","[0.10772552471116038, 0.1456995729630697, 0.12303336255094352]"
159,20,2524,1,0.007889852416222904,4.632109751137926,True,False,[7],[0.12097858052511706]
159,21,3783,1,0.010890929900262164,4.5320681700449015,True,False,[7],[0.11117372604846973]
159,22,2526,1,0.010029384826516406,2.5027874821791625,True,False,[16],[0.13218106437187968]
160,0,2571,2,0.007406078909001396,2.6933503730518975,True,False,"[7, 16]","[0.14014042865845144, 0.11950813161948663]"
160,1,2925,1,0.010582144531493108,2.3469438601810735,True,False,[15],[0.10160720112508001]
160,2,666,1,0.010291682390458386,3.7980564088142854,True,False,[15],[0.13294004451358113]
160,4,1625,1,0.010799101615989187,2.6481907770652606,True,False,[15],[0.09708736625016261]
160,6,389,1,0.009784552946331859,2.6502417957510653,True,False,[16],[0.09445564180209969]
160,7,2635,1,0.009050568405238065,4.073863619092793,True,False,[12],[0.17072037792903294]
160,8,1805,1,0.009651427894628287,4.006091165628832,True,False,[8],[0.17682851717292508]
160,9,2528,2,0.006318493495422957,3.5798145113841726,True,False,"[7, 8]","[0.12950076085677054, 0.17735396812446838]"
160,10,241,2,0.009226212666686707,2.9401675316708547,True,False,"[8, 15]","[0.17587889763765863, 0.1403830578189579]"
160,12,2569,1,0.009866451268708224,2.715788451022038,True,False,[5],[0.10260181761149705]
160,13,3360,1,0.010509214350043,3.05797538240461,True,False,[7],[0.10379595203954067]
160,15,3244,1,0.010875330612220683,3.0629331633996166,True,False,[5],[0.15273962199945282]
160,17,2526,1,0.009338266441888801,2.504014531097769,True,False,[15],[0.14369270412358562]
160,19,2546,1,0.010387522002442313,2.8052019627289755,True,False,[5],[0.10473124781657543]
160,20,3432,3,0.0056449220670572765,2.74588013572039,True,False,"[7, 15, 16]","[0.11970814680528653, 0.10513565996807557, 0.09776631732885431]"
160,21,3350,1,0.009174687588865076,3.7704826047294717,True,False,[7],[0.09797020426881715]
160,22,2524,2,0.007147531230562794,4.672152322403149,True,False,"[7, 15]","[0.1368580399038994, 0.14499181919176646]"
161,0,2571,1,0.010737321600933344,2.70933251494505,True,False,[8],[0.11049465449128963]
161,2,666,1,0.00909607894115173,3.8091863786762845,True,False,[7],[0.11326713880750096]
161,4,1625,1,0.010225455014761518,2.672314036422992,True,False,[15],[0.09429413374134354]
161,5,2209,3,0.007688622816615799,2.942067794228438,True,False,"[7, 8, 15]","[0.13015359235204574, 0.13977971173314505, 0.14218477432285076]"
161,6,389,1,0.010420576607945093,2.652873242289104,True,False,[15],[0.15528691943749864]
161,7,2635,3,0.006265652104173445,4.093940826508993,True,False,"[7, 11, 12]","[0.13723050724269586, 0.20081553702152086, 0.17664558548956605]"
161,8,1805,1,0.010594472536066551,4.005395533965094,True,False,[15],[0.1416417223965392]
161,9,2528,1,0.008693130709651125,3.594306511573595,True,False,[7],[0.12019933148342601]
161,10,241,1,0.010226570675151219,2.9715572706974354,True,False,[5],[0.11819485863685712]
161,11,3830,2,0.03682832804260309,3.2106832268843815,True,False,"[7, 8]","[0.12310300621518326, 0.14689389442730497]"
161,12,2569,1,0.011242503366986541,2.734442685752955,True,False,[7],[0.13569755798723943]
161,13,3360,1,0.010121219634698241,3.073355444559366,True,False,[16],[0.12934878391740354]
161,14,3735,1,0.009206743811383547,3.547547201390857,True,False,[7],[0.10917534141389905]
161,15,3244,1,0.010543894150738552,3.0757919592476592,True,False,[15],[0.18325429761624812]
161,19,2546,2,0.0071237904372848755,2.820753005141255,True,False,"[7, 15]","[0.12829839714519664, 0.1936040441607928]"
161,20,3432,1,0.009792251333701665,2.7496537591639743,True,False,[15],[0.10391559436611468]
161,21,3350,1,0.010639233537648295,3.7944455196623967,True,False,[7],[0.1085559027992945]
161,22,2524,1,0.011151815896602272,4.663214114358244,True,False,[8],[0.19183342971300854]
162,0,2571,1,0.010579885022960955,2.7240730643574893,True,False,[8],[0.10785156905125715]
162,1,2925,1,0.009767824346076232,2.4001791568392026,True,False,[5],[0.1439719181416363]
162,2,3867,1,0.02665676115565356,3.4958166713924204,True,False,[7],[0.10431714933283615]
162,3,1625,1,0.011343798171917252,2.6965484520652727,True,False,[15],[0.1274890238290659]
162,4,2209,2,0.006656985330680987,2.973928036290588,True,False,"[7, 8]","[0.12400385084867492, 0.15973130011090964]"
162,5,389,1,0.010073563418961526,2.6772480921680724,True,False,[8],[0.13034523135716836]
162,6,666,1,0.009525470020935222,3.8131847822113354,True,False,[8],[0.12484781642269648]
162,8,3830,2,0.007526315776620867,3.2016851636056765,True,False,"[8, 12]","[0.17241172272720484, 0.2200129136848704]"
162,9,2569,1,0.008565056793059538,2.764545604276812,True,False,[7],[0.1259469989459165]
162,10,3360,2,0.0078354293002608,3.0715803068356053,True,False,"[8, 12]","[0.16764133152396954, 0.17393547360106737]"
162,11,2635,1,0.008067501087328307,4.107471054747171,True,False,[8],[0.1350507005041752]
162,12,1805,1,0.012117377788187897,4.038943207338838,True,False,[11],[0.069753407109162]
162,13,2528,3,0.01037142520354341,3.5608537547163768,True,False,"[7, 11, 15]","[0.1591956573376796, 0.12724344198395926, 0.1882085053829124]"
162,15,3244,1,0.007388375850602807,3.1399803422120156,True,False,[7],[0.12413754415246259]
162,19,2546,1,0.007980066525096686,2.86105235411319,True,False,[7],[0.12245232356892573]
162,21,3350,2,0.010207772815921475,3.8056894715945253,True,False,"[7, 15]","[0.11196369924301072, 0.2082528531146962]"
162,22,2524,1,0.007961598569288648,4.741083416235438,True,False,[7],[0.1283956646033192]
162,23,3839,1,0.06352417351132678,3.4239115007910237,True,False,[7],[0.10272728062429475]
163,0,2571,1,0.011896884578960326,2.721146973926499,True,False,[16],[0.12704131379589864]
163,1,2925,1,0.009585079577053067,2.3960901877978182,True,False,[15],[0.10264698625459877]
163,2,3867,1,0.008639028789460362,3.5350820134226186,True,False,[7],[0.09837012845392192]
163,3,1625,3,0.00907446566391221,2.706852585834769,True,False,"[8, 12, 16]","[0.186331855165079, 0.17927877129617775, 0.17395545142500926]"
163,4,2209,1,0.00792185030492704,3.023654451967543,True,False,[7],[0.11537590013438598]
163,5,389,2,0.009101461041973192,2.7155545417952807,True,False,"[7, 8]","[0.1266953806299751, 0.12994538010218096]"
163,8,3830,1,0.009444908801255066,3.27440067780707,True,False,[5],[0.13045137035570548]
163,9,2569,1,0.008569450760748106,2.797736209325879,True,False,[7],[0.11608225412957685]
163,10,3360,1,0.011300600951588673,3.0492123548511634,True,False,[12],[0.16556838627159448]
163,11,2635,1,0.007232664571700873,4.130455179571908,True,False,[8],[0.12951202846653084]
163,12,1805,1,0.009936028915480169,4.116616917495791,True,False,[5],[0.1301228803626254]
163,13,2528,2,0.011385270632579048,3.5348853004454117,True,False,"[7, 15]","[0.20989249821444428, 0.22531752222965534]"
163,14,241,1,0.007670924563262326,3.012154351896912,True,False,[15],[0.14886803423748643]
163,15,3244,1,0.010637057043791172,3.154446979840667,True,False,[8],[0.18224629314857124]
163,16,1078,1,0.007502561878443806,4.229604984784061,True,False,[7],[0.1341079183180083]
163,17,2526,1,0.009219193464642794,2.5451962101345313,True,False,[7],[0.13726501536953023]
163,19,2546,1,0.008312501412139269,2.906215032453079,True,False,[7],[0.120429507859882]
163,20,3432,2,0.008652981972350267,2.737223264007273,True,False,"[12, 16]","[0.16233509750935984, 0.09949186563890357]"
163,21,3350,1,0.010568575809829044,3.8306190593443916,True,False,[7],[0.10986962160887884]
163,22,2524,1,0.010890001744626945,4.740604423502888,True,False,[15],[0.13037369372964577]
163,23,3839,1,0.009926387007652067,3.4505137556866248,True,False,[8],[0.10678925576798003]
164,0,2571,1,0.010573003794410793,2.7057036383275634,True,False,[15],[0.13278711674966853]
164,1,2925,1,0.00994832156025012,2.3917133692843886,True,False,[15],[0.10622098574119489]
164,4,2209,1,0.00791318494997245,3.0704831660214458,True,False,[7],[0.10837714195692837]
164,5,389,1,0.009346773109113686,2.7481391441972334,True,False,[8],[0.13353147565568502]
164,8,3830,1,0.010965978673228871,3.2766086564146994,True,False,[7],[0.14588277177081374]
164,9,2569,1,0.008153643538279397,2.8342317027263837,True,False,[7],[0.11185300025128929]
164,10,3360,1,0.010353953087485579,3.1055665962890795,True,False,[7],[0.11923680569167293]
164,11,2635,2,0.007491174480908966,4.135607509498186,True,False,"[11, 12]","[0.09902134564775388, 0.10582811906245784]"
164,12,1805,1,0.008456960984622924,4.181908861534939,True,False,[7],[0.14154582805778676]
164,13,2528,1,0.01320340002698778,3.5149797058723458,True,False,[7],[0.20503421393898416]
164,15,3244,1,0.011165921501415889,3.185962554515841,True,False,[5],[0.14845227283437298]
164,16,3918,3,0.07235381457408527,4.651672492580399,True,False,"[7, 11, 15]","[0.13231522946318988, 0.04820663479395639, 0.12906552090053688]"
164,18,2526,2,0.008510707843709164,2.5579236278591253,True,False,"[7, 17]","[0.12914885864354098, 0.18832323953935037]"
164,19,3735,1,0.008829428710926313,3.579282399465242,True,False,[7],[0.1111287520528433]
164,20,2546,1,0.00927016510391789,2.9407903830003486,True,False,[7],[0.1261756592153598]
164,21,3350,1,0.01049139519876658,3.8584038226485515,True,False,[7],[0.12162485327016204]
164,22,2524,1,0.010403220597076605,4.74299680970635,True,False,[15],[0.117127761880586]
164,23,3839,1,0.011903967094286708,3.4607362791195597,True,False,[7],[0.09634900044836367]
165,1,2925,2,0.009383305509699033,2.401483970415311,True,False,"[8, 17]","[0.11532529975401522, 0.16319573600966844]"
165,3,1625,2,0.006474516417637611,2.735239237627578,True,False,"[7, 8]","[0.08697479607692647, 0.1905498718121377]"
165,4,2209,3,0.006381939887504456,3.0918716185751194,True,False,"[7, 8, 15]","[0.11538870072934579, 0.16638782733737603, 0.09987052328518162]"
165,5,389,1,0.00952846102626823,2.799737938490612,True,False,[7],[0.12413988782905785]
165,6,666,1,0.008064398437837565,3.8668437206705897,True,False,[7],[0.12610962135940731]
165,8,3830,1,0.0091435404754747,3.3446978899417426,True,False,[5],[0.12157566495526359]
165,9,2569,1,0.009912474755122,2.8933812114523016,True,False,[5],[0.1267273823903468]
165,13,2528,1,0.009382741489952268,3.5869009554716027,True,False,[5],[0.13783600437875348]
165,15,3244,1,0.01141296353771304,3.2229135244710396,True,False,[5],[0.14873504643558236]
165,16,3918,2,0.008094614618193965,4.656734773896273,True,False,"[12, 15]","[0.14210554946624873, 0.1163554337948564]"
165,18,2526,1,0.009242194557234459,2.571728155335422,True,False,[16],[0.13036642394364695]
165,20,2546,2,0.007899918093508733,2.955481280037182,True,False,"[7, 16]","[0.11996572915404706, 0.10424995321986383]"
165,21,3350,1,0.008664399535654742,3.950195150180838,True,False,[5],[0.13678177999438856]
165,22,2524,1,0.009501435945950123,4.857380150599496,True,False,[5],[0.1267654773938589]
165,23,3839,1,0.00943622970504969,3.488037764613433,True,False,[8],[0.10035322667140589]
166,0,2571,2,0.007778022445069134,2.7031789111683295,True,False,"[8, 12]","[0.10604730058587276, 0.15092834496447424]"
166,1,2925,3,0.006334222516502969,2.413327808021223,True,False,"[7, 15, 17]","[0.13015513594391764, 0.09643325461425757, 0.1533580193375987]"
166,3,1625,1,0.011478777280192837,2.7553332875570646,True,False,[5],[0.12867152686377106]
166,4,3960,2,0.05590420042481755,3.097026725235854,True,False,"[12, 15]","[0.14981340973588037, 0.11972341135520934]"
166,5,666,1,0.008156704280425186,3.8814118142651024,True,False,[8],[0.12961292835028482]
166,7,3830,1,0.008498544265762208,3.374223235737504,True,False,[7],[0.12531981444993495]
166,9,2209,2,0.005800294092286155,3.136856570462598,True,False,"[7, 15]","[0.10922324301617095, 0.09633279792422786]"
166,10,389,1,0.011096780510160257,2.7894101066623724,True,False,[16],[0.07135385813302586]
166,11,2635,1,0.007642052877282204,4.159167966767599,True,False,[8],[0.1237793953276397]
166,12,1805,2,0.007924374643552308,4.218830662318707,True,False,"[7, 15]","[0.16023257587867828, 0.18298722731568864]"
166,13,2528,1,0.009458408467721675,3.586283133611814,True,False,[12],[0.12468909415106154]
166,15,3244,1,0.01041617504928044,3.2331703889497017,True,False,[8],[0.1892519164638514]
166,18,2526,1,0.007435245919569404,2.6193333463957997,True,False,[7],[0.12553274443067794]
166,20,3735,1,0.010625781492679046,3.600268157315333,True,False,[7],[0.12222029916774846]
166,22,3350,1,0.008584258092599842,4.016126793487568,True,False,[7],[0.12883831912631882]
167,0,2571,2,0.007930185098629196,2.687984073017257,True,False,"[12, 16]","[0.14979637052341585, 0.12687960330008083]"
167,1,2925,1,0.009134833336276417,2.4140577673536647,True,False,[15],[0.09746829594231401]
167,3,1625,2,0.00713976277654705,2.783417930400816,True,False,"[8, 15]","[0.1906402951238602, 0.1128412663925422]"
167,4,3990,1,0.03983304177860365,3.471987543552928,True,False,[7],[0.10987254895008043]
167,5,3960,1,0.008730612354061782,3.1280316055944732,True,False,[15],[0.14329424077120598]
167,6,666,2,0.006268466658908669,3.898274714072488,True,False,"[8, 15]","[0.12293097183481598, 0.14254791257780244]"
167,8,3830,1,0.009607623896203728,3.4360903454039033,True,False,[5],[0.11674112779658331]
167,10,2209,2,0.008909036099426114,3.1552862365374215,True,False,"[7, 15]","[0.11400110897376825, 0.12970871705813972]"
167,11,389,1,0.0100764795510089,2.844690124904352,True,False,[5],[0.11412940184945981]
167,12,4000,1,0.09489213901646802,5.16286869854182,True,False,[12],[0.12337828619716233]
167,13,2635,1,0.008665313834617236,4.172256011511863,True,False,[8],[0.13305863977509544]
167,15,2528,1,0.0106343300781793,3.580248479623379,True,False,[15],[0.16193017954008626]
167,17,3244,1,0.009367384736692075,3.2905897259287706,True,False,[7],[0.13141757558443593]
167,18,3918,2,0.00783923405515265,4.655676333189216,True,False,"[7, 11]","[0.12781854554346625, 0.08813323784264006]"
167,20,2526,2,0.006783935371383469,2.6350941475433536,True,False,"[15, 16]","[0.10537402315146079, 0.10790244890007679]"
167,21,3360,2,0.007860817026050041,3.1225858083819102,True,False,"[7, 8]","[0.1015495641176596, 0.1708257313683741]"
167,22,3735,1,0.010225009739128574,3.6738502157960506,True,False,[5],[0.12158063655575316]
167,23,3839,1,0.012026902188063937,3.488125964787817,True,False,[7],[0.08709414883008709]
168,0,2571,1,0.011518916877735654,2.6543333967841565,True,False,[12],[0.148943732384148]
168,1,2925,2,0.0077533523317913,2.427720941867467,True,False,"[8, 16]","[0.11423538510512632, 0.14521004294552037]"
168,3,1625,2,0.0062975058349853535,2.8046073253061503,True,False,"[7, 15]","[0.10059338802292069, 0.10647111086914157]"
168,5,3960,2,0.007544156803405748,3.171341474065545,True,False,"[7, 15]","[0.11998269017921032, 0.13444966504194908]"
168,6,666,1,0.008286948038140958,3.948041952892781,True,False,[7],[0.12567218234300145]
168,9,2569,2,0.0064684796232104816,2.911281314513331,True,False,"[7, 15]","[0.1056273485755656, 0.10182431323916709]"
168,10,2209,1,0.009536584079278168,3.192986865493328,True,False,[5],[0.12285141868287672]
168,12,4000,1,0.008671320522415758,5.257898932591709,True,False,[5],[0.1158678454159987]
168,13,2635,1,0.009041811240383156,4.272763110090136,True,False,[5],[0.13718041476152656]
168,14,1805,1,0.008192991642644204,4.285303529320325,True,False,[7],[0.12708711416580926]
168,15,2528,2,0.009465055599630805,3.5812884975559283,True,False,"[11, 15]","[0.07776527036619268, 0.16178007915169015]"
168,17,3244,1,0.00929903525205181,3.3135690254476273,True,False,[15],[0.14433077882726375]
168,18,3918,1,0.011237354558669433,4.665702843977823,True,False,[12],[0.13559410130398553]
168,20,2526,3,0.006131532065728819,2.6449230442898357,True,False,"[7, 15, 17]","[0.11668563810051476, 0.11808744468361154, 0.13424955492003224]"
168,21,3360,2,0.007175067954968044,3.115268616640309,True,False,"[12, 15]","[0.15377878083656016, 0.19105492403573396]"
168,22,3735,1,0.009474707291677906,3.7264967681060255,True,False,[7],[0.11870570868383283]
168,23,4022,3,0.026130325556996757,4.238021835428841,True,False,"[8, 11, 15]","[0.11565795123348507, 0.09002410433104638, 0.15355617875754965]"
169,0,2571,2,0.008039531631399461,2.6683489671609526,True,False,"[8, 16]","[0.10210198022479368, 0.12129181651738218]"
169,1,2925,1,0.009483252420229108,2.479374757235571,True,False,[5],[0.15589783495092902]
169,3,1625,1,0.009256978043316814,2.839289541604812,True,False,[15],[0.12722225757151]
169,5,3960,2,0.0061379337638418265,3.1883108180953403,True,False,"[8, 16]","[0.12625914456422618, 0.12254582634324272]"
169,6,666,2,0.005292925596053703,3.999515500867145,True,False,"[7, 15]","[0.12200850288906166, 0.12407721653432974]"
169,9,2569,1,0.009383981882785997,2.927997017894311,True,False,[8],[0.1745755989065198]
169,10,2209,1,0.01165027099306339,3.1980628840627854,True,False,[15],[0.12763018445189736]
169,11,389,1,0.01073555642353797,2.839682786388463,True,False,[16],[0.14260100901439857]
169,12,4000,2,0.007996740865184081,5.302622698039816,True,False,"[7, 11]","[0.14920706790759702, 0.07398682541280852]"
169,13,2635,1,0.00899608256696631,4.287568305238526,True,False,[8],[0.13566505405313545]
169,15,2528,1,0.008531831488241418,3.623333970899847,True,False,[7],[0.12277616961981766]
169,16,241,1,0.010294336506224855,3.071712374920234,True,False,[15],[0.10200957734721046]
169,18,3918,1,0.0076470384728999025,4.679360399552352,True,False,[7],[0.12814795788573932]
169,19,4039,1,0.025122211966546598,3.4935665041611816,True,False,[7],[0.10037648405521024]
169,20,2526,1,0.009067169775793003,2.6951045735691417,True,False,[7],[0.11257584202175269]
169,21,3360,2,0.007478151922356941,3.1130445480267013,True,False,"[7, 12]","[0.10010393324827102, 0.14354645615846262]"
169,22,3735,1,0.009133177479903835,3.788691554482503,True,False,[7],[0.10878618396330857]
170,3,1625,1,0.009728067650321089,2.8790605063742944,True,False,[15],[0.11965862424903524]
170,4,3990,2,0.007261016073350698,3.53987487206429,True,False,"[7, 8]","[0.10229049846129376, 0.1500837366661331]"
170,5,3960,1,0.008433504205784126,3.2106193716341505,True,False,[15],[0.1331083904046052]
170,6,666,1,0.007663217128847343,4.039895079926774,True,False,[7],[0.12034057404126455]
170,7,3566,1,0.009596821740398795,3.4405457388692557,True,False,[8],[0.16013070977073054]
170,10,2209,1,0.009696218628091247,3.2449543038990725,True,False,[7],[0.11106162746549514]
170,11,389,1,0.009861303226658727,2.844467034317427,True,False,[8],[0.12835847476236253]
170,12,4000,1,0.008424709963633335,5.398936422189533,True,False,[5],[0.11331488732094691]
170,13,2635,2,0.006620060660972431,4.31355489028811,True,False,"[7, 8]","[0.19351093136253736, 0.12829206963826625]"
170,14,1805,1,0.009236460804579535,4.346211650425976,True,False,[7],[0.13503536485078535]
170,15,2528,1,0.008662520027464165,3.634816042655728,True,False,[8],[0.19474662411712731]
170,16,241,1,0.00971746342040569,3.134693178155386,True,False,[15],[0.08852378989823413]
170,17,3244,1,0.012312545182463448,3.327016029520083,True,False,[16],[0.17427612010839036]
170,18,3918,1,0.010542989854995546,4.704191685450639,True,False,[5],[0.13899225031915255]
170,19,4039,1,0.009501918197843424,3.523675565508565,True,False,[8],[0.10179214063105324]
170,20,2569,1,0.010071588859999139,2.939611647344334,True,False,[7],[0.11651167431859505]
170,21,3360,2,0.00815697641380114,3.1008796778210805,True,False,"[8, 12]","[0.1555510954437275, 0.12915957942847262]"
170,22,3735,1,0.008279472822457954,3.8580246537035485,True,False,[7],[0.09886128662029624]
170,23,2526,2,0.0078066693242938735,2.6960821889467277,True,False,"[7, 12]","[0.08681575582522334, 0.16204673888944474]"
171,0,2571,2,0.011933194276830372,2.6342160110776147,True,False,"[12, 17]","[0.18582435733547223, 0.06217125066592288]"
171,1,2925,3,0.007686438544707342,2.5014797757712888,True,False,"[7, 8, 16]","[0.14058812758115372, 0.12709410286247622, 0.15229540533263528]"
171,3,1625,1,0.009356940875598713,2.908457606124305,True,False,[8],[0.18867967457394275]
171,5,3960,4,0.00567694242540031,3.2234978110128796,True,False,"[8, 15, 16, 17]","[0.12178723273352288, 0.12543503572833936, 0.11668268663044702, 0.10500418473719289]"
171,6,666,2,0.005562644920262872,4.085286779503627,True,False,"[7, 15]","[0.11408344380547779, 0.11878003432689396]"
171,10,2209,2,0.008188008366113313,3.2659712766639935,True,False,"[7, 15]","[0.11888438391032513, 0.13573129486679325]"
171,11,389,2,0.007142740504162865,2.847243119601003,True,False,"[8, 16]","[0.12491378200525856, 0.13508867741247177]"
171,12,4000,2,0.008080088115614259,5.447919930370248,True,False,"[7, 11]","[0.1318222382674416, 0.0783550476296849]"
171,13,2635,1,0.011952415807138426,4.317977041811828,True,False,[11],[0.1402175968113138]
171,14,1805,2,0.007544622777878211,4.37299566807868,True,False,"[7, 11]","[0.12743104306223402, 0.09374391768003357]"
171,15,2528,2,0.007339088692158006,3.6503186489017043,True,False,"[7, 15]","[0.13656367909820025, 0.17089721462141633]"
171,17,3244,1,0.009595974961078207,3.3691960145050124,True,False,[5],[0.14990988056880608]
171,19,4039,1,0.008600161120998302,3.5548573135540122,True,False,[7],[0.09495851709679935]
171,20,2569,1,0.00980896267204008,3.0064237256428856,True,False,[5],[0.11388600757596407]
171,21,3360,1,0.011832695865169109,3.0907910601107584,True,False,[8],[0.1485564033100991]
171,23,2526,2,0.006352223719362724,2.724680843444955,True,False,"[7, 16]","[0.08260310662630167, 0.1397578285371635]"
172,0,2571,3,0.0066976287080056825,2.6330262885574194,True,False,"[8, 12, 16]","[0.1071905899032366, 0.1987808883083358, 0.11726789157280647]"
172,1,2925,1,0.009852559739396208,2.5120250722975013,True,False,[15],[0.11813226787670633]
172,3,1625,1,0.01144604744683188,2.9149059108722297,True,False,[5],[0.1257760429592645]
172,5,3960,2,0.0070264151991982484,3.2346944071282953,True,False,"[8, 12]","[0.10829465230726275, 0.20087968287798277]"
172,6,666,1,0.010767717908985055,4.1037409776069715,True,False,[5],[0.17152297008688372]
172,10,2209,2,0.008569494297239265,3.265724726874434,True,False,"[8, 15]","[0.16679746210486562, 0.12554519680568532]"
172,11,389,1,0.008614351384579841,2.8736271298044476,True,False,[7],[0.11664873704575833]
172,12,4000,2,0.008637687465330803,5.496054238077619,True,False,"[7, 11]","[0.12637376103372266, 0.08708076235455257]"
172,13,2635,1,0.008666016802956993,4.416694702954204,True,False,[5],[0.14115576806633343]
172,14,1805,1,0.009455617997452212,4.476436853196566,True,False,[5],[0.1401332165570454]
172,16,2528,1,0.0081300122751233,3.687872510088536,True,False,[7],[0.12913271931973858]
172,17,241,1,0.008957779369296795,3.189012791764706,True,False,[15],[0.13180070318726494]
172,18,3244,1,0.009915705207450243,3.3875348902590052,True,False,[8],[0.1581994231497252]
172,19,3918,2,0.007028920875684745,4.749676168249512,True,False,"[11, 15]","[0.13499771570936747, 0.17666349528091338]"
172,22,3360,3,0.006279921336888392,3.103166998363951,True,False,"[7, 8, 12]","[0.09649604222390616, 0.17280436885271389, 0.1591496422795246]"
172,23,3735,1,0.009881644468167307,3.8946128938790334,True,False,[7],[0.0794499349779495]
173,0,2571,1,0.011827972899553925,2.6015055414290162,True,False,[12],[0.18867537115507585]
173,1,2925,1,0.009698962580023405,2.5319746901183646,True,False,[15],[0.12282941168051117]
173,3,1625,1,0.009347333031205,2.957988046546247,True,False,[15],[0.1151700316925325]
173,5,3960,3,0.005648845904597811,3.24368593148783,True,False,"[8, 12, 16]","[0.10855990369624034, 0.18701326499039153, 0.12157621634506481]"
173,7,3566,1,0.008728769749386174,3.477185019048714,True,False,[7],[0.11882517589922806]
173,8,3830,1,0.01017793387903906,3.4461865344359097,True,False,[7],[0.13022239417727804]
173,10,2209,1,0.009688174290432764,3.306429699737082,True,False,[7],[0.11833382086740003]
173,11,389,1,0.009795807781978928,2.9346170166903303,True,False,[5],[0.10867873677763287]
173,12,4000,1,0.011773105206605482,5.445834599840159,True,False,[12],[0.12585572391622024]
173,13,2635,1,0.007443709478757269,4.448326033420741,True,False,[8],[0.1191044461267802]
173,14,1805,1,0.00920725834893137,4.531303788029898,True,False,[7],[0.14146455860743398]
173,15,4106,1,0.09740379580842806,3.8976721239174013,True,False,[15],[0.16235261285299019]
173,18,3244,1,0.008030048998674395,3.4025619224548103,True,False,[15],[0.13805332068833104]
173,19,3918,1,0.009563761219628264,4.760241240724334,True,False,[7],[0.09177110897151701]
173,22,3360,1,0.008987661067080283,3.1175685080250326,True,False,[8],[0.15529810592109292]
174,0,2571,2,0.008428795116297632,2.5845715268514495,True,False,"[12, 16]","[0.2000625019155201, 0.11719456673832639]"
174,1,2925,1,0.009813231403675843,2.5503185807377347,True,False,[15],[0.12374299870795041]
174,3,1625,1,0.01032248656440167,3.0027148349427266,True,False,[15],[0.11669581771139945]
174,4,4173,1,0.03263076102556123,3.032272836788531,True,False,[7],[0.10592690558627875]
174,5,3960,2,0.006993591468509859,3.252905592804332,True,False,"[15, 16]","[0.1308703868186453, 0.12661361516062086]"
174,6,666,1,0.007818682473586157,4.150661256047306,True,False,[7],[0.114092541246946]
174,7,3566,1,0.008904926081455537,3.510148593172199,True,False,[7],[0.11594283627610755]
174,11,389,2,0.008191167107804362,2.952365290333794,True,False,"[15, 16]","[0.15324454695853237, 0.1343560847255973]"
174,12,4000,3,0.007283110370020596,5.455906627594991,True,False,"[7, 11, 12]","[0.11808908983709601, 0.0836638876747655, 0.12363041351169488]"
174,13,2635,1,0.011469451589310783,4.460221692155619,True,False,[7],[0.1782641648769762]
174,18,3244,1,0.009650088537728127,3.4379165105840896,True,False,[5],[0.1381578198748171]
174,19,3918,1,0.009615264732526904,4.834659561002954,True,False,[5],[0.09944991496408577]
174,21,2569,2,0.008011999850419445,3.0256343868953395,True,False,"[7, 8]","[0.08887254216895966, 0.1434823457646035]"
174,23,3735,1,0.009863156155755547,3.94628782531434,True,False,[7],[0.07490757406140619]
175,0,2571,1,0.009664161432395534,2.6400186029046413,True,False,[5],[0.11418984844724024]
175,1,2925,1,0.009624943032994234,2.5897736439178476,True,False,[8],[0.11316983099073488]
175,3,1625,1,0.01146439738722329,3.043818378055344,True,False,[15],[0.12409309673229588]
175,5,3960,2,0.007090069389183371,3.301506961378393,True,False,"[7, 15]","[0.12956575431510392, 0.13651736934980155]"
175,9,3830,1,0.008783371137308222,3.4831512513569614,True,False,[7],[0.11600535865262146]
175,11,3990,1,0.007793405373194596,3.5912422587266533,True,False,[7],[0.1110455557389468]
175,12,389,1,0.01006009707529484,2.987684127432604,True,False,[7],[0.11948846291941141]
175,13,4000,3,0.006940531614065375,5.448882681822882,True,False,"[8, 11, 12]","[0.12383247165276814, 0.12487669973505579, 0.13526768319256352]"
175,14,2635,1,0.008591928419354643,4.477790883458606,True,False,[8],[0.14320143937049545]
175,15,1805,1,0.009563937485363851,4.637271854246352,True,False,[5],[0.1338055839025773]
175,16,4106,1,0.007590818969388026,3.9537624463205874,True,False,[7],[0.11624532555907163]
175,17,2528,2,0.006993483890494065,3.7075680285175965,True,False,"[7, 15]","[0.1449601597773112, 0.12076502191876153]"
175,18,241,1,0.007441364472755572,3.2548937978946757,True,False,[15],[0.12729219797204613]
175,19,3244,1,0.009374180082266042,3.4890894469000022,True,False,[5],[0.08798064103737141]
175,20,3918,1,0.008028883465523048,4.89047564336847,True,False,[15],[0.11668509588432094]
175,21,4039,1,0.009607014674179997,3.5790997317030127,True,False,[7],[0.08505218979995129]
175,22,2569,1,0.008203563280035367,3.083343689053951,True,False,[7],[0.09591024340276272]
175,23,2209,1,0.009181346817416142,3.355287750113803,True,False,[15],[0.1425331228467623]
176,0,2571,1,0.009592085278073642,2.69606910647328,True,False,[5],[0.12110172990863316]
176,1,2925,3,0.007296729053266204,2.5922470192656792,True,False,"[8, 12, 17]","[0.11065854193683637, 0.18452025272544081, 0.1657794663746033]"
176,3,1625,2,0.007559741789547338,3.0734680649794597,True,False,"[8, 15]","[0.18481465159647156, 0.13446863298714187]"
176,6,666,1,0.010801854934703863,4.18154992300378,True,False,[5],[0.17623100785967444]
176,7,3566,1,0.009117543740722617,3.5484472056735856,True,False,[8],[0.14849074058074307]
176,12,389,1,0.009674484924093136,3.0057878072150075,True,False,[8],[0.14528655265131363]
176,13,4000,1,0.007834245267439935,5.457226547659571,True,False,[8],[0.12318711923471153]
176,14,2635,1,0.011813326259546552,4.4893806478341185,True,False,[10],[0.07481942473117469]
176,15,1805,1,0.009337292423285624,4.636726142467585,True,False,[8],[0.20205380011397903]
176,17,2528,1,0.009607907323171997,3.7081386243048,True,False,[15],[0.12013010230817586]
176,19,3244,1,0.009619607440827304,3.5511902546068157,True,False,[7],[0.09811646869203398]
176,20,3918,2,0.0069557859783215825,4.908100559775683,True,False,"[7, 12]","[0.11205295071793338, 0.16058567133065352]"
176,23,2209,3,0.007643749754583767,3.368453194229722,True,False,"[7, 15, 17]","[0.10028650209506874, 0.1320153268559731, 0.11814456807359631]"
177,0,2571,1,0.010086217514819551,2.728999008625065,True,False,[8],[0.11137971623231918]
177,3,1625,1,0.011649763126353997,3.070212042646878,True,False,[5],[0.1284725784694437]
177,4,4173,1,0.009774852801099701,3.084399246965109,True,False,[7],[0.10915474897492936]
177,5,3960,1,0.008751783154103101,3.335690539649171,True,False,[8],[0.10316683830728586]
177,6,666,2,0.006947077164467298,4.220264965728797,True,False,"[7, 15]","[0.12354213117996178, 0.12647711072508505]"
177,10,4060,1,0.10194279895202853,4.1108045899865155,True,False,[7],[0.10622613152893227]
177,13,4000,1,0.01241011398690582,5.467903963302478,True,False,[11],[0.1344220203385415]
177,15,1805,1,0.01261776985334224,4.6465353129300135,True,False,[11],[0.11413475741110318]
177,17,2528,2,0.008451347214733965,3.71939625430825,True,False,"[7, 12]","[0.13941925414315468, 0.1596787855526352]"
177,19,3244,1,0.009227866436396576,3.5597693825192027,True,False,[8],[0.11706489837046082]
177,20,3918,3,0.005768103920123504,4.917211303043928,True,False,"[7, 12, 15]","[0.1199244208175756, 0.18501858327144058, 0.11858916234520832]"
177,22,2569,1,0.00973580283784174,3.0983536038851307,True,False,[8],[0.15660400753058593]
178,1,2925,2,0.0076607665376513135,2.5999834651765474,True,False,"[15, 17]","[0.13079670327041215, 0.15530474992925372]"
178,3,1625,1,0.009140617672716315,3.075750578541942,True,False,[7],[0.10861342312577776]
178,4,4173,1,0.009502070415041513,3.1395818542434135,True,False,[7],[0.09873374011256635]
178,6,666,1,0.011278960844866074,4.252693632713696,True,False,[5],[0.17368098985721347]
178,11,3990,1,0.008142708273713606,3.6394126167228893,True,False,[7],[0.10548805767873028]
178,13,4000,1,0.011234498273696011,5.537608004085983,True,False,[7],[0.16217573618424103]
178,14,2635,1,0.012682042519735653,4.428877775451988,True,False,[11],[0.09989043734067053]
178,15,1805,1,0.008470092475895186,4.734890434487995,True,False,[7],[0.1351724709423837]
178,17,2528,2,0.008843910174823843,3.7231358005174,True,False,"[7, 12]","[0.14623371207789845, 0.16743233504420107]"
178,19,3244,1,0.010018595900148933,3.6061328432930577,True,False,[7],[0.10998943795027034]
178,20,3918,1,0.010635981643482005,4.911079792898341,True,False,[7],[0.1253063300049108]
178,22,2569,1,0.008679806691825213,3.1538747654817807,True,False,[7],[0.09786843396364493]
179,1,2925,3,0.0065504713417249795,2.6131569715888223,True,False,"[7, 15, 17]","[0.12366486780290646, 0.12804813097078224, 0.16237803426726058]"
179,3,1625,2,0.007671842966126074,3.0915791684359077,True,False,"[12, 15]","[0.1850077448521347, 0.13098895620449227]"
179,4,4173,1,0.00999331849085324,3.1916881155184007,True,False,[5],[0.1312889605579981]
179,5,3960,3,0.0058592871191719105,3.3413391248185738,True,False,"[8, 12, 16]","[0.11279511095595428, 0.1812232186692157, 0.12959661738841638]"
179,6,2571,2,0.007962216819961955,2.7393312789694417,True,False,"[8, 16]","[0.13293858349347046, 0.09898478915050274]"
179,7,666,1,0.0072125288582170636,4.314595735654224,True,False,[15],[0.17221304835228293]
179,10,3830,1,0.00916360515085067,3.536019672846448,True,False,[7],[0.09143415945561675]
179,12,3990,2,0.0066510757907897395,3.668709036210791,True,False,"[7, 8]","[0.10961793179994556, 0.12779832494052945]"
179,13,389,1,0.012326529066799333,3.0136732285073724,True,False,[7],[0.1577480807261457]
179,14,4000,1,0.012917527675810413,5.539500568161748,True,False,[11],[0.10733097575662874]
179,15,2635,1,0.008100043035444452,4.535783494049209,True,False,[5],[0.1298205804490583]
179,18,2528,4,0.004664231629319209,3.7533388051530037,True,False,"[7, 8, 12, 15]","[0.129488626646303, 0.15168035175460579, 0.14427224534961763, 0.12720228897538183]"
179,23,2209,1,0.01085634774910861,3.367451174796674,True,False,[8],[0.12006257412975517]
180,0,4277,2,0.0519382855500977,3.7768867039043448,True,False,"[8, 12]","[0.10066066174859922, 0.1780894857109688]"
180,1,2925,1,0.010812414781608189,2.6271501185362407,True,False,[15],[0.13296937776615741]
180,2,3867,1,0.00798227363706492,3.5864468723438887,True,False,[7],[0.0916316266784557]
180,4,4173,1,0.00951055840161186,3.248995210228309,True,False,[5],[0.11622771532916061]
180,5,3960,2,0.0075166938781305506,3.364074349700837,True,False,"[7, 12]","[0.11976506959178237, 0.187890609528802]"
180,6,2571,2,0.008773709177732146,2.7462383867872884,True,False,"[8, 16]","[0.13748412427263504, 0.11487300290507801]"
180,7,666,1,0.009510507110694108,4.328834835255626,True,False,[5],[0.18561501097381364]
180,8,3566,1,0.010146547783684961,3.5675716717713852,True,False,[7],[0.11928930139995707]
180,12,3990,2,0.006444664191061867,3.704217598571965,True,False,"[7, 8]","[0.10097298676867096, 0.1224806061882274]"
180,16,1805,2,0.0068390340117540785,4.737560815942974,True,False,"[8, 15]","[0.18543678321549295, 0.12417556793059274]"
180,20,3244,1,0.009679683734190108,3.6570573474808805,True,False,[5],[0.11151318119989935]
180,22,2569,1,0.009072098350289708,3.2005302249534786,True,False,[7],[0.09988231315701192]
180,23,2209,1,0.008833556930943934,3.4170558962863073,True,False,[7],[0.08730032255651607]
181,0,4277,1,0.009005436430485262,3.8563220773625053,True,False,[5],[0.12522146545230547]
181,1,2925,1,0.009586928826637277,2.6276754847162125,True,False,[16],[0.1591971720358925]
181,3,1625,1,0.009590613550599996,3.1301487923979434,True,False,[15],[0.12003840943499466]
181,4,4173,1,0.00889635344609371,3.3034454772705235,True,False,[5],[0.12028252871516851]
181,5,3960,1,0.013454310894820758,3.3537303267178284,True,False,[17],[0.10944878190797602]
181,6,2571,1,0.011395625175049317,2.703431799035831,True,False,[12],[0.16960193902479004]
181,10,3830,1,0.009868482006841645,3.5648852606733175,True,False,[8],[0.16135300403444747]
181,13,389,2,0.007537818920850153,3.010569213035783,True,False,"[8, 12]","[0.11976063327601594, 0.13417780174167557]"
181,14,4000,1,0.0088429433545967,5.53410286042551,True,False,[7],[0.13473289775945127]
181,15,2635,1,0.007502837582747114,4.647506938927781,True,False,[5],[0.1247680326898083]
181,16,1805,1,0.006623857355736965,4.827638441113929,True,False,[7],[0.11323720083678307]
181,19,3244,1,0.009069114897060864,3.712293319508246,True,False,[5],[0.087666425022334]
181,21,2569,1,0.008738851523016695,3.2775092098479295,True,False,[5],[0.13453921208959788]
181,22,2209,2,0.006595129472939169,3.4619917914605267,True,False,"[7, 15]","[0.09269134411657186, 0.11478835316442727]"
181,23,4334,1,0.022617931946871967,5.9021968604596555,True,False,[7],[0.10550330890513296]
182,0,4277,1,0.008620441539995586,3.874281669424603,True,False,[8],[0.097246869171234]
182,1,2925,2,0.008062452388510149,2.6497670552841,True,False,"[8, 16]","[0.10668017826557842, 0.1679973414497859]"
182,3,1625,1,0.00909972843926456,3.149953397740785,True,False,[8],[0.19389398507516195]
182,4,4173,1,0.009713104230791702,3.3567729804936843,True,False,[5],[0.12079436824339992]
182,5,3960,3,0.006711704743384374,3.356950108708247,True,False,"[8, 12, 16]","[0.11482368816862144, 0.17991806495684962, 0.13761201881463775]"
182,6,2571,1,0.010061084035299716,2.7043355999299887,True,False,[15],[0.11684767061669595]
182,7,666,2,0.005894214326738595,4.373606096752795,True,False,"[7, 15]","[0.1100243116870338, 0.16157206573994276]"
182,8,3566,1,0.009732308948739516,3.5911498587039823,True,False,[7],[0.1086194141192624]
182,15,2635,1,0.008103431978817122,4.6505136858094644,True,False,[8],[0.19154304747314446]
182,16,1805,2,0.00980949978386621,4.835578143258771,True,False,"[11, 15]","[0.10853556479665312, 0.14795532479635085]"
182,17,4282,1,0.041039191663023104,4.771609824842097,True,False,[7],[0.12697035059017364]
182,18,2528,1,0.008631297406230387,3.756748406492155,True,False,[15],[0.12318015858525794]
182,19,3244,2,0.00917175003003076,3.718709156764756,True,False,"[8, 16]","[0.14155949256664369, 0.1314412757588622]"
182,22,2209,1,0.010286659909694254,3.4619481163889394,True,False,[8],[0.15467066789590259]
182,23,4334,1,0.008937166534302925,5.901443927598697,True,False,[8],[0.11992106982404947]
183,0,4277,3,0.009049096754661362,3.848652982763631,True,False,"[8, 12, 17]","[0.1145668620638721, 0.1804889684921315, 0.08439624983071294]"
183,1,2925,2,0.009035035626877831,2.674309926115534,True,False,"[8, 17]","[0.11714868916993978, 0.16517270179266308]"
183,3,1625,2,0.006538762642206244,3.179483546033442,True,False,"[7, 8]","[0.12601720914080436, 0.17996606478338995]"
183,4,4173,1,0.009194447557974073,3.4255037074600034,True,False,[5],[0.09931239476116836]
183,5,3960,1,0.009376569411086898,3.3773136488833417,True,False,[8],[0.10872338248586161]
183,6,2571,2,0.006929537952738369,2.7169456004784016,True,False,"[8, 15]","[0.14272121837350846, 0.10949188267154318]"
183,7,666,1,0.008725990594397997,4.400097741898803,True,False,[7],[0.10592570158779628]
183,8,3566,1,0.0098237534532521,3.62213257585477,True,False,[7],[0.09821140842816123]
183,10,3830,2,0.008641271691005193,3.5373498627000455,True,False,"[12, 17]","[0.16250206225875286, 0.0832579651654115]"
183,11,4060,1,0.0078297483718015,4.168116278332954,True,False,[7],[0.09873136374861419]
183,14,4000,2,0.008845041634425132,5.50341317163925,True,False,"[11, 12]","[0.11246064096549475, 0.17369682366966313]"
183,15,2635,1,0.008575326152226491,4.678722350996805,True,False,[7],[0.13100183538953666]
183,16,1805,1,0.011867971099706895,4.848050481180126,True,False,[11],[0.1200555110305063]
183,19,3244,1,0.008031265255324096,3.731940362443798,True,False,[15],[0.18245885456821112]
183,20,4378,3,0.05724439974811926,3.7883212891190037,True,False,"[7, 8, 12]","[0.12368699672005214, 0.12777631163028363, 0.17785212974568715]"
183,21,2569,1,0.008642230915929496,3.357375447983727,True,False,[5],[0.13078921362545806]
183,22,2209,2,0.006324347878733508,3.504310407319262,True,False,"[7, 15]","[0.08738471766812425, 0.10561432574248046]"
184,0,4277,2,0.007879241278807955,3.868143518145702,True,False,"[7, 17]","[0.13738052225302783, 0.07591915944101219]"
184,1,2925,1,0.007469384864592395,2.7078756649942783,True,False,[7],[0.1294788371115466]
184,3,1625,1,0.010673655091767693,3.1836431223610377,True,False,[5],[0.13934847883930973]
184,5,3960,1,0.008531345921073881,3.3953811644591125,True,False,[15],[0.1329131491543261]
184,6,2571,1,0.009779175880788582,2.7294200231226866,True,False,[8],[0.1378449956101898]
184,10,3830,1,0.009571546347545359,3.5662645574869845,True,False,[8],[0.15354715270337044]
184,13,389,1,0.009285800972143833,3.018767601888761,True,False,[8],[0.11655370667049214]
184,14,4000,1,0.008828486899336747,5.4965882398537325,True,False,[7],[0.13123033214384908]
184,15,2635,1,0.008517016725920933,4.678842524355877,True,False,[8],[0.18504000045449953]
184,16,1805,1,0.006671515599763866,4.937033561283211,True,False,[7],[0.1283308178763325]
184,18,2528,2,0.006948804558715168,3.782803042129772,True,False,"[7, 15]","[0.1461648848977106, 0.13605185442505882]"
184,19,3244,1,0.00975915911885408,3.7665405662979636,True,False,[5],[0.11111902879461354]
184,22,2209,3,0.006077981045899579,3.5213278474017464,True,False,"[7, 8, 15]","[0.11079180136991504, 0.1620166720450946, 0.1218596486545128]"
184,23,4334,1,0.012321050639866734,5.916852679068872,True,False,[11],[0.09337289625463963]
185,1,2925,2,0.007400712619220475,2.7049336363434104,True,False,"[12, 15]","[0.18970893792064042, 0.10765481947477398]"
185,3,1625,1,0.009397546129906661,3.2187614404905527,True,False,[15],[0.12205624135382136]
185,4,4173,1,0.00962391800473258,3.48119439225184,True,False,[7],[0.09780024398958684]
185,6,2571,2,0.006386867619164623,2.7504836537619686,True,False,"[7, 8]","[0.12703402083542203, 0.12590158584960628]"
185,9,4178,1,0.06695852882194686,3.9197549718954745,True,False,[7],[0.10784573835121686]
185,10,3830,1,0.009173434368109731,3.639401860790787,True,False,[5],[0.12733025518287316]
185,13,389,1,0.012099088901362291,3.0228124663435616,True,False,[15],[0.21207567708305233]
185,14,4000,2,0.006198655810803543,5.493082758862251,True,False,"[7, 8]","[0.1242029418704916, 0.14178066324429683]"
185,15,2635,1,0.011958949533729652,4.697119277038791,True,False,[11],[0.11585318535775313]
185,16,1805,2,0.0067245407889485135,4.973767016609028,True,False,"[7, 11]","[0.1527811116409853, 0.13774360182562212]"
185,18,2528,2,0.00855743459511895,3.8020659309644325,True,False,"[7, 15]","[0.1564460283734124, 0.1478652749183077]"
185,19,3244,1,0.00803236442295161,3.782322174197614,True,False,[15],[0.1775912086575541]
185,20,4378,2,0.007487670841067144,3.8072727332510405,True,False,"[8, 16]","[0.11556321173701851, 0.11026709397609866]"
185,22,2209,1,0.00803251595199446,3.5674870410859967,True,False,[7],[0.10130939066374102]
186,1,4277,2,0.008564802398020226,3.851518605263265,True,False,"[12, 17]","[0.19706544445736385, 0.15836514041007732]"
186,2,2925,2,0.006779884930679103,2.7181695991660617,True,False,"[8, 15]","[0.14869294165937608, 0.12098474290410792]"
186,5,4173,1,0.00928750464721943,3.549423448600259,True,False,[5],[0.13546740998175877]
186,6,3960,3,0.006949837111764944,3.410034002232896,True,False,"[8, 15, 17]","[0.11554971719614406, 0.10617961097936937, 0.02415466140543712]"
186,8,666,1,0.00921835734419356,4.45025971165946,True,False,[5],[0.11860029120076222]
186,14,389,1,0.010336683845729154,3.0245327452525417,True,False,[8],[0.13672995270863933]
186,15,4000,1,0.008300679219028875,5.5462969660878505,True,False,[7],[0.13200392947417625]
186,17,1805,3,0.00528710475957467,5.022321396387902,True,False,"[7, 8, 15]","[0.12143563476605582, 0.16804686230085802, 0.14522023728730238]"
186,19,2528,3,0.006161944617018599,3.802196290378405,True,False,"[7, 12, 15]","[0.12273765911187555, 0.16291360999869564, 0.17622212379519298]"
186,20,3244,1,0.009326264656706424,3.8324828949780687,True,False,[5],[0.11644137396683321]
186,22,2209,1,0.01068760580506121,3.616802461308732,True,False,[5],[0.13611564372171334]
187,1,4277,1,0.008618695341587894,3.9434642222510137,True,False,[5],[0.15791813387571385]
187,2,2925,3,0.008184628616644422,2.7296798751346016,True,False,"[7, 12, 17]","[0.11320341948925218, 0.11965474139947598, 0.05185150566741196]"
187,3,3867,1,0.008820754088192872,3.6433859603926817,True,False,[7],[0.12033272296584842]
187,4,1625,1,0.009529789299981406,3.233890863164379,True,False,[15],[0.11022362509890743]
187,6,3960,1,0.011693850306787741,3.391712084123182,True,False,[12],[0.163744599411729]
187,7,2571,1,0.010983281239398311,2.7488388773357855,True,False,[7],[0.12624309524983837]
187,15,4000,2,0.007304798310090678,5.567094178176626,True,False,"[7, 12]","[0.1275556187503312, 0.1844596015821158]"
187,16,2635,1,0.008113854972131084,4.702098444029367,True,False,[8],[0.18609048392457145]
187,17,1805,1,0.00822262612673915,5.132320608362066,True,False,[5],[0.13855681733467518]
187,19,2528,1,0.008922503450560816,3.80092671668059,True,False,[7],[0.122856967519014]
187,21,4378,2,0.009119840142028721,3.7668204274461843,True,False,"[12, 17]","[0.13373854493422183, 0.0840602892493681]"
187,22,2209,1,0.009724592312419914,3.6174423803348943,True,False,[8],[0.15470186653211496]
187,23,4334,3,0.005110948728296874,5.93661602474211,True,False,"[7, 8, 12]","[0.08519306245701927, 0.09903701394897876, 0.18699692998830994]"
188,1,4277,1,0.010565715867470097,3.9395747302824584,True,False,[15],[0.11921932155212792]
188,2,2925,2,0.008986817425445649,2.7147445284155944,True,False,"[15, 17]","[0.13743126989190838, 0.056861612046604525]"
188,3,3867,1,0.009374843390508078,3.726207234623718,True,False,[5],[0.1288640248136949]
188,4,1625,3,0.007022905008409912,3.246243217871842,True,False,"[7, 8, 15]","[0.10216468934318645, 0.15929504387603158, 0.11260944137264951]"
188,6,3960,3,0.006416490924497572,3.3912596459915125,True,False,"[12, 15, 16]","[0.1633052155712096, 0.12272730859663895, 0.11555578949827257]"
188,7,2571,2,0.007320483692047962,2.7588584457482277,True,False,"[8, 12]","[0.14803493425476363, 0.18271703105666293]"
188,11,3830,1,0.009276837991591878,3.659737219969131,True,False,[15],[0.1645720016731815]
188,15,4000,3,0.006567902753139938,5.567570684147,True,False,"[7, 11, 12]","[0.09919893492992171, 0.12731342597010029, 0.17074193393522005]"
188,17,1805,3,0.006453781861909641,5.185238532041958,True,False,"[7, 8, 11]","[0.13666144841726444, 0.16608125574654656, 0.10689383184847794]"
188,19,2528,2,0.006697631689401097,3.7978676280425456,True,False,"[12, 15]","[0.16358883516531167, 0.17402692624852595]"
188,20,3244,3,0.004894827976075859,3.8607208399357593,True,False,"[7, 8, 15]","[0.10097107774091242, 0.12743498455617924, 0.12147945584875582]"
188,21,4378,1,0.009201360294055608,3.803270893495259,True,False,[7],[0.08705994161983215]
188,22,2209,2,0.00687589071863942,3.6434452347228596,True,False,"[7, 15]","[0.1149260421783985, 0.1153622247468587]"
189,1,4277,1,0.008447990389083171,4.032972332861692,True,False,[5],[0.15410338249423539]
189,2,2925,2,0.007539748799335869,2.6995719826892186,True,False,"[12, 15]","[0.11625313219955778, 0.1480865691199695]"
189,5,4173,1,0.009723954205548613,3.6177967830050135,True,False,[5],[0.12731811776802843]
189,6,3960,2,0.009696714701374752,3.3850056546504503,True,False,"[15, 17]","[0.11936119593260618, 0.04201316085101952]"
189,8,666,1,0.00704859787192679,4.500233082007701,True,False,[15],[0.12828962162902366]
189,15,4000,2,0.007394397831473448,5.588601032337976,True,False,"[7, 12]","[0.09455768203621956, 0.17676332157697172]"
189,16,2635,1,0.01116375960633525,4.695579213632674,True,False,[11],[0.15582943454909465]
189,20,3244,2,0.006427380979252695,3.889676542559233,True,False,"[7, 15]","[0.09739863070301132, 0.12916312177521092]"
189,21,4378,2,0.008110673202010142,3.7857116864043063,True,False,"[8, 12]","[0.13657905902841055, 0.12232743059906498]"
189,22,2209,3,0.005823957164373065,3.6636129951010576,True,False,"[7, 8, 15]","[0.11383145371465589, 0.1458633205264063, 0.10790822490143905]"
189,23,4334,2,0.006032956568323213,5.96009261648175,True,False,"[7, 8]","[0.09085576098573647, 0.10090875746655507]"
190,0,4447,1,0.03830713583862814,4.427924200348173,True,False,[8],[0.10871871295319337]
190,1,4277,1,0.010454433582087716,4.05552571099385,True,False,[8],[0.1211031578840289]
190,2,2925,1,0.008650213397703757,2.719188753230032,True,False,[7],[0.1250380742160548]
190,4,1625,1,0.009695465463276254,3.2447192997696908,True,False,[5],[0.10076345321496218]
190,5,4173,1,0.009966131848463863,3.687196927920284,True,False,[5],[0.11838725667121318]
190,15,4000,3,0.00649022309815863,5.587417340529891,True,False,"[7, 11, 12]","[0.08710595603952494, 0.12581895254836725, 0.16045415918514802]"
190,16,2635,1,0.008376440852252233,4.70156996598798,True,False,[8],[0.18438747767885813]
190,17,1805,1,0.008198716480417945,5.306113142646731,True,False,[5],[0.13291866568045718]
190,20,3244,1,0.009653959205798717,3.9409097838528404,True,False,[5],[0.1127816141036211]
191,0,4447,1,0.008470635572196772,4.4238327804217565,True,False,[8],[0.09086803655338732]
191,1,4277,3,0.007563415080805947,4.044477992294547,True,False,"[8, 12, 17]","[0.1195539150509882, 0.18515052163692264, 0.15995727370743737]"
191,2,2925,3,0.008140581570436943,2.705821605643804,True,False,"[7, 12, 17]","[0.12650304158154982, 0.13128119087952567, 0.08430658124568992]"
191,4,1625,1,0.00819891870426653,3.2667038496650074,True,False,[7],[0.10383043014040916]
191,5,4173,1,0.008967178787135488,3.768891600094392,True,False,[5],[0.09714033092046903]
191,6,3960,2,0.007263259670093421,3.3786244987694545,True,False,"[7, 17]","[0.12332178688141533, 0.05469041176000714]"
191,7,2571,1,0.009557034125443415,2.758354322872645,True,False,[15],[0.15789288774631557]
191,15,4000,1,0.007381621670915357,5.667077406130643,True,False,[7],[0.0900622524162682]
191,16,2635,2,0.006231597982164856,4.731713159685724,True,False,"[8, 12]","[0.16119301682937412, 0.14288581939782077]"
191,18,4282,1,0.008068006364710573,4.841896787491866,True,False,[8],[0.14026105769732108]
191,20,3244,1,0.010291389973642198,3.999076687274472,True,False,[5],[0.11499214123286972]
191,22,2209,1,0.009094841515409187,3.665718597109207,True,False,[8],[0.15584192235121871]
191,23,4334,1,0.007662125725483514,5.965610882181294,True,False,[8],[0.1073068983827787]
192,1,4277,1,0.009007248004744022,4.079189143410487,True,False,[8],[0.09371681087577595]
192,4,1625,3,0.007097796667176658,3.286904729444848,True,False,"[7, 8, 15]","[0.11011039966145661, 0.17094875140873686, 0.1080006301309159]"
192,5,4173,1,0.0073600855701536115,3.853945792658232,True,False,[7],[0.11048328650507848]
192,6,3960,3,0.005367577991182797,3.399152640160059,True,False,"[7, 8, 12]","[0.11972267554824233, 0.09955440021535417, 0.16809448164044097]"
192,8,666,1,0.0073210051153869415,4.5538251850561755,True,False,[15],[0.12466708431019669]
192,11,3830,1,0.009190787699130253,3.677625355716758,True,False,[15],[0.16241716436485903]
192,15,4000,2,0.00882331836827471,5.606792433662262,True,False,"[11, 12]","[0.14972795728676302, 0.18515351325159785]"
192,16,2635,1,0.007890234623220025,4.734164046984593,True,False,[8],[0.15689110155295527]
192,20,3244,1,0.009896708207609886,3.9968946404505834,True,False,[8],[0.1475083354442904]
192,21,4378,1,0.011788029675084544,3.7807883086666476,True,False,[8],[0.13095786158676276]
192,22,2209,1,0.008037566222453534,3.725581873315487,True,False,[7],[0.10993795491612075]
192,23,4334,2,0.008374987755550078,5.962938715695684,True,False,"[8, 11]","[0.11218380254572621, 0.10756529056180668]"
193,0,4447,1,0.008479047735165503,4.475250042217639,True,False,[5],[0.12786233098276614]
193,1,4277,1,0.010067425687535016,4.075853330567384,True,False,[15],[0.12498461756494746]
193,2,2925,1,0.008891753124283515,2.7246590448484582,True,False,[8],[0.1458734268720572]
193,4,1625,2,0.007567873863416464,3.3001052129228046,True,False,"[8, 15]","[0.16687787464216777, 0.10346909157105728]"
193,5,4173,1,0.008377883595027646,3.944593279309032,True,False,[5],[0.08687071655342514]
193,6,3960,3,0.0064572396980176186,3.4058040016677444,True,False,"[8, 12, 16]","[0.10596756567206406, 0.1726443380233718, 0.1240702932270438]"
193,7,2571,1,0.009446734858618598,2.809821495418934,True,False,[5],[0.17603545186769032]
193,8,666,1,0.0069798936337666494,4.604088755389016,True,False,[15],[0.11675380264830915]
193,11,3830,1,0.008004463014919722,3.6884960474715154,True,False,[8],[0.12635524418260988]
193,14,389,1,0.0093358054022334,3.0236576551604024,True,False,[16],[0.11652522616778378]
193,15,4000,2,0.00791441480918274,5.568087837150681,True,False,"[8, 11]","[0.1677209393809158, 0.13354701423165355]"
193,20,3244,2,0.007272342317078461,4.029669990409615,True,False,"[7, 8]","[0.12273101195646731, 0.1499712130072383]"
193,21,4378,1,0.011877306823472492,3.7619157299333215,True,False,[17],[0.09263596492816277]
193,22,2209,1,0.007181438711546043,3.8041313119177693,True,False,[7],[0.09461004711739814]
194,0,4447,1,0.008408287954079658,4.472783953595572,True,False,[8],[0.0875930066129941]
194,2,2925,3,0.006874876493443397,2.7291338328711,True,False,"[8, 15, 17]","[0.1486149477357478, 0.1475587460045111, 0.09746784067467935]"
194,4,1625,1,0.008666454709290545,3.3049501184073677,True,False,[15],[0.08929096764183297]
194,6,3960,3,0.006401456989169513,3.4233414624830107,True,False,"[7, 8, 12]","[0.12268222332195713, 0.10346415444668672, 0.17194877689468044]"
194,7,2571,1,0.009360273050004262,2.841871311363214,True,False,[8],[0.14558095640074098]
194,8,666,2,0.006440435206450488,4.65187340437195,True,False,"[7, 15]","[0.10344118162068504, 0.10684454215209897]"
194,15,4000,1,0.012446217577753873,5.514293317852038,True,False,[11],[0.1278503957870675]
194,16,2635,1,0.00844609539980734,4.739112184934033,True,False,[8],[0.16097271984947484]
194,20,3244,1,0.010785184107040617,4.081877570301994,True,False,[5],[0.13040008008568854]
194,22,2209,2,0.007240060076031756,3.802242365975855,True,False,"[8, 15]","[0.1593145828386703, 0.11759821860613044]"
195,2,2925,2,0.007042432693799949,2.7394637682166585,True,False,"[8, 15]","[0.15546559150267655, 0.13350686529258918]"
195,4,1625,2,0.007054350780999759,3.318647024639151,True,False,"[7, 15]","[0.12056942891340044, 0.08514401823124405]"
195,5,4173,1,0.007418943688566181,4.03060550830061,True,False,[7],[0.10456597215612037]
195,6,3960,1,0.008813578734295637,3.43435151304442,True,False,[15],[0.11383016541604367]
195,7,2571,1,0.008908614539522049,2.8779759505717846,True,False,[8],[0.13357471856114714]
195,8,666,2,0.00562077529922365,4.67798720716589,True,False,"[8, 15]","[0.1577060399853425, 0.10584452338098059]"
195,15,4000,2,0.007455193155365566,5.52332367278582,True,False,"[7, 12]","[0.09394084858284013, 0.1736071570859121]"
195,16,2635,1,0.008960469500085309,4.742717451228047,True,False,[8],[0.16036798049320086]
195,20,3244,1,0.008246157849693828,4.091904697790396,True,False,[15],[0.13279730500468828]
195,21,4378,1,0.010715338485398036,3.721608372232755,True,False,[12],[0.12171827719220596]
195,22,4667,1,0.012983472706673594,3.7268882054829144,True,False,[8],[0.15233087260443107]
195,23,4334,3,0.0057945314554012275,5.969828504645105,True,False,"[7, 8, 12]","[0.09429671130114002, 0.11963387689650916, 0.18309292571569696]"
196,0,4447,1,0.007714560994534831,4.516089567520048,True,False,[15],[0.13566965474439954]
196,1,4277,2,0.007534083754201779,4.0856288130616365,True,False,"[7, 16]","[0.13995115107076578, 0.17845553018861013]"
196,4,1625,1,0.00885165048771834,3.3258911817175965,True,False,[15],[0.0789072028363056]
196,6,3960,2,0.007452494111101362,3.4371214748891643,True,False,"[12, 15]","[0.18650968659135259, 0.12192489385988463]"
196,8,2925,2,0.006375642378040772,2.7518378329441813,True,False,"[8, 15]","[0.1546138032746327, 0.11833543232584216]"
196,9,666,2,0.009446218299023663,4.690456975292105,True,False,"[7, 11]","[0.11574860065221378, 0.0668820181519145]"
196,12,3830,1,0.013069084563385614,3.671858123084126,True,False,[17],[0.07239824823007729]
196,18,1805,1,0.011286333768880418,5.310293159009503,True,False,[11],[0.13433193811392408]
196,20,4522,1,0.06467129827343314,4.098788026607052,True,False,[7],[0.1053432377294761]
196,21,3244,1,0.007932179323570245,4.1398632262987,True,False,[7],[0.1073272211248184]
196,23,4334,1,0.009709845440953335,6.0007562249648965,True,False,[7],[0.09516089023962372]
197,0,4447,1,0.007593290729808638,4.558819841174365,True,False,[15],[0.12944570850672432]
197,1,4277,3,0.005878438567056705,4.094744692567765,True,False,"[8, 12, 15]","[0.09056647730284474, 0.18230090368871466, 0.10389967972541048]"
197,4,1625,1,0.00959410626950905,3.3405921245510846,True,False,[7],[0.1244743146301722]
197,6,3960,1,0.010847274508022203,3.4262264937942013,True,False,[12],[0.1963368031050605]
197,7,2571,2,0.006105625334867539,2.897726157042523,True,False,"[8, 15]","[0.1261335320834518, 0.14768058718593566]"
197,8,2925,1,0.00841716988466029,2.7614888290454105,True,False,[15],[0.11558273322542399]
197,9,666,2,0.006655027968303519,4.75315662402011,True,False,"[7, 15]","[0.12092871871591675, 0.10397739185857681]"
197,11,4178,1,0.00814187363488853,3.9714121987371858,True,False,[7],[0.091824783435985]
197,12,3830,1,0.008154999743328686,3.7083163466172793,True,False,[15],[0.17785945221240165]
197,15,389,1,0.010063650866544229,3.0281293230709383,True,False,[15],[0.1497972077000221]
197,16,4000,1,0.008443897738113743,5.564912223664459,True,False,[7],[0.1579434139120849]
197,17,2635,2,0.008648815019910343,4.785045142496737,True,False,"[7, 11]","[0.14526618689749218, 0.12109294519814308]"
197,19,4282,1,0.00971691976818635,4.850113434511399,True,False,[7],[0.11421179874937093]
197,21,3244,1,0.008773149963218764,4.213217372309045,True,False,[5],[0.1448520842200224]
197,23,4334,3,0.0055591480039837386,6.00077269119266,True,False,"[7, 8, 12]","[0.08676916149946236, 0.11851772117594132, 0.1792975757242589]"
198,1,4277,3,0.007689912989637402,4.093744811163385,True,False,"[8, 12, 17]","[0.08666494994459734, 0.17212558153089946, 0.1651247370506676]"
198,3,3867,1,0.008595542082843716,3.787630313171192,True,False,[7],[0.11121136259560883]
198,4,1625,1,0.008607585535228853,3.371144890915477,True,False,[8],[0.15872794119162303]
198,6,3960,1,0.00829732988458663,3.4506769849276178,True,False,[15],[0.11802315316437659]
198,7,2571,1,0.009306563376029172,2.9520240547843417,True,False,[5],[0.16411624964834953]
198,8,2925,1,0.008234463717015342,2.787416421457451,True,False,[8],[0.15319344575487465]
198,10,666,1,0.0076502056242803386,4.8028313430179645,True,False,[7],[0.09953200556556123]
198,13,3830,1,0.008939118883980935,3.7687062304820036,True,False,[5],[0.13186439018208693]
198,17,4000,2,0.008409353267615717,5.566000296356599,True,False,"[8, 11]","[0.16068795086720078, 0.1284114067339301]"
198,18,2635,3,0.00624483270899584,4.802843374980501,True,False,"[7, 11, 12]","[0.16249436052393657, 0.13353399391661916, 0.1502045289508529]"
198,19,1805,1,0.008972471281780721,5.322939467454563,True,False,[7],[0.14579279577014137]
198,21,3244,1,0.007144204756089939,4.284636833053893,True,False,[7],[0.1069107459422952]
198,22,4667,1,0.01168588825129742,3.71896337730349,True,False,[17],[0.09363726779545646]
198,23,4334,1,0.008224776478783,6.002873780535713,True,False,[8],[0.11479777124674354]
199,0,4447,2,0.006058834094144321,4.579380642253322,True,False,"[8, 15]","[0.08663168858244545, 0.1267757162693135]"
199,1,4277,1,0.009113544163512633,4.108756901096151,True,False,[7],[0.15705698364824083]
199,4,1625,2,0.007319703172299223,3.3797189934657403,True,False,"[8, 15]","[0.16258327938702674, 0.09380451327647606]"
199,6,3960,3,0.006937803319283521,3.438279870994396,True,False,"[7, 12, 17]","[0.13146778839099516, 0.19000682514294762, 0.06917643725159202]"
199,7,2571,3,0.005548486289465315,2.96786968871329,True,False,"[8, 12, 16]","[0.11882338464693351, 0.18102531205189146, 0.0763355868108213]"
199,8,2925,1,0.007895940594239124,2.8195348784502614,True,False,[8],[0.14182986212057933]
199,10,666,1,0.008298304367773008,4.888134933849411,True,False,[5],[0.12226089379199201]
199,13,3830,1,0.008246141990966039,3.7812164381090625,True,False,[8],[0.13204206917894112]
199,17,4000,1,0.010088964192274407,5.5398547215184655,True,False,[12],[0.1562596430433047]
199,19,1805,1,0.009078221785696044,5.342827484890894,True,False,[7],[0.15832441504591735]
199,20,4282,1,0.008276348468755619,4.930169531988157,True,False,[7],[0.09559923762434229]
199,21,3244,2,0.005383271779412457,4.323520570756961,True,False,"[7, 15]","[0.10369286409747684, 0.17686546372458772]"
199,22,4667,1,0.008723032131992988,3.7745014045075416,True,False,[15],[0.11201800104755108]
199,23,4334,2,0.0073153075156149995,5.999417878905517,True,False,"[7, 12]","[0.08770369160268728, 0.1723147868497956]"
200,0,4447,2,0.005862209290805547,4.60560903942302,True,False,"[8, 15]","[0.09069242749867758, 0.11230752775452149]"
200,2,4698,1,0.072710314927872,5.176800476419087,True,False,[7],[0.11682542617765661]
200,4,1625,1,0.009111108876001625,3.3898340085730063,True,False,[5],[0.09668055326956566]
200,5,4173,1,0.00895478553950166,4.119245739269006,True,False,[5],[0.08965536785137662]
200,6,3960,2,0.007416533176750838,3.434970903797115,True,False,"[8, 17]","[0.09325596792250615, 0.07872260336808153]"
200,7,2571,4,0.00532568742768396,2.987301618764023,True,False,"[8, 12, 15, 16]","[0.13393719861179884, 0.177029179777501, 0.13489036242079247, 0.08930342699340992]"
200,8,2925,1,0.008766970676919703,2.819250748879942,True,False,[16],[0.1746633767894412]
200,9,4750,1,0.03648380151846534,3.9870907274483223,True,False,[15],[0.10986289226738652]
200,10,666,1,0.008761422241504106,4.892964330982856,True,False,[8],[0.1443479355482702]
200,13,3830,1,0.010930319242960604,3.782549197892428,True,False,[7],[0.14974679909279554]
200,17,4000,3,0.007007992515876466,5.525663271681433,True,False,"[8, 11, 12]","[0.15639419565711304, 0.1224951519520433, 0.13910060012981462]"
200,18,2635,1,0.006919730222900435,4.871410389614725,True,False,[8],[0.13284877177749183]
200,21,3244,2,0.007592546621574378,4.332526615625675,True,False,"[15, 16]","[0.17174330667633267, 0.1655665706093766]"
200,23,4334,2,0.008736767861993565,5.986775935019924,True,False,"[8, 11]","[0.1167819210972089, 0.11461186516525779]"
201,1,4277,3,0.006431182341400794,4.114013891048293,True,False,"[8, 15, 16]","[0.09102225590581185, 0.11608685399510921, 0.20242099937782743]"
201,4,1625,1,0.008021175257921771,3.422692592898405,True,False,[8],[0.1521548089528506]
201,6,3960,3,0.004578108860179374,3.472515555448315,True,False,"[7, 8, 15]","[0.11676539036808406, 0.09643667408614191, 0.10766846558749657]"
201,8,2925,1,0.008433859449834007,2.871762783452095,True,False,[5],[0.11370111487767051]
201,15,3990,1,0.009506848834915989,3.704401131971714,True,False,[8],[0.15120055630366086]
201,16,389,1,0.010123535480687238,3.0262985665188347,True,False,[16],[0.1464178300332365]
201,17,4000,2,0.009313515288003648,5.581897457574576,True,False,"[7, 11]","[0.1342306888639884, 0.12169504426982952]"
201,18,2635,1,0.007790303341586894,4.943533730163971,True,False,[8],[0.13202925589823059]
201,19,1805,1,0.008965654516628313,5.3593318165238095,True,False,[7],[0.15585581263469112]
201,21,3244,1,0.011307361054596288,4.327451594375867,True,False,[8],[0.14248751620235403]
201,22,4667,1,0.010223505095466698,3.7849242196455593,True,False,[16],[0.13227708643690841]
201,23,4334,2,0.007063654435921955,5.9879640555366604,True,False,"[12, 15]","[0.16201307818076927, 0.12349188754762258]"
202,0,4447,1,0.00890529206461087,4.591916554062138,True,False,[8],[0.08039656260328809]
202,1,4277,3,0.005703410625452376,4.141095753505474,True,False,"[7, 8, 12]","[0.13986286082457758, 0.08887962615860426, 0.16754910106509566]"
202,4,1625,1,0.00843746002996078,3.4250682043459086,True,False,[15],[0.08105507816135268]
202,5,4173,1,0.007411892901120859,4.203511135616487,True,False,[7],[0.09903633408915358]
202,6,3960,1,0.010652319205089298,3.4505301220006106,True,False,[12],[0.18834116259061848]
202,7,2571,1,0.01016638153047135,2.996626717850235,True,False,[12],[0.17979167739996088]
202,8,2925,3,0.006223249893439009,2.874454467673121,True,False,"[8, 12, 15]","[0.14584658634721276, 0.22244732939056996, 0.12561721620065375]"
202,9,4750,1,0.008345388100643085,3.9910587133293376,True,False,[8],[0.16855703513235035]
202,11,3566,1,0.008385645477188505,3.6684769790792586,True,False,[7],[0.08374611897480981]
202,15,3990,1,0.009211908482711192,3.706407790963612,True,False,[8],[0.13512466318418348]
202,17,4000,1,0.007512166554647358,5.693963111613583,True,False,[7],[0.10998830377569051]
202,18,2635,1,0.009110829236927378,4.952169317455934,True,False,[12],[0.14818731909416974]
202,23,4334,2,0.005151706011607262,6.023282389779167,True,False,"[8, 15]","[0.10449827650207513, 0.12346098439804808]"
203,4,1625,1,0.00831163197900703,3.453382576582367,True,False,[15],[0.06579404882619956]
203,6,3960,2,0.007982102700670369,3.4571672632341244,True,False,"[8, 17]","[0.09100698561598511, 0.08665271714967505]"
203,7,2571,1,0.01029886293190089,3.0010104965005144,True,False,[12],[0.1722216541872561]
203,8,2925,2,0.006125619842725962,2.881313876039397,True,False,"[15, 16]","[0.11891785174220923, 0.17527406224761466]"
203,9,4750,1,0.01255301086937544,3.960246477737987,True,False,[17],[0.058049235151932964]
203,13,3830,1,0.010005572876643196,3.7915208267649576,True,False,[7],[0.13492633331816822]
203,17,4000,1,0.011260852095677608,5.7020406564372434,True,False,[11],[0.12000126577269087]
203,19,1805,1,0.00888690261088458,5.371674534210586,True,False,[8],[0.15523288199271795]
203,21,3244,1,0.01211836052699197,4.3297387409073504,True,False,[16],[0.17702060609462314]
203,22,4667,1,0.009943525050816792,3.7947648728450614,True,False,[8],[0.1342987608803438]
203,23,4334,1,0.008038548825238407,6.052056583261365,True,False,[7],[0.0875550762106094]
204,0,4447,1,0.009675608451896934,4.588782374463671,True,False,[8],[0.07119416876688058]
204,5,1625,1,0.010379721589628752,3.4906005126596433,True,False,[5],[0.10628304750233507]
204,6,4173,1,0.006241024739657147,4.285118756026107,True,False,[7],[0.10960747553371626]
204,7,3960,1,0.008852315898329613,3.5270225706515608,True,False,[5],[0.16191254007787723]
204,8,2571,1,0.010058149027059322,3.0013720585132373,True,False,[7],[0.10725315098796988]
204,9,2925,1,0.008539351580072945,2.879649973124329,True,False,[16],[0.10242149113424992]
204,10,4750,1,0.007829940652920078,3.991886781110357,True,False,[8],[0.13433832361941822]
204,14,3830,1,0.008941716146928133,3.883454277667005,True,False,[5],[0.12972191928268403]
204,18,4000,3,0.007862788477327267,5.687116527672691,True,False,"[7, 11, 12]","[0.16854386697448423, 0.14182448774974937, 0.15313609701448835]"
204,20,1805,2,0.0066483331153564034,5.432690947373972,True,False,"[7, 11]","[0.11358622021455164, 0.14905701378707717]"
204,22,3244,1,0.0071740422708688086,4.427368852521509,True,False,[7],[0.09794831938601163]
204,23,4334,2,0.007251335714201659,6.017769628993086,True,False,"[8, 12]","[0.11260930325492498, 0.18994680876195005]"
205,5,1625,3,0.005523051689067841,3.514666356258405,True,False,"[7, 15, 16]","[0.09224428833159497, 0.12524439072751872, 0.14550222509156036]"
205,6,4173,1,0.0067432640408504,4.369778308177755,True,False,[7],[0.10427811537600608]
205,7,3960,2,0.006458963630559301,3.5593917658655876,True,False,"[7, 8]","[0.121672588571228, 0.13401406979010735]"
205,8,2571,1,0.009775169836350886,3.0041478838715894,True,False,[15],[0.11519245363229882]
205,9,2925,2,0.006989923181145648,2.88548123303679,True,False,"[7, 15]","[0.12098376314363875, 0.10543781874465004]"
205,10,4750,1,0.01250086077300072,3.950939876472741,True,False,[17],[0.08433442869937884]
205,18,4000,1,0.00888407619004056,5.751777616708847,True,False,[8],[0.1311342652812342]
205,20,1805,2,0.007885786642468163,5.435716963146379,True,False,"[8, 15]","[0.15309686933605993, 0.16098226202205976]"
205,22,3244,2,0.005060597208825547,4.473770762667052,True,False,"[7, 15]","[0.08950673605747697, 0.11578420383031163]"
206,0,4447,1,0.01023244657611328,4.5922490621529555,True,False,[8],[0.06547133989592974]
206,1,4277,1,0.008161082753009741,4.23871453131399,True,False,[5],[0.1525600049432684]
206,5,1625,1,0.0084880136128112,3.5410836338709424,True,False,[15],[0.11989674438563219]
206,7,3960,2,0.006331257149179635,3.5846860867360593,True,False,"[8, 16]","[0.12070723768789215, 0.09812944591692238]"
206,8,2571,3,0.005456850079941857,3.0356575178309186,True,False,"[7, 8, 15]","[0.10301760418087898, 0.13243839117655246, 0.11135371764799841]"
206,9,2925,1,0.008431368587050335,2.9233939088928826,True,False,[8],[0.16548302596812367]
206,10,4750,1,0.007516393508435423,4.0399133393137445,True,False,[5],[0.10782340565771095]
206,11,666,2,0.005661467593103453,4.932028971703655,True,False,"[8, 15]","[0.12031061156490439, 0.14818904794125268]"
206,16,3990,1,0.010870938272893678,3.7123727049245874,True,False,[8],[0.14423113819324038]
206,18,4000,1,0.008358347816559197,5.80016198829009,True,False,[8],[0.12890008312085396]
206,19,2635,1,0.00757890342588567,4.990406448400683,True,False,[8],[0.14147946046038806]
206,20,1805,1,0.010306571165569283,5.447516538747486,True,False,[8],[0.1690951434738528]
206,23,4334,2,0.007705054224761366,5.9842963355483185,True,False,"[8, 12]","[0.11748213179691092, 0.18510733549607342]"
207,1,4277,2,0.009065870376892339,4.252992915861907,True,False,"[8, 12]","[0.10748292285623949, 0.16454360052005423]"
207,6,1625,2,0.006712366315961237,3.560764692975414,True,False,"[7, 15]","[0.11288817754096048, 0.10839059887436472]"
207,7,4173,1,0.009419598669064307,4.423359130586773,True,False,[7],[0.11703923860561571]
207,8,3960,1,0.00814431237365619,3.612766051644128,True,False,[15],[0.11066977038820759]
207,9,2571,1,0.010958719454699256,3.0365721224052233,True,False,[12],[0.17990504841154936]
207,10,2925,1,0.007459699877341697,2.9691372121040898,True,False,[8],[0.12748800942855604]
207,11,4750,1,0.007746533075758653,4.05606366257641,True,False,[8],[0.11946587060862446]
207,15,3830,2,0.008516241906443208,3.8508127030409587,True,False,"[12, 17]","[0.178030956729795, 0.12111136818302169]"
207,17,3990,1,0.008977693063597188,3.7549357164621213,True,False,[8],[0.14067576442840168]
207,19,4000,1,0.011115224169807661,5.805746453653011,True,False,[11],[0.13756193948407142]
207,20,2635,2,0.0066376621199503915,5.020384987663028,True,False,"[8, 12]","[0.16500414889679343, 0.17147898103510073]"
207,23,4334,1,0.011637528022530317,5.964571505266362,True,False,[11],[0.11332175659074785]
208,1,4277,1,0.007995903386728925,4.351333710152602,True,False,[5],[0.14934788666675344]
208,2,4698,1,0.00788365692844512,5.236365573641101,True,False,[7],[0.10738131113483385]
208,6,1625,1,0.00867192908688376,3.592966255419819,True,False,[7],[0.11009745370249524]
208,8,3960,1,0.007886815458970731,3.6732895891052957,True,False,[8],[0.1155965362666495]
208,9,2571,2,0.006693203552480204,3.051422083457494,True,False,"[8, 12]","[0.14920163005787043, 0.1692104708145529]"
208,10,2925,4,0.006078000568942292,2.9682778010487136,True,False,"[7, 8, 12, 17]","[0.12070347984801366, 0.12329853771461688, 0.17788731590116147, 0.1175010937182003]"
208,12,666,1,0.006219444120069557,5.020730296423583,True,False,[15],[0.164862432139263]
208,19,4000,1,0.011160744709406709,5.81302760266979,True,False,[11],[0.15382958334858865]
208,23,4334,1,0.008324282004723361,5.972485976402663,True,False,[7],[0.09265942735649896]
209,1,4277,2,0.007930109673424645,4.34515217394467,True,False,"[12, 15]","[0.1611882356884974, 0.11357275230503149]"
209,8,3960,1,0.00846195328022219,3.69784831133432,True,False,[15],[0.12035702595514834]
209,9,2571,1,0.007787456177901961,3.0766701315169027,True,False,[8],[0.1346671274945235]
209,10,2925,2,0.006201086407205942,2.98010114404711,True,False,"[7, 16]","[0.12068970344846708, 0.09934854800743612]"
209,11,4750,1,0.011589617121473926,4.069731155520265,True,False,[17],[0.02859767246026787]
209,19,4000,1,0.009931323816659532,5.814031976031812,True,False,[7],[0.1541881578192161]
209,22,3830,1,0.01050805860154945,3.914302092127992,True,False,[5],[0.12828181987130075]
209,23,4334,1,0.008240174199264212,5.958734359196943,True,False,[8],[0.11402585808864302]
210,1,4277,2,0.008855347194750512,4.36602477909441,True,False,"[8, 12]","[0.10128725124383738, 0.1502959170594945]"
210,6,1625,1,0.007655742525313889,3.6410246174647134,True,False,[7],[0.10651125902812063]
210,8,3960,1,0.008118354090107511,3.744403543527747,True,False,[8],[0.11188381152428427]
210,9,2571,1,0.008859037963087334,3.09320302354005,True,False,[8],[0.13498212167547985]
210,10,2925,1,0.007553953765388943,3.042457764867418,True,False,[8],[0.11436668484872031]
210,11,4750,1,0.013389954283670251,4.0806062283980795,True,False,[17],[0.03967535695108027]
210,19,4000,1,0.007475151337705965,5.824891539582392,True,False,[8],[0.12707401585453199]
210,20,2635,1,0.006929845789753126,5.080765659148423,True,False,[7],[0.11032103780409158]
211,3,3960,1,0.008749807287999083,3.7745119476614595,True,False,[15],[0.12240882374641664]
211,9,1625,1,0.006984687776678805,3.6904672764354634,True,False,[15],[0.10070638306849929]
211,13,2571,1,0.011252760732376191,3.0867413472747334,True,False,[15],[0.19794369944015083]
211,14,2925,2,0.006072527200986553,3.0782942871837267,True,False,"[8, 15]","[0.13386352717559927, 0.13690111722211062]"
211,16,666,1,0.008243941950217604,5.048951593600036,True,False,[7],[0.1447842189213112]
211,22,4334,2,0.010350343994063952,5.894601962155802,True,False,"[11, 12]","[0.07415187807208964, 0.16962472455028627]"
212,0,4447,1,0.009941657772980925,4.592449247682162,True,False,[8],[0.058546393136873834]
212,3,3960,1,0.008150981359964372,3.8013013600698855,True,False,[8],[0.17101927512433288]
212,4,4277,2,0.007306291288762621,4.366929521310769,True,False,"[12, 15]","[0.16709211231450094, 0.08018443636019702]"
212,8,4965,1,0.08454691078115312,4.896892694115456,True,False,[7],[0.09480798299689915]
212,9,1625,2,0.006874196519641433,3.7118961244381024,True,False,"[7, 15]","[0.11989232215605673, 0.10034088064910325]"
212,12,4000,1,0.00808959409298147,5.925183579480077,True,False,[7],[0.09446531478555284]
212,13,2571,2,0.006747131400454143,3.1035599862672245,True,False,"[8, 15]","[0.1269010697924236, 0.18533840684829841]"
212,15,4750,1,0.013098124969269084,4.059098961617364,True,False,[17],[0.12326261544299032]
212,22,4334,2,0.005458119034350162,5.958214432550038,True,False,"[8, 15]","[0.11472613518560382, 0.11498506269945925]"
213,0,4447,1,0.010753692757307894,4.585253805361852,True,False,[8],[0.06592418577293016]
213,3,3960,3,0.005001292178902852,3.8214337068986413,True,False,"[8, 15, 16]","[0.16766600336493215, 0.1142996199346887, 0.1757718525268134]"
213,4,4277,1,0.013240342775981337,4.333111322604031,True,False,[17],[0.045663332310071476]
213,12,4000,1,0.011036773452792,5.869074959930714,True,False,[12],[0.12125495432502732]
213,13,2571,1,0.01040932880902249,3.104835548327564,True,False,[12],[0.1447993540948862]
213,14,2925,3,0.006024855028702301,3.089119411924644,True,False,"[7, 12, 15]","[0.12576432177066044, 0.204767058897509, 0.15441825736041928]"
213,15,4750,2,0.007542784293854859,4.048758422086573,True,False,"[8, 17]","[0.12545019593857196, 0.11553791514899678]"
214,0,4447,1,0.01078689158896028,4.567822832750981,True,False,[8],[0.06662076499034175]
214,4,4277,1,0.007620443625614098,4.397487363486993,True,False,[8],[0.15341979055122995]
214,9,1625,1,0.007763637623099671,3.7812143727838,True,False,[15],[0.09626888589086124]
214,11,3960,2,0.006810916439093267,3.830361026419406,True,False,"[12, 15]","[0.11863719494511332, 0.16347678862470413]"
214,12,2571,2,0.006461868380533894,3.1293856166118768,True,False,"[8, 16]","[0.10962453577546155, 0.12829270651786723]"
214,13,2925,2,0.006932718695436715,3.101935749541866,True,False,"[8, 12]","[0.12595543091089081, 0.14593785363026526]"
214,14,4750,1,0.009572287999465303,4.052063050316067,True,False,[8],[0.13204415838887296]
214,15,666,1,0.008225830693877974,5.102571023065439,True,False,[15],[0.13575007541738993]
214,22,4000,1,0.008683705785310263,5.871828167087209,True,False,[8],[0.11439485667555083]
215,0,4447,1,0.009933276178479729,4.568971179317845,True,False,[8],[0.054688361472550684]
215,4,4277,1,0.007631352845388123,4.460401050279718,True,False,[8],[0.15447335737497106]
215,8,4965,1,0.0081730583212933,4.991722111695252,True,False,[7],[0.08541327248099817]
215,12,2571,1,0.009070207745993236,3.132895569854849,True,False,[7],[0.1054759311706643]
215,13,2925,1,0.00815913170075434,3.1431018849864505,True,False,[8],[0.13393439948792715]
215,22,4000,2,0.007613735845065721,5.869749958687505,True,False,"[7, 11]","[0.09417847408426833, 0.09526430812107685]"
216,1,1625,1,0.007004589105710674,3.8410981464252005,True,False,[15],[0.0939030264968876]
216,4,4447,1,0.0073011709391642655,4.591543954993025,True,False,[8],[0.13704500017228613]
216,5,4277,1,0.007847186028807362,4.4966761483491755,True,False,[8],[0.09646858009336452]
216,12,3960,2,0.009020374687278464,3.8228920547489182,True,False,"[7, 17]","[0.11839501242325105, 0.10785151441495153]"
216,13,2571,2,0.006985986870353886,3.1399983720419797,True,False,"[7, 12]","[0.11833675205929302, 0.14209180513511308]"
216,14,2925,2,0.008378734889912223,3.156952012277164,True,False,"[12, 15]","[0.20885018575776512, 0.16567826458797513]"
216,15,4750,1,0.01030352108756852,4.008830449276919,True,False,[12],[0.17857291846875678]
216,22,4000,2,0.007719253317820041,5.818195384825586,True,False,"[8, 12]","[0.11164040456453794, 0.16044898538957164]"
217,3,1625,1,0.007978063204070716,3.8693906274828485,True,False,[8],[0.16636532660877124]
217,6,4447,1,0.006590073869130557,4.6908385800566235,True,False,[15],[0.09780980063476695]
217,17,2571,1,0.008320220584751912,3.178355461491269,True,False,[8],[0.1349278264076487]
217,18,2925,1,0.008393847554768533,3.1569964706011264,True,False,[16],[0.13202319461630735]
218,4,4277,3,0.006245009376896276,4.492661316848544,True,False,"[8, 12, 17]","[0.1283922210281954, 0.15760882333057144, 0.05425024647898819]"
218,11,3960,1,0.010964468780373129,3.815367809405707,True,False,[12],[0.13338118379067018]
218,13,2571,1,0.009091384883376182,3.1990272693168924,True,False,[16],[0.12718963578725093]
218,14,2925,2,0.006295977474151739,3.177025578970848,True,False,"[7, 15]","[0.12748661229312402, 0.16325857026962345]"
218,22,4000,1,0.008185526747255773,5.835581044652302,True,False,[8],[0.1143308386409985]
219,5,4277,3,0.006592921626960685,4.504263287060653,True,False,"[8, 15, 17]","[0.08523613014871344, 0.125302907286881, 0.13685946781661004]"
219,12,3960,3,0.00580691965604079,3.809740894194156,True,False,"[7, 12, 16]","[0.12348041670675118, 0.12297171952260341, 0.1334183338150365]"
219,13,2571,2,0.006308839296710849,3.217479469794153,True,False,"[8, 16]","[0.12508893204751373, 0.1272321190879876]"
219,14,2925,2,0.008958200624786016,3.1966508207797424,True,False,"[15, 17]","[0.13890845065922267, 0.05300275314639726]"
219,15,666,1,0.008521132576399987,5.106091610779624,True,False,[8],[0.11800613519392857]
219,22,4000,1,0.007725169054383692,5.852036202660535,True,False,[8],[0.11270481602321303]
220,0,4277,2,0.007889153257453617,4.503466619790893,True,False,"[8, 12]","[0.06583004768980791, 0.1707625469432984]"
220,3,1625,1,0.00863670875104524,3.908633801739963,True,False,[15],[0.12474084813161536]
220,4,4173,1,0.008263789023476738,4.526765230643062,True,False,[5],[0.08906558796429265]
220,13,3960,2,0.006339733166063096,3.820403449146803,True,False,"[7, 8]","[0.1136015171142883, 0.1244150415952615]"
220,14,2571,2,0.00682128012417869,3.2224609825634594,True,False,"[8, 16]","[0.13811239672782064, 0.11105316616341318]"
220,22,4000,1,0.011126534896203626,5.819047753882135,True,False,[11],[0.09125042817812995]
221,0,4277,1,0.01182091189641195,4.501764354865708,True,False,[8],[0.07499758984229948]
221,4,4982,1,0.09492381908457934,4.717263852177331,True,False,[7],[0.11164558391735788]
221,17,3960,2,0.006858529076636187,3.808709686482845,True,False,"[8, 17]","[0.12323498050944053, 0.14156556477445362]"
221,19,2925,2,0.005315034078600458,3.230787032344603,True,False,"[8, 15]","[0.1327685811375822, 0.1638055910582807]"
221,22,5292,1,0.12755915287527997,3.561021440408343,True,False,[15],[0.10212804546362153]
222,0,4277,2,0.006644615752989015,4.522389414716052,True,False,"[7, 16]","[0.13522756551868076, 0.12576882909009982]"
222,7,1625,2,0.004840600708973163,3.9485798450274183,True,False,"[8, 15]","[0.11909445736153493, 0.1333439795674845]"
222,16,3960,2,0.0066146437606856585,3.817374268551826,True,False,"[15, 16]","[0.14806585931363397, 0.1398877807363142]"
222,17,2925,1,0.007686434571648368,3.2518201800337283,True,False,[15],[0.1273516691219813]
222,23,4000,2,0.005402332954838132,5.834703577030594,True,False,"[7, 8]","[0.08849295580695804, 0.10725363158658971]"
223,0,4277,1,0.010867173782847864,4.532423598500417,True,False,[8],[0.09464794458705961]
223,9,1625,1,0.0067877010446500755,4.031108989323262,True,False,[15],[0.08789962698481664]
223,12,2925,2,0.007495083107488726,3.2524785369042264,True,False,"[7, 12]","[0.1389614924815982, 0.13983499302502797]"
223,15,5285,1,0.05542579662771248,3.806250128747466,True,False,[12],[0.16683165565117578]
223,18,3960,1,0.011348498559086675,3.810771616765131,True,False,[12],[0.154742360632827]
223,23,4000,2,0.008095207297899514,5.837774931819865,True,False,"[8, 11]","[0.1068544257160871, 0.13328729222197513]"
224,0,4277,1,0.01283311851148481,4.518085762192349,True,False,[17],[0.08019566223650192]
224,2,666,1,0.00901268107555007,5.166581916603184,True,False,[15],[0.12223599781864503]
224,16,3960,2,0.0067850979582897795,3.80776167737146,True,False,"[7, 16]","[0.1375588303094358, 0.13878948377780895]"
224,18,5363,1,0.053142104367833676,3.455190977851642,True,False,[15],[0.13349919506347097]
224,23,4000,1,0.007550205418417268,5.880240216095861,True,False,[7],[0.09308748706578908]
225,0,4277,1,0.01130086326237188,4.5175478437988055,True,False,[8],[0.12437545660481235]
225,6,1625,1,0.007348698602583539,4.060619681659109,True,False,[7],[0.10450200860969804]
225,15,3960,2,0.008707534751917429,3.805315125101997,True,False,"[8, 16]","[0.13358864668277143, 0.11548943913570899]"
225,16,2925,2,0.006865876086420719,3.2507437924160474,True,False,"[7, 12]","[0.1338820594709655, 0.15204790103652385]"
225,18,5397,1,0.04196243531298294,3.970947321146312,True,False,[12],[0.14616294863372523]
225,22,5324,1,0.08821869886242152,4.1606909782503,True,False,[12],[0.1487290515903137]
225,23,4000,1,0.008373031753164048,5.909937752565646,True,False,[7],[0.0937208067931671]
226,0,4277,1,0.012903850093644378,4.50272565163443,True,False,[17],[0.09555743658644934]
226,9,2925,2,0.0071410175065017645,3.237281222587495,True,False,"[7, 17]","[0.12137624797180355, 0.08636214820908873]"
226,14,3960,1,0.008928302437153464,3.8280433584632583,True,False,[15],[0.13326569044107678]
227,0,4277,2,0.007805318981385843,4.5034416707927685,True,False,"[8, 12]","[0.1195002955088395, 0.1817586895879734]"
227,2,666,1,0.008196061674930711,5.180478861276614,True,False,[7],[0.10252717632948434]
227,8,2925,1,0.01017311477484899,3.225009451780484,True,False,[12],[0.221066016461043]
227,11,1625,1,0.007103648774346369,4.125876593435303,True,False,[15],[0.14448427088923604]
227,14,3960,1,0.012234947964021926,3.768689137093757,True,False,[17],[0.06024588358805118]
227,19,5444,1,0.0311126459625577,6.043268027623281,True,False,[7],[0.15192593870386106]
227,22,5324,1,0.012226822561490672,4.119207140317372,True,False,[12],[0.13628068686546024]
227,23,4000,1,0.009326626313982208,5.927071175935307,True,False,[7],[0.10406555432718212]
228,0,4277,1,0.0072122235761622345,4.607486022603623,True,False,[5],[0.12150994950172223]
228,2,666,1,0.008879331008038014,5.2371525946774815,True,False,[15],[0.11557540888144141]
228,8,2925,2,0.006781690695456689,3.21376077635988,True,False,"[7, 17]","[0.09053190027696938, 0.07341731818139748]"
228,19,5444,2,0.006110027056217911,6.043241234801008,True,False,"[8, 11]","[0.1315665925287025, 0.1517291342020089]"
228,23,4000,1,0.011289953793513826,5.927219447317227,True,False,[11],[0.13902097357754967]
229,0,4277,1,0.010148349531828452,4.590880584125761,True,False,[12],[0.16821603967900786]
229,8,2925,2,0.005474830752019309,3.24819461399744,True,False,"[8, 15]","[0.10715316271596614, 0.1128831052401133]"
229,11,1625,1,0.007033259255867731,4.202978977786026,True,False,[15],[0.1335436151986757]
229,14,3960,2,0.008839843033806152,3.7804544053656195,True,False,"[12, 15]","[0.215612335064243, 0.14201572722800015]"
229,20,5444,1,0.006970337343894254,6.0934147551608975,True,False,[7],[0.11280983555403991]
230,0,4277,2,0.007084559442641525,4.582049895011047,True,False,"[8, 17]","[0.09293935572230454, 0.11098334278467092]"
230,8,2925,1,0.007942637784444671,3.301806207350798,True,False,[8],[0.1101151752594165]
230,13,5432,1,0.06739806639843586,3.3643504159370345,True,False,[8],[0.11139637726677047]
230,14,3960,3,0.005718041395568667,3.791799584619444,True,False,"[8, 15, 16]","[0.12848715713083506, 0.1291472525849557, 0.11966636423299375]"
230,17,5479,1,0.11329542106809436,3.884293414588296,True,False,[15],[0.11808894969924581]
230,19,5444,1,0.010318084371655229,6.065388159308704,True,False,[11],[0.15115770202985213]
230,22,5514,1,0.045690621550280607,4.245528808285454,True,False,[15],[0.0915862710246183]
230,23,4000,1,0.008753271242402055,5.9408964316720185,True,False,[8],[0.10719892596804657]
231,0,4277,2,0.007659659244276076,4.539079744560646,True,False,"[12, 17]","[0.15732851390033997, 0.11458226241186162]"
231,1,2925,2,0.006232212264373925,3.3174087503477327,True,False,"[8, 15]","[0.10070344770670604, 0.11349158724114719]"
231,3,5056,1,0.16066540144122646,6.011850961047177,True,False,[7],[0.0987973797027555]
231,6,5421,1,0.04124162061073457,4.012983086507523,True,False,[15],[0.09585703514575955]
231,13,3960,2,0.007101273577051212,3.8061843967786246,True,False,"[7, 8]","[0.11978912597357026, 0.11711465167118582]"
231,20,5479,1,0.009505654097250536,3.8979855567427397,True,False,[15],[0.14549667332170188]
231,21,4000,2,0.00642143707497529,5.9938162208876,True,False,"[7, 12]","[0.09947130715049515, 0.1257867261367062]"
232,1,2925,3,0.005586025981315711,3.3193875596881752,True,False,"[7, 8, 15]","[0.14396967235479466, 0.11412708552880689, 0.12993492861935954]"
232,13,3960,1,0.00868625109350188,3.8224563832366756,True,False,[8],[0.12645295256060995]
232,22,5514,1,0.010721380081036134,4.296651365480048,True,False,[15],[0.08153888900754967]
232,23,4000,2,0.007116753262611898,5.975947139540878,True,False,"[7, 12]","[0.10568769615437573, 0.16881638623855247]"
233,0,4277,1,0.008669058326500981,4.550369294107413,True,False,[8],[0.09822286465462396]
233,1,2925,1,0.008227979389769187,3.331941236383024,True,False,[8],[0.11327302120457748]
233,6,5123,1,0.04388102705781943,3.1700991720593876,True,False,[15],[0.09000901459163133]
233,11,1625,1,0.008101697868059877,4.202924520397519,True,False,[7],[0.0861383222521083]
233,13,3960,2,0.00831150896418492,3.830487522348228,True,False,"[8, 12]","[0.1271495109101499, 0.14116384105472096]"
233,19,5444,1,0.008540439965478286,6.068976324178717,True,False,[7],[0.13872332732805054]
233,23,4000,2,0.009418033804486482,5.978517499486744,True,False,"[8, 11]","[0.11597714056730005, 0.1575824059987261]"
234,0,4277,1,0.011477552062918653,4.514956403941137,True,False,[17],[0.12632871598068585]
234,4,5123,1,0.00958155199421897,3.1854279318418666,True,False,[15],[0.07420962723583524]
234,8,4965,1,0.006592320761106075,5.086687437958883,True,False,[7],[0.08285277604397943]
234,9,1625,2,0.006332470994052594,4.243701430950567,True,False,"[7, 15]","[0.1126110994177782, 0.0860663551732701]"
234,11,3960,1,0.007485163830848193,3.8506824160672264,True,False,[15],[0.12964436182328837]
234,17,5444,1,0.007235933118300325,6.180355706398107,True,False,[7],[0.10503013557806005]
234,19,5056,1,0.010218096236969629,6.025706343777418,True,False,[7],[0.12398857835078683]
234,23,4000,3,0.005581760157267708,5.976147408831946,True,False,"[7, 8, 12]","[0.1125887814700777, 0.10508132225247009, 0.16925885247492053]"
235,6,2925,3,0.005933339484947487,3.3462566150333477,True,False,"[8, 15, 17]","[0.1026970024114877, 0.0873146163985257, 0.09611343924991614]"
235,9,1625,1,0.007323931692194683,4.336663308851241,True,False,[15],[0.07600510768839545]
235,14,4982,1,0.009382098211369204,4.765643476412548,True,False,[7],[0.11629426470709232]
235,17,3960,1,0.008288261349045273,3.86677037246757,True,False,[15],[0.13080170747800393]
235,20,5479,1,0.011214841990961807,3.922168121546959,True,False,[8],[0.14890577601063798]
235,22,5444,2,0.008164543211914229,6.179227147565619,True,False,"[7, 11]","[0.09757617846702314, 0.10335067163391645]"
236,0,4277,2,0.007927516059861096,4.50654862513895,True,False,"[8, 12]","[0.1112053771714656, 0.16257565002301444]"
236,7,5455,1,0.05583266815408412,3.2640905938313347,True,False,[5],[0.14987426839563134]
236,9,1625,1,0.008259078202378901,4.425864902080578,True,False,[15],[0.07472480264086578]
236,17,3960,2,0.005971500233898065,3.873371140427557,True,False,"[8, 16]","[0.13356124010605377, 0.1619778483351297]"
237,0,4277,1,0.007164413936854396,4.612427042990696,True,False,[5],[0.12398945746121472]
237,4,5421,1,0.010179621332986423,4.003107714511992,True,False,[12],[0.14898304724178932]
237,14,2925,1,0.00887353709902693,3.3501176332515694,True,False,[7],[0.12209103082382729]
237,21,3960,2,0.006849776785734072,3.8765783846294406,True,False,"[8, 15]","[0.14269577789168789, 0.15468374698917745]"
237,23,5643,1,0.027411491768359986,4.118130604508437,True,False,[12],[0.15547129599505274]
238,0,4277,1,0.009471853943473165,4.625055300290527,True,False,[8],[0.09776122198599002]
238,2,666,1,0.00852732252833992,5.297381431848574,True,False,[15],[0.1075708674946932]
238,21,3960,1,0.007709168176331136,3.8924922654331255,True,False,[15],[0.14659326548077145]
238,22,2925,1,0.007504167795782168,3.3578463951790902,True,False,[15],[0.09695285073796298]
239,0,4277,1,0.009881077393151921,4.628159936408584,True,False,[8],[0.10299165184869083]
239,11,1625,1,0.006316343299706892,4.526361894392316,True,False,[15],[0.11227262635188426]
239,16,5687,1,0.04154864863646851,4.466131518239671,True,False,[15],[0.1411629041429756]
239,23,3960,1,0.00761930345473291,3.92737963363897,True,False,[8],[0.10359668676413747]
240,0,4277,1,0.01124020193745553,4.596083334050304,True,False,[17],[0.12719320744992701]
240,10,1625,1,0.007614409502561893,4.566181963585429,True,False,[7],[0.11975360980564871]
240,15,5687,1,0.010124421395813066,4.4726380952442355,True,False,[8],[0.12005400183722083]
240,20,5667,1,0.03147821477148942,4.2810073206912636,True,False,[12],[0.15917817914687005]
240,21,3960,2,0.0063915895800003,3.9301073890786036,True,False,"[8, 15]","[0.1532806830640548, 0.13683973478625855]"
241,0,4277,1,0.007274002174834912,4.70670810464831,True,False,[5],[0.12561916391244765]
241,5,5421,1,0.010298928327820079,4.059578253804671,True,False,[5],[0.10587577698940306]
241,10,1625,1,0.008348411278236543,4.619611168710408,True,False,[15],[0.1199547667160648]
241,19,5667,1,0.010903007141749643,4.228604457256258,True,False,[12],[0.14961917102228356]
241,21,3960,1,0.007275507462233584,3.948876426068843,True,False,[15],[0.1281033222779335]
242,0,4277,1,0.008823727365487921,4.708340595160264,True,False,[15],[0.11899415336851908]
242,17,5687,1,0.010963796418277235,4.407609494610386,True,False,[12],[0.131078532727329]
242,22,3960,3,0.006789583332669005,3.9622080446276797,True,False,"[15, 16, 17]","[0.10730166741952608, 0.13746625667877524, 0.1080218358456817]"
243,0,4277,2,0.006818936428463421,4.6943545289420765,True,False,"[12, 15]","[0.15794149266529003, 0.11935388522280783]"
243,3,5786,1,0.047048023262145744,4.888864674125195,True,False,[15],[0.11155196024663026]
243,4,666,1,0.007535987390146594,5.338764536873444,True,False,[15],[0.07242584851892689]
243,10,5455,1,0.009122963047990424,3.273314051475074,True,False,[8],[0.10888601807427623]
243,18,5687,1,0.011993797652357497,4.319869248581129,True,False,[12],[0.13865579602334974]
243,23,3960,1,0.011195922226622966,3.968528713541258,True,False,[7],[0.11108539758987392]
244,0,4277,1,0.009930081169231733,4.6959322096567995,True,False,[8],[0.09890377333741257]
244,12,1625,1,0.005855139840869565,4.713291751608299,True,False,[15],[0.15032970482312982]
245,0,4277,2,0.006343951001146007,4.707822278530734,True,False,"[7, 12]","[0.13595193478181225, 0.1532973624656344]"
245,12,1625,1,0.005837241225035238,4.814051288144002,True,False,[15],[0.13551640466322845]
246,0,4277,3,0.005583739610246484,4.696354930190779,True,False,"[8, 15, 17]","[0.09717323178679325, 0.12618499414449602, 0.1299545724001068]"
247,0,4277,1,0.010267977548985091,4.68872927200388,True,False,[12],[0.14630960145490848]
247,2,5786,1,0.00947525418407859,4.916615293253219,True,False,[15],[0.09685029207002273]
247,5,5421,1,0.010126076030928145,4.114759168174271,True,False,[5],[0.09995537997334784]
248,4,5421,1,0.008687899812069893,4.140214697323925,True,False,[15],[0.07399491535245434]
249,0,4277,2,0.007110327161360719,4.672510437715331,True,False,"[8, 17]","[0.0969712873296957, 0.13571860189532078]"
250,0,4277,1,0.008406235455000445,4.67583170361471,True,False,[8],[0.08776623726861404]
250,2,5899,1,0.07519795486886564,4.21139142117832,True,False,[15],[0.0892761337798284]
251,22,4277,2,0.006275230457832368,4.718254525418663,True,False,"[8, 15]","[0.11637094175229355, 0.11261099196009121]"
253,7,5718,1,0.0601425240968807,3.6440918679953476,True,False,[15],[0.11755668172489404]
253,16,5732,1,0.09939656540995717,4.432674824273808,True,False,[8],[0.12845428932301092]
255,2,5838,1,0.08025963731626365,4.18946564269173,True,False,[5],[0.13128869221134157]
256,22,5123,1,0.008829848625932172,3.2030271656091287,True,False,[8],[0.10827455887092566]
257,2,5838,1,0.00860970387323948,4.227943153172279,True,False,[7],[0.09869254148884929]
257,7,5718,1,0.009012417836355958,3.6550315816359524,True,False,[15],[0.10492043178351261]
262,6,5718,1,0.009695940570131093,3.690497338141937,True,False,[15],[0.07850207683073279]
265,20,5732,1,0.009124101846359374,4.451413356549838,True,False,[15],[0.1340469554415436]
