generation,mu,mean_sigma,min_sigma,max_sigma,mean_psucc,min_psucc,max_psucc,gens_silent,sigma_floor_active,archive_size,n_pitot3_sentinels,n_spark_sentinels,n_both_sentinels,n_sentinels,lineage_0,lineage_1,lineage_2,lineage_3,lineage_4,lineage_5,lineage_6,lineage_7,lineage_8,lineage_9,lineage_10,lineage_11,lineage_12,lineage_13,lineage_14,lineage_15,lineage_16,lineage_17,lineage_18,lineage_19,lineage_20,lineage_21,lineage_22,lineage_23,sigma_0,sigma_1,sigma_2,sigma_3,sigma_4,sigma_5,sigma_6,sigma_7,sigma_8,sigma_9,sigma_10,sigma_11,sigma_12,sigma_13,sigma_14,sigma_15,sigma_16,sigma_17,sigma_18,sigma_19,sigma_20,sigma_21,sigma_22,sigma_23,psucc_0,psucc_1,psucc_2,psucc_3,psucc_4,psucc_5,psucc_6,psucc_7,psucc_8,psucc_9,psucc_10,psucc_11,psucc_12,psucc_13,psucc_14,psucc_15,psucc_16,psucc_17,psucc_18,psucc_19,psucc_20,psucc_21,psucc_22,psucc_23
1,24,0.1005070510144051,0.09953810705865762,0.10210518621451076,0.19823232323232323,0.16666666666666666,0.25,0,False,3,0,0,0,0,0,7,19,4,12,23,11,17,8,2,16,5,13,6,21,18,29,9,10,22,28,34,3,14,0.1,0.1,0.1,0.10210518621451076,0.1,0.1,0.1,0.1,0.09953810705865762,0.1,0.1,0.10210518621451076,0.1,0.1,0.1,0.1,0.10210518621451076,0.1,0.10210518621451076,0.1,0.10210518621451076,0.10210518621451076,0.1,0.1,0.18181818181818182,0.18181818181818182,0.18181818181818182,0.25,0.18181818181818182,0.18181818181818182,0.18181818181818182,0.18181818181818182,0.16666666666666666,0.18181818181818182,0.18181818181818182,0.25,0.18181818181818182,0.18181818181818182,0.18181818181818182,0.18181818181818182,0.25,0.18181818181818182,0.25,0.18181818181818182,0.25,0.25,0.18181818181818182,0.18181818181818182
2,24,0.10066749911859892,0.09953810705865762,0.1035931400515108,0.20052083333333334,0.16666666666666666,0.25,0,False,3,0,0,0,0,0,7,19,4,12,23,11,17,8,2,16,5,13,6,21,18,29,9,10,22,28,34,65,14,0.1,0.09953810705865762,0.1,0.1035931400515108,0.09953810705865762,0.1,0.1,0.1,0.09953810705865762,0.09953810705865762,0.1,0.10210518621451076,0.1,0.1,0.1,0.1,0.10210518621451076,0.10210518621451076,0.10210518621451076,0.1,0.10210518621451076,0.10210518621451076,0.10210518621451076,0.09953810705865762,0.18181818181818182,0.16666666666666666,0.18181818181818182,0.22916666666666666,0.16666666666666666,0.18181818181818182,0.18181818181818182,0.18181818181818182,0.16666666666666666,0.16666666666666666,0.18181818181818182,0.25,0.18181818181818182,0.18181818181818182,0.18181818181818182,0.18181818181818182,0.25,0.25,0.25,0.18181818181818182,0.25,0.25,0.25,0.16666666666666666
3,24,0.10090012160525501,0.09865876712893568,0.1035931400515108,0.20638678451178452,0.15277777777777776,0.25,0,False,4,0,0,0,0,0,7,74,19,4,12,23,11,17,8,2,16,5,13,78,6,21,18,29,9,10,22,28,34,0.1,0.09865876712893568,0.10210518621451076,0.10210518621451076,0.1035931400515108,0.09953810705865762,0.1,0.10210518621451076,0.1,0.09953810705865762,0.09865876712893568,0.1,0.10210518621451076,0.09953810705865762,0.10210518621451076,0.1,0.1,0.1,0.10210518621451076,0.10210518621451076,0.10210518621451076,0.09953810705865762,0.1035931400515108,0.10210518621451076,0.18181818181818182,0.15277777777777776,0.25,0.25,0.22916666666666666,0.16666666666666666,0.18181818181818182,0.25,0.18181818181818182,0.16666666666666666,0.15277777777777776,0.18181818181818182,0.25,0.16666666666666666,0.25,0.18181818181818182,0.18181818181818182,0.18181818181818182,0.25,0.25,0.25,0.16666666666666666,0.22916666666666666,0.25
4,24,0.10100646106717637,0.09865876712893568,0.1035931400515108,0.20951704545454544,0.15277777777777776,0.25,0,False,5,0,0,0,0,109,7,74,19,117,0,12,23,11,17,4,8,2,16,5,13,78,6,21,18,29,9,10,22,0.10120316818419796,0.09865876712893568,0.10210518621451076,0.10210518621451076,0.10120316818419796,0.09953810705865762,0.09953810705865762,0.1,0.1035931400515108,0.1,0.1035931400515108,0.09953810705865762,0.09865876712893568,0.1,0.10210518621451076,0.10120316818419796,0.10210518621451076,0.1,0.1,0.1,0.10210518621451076,0.10210518621451076,0.1035931400515108,0.10120316818419796,0.2361111111111111,0.15277777777777776,0.25,0.25,0.2361111111111111,0.16666666666666666,0.16666666666666666,0.18181818181818182,0.22916666666666666,0.18181818181818182,0.22916666666666666,0.16666666666666666,0.15277777777777776,0.18181818181818182,0.25,0.2361111111111111,0.25,0.18181818181818182,0.18181818181818182,0.18181818181818182,0.25,0.25,0.22916666666666666,0.2361111111111111
5,24,0.10108663531524198,0.09865876712893568,0.10449126110942733,0.2072219591750842,0.15277777777777776,0.25,0,False,5,0,0,0,0,109,7,74,19,117,0,12,23,11,17,4,8,2,16,5,13,78,6,21,18,29,9,10,22,0.10120316818419796,0.09865876712893568,0.1035931400515108,0.10210518621451076,0.10120316818419796,0.09953810705865762,0.09953810705865762,0.09953810705865762,0.1035931400515108,0.1,0.1035931400515108,0.09953810705865762,0.09865876712893568,0.1,0.10210518621451076,0.10120316818419796,0.10210518621451076,0.1,0.1,0.1,0.10210518621451076,0.10210518621451076,0.10449126110942733,0.10120316818419796,0.2361111111111111,0.15277777777777776,0.22916666666666666,0.25,0.2361111111111111,0.16666666666666666,0.16666666666666666,0.16666666666666666,0.22916666666666666,0.18181818181818182,0.22916666666666666,0.16666666666666666,0.15277777777777776,0.18181818181818182,0.25,0.2361111111111111,0.25,0.18181818181818182,0.18181818181818182,0.18181818181818182,0.25,0.25,0.21006944444444442,0.2361111111111111
6,24,0.10115772258214113,0.09865876712893568,0.10753858838607169,0.20875475676907965,0.15277777777777776,0.2758969907407407,0,False,5,0,0,0,0,109,7,74,19,117,0,12,23,11,17,4,8,2,16,5,13,166,78,6,21,18,29,9,22,0.10120316818419796,0.09865876712893568,0.1035931400515108,0.10210518621451076,0.10120316818419796,0.09953810705865762,0.09865876712893568,0.09953810705865762,0.1035931400515108,0.1,0.1035931400515108,0.09953810705865762,0.09865876712893568,0.1,0.10210518621451076,0.10120316818419796,0.10753858838607169,0.10210518621451076,0.09953810705865762,0.1,0.1,0.10210518621451076,0.10210518621451076,0.10120316818419796,0.2361111111111111,0.15277777777777776,0.22916666666666666,0.25,0.2361111111111111,0.16666666666666666,0.15277777777777776,0.16666666666666666,0.22916666666666666,0.18181818181818182,0.22916666666666666,0.16666666666666666,0.15277777777777776,0.18181818181818182,0.25,0.2361111111111111,0.2758969907407407,0.25,0.16666666666666666,0.18181818181818182,0.18181818181818182,0.25,0.25,0.2361111111111111
7,24,0.10183644024113953,0.09740752514513804,0.10753858838607169,0.21921964874438835,0.14004629629629628,0.3125,0,False,6,0,0,0,0,109,171,7,74,19,117,0,12,23,11,17,4,8,2,16,5,13,166,78,182,6,21,18,29,0.10120316818419796,0.10626479815687233,0.09865876712893568,0.1035931400515108,0.10626479815687233,0.10120316818419796,0.09953810705865762,0.09865876712893568,0.09953810705865762,0.1035931400515108,0.1,0.1035931400515108,0.09953810705865762,0.09740752514513804,0.1,0.10626479815687233,0.10120316818419796,0.10753858838607169,0.10210518621451076,0.10626479815687233,0.09953810705865762,0.1,0.1,0.10210518621451076,0.2361111111111111,0.3125,0.15277777777777776,0.22916666666666666,0.3125,0.2361111111111111,0.16666666666666666,0.15277777777777776,0.16666666666666666,0.22916666666666666,0.18181818181818182,0.22916666666666666,0.16666666666666666,0.14004629629629628,0.18181818181818182,0.3125,0.2361111111111111,0.2758969907407407,0.25,0.3125,0.16666666666666666,0.18181818181818182,0.18181818181818182,0.25
8,24,0.1018625817009509,0.09740752514513804,0.10753858838607169,0.21639846818883277,0.14004629629629628,0.3125,0,False,6,0,0,0,0,109,171,7,74,19,117,0,12,23,11,17,4,8,2,16,5,13,166,78,182,6,21,18,29,0.10120316818419796,0.10626479815687233,0.09865876712893568,0.1035931400515108,0.10626479815687233,0.10120316818419796,0.09865876712893568,0.09865876712893568,0.09953810705865762,0.10449126110942733,0.1,0.1035931400515108,0.09865876712893568,0.09740752514513804,0.1,0.10626479815687233,0.10120316818419796,0.10753858838607169,0.1035931400515108,0.10626479815687233,0.09953810705865762,0.1,0.1,0.10210518621451076,0.2361111111111111,0.3125,0.15277777777777776,0.22916666666666666,0.3125,0.2361111111111111,0.15277777777777776,0.15277777777777776,0.16666666666666666,0.21006944444444442,0.18181818181818182,0.22916666666666666,0.15277777777777776,0.14004629629629628,0.18181818181818182,0.3125,0.2361111111111111,0.2758969907407407,0.22916666666666666,0.3125,0.16666666666666666,0.18181818181818182,0.18181818181818182,0.25
9,24,0.1019598556228244,0.09740752514513804,0.10753858838607169,0.22678225396324356,0.14004629629629628,0.3125,0,False,7,0,0,0,0,109,171,7,74,228,19,117,0,12,23,11,17,4,8,2,222,16,5,223,13,166,78,182,6,0.10120316818419796,0.10626479815687233,0.09865876712893568,0.1035931400515108,0.09991965677806096,0.10626479815687233,0.10120316818419796,0.09991965677806096,0.09991965677806096,0.09953810705865762,0.10449126110942733,0.1,0.10449126110942733,0.09991965677806096,0.09740752514513804,0.09991965677806096,0.1,0.10626479815687233,0.09991965677806096,0.10120316818419796,0.10753858838607169,0.1035931400515108,0.10626479815687233,0.09953810705865762,0.2361111111111111,0.3125,0.15277777777777776,0.22916666666666666,0.22337962962962962,0.3125,0.2361111111111111,0.22337962962962962,0.22337962962962962,0.16666666666666666,0.21006944444444442,0.18181818181818182,0.21006944444444442,0.22337962962962962,0.14004629629629628,0.22337962962962962,0.18181818181818182,0.3125,0.22337962962962962,0.2361111111111111,0.2758969907407407,0.22916666666666666,0.3125,0.16666666666666666
10,24,0.10208281440484507,0.09740752514513804,0.10753858838607169,0.22676782290497569,0.14004629629629628,0.3125,0,False,7,0,0,0,0,109,171,7,74,228,19,117,0,12,23,11,17,4,8,2,222,16,246,223,13,166,78,6,5,0.10120316818419796,0.10626479815687233,0.09865876712893568,0.1035931400515108,0.09991965677806096,0.10626479815687233,0.10491709251729248,0.09991965677806096,0.09991965677806096,0.09953810705865762,0.1048349052634947,0.09953810705865762,0.10449126110942733,0.09991965677806096,0.09740752514513804,0.09991965677806096,0.1,0.10491709251729248,0.10062269764031694,0.10120316818419796,0.10753858838607169,0.1035931400515108,0.09953810705865762,0.10626479815687233,0.2361111111111111,0.3125,0.15277777777777776,0.22916666666666666,0.22337962962962962,0.3125,0.2997685185185185,0.22337962962962962,0.22337962962962962,0.16666666666666666,0.19256365740740738,0.16666666666666666,0.21006944444444442,0.22337962962962962,0.14004629629629628,0.22337962962962962,0.18181818181818182,0.2997685185185185,0.20476466049382713,0.2361111111111111,0.2758969907407407,0.22916666666666666,0.16666666666666666,0.3125
11,24,0.10352288644209089,0.09740752514513804,0.11254694432213024,0.24996921983141598,0.14004629629629628,0.36979166666666663,0,False,7,0,0,0,0,109,171,7,74,228,19,117,0,281,11,17,266,4,12,23,246,223,8,274,2,222,16,5,269,0.10120316818419796,0.10626479815687233,0.09991965677806096,0.1035931400515108,0.09991965677806096,0.11254694432213024,0.10491709251729248,0.09991965677806096,0.11072401923743505,0.10736452748284013,0.09953810705865762,0.09991965677806096,0.10449126110942733,0.09991965677806096,0.09953810705865762,0.11072401923743505,0.10062269764031694,0.09991965677806096,0.10736452748284013,0.09740752514513804,0.09991965677806096,0.1,0.10626479815687233,0.11254694432213024,0.2361111111111111,0.3125,0.22337962962962962,0.22916666666666666,0.22337962962962962,0.36979166666666663,0.2997685185185185,0.22337962962962962,0.35812114197530864,0.2598500192901234,0.16666666666666666,0.22337962962962962,0.21006944444444442,0.22337962962962962,0.16666666666666666,0.35812114197530864,0.20476466049382713,0.22337962962962962,0.2598500192901234,0.14004629629629628,0.22337962962962962,0.18181818181818182,0.3125,0.36979166666666663
12,24,0.10487119502168112,0.09740752514513804,0.12112871390712321,0.2587682874084693,0.14004629629629628,0.4223090277777778,0,False,7,0,0,0,0,109,171,7,74,228,19,117,0,281,11,17,266,4,12,23,246,223,293,8,274,2,16,5,269,0.10120316818419796,0.10626479815687233,0.09991965677806096,0.1035931400515108,0.09991965677806096,0.12112871390712321,0.10491709251729248,0.09991965677806096,0.11072401923743505,0.10736452748284013,0.09953810705865762,0.10062269764031694,0.10449126110942733,0.09991965677806096,0.09953810705865762,0.11072401923743505,0.10062269764031694,0.12112871390712321,0.09991965677806096,0.1092300658166944,0.09740752514513804,0.1,0.10626479815687233,0.11254694432213024,0.2361111111111111,0.3125,0.22337962962962962,0.22916666666666666,0.22337962962962962,0.4223090277777778,0.2997685185185185,0.22337962962962962,0.35812114197530864,0.2598500192901234,0.16666666666666666,0.20476466049382713,0.21006944444444442,0.22337962962962962,0.16666666666666666,0.35812114197530864,0.20476466049382713,0.4223090277777778,0.22337962962962962,0.23819585101594645,0.14004629629629628,0.18181818181818182,0.3125,0.36979166666666663
13,24,0.10552407464727791,0.09953810705865762,0.12112871390712321,0.267901248268273,0.16666666666666666,0.4223090277777778,0,False,7,0,0,0,0,109,171,7,74,228,19,117,0,281,11,17,266,4,12,315,23,246,223,314,8,274,16,269,293,0.10120316818419796,0.10626479815687233,0.10321774829328896,0.10718608167904842,0.09991965677806096,0.12112871390712321,0.10491709251729248,0.09991965677806096,0.11072401923743505,0.1092300658166944,0.09953810705865762,0.10080373050769287,0.10449126110942733,0.09991965677806096,0.10718608167904842,0.09953810705865762,0.11072401923743505,0.10062269764031694,0.10321774829328896,0.09991965677806096,0.1092300658166944,0.1,0.11254694432213024,0.12112871390712321,0.2361111111111111,0.3125,0.2880979938271605,0.2934027777777778,0.22337962962962962,0.4223090277777778,0.2997685185185185,0.22337962962962962,0.35812114197530864,0.23819585101594645,0.16666666666666666,0.1877009387860082,0.21006944444444442,0.22337962962962962,0.2934027777777778,0.16666666666666666,0.35812114197530864,0.20476466049382713,0.2880979938271605,0.22337962962962962,0.23819585101594645,0.18181818181818182,0.36979166666666663,0.4223090277777778
14,24,0.10765119690705194,0.09953810705865762,0.13229665262278245,0.28209164396616543,0.16666666666666666,0.47044994212962965,0,False,5,0,0,0,0,109,171,341,19,117,0,7,74,228,356,17,266,4,281,11,314,12,315,23,246,223,293,8,269,0.10120316818419796,0.10626479815687233,0.13229665262278245,0.13229665262278245,0.10491709251729248,0.09991965677806096,0.10584538278844427,0.10718608167904842,0.09991965677806096,0.11330470048804292,0.09953810705865762,0.10080373050769287,0.10449126110942733,0.11072401923743505,0.1092300658166944,0.10321774829328896,0.10062269764031694,0.10718608167904842,0.09953810705865762,0.11072401923743505,0.10080373050769287,0.12112871390712321,0.09991965677806096,0.11254694432213024,0.2361111111111111,0.3125,0.47044994212962965,0.47044994212962965,0.2997685185185185,0.22337962962962962,0.26408982767489714,0.2934027777777778,0.22337962962962962,0.3016795300979509,0.16666666666666666,0.1877009387860082,0.21006944444444442,0.35812114197530864,0.23819585101594645,0.2880979938271605,0.20476466049382713,0.2934027777777778,0.16666666666666666,0.35812114197530864,0.1877009387860082,0.4223090277777778,0.22337962962962962,0.36979166666666663
15,24,0.11030583071352734,0.09953810705865762,0.13229665262278245,0.3007578524924,0.16666666666666666,0.47044994212962965,0,False,7,0,0,0,0,109,171,341,372,19,381,117,0,7,74,228,356,17,266,382,281,11,314,4,12,383,23,246,293,0.10120316818419796,0.10626479815687233,0.13229665262278245,0.10753858838607169,0.13229665262278245,0.13229665262278245,0.10491709251729248,0.09991965677806096,0.10584538278844427,0.10718608167904842,0.10062269764031694,0.11330470048804292,0.09953810705865762,0.10080373050769287,0.10321774829328896,0.11072401923743505,0.1092300658166944,0.10321774829328896,0.10753858838607169,0.10062269764031694,0.12112871390712321,0.09953810705865762,0.11579163381595112,0.13229665262278245,0.2361111111111111,0.3125,0.47044994212962965,0.2758969907407407,0.47044994212962965,0.47044994212962965,0.2997685185185185,0.22337962962962962,0.26408982767489714,0.2934027777777778,0.20476466049382713,0.3016795300979509,0.16666666666666666,0.1877009387860082,0.2880979938271605,0.35812114197530864,0.23819585101594645,0.2880979938271605,0.2758969907407407,0.20476466049382713,0.4223090277777778,0.16666666666666666,0.32827771347736623,0.47044994212962965
16,24,0.11047037236159189,0.09953810705865762,0.13229665262278245,0.298238181282954,0.16666666666666666,0.47044994212962965,0,False,7,0,0,0,0,109,171,341,372,19,381,117,0,7,74,228,356,17,266,382,281,11,314,4,12,383,23,246,293,0.10120316818419796,0.10626479815687233,0.13229665262278245,0.10753858838607169,0.13229665262278245,0.13229665262278245,0.10794024955467327,0.09991965677806096,0.10584538278844427,0.10718608167904842,0.10062269764031694,0.11330470048804292,0.09953810705865762,0.100503590273797,0.10321774829328896,0.11072401923743505,0.11045604856675882,0.10321774829328896,0.10753858838607169,0.10062269764031694,0.12112871390712321,0.09953810705865762,0.11579163381595112,0.13229665262278245,0.2361111111111111,0.3125,0.47044994212962965,0.2758969907407407,0.47044994212962965,0.47044994212962965,0.2747878086419753,0.22337962962962962,0.26408982767489714,0.2934027777777778,0.20476466049382713,0.3016795300979509,0.16666666666666666,0.17205919388717417,0.2880979938271605,0.35812114197530864,0.21834619676461758,0.2880979938271605,0.2758969907407407,0.20476466049382713,0.4223090277777778,0.16666666666666666,0.32827771347736623,0.47044994212962965
17,24,0.11065981880423766,0.09953810705865762,0.13229665262278245,0.2986176206905328,0.16666666666666666,0.47044994212962965,0,False,5,0,0,0,0,109,171,341,372,411,0,7,74,228,19,381,117,382,418,281,356,17,266,4,12,383,23,11,409,0.10120316818419796,0.11254694432213024,0.13229665262278245,0.1127343150108359,0.1127343150108359,0.09991965677806096,0.10584538278844427,0.10718608167904842,0.10340344998262764,0.13229665262278245,0.13229665262278245,0.10794024955467327,0.10321774829328896,0.10340344998262764,0.11579163381595112,0.11330470048804292,0.09953810705865762,0.100503590273797,0.10753858838607169,0.10062269764031694,0.12897051423620146,0.09953810705865762,0.11045604856675882,0.11254694432213024,0.2361111111111111,0.36979166666666663,0.47044994212962965,0.33623890817901225,0.33623890817901225,0.22337962962962962,0.26408982767489714,0.2934027777777778,0.2710342721193415,0.47044994212962965,0.47044994212962965,0.2747878086419753,0.2880979938271605,0.2710342721193415,0.32827771347736623,0.3016795300979509,0.16666666666666666,0.17205919388717417,0.2758969907407407,0.20476466049382713,0.3871166087962963,0.16666666666666666,0.21834619676461758,0.36979166666666663
18,24,0.11263169029745108,0.09953810705865762,0.13229665262278245,0.30833337699798274,0.16666666666666666,0.47044994212962965,0,False,5,0,0,0,0,109,171,341,372,411,0,7,74,228,19,446,382,418,281,356,433,381,117,4,12,383,23,17,266,0.10120316818419796,0.12112871390712321,0.13229665262278245,0.1127343150108359,0.1127343150108359,0.09991965677806096,0.10781248038163921,0.10718608167904842,0.10340344998262764,0.13229665262278245,0.12318014519184896,0.10584538278844427,0.10553023117860878,0.12318014519184896,0.11663195586985962,0.12112871390712321,0.13229665262278245,0.10794024955467327,0.10753858838607169,0.10062269764031694,0.12897051423620146,0.09953810705865762,0.09953810705865762,0.100503590273797,0.2361111111111111,0.4223090277777778,0.47044994212962965,0.33623890817901225,0.33623890817901225,0.22337962962962962,0.24208234203532236,0.2934027777777778,0.2710342721193415,0.47044994212962965,0.38425457068758573,0.26408982767489714,0.24844808277606303,0.38425457068758573,0.27653956925645495,0.4223090277777778,0.47044994212962965,0.2747878086419753,0.2758969907407407,0.20476466049382713,0.3871166087962963,0.16666666666666666,0.16666666666666666,0.17205919388717417
19,24,0.1132048895415237,0.09953810705865762,0.13229665262278245,0.3132140428949794,0.15772092772990964,0.47044994212962965,0,False,5,0,0,0,0,109,171,341,372,411,0,7,74,228,19,446,382,418,281,356,433,381,117,4,12,23,17,266,471,0.10120316818419796,0.12112871390712321,0.13229665262278245,0.1127343150108359,0.1127343150108359,0.09991965677806096,0.10781248038163921,0.10718608167904842,0.10340344998262764,0.13229665262278245,0.12318014519184896,0.10584538278844427,0.10553023117860878,0.12318014519184896,0.11663195586985962,0.13229665262278245,0.13229665262278245,0.10794024955467327,0.10753858838607169,0.10062269764031694,0.09953810705865762,0.09953810705865762,0.09976629502929978,0.13229665262278245,0.2361111111111111,0.4223090277777778,0.47044994212962965,0.33623890817901225,0.33623890817901225,0.22337962962962962,0.24208234203532236,0.2934027777777778,0.2710342721193415,0.47044994212962965,0.38425457068758573,0.26408982767489714,0.24844808277606303,0.38425457068758573,0.27653956925645495,0.47044994212962965,0.47044994212962965,0.2747878086419753,0.2758969907407407,0.20476466049382713,0.16666666666666666,0.16666666666666666,0.15772092772990964,0.47044994212962965
20,24,0.11376925557276513,0.09865876712893568,0.13229665262278245,0.308351689405402,0.15277777777777776,0.47044994212962965,0,False,5,0,0,0,0,109,171,341,372,411,0,7,74,228,19,446,382,418,281,356,433,381,117,4,12,23,17,266,471,0.10120316818419796,0.12897051423620146,0.13229665262278245,0.1127343150108359,0.1127343150108359,0.09991965677806096,0.10914129645405783,0.11007817489808147,0.10340344998262764,0.13229665262278245,0.12318014519184896,0.10584538278844427,0.10553023117860878,0.12318014519184896,0.11663195586985962,0.13229665262278245,0.13229665262278245,0.10794024955467327,0.10990000344505797,0.10062269764031694,0.09865876712893568,0.09953810705865762,0.09976629502929978,0.13229665262278245,0.2361111111111111,0.3871166087962963,0.47044994212962965,0.33623890817901225,0.33623890817901225,0.22337962962962962,0.22190881353237882,0.2689525462962963,0.2710342721193415,0.47044994212962965,0.38425457068758573,0.26408982767489714,0.24844808277606303,0.38425457068758573,0.27653956925645495,0.47044994212962965,0.47044994212962965,0.2747878086419753,0.25290557484567894,0.20476466049382713,0.15277777777777776,0.16666666666666666,0.15772092772990964,0.47044994212962965
21,24,0.11516759865746307,0.09953810705865762,0.13229665262278245,0.3173438129958986,0.15772092772990964,0.47044994212962965,0,False,5,0,0,0,0,109,171,341,372,411,0,7,74,228,19,446,382,418,507,281,356,433,381,117,4,12,17,266,471,0.1022793177746068,0.12897051423620146,0.13229665262278245,0.12019546476507956,0.1127343150108359,0.09991965677806096,0.10986395194793111,0.11007817489808147,0.10340344998262764,0.13229665262278245,0.12318014519184896,0.10584538278844427,0.10553023117860878,0.12019546476507956,0.12318014519184896,0.1192145045605642,0.13229665262278245,0.13229665262278245,0.10794024955467327,0.10990000344505797,0.10080373050769287,0.09953810705865762,0.09976629502929978,0.13229665262278245,0.21643518518518517,0.3871166087962963,0.47044994212962965,0.39155233249742794,0.33623890817901225,0.22337962962962962,0.20341641240468059,0.2689525462962963,0.2710342721193415,0.47044994212962965,0.38425457068758573,0.26408982767489714,0.24844808277606303,0.39155233249742794,0.38425457068758573,0.2534946051517504,0.47044994212962965,0.47044994212962965,0.2747878086419753,0.25290557484567894,0.1877009387860082,0.16666666666666666,0.15772092772990964,0.47044994212962965
22,24,0.11512056468982083,0.09863747980588627,0.13229665262278245,0.3167961708857253,0.1445775170857505,0.47044994212962965,0,False,5,0,0,0,0,109,171,341,372,411,0,7,74,228,19,446,382,418,507,281,356,433,381,117,4,12,17,266,471,0.1022793177746068,0.12897051423620146,0.13229665262278245,0.12019546476507956,0.1127343150108359,0.09991965677806096,0.10986395194793111,0.11007817489808147,0.10340344998262764,0.13229665262278245,0.12318014519184896,0.10584538278844427,0.10553023117860878,0.12019546476507956,0.12318014519184896,0.1192145045605642,0.13229665262278245,0.13229665262278245,0.10794024955467327,0.10990000344505797,0.10080373050769287,0.09953810705865762,0.09863747980588627,0.13229665262278245,0.21643518518518517,0.3871166087962963,0.47044994212962965,0.39155233249742794,0.33623890817901225,0.22337962962962962,0.20341641240468059,0.2689525462962963,0.2710342721193415,0.47044994212962965,0.38425457068758573,0.26408982767489714,0.24844808277606303,0.39155233249742794,0.38425457068758573,0.2534946051517504,0.47044994212962965,0.47044994212962965,0.2747878086419753,0.25290557484567894,0.1877009387860082,0.16666666666666666,0.1445775170857505,0.47044994212962965
23,24,0.11579094678254176,0.09716308400626904,0.14277368551308597,0.31187373907972377,0.13252939066193795,0.47044994212962965,0,False,5,0,0,0,0,109,171,341,372,411,0,7,74,228,19,446,382,418,507,281,356,433,381,117,4,12,17,266,471,0.1022793177746068,0.12897051423620146,0.13229665262278245,0.12687909727133548,0.1127343150108359,0.10062269764031694,0.10986395194793111,0.11007817489808147,0.10340344998262764,0.13229665262278245,0.12318014519184896,0.10584538278844427,0.10553023117860878,0.12019546476507956,0.12318014519184896,0.1192145045605642,0.13229665262278245,0.13229665262278245,0.10794024955467327,0.10990000344505797,0.100503590273797,0.09953810705865762,0.09716308400626904,0.14277368551308597,0.21643518518518517,0.3871166087962963,0.47044994212962965,0.35892297145597557,0.33623890817901225,0.20476466049382713,0.20341641240468059,0.2689525462962963,0.2710342721193415,0.47044994212962965,0.38425457068758573,0.26408982767489714,0.24844808277606303,0.39155233249742794,0.38425457068758573,0.2534946051517504,0.47044994212962965,0.47044994212962965,0.2747878086419753,0.25290557484567894,0.17205919388717417,0.16666666666666666,0.13252939066193795,0.4312457802854938
24,24,0.11647110601814654,0.09716308400626904,0.14277368551308597,0.3083085873203335,0.13252939066193795,0.47044994212962965,0,False,5,0,0,0,0,109,171,341,372,411,0,7,74,228,19,446,382,418,507,281,356,433,381,117,4,12,17,266,471,0.1022793177746068,0.12897051423620146,0.13229665262278245,0.12687909727133548,0.1127343150108359,0.10062269764031694,0.10986395194793111,0.11007817489808147,0.10340344998262764,0.13229665262278245,0.12976422920055794,0.10584538278844427,0.10553023117860878,0.12019546476507956,0.12318014519184896,0.1192145045605642,0.14277368551308597,0.13229665262278245,0.10794024955467327,0.10990000344505797,0.09976629502929978,0.09953810705865762,0.09716308400626904,0.14277368551308597,0.21643518518518517,0.3871166087962963,0.47044994212962965,0.35892297145597557,0.33623890817901225,0.20476466049382713,0.20341641240468059,0.2689525462962963,0.2710342721193415,0.47044994212962965,0.35223335646362025,0.26408982767489714,0.24844808277606303,0.39155233249742794,0.38425457068758573,0.2534946051517504,0.4312457802854938,0.47044994212962965,0.2747878086419753,0.25290557484567894,0.15772092772990964,0.16666666666666666,0.13252939066193795,0.4312457802854938
25,24,0.11686648665396182,0.09716308400626904,0.14277368551308597,0.30529594280069333,0.13252939066193795,0.47044994212962965,0,False,5,0,0,0,0,109,171,341,372,411,0,7,74,228,19,446,382,418,507,281,356,433,381,117,4,12,17,266,471,0.10279881408516497,0.13597305559201478,0.13229665262278245,0.12687909727133548,0.1127343150108359,0.10062269764031694,0.10986395194793111,0.11007817489808147,0.10340344998262764,0.13229665262278245,0.12976422920055794,0.10781248038163921,0.10553023117860878,0.12019546476507956,0.12318014519184896,0.1192145045605642,0.14277368551308597,0.13229665262278245,0.10794024955467327,0.10990000344505797,0.09976629502929978,0.09953810705865762,0.09716308400626904,0.14277368551308597,0.1983989197530864,0.3548568913966049,0.47044994212962965,0.35892297145597557,0.33623890817901225,0.20476466049382713,0.20341641240468059,0.2689525462962963,0.2710342721193415,0.47044994212962965,0.35223335646362025,0.24208234203532236,0.24844808277606303,0.39155233249742794,0.38425457068758573,0.2534946051517504,0.4312457802854938,0.47044994212962965,0.2747878086419753,0.25290557484567894,0.15772092772990964,0.16666666666666666,0.13252939066193795,0.4312457802854938
26,24,0.11686648665396182,0.09716308400626904,0.14277368551308597,0.30529594280069333,0.13252939066193795,0.47044994212962965,0,False,5,0,0,0,0,109,171,341,372,411,0,7,74,228,19,446,382,418,507,281,356,433,381,117,4,12,17,266,471,0.10279881408516497,0.13597305559201478,0.13229665262278245,0.12687909727133548,0.1127343150108359,0.10062269764031694,0.10986395194793111,0.11007817489808147,0.10340344998262764,0.13229665262278245,0.12976422920055794,0.10781248038163921,0.10553023117860878,0.12019546476507956,0.12318014519184896,0.1192145045605642,0.14277368551308597,0.13229665262278245,0.10794024955467327,0.10990000344505797,0.09976629502929978,0.09953810705865762,0.09716308400626904,0.14277368551308597,0.1983989197530864,0.3548568913966049,0.47044994212962965,0.35892297145597557,0.33623890817901225,0.20476466049382713,0.20341641240468059,0.2689525462962963,0.2710342721193415,0.47044994212962965,0.35223335646362025,0.24208234203532236,0.24844808277606303,0.39155233249742794,0.38425457068758573,0.2534946051517504,0.4312457802854938,0.47044994212962965,0.2747878086419753,0.25290557484567894,0.15772092772990964,0.16666666666666666,0.13252939066193795,0.4312457802854938
27,24,0.11743348995887416,0.09716308400626904,0.1523977609012376,0.30128839565725696,0.13252939066193795,0.47044994212962965,0,False,5,0,0,0,0,109,171,341,372,411,0,7,74,228,19,446,382,418,507,281,356,433,381,117,4,12,17,266,471,0.10280030593763319,0.13597305559201478,0.13229665262278245,0.12687909727133548,0.1127343150108359,0.10062269764031694,0.10986395194793111,0.11007817489808147,0.10553023117860878,0.13229665262278245,0.12976422920055794,0.10781248038163921,0.10553023117860878,0.12019546476507956,0.12318014519184896,0.12107023544185942,0.1523977609012376,0.13229665262278245,0.10794024955467327,0.10990000344505797,0.09976629502929978,0.09953810705865762,0.09716308400626904,0.14277368551308597,0.1818656764403292,0.3548568913966049,0.47044994212962965,0.35892297145597557,0.33623890817901225,0.20476466049382713,0.20341641240468059,0.2689525462962963,0.24844808277606303,0.47044994212962965,0.35223335646362025,0.24208234203532236,0.24844808277606303,0.39155233249742794,0.38425457068758573,0.23237005472243782,0.3953086319283693,0.47044994212962965,0.2747878086419753,0.25290557484567894,0.15772092772990964,0.16666666666666666,0.13252939066193795,0.4312457802854938
28,24,0.11808514391640591,0.09716308400626904,0.16104139036086104,0.29786269545549726,0.13252939066193795,0.47044994212962965,0,False,5,0,0,0,0,109,171,341,372,411,0,7,74,228,19,446,382,418,507,281,356,433,381,117,4,12,17,266,471,0.10280030593763319,0.13597305559201478,0.13229665262278245,0.1327158999732026,0.1127343150108359,0.10062269764031694,0.10986395194793111,0.11007817489808147,0.10553023117860878,0.13229665262278245,0.12976422920055794,0.10781248038163921,0.10553023117860878,0.12019546476507956,0.12318014519184896,0.12222949826113103,0.16104139036086104,0.13229665262278245,0.10794024955467327,0.10990000344505797,0.09976629502929978,0.09953810705865762,0.09716308400626904,0.14277368551308597,0.1818656764403292,0.3548568913966049,0.47044994212962965,0.32901272383464425,0.33623890817901225,0.20476466049382713,0.20341641240468059,0.2689525462962963,0.24844808277606303,0.47044994212962965,0.35223335646362025,0.24208234203532236,0.24844808277606303,0.39155233249742794,0.38425457068758573,0.213005883495568,0.3623662459343385,0.47044994212962965,0.2747878086419753,0.25290557484567894,0.15772092772990964,0.16666666666666666,0.13252939066193795,0.4312457802854938
29,24,0.1189396197416065,0.09953810705865762,0.16104139036086104,0.30138211282265054,0.16666666666666666,0.47044994212962965,0,False,5,0,0,0,0,109,171,341,372,411,0,7,74,228,19,446,382,418,507,281,356,433,381,117,4,12,716,17,471,0.10280030593763319,0.13597305559201478,0.13229665262278245,0.13766307637586814,0.1127343150108359,0.10062269764031694,0.10986395194793111,0.11007817489808147,0.10553023117860878,0.13229665262278245,0.12976422920055794,0.10781248038163921,0.10553023117860878,0.12019546476507956,0.12318014519184896,0.12273238158483239,0.16104139036086104,0.13229665262278245,0.10794024955467327,0.10990000344505797,0.1011813318629317,0.1011813318629317,0.09953810705865762,0.1523977609012376,0.1818656764403292,0.3548568913966049,0.47044994212962965,0.3015949968484239,0.33623890817901225,0.20476466049382713,0.20341641240468059,0.2689525462962963,0.24844808277606303,0.47044994212962965,0.35223335646362025,0.24208234203532236,0.24844808277606303,0.39155233249742794,0.38425457068758573,0.19525539320427066,0.3623662459343385,0.47044994212962965,0.2747878086419753,0.25290557484567894,0.22791085041908385,0.22791085041908385,0.16666666666666666,0.3953086319283693
30,24,0.11978130995718417,0.09953810705865762,0.16104139036086104,0.2966638292416004,0.16666666666666666,0.47044994212962965,0,False,5,0,0,0,0,109,171,341,372,411,0,7,74,228,19,446,382,418,507,281,356,433,381,117,4,12,716,17,471,0.10280030593763319,0.13597305559201478,0.14277368551308597,0.13766307637586814,0.1127343150108359,0.10062269764031694,0.10986395194793111,0.11227675551386578,0.10553023117860878,0.13229665262278245,0.12976422920055794,0.10781248038163921,0.10553023117860878,0.12687909727133548,0.12318014519184896,0.12273238158483239,0.16104139036086104,0.13229665262278245,0.10794024955467327,0.10990000344505797,0.10202265102445256,0.1011813318629317,0.09953810705865762,0.1523977609012376,0.1818656764403292,0.3548568913966049,0.4312457802854938,0.3015949968484239,0.33623890817901225,0.20476466049382713,0.20341641240468059,0.24653983410493824,0.24844808277606303,0.47044994212962965,0.35223335646362025,0.24208234203532236,0.24844808277606303,0.35892297145597557,0.38425457068758573,0.19525539320427066,0.3623662459343385,0.47044994212962965,0.2747878086419753,0.25290557484567894,0.20891827955082684,0.22791085041908385,0.16666666666666666,0.3953086319283693
31,24,0.11986359728971037,0.09953810705865762,0.16104139036086104,0.2943647631901396,0.16666666666666666,0.47044994212962965,0,False,5,0,0,0,0,109,171,341,372,411,0,7,74,228,19,446,382,418,507,281,356,433,381,117,4,12,716,17,471,0.10280030593763319,0.13597305559201478,0.14277368551308597,0.13766307637586814,0.1127343150108359,0.10080373050769287,0.10986395194793111,0.11227675551386578,0.10702156705340601,0.13229665262278245,0.12976422920055794,0.10781248038163921,0.10553023117860878,0.12687909727133548,0.12318014519184896,0.12273238158483239,0.16104139036086104,0.13229665262278245,0.10794024955467327,0.10990000344505797,0.10232517826290811,0.1011813318629317,0.09953810705865762,0.1523977609012376,0.1818656764403292,0.3548568913966049,0.4312457802854938,0.3015949968484239,0.33623890817901225,0.1877009387860082,0.20341641240468059,0.24653983410493824,0.22774407587805778,0.47044994212962965,0.35223335646362025,0.24208234203532236,0.24844808277606303,0.35892297145597557,0.38425457068758573,0.19525539320427066,0.3623662459343385,0.47044994212962965,0.2747878086419753,0.25290557484567894,0.19150842292159126,0.22791085041908385,0.16666666666666666,0.3953086319283693
32,24,0.1209655745335802,0.09865876712893568,0.16104139036086104,0.2957909086843267,0.15277777777777776,0.47044994212962965,0,False,5,0,0,0,0,109,171,341,372,411,0,7,74,228,19,446,382,418,507,281,356,433,381,117,4,12,780,17,471,0.10280030593763319,0.13597305559201478,0.14277368551308597,0.13766307637586814,0.11717356858462222,0.100503590273797,0.10986395194793111,0.11227675551386578,0.10702156705340601,0.13229665262278245,0.12976422920055794,0.10781248038163921,0.10978164399406591,0.12687909727133548,0.12318014519184896,0.12273238158483239,0.16104139036086104,0.13229665262278245,0.10794024955467327,0.11159232948155068,0.10232517826290811,0.10978164399406591,0.09865876712893568,0.16104139036086104,0.1818656764403292,0.3548568913966049,0.4312457802854938,0.3015949968484239,0.30821899916409456,0.17205919388717417,0.20341641240468059,0.24653983410493824,0.22774407587805778,0.47044994212962965,0.35223335646362025,0.24208234203532236,0.31107740921139115,0.35892297145597557,0.38425457068758573,0.19525539320427066,0.3623662459343385,0.47044994212962965,0.2747878086419753,0.23183011027520567,0.19150842292159126,0.31107740921139115,0.15277777777777776,0.3623662459343385
33,24,0.12236491546828387,0.09865876712893568,0.16104139036086104,0.3066066068477539,0.15277777777777776,0.47044994212962965,0,False,3,0,0,0,0,109,796,411,811,0,171,341,372,19,446,7,74,228,356,433,381,117,382,418,507,281,17,471,780,0.10280030593763319,0.12395190080950648,0.12395190080950648,0.11554887716634459,0.100503590273797,0.13597305559201478,0.14277368551308597,0.13766307637586814,0.13229665262278245,0.12976422920055794,0.10986395194793111,0.11227675551386578,0.10702156705340601,0.122626145489025,0.16104139036086104,0.13229665262278245,0.10794024955467327,0.10914129645405783,0.10978164399406591,0.12687909727133548,0.12318014519184896,0.09865876712893568,0.16104139036086104,0.10978164399406591,0.1818656764403292,0.36586741590042005,0.36586741590042005,0.2958442677522719,0.17205919388717417,0.3548568913966049,0.4312457802854938,0.3015949968484239,0.47044994212962965,0.35223335646362025,0.20341641240468059,0.24653983410493824,0.22774407587805778,0.1789841104372481,0.3623662459343385,0.47044994212962965,0.2747878086419753,0.22190881353237882,0.31107740921139115,0.35892297145597557,0.38425457068758573,0.15277777777777776,0.3623662459343385,0.31107740921139115
34,24,0.12210386847806443,0.09991965677806096,0.16104139036086104,0.30494015219011195,0.17205919388717417,0.47044994212962965,0,False,3,0,0,0,0,109,796,411,811,0,171,341,372,19,446,7,74,228,356,433,837,381,117,382,418,507,281,17,471,0.10280030593763319,0.12395190080950648,0.12395190080950648,0.11554887716634459,0.100503590273797,0.13597305559201478,0.14277368551308597,0.13766307637586814,0.13229665262278245,0.12976422920055794,0.10986395194793111,0.11227675551386578,0.10702156705340601,0.122626145489025,0.16104139036086104,0.09991965677806096,0.13229665262278245,0.11027621935628654,0.10914129645405783,0.10978164399406591,0.12687909727133548,0.12318014519184896,0.09991965677806096,0.16104139036086104,0.1818656764403292,0.36586741590042005,0.36586741590042005,0.2958442677522719,0.17205919388717417,0.3548568913966049,0.4312457802854938,0.3015949968484239,0.47044994212962965,0.35223335646362025,0.20341641240468059,0.24653983410493824,0.22774407587805778,0.1789841104372481,0.3623662459343385,0.22337962962962962,0.47044994212962965,0.25188882458847733,0.22190881353237882,0.31107740921139115,0.35892297145597557,0.38425457068758573,0.22337962962962962,0.3623662459343385
35,24,0.12678952301398527,0.09991965677806096,0.17296079038391737,0.31842425818005454,0.1667102034036351,0.47044994212962965,0,False,3,0,0,0,0,109,796,411,811,0,171,341,372,19,446,7,74,228,356,433,854,837,381,117,853,507,842,17,471,0.10232683981465825,0.12395190080950648,0.13325675475791515,0.11554887716634459,0.100503590273797,0.13597305559201478,0.14277368551308597,0.13766307637586814,0.13229665262278245,0.12976422920055794,0.10986395194793111,0.11227675551386578,0.10702156705340601,0.12510830350038774,0.17296079038391737,0.17296079038391737,0.09991965677806096,0.13229665262278245,0.11027621935628654,0.12510830350038774,0.12687909727133548,0.13325675475791515,0.09991965677806096,0.16104139036086104,0.1667102034036351,0.36586741590042005,0.4187117979087184,0.2958442677522719,0.17205919388717417,0.3548568913966049,0.4312457802854938,0.3015949968484239,0.47044994212962965,0.35223335646362025,0.20341641240468059,0.24653983410493824,0.22774407587805778,0.2474021012341441,0.415502392106477,0.415502392106477,0.22337962962962962,0.47044994212962965,0.25188882458847733,0.2474021012341441,0.35892297145597557,0.4187117979087184,0.22337962962962962,0.3623662459343385
36,24,0.1272018497430322,0.09976629502929978,0.17296079038391737,0.31548701669247997,0.15772092772990964,0.47044994212962965,0,False,3,0,0,0,0,109,796,411,811,0,171,341,372,19,446,7,74,228,356,433,854,837,381,117,853,507,842,17,471,0.10232683981465825,0.12395190080950648,0.13325675475791515,0.11554887716634459,0.09976629502929978,0.13597305559201478,0.14277368551308597,0.13766307637586814,0.14277368551308597,0.12976422920055794,0.1100200557992515,0.11227675551386578,0.10702156705340601,0.12510830350038774,0.17296079038391737,0.17296079038391737,0.09991965677806096,0.13229665262278245,0.11027621935628654,0.12510830350038774,0.12687909727133548,0.13325675475791515,0.09991965677806096,0.16104139036086104,0.1667102034036351,0.36586741590042005,0.4187117979087184,0.2958442677522719,0.15772092772990964,0.3548568913966049,0.4312457802854938,0.3015949968484239,0.4312457802854938,0.35223335646362025,0.18646504470429054,0.24653983410493824,0.22774407587805778,0.2474021012341441,0.415502392106477,0.415502392106477,0.22337962962962962,0.47044994212962965,0.25188882458847733,0.2474021012341441,0.35892297145597557,0.4187117979087184,0.22337962962962962,0.3623662459343385
37,24,0.12951907161867068,0.09976629502929978,0.17296079038391737,0.3218816956233576,0.15281768645333216,0.4312457802854938,0,False,3,0,0,0,0,109,796,411,811,0,171,341,372,19,446,7,74,228,356,433,854,889,381,117,853,507,842,837,471,0.10142410044140027,0.13325675475791515,0.13325675475791515,0.11554887716634459,0.09976629502929978,0.13597305559201478,0.14277368551308597,0.13766307637586814,0.14277368551308597,0.12976422920055794,0.1100200557992515,0.11227675551386578,0.10702156705340601,0.12683914775160435,0.17296079038391737,0.17296079038391737,0.13325675475791515,0.14277368551308597,0.11194245467508451,0.12510830350038774,0.12687909727133548,0.13325675475791515,0.09991965677806096,0.16104139036086104,0.15281768645333216,0.4187117979087184,0.4187117979087184,0.2958442677522719,0.15772092772990964,0.3548568913966049,0.4312457802854938,0.3015949968484239,0.4312457802854938,0.35223335646362025,0.18646504470429054,0.24653983410493824,0.22774407587805778,0.2267852594646321,0.415502392106477,0.415502392106477,0.4187117979087184,0.4312457802854938,0.23089808920610422,0.2474021012341441,0.35892297145597557,0.4187117979087184,0.22337962962962962,0.3623662459343385
38,24,0.12951907161867068,0.09976629502929978,0.17296079038391737,0.3218816956233576,0.15281768645333216,0.4312457802854938,0,False,3,0,0,0,0,109,796,411,811,0,171,341,372,19,446,7,74,228,356,433,854,889,381,117,853,507,842,837,471,0.10142410044140027,0.13325675475791515,0.13325675475791515,0.11554887716634459,0.09976629502929978,0.13597305559201478,0.14277368551308597,0.13766307637586814,0.14277368551308597,0.12976422920055794,0.1100200557992515,0.11227675551386578,0.10702156705340601,0.12683914775160435,0.17296079038391737,0.17296079038391737,0.13325675475791515,0.14277368551308597,0.11194245467508451,0.12510830350038774,0.12687909727133548,0.13325675475791515,0.09991965677806096,0.16104139036086104,0.15281768645333216,0.4187117979087184,0.4187117979087184,0.2958442677522719,0.15772092772990964,0.3548568913966049,0.4312457802854938,0.3015949968484239,0.4312457802854938,0.35223335646362025,0.18646504470429054,0.24653983410493824,0.22774407587805778,0.2267852594646321,0.415502392106477,0.415502392106477,0.4187117979087184,0.4312457802854938,0.23089808920610422,0.2474021012341441,0.35892297145597557,0.4187117979087184,0.22337962962962962,0.3623662459343385
39,24,0.13038796105034292,0.09976629502929978,0.17296079038391737,0.3172839701410903,0.15281768645333216,0.4312457802854938,0,False,3,0,0,0,0,109,796,411,811,0,171,341,372,19,446,7,74,228,356,433,854,889,381,117,853,507,842,837,471,0.10142410044140027,0.13325675475791515,0.13325675475791515,0.11554887716634459,0.09976629502929978,0.13597305559201478,0.14277368551308597,0.13766307637586814,0.1523977609012376,0.12976422920055794,0.1100200557992515,0.11227675551386578,0.10702156705340601,0.12785349604951102,0.17296079038391737,0.17296079038391737,0.13325675475791515,0.14277368551308597,0.11194245467508451,0.12683914775160435,0.12687909727133548,0.1417408331807741,0.09991965677806096,0.16104139036086104,0.15281768645333216,0.4187117979087184,0.4187117979087184,0.2958442677522719,0.15772092772990964,0.3548568913966049,0.4312457802854938,0.3015949968484239,0.3953086319283693,0.35223335646362025,0.18646504470429054,0.24653983410493824,0.22774407587805778,0.2078864878425794,0.415502392106477,0.415502392106477,0.4187117979087184,0.4312457802854938,0.23089808920610422,0.2267852594646321,0.35892297145597557,0.38381914808299183,0.22337962962962962,0.3623662459343385
40,24,0.1309586766843184,0.09976629502929978,0.17296079038391737,0.3140767170569187,0.15281768645333216,0.4312457802854938,0,False,3,0,0,0,0,109,796,411,811,0,171,341,372,19,446,7,74,228,356,433,854,889,381,117,853,507,842,837,471,0.10142410044140027,0.13325675475791515,0.13325675475791515,0.11554887716634459,0.09976629502929978,0.13597305559201478,0.14277368551308597,0.14170227383374992,0.16104139036086104,0.12976422920055794,0.1100200557992515,0.11227675551386578,0.10702156705340601,0.12785349604951102,0.17296079038391737,0.17296079038391737,0.13325675475791515,0.14277368551308597,0.11194245467508451,0.12785349604951102,0.12687909727133548,0.1417408331807741,0.09991965677806096,0.16104139036086104,0.15281768645333216,0.4187117979087184,0.4187117979087184,0.2958442677522719,0.15772092772990964,0.3548568913966049,0.4312457802854938,0.2764620804443886,0.3623662459343385,0.35223335646362025,0.18646504470429054,0.24653983410493824,0.22774407587805778,0.2078864878425794,0.415502392106477,0.415502392106477,0.4187117979087184,0.4312457802854938,0.23089808920610422,0.2078864878425794,0.35892297145597557,0.38381914808299183,0.22337962962962962,0.3623662459343385
41,24,0.13098616550912232,0.09976629502929978,0.17296079038391737,0.3126275395086187,0.15281768645333216,0.4312457802854938,0,False,3,0,0,0,0,109,796,411,811,0,171,341,372,19,446,7,74,228,356,433,854,889,381,117,853,507,842,837,471,0.10142410044140027,0.13325675475791515,0.13325675475791515,0.11554887716634459,0.09976629502929978,0.13597305559201478,0.14277368551308597,0.14170227383374992,0.16104139036086104,0.12976422920055794,0.10965450912007262,0.11227675551386578,0.10702156705340601,0.12785349604951102,0.17296079038391737,0.17296079038391737,0.13325675475791515,0.14277368551308597,0.11296773314955653,0.12785349604951102,0.12687909727133548,0.1417408331807741,0.09991965677806096,0.16104139036086104,0.15281768645333216,0.4187117979087184,0.4187117979087184,0.2958442677522719,0.15772092772990964,0.3548568913966049,0.4312457802854938,0.2764620804443886,0.3623662459343385,0.35223335646362025,0.170926290978933,0.24653983410493824,0.22774407587805778,0.2078864878425794,0.415502392106477,0.415502392106477,0.4187117979087184,0.4312457802854938,0.21165658177226218,0.2078864878425794,0.35892297145597557,0.38381914808299183,0.22337962962962962,0.3623662459343385
42,24,0.1311859535322318,0.09976629502929978,0.17296079038391737,0.31651703794683833,0.15668243339735524,0.4312457802854938,0,False,3,0,0,0,0,109,796,411,811,0,171,341,372,19,1011,1008,446,7,74,228,356,433,854,889,381,117,853,842,471,0.10272148013516706,0.13325675475791515,0.13325675475791515,0.12181028759743054,0.09976629502929978,0.13597305559201478,0.14277368551308597,0.14170227383374992,0.16104139036086104,0.12181028759743054,0.10272148013516706,0.12976422920055794,0.10881554807265409,0.11227675551386578,0.10702156705340601,0.12785349604951102,0.17296079038391737,0.17296079038391737,0.13325675475791515,0.14277368551308597,0.11296773314955653,0.12819556584350408,0.1417408331807741,0.16104139036086104,0.22341621258222114,0.4187117979087184,0.4187117979087184,0.35452391210624923,0.15772092772990964,0.3548568913966049,0.4312457802854938,0.2764620804443886,0.3623662459343385,0.35452391210624923,0.22341621258222114,0.35223335646362025,0.15668243339735524,0.24653983410493824,0.22774407587805778,0.2078864878425794,0.415502392106477,0.415502392106477,0.4187117979087184,0.4312457802854938,0.21165658177226218,0.19056261385569778,0.38381914808299183,0.3623662459343385
43,24,0.1316045365349549,0.09976629502929978,0.17296079038391737,0.31428473807858226,0.15668243339735524,0.4312457802854938,0,False,3,0,0,0,0,109,796,411,811,0,171,341,372,19,1011,1008,446,7,74,228,356,433,854,889,381,117,853,842,471,0.10272148013516706,0.13325675475791515,0.13325675475791515,0.12181028759743054,0.09976629502929978,0.13597305559201478,0.1523977609012376,0.14170227383374992,0.16104139036086104,0.12181028759743054,0.10272148013516706,0.12976422920055794,0.10881554807265409,0.11227675551386578,0.10702156705340601,0.12785349604951102,0.17296079038391737,0.17296079038391737,0.13325675475791515,0.14277368551308597,0.11338964982675916,0.12819556584350408,0.1417408331807741,0.16104139036086104,0.22341621258222114,0.4187117979087184,0.4187117979087184,0.35452391210624923,0.15772092772990964,0.3548568913966049,0.3953086319283693,0.2764620804443886,0.3623662459343385,0.35452391210624923,0.22341621258222114,0.35223335646362025,0.15668243339735524,0.24653983410493824,0.22774407587805778,0.2078864878425794,0.415502392106477,0.415502392106477,0.4187117979087184,0.4312457802854938,0.19401853329124033,0.19056261385569778,0.38381914808299183,0.3623662459343385
44,24,0.13110135589892288,0.09976629502929978,0.17296079038391737,0.30776283396999066,0.15668243339735524,0.4351675524094092,0,False,3,0,0,0,0,109,796,411,811,0,171,341,1077,1011,1008,446,7,372,19,381,1078,117,853,74,228,356,433,889,471,0.10344529475779397,0.1417408331807741,0.13325675475791515,0.12181028759743054,0.09976629502929978,0.13597305559201478,0.1523977609012376,0.13121530715033408,0.12725701490480001,0.10344529475779397,0.12976422920055794,0.10881554807265409,0.14170227383374992,0.16104139036086104,0.14277368551308597,0.1531491953519991,0.11325225934203637,0.13121530715033408,0.11227675551386578,0.10702156705340601,0.12785349604951102,0.17296079038391737,0.13325675475791515,0.16104139036086104,0.20479819486703604,0.38381914808299183,0.4187117979087184,0.35452391210624923,0.15772092772990964,0.3548568913966049,0.3953086319283693,0.258015729367723,0.3249802527640618,0.20479819486703604,0.35223335646362025,0.15668243339735524,0.2764620804443886,0.3623662459343385,0.4312457802854938,0.4351675524094092,0.17785032218363697,0.258015729367723,0.24653983410493824,0.22774407587805778,0.2078864878425794,0.415502392106477,0.4187117979087184,0.3623662459343385
45,24,0.1311649323348362,0.09976629502929978,0.17296079038391737,0.30690679287934847,0.15668243339735524,0.4351675524094092,0,False,3,0,0,0,0,109,796,411,811,0,171,341,1077,1011,1008,446,7,372,19,381,1078,117,853,74,228,356,433,889,471,0.10344529475779397,0.1417408331807741,0.13325675475791515,0.12181028759743054,0.09976629502929978,0.13597305559201478,0.1523977609012376,0.13121530715033408,0.12725701490480001,0.10344529475779397,0.12976422920055794,0.10881554807265409,0.14170227383374992,0.16104139036086104,0.14277368551308597,0.1531491953519991,0.11325225934203637,0.13121530715033408,0.11380258997578568,0.10702156705340601,0.12785349604951102,0.17296079038391737,0.13325675475791515,0.16104139036086104,0.20479819486703604,0.38381914808299183,0.4187117979087184,0.35452391210624923,0.15772092772990964,0.3548568913966049,0.3953086319283693,0.258015729367723,0.3249802527640618,0.20479819486703604,0.35223335646362025,0.15668243339735524,0.2764620804443886,0.3623662459343385,0.4312457802854938,0.4351675524094092,0.17785032218363697,0.258015729367723,0.2259948479295267,0.22774407587805778,0.2078864878425794,0.415502392106477,0.4187117979087184,0.3623662459343385
46,24,0.1307515113619076,0.09976629502929978,0.17296079038391737,0.30939752061707765,0.15772092772990964,0.4351675524094092,0,False,3,0,0,0,0,109,796,411,811,0,171,341,1077,1011,1008,446,7,1115,372,19,381,1078,117,853,74,228,433,889,471,0.10344529475779397,0.1417408331807741,0.13325675475791515,0.12181028759743054,0.09976629502929978,0.14206631798140615,0.1523977609012376,0.13121530715033408,0.12725701490480001,0.10344529475779397,0.12976422920055794,0.11032683919124381,0.11032683919124381,0.14170227383374992,0.16104139036086104,0.14277368551308597,0.1531491953519991,0.11325225934203637,0.13121530715033408,0.11380258997578568,0.10702156705340601,0.17296079038391737,0.13325675475791515,0.16104139036086104,0.20479819486703604,0.38381914808299183,0.4187117979087184,0.35452391210624923,0.15772092772990964,0.32528548378022115,0.3953086319283693,0.258015729367723,0.3249802527640618,0.20479819486703604,0.35223335646362025,0.22695889728090898,0.22695889728090898,0.2764620804443886,0.3623662459343385,0.4312457802854938,0.4351675524094092,0.17785032218363697,0.258015729367723,0.2259948479295267,0.22774407587805778,0.415502392106477,0.4187117979087184,0.3623662459343385
47,24,0.13070447739426538,0.09863747980588627,0.17296079038391737,0.3088498785069044,0.1445775170857505,0.4351675524094092,0,False,3,0,0,0,0,109,796,411,811,0,171,341,1077,1011,1008,446,7,1115,372,19,381,1078,117,853,74,228,433,889,471,0.10344529475779397,0.1417408331807741,0.13325675475791515,0.12181028759743054,0.09863747980588627,0.14206631798140615,0.1523977609012376,0.13121530715033408,0.12725701490480001,0.10344529475779397,0.12976422920055794,0.11032683919124381,0.11032683919124381,0.14170227383374992,0.16104139036086104,0.14277368551308597,0.1531491953519991,0.11325225934203637,0.13121530715033408,0.11380258997578568,0.10702156705340601,0.17296079038391737,0.13325675475791515,0.16104139036086104,0.20479819486703604,0.38381914808299183,0.4187117979087184,0.35452391210624923,0.1445775170857505,0.32528548378022115,0.3953086319283693,0.258015729367723,0.3249802527640618,0.20479819486703604,0.35223335646362025,0.22695889728090898,0.22695889728090898,0.2764620804443886,0.3623662459343385,0.4312457802854938,0.4351675524094092,0.17785032218363697,0.258015729367723,0.2259948479295267,0.22774407587805778,0.415502392106477,0.4187117979087184,0.3623662459343385
48,24,0.1288219147095749,0.09863747980588627,0.16104139036086104,0.30337801116299873,0.1445775170857505,0.4351675524094092,0,False,3,0,0,0,0,109,796,411,811,0,171,341,1077,1011,1008,446,7,1115,372,19,381,1078,117,853,74,1163,889,471,228,0.10344529475779397,0.1417408331807741,0.13325675475791515,0.12181028759743054,0.09863747980588627,0.14206631798140615,0.1523977609012376,0.1334267020936211,0.13185169745411182,0.10344529475779397,0.12976422920055794,0.11408275875876515,0.11032683919124381,0.14483680396621054,0.16104139036086104,0.14277368551308597,0.1531491953519991,0.11325225934203637,0.13121530715033408,0.11380258997578568,0.11408275875876515,0.13325675475791515,0.16104139036086104,0.10702156705340601,0.20479819486703604,0.38381914808299183,0.4187117979087184,0.35452391210624923,0.1445775170857505,0.32528548378022115,0.3953086319283693,0.2365144185870794,0.2978985650337233,0.20479819486703604,0.35223335646362025,0.2913789891741666,0.22695889728090898,0.2534235737406895,0.3623662459343385,0.4312457802854938,0.4351675524094092,0.17785032218363697,0.258015729367723,0.2259948479295267,0.2913789891741666,0.4187117979087184,0.3623662459343385,0.22774407587805778
49,24,0.12892284094461204,0.09716308400626904,0.16104139036086104,0.3010734952527974,0.13252939066193795,0.4351675524094092,0,False,3,0,0,0,0,109,796,411,811,0,171,341,1077,1011,1008,446,7,1115,372,19,381,1078,117,853,74,1163,889,471,228,0.10344529475779397,0.1417408331807741,0.13325675475791515,0.12181028759743054,0.09716308400626904,0.14206631798140615,0.1523977609012376,0.1334267020936211,0.13185169745411182,0.10344529475779397,0.12976422920055794,0.11709454436632824,0.11032683919124381,0.14483680396621054,0.16104139036086104,0.14277368551308597,0.1531491953519991,0.11325225934203637,0.13121530715033408,0.11380258997578568,0.11408275875876515,0.13325675475791515,0.16104139036086104,0.10790640688635116,0.20479819486703604,0.38381914808299183,0.4187117979087184,0.35452391210624923,0.13252939066193795,0.32528548378022115,0.3953086319283693,0.2365144185870794,0.2978985650337233,0.20479819486703604,0.35223335646362025,0.26709740674298604,0.22695889728090898,0.2534235737406895,0.3623662459343385,0.4312457802854938,0.4351675524094092,0.17785032218363697,0.258015729367723,0.2259948479295267,0.2913789891741666,0.4187117979087184,0.3623662459343385,0.20876540288821963
50,24,0.12981161171379285,0.09716308400626904,0.16104139036086104,0.2963477753156139,0.13252939066193795,0.4351675524094092,0,False,3,0,0,0,0,109,796,411,811,0,171,341,1077,1011,1008,446,7,1115,372,19,381,1078,117,853,74,1163,889,471,228,0.10344529475779397,0.14929879243223126,0.13325675475791515,0.12181028759743054,0.09716308400626904,0.14206631798140615,0.1523977609012376,0.1334267020936211,0.13185169745411182,0.10344529475779397,0.12976422920055794,0.11937121954478913,0.11032683919124381,0.14483680396621054,0.16104139036086104,0.14277368551308597,0.1531491953519991,0.11325225934203637,0.13121530715033408,0.11380258997578568,0.11709454436632824,0.1417408331807741,0.16104139036086104,0.10790640688635116,0.20479819486703604,0.3518342190760758,0.4187117979087184,0.35452391210624923,0.13252939066193795,0.32528548378022115,0.3953086319283693,0.2365144185870794,0.2978985650337233,0.20479819486703604,0.35223335646362025,0.24483928951440387,0.22695889728090898,0.2534235737406895,0.3623662459343385,0.4312457802854938,0.4351675524094092,0.17785032218363697,0.258015729367723,0.2259948479295267,0.26709740674298604,0.38381914808299183,0.3623662459343385,0.20876540288821963
51,24,0.13081902934654235,0.09716308400626904,0.16861229393397567,0.291563915758553,0.13252939066193795,0.4351675524094092,0,False,3,0,0,0,0,109,796,411,811,0,171,341,1077,1011,1008,446,7,1115,372,19,381,1078,117,853,74,1163,889,471,228,0.10344529475779397,0.15585720248283236,0.1417408331807741,0.12181028759743054,0.09716308400626904,0.14206631798140615,0.1523977609012376,0.1334267020936211,0.13185169745411182,0.10344529475779397,0.12976422920055794,0.12093585068420241,0.11032683919124381,0.14483680396621054,0.16861229393397567,0.14277368551308597,0.1531491953519991,0.11325225934203637,0.13121530715033408,0.11380258997578568,0.11709454436632824,0.1417408331807741,0.16104139036086104,0.10790640688635116,0.20479819486703604,0.32251470081973616,0.38381914808299183,0.35452391210624923,0.13252939066193795,0.32528548378022115,0.3953086319283693,0.2365144185870794,0.2978985650337233,0.20479819486703604,0.35223335646362025,0.22443601538820354,0.22695889728090898,0.2534235737406895,0.3321690587731436,0.4312457802854938,0.4351675524094092,0.17785032218363697,0.258015729367723,0.2259948479295267,0.26709740674298604,0.38381914808299183,0.3623662459343385,0.20876540288821963
52,24,0.1312277630375044,0.09716308400626904,0.16861229393397567,0.28935126741888745,0.13252939066193795,0.4351675524094092,0,False,3,0,0,0,0,109,796,411,811,0,171,341,1077,1011,1008,446,7,1115,372,19,381,1078,117,853,74,1163,889,471,228,0.10344529475779397,0.15585720248283236,0.1417408331807741,0.12181028759743054,0.09716308400626904,0.14206631798140615,0.1523977609012376,0.1334267020936211,0.13185169745411182,0.10344529475779397,0.12976422920055794,0.12093585068420241,0.11032683919124381,0.14708845329784292,0.16861229393397567,0.14277368551308597,0.1531491953519991,0.11325225934203637,0.13121530715033408,0.11380258997578568,0.11709454436632824,0.14929879243223126,0.16104139036086104,0.10790640688635116,0.20479819486703604,0.32251470081973616,0.38381914808299183,0.35452391210624923,0.13252939066193795,0.32528548378022115,0.3953086319283693,0.2365144185870794,0.2978985650337233,0.20479819486703604,0.35223335646362025,0.22443601538820354,0.22695889728090898,0.23230494259563206,0.3321690587731436,0.4312457802854938,0.4351675524094092,0.17785032218363697,0.258015729367723,0.2259948479295267,0.26709740674298604,0.3518342190760758,0.3623662459343385,0.20876540288821963
53,24,0.13161914483196735,0.09716308400626904,0.1750522495053017,0.28446044240027396,0.13252939066193795,0.4351675524094092,0,False,3,0,0,0,0,109,796,411,811,0,171,341,1077,1011,1008,446,7,1115,372,19,381,1078,117,853,74,1163,889,471,228,0.10344529475779397,0.15585720248283236,0.1417408331807741,0.12181028759743054,0.09716308400626904,0.14206631798140615,0.1523977609012376,0.1334267020936211,0.13185169745411182,0.10363237921813083,0.12976422920055794,0.12093585068420241,0.11121454527314864,0.14708845329784292,0.1750522495053017,0.14277368551308597,0.1531491953519991,0.11260394115645,0.1334267020936211,0.11380258997578568,0.11709454436632824,0.14929879243223126,0.16104139036086104,0.10822174708219288,0.20479819486703604,0.32251470081973616,0.38381914808299183,0.35452391210624923,0.13252939066193795,0.32528548378022115,0.3953086319283693,0.2365144185870794,0.2978985650337233,0.18773167862811638,0.35223335646362025,0.22443601538820354,0.20804565584083323,0.23230494259563206,0.3044883038753816,0.4312457802854938,0.4351675524094092,0.1630294620016672,0.2365144185870794,0.2259948479295267,0.26709740674298604,0.3518342190760758,0.3623662459343385,0.19136828598086797
54,24,0.13583698583470527,0.09716308400626904,0.1750522495053017,0.28969494332928436,0.13252939066193795,0.4351675524094092,0,False,3,0,0,0,0,109,796,411,811,0,171,341,1077,1011,1008,446,7,1115,372,19,381,1078,117,853,74,1163,889,1318,471,0.10344529475779397,0.16137303015959278,0.14929879243223126,0.12725701490480001,0.09716308400626904,0.14206631798140615,0.1523977609012376,0.1334267020936211,0.13557993772791682,0.10363237921813083,0.12976422920055794,0.1218228030903586,0.11121454527314864,0.14708845329784292,0.1750522495053017,0.14277368551308597,0.1531491953519991,0.11260394115645,0.13486073591900252,0.11380258997578568,0.11709454436632824,0.14929879243223126,0.17296079038391737,0.17296079038391737,0.20479819486703604,0.2956384757514248,0.3518342190760758,0.3249802527640618,0.13252939066193795,0.32528548378022115,0.3953086319283693,0.2365144185870794,0.27307368461424636,0.18773167862811638,0.35223335646362025,0.20573301410585323,0.20804565584083323,0.23230494259563206,0.3044883038753816,0.4312457802854938,0.4351675524094092,0.1630294620016672,0.21680488370482276,0.2259948479295267,0.26709740674298604,0.3518342190760758,0.415502392106477,0.415502392106477
55,24,0.13432608425191978,0.09716308400626904,0.1750522495053017,0.28622322564800723,0.13252939066193795,0.4351675524094092,0,False,3,0,0,0,0,109,796,411,811,0,171,341,1077,1341,1011,1008,446,7,1115,372,19,381,1078,117,853,1339,74,1163,471,0.10344529475779397,0.16137303015959278,0.14929879243223126,0.12725701490480001,0.09716308400626904,0.14206631798140615,0.1523977609012376,0.1334267020936211,0.159876746229505,0.13557993772791682,0.10363237921813083,0.12976422920055794,0.12207508338249483,0.11121454527314864,0.14849413566902028,0.1750522495053017,0.14277368551308597,0.1531491953519991,0.11260394115645,0.13555975597482042,0.11764506533899231,0.11764506533899231,0.11937121954478913,0.17296079038391737,0.20479819486703604,0.2956384757514248,0.3518342190760758,0.3249802527640618,0.13252939066193795,0.32528548378022115,0.3953086319283693,0.2365144185870794,0.40584803415306947,0.27307368461424636,0.18773167862811638,0.35223335646362025,0.18858859626369878,0.20804565584083323,0.21294619737932938,0.3044883038753816,0.4312457802854938,0.4351675524094092,0.1630294620016672,0.19873781006275418,0.2904952772687328,0.2904952772687328,0.24483928951440387,0.415502392106477
56,24,0.1346862354794041,0.09716308400626904,0.1750522495053017,0.28485062623158924,0.13252939066193795,0.4351675524094092,0,False,3,0,0,0,0,109,796,411,811,0,171,341,1077,1341,1011,1008,446,7,1115,372,19,381,1078,117,853,1339,74,1163,471,0.10344529475779397,0.16137303015959278,0.14929879243223126,0.12725701490480001,0.09716308400626904,0.14206631798140615,0.16104139036086104,0.1334267020936211,0.159876746229505,0.13557993772791682,0.10363237921813083,0.12976422920055794,0.12207508338249483,0.11121454527314864,0.14849413566902028,0.1750522495053017,0.14277368551308597,0.1531491953519991,0.11260394115645,0.13555975597482042,0.11764506533899231,0.11764506533899231,0.11937121954478913,0.17296079038391737,0.20479819486703604,0.2956384757514248,0.3518342190760758,0.3249802527640618,0.13252939066193795,0.32528548378022115,0.3623662459343385,0.2365144185870794,0.40584803415306947,0.27307368461424636,0.18773167862811638,0.35223335646362025,0.18858859626369878,0.20804565584083323,0.21294619737932938,0.3044883038753816,0.4312457802854938,0.4351675524094092,0.1630294620016672,0.19873781006275418,0.2904952772687328,0.2904952772687328,0.24483928951440387,0.415502392106477
57,24,0.13490577393504158,0.09538828672176587,0.1750522495053017,0.28029317883828875,0.1214852747734431,0.4351675524094092,0,False,3,0,0,0,0,109,796,411,811,0,171,341,1077,1341,1011,1008,446,7,1115,372,19,381,1078,117,853,1339,74,1163,471,0.10363237921813083,0.16137303015959278,0.14929879243223126,0.12725701490480001,0.09538828672176587,0.14206631798140615,0.16104139036086104,0.13486073591900252,0.159876746229505,0.13557993772791682,0.10332470638544437,0.13547966845687393,0.12207508338249483,0.11121454527314864,0.14849413566902028,0.1750522495053017,0.14277368551308597,0.1531491953519991,0.11260394115645,0.1355745914852759,0.11764506533899231,0.11764506533899231,0.11937121954478913,0.17296079038391737,0.18773167862811638,0.2956384757514248,0.3518342190760758,0.3249802527640618,0.1214852747734431,0.32528548378022115,0.3623662459343385,0.21680488370482276,0.40584803415306947,0.27307368461424636,0.17208737207577335,0.32288057675831855,0.18858859626369878,0.20804565584083323,0.21294619737932938,0.3044883038753816,0.4312457802854938,0.4351675524094092,0.1630294620016672,0.182176325890858,0.2904952772687328,0.2904952772687328,0.24483928951440387,0.415502392106477
58,24,0.13543239919195363,0.09538828672176587,0.1750522495053017,0.2765033669122749,0.1214852747734431,0.4351675524094092,0,False,3,0,0,0,0,109,796,411,811,0,171,341,1077,1341,1011,1008,446,7,1115,372,19,381,1078,117,853,1339,74,1163,471,0.10363237921813083,0.16137303015959278,0.14929879243223126,0.12725701490480001,0.09538828672176587,0.14206631798140615,0.16104139036086104,0.13486073591900252,0.16944402814209092,0.13557993772791682,0.10332470638544437,0.13547966845687393,0.12207508338249483,0.11121454527314864,0.149102585744313,0.1750522495053017,0.14277368551308597,0.1531491953519991,0.11260394115645,0.13496191984072098,0.11764506533899231,0.12072101116155737,0.11937121954478913,0.17296079038391737,0.18773167862811638,0.2956384757514248,0.3518342190760758,0.3249802527640618,0.1214852747734431,0.32528548378022115,0.3623662459343385,0.21680488370482276,0.37202736464031366,0.27307368461424636,0.17208737207577335,0.32288057675831855,0.18858859626369878,0.20804565584083323,0.19520068093105192,0.3044883038753816,0.4312457802854938,0.4351675524094092,0.1630294620016672,0.16699496539995315,0.2904952772687328,0.26628733749633837,0.24483928951440387,0.415502392106477
59,24,0.13591785096365125,0.09538828672176587,0.18033457234934225,0.2721006394656879,0.1214852747734431,0.4351675524094092,0,False,3,0,0,0,0,109,796,411,811,0,171,341,1077,1341,1011,1008,446,7,1115,372,19,381,1078,117,853,1339,74,1163,471,0.10332470638544437,0.16137303015959278,0.14929879243223126,0.12725701490480001,0.09538828672176587,0.14206631798140615,0.16104139036086104,0.13486073591900252,0.16944402814209092,0.13557993772791682,0.10332470638544437,0.14028870573650484,0.12207508338249483,0.1115170693634933,0.149102585744313,0.18033457234934225,0.14277368551308597,0.1531491953519991,0.11260394115645,0.13496191984072098,0.11764506533899231,0.12072101116155737,0.12093585068420241,0.17296079038391737,0.17208737207577335,0.2956384757514248,0.3518342190760758,0.3249802527640618,0.1214852747734431,0.32528548378022115,0.3623662459343385,0.21680488370482276,0.37202736464031366,0.27307368461424636,0.17208737207577335,0.29597386202845866,0.18858859626369878,0.19070851785409712,0.19520068093105192,0.27911427855243315,0.4312457802854938,0.4351675524094092,0.1630294620016672,0.16699496539995315,0.2904952772687328,0.26628733749633837,0.22443601538820354,0.415502392106477
60,24,0.13620353589783232,0.09538828672176587,0.18033457234934225,0.2680252886163293,0.1214852747734431,0.4351675524094092,0,False,3,0,0,0,0,109,796,411,811,0,171,341,1077,1341,1011,1008,446,7,1115,372,19,381,1078,117,853,1339,74,1163,471,0.10332470638544437,0.16137303015959278,0.14929879243223126,0.12725701490480001,0.09538828672176587,0.14206631798140615,0.16104139036086104,0.13486073591900252,0.16944402814209092,0.13557993772791682,0.10256752491890457,0.14417776448946243,0.12207508338249483,0.11127873226870051,0.149102585744313,0.18033457234934225,0.14277368551308597,0.1531491953519991,0.11260394115645,0.13496191984072098,0.12072101116155737,0.12072101116155737,0.1218228030903586,0.17296079038391737,0.17208737207577335,0.2956384757514248,0.3518342190760758,0.3249802527640618,0.1214852747734431,0.32528548378022115,0.3623662459343385,0.21680488370482276,0.37202736464031366,0.27307368461424636,0.15774675773612556,0.2713093735260871,0.18858859626369878,0.17481614136625567,0.19520068093105192,0.27911427855243315,0.4312457802854938,0.4351675524094092,0.1630294620016672,0.16699496539995315,0.26628733749633837,0.26628733749633837,0.20573301410585323,0.415502392106477
61,24,0.13685628898400928,0.09335667385354421,0.18033457234934225,0.26144673856326084,0.11136150187565617,0.4351675524094092,0,False,3,0,0,0,0,109,796,411,811,0,171,341,1077,1341,1011,1008,446,7,1115,372,19,381,1078,117,853,1339,74,1163,471,0.10256752491890457,0.16583100606912277,0.14929879243223126,0.12725701490480001,0.09335667385354421,0.14720828306665174,0.16104139036086104,0.13486073591900252,0.17789068071885644,0.13557993772791682,0.10256752491890457,0.14417776448946243,0.12207508338249483,0.11054772254843322,0.149102585744313,0.18033457234934225,0.14277368551308597,0.1531491953519991,0.11260394115645,0.1337819399520621,0.12072101116155737,0.12304027560195115,0.1218228030903586,0.17296079038391737,0.15774675773612556,0.27100193610547274,0.3518342190760758,0.3249802527640618,0.11136150187565617,0.2981783601318694,0.3623662459343385,0.21680488370482276,0.3410250842536208,0.27307368461424636,0.15774675773612556,0.2713093735260871,0.18858859626369878,0.16024812958573437,0.19520068093105192,0.27911427855243315,0.4312457802854938,0.4351675524094092,0.1630294620016672,0.1530787182832904,0.26628733749633837,0.24409672603831017,0.20573301410585323,0.415502392106477
62,24,0.13702273607358856,0.09335667385354421,0.18446064734501524,0.2597998116206099,0.11136150187565617,0.4351675524094092,0,False,3,0,0,0,0,109,796,411,811,0,171,341,1077,1341,1011,1008,446,7,1115,372,19,381,1078,117,853,1339,74,1163,471,0.10256752491890457,0.16583100606912277,0.14929879243223126,0.12725701490480001,0.09335667385354421,0.14720828306665174,0.16104139036086104,0.13486073591900252,0.17789068071885644,0.13557993772791682,0.10256752491890457,0.14417776448946243,0.12207508338249483,0.11054772254843322,0.14897124089854208,0.18446064734501524,0.14277368551308597,0.1531491953519991,0.11260394115645,0.1337819399520621,0.12072101116155737,0.12304027560195115,0.1218228030903586,0.17296079038391737,0.15774675773612556,0.27100193610547274,0.3518342190760758,0.3249802527640618,0.11136150187565617,0.2981783601318694,0.3623662459343385,0.21680488370482276,0.3410250842536208,0.27307368461424636,0.15774675773612556,0.2713093735260871,0.18858859626369878,0.16024812958573437,0.17893395752013092,0.2558547553397304,0.4312457802854938,0.4351675524094092,0.1630294620016672,0.1530787182832904,0.26628733749633837,0.24409672603831017,0.20573301410585323,0.415502392106477
63,24,0.1396015274204548,0.09335667385354421,0.18446064734501524,0.2671173053346707,0.11136150187565617,0.4351675524094092,0,False,3,0,0,0,0,109,796,411,811,0,171,341,1077,1341,1011,1008,446,7,1115,372,19,381,1078,117,853,1518,74,1163,471,0.10140774857523101,0.16583100606912277,0.14929879243223126,0.12725701490480001,0.09335667385354421,0.14720828306665174,0.17296079038391737,0.13486073591900252,0.17789068071885644,0.13557993772791682,0.10256752491890457,0.14417776448946243,0.12207508338249483,0.11054772254843322,0.14897124089854208,0.18446064734501524,0.14277368551308597,0.1531491953519991,0.11149553057949718,0.1337819399520621,0.17296079038391737,0.12304027560195115,0.1218228030903586,0.17296079038391737,0.14460119459144843,0.27100193610547274,0.3518342190760758,0.3249802527640618,0.11136150187565617,0.2981783601318694,0.415502392106477,0.21680488370482276,0.3410250842536208,0.27307368461424636,0.15774675773612556,0.2713093735260871,0.18858859626369878,0.16024812958573437,0.17893395752013092,0.2558547553397304,0.4312457802854938,0.4351675524094092,0.14944367350152826,0.1530787182832904,0.415502392106477,0.24409672603831017,0.20573301410585323,0.415502392106477
64,24,0.13958764364488635,0.09335667385354421,0.18446064734501524,0.2664624838198662,0.11136150187565617,0.4351675524094092,0,False,3,0,0,0,0,109,796,411,811,0,171,341,1077,1341,1011,1008,446,7,1115,372,19,381,1078,117,853,1518,74,1163,471,0.10140774857523101,0.16583100606912277,0.14929879243223126,0.12725701490480001,0.09335667385354421,0.14720828306665174,0.17296079038391737,0.13486073591900252,0.17789068071885644,0.13557993772791682,0.10256752491890457,0.14417776448946243,0.12174187276885189,0.11054772254843322,0.14897124089854208,0.18446064734501524,0.14277368551308597,0.1531491953519991,0.11149553057949718,0.1337819399520621,0.17296079038391737,0.12304027560195115,0.1218228030903586,0.17296079038391737,0.14460119459144843,0.27100193610547274,0.3518342190760758,0.3249802527640618,0.11136150187565617,0.2981783601318694,0.415502392106477,0.21680488370482276,0.3410250842536208,0.27307368461424636,0.15774675773612556,0.2713093735260871,0.17287287990839054,0.16024812958573437,0.17893395752013092,0.2558547553397304,0.4312457802854938,0.4351675524094092,0.14944367350152826,0.1530787182832904,0.415502392106477,0.24409672603831017,0.20573301410585323,0.415502392106477
65,24,0.13949401617141013,0.09110961449011501,0.18446064734501524,0.2660758119383535,0.10208137671935148,0.4351675524094092,0,False,3,0,0,0,0,109,796,411,811,0,171,341,1077,1341,1011,1008,446,7,1115,372,19,381,1078,117,853,1518,74,1163,471,0.10140774857523101,0.16583100606912277,0.14929879243223126,0.12725701490480001,0.09110961449011501,0.14720828306665174,0.17296079038391737,0.13486073591900252,0.17789068071885644,0.13557993772791682,0.10256752491890457,0.14417776448946243,0.12174187276885189,0.11054772254843322,0.14897124089854208,0.18446064734501524,0.14277368551308597,0.1531491953519991,0.11149553057949718,0.1337819399520621,0.17296079038391737,0.12304027560195115,0.1218228030903586,0.17296079038391737,0.14460119459144843,0.27100193610547274,0.3518342190760758,0.3249802527640618,0.10208137671935148,0.2981783601318694,0.415502392106477,0.21680488370482276,0.3410250842536208,0.27307368461424636,0.15774675773612556,0.2713093735260871,0.17287287990839054,0.16024812958573437,0.17893395752013092,0.2558547553397304,0.4312457802854938,0.4351675524094092,0.14944367350152826,0.1530787182832904,0.415502392106477,0.24409672603831017,0.20573301410585323,0.415502392106477
66,24,0.1400716922295097,0.08868582058009875,0.18446064734501524,0.26089144889968346,0.0935745953260722,0.4351675524094092,0,False,3,0,0,0,0,109,796,411,811,0,171,341,1077,1341,1011,1008,446,7,1115,372,19,381,1078,117,853,1518,74,1163,471,0.10140774857523101,0.16583100606912277,0.14929879243223126,0.13185169745411182,0.08868582058009875,0.14720828306665174,0.17296079038391737,0.13486073591900252,0.17789068071885644,0.13557993772791682,0.10140774857523101,0.14715452190794187,0.12174187276885189,0.11054772254843322,0.14897124089854208,0.18446064734501524,0.1523977609012376,0.1531491953519991,0.11149553057949718,0.1337819399520621,0.17296079038391737,0.12304027560195115,0.12207508338249483,0.17296079038391737,0.14460119459144843,0.27100193610547274,0.3518342190760758,0.2978985650337233,0.0935745953260722,0.2981783601318694,0.415502392106477,0.21680488370482276,0.3410250842536208,0.27307368461424636,0.14460119459144843,0.24870025906557983,0.17287287990839054,0.16024812958573437,0.17893395752013092,0.2558547553397304,0.3953086319283693,0.4351675524094092,0.14944367350152826,0.1530787182832904,0.415502392106477,0.24409672603831017,0.18858859626369878,0.415502392106477
67,24,0.1418047843928992,0.08868582058009875,0.18446064734501524,0.257392544988007,0.0935745953260722,0.4351675524094092,0,False,3,0,0,0,0,109,796,411,811,0,171,341,1077,1341,1011,1008,446,7,1115,372,19,381,1078,117,853,1518,1627,1163,471,0.10140774857523101,0.16924025175348806,0.15585720248283236,0.13557993772791682,0.08868582058009875,0.14720828306665174,0.17296079038391737,0.13486073591900252,0.17789068071885644,0.13844758044418867,0.10140774857523101,0.14715452190794187,0.12174187276885189,0.11054772254843322,0.14897124089854208,0.18446064734501524,0.1523977609012376,0.1531491953519991,0.11149553057949718,0.1355031358869603,0.18380740736031498,0.1355031358869603,0.12207508338249483,0.17296079038391737,0.14460119459144843,0.24841844143001668,0.32251470081973616,0.27307368461424636,0.0935745953260722,0.2981783601318694,0.415502392106477,0.21680488370482276,0.3410250842536208,0.2503175442297258,0.14460119459144843,0.24870025906557983,0.17287287990839054,0.16024812958573437,0.17893395752013092,0.2558547553397304,0.3953086319283693,0.4351675524094092,0.14944367350152826,0.22365549175968286,0.38087719276427057,0.22365549175968286,0.18858859626369878,0.415502392106477
68,24,0.14117687133166903,0.08868582058009875,0.1934489851614157,0.2548514089122647,0.0935745953260722,0.415502392106477,0,False,3,0,0,0,0,109,796,411,811,0,171,341,1077,1341,1011,1008,446,1632,7,1115,372,19,381,1078,117,853,1518,1163,471,0.10246882798022652,0.16924025175348806,0.15585720248283236,0.13557993772791682,0.08868582058009875,0.14720828306665174,0.17296079038391737,0.13486073591900252,0.17789068071885644,0.13844758044418867,0.09989260631916307,0.14715452190794187,0.10246882798022652,0.12174187276885189,0.10937431310878665,0.14897124089854208,0.18446064734501524,0.1523977609012376,0.16365232887757558,0.10997873357992961,0.13646708828778,0.1934489851614157,0.12207508338249483,0.17296079038391737,0.2158844283754944,0.24841844143001668,0.32251470081973616,0.27307368461424636,0.0935745953260722,0.2981783601318694,0.415502392106477,0.21680488370482276,0.3410250842536208,0.2503175442297258,0.13255109504216106,0.24870025906557983,0.2158844283754944,0.17287287990839054,0.14689411878692316,0.17893395752013092,0.2558547553397304,0.3953086319283693,0.39890358970862505,0.13699003404306756,0.2050175341130426,0.34913742670058134,0.18858859626369878,0.415502392106477
69,24,0.13903524812115303,0.08868582058009875,0.1851436949037964,0.258766733235332,0.0935745953260722,0.415502392106477,0,False,4,0,0,0,0,1665,109,796,411,1668,811,0,171,341,1077,1341,1011,1008,446,1632,7,1115,372,19,381,1078,117,853,471,0.14410054293737515,0.10297340064855762,0.16924025175348806,0.15585720248283236,0.10562907572841872,0.13557993772791682,0.08868582058009875,0.14720828306665174,0.17296079038391737,0.13486073591900252,0.1851436949037964,0.14410054293737515,0.09989260631916307,0.14715452190794187,0.10562907572841872,0.12087631876425932,0.10780935799022145,0.14897124089854208,0.18446064734501524,0.1523977609012376,0.16365232887757558,0.10997873357992961,0.13672229314202025,0.17296079038391737,0.31279108221058194,0.1978940593442032,0.24841844143001668,0.32251470081973616,0.28122739267753655,0.27307368461424636,0.0935745953260722,0.2981783601318694,0.415502392106477,0.21680488370482276,0.31260632723248577,0.31279108221058194,0.13255109504216106,0.24870025906557983,0.28122739267753655,0.15846680658269133,0.13465294222134622,0.17893395752013092,0.2558547553397304,0.3953086319283693,0.39890358970862505,0.13699003404306756,0.1879327396036224,0.415502392106477
70,24,0.13965154863226784,0.08868582058009875,0.19116471027481974,0.2543092498629587,0.0935745953260722,0.415502392106477,0,False,4,0,0,0,0,1665,109,796,411,1668,811,0,171,341,1077,1341,1011,1008,446,1632,7,1115,372,19,381,1078,117,853,471,0.14410054293737515,0.10297340064855762,0.16924025175348806,0.15585720248283236,0.10562907572841872,0.13557993772791682,0.08868582058009875,0.14720828306665174,0.17296079038391737,0.13486073591900252,0.19116471027481974,0.14410054293737515,0.09806854729964792,0.14715452190794187,0.10810984847028547,0.11953362194692357,0.10780935799022145,0.14897124089854208,0.18446064734501524,0.1523977609012376,0.1731085088682919,0.10997873357992961,0.13672229314202025,0.17296079038391737,0.31279108221058194,0.1978940593442032,0.24841844143001668,0.32251470081973616,0.28122739267753655,0.27307368461424636,0.0935745953260722,0.2981783601318694,0.415502392106477,0.21680488370482276,0.2865557999631119,0.31279108221058194,0.1215051704553143,0.24870025906557983,0.25779177662107516,0.14526123936746704,0.13465294222134622,0.17893395752013092,0.2558547553397304,0.3953086319283693,0.36566162389957296,0.13699003404306756,0.1879327396036224,0.415502392106477
71,24,0.13742143903824774,0.08612106284089152,0.19116471027481974,0.2471355902488729,0.08577671238223285,0.415502392106477,0,False,4,0,0,0,0,1665,109,796,411,1668,811,0,171,341,1077,1341,1011,1008,446,1632,7,1115,372,19,1716,1078,117,853,471,0.14410054293737515,0.10297340064855762,0.16924025175348806,0.15585720248283236,0.10562907572841872,0.13557993772791682,0.08612106284089152,0.14720828306665174,0.17296079038391737,0.13486073591900252,0.19116471027481974,0.14410054293737515,0.0984557099634041,0.14715452190794187,0.10810984847028547,0.11953362194692357,0.10780935799022145,0.14897124089854208,0.1874558991855821,0.0984557099634041,0.1731085088682919,0.10997873357992961,0.1363240570582557,0.17296079038391737,0.31279108221058194,0.1978940593442032,0.24841844143001668,0.32251470081973616,0.28122739267753655,0.27307368461424636,0.08577671238223285,0.2981783601318694,0.415502392106477,0.21680488370482276,0.2865557999631119,0.31279108221058194,0.19471307291737144,0.24870025906557983,0.25779177662107516,0.14526123936746704,0.13465294222134622,0.17893395752013092,0.2345335257280862,0.19471307291737144,0.36566162389957296,0.13699003404306756,0.17227167796998719,0.415502392106477
72,24,0.13750163410620073,0.08612106284089152,0.19116471027481974,0.2442598330999415,0.08577671238223285,0.415502392106477,0,False,4,0,0,0,0,1665,109,796,411,1668,811,0,171,341,1077,1341,1011,1008,446,1632,7,1115,372,19,1716,1078,117,853,471,0.1487945031292489,0.10296033462515809,0.16924025175348806,0.15585720248283236,0.10562907572841872,0.13557993772791682,0.08612106284089152,0.14720828306665174,0.17296079038391737,0.13486073591900252,0.19116471027481974,0.14410054293737515,0.0984557099634041,0.14715452190794187,0.10810984847028547,0.11776942984520397,0.10780935799022145,0.14897124089854208,0.1874558991855821,0.0984557099634041,0.1731085088682919,0.10997873357992961,0.13533203662237256,0.17296079038391737,0.28672515869303344,0.18140288773218627,0.24841844143001668,0.32251470081973616,0.28122739267753655,0.27307368461424636,0.08577671238223285,0.2981783601318694,0.415502392106477,0.21680488370482276,0.2865557999631119,0.31279108221058194,0.19471307291737144,0.24870025906557983,0.25779177662107516,0.1331561360868448,0.13465294222134622,0.17893395752013092,0.2345335257280862,0.19471307291737144,0.36566162389957296,0.13699003404306756,0.1579157048058216,0.415502392106477
73,24,0.13662312414875932,0.08612106284089152,0.19116471027481974,0.23506894008205148,0.08577671238223285,0.38087719276427057,0,False,4,0,0,0,0,1665,109,796,411,1668,811,0,171,341,1077,1341,1011,1008,446,1774,1632,7,1115,372,19,1716,1078,117,853,0.1487945031292489,0.10247284769052095,0.17163050222576415,0.15585720248283236,0.10562907572841872,0.13557993772791682,0.08612106284089152,0.14720828306665174,0.18380740736031498,0.13486073591900252,0.19116471027481974,0.14410054293737515,0.0984557099634041,0.14715452190794187,0.13725900876356534,0.10992494746891998,0.11776942984520397,0.10780935799022145,0.14897124089854208,0.1874558991855821,0.0984557099634041,0.1731085088682919,0.10810482456782439,0.13725900876356534,0.28672515869303344,0.16628598042117074,0.22771690464418196,0.32251470081973616,0.28122739267753655,0.27307368461424636,0.08577671238223285,0.2981783601318694,0.38087719276427057,0.21680488370482276,0.2865557999631119,0.31279108221058194,0.19471307291737144,0.24870025906557983,0.22808939607200313,0.23630912856931888,0.1331561360868448,0.13465294222134622,0.17893395752013092,0.2345335257280862,0.19471307291737144,0.36566162389957296,0.12557419787281193,0.22808939607200313
74,24,0.13658678136790073,0.08344801640925459,0.19116471027481974,0.23258265855658178,0.07862865301704677,0.38087719276427057,0,False,4,0,0,0,0,1665,109,796,411,1668,811,0,171,341,1077,1341,1011,1008,446,1774,1632,7,1115,372,19,1716,1078,117,853,0.1487945031292489,0.10247284769052095,0.17163050222576415,0.15585720248283236,0.10562907572841872,0.13557993772791682,0.08344801640925459,0.14720828306665174,0.18380740736031498,0.13555975597482042,0.19116471027481974,0.14410054293737515,0.0984557099634041,0.14715452190794187,0.13725900876356534,0.10992494746891998,0.11776942984520397,0.10780935799022145,0.14816341110077202,0.1893655286185647,0.0984557099634041,0.1731085088682919,0.10810482456782439,0.13725900876356534,0.28672515869303344,0.16628598042117074,0.22771690464418196,0.32251470081973616,0.28122739267753655,0.27307368461424636,0.07862865301704677,0.2981783601318694,0.38087719276427057,0.19873781006275418,0.2865557999631119,0.31279108221058194,0.19471307291737144,0.24870025906557983,0.22808939607200313,0.23630912856931888,0.1331561360868448,0.13465294222134622,0.16402279439345333,0.21498906525074568,0.19471307291737144,0.36566162389957296,0.12557419787281193,0.22808939607200313
75,24,0.13667014750479275,0.08069621142231592,0.19116471027481974,0.22847348845223156,0.0720762652656262,0.38087719276427057,0,False,4,0,0,0,0,1665,109,796,411,1668,811,0,171,341,1077,1341,1011,1008,446,1774,1632,7,1115,372,19,1716,1078,117,853,0.1487945031292489,0.1015567523542383,0.17163050222576415,0.15585720248283236,0.10562907572841872,0.13557993772791682,0.08069621142231592,0.14720828306665174,0.18380740736031498,0.13555975597482042,0.19116471027481974,0.1487945031292489,0.0983555462142058,0.14715452190794187,0.13725900876356534,0.11110000238407222,0.11776942984520397,0.10780935799022145,0.14816341110077202,0.1893655286185647,0.0983555462142058,0.1731085088682919,0.10810482456782439,0.13725900876356534,0.28672515869303344,0.15242881538607317,0.22771690464418196,0.32251470081973616,0.28122739267753655,0.27307368461424636,0.0720762652656262,0.2981783601318694,0.38087719276427057,0.19873781006275418,0.2865557999631119,0.28672515869303344,0.17848698350759049,0.24870025906557983,0.22808939607200313,0.2166167011885423,0.1331561360868448,0.13465294222134622,0.16402279439345333,0.21498906525074568,0.17848698350759049,0.36566162389957296,0.12557419787281193,0.22808939607200313
76,24,0.1369990174014951,0.08069621142231592,0.19116471027481974,0.22519736394790182,0.0720762652656262,0.38087719276427057,0,False,4,0,0,0,0,1665,109,796,411,1668,811,0,171,341,1077,1341,1011,1008,446,1774,1632,7,1115,372,19,1716,1078,117,853,0.1487945031292489,0.1015567523542383,0.17163050222576415,0.15585720248283236,0.10562907572841872,0.13557993772791682,0.08069621142231592,0.14720828306665174,0.18380740736031498,0.13555975597482042,0.19116471027481974,0.1487945031292489,0.0983555462142058,0.14715452190794187,0.13725900876356534,0.11166997794806692,0.11563853175802528,0.10780935799022145,0.14816341110077202,0.1893655286185647,0.0983555462142058,0.181414083677753,0.10810482456782439,0.13840723399814403,0.28672515869303344,0.15242881538607317,0.22771690464418196,0.32251470081973616,0.28122739267753655,0.27307368461424636,0.0720762652656262,0.2981783601318694,0.38087719276427057,0.19873781006275418,0.2865557999631119,0.28672515869303344,0.17848698350759049,0.24870025906557983,0.22808939607200313,0.19856530942283043,0.12205979141294106,0.13465294222134622,0.16402279439345333,0.21498906525074568,0.17848698350759049,0.3351898219079419,0.12557419787281193,0.2090819463993362
77,24,0.13708825327757798,0.08069621142231592,0.19116471027481974,0.2253856976882702,0.0720762652656262,0.38087719276427057,0,False,4,0,0,0,0,1665,109,796,411,1871,171,341,1077,1341,1011,1008,446,1668,811,0,1632,7,1115,372,19,1716,1078,117,1774,0.1487945031292489,0.1015567523542383,0.17163050222576415,0.15585720248283236,0.14240427540362446,0.14720828306665174,0.18380740736031498,0.1355745914852759,0.19116471027481974,0.1487945031292489,0.0983555462142058,0.14715452190794187,0.10810984847028547,0.13557993772791682,0.08069621142231592,0.11166997794806692,0.11319383557989574,0.10590306553653829,0.14816341110077202,0.1893655286185647,0.0983555462142058,0.181414083677753,0.10810482456782439,0.13725900876356534,0.28672515869303344,0.15242881538607317,0.22771690464418196,0.32251470081973616,0.2749917841993915,0.2981783601318694,0.38087719276427057,0.182176325890858,0.2865557999631119,0.28672515869303344,0.17848698350759049,0.24870025906557983,0.25779177662107516,0.27307368461424636,0.0720762652656262,0.19856530942283043,0.1118881421285293,0.1234318637029007,0.16402279439345333,0.21498906525074568,0.17848698350759049,0.3351898219079419,0.12557419787281193,0.22808939607200313
78,24,0.13552547188014155,0.08069621142231592,0.19116471027481974,0.22725448011681526,0.0720762652656262,0.38087719276427057,0,False,4,0,0,0,0,1665,109,796,411,1871,171,341,1077,1341,1011,1008,446,1668,811,0,1632,7,1115,372,19,1873,1716,1078,117,0.1487945031292489,0.10284462644530237,0.17163050222576415,0.15585720248283236,0.14240427540362446,0.14720828306665174,0.18380740736031498,0.1355745914852759,0.19116471027481974,0.1487945031292489,0.0983555462142058,0.14715452190794187,0.10810984847028547,0.13557993772791682,0.08069621142231592,0.11166997794806692,0.11319383557989574,0.10370403189034608,0.14816341110077202,0.1893655286185647,0.10284462644530237,0.0983555462142058,0.181414083677753,0.10592361290274127,0.28672515869303344,0.22305974743723375,0.22771690464418196,0.32251470081973616,0.2749917841993915,0.2981783601318694,0.38087719276427057,0.182176325890858,0.2865557999631119,0.28672515869303344,0.17848698350759049,0.24870025906557983,0.25779177662107516,0.27307368461424636,0.0720762652656262,0.19856530942283043,0.1118881421285293,0.1131458750609923,0.16402279439345333,0.21498906525074568,0.22305974743723375,0.17848698350759049,0.3351898219079419,0.11510968138341093
79,24,0.13590665150865186,0.08069621142231592,0.19594656906756863,0.22310034243030832,0.0720762652656262,0.38087719276427057,0,False,4,0,0,0,0,1665,109,796,411,1871,171,341,1077,1341,1011,1008,446,1668,811,0,1632,7,1115,372,19,1873,1716,1078,117,0.1487945031292489,0.10284462644530237,0.17163050222576415,0.15585720248283236,0.14549440447441575,0.14720828306665174,0.18380740736031498,0.1355745914852759,0.19594656906756863,0.1487945031292489,0.09780994532051555,0.14715452190794187,0.10992494746891998,0.13557993772791682,0.08069621142231592,0.11167680306383,0.11319383557989574,0.10370403189034608,0.14816341110077202,0.1893655286185647,0.10284462644530237,0.0983555462142058,0.181414083677753,0.10592361290274127,0.28672515869303344,0.22305974743723375,0.22771690464418196,0.32251470081973616,0.25207580218277553,0.2981783601318694,0.38087719276427057,0.182176325890858,0.26267614996618593,0.28672515869303344,0.16361306821529129,0.24870025906557983,0.23630912856931888,0.27307368461424636,0.0720762652656262,0.18201820030426122,0.1118881421285293,0.1131458750609923,0.16402279439345333,0.21498906525074568,0.22305974743723375,0.17848698350759049,0.3351898219079419,0.11510968138341093
80,24,0.13635825534003074,0.08069621142231592,0.19594656906756863,0.2194771063623,0.0720762652656262,0.38087719276427057,0,False,4,0,0,0,0,1665,109,796,411,1871,171,341,1077,1341,1011,1008,446,1668,811,0,1632,7,1115,372,19,1873,1716,1078,117,0.1487945031292489,0.10284462644530237,0.17163050222576415,0.16137303015959278,0.14770050934756,0.14720828306665174,0.18380740736031498,0.13496191984072098,0.19594656906756863,0.15252373417699214,0.09780994532051555,0.14715452190794187,0.10992494746891998,0.13557993772791682,0.08069621142231592,0.11167680306383,0.11319383557989574,0.10370403189034608,0.14816341110077202,0.1893655286185647,0.10284462644530237,0.0983555462142058,0.181414083677753,0.10592361290274127,0.28672515869303344,0.22305974743723375,0.22771690464418196,0.2956384757514248,0.2310694853342109,0.2981783601318694,0.38087719276427057,0.16699496539995315,0.26267614996618593,0.262831395468614,0.16361306821529129,0.24870025906557983,0.23630912856931888,0.27307368461424636,0.0720762652656262,0.18201820030426122,0.1118881421285293,0.1131458750609923,0.16402279439345333,0.21498906525074568,0.22305974743723375,0.17848698350759049,0.3351898219079419,0.11510968138341093
81,24,0.13670889315085535,0.08069621142231592,0.19594656906756863,0.2160663916705324,0.0720762652656262,0.38087719276427057,0,False,4,0,0,0,0,1665,109,796,411,1871,171,341,1077,1341,1011,1008,446,1668,811,0,1632,7,1115,372,19,1873,1716,1078,117,0.15252373417699214,0.10284462644530237,0.17163050222576415,0.16583100606912277,0.14770050934756,0.14720828306665174,0.18380740736031498,0.13496191984072098,0.19594656906756863,0.15252373417699214,0.09686299090788138,0.14715452190794187,0.11110000238407222,0.13557993772791682,0.08069621142231592,0.11167680306383,0.11319383557989574,0.10370403189034608,0.14816341110077202,0.1893655286185647,0.10284462644530237,0.0983555462142058,0.181414083677753,0.10592361290274127,0.262831395468614,0.22305974743723375,0.22771690464418196,0.27100193610547274,0.2310694853342109,0.2981783601318694,0.38087719276427057,0.16699496539995315,0.26267614996618593,0.262831395468614,0.14997864586401702,0.24870025906557983,0.2166167011885423,0.27307368461424636,0.0720762652656262,0.18201820030426122,0.1118881421285293,0.1131458750609923,0.16402279439345333,0.21498906525074568,0.22305974743723375,0.17848698350759049,0.3351898219079419,0.11510968138341093
82,24,0.136546884158305,0.08069621142231592,0.19594656906756863,0.21509804754716963,0.0720762652656262,0.38087719276427057,0,False,4,0,0,0,0,1665,109,796,411,1871,171,341,1077,1341,1011,1008,446,1668,811,0,1632,7,1115,372,19,1873,1716,1078,117,0.15252373417699214,0.10284462644530237,0.17163050222576415,0.16583100606912277,0.14770050934756,0.14720828306665174,0.18380740736031498,0.1337819399520621,0.19594656906756863,0.15252373417699214,0.09686299090788138,0.14715452190794187,0.11110000238407222,0.13557993772791682,0.08069621142231592,0.11167680306383,0.11048559964734578,0.10370403189034608,0.14816341110077202,0.1893655286185647,0.10284462644530237,0.0983555462142058,0.181414083677753,0.10592361290274127,0.262831395468614,0.22305974743723375,0.22771690464418196,0.27100193610547274,0.2310694853342109,0.2981783601318694,0.38087719276427057,0.1530787182832904,0.26267614996618593,0.262831395468614,0.14997864586401702,0.24870025906557983,0.2166167011885423,0.27307368461424636,0.0720762652656262,0.18201820030426122,0.10256413028448519,0.1131458750609923,0.16402279439345333,0.21498906525074568,0.22305974743723375,0.17848698350759049,0.3351898219079419,0.11510968138341093
83,24,0.13642502118604496,0.08069621142231592,0.19594656906756863,0.2147419220947929,0.0720762652656262,0.38087719276427057,0,False,4,0,0,0,0,1665,109,796,411,1871,171,341,1077,1341,1011,1008,446,1668,811,0,1632,7,1115,372,19,1873,1716,1078,117,0.15252373417699214,0.10284462644530237,0.17163050222576415,0.16583100606912277,0.14770050934756,0.14720828306665174,0.18380740736031498,0.1337819399520621,0.19594656906756863,0.15252373417699214,0.09686299090788138,0.14715452190794187,0.11110000238407222,0.13557993772791682,0.08069621142231592,0.11167680306383,0.10756088831310487,0.10370403189034608,0.14816341110077202,0.1893655286185647,0.10284462644530237,0.0983555462142058,0.181414083677753,0.10592361290274127,0.262831395468614,0.22305974743723375,0.22771690464418196,0.27100193610547274,0.2310694853342109,0.2981783601318694,0.38087719276427057,0.1530787182832904,0.26267614996618593,0.262831395468614,0.14997864586401702,0.24870025906557983,0.2166167011885423,0.27307368461424636,0.0720762652656262,0.18201820030426122,0.09401711942744476,0.1131458750609923,0.16402279439345333,0.21498906525074568,0.22305974743723375,0.17848698350759049,0.3351898219079419,0.11510968138341093
84,24,0.13692173539529973,0.07789206607907798,0.19950915072407932,0.20917000174348951,0.06606990982682402,0.38087719276427057,0,False,4,0,0,0,0,1665,109,796,411,1871,171,341,1077,1341,1011,1008,446,1668,811,0,1632,7,1115,372,19,1873,1716,1078,117,0.1553035811267534,0.1035589686238385,0.17163050222576415,0.16583100606912277,0.14770050934756,0.15138260951889856,0.18380740736031498,0.1337819399520621,0.19950915072407932,0.1553035811267534,0.09686299090788138,0.14715452190794187,0.11110000238407222,0.13557993772791682,0.07789206607907798,0.11167680306383,0.10756088831310487,0.10370403189034608,0.14816341110077202,0.1893655286185647,0.1035589686238385,0.0983555462142058,0.181414083677753,0.10592361290274127,0.24092877917956282,0.2044714351507976,0.22771690464418196,0.27100193610547274,0.2310694853342109,0.27333016345421357,0.38087719276427057,0.1530787182832904,0.2407864708023371,0.24092877917956282,0.14997864586401702,0.24870025906557983,0.2166167011885423,0.27307368461424636,0.06606990982682402,0.18201820030426122,0.09401711942744476,0.1131458750609923,0.16402279439345333,0.21498906525074568,0.2044714351507976,0.17848698350759049,0.3351898219079419,0.11510968138341093
85,24,0.1377532425232901,0.07789206607907798,0.19950915072407932,0.2068171421936816,0.06606990982682402,0.38087719276427057,0,False,4,0,0,0,0,1665,109,796,411,1871,171,341,1077,1341,2059,1011,1008,446,1668,811,0,1632,7,1115,372,19,1873,1716,117,0.1553035811267534,0.1035589686238385,0.17163050222576415,0.16583100606912277,0.1490604507978322,0.15138260951889856,0.18380740736031498,0.1320963816506244,0.19950915072407932,0.19515681467178966,0.1553035811267534,0.09686299090788138,0.14715452190794187,0.11166997794806692,0.13557993772791682,0.07789206607907798,0.11167680306383,0.10756088831310487,0.10370403189034608,0.14816341110077202,0.19515681467178966,0.10373676393551694,0.0983555462142058,0.10592361290274127,0.24092877917956282,0.2044714351507976,0.22771690464418196,0.27100193610547274,0.21181369488969332,0.27333016345421357,0.38087719276427057,0.1403221584263495,0.2407864708023371,0.28040664314651687,0.24092877917956282,0.14997864586401702,0.24870025906557983,0.19856530942283043,0.27307368461424636,0.06606990982682402,0.18201820030426122,0.09401711942744476,0.1131458750609923,0.16402279439345333,0.28040664314651687,0.18743214888823112,0.17848698350759049,0.11510968138341093
86,24,0.13800075123021838,0.07789206607907798,0.19950915072407932,0.2072668436173706,0.06606990982682402,0.38087719276427057,0,False,4,0,0,0,0,1665,109,796,411,1871,171,341,1077,1341,2059,1011,1008,446,1668,811,0,1632,7,1115,372,19,1873,2087,117,0.1553035811267534,0.1035589686238385,0.17163050222576415,0.16583100606912277,0.14962375231741892,0.15459559896247313,0.18380740736031498,0.1320963816506244,0.19950915072407932,0.19515681467178966,0.1553035811267534,0.09686299090788138,0.14715452190794187,0.11166997794806692,0.13557993772791682,0.07789206607907798,0.11167680306383,0.10446321849347184,0.10125851090169585,0.14816341110077202,0.19515681467178966,0.10342010429299672,0.10615146378543365,0.10615146378543365,0.24092877917956282,0.2044714351507976,0.22771690464418196,0.27100193610547274,0.19416255364888554,0.2505526498330291,0.38087719276427057,0.1403221584263495,0.2407864708023371,0.28040664314651687,0.24092877917956282,0.14997864586401702,0.24870025906557983,0.19856530942283043,0.27307368461424636,0.06606990982682402,0.18201820030426122,0.08618235947515769,0.10371705213924294,0.16402279439345333,0.28040664314651687,0.17181280314754518,0.1888505412681267,0.1888505412681267
87,24,0.1382422075862413,0.07789206607907798,0.2018948575842647,0.20548980053782961,0.06606990982682402,0.38087719276427057,0,False,4,0,0,0,0,1665,109,796,411,1871,171,341,1077,1341,2059,1011,1008,446,1668,811,0,1632,7,1115,372,19,1873,2087,117,0.1553035811267534,0.1035589686238385,0.17163050222576415,0.16924025175348806,0.14962375231741892,0.15459559896247313,0.18380740736031498,0.1320963816506244,0.2018948575842647,0.19515681467178966,0.1553035811267534,0.09686299090788138,0.14715452190794187,0.11166997794806692,0.13557993772791682,0.07789206607907798,0.11167680306383,0.10446321849347184,0.10125851090169585,0.14816341110077202,0.19515681467178966,0.10342010429299672,0.10615146378543365,0.10615146378543365,0.24092877917956282,0.2044714351507976,0.22771690464418196,0.24841844143001668,0.19416255364888554,0.2505526498330291,0.38087719276427057,0.1403221584263495,0.22072093156880898,0.28040664314651687,0.24092877917956282,0.14997864586401702,0.24870025906557983,0.19856530942283043,0.27307368461424636,0.06606990982682402,0.18201820030426122,0.08618235947515769,0.10371705213924294,0.16402279439345333,0.28040664314651687,0.17181280314754518,0.1888505412681267,0.1888505412681267
88,24,0.13869710753167772,0.07789206607907798,0.2031640533578744,0.2027114552817327,0.06606990982682402,0.34913742670058134,0,False,4,0,0,0,0,1665,109,796,411,1871,171,341,1077,1341,2059,1011,1008,446,1668,811,0,1632,7,1115,372,19,1873,2087,117,0.1553035811267534,0.1035589686238385,0.17163050222576415,0.16924025175348806,0.14962375231741892,0.15459559896247313,0.1934489851614157,0.1320963816506244,0.2031640533578744,0.19515681467178966,0.1553035811267534,0.09686299090788138,0.14715452190794187,0.11167680306383,0.13557993772791682,0.07789206607907798,0.11167680306383,0.10446321849347184,0.10125851090169585,0.14816341110077202,0.19515681467178966,0.10342010429299672,0.10615146378543365,0.10615146378543365,0.24092877917956282,0.2044714351507976,0.22771690464418196,0.24841844143001668,0.19416255364888554,0.2505526498330291,0.34913742670058134,0.1403221584263495,0.20232752060474155,0.28040664314651687,0.24092877917956282,0.14997864586401702,0.24870025906557983,0.18201820030426122,0.27307368461424636,0.06606990982682402,0.18201820030426122,0.08618235947515769,0.10371705213924294,0.16402279439345333,0.28040664314651687,0.17181280314754518,0.1888505412681267,0.1888505412681267
89,24,0.14329274871568068,0.07789206607907798,0.20484439543468844,0.21509878374408872,0.06606990982682402,0.34913742670058134,0,False,4,0,0,0,0,1665,109,796,411,1871,171,341,1077,1341,2059,1011,1008,446,1668,811,0,1632,2145,1115,372,19,1873,2087,117,0.1553035811267534,0.1035589686238385,0.17163050222576415,0.16924025175348806,0.14962375231741892,0.15459559896247313,0.1934489851614157,0.1320963816506244,0.20339068406983046,0.20484439543468844,0.1553035811267534,0.09686299090788138,0.14715452190794187,0.11167680306383,0.13557993772791682,0.07789206607907798,0.11167680306383,0.20484439543468844,0.10125851090169585,0.14816341110077202,0.19515681467178966,0.10342010429299672,0.10615146378543365,0.10615146378543365,0.24092877917956282,0.2044714351507976,0.22771690464418196,0.24841844143001668,0.19416255364888554,0.2505526498330291,0.34913742670058134,0.1403221584263495,0.18546689388767973,0.3403727562176404,0.24092877917956282,0.14997864586401702,0.24870025906557983,0.18201820030426122,0.27307368461424636,0.06606990982682402,0.18201820030426122,0.3403727562176404,0.10371705213924294,0.16402279439345333,0.28040664314651687,0.17181280314754518,0.1888505412681267,0.1888505412681267
90,24,0.14320661134535909,0.07505898243758695,0.20484439543468844,0.21209426593989086,0.060564084007922014,0.34913742670058134,0,False,4,0,0,0,0,1665,109,796,411,1871,171,341,1077,1341,2059,1011,1008,446,1668,811,0,1632,2145,1115,372,19,1873,2087,117,0.1553035811267534,0.10373676393551694,0.17163050222576415,0.16924025175348806,0.14962375231741892,0.15459559896247313,0.1934489851614157,0.1320963816506244,0.20339068406983046,0.20484439543468844,0.15716694748144797,0.09686299090788138,0.14715452190794187,0.11167680306383,0.13557993772791682,0.07505898243758695,0.1111672036165644,0.20484439543468844,0.10125851090169585,0.14816341110077202,0.19515681467178966,0.10265432882766223,0.10615146378543365,0.10615146378543365,0.24092877917956282,0.18743214888823112,0.22771690464418196,0.24841844143001668,0.19416255364888554,0.2505526498330291,0.34913742670058134,0.1403221584263495,0.18546689388767973,0.3403727562176404,0.22085138091459924,0.14997864586401702,0.24870025906557983,0.18201820030426122,0.27307368461424636,0.060564084007922014,0.16685001694557278,0.3403727562176404,0.10371705213924294,0.16402279439345333,0.28040664314651687,0.15749506955191642,0.1888505412681267,0.1888505412681267
91,24,0.14399386586811516,0.07505898243758695,0.20484439543468844,0.22036365033896663,0.060564084007922014,0.34913742670058134,0,False,4,0,0,0,0,1665,2189,796,411,109,171,341,1077,1341,2059,1011,1008,446,1871,2145,1115,372,19,1873,2087,117,1668,0,2195,0.15716694748144797,0.16091849863824714,0.17163050222576415,0.16924025175348806,0.10373676393551694,0.16091849863824714,0.1934489851614157,0.1320963816506244,0.20339068406983046,0.20484439543468844,0.15716694748144797,0.09802404741237827,0.14715452190794187,0.14962375231741892,0.20484439543468844,0.0986098922067316,0.14816341110077202,0.19515681467178966,0.10265432882766223,0.10615146378543365,0.10615146378543365,0.11167680306383,0.07505898243758695,0.09802404741237827,0.22085138091459924,0.31300659568027667,0.22771690464418196,0.24841844143001668,0.18743214888823112,0.31300659568027667,0.34913742670058134,0.1403221584263495,0.18546689388767973,0.3403727562176404,0.22085138091459924,0.22081375870868228,0.24870025906557983,0.19416255364888554,0.3403727562176404,0.09507396446097269,0.16402279439345333,0.28040664314651687,0.15749506955191642,0.1888505412681267,0.1888505412681267,0.18201820030426122,0.060564084007922014,0.22081375870868228
92,24,0.14402807431283957,0.07505898243758695,0.20484439543468844,0.21754235214037054,0.060564084007922014,0.34913742670058134,0,False,4,0,0,0,0,1665,2189,796,411,109,171,341,1077,1341,2059,1011,1008,446,1871,2145,1115,372,19,1873,2087,117,1668,0,2195,0.15716694748144797,0.16091849863824714,0.17163050222576415,0.16924025175348806,0.10373676393551694,0.16091849863824714,0.1934489851614157,0.1320963816506244,0.20339068406983046,0.20484439543468844,0.1581607436030636,0.09802404741237827,0.14715452190794187,0.14962375231741892,0.20484439543468844,0.0986098922067316,0.14816341110077202,0.19515681467178966,0.10265432882766223,0.10615146378543365,0.1058694847999689,0.1111672036165644,0.07505898243758695,0.09864283239687859,0.22085138091459924,0.31300659568027667,0.22771690464418196,0.24841844143001668,0.18743214888823112,0.31300659568027667,0.34913742670058134,0.1403221584263495,0.18546689388767973,0.3403727562176404,0.20244709917171597,0.22081375870868228,0.24870025906557983,0.19416255364888554,0.3403727562176404,0.09507396446097269,0.16402279439345333,0.28040664314651687,0.15749506955191642,0.1888505412681267,0.17311299616244946,0.16685001694557278,0.060564084007922014,0.20241261214962541
93,24,0.1439469683485828,0.07505898243758695,0.20484439543468844,0.21168771565922798,0.060564084007922014,0.34913742670058134,0,False,4,0,0,0,0,1665,2189,796,411,109,171,341,1077,1341,2059,1011,1008,446,1871,2145,1115,372,19,1873,2087,117,1668,0,2195,0.15716694748144797,0.16091849863824714,0.17163050222576415,0.17163050222576415,0.10342010429299672,0.16091849863824714,0.1934489851614157,0.12996685569578542,0.20265824316948527,0.20484439543468844,0.1581607436030636,0.09864283239687859,0.14924462659534662,0.14962375231741892,0.20484439543468844,0.09579835760719575,0.14816341110077202,0.19515681467178966,0.10148641631563474,0.10615146378543365,0.1058694847999689,0.1111672036165644,0.07505898243758695,0.09875522271980337,0.22085138091459924,0.31300659568027667,0.22771690464418196,0.22771690464418196,0.17181280314754518,0.31300659568027667,0.34913742670058134,0.1286286452241537,0.17001131939703976,0.3403727562176404,0.20244709917171597,0.20241261214962541,0.2279752374767815,0.19416255364888554,0.3403727562176404,0.08715113408922497,0.16402279439345333,0.28040664314651687,0.14437048042259004,0.1888505412681267,0.17311299616244946,0.16685001694557278,0.060564084007922014,0.18554489447048997
94,24,0.14711118097872491,0.09286068621954621,0.20484439543468844,0.21879236679386113,0.07988853958178956,0.34913742670058134,0,False,4,0,0,0,0,1665,2189,796,411,109,171,341,1077,1341,2059,1011,1008,446,1871,2145,1115,372,19,1873,2087,2272,117,1668,2195,0.15716694748144797,0.16091849863824714,0.17163050222576415,0.17163050222576415,0.10342010429299672,0.16617032067315154,0.1934489851614157,0.12745353119229152,0.20265824316948527,0.20484439543468844,0.1581607436030636,0.09864283239687859,0.14924462659534662,0.1494484866564997,0.20484439543468844,0.09286068621954621,0.1505303569043654,0.19515681467178966,0.09996363868583173,0.10615146378543365,0.1505303569043654,0.1058694847999689,0.1111672036165644,0.09875522271980337,0.22085138091459924,0.31300659568027667,0.22771690464418196,0.22771690464418196,0.17181280314754518,0.28692271270692027,0.34913742670058134,0.11790959145547422,0.17001131939703976,0.3403727562176404,0.20244709917171597,0.20241261214962541,0.2279752374767815,0.17798234084481174,0.3403727562176404,0.07988853958178956,0.23368756152733222,0.28040664314651687,0.13233960705404085,0.1888505412681267,0.23368756152733222,0.17311299616244946,0.16685001694557278,0.18554489447048997
95,24,0.14745196196228935,0.08983018053754849,0.20484439543468844,0.21902356483796917,0.07323116128330709,0.3403727562176404,0,False,4,0,0,0,0,1665,2189,796,411,109,171,341,1077,1341,2059,1011,1008,446,1871,2298,2145,1115,372,19,1873,2087,2272,117,1668,0.1581607436030636,0.16091849863824714,0.17163050222576415,0.17163050222576415,0.10342010429299672,0.16617032067315154,0.20179434537563212,0.12745353119229152,0.20265824316948527,0.20484439543468844,0.1581607436030636,0.09875522271980337,0.14924462659534662,0.14859845605947972,0.10066329731572075,0.20484439543468844,0.08983018053754849,0.1505303569043654,0.19515681467178966,0.10066329731572075,0.10615146378543365,0.1505303569043654,0.1058694847999689,0.1111672036165644,0.20244709917171597,0.31300659568027667,0.22771690464418196,0.22771690464418196,0.17181280314754518,0.28692271270692027,0.32004264114219955,0.11790959145547422,0.17001131939703976,0.3403727562176404,0.20244709917171597,0.18554489447048997,0.2279752374767815,0.16315047910774408,0.20464463979953745,0.3403727562176404,0.07323116128330709,0.23368756152733222,0.28040664314651687,0.20464463979953745,0.1888505412681267,0.23368756152733222,0.17311299616244946,0.16685001694557278
96,24,0.1472743052732911,0.08983018053754849,0.20484439543468844,0.217313267787094,0.07323116128330709,0.3403727562176404,0,False,4,0,0,0,0,1665,2189,796,411,109,171,341,1077,1341,2059,1011,1008,446,1871,2298,2145,1115,372,19,1873,2087,2272,117,1668,0.1581607436030636,0.16091849863824714,0.17163050222576415,0.17163050222576415,0.10342010429299672,0.16617032067315154,0.20179434537563212,0.1246141152610376,0.2010561826734787,0.20484439543468844,0.1581607436030636,0.09875522271980337,0.14924462659534662,0.14859845605947972,0.10084101320702386,0.20484439543468844,0.08983018053754849,0.1505303569043654,0.19515681467178966,0.10066329731572075,0.10615146378543365,0.1505303569043654,0.1058694847999689,0.1111672036165644,0.20244709917171597,0.31300659568027667,0.22771690464418196,0.22771690464418196,0.17181280314754518,0.28692271270692027,0.32004264114219955,0.10808379216751804,0.15584370944728643,0.3403727562176404,0.20244709917171597,0.18554489447048997,0.2279752374767815,0.16315047910774408,0.18759091981624265,0.3403727562176404,0.07323116128330709,0.23368756152733222,0.28040664314651687,0.20464463979953745,0.1888505412681267,0.23368756152733222,0.17311299616244946,0.16685001694557278
97,24,0.1460098792536393,0.08983018053754849,0.21315742483158318,0.21681359418108884,0.07323116128330709,0.32004264114219955,0,False,4,0,0,0,0,1665,2189,796,411,109,171,341,1077,1341,2059,1011,1008,446,1871,2298,2145,1115,2347,19,1873,2087,2272,117,1668,0.1583424761418206,0.16091849863824714,0.17163050222576415,0.17163050222576415,0.10342010429299672,0.16617032067315154,0.20179434537563212,0.1215031026351143,0.2010561826734787,0.21315742483158318,0.1581607436030636,0.09875522271980337,0.1504883042688137,0.14859845605947972,0.10084101320702386,0.21315742483158318,0.08983018053754849,0.10344169419954376,0.19515681467178966,0.10344169419954376,0.10615146378543365,0.1505303569043654,0.1058694847999689,0.11019078858582969,0.18557650757407296,0.31300659568027667,0.22771690464418196,0.22771690464418196,0.17181280314754518,0.28692271270692027,0.32004264114219955,0.09907680948689153,0.15584370944728643,0.31200835986617037,0.20244709917171597,0.18554489447048997,0.20897730102038303,0.16315047910774408,0.18759091981624265,0.31200835986617037,0.07323116128330709,0.270924253149576,0.28040664314651687,0.270924253149576,0.1888505412681267,0.23368756152733222,0.17311299616244946,0.15294584886677504
98,24,0.14201481177765432,0.08673668805833651,0.21315742483158318,0.21329921955476072,0.06712856450969816,0.32004264114219955,0,False,4,0,0,0,0,1665,2189,796,411,109,171,341,1077,1341,2059,1011,1008,446,1871,2298,2359,1115,2347,19,1873,2087,2272,117,1668,0.1577771047101111,0.16091849863824714,0.17163050222576415,0.17163050222576415,0.10342010429299672,0.16617032067315154,0.20179434537563212,0.1212188859769898,0.2010561826734787,0.21315742483158318,0.1581607436030636,0.09875522271980337,0.1504883042688137,0.14859845605947972,0.10084101320702386,0.1212188859769898,0.08673668805833651,0.10344169419954376,0.19515681467178966,0.10344169419954376,0.10615146378543365,0.1505303569043654,0.1058694847999689,0.11019078858582969,0.17011179860956688,0.31300659568027667,0.22771690464418196,0.22771690464418196,0.17181280314754518,0.28692271270692027,0.32004264114219955,0.17415374202965056,0.15584370944728643,0.31200835986617037,0.20244709917171597,0.18554489447048997,0.20897730102038303,0.16315047910774408,0.18759091981624265,0.17415374202965056,0.06712856450969816,0.270924253149576,0.28040664314651687,0.270924253149576,0.1888505412681267,0.23368756152733222,0.17311299616244946,0.15294584886677504
99,24,0.14465610006228355,0.08673668805833651,0.22005260937953405,0.21783740735155424,0.06712856450969816,0.32004264114219955,0,False,5,0,0,0,0,1665,2189,796,411,2397,109,171,341,1077,1341,2059,1011,1008,446,1871,2298,2359,1115,2347,19,1873,2087,2272,117,0.1577771047101111,0.16091849863824714,0.17163050222576415,0.17304820300938167,0.15594857932894793,0.10342010429299672,0.16617032067315154,0.20179434537563212,0.1212188859769898,0.2010561826734787,0.22005260937953405,0.1581607436030636,0.09840173988534305,0.1504883042688137,0.14859845605947972,0.10084101320702386,0.1212188859769898,0.08673668805833651,0.10344169419954376,0.1996942968235467,0.10344169419954376,0.1058694847999689,0.15594857932894793,0.1058694847999689,0.17011179860956688,0.31300659568027667,0.22771690464418196,0.20874049592383345,0.2975469314000545,0.17181280314754518,0.28692271270692027,0.32004264114219955,0.17415374202965056,0.15584370944728643,0.2860076632106562,0.20244709917171597,0.17008281993128246,0.20897730102038303,0.16315047910774408,0.18759091981624265,0.17415374202965056,0.06712856450969816,0.270924253149576,0.2570394228843071,0.270924253149576,0.17311299616244946,0.2975469314000545,0.17311299616244946
100,24,0.14458458292070409,0.08360669606797033,0.22005260937953405,0.2215872237664236,0.06153451746722331,0.32004264114219955,0,False,5,0,0,0,0,1665,2189,796,411,2397,109,2415,341,1077,1341,2059,1011,1008,446,1871,2298,171,2359,1115,2347,19,1873,2272,117,0.1577771047101111,0.16091849863824714,0.17163050222576415,0.17355269952506522,0.15594857932894793,0.10265432882766223,0.10313052143656512,0.20179434537563212,0.1212188859769898,0.2010561826734787,0.22005260937953405,0.1581607436030636,0.09840173988534305,0.1504883042688137,0.14859845605947972,0.10313052143656512,0.16617032067315154,0.1212188859769898,0.08360669606797033,0.10344169419954376,0.1996942968235467,0.10556600887551647,0.15594857932894793,0.1058694847999689,0.17011179860956688,0.31300659568027667,0.22771690464418196,0.19134545459684732,0.2975469314000545,0.15749506955191642,0.25529167649822243,0.32004264114219955,0.17415374202965056,0.15584370944728643,0.2860076632106562,0.20244709917171597,0.17008281993128246,0.20897730102038303,0.16315047910774408,0.25529167649822243,0.28692271270692027,0.17415374202965056,0.06153451746722331,0.270924253149576,0.2570394228843071,0.248347232053778,0.2975469314000545,0.17311299616244946
101,24,0.1447002157437988,0.08046348027955987,0.22005260937953405,0.21877952985876795,0.05640664101162137,0.32004264114219955,0,False,5,0,0,0,0,1665,2189,796,411,2397,109,2415,341,1077,1341,2059,1011,1008,446,1871,2298,171,2359,1115,2347,19,1873,2272,117,0.1577771047101111,0.16617032067315154,0.17163050222576415,0.17355269952506522,0.15594857932894793,0.10265432882766223,0.10313052143656512,0.20179434537563212,0.1212188859769898,0.2010561826734787,0.22005260937953405,0.1581607436030636,0.09840173988534305,0.1504883042688137,0.14714072289128657,0.10313052143656512,0.16617032067315154,0.1212188859769898,0.08046348027955987,0.10556600887551647,0.1996942968235467,0.10556600887551647,0.15594857932894793,0.1058694847999689,0.17011179860956688,0.28692271270692027,0.22771690464418196,0.19134545459684732,0.2975469314000545,0.15749506955191642,0.25529167649822243,0.32004264114219955,0.17415374202965056,0.15584370944728643,0.2860076632106562,0.20244709917171597,0.17008281993128246,0.20897730102038303,0.1495546058487654,0.25529167649822243,0.28692271270692027,0.17415374202965056,0.05640664101162137,0.248347232053778,0.2570394228843071,0.248347232053778,0.2975469314000545,0.17311299616244946
102,24,0.1413279293401681,0.08046348027955987,0.22552245295749387,0.22205351861843517,0.05640664101162137,0.32004264114219955,0,False,5,0,0,0,0,1665,2189,796,411,2397,109,2415,341,1077,1341,2059,1011,1008,446,1871,2298,171,2359,1115,2347,1873,2272,117,2469,0.1577771047101111,0.16617032067315154,0.17163050222576415,0.17355269952506522,0.15594857932894793,0.10265432882766223,0.10313052143656512,0.20179434537563212,0.1212188859769898,0.2010561826734787,0.22552245295749387,0.1581607436030636,0.09762580637978831,0.1504883042688137,0.14714072289128657,0.10313052143656512,0.16617032067315154,0.1212188859769898,0.08046348027955987,0.10556600887551647,0.10981576096976052,0.15594857932894793,0.1058694847999689,0.10981576096976052,0.17011179860956688,0.28692271270692027,0.22771690464418196,0.19134545459684732,0.2975469314000545,0.15749506955191642,0.25529167649822243,0.32004264114219955,0.17415374202965056,0.15584370944728643,0.2621736912764348,0.20244709917171597,0.15590925160367558,0.20897730102038303,0.1495546058487654,0.25529167649822243,0.28692271270692027,0.17415374202965056,0.05640664101162137,0.248347232053778,0.3109849627159632,0.2975469314000545,0.17311299616244946,0.3109849627159632
103,24,0.14166440949622935,0.08046348027955987,0.22552245295749387,0.2187458594929721,0.05640664101162137,0.3109849627159632,0,False,5,0,0,0,0,1665,2189,796,411,2397,109,2415,341,1077,1341,2059,1011,1008,446,1871,2298,171,2359,1115,2347,1873,2272,117,2469,0.1577771047101111,0.16617032067315154,0.17304820300938167,0.17355269952506522,0.15594857932894793,0.10265432882766223,0.10478861562006221,0.20879128239093567,0.1212188859769898,0.2010561826734787,0.22552245295749387,0.1581607436030636,0.09762580637978831,0.1504883042688137,0.1451435146543381,0.10313052143656512,0.16617032067315154,0.1212188859769898,0.08046348027955987,0.10556600887551647,0.10981576096976052,0.15594857932894793,0.1058694847999689,0.10981576096976052,0.17011179860956688,0.28692271270692027,0.20874049592383345,0.19134545459684732,0.2975469314000545,0.15749506955191642,0.23401737012337054,0.2933724210470162,0.17415374202965056,0.15584370944728643,0.2621736912764348,0.20244709917171597,0.15590925160367558,0.20897730102038303,0.13709172202803493,0.25529167649822243,0.28692271270692027,0.17415374202965056,0.05640664101162137,0.248347232053778,0.3109849627159632,0.2975469314000545,0.17311299616244946,0.3109849627159632
104,24,0.1474314337391429,0.07732729106229534,0.23551156957314826,0.217573927645435,0.051706087593986254,0.32365921700339856,0,False,5,0,0,0,0,1665,2189,796,411,2397,109,2415,341,1077,1341,2059,1011,1008,446,1871,2298,171,2359,1115,2347,2506,2272,117,2469,0.15653424539780128,0.16617032067315154,0.17304820300938167,0.17355269952506522,0.15594857932894793,0.10265432882766223,0.10478861562006221,0.20879128239093567,0.1212188859769898,0.2010561826734787,0.23551156957314826,0.1581607436030636,0.09762580637978831,0.1504883042688137,0.14267450249872488,0.10478861562006221,0.16617032067315154,0.1212188859769898,0.07732729106229534,0.10556600887551647,0.23551156957314826,0.1603423904451451,0.1058694847999689,0.11333557296613639,0.15593581539210297,0.28692271270692027,0.20874049592383345,0.19134545459684732,0.2975469314000545,0.15749506955191642,0.23401737012337054,0.2933724210470162,0.17415374202965056,0.15584370944728643,0.32365921700339856,0.20244709917171597,0.15590925160367558,0.20897730102038303,0.12566741185903202,0.23401737012337054,0.28692271270692027,0.17415374202965056,0.051706087593986254,0.248347232053778,0.32365921700339856,0.2727513537833833,0.17311299616244946,0.2850695491562996
105,24,0.14773785610472898,0.07732729106229534,0.23551156957314826,0.21427569582163705,0.051706087593986254,0.32365921700339856,0,False,5,0,0,0,0,1665,2189,796,411,2397,109,2415,341,1077,1341,2059,1011,1008,446,1871,2298,171,2359,1115,2347,2506,2272,117,2469,0.15653424539780128,0.16617032067315154,0.17304820300938167,0.17355269952506522,0.15594857932894793,0.10265432882766223,0.10478861562006221,0.2144230624022291,0.1212188859769898,0.2010561826734787,0.23551156957314826,0.1581607436030636,0.09762580637978831,0.1504883042688137,0.14267450249872488,0.10584080364130892,0.16617032067315154,0.12040023731741607,0.07732729106229534,0.10705482627661603,0.23551156957314826,0.1603423904451451,0.1058694847999689,0.11333557296613639,0.15593581539210297,0.28692271270692027,0.20874049592383345,0.19134545459684732,0.2975469314000545,0.15749506955191642,0.23401737012337054,0.2689247192930982,0.17415374202965056,0.15584370944728643,0.32365921700339856,0.20244709917171597,0.15590925160367558,0.20897730102038303,0.12566741185903202,0.21451592261308966,0.28692271270692027,0.15964093019384634,0.051706087593986254,0.22765162938262984,0.32365921700339856,0.2727513537833833,0.17311299616244946,0.2850695491562996
106,24,0.14802857014580195,0.07732729106229534,0.23551156957314826,0.21019678415254575,0.051706087593986254,0.32365921700339856,0,False,5,0,0,0,0,1665,2189,796,411,2397,109,2415,341,1077,1341,2059,1011,1008,446,1871,2298,171,2359,1115,2347,2506,2272,117,2469,0.15653424539780128,0.16617032067315154,0.17304820300938167,0.17321267692018932,0.1603423904451451,0.10265432882766223,0.10478861562006221,0.2144230624022291,0.1212188859769898,0.2010561826734787,0.23551156957314826,0.1581607436030636,0.09762580637978831,0.1504883042688137,0.14267450249872488,0.10584080364130892,0.16617032067315154,0.12040023731741607,0.07732729106229534,0.10793714617715633,0.23551156957314826,0.1603423904451451,0.10512384931389054,0.11612223702610494,0.15593581539210297,0.28692271270692027,0.20874049592383345,0.17540000004711004,0.2727513537833833,0.15749506955191642,0.23401737012337054,0.2689247192930982,0.17415374202965056,0.15584370944728643,0.32365921700339856,0.20244709917171597,0.15590925160367558,0.20897730102038303,0.12566741185903202,0.21451592261308966,0.28692271270692027,0.15964093019384634,0.051706087593986254,0.20868066026741067,0.32365921700339856,0.2727513537833833,0.158686913148912,0.2613137533932746
107,24,0.1479466967106533,0.07732729106229534,0.23551156957314826,0.20766395219844203,0.051706087593986254,0.32365921700339856,0,False,5,0,0,0,0,1665,2189,796,411,2397,109,2415,341,1077,1341,2059,1011,1008,446,1871,2298,171,2359,1115,2347,2506,2272,117,2469,0.15653424539780128,0.16617032067315154,0.17304820300938167,0.17321267692018932,0.1603423904451451,0.10265432882766223,0.10478861562006221,0.2144230624022291,0.1212188859769898,0.2010561826734787,0.23551156957314826,0.1583424761418206,0.09762580637978831,0.1504883042688137,0.14267450249872488,0.10584080364130892,0.16617032067315154,0.11910199066031729,0.07732729106229534,0.10825000677505928,0.23551156957314826,0.1603423904451451,0.10396254039076204,0.11612223702610494,0.15593581539210297,0.28692271270692027,0.20874049592383345,0.17540000004711004,0.2727513537833833,0.15749506955191642,0.23401737012337054,0.2689247192930982,0.17415374202965056,0.15584370944728643,0.32365921700339856,0.18557650757407296,0.15590925160367558,0.20897730102038303,0.12566741185903202,0.21451592261308966,0.28692271270692027,0.14633751934435915,0.051706087593986254,0.19129060524512645,0.32365921700339856,0.2727513537833833,0.145463003719836,0.2613137533932746
108,24,0.14777932268983185,0.07732729106229534,0.23551156957314826,0.20452010305714685,0.051706087593986254,0.32365921700339856,0,False,5,0,0,0,0,1665,2189,796,411,2397,109,2415,341,1077,1341,2059,1011,1008,446,1871,2298,171,2359,1115,2347,2506,2272,117,2469,0.15653424539780128,0.16617032067315154,0.17355269952506522,0.1721029546055724,0.1603423904451451,0.10265432882766223,0.10478861562006221,0.2144230624022291,0.12040023731741607,0.1986768226581361,0.23551156957314826,0.1583424761418206,0.09762580637978831,0.1504883042688137,0.14267450249872488,0.10584080364130892,0.16617032067315154,0.11910199066031729,0.07732729106229534,0.10803626474919395,0.23551156957314826,0.1603423904451451,0.10396254039076204,0.11612223702610494,0.15593581539210297,0.28692271270692027,0.19134545459684732,0.16078333337651754,0.2727513537833833,0.15749506955191642,0.23401737012337054,0.2689247192930982,0.15964093019384634,0.14285673366001256,0.32365921700339856,0.18557650757407296,0.15590925160367558,0.20897730102038303,0.12566741185903202,0.21451592261308966,0.28692271270692027,0.14633751934435915,0.051706087593986254,0.17534972147469924,0.32365921700339856,0.2727513537833833,0.145463003719836,0.2613137533932746
109,24,0.14783173219233134,0.0742155638599008,0.2439245688888705,0.20023997125539805,0.04739724696115406,0.32365921700339856,0,False,5,0,0,0,0,1665,2189,796,411,2397,109,2415,341,1077,1341,2059,1011,1008,446,1871,2298,171,2359,1115,2347,2506,2272,117,2469,0.15468576209081103,0.16617032067315154,0.17355269952506522,0.1721029546055724,0.16371900061354114,0.10148641631563474,0.10478861562006221,0.2144230624022291,0.12040023731741607,0.1986768226581361,0.2439245688888705,0.1583424761418206,0.09762580637978831,0.1504883042688137,0.13979943455189214,0.10584080364130892,0.16617032067315154,0.11910199066031729,0.0742155638599008,0.10803626474919395,0.23551156957314826,0.1603423904451451,0.10243394993487641,0.11612223702610494,0.14294116410942773,0.28692271270692027,0.19134545459684732,0.16078333337651754,0.25002207430143464,0.14437048042259004,0.23401737012337054,0.2689247192930982,0.15964093019384634,0.14285673366001256,0.2966876155864487,0.18557650757407296,0.15590925160367558,0.20897730102038303,0.11519512753744601,0.21451592261308966,0.28692271270692027,0.14633751934435915,0.04739724696115406,0.17534972147469924,0.32365921700339856,0.2727513537833833,0.13334108674318298,0.2613137533932746
110,24,0.14781202565142013,0.0742155638599008,0.2439245688888705,0.19755044245874198,0.04739724696115406,0.32365921700339856,0,False,5,0,0,0,0,1665,2189,796,411,2397,109,2415,341,1077,1341,2059,1011,1008,446,1871,2298,171,2359,1115,2347,2506,2272,117,2469,0.15468576209081103,0.16617032067315154,0.17355269952506522,0.1721029546055724,0.16610586446093445,0.10148641631563474,0.10584080364130892,0.2144230624022291,0.12040023731741607,0.1986768226581361,0.2439245688888705,0.1583424761418206,0.09762580637978831,0.1504883042688137,0.13658109372825622,0.10584080364130892,0.16617032067315154,0.11910199066031729,0.0742155638599008,0.10734259672232072,0.23551156957314826,0.1603423904451451,0.10243394993487641,0.11612223702610494,0.14294116410942773,0.28692271270692027,0.19134545459684732,0.16078333337651754,0.22918690144298173,0.14437048042259004,0.21451592261308966,0.2689247192930982,0.15964093019384634,0.14285673366001256,0.2966876155864487,0.18557650757407296,0.15590925160367558,0.20897730102038303,0.10559553357599218,0.21451592261308966,0.28692271270692027,0.14633751934435915,0.04739724696115406,0.16073724468514097,0.32365921700339856,0.2727513537833833,0.13334108674318298,0.2613137533932746
111,24,0.14771355245308102,0.0742155638599008,0.2439245688888705,0.1950617656307004,0.04739724696115406,0.32365921700339856,0,False,5,0,0,0,0,1665,2189,796,411,2397,109,2415,341,1077,1341,2059,1011,1008,446,1871,2298,171,2359,1115,2347,2506,2272,117,2469,0.15468576209081103,0.16617032067315154,0.17355269952506522,0.1721029546055724,0.16610586446093445,0.10148641631563474,0.10584080364130892,0.2144230624022291,0.12040023731741607,0.1986768226581361,0.2439245688888705,0.1577771047101111,0.09647224390390172,0.1504883042688137,0.13658109372825622,0.10632121882941044,0.16617032067315154,0.11910199066031729,0.0742155638599008,0.10621775868167622,0.23551156957314826,0.1603423904451451,0.10243394993487641,0.11612223702610494,0.14294116410942773,0.28692271270692027,0.19134545459684732,0.16078333337651754,0.22918690144298173,0.14437048042259004,0.21451592261308966,0.2689247192930982,0.15964093019384634,0.14285673366001256,0.2966876155864487,0.17011179860956688,0.14291681397003594,0.20897730102038303,0.10559553357599218,0.19663959572866552,0.28692271270692027,0.14633751934435915,0.04739724696115406,0.14734247429471256,0.32365921700339856,0.2727513537833833,0.13334108674318298,0.2613137533932746
112,24,0.14764642635173916,0.07114314299259963,0.250736724303035,0.19303738548185742,0.04344747638105789,0.32365921700339856,0,False,5,0,0,0,0,1665,2189,796,411,2397,109,2415,341,1077,1341,2059,1011,1008,446,1871,2298,171,2359,1115,2347,2506,2272,117,2469,0.15468576209081103,0.16617032067315154,0.17355269952506522,0.1721029546055724,0.16610586446093445,0.10148641631563474,0.10584080364130892,0.2144230624022291,0.12040023731741607,0.1986768226581361,0.250736724303035,0.1577771047101111,0.09647224390390172,0.1504883042688137,0.13307854298538205,0.10632121882941044,0.16617032067315154,0.11910199066031729,0.07114314299259963,0.10621775868167622,0.23551156957314826,0.1603423904451451,0.10058573969868337,0.11612223702610494,0.14294116410942773,0.28692271270692027,0.19134545459684732,0.16078333337651754,0.22918690144298173,0.14437048042259004,0.21451592261308966,0.2689247192930982,0.15964093019384634,0.14285673366001256,0.2719636476209113,0.17011179860956688,0.14291681397003594,0.20897730102038303,0.09679590577799282,0.19663959572866552,0.28692271270692027,0.14633751934435915,0.04344747638105789,0.14734247429471256,0.32365921700339856,0.2727513537833833,0.1222293295145844,0.2613137533932746
113,24,0.1473307999245085,0.06812251032824475,0.250736724303035,0.18801239986117424,0.03982685334930307,0.32365921700339856,0,False,5,0,0,0,0,1665,2189,796,411,2397,109,2415,341,1077,1341,2059,1011,1008,446,1871,2298,171,2359,1115,2347,2506,2272,117,2469,0.15230375630016532,0.16617032067315154,0.17321267692018932,0.1721029546055724,0.16610586446093445,0.10148641631563474,0.10632121882941044,0.21870400862994532,0.12040023731741607,0.1986768226581361,0.250736724303035,0.15653424539780128,0.09647224390390172,0.1504883042688137,0.13307854298538205,0.10632121882941044,0.16617032067315154,0.11737954866478814,0.06812251032824475,0.10471111724306102,0.23551156957314826,0.1603423904451451,0.09846394783566079,0.11612223702610494,0.13102940043364208,0.28692271270692027,0.17540000004711004,0.16078333337651754,0.22918690144298173,0.14437048042259004,0.19663959572866552,0.24651432601867332,0.15964093019384634,0.14285673366001256,0.2719636476209113,0.15593581539210297,0.14291681397003594,0.20897730102038303,0.09679590577799282,0.19663959572866552,0.28692271270692027,0.13414272606566255,0.03982685334930307,0.1350639347701532,0.32365921700339856,0.2727513537833833,0.1120435520550357,0.2613137533932746
114,24,0.14589067263863,0.06684458651528058,0.250736724303035,0.1904278035058317,0.08872958029649342,0.32365921700339856,0,False,5,0,0,0,0,1665,2189,796,411,2397,109,2415,341,1077,1341,2059,1011,1008,446,1871,2298,171,2359,1115,2347,2754,2506,2272,2469,0.15230375630016532,0.16617032067315154,0.17321267692018932,0.1721029546055724,0.16610586446093445,0.10148641631563474,0.10632121882941044,0.21870400862994532,0.12040023731741607,0.1986768226581361,0.250736724303035,0.15653424539780128,0.09647224390390172,0.1504883042688137,0.1293466181487285,0.10632121882941044,0.16617032067315154,0.11737954866478814,0.06684458651528058,0.10471111724306102,0.06684458651528058,0.23551156957314826,0.1603423904451451,0.11818839213501878,0.13102940043364208,0.28692271270692027,0.17540000004711004,0.16078333337651754,0.22918690144298173,0.14437048042259004,0.19663959572866552,0.24651432601867332,0.15964093019384634,0.14285673366001256,0.2719636476209113,0.15593581539210297,0.14291681397003594,0.20897730102038303,0.08872958029649342,0.19663959572866552,0.28692271270692027,0.13414272606566255,0.11984128223686116,0.1350639347701532,0.11984128223686116,0.32365921700339856,0.2727513537833833,0.23953760727716839
115,24,0.14587546140633062,0.06539078985087962,0.250736724303035,0.18692674763618525,0.08133544860511896,0.2966876155864487,0,False,5,0,0,0,0,1665,2189,796,411,2397,109,2415,341,1077,1341,2059,1011,1008,446,1871,2298,171,2359,1115,2347,2754,2506,2272,2469,0.15230375630016532,0.16617032067315154,0.17321267692018932,0.1721029546055724,0.16610586446093445,0.09996363868583173,0.10632121882941044,0.21870400862994532,0.12040023731741607,0.1986768226581361,0.250736724303035,0.15653424539780128,0.09647224390390172,0.1504883042688137,0.12543562841090672,0.10627038165410241,0.16617032067315154,0.11737954866478814,0.06539078985087962,0.10287144955948681,0.06684458651528058,0.2439245688888705,0.1603423904451451,0.11818839213501878,0.13102940043364208,0.28692271270692027,0.17540000004711004,0.16078333337651754,0.22918690144298173,0.13233960705404085,0.19663959572866552,0.24651432601867332,0.15964093019384634,0.14285673366001256,0.2719636476209113,0.15593581539210297,0.14291681397003594,0.20897730102038303,0.08133544860511896,0.18025296275127672,0.28692271270692027,0.13414272606566255,0.10985450871712273,0.12380860687264042,0.11984128223686116,0.2966876155864487,0.2727513537833833,0.23953760727716839
116,24,0.14564636980110904,0.06539078985087962,0.250736724303035,0.18622821732076175,0.07455749455469238,0.2966876155864487,0,False,5,0,0,0,0,1665,2189,796,411,2397,109,2415,341,1077,1341,2059,1011,1008,446,1871,2298,171,2359,1115,2347,2754,2506,2272,2469,0.15230375630016532,0.16617032067315154,0.17321267692018932,0.1721029546055724,0.16610586446093445,0.09996363868583173,0.10632121882941044,0.21870400862994532,0.12040023731741607,0.1986768226581361,0.250736724303035,0.15653424539780128,0.09647224390390172,0.1504883042688137,0.12139122654998954,0.10627038165410241,0.16617032067315154,0.11737954866478814,0.06539078985087962,0.10287144955948681,0.06539078985087962,0.2439245688888705,0.1603423904451451,0.11818839213501878,0.13102940043364208,0.28692271270692027,0.17540000004711004,0.16078333337651754,0.22918690144298173,0.13233960705404085,0.19663959572866552,0.24651432601867332,0.15964093019384634,0.14285673366001256,0.2719636476209113,0.15593581539210297,0.14291681397003594,0.20897730102038303,0.07455749455469238,0.18025296275127672,0.28692271270692027,0.13414272606566255,0.10985450871712273,0.12380860687264042,0.10985450871712273,0.2966876155864487,0.2727513537833833,0.23953760727716839
117,24,0.14523234229799778,0.06378992733831362,0.250736724303035,0.1821092755008302,0.068344370008468,0.2966876155864487,0,False,5,0,0,0,0,1665,2189,796,411,2397,109,2415,341,1077,1341,2059,1011,1008,446,1871,2298,171,2359,1115,2347,2754,2506,2272,2469,0.14945894389472114,0.16617032067315154,0.17321267692018932,0.1721029546055724,0.16610586446093445,0.09996363868583173,0.10632121882941044,0.21870400862994532,0.11910199066031729,0.1986768226581361,0.250736724303035,0.15653424539780128,0.09647224390390172,0.1504883042688137,0.1172544140922085,0.10573316201926156,0.170344466664342,0.11528755877922531,0.06378992733831362,0.10287144955948681,0.06378992733831362,0.2439245688888705,0.1603423904451451,0.11818839213501878,0.12011028373083857,0.28692271270692027,0.17540000004711004,0.16078333337651754,0.22918690144298173,0.13233960705404085,0.19663959572866552,0.24651432601867332,0.14633751934435915,0.14285673366001256,0.2719636476209113,0.15593581539210297,0.14291681397003594,0.20897730102038303,0.068344370008468,0.16523188252200366,0.26301248664801025,0.12296416556019066,0.10069996632402917,0.12380860687264042,0.10069996632402917,0.2966876155864487,0.2727513537833833,0.23953760727716839
118,24,0.14496947230879292,0.06206889999511084,0.250736724303035,0.18025977109218883,0.068344370008468,0.2966876155864487,0,False,5,0,0,0,0,1665,2189,796,411,2397,109,2415,341,1077,1341,2059,1011,1008,446,1871,2298,171,2359,1115,2347,2754,2506,2272,2469,0.14945894389472114,0.16617032067315154,0.17321267692018932,0.1721029546055724,0.16610586446093445,0.09996363868583173,0.10632121882941044,0.21870400862994532,0.11910199066031729,0.1986768226581361,0.250736724303035,0.15653424539780128,0.09498602014728677,0.1504883042688137,0.1172544140922085,0.10475698630810558,0.170344466664342,0.11528755877922531,0.06206889999511084,0.10074599662954353,0.06378992733831362,0.2439245688888705,0.1603423904451451,0.11818839213501878,0.12011028373083857,0.28692271270692027,0.17540000004711004,0.16078333337651754,0.22918690144298173,0.13233960705404085,0.19663959572866552,0.24651432601867332,0.14633751934435915,0.14285673366001256,0.2719636476209113,0.15593581539210297,0.13100707947253296,0.20897730102038303,0.068344370008468,0.15146255897850336,0.26301248664801025,0.12296416556019066,0.0923083024636934,0.11349122296658705,0.10069996632402917,0.2966876155864487,0.2727513537833833,0.23953760727716839
119,24,0.14463565658765917,0.060252518628651865,0.250736724303035,0.17804839241307935,0.06264900584109567,0.2966876155864487,0,False,5,0,0,0,0,1665,2189,796,411,2397,109,2415,341,1077,1341,2059,1011,1008,446,1871,2298,171,2359,1115,2347,2754,2506,2272,2469,0.14945894389472114,0.16617032067315154,0.17321267692018932,0.1721029546055724,0.1675469014392564,0.09996363868583173,0.10632121882941044,0.21870400862994532,0.11737954866478814,0.1986768226581361,0.250736724303035,0.15653424539780128,0.09498602014728677,0.1504883042688137,0.11306165051186678,0.10475698630810558,0.170344466664342,0.11528755877922531,0.060252518628651865,0.10074599662954353,0.06206889999511084,0.2439245688888705,0.1603423904451451,0.11818839213501878,0.12011028373083857,0.28692271270692027,0.17540000004711004,0.16078333337651754,0.21008799298939992,0.13233960705404085,0.19663959572866552,0.24651432601867332,0.13414272606566255,0.14285673366001256,0.2719636476209113,0.15593581539210297,0.13100707947253296,0.20897730102038303,0.06264900584109567,0.15146255897850336,0.26301248664801025,0.12296416556019066,0.08461594392505228,0.11349122296658705,0.0923083024636934,0.2966876155864487,0.2727513537833833,0.23953760727716839
120,24,0.1444389021334386,0.05836340799439435,0.2559604471140666,0.17222685285965897,0.057428255354337696,0.2966876155864487,0,False,5,0,0,0,0,1665,2189,796,411,2397,109,2415,341,1077,1341,2059,1011,1008,446,1871,2298,171,2359,1115,2347,2754,2506,2272,2469,0.14621939182603438,0.16617032067315154,0.17321267692018932,0.17030169423713273,0.1675469014392564,0.09996363868583173,0.10632121882941044,0.21870400862994532,0.11737954866478814,0.1986768226581361,0.2559604471140666,0.15653424539780128,0.09498602014728677,0.15093704164923274,0.10884503970119674,0.10339030927247052,0.1734579063294067,0.11528755877922531,0.05836340799439435,0.09837974699695767,0.06206889999511084,0.2439245688888705,0.1603423904451451,0.11955984592748516,0.11010109341993535,0.28692271270692027,0.17540000004711004,0.14738472226180774,0.21008799298939992,0.13233960705404085,0.19663959572866552,0.24651432601867332,0.13414272606566255,0.14285673366001256,0.24930001031916868,0.15593581539210297,0.13100707947253296,0.1915625259353511,0.057428255354337696,0.13884067906362807,0.24109477942734273,0.12296416556019066,0.07756461526463125,0.10403362105270479,0.0923083024636934,0.2966876155864487,0.2727513537833833,0.21957614000407102
121,24,0.1438498058273174,0.05642198212971948,0.2559604471140666,0.16992842396805832,0.05264256740814289,0.2966876155864487,0,False,5,0,0,0,0,1665,2189,796,411,2397,109,2415,341,1077,1341,2059,1011,1008,446,1871,2298,171,2359,1115,2347,2754,2506,2272,2469,0.14621939182603438,0.16617032067315154,0.17321267692018932,0.17030169423713273,0.1675469014392564,0.09996363868583173,0.10632121882941044,0.21870400862994532,0.11528755877922531,0.1986768226581361,0.2559604471140666,0.15653424539780128,0.0932112368430573,0.15093704164923274,0.10463257106109772,0.1016813523766455,0.1734579063294067,0.11287887202270723,0.05642198212971948,0.09837974699695767,0.06206889999511084,0.2439245688888705,0.1603423904451451,0.11955984592748516,0.11010109341993535,0.28692271270692027,0.17540000004711004,0.14738472226180774,0.21008799298939992,0.13233960705404085,0.19663959572866552,0.24651432601867332,0.12296416556019066,0.14285673366001256,0.24930001031916868,0.15593581539210297,0.12008982284982186,0.1915625259353511,0.05264256740814289,0.12727062247499238,0.24109477942734273,0.1127171517635081,0.07110089732591197,0.10403362105270479,0.0923083024636934,0.2966876155864487,0.2727513537833833,0.21957614000407102
122,24,0.14328148224058024,0.0544464753682454,0.2559604471140666,0.16759335418676788,0.05264256740814289,0.2966876155864487,0,False,5,0,0,0,0,1665,2189,796,411,2397,109,2415,341,1077,1341,2059,1011,1008,446,1871,2298,171,2359,1115,2347,2754,2506,2272,2469,0.14264957847516044,0.16617032067315154,0.17321267692018932,0.17030169423713273,0.1675469014392564,0.09996363868583173,0.10632121882941044,0.21870400862994532,0.11287887202270723,0.1986768226581361,0.2559604471140666,0.15468576209081103,0.09119034230368112,0.15093704164923274,0.10463257106109772,0.1016813523766455,0.1734579063294067,0.11287887202270723,0.0544464753682454,0.09837974699695767,0.060252518628651865,0.2439245688888705,0.1603423904451451,0.11955984592748516,0.10092600230160739,0.28692271270692027,0.17540000004711004,0.14738472226180774,0.21008799298939992,0.13233960705404085,0.19663959572866552,0.24651432601867332,0.1127171517635081,0.14285673366001256,0.24930001031916868,0.14294116410942773,0.11008233761233671,0.1915625259353511,0.05264256740814289,0.12727062247499238,0.24109477942734273,0.1127171517635081,0.06517582254875263,0.10403362105270479,0.08461594392505228,0.2966876155864487,0.2727513537833833,0.21957614000407102
123,24,0.14297362201011699,0.0524530154617761,0.2559604471140666,0.16550202882520682,0.05264256740814289,0.2966876155864487,0,False,5,0,0,0,0,1665,2189,796,411,2397,109,2415,341,1077,1341,2059,1011,1008,446,1871,2298,171,2359,1115,2347,2754,2506,2272,2469,0.14264957847516044,0.16617032067315154,0.17321267692018932,0.17030169423713273,0.1680987922598756,0.09813246943244612,0.10632121882941044,0.21870400862994532,0.11287887202270723,0.1986768226581361,0.2559604471140666,0.15468576209081103,0.08896354574605597,0.15093704164923274,0.10463257106109772,0.1016813523766455,0.1734579063294067,0.11287887202270723,0.0524530154617761,0.09837974699695767,0.05836340799439435,0.2439245688888705,0.1603423904451451,0.11955984592748516,0.10092600230160739,0.28692271270692027,0.17540000004711004,0.14738472226180774,0.19258066024028325,0.12131130646620411,0.19663959572866552,0.24651432601867332,0.1127171517635081,0.14285673366001256,0.24930001031916868,0.14294116410942773,0.10090880947797531,0.1915625259353511,0.05264256740814289,0.12727062247499238,0.24109477942734273,0.1127171517635081,0.059744504003023245,0.10403362105270479,0.07756461526463125,0.2966876155864487,0.2727513537833833,0.21957614000407102
124,24,0.14253508059349057,0.0524530154617761,0.2559604471140666,0.16425763085775633,0.04825568679079765,0.2966876155864487,0,False,5,0,0,0,0,1665,2189,796,411,2397,109,2415,341,1077,1341,2059,1011,1008,446,1871,2298,171,2359,1115,2347,2754,2506,2272,2469,0.14264957847516044,0.16617032067315154,0.17321267692018932,0.17030169423713273,0.1680987922598756,0.09813246943244612,0.10632121882941044,0.21870400862994532,0.11287887202270723,0.1986768226581361,0.2559604471140666,0.15468576209081103,0.08656840771045253,0.15093704164923274,0.10044839646385184,0.09967709687513614,0.1734579063294067,0.11287887202270723,0.0524530154617761,0.09837974699695767,0.05642198212971948,0.2439245688888705,0.1603423904451451,0.11955984592748516,0.10092600230160739,0.28692271270692027,0.17540000004711004,0.14738472226180774,0.19258066024028325,0.12131130646620411,0.19663959572866552,0.24651432601867332,0.1127171517635081,0.14285673366001256,0.24930001031916868,0.14294116410942773,0.09249974202147737,0.1915625259353511,0.04825568679079765,0.116664737268743,0.24109477942734273,0.1127171517635081,0.059744504003023245,0.10403362105270479,0.07110089732591197,0.2966876155864487,0.2727513537833833,0.21957614000407102
125,24,0.13182311060764537,0.05045572720602022,0.2559604471140666,0.15746987656408995,0.044234379558231174,0.28692271270692027,0,False,5,0,0,0,0,1665,2189,796,411,2397,109,2415,341,1077,1341,3020,1008,446,1871,2298,171,2359,1115,2347,2754,2059,1011,2469,3019,0.14264957847516044,0.16617032067315154,0.17321267692018932,0.17030169423713273,0.1680987922598756,0.09813246943244612,0.10632121882941044,0.21870400862994532,0.11287887202270723,0.1986768226581361,0.05585064525008903,0.08656840771045253,0.1506504866832611,0.09631312790104551,0.09967709687513614,0.1755472542080107,0.11020375807975925,0.05045572720602022,0.09828598209881484,0.05585064525008903,0.2559604471140666,0.15468576209081103,0.1202728778789633,0.09828598209881484,0.10092600230160739,0.28692271270692027,0.17540000004711004,0.14738472226180774,0.19258066024028325,0.12131130646620411,0.19663959572866552,0.24651432601867332,0.1127171517635081,0.14285673366001256,0.14850915588208596,0.09249974202147737,0.17559898210740518,0.044234379558231174,0.116664737268743,0.22100354780839748,0.10332405578321575,0.054765795336104636,0.1786974859649794,0.14850915588208596,0.24930001031916868,0.14294116410942773,0.2012781283370651,0.1786974859649794
126,24,0.12968610937675243,0.04846685686910759,0.2559604471140666,0.15836172898605624,0.040548181261711905,0.26301248664801025,0,False,5,0,0,0,0,1665,2189,796,411,2397,109,2415,341,1077,1341,3020,1008,446,3034,1871,2298,171,2359,1115,2347,2754,2059,1011,2469,0.14264957847516044,0.170344466664342,0.17321267692018932,0.17030169423713273,0.1680987922598756,0.09813246943244612,0.10632121882941044,0.21870400862994532,0.11020375807975925,0.1986768226581361,0.05649684526749136,0.08403958005283693,0.1506504866832611,0.05649684526749136,0.0922441437914026,0.09967709687513614,0.1755472542080107,0.11020375807975925,0.04846685686910759,0.09828598209881484,0.05507642893767886,0.2559604471140666,0.15230375630016532,0.12037165731043825,0.10092600230160739,0.26301248664801025,0.17540000004711004,0.14738472226180774,0.19258066024028325,0.12131130646620411,0.19663959572866552,0.24651432601867332,0.10332405578321575,0.14285673366001256,0.21946672622524546,0.08479143018635425,0.17559898210740518,0.21946672622524546,0.040548181261711905,0.116664737268743,0.22100354780839748,0.10332405578321575,0.05020197905809592,0.1786974859649794,0.13613339289191212,0.24930001031916868,0.13102940043364208,0.184504950975643
127,24,0.12261248592927987,0.04846685686910759,0.22167459937465647,0.15145499530230558,0.05020197905809592,0.26301248664801025,0,False,6,0,0,0,0,1665,3062,2189,796,411,2397,109,2415,341,1077,1341,3020,1008,446,3034,1871,2298,171,2359,1115,2347,2754,1011,2469,0.14264957847516044,0.0905320065385828,0.170344466664342,0.17321267692018932,0.17030169423713273,0.1680987922598756,0.09603773024054213,0.10627038165410241,0.22167459937465647,0.11020375807975925,0.1986768226581361,0.05683203989783311,0.08140866971789568,0.1506504866832611,0.05683203989783311,0.0905320065385828,0.09967709687513614,0.1755472542080107,0.11020375807975925,0.04846685686910759,0.09774653007633141,0.054125002745883326,0.15230375630016532,0.12037165731043825,0.10092600230160739,0.12050249948990259,0.26301248664801025,0.17540000004711004,0.14738472226180774,0.19258066024028325,0.11120203092735377,0.18025296275127672,0.2259714655171172,0.10332405578321575,0.14285673366001256,0.20117783237314166,0.07772547767082473,0.17559898210740518,0.20117783237314166,0.12050249948990259,0.116664737268743,0.22100354780839748,0.10332405578321575,0.05020197905809592,0.1638060288012311,0.12478894348425278,0.13102940043364208,0.184504950975643
128,24,0.12248889651162372,0.04846685686910759,0.22167459937465647,0.14920622062272074,0.05020197905809592,0.26301248664801025,0,False,6,0,0,0,0,1665,3062,2189,796,411,2397,109,2415,341,1077,1341,3020,1008,446,3034,1871,2298,171,2359,1115,2347,2754,1011,2469,0.14264957847516044,0.0905320065385828,0.170344466664342,0.17321267692018932,0.17030169423713273,0.1680987922598756,0.09603773024054213,0.10627038165410241,0.22167459937465647,0.11020375807975925,0.1986768226581361,0.05687711790606198,0.08140866971789568,0.1506504866832611,0.05687711790606198,0.08857943796494983,0.09967709687513614,0.1755472542080107,0.11020375807975925,0.04846685686910759,0.09774653007633141,0.053021269279310716,0.15230375630016532,0.12037165731043825,0.10092600230160739,0.12050249948990259,0.26301248664801025,0.17540000004711004,0.14738472226180774,0.19258066024028325,0.11120203092735377,0.18025296275127672,0.2259714655171172,0.10332405578321575,0.14285673366001256,0.18441301300871318,0.07772547767082473,0.17559898210740518,0.18441301300871318,0.1104606245324107,0.116664737268743,0.22100354780839748,0.10332405578321575,0.05020197905809592,0.1638060288012311,0.11438986486056504,0.13102940043364208,0.184504950975643
129,24,0.1220524067034587,0.04649690948668835,0.22167459937465647,0.14671593765702748,0.04601848080325459,0.26301248664801025,0,False,6,0,0,0,0,1665,3062,2189,796,411,2397,109,2415,341,1077,1341,3020,1008,446,3034,1871,2298,171,2359,1115,2347,2754,1011,2469,0.14264957847516044,0.08857943796494983,0.170344466664342,0.17321267692018932,0.17030169423713273,0.1680987922598756,0.09603773024054213,0.10627038165410241,0.22167459937465647,0.11020375807975925,0.1986768226581361,0.05665556842359503,0.08140866971789568,0.1506504866832611,0.05687711790606198,0.08857943796494983,0.09742251102895738,0.1755472542080107,0.11020375807975925,0.04649690948668835,0.09774653007633141,0.05178897757349218,0.14945894389472114,0.12037165731043825,0.10092600230160739,0.1104606245324107,0.26301248664801025,0.17540000004711004,0.14738472226180774,0.19258066024028325,0.11120203092735377,0.18025296275127672,0.2259714655171172,0.10332405578321575,0.14285673366001256,0.16904526192465374,0.07772547767082473,0.17559898210740518,0.18441301300871318,0.1104606245324107,0.10694267582968109,0.22100354780839748,0.10332405578321575,0.04601848080325459,0.1638060288012311,0.10485737612218463,0.12011028373083857,0.184504950975643
130,24,0.11901248899132226,0.0445547926730495,0.22167459937465647,0.15015440354206852,0.042183607402983374,0.24109477942734273,0,False,5,0,0,0,0,3121,2189,796,411,2397,1665,3062,109,2415,341,1077,3138,1341,3020,1008,446,3034,2298,2359,1115,2347,2754,1011,2469,0.08865446196641198,0.1734579063294067,0.17321267692018932,0.17030169423713273,0.1680987922598756,0.14264957847516044,0.08865446196641198,0.09603773024054213,0.10627038165410241,0.22167459937465647,0.11020375807975925,0.11007684453359903,0.1986768226581361,0.05619248606077883,0.08140866971789568,0.14969365634257753,0.05665556842359503,0.09495998564331073,0.11007684453359903,0.0445547926730495,0.09774653007633141,0.05045044448873929,0.14621939182603438,0.12037165731043825,0.1845889058213765,0.24109477942734273,0.17540000004711004,0.14738472226180774,0.19258066024028325,0.10092600230160739,0.1845889058213765,0.11120203092735377,0.18025296275127672,0.2259714655171172,0.10332405578321575,0.17804705113461444,0.14285673366001256,0.15495815676426591,0.07772547767082473,0.16096573359845476,0.16904526192465374,0.09803078617720766,0.17804705113461444,0.042183607402983374,0.1638060288012311,0.0961192614453359,0.11010109341993535,0.184504950975643
131,24,0.11877163253422497,0.042647961986101796,0.22167459937465647,0.14568323459732235,0.03866830678606809,0.2259714655171172,0,False,5,0,0,0,0,3121,2189,796,411,2397,1665,3062,109,2415,341,1077,3138,1341,3020,1008,446,3034,2298,2359,1115,2347,2754,1011,2469,0.0883134831743219,0.1755472542080107,0.17321267692018932,0.17030169423713273,0.1680987922598756,0.14264957847516044,0.0883134831743219,0.09603773024054213,0.10627038165410241,0.22167459937465647,0.11020375807975925,0.10945273510153884,0.1986768226581361,0.05619248606077883,0.08140866971789568,0.14969365634257753,0.05619248606077883,0.09495998564331073,0.10945273510153884,0.042647961986101796,0.09774653007633141,0.05045044448873929,0.14264957847516044,0.12037165731043825,0.16920649700292845,0.22100354780839748,0.17540000004711004,0.14738472226180774,0.19258066024028325,0.10092600230160739,0.16920649700292845,0.11120203092735377,0.18025296275127672,0.2259714655171172,0.10332405578321575,0.16320979687339657,0.14285673366001256,0.15495815676426591,0.07772547767082473,0.16096573359845476,0.15495815676426591,0.09803078617720766,0.16320979687339657,0.03866830678606809,0.1638060288012311,0.0961192614453359,0.10092600230160739,0.184504950975643
132,24,0.11841745251712495,0.04078256407320612,0.22167459937465647,0.1432107425844177,0.03544594788722908,0.2259714655171172,0,False,5,0,0,0,0,3121,2189,796,411,2397,1665,3062,109,2415,341,1077,3138,1341,3020,1008,446,3034,2298,2359,1115,2347,2754,1011,2469,0.08759559612713129,0.1755472542080107,0.1721029546055724,0.17030169423713273,0.1680987922598756,0.14264957847516044,0.0883134831743219,0.09603773024054213,0.10627038165410241,0.22167459937465647,0.11020375807975925,0.10945273510153884,0.1986768226581361,0.05619248606077883,0.07870420225935552,0.14969365634257753,0.055513715940939734,0.09495998564331073,0.10945273510153884,0.04078256407320612,0.09774653007633141,0.04902636893142152,0.14264957847516044,0.12037165731043825,0.15510595558601772,0.22100354780839748,0.16078333337651754,0.14738472226180774,0.19258066024028325,0.10092600230160739,0.16920649700292845,0.11120203092735377,0.18025296275127672,0.2259714655171172,0.10332405578321575,0.16320979687339657,0.14285673366001256,0.15495815676426591,0.07124835453158933,0.16096573359845476,0.14204497703391042,0.09803078617720766,0.16320979687339657,0.03544594788722908,0.1638060288012311,0.08810932299155791,0.10092600230160739,0.184504950975643
133,24,0.11798973196241047,0.038963574823218494,0.22339643220493557,0.14000213640175463,0.032492118896626655,0.22100354780839748,0,False,5,0,0,0,0,3121,2189,796,411,2397,1665,3062,109,2415,341,1077,3138,1341,3020,1008,446,3034,2298,2359,1115,2347,2754,1011,2469,0.08759559612713129,0.1755472542080107,0.1721029546055724,0.17030169423713273,0.1680987922598756,0.13880973642763705,0.0883134831743219,0.09603773024054213,0.10627038165410241,0.22339643220493557,0.11020375807975925,0.10945273510153884,0.1986768226581361,0.055513715940939734,0.07870420225935552,0.14969365634257753,0.05464514183066799,0.09495998564331073,0.10945273510153884,0.038963574823218494,0.09680542150804966,0.04902636893142152,0.13880973642763705,0.12037165731043825,0.15510595558601772,0.22100354780839748,0.16078333337651754,0.14738472226180774,0.19258066024028325,0.09251550210980677,0.16920649700292845,0.11120203092735377,0.18025296275127672,0.20714051005735742,0.10332405578321575,0.16320979687339657,0.14285673366001256,0.14204497703391042,0.07124835453158933,0.16096573359845476,0.13020789561441787,0.09803078617720766,0.16320979687339657,0.032492118896626655,0.1501555264011285,0.08810932299155791,0.09251550210980677,0.184504950975643
134,24,0.11774014042272025,0.03719493057297449,0.22339643220493557,0.14534048677134973,0.029784442321907766,0.22100354780839748,0,False,5,0,0,0,0,3121,2189,796,411,2397,1665,3062,3229,109,2415,341,1077,3138,1341,3020,1008,446,3034,2298,2359,1115,2347,1011,2469,0.08654107855748026,0.1755472542080107,0.1721029546055724,0.17030169423713273,0.1680987922598756,0.1347554351541053,0.0883134831743219,0.05605443530336262,0.09603773024054213,0.10627038165410241,0.22339643220493557,0.11020375807975925,0.10945273510153884,0.1986768226581361,0.05605443530336262,0.0759516634496694,0.14813450354919774,0.05464514183066799,0.09495998564331073,0.10838081747146629,0.03719493057297449,0.09550751114768594,0.13880973642763705,0.12037165731043825,0.1421804592871829,0.22100354780839748,0.16078333337651754,0.14738472226180774,0.19258066024028325,0.08480587693398954,0.16920649700292845,0.2135412289477512,0.11120203092735377,0.18025296275127672,0.20714051005735742,0.10332405578321575,0.16320979687339657,0.14285673366001256,0.2135412289477512,0.06531099165395689,0.1475519224652502,0.13020789561441787,0.09803078617720766,0.1496089804672802,0.029784442321907766,0.13764256586770113,0.09251550210980677,0.184504950975643
135,24,0.11754939324766701,0.03547965108233845,0.22339643220493557,0.14296229051032824,0.027302405461748783,0.22100354780839748,0,False,5,0,0,0,0,3121,2189,796,411,2397,1665,3062,3229,109,2415,341,1077,3138,1341,3020,1008,446,3034,2298,2359,1115,2347,1011,2469,0.08519027939604293,0.1755472542080107,0.1721029546055724,0.17030169423713273,0.1680987922598756,0.1347554351541053,0.08759559612713129,0.056293497912439254,0.09603773024054213,0.10627038165410241,0.22339643220493557,0.11020375807975925,0.10945273510153884,0.1986768226581361,0.05605443530336262,0.0759516634496694,0.14813450354919774,0.05361211271957745,0.09495998564331073,0.10838081747146629,0.03547965108233845,0.09550751114768594,0.13880973642763705,0.12037165731043825,0.13033208767991766,0.22100354780839748,0.16078333337651754,0.14738472226180774,0.19258066024028325,0.08480587693398954,0.15510595558601772,0.1957461265354386,0.11120203092735377,0.18025296275127672,0.20714051005735742,0.10332405578321575,0.16320979687339657,0.14285673366001256,0.2135412289477512,0.06531099165395689,0.1475519224652502,0.11935723764654971,0.09803078617720766,0.1496089804672802,0.027302405461748783,0.13764256586770113,0.09251550210980677,0.184504950975643
136,24,0.11699619694368145,0.03469216719159647,0.22339643220493557,0.14162006266797636,0.06531099165395689,0.22100354780839748,0,False,5,0,0,0,0,3121,2189,796,411,2397,1665,3062,3229,109,2415,341,1077,3138,1341,3020,1008,446,3034,2298,2359,2347,3284,1011,2469,0.08358272270392912,0.1755472542080107,0.1721029546055724,0.17030169423713273,0.1680987922598756,0.1305373622369796,0.08654107855748026,0.05625250216237788,0.09603773024054213,0.10627038165410241,0.22339643220493557,0.11020375807975925,0.10838081747146629,0.1986768226581361,0.056293497912439254,0.0759516634496694,0.14604186304059172,0.05243899787103244,0.09495998564331073,0.10691134337365345,0.09550751114768594,0.03469216719159647,0.13880973642763705,0.12037165731043825,0.11947108037325785,0.22100354780839748,0.16078333337651754,0.14738472226180774,0.19258066024028325,0.07773872052282374,0.1421804592871829,0.17943394932415205,0.11120203092735377,0.18025296275127672,0.20714051005735742,0.10332405578321575,0.1496089804672802,0.14285673366001256,0.1957461265354386,0.06531099165395689,0.13525592892647934,0.1094108011760039,0.09803078617720766,0.13714156542834016,0.13764256586770113,0.10836053833993639,0.09251550210980677,0.184504950975643
137,24,0.11888541383360547,0.051148857102228065,0.22339643220493557,0.14189844669613996,0.059868409016127146,0.20714051005735742,0,False,5,0,0,0,0,3121,2189,796,411,2397,1665,3062,3229,109,2415,341,1077,3306,3020,1008,446,3034,2298,2359,2347,3138,1341,1011,2469,0.08175641205273389,0.17666480189872702,0.1721029546055724,0.17030169423713273,0.1680987922598756,0.1305373622369796,0.08519027939604293,0.05595529607109333,0.09603773024054213,0.10627038165410241,0.22339643220493557,0.11020375807975925,0.0947101053496247,0.05625250216237788,0.07317359999639195,0.14604186304059172,0.051148857102228065,0.0947101053496247,0.10509415950137274,0.09389733482813076,0.10691134337365345,0.1956127726269636,0.13880973642763705,0.12037165731043825,0.1095151570088197,0.202586585491031,0.16078333337651754,0.14738472226180774,0.19258066024028325,0.07773872052282374,0.13033208767991766,0.16448112021380604,0.11120203092735377,0.18025296275127672,0.20714051005735742,0.10332405578321575,0.17319488732910704,0.17943394932415205,0.059868409016127146,0.13525592892647934,0.1002932344113369,0.17319488732910704,0.12571310164264515,0.1261723520453927,0.13714156542834016,0.13095200585501152,0.09251550210980677,0.184504950975643
138,24,0.11663895392417012,0.04976321142318729,0.22339643220493557,0.14675541066722184,0.059868409016127146,0.2341076935293222,0,False,5,0,0,0,0,3121,2189,796,411,2397,1665,3062,3229,109,2415,341,1077,3319,3306,3020,1008,446,3034,2298,2359,2347,1341,1011,2469,0.08175641205273389,0.17666480189872702,0.1721029546055724,0.16788804350976236,0.1680987922598756,0.1305373622369796,0.08519027939604293,0.05685649366958465,0.09603773024054213,0.10627038165410241,0.22339643220493557,0.11020375807975925,0.05685649366958465,0.09404522212644925,0.05595529607109333,0.07317359999639195,0.14604186304059172,0.04976321142318729,0.0947101053496247,0.10509415950137274,0.09389733482813076,0.1956127726269636,0.13880973642763705,0.12037165731043825,0.1095151570088197,0.202586585491031,0.16078333337651754,0.13510266207332375,0.19258066024028325,0.07773872052282374,0.13033208767991766,0.2341076935293222,0.11120203092735377,0.18025296275127672,0.20714051005735742,0.10332405578321575,0.2341076935293222,0.15876198005168143,0.16448112021380604,0.059868409016127146,0.13525592892647934,0.09193546487705882,0.17319488732910704,0.12571310164264515,0.1261723520453927,0.13095200585501152,0.09251550210980677,0.184504950975643
139,24,0.11617107772656728,0.04830189876298208,0.22339643220493557,0.14094463824417405,0.054879374931449884,0.21459871906854536,0,False,5,0,0,0,0,3121,2189,796,411,2397,1665,3062,3229,109,2415,341,1077,3319,3306,3020,1008,446,3034,2298,2359,2347,1341,1011,2469,0.07974731475357913,0.17666480189872702,0.1721029546055724,0.16788804350976236,0.1680987922598756,0.1305373622369796,0.08358272270392912,0.05742884559320001,0.09372195253991673,0.10573316201926156,0.22339643220493557,0.11020375807975925,0.05742884559320001,0.09404522212644925,0.055427035233776595,0.07038976312738136,0.14604186304059172,0.04830189876298208,0.09404522212644925,0.10509415950137274,0.09389733482813076,0.1956127726269636,0.13880973642763705,0.11990586963718157,0.10038889392475138,0.202586585491031,0.16078333337651754,0.13510266207332375,0.19258066024028325,0.07773872052282374,0.11947108037325785,0.21459871906854536,0.10193519501674095,0.16523188252200366,0.20714051005735742,0.10332405578321575,0.21459871906854536,0.15876198005168143,0.15077436019598886,0.054879374931449884,0.13525592892647934,0.08427417613730392,0.15876198005168143,0.12571310164264515,0.1261723520453927,0.13095200585501152,0.09251550210980677,0.16912953839433942
140,24,0.11566409416635254,0.046782999981581475,0.22339643220493557,0.13735512524519167,0.05030609368716239,0.21459871906854536,0,False,5,0,0,0,0,3121,2189,796,411,2397,1665,3062,3229,109,2415,341,1077,3319,3306,3020,1008,446,3034,2298,2359,2347,1341,1011,2469,0.07974731475357913,0.17666480189872702,0.1721029546055724,0.16788804350976236,0.1680987922598756,0.1305373622369796,0.08358272270392912,0.05769085504885622,0.09122492723462916,0.10475698630810558,0.22339643220493557,0.10730934580390053,0.05742884559320001,0.09300825494642581,0.054693381251363034,0.06761728146271163,0.14604186304059172,0.046782999981581475,0.09404522212644925,0.10509415950137274,0.09389733482813076,0.1956127726269636,0.13880973642763705,0.11990586963718157,0.10038889392475138,0.202586585491031,0.16078333337651754,0.13510266207332375,0.19258066024028325,0.07773872052282374,0.11947108037325785,0.1967154924794999,0.09344059543201254,0.15146255897850336,0.20714051005735742,0.0947137178012811,0.21459871906854536,0.14553181504737464,0.13820983017965646,0.05030609368716239,0.13525592892647934,0.07725132812586193,0.15876198005168143,0.12571310164264515,0.1261723520453927,0.13095200585501152,0.09251550210980677,0.16912953839433942
141,24,0.11473578225309237,0.04522282141114988,0.22339643220493557,0.1328189320550583,0.04611391921323219,0.20714051005735742,0,False,5,0,0,0,0,3121,2189,796,411,2397,1665,3062,3229,109,2415,341,1077,3319,3306,3020,1008,446,3034,2298,2359,2347,1341,1011,2469,0.07974731475357913,0.17666480189872702,0.1721029546055724,0.16788804350976236,0.1680987922598756,0.12620126460182118,0.08175641205273389,0.05766449616331207,0.0885834147585846,0.10339030927247052,0.22339643220493557,0.1042392565631118,0.05769085504885622,0.09300825494642581,0.05377984105226746,0.06487085205623631,0.14604186304059172,0.04522282141114988,0.09404522212644925,0.10509415950137274,0.09389733482813076,0.1956127726269636,0.1347554351541053,0.11990586963718157,0.10038889392475138,0.202586585491031,0.16078333337651754,0.13510266207332375,0.19258066024028325,0.07126049381258842,0.1095151570088197,0.1803225347728749,0.0856538791460115,0.13884067906362807,0.20714051005735742,0.08682090798450767,0.1967154924794999,0.14553181504737464,0.12669234433135176,0.04611391921323219,0.13525592892647934,0.07081371744870676,0.15876198005168143,0.12571310164264515,0.1261723520453927,0.13095200585501152,0.08480587693398954,0.16912953839433942
142,24,0.11409293528088149,0.04363592155636926,0.22339643220493557,0.12828867441286104,0.04611391921323219,0.20714051005735742,0,False,5,0,0,0,0,3121,2189,796,411,2397,1665,3062,3229,109,2415,341,1077,3319,3306,3020,1008,446,3034,2298,2359,2347,1341,1011,2469,0.07758900277333255,0.1768747064821474,0.1721029546055724,0.16788804350976236,0.1680987922598756,0.1217880150194714,0.07974731475357913,0.05737410774914698,0.0885834147585846,0.1016813523766455,0.22339643220493557,0.1042392565631118,0.05769085504885622,0.09164249468729922,0.0527112406014582,0.06487085205623631,0.14604186304059172,0.04363592155636926,0.09300825494642581,0.10509415950137274,0.09389733482813076,0.1956127726269636,0.1347554351541053,0.11990586963718157,0.09202315276435542,0.1857043700334451,0.16078333337651754,0.13510266207332375,0.19258066024028325,0.06532211932820604,0.10038889392475138,0.16529565687513534,0.0856538791460115,0.12727062247499238,0.20714051005735742,0.08682090798450767,0.1967154924794999,0.13340416379342676,0.11613464897040578,0.04611391921323219,0.13525592892647934,0.0649125743279812,0.14553181504737464,0.12571310164264515,0.1261723520453927,0.13095200585501152,0.08480587693398954,0.16912953839433942
143,24,0.1134121993285837,0.042035171130926065,0.22339643220493557,0.12419604942198208,0.04611391921323219,0.20714051005735742,0,False,5,0,0,0,0,3121,2189,796,411,2397,1665,3062,3229,109,2415,341,1077,3319,3306,3020,1008,446,3034,2298,2359,2347,1341,1011,2469,0.07531242653296907,0.1768747064821474,0.1721029546055724,0.16788804350976236,0.16782750845967515,0.1217880150194714,0.07974731475357913,0.056845419801220834,0.0885834147585846,0.1016813523766455,0.22339643220493557,0.1042392565631118,0.05766449616331207,0.09164249468729922,0.05151132190447116,0.06487085205623631,0.14348377204406793,0.042035171130926065,0.09300825494642581,0.10509415950137274,0.09389733482813076,0.19195484968192986,0.1305373622369796,0.11990586963718157,0.08435455670065914,0.1857043700334451,0.16078333337651754,0.13510266207332375,0.1765322718869263,0.06532211932820604,0.10038889392475138,0.1515210188022074,0.0856538791460115,0.12727062247499238,0.20714051005735742,0.08682090798450767,0.1803225347728749,0.13340416379342676,0.10645676155620529,0.04611391921323219,0.12398460151593939,0.059503193133982765,0.14553181504737464,0.12571310164264515,0.1261723520453927,0.12003933870042721,0.07773872052282374,0.16912953839433942
144,24,0.11281874252987296,0.04043183718726413,0.22339643220493557,0.12029432887468937,0.04611391921323219,0.20714051005735742,0,False,5,0,0,0,0,3121,2189,796,411,2397,1665,3062,3229,109,2415,341,1077,3319,3306,3020,1008,446,3034,2298,2359,2347,1341,1011,2469,0.07294579850356211,0.17624947656325934,0.1721029546055724,0.16788804350976236,0.1668051796906697,0.1217880150194714,0.07974731475357913,0.056104723677145814,0.0885834147585846,0.09967709687513614,0.22339643220493557,0.1010333983054014,0.05766449616331207,0.09164249468729922,0.05020244953879789,0.06487085205623631,0.14348377204406793,0.04043183718726413,0.09164249468729922,0.10509415950137274,0.09389733482813076,0.19195484968192986,0.1305373622369796,0.11990586963718157,0.07732501030893754,0.1702290058639913,0.16078333337651754,0.13510266207332375,0.16182124922968244,0.06532211932820604,0.10038889392475138,0.13889426723535678,0.0856538791460115,0.116664737268743,0.20714051005735742,0.07958583231913204,0.1803225347728749,0.13340416379342676,0.09758536475985484,0.04611391921323219,0.12398460151593939,0.05454459370615087,0.13340416379342676,0.12571310164264515,0.1261723520453927,0.12003933870042721,0.07773872052282374,0.16912953839433942
145,24,0.11206091261378692,0.038835683620268784,0.22339643220493557,0.11627308644510813,0.04227109261212951,0.20714051005735742,0,False,5,0,0,0,0,3121,2189,796,411,2397,1665,3062,3229,109,2415,341,1077,3319,3306,3020,1008,446,3034,2298,2359,2347,1341,1011,2469,0.07294579850356211,0.17624947656325934,0.17030169423713273,0.16494021071106518,0.1668051796906697,0.1217880150194714,0.07974731475357913,0.055178186873705334,0.08583098821259239,0.09967709687513614,0.22339643220493557,0.1010333983054014,0.05737410774914698,0.09164249468729922,0.04880541175649092,0.06216294070611603,0.14348377204406793,0.038835683620268784,0.08999058398324959,0.10297769984951442,0.09389733482813076,0.19195484968192986,0.1305373622369796,0.11990586963718157,0.07732501030893754,0.1702290058639913,0.14738472226180774,0.12384410690054676,0.16182124922968244,0.06532211932820604,0.10038889392475138,0.12731974496574372,0.07851605588384387,0.116664737268743,0.20714051005735742,0.07958583231913204,0.16529565687513534,0.13340416379342676,0.08945325102986693,0.04227109261212951,0.12398460151593939,0.04999921089730496,0.12228715014397452,0.11523700983909138,0.1261723520453927,0.12003933870042721,0.07773872052282374,0.16912953839433942
146,24,0.11150368698620099,0.03725508173618707,0.22339643220493557,0.11385917521133672,0.04227109261212951,0.20714051005735742,0,False,5,0,0,0,0,3121,2189,796,411,2397,1665,3062,3229,109,2415,341,1077,3319,3306,3020,1008,446,3034,2298,2359,2347,1341,1011,2469,0.07294579850356211,0.17624947656325934,0.17030169423713273,0.16494021071106518,0.1668051796906697,0.1217880150194714,0.07758900277333255,0.05409130606587744,0.08583098821259239,0.09967709687513614,0.22339643220493557,0.09772789009781019,0.05737410774914698,0.09164249468729922,0.04733930111126243,0.06216294070611603,0.14348377204406793,0.03725508173618707,0.08809371683299701,0.10297769984951442,0.09201820044129697,0.19195484968192986,0.1305373622369796,0.11990586963718157,0.07732501030893754,0.1702290058639913,0.14738472226180774,0.12384410690054676,0.16182124922968244,0.06532211932820604,0.09202315276435542,0.11670976621859841,0.07851605588384387,0.116664737268743,0.20714051005735742,0.07295367962587103,0.16529565687513534,0.13340416379342676,0.08199881344404468,0.04227109261212951,0.12398460151593939,0.045832609989196214,0.1120965542986433,0.11523700983909138,0.1156579893749433,0.12003933870042721,0.07773872052282374,0.16912953839433942
147,24,0.10872041440145641,0.03661775162618477,0.22339643220493557,0.11548315276761507,0.03874850156111872,0.20714051005735742,0,False,5,0,0,0,0,3121,2189,796,411,2397,1665,3062,3229,109,2415,341,1077,3319,3306,3020,1008,446,3034,3545,2359,2347,1341,1011,2469,0.07051456513719066,0.17624947656325934,0.17030169423713273,0.16494021071106518,0.1668051796906697,0.1217880150194714,0.07758900277333255,0.05286848724976732,0.08299798408461677,0.09967709687513614,0.22339643220493557,0.09772789009781019,0.05737410774914698,0.08999058398324959,0.04582146023644006,0.05950398457540524,0.14348377204406793,0.03661775162618477,0.03661775162618477,0.1006082171524986,0.09201820044129697,0.19195484968192986,0.1305373622369796,0.11990586963718157,0.07088125944985942,0.1702290058639913,0.14738472226180774,0.12384410690054676,0.16182124922968244,0.06532211932820604,0.09202315276435542,0.10698395236704854,0.07197305122685688,0.116664737268743,0.20714051005735742,0.07295367962587103,0.16529565687513534,0.12228715014397452,0.0751655789903743,0.03874850156111872,0.12398460151593939,0.1253465591567632,0.1253465591567632,0.10563392568583377,0.1156579893749433,0.12003933870042721,0.07773872052282374,0.16912953839433942
148,24,0.10368687935666066,0.03587663425198885,0.22339643220493557,0.1196260655969883,0.03874850156111872,0.20714051005735742,0,False,5,0,0,0,0,3121,2189,796,411,2397,1665,3062,3229,109,2415,341,1077,3319,3306,3020,1008,446,3034,3545,2359,2347,1341,3569,2469,0.06804144782582887,0.17486684522325213,0.17030169423713273,0.16153394564515647,0.1668051796906697,0.11733377343390776,0.07531242653296907,0.0515327389895506,0.0801115374936315,0.09967709687513614,0.22339643220493557,0.09772789009781019,0.05737410774914698,0.08999058398324959,0.044267479563117086,0.05950398457540524,0.14348377204406793,0.03680188954056063,0.03587663425198885,0.09802922615895426,0.09201820044129697,0.18779045882434509,0.03680188954056063,0.11990586963718157,0.0649744878290378,0.15604325537532537,0.14738472226180774,0.11352376465883453,0.16182124922968244,0.05987860938418887,0.08435455670065914,0.09806862300312782,0.06597529695795214,0.116664737268743,0.20714051005735742,0.07295367962587103,0.16529565687513534,0.12228715014397452,0.06890178074117644,0.03874850156111872,0.12398460151593939,0.1982343458936996,0.11490101256036626,0.09683109854534762,0.1156579893749433,0.1100360604753916,0.1982343458936996,0.16912953839433942
149,24,0.0998459828241891,0.035047826286316384,0.22339643220493557,0.11748344290897583,0.03874850156111872,0.20714051005735742,0,False,5,0,0,0,0,3121,2189,796,411,2397,1665,3062,3229,109,2415,341,1077,3319,3306,3020,3590,3034,3545,2359,2347,1341,3569,1008,446,0.06554653599189587,0.17486684522325213,0.17030169423713273,0.15774139006905236,0.1668051796906697,0.11733377343390776,0.07294579850356211,0.05010546347492986,0.0801115374936315,0.09742251102895738,0.22339643220493557,0.09772789009781019,0.056845419801220834,0.08809371683299701,0.04379223846303871,0.04379223846303871,0.03680072722006011,0.035047826286316384,0.09802922615895426,0.09201820044129697,0.18779045882434509,0.03680072722006011,0.05950398457540524,0.14348377204406793,0.05955994717661797,0.15604325537532537,0.14738472226180774,0.10406345093726498,0.16182124922968244,0.05987860938418887,0.07732501030893754,0.08989623775286718,0.06597529695795214,0.10694267582968109,0.20714051005735742,0.07295367962587103,0.1515210188022074,0.1120965542986433,0.14649329901274508,0.14649329901274508,0.18171481706922463,0.10532592818033573,0.09683109854534762,0.1156579893749433,0.1100360604753916,0.18171481706922463,0.03874850156111872,0.12398460151593939
150,24,0.10076960658133231,0.0341464644548409,0.22339643220493557,0.12649091560061929,0.05955994717661797,0.20714051005735742,0,False,5,0,0,0,0,3121,2189,796,411,2397,1665,3062,3229,109,2415,341,1077,3319,3306,3020,3590,3034,3545,2359,2347,1341,3569,3603,3608,0.06554653599189587,0.17486684522325213,0.17030169423713273,0.1575923647941227,0.1668051796906697,0.11733377343390776,0.07051456513719066,0.048606329948636874,0.07918655162624078,0.09742251102895738,0.22339643220493557,0.09435508965166492,0.056104723677145814,0.08809371683299701,0.043160802335117036,0.043160802335117036,0.03662968675159541,0.0341464644548409,0.09802922615895426,0.09201820044129697,0.18779045882434509,0.03662968675159541,0.1575923647941227,0.07918655162624078,0.05955994717661797,0.15604325537532537,0.14738472226180774,0.17872483002582623,0.16182124922968244,0.05987860938418887,0.07088125944985942,0.0824048846067949,0.1438106888781228,0.10694267582968109,0.20714051005735742,0.0668742063237151,0.13889426723535678,0.1120965542986433,0.13428552409501632,0.13428552409501632,0.16657191564678925,0.09654876749864108,0.09683109854534762,0.1156579893749433,0.1100360604753916,0.16657191564678925,0.17872483002582623,0.1438106888781228
151,24,0.100459387240183,0.03318659700785347,0.22339643220493557,0.12344404188487489,0.05955994717661797,0.20714051005735742,0,False,5,0,0,0,0,3121,2189,796,411,2397,1665,3062,3229,109,2415,341,1077,3319,3306,3020,3590,3034,3545,2359,2347,1341,3569,3603,3608,0.06554653599189587,0.17486684522325213,0.17030169423713273,0.1575923647941227,0.1668051796906697,0.11733377343390776,0.07051456513719066,0.04705321571704922,0.07918655162624078,0.09742251102895738,0.22339643220493557,0.09435508965166492,0.056104723677145814,0.08809371683299701,0.04239326710935092,0.04239326710935092,0.036305129114715076,0.03318659700785347,0.0952811293752386,0.09201820044129697,0.18779045882434509,0.036305129114715076,0.1575923647941227,0.07918655162624078,0.05955994717661797,0.15604325537532537,0.14738472226180774,0.17872483002582623,0.16182124922968244,0.05987860938418887,0.07088125944985942,0.07553781088956199,0.1438106888781228,0.10694267582968109,0.20714051005735742,0.0668742063237151,0.13889426723535678,0.1120965542986433,0.12309506375376496,0.12309506375376496,0.15269092267622347,0.08850303687375433,0.08876184033323531,0.1156579893749433,0.1100360604753916,0.15269092267622347,0.17872483002582623,0.1438106888781228
152,24,0.0992885388140388,0.03218110822618552,0.22339643220493557,0.1199866219042481,0.05459661824523314,0.21515979813827923,0,False,5,0,0,0,0,3121,2189,796,411,2397,1665,3671,3229,109,2415,341,1077,3319,3306,3020,3590,3062,3034,3545,2359,2347,1341,3569,3603,0.06304741787708737,0.17486684522325213,0.17030169423713273,0.15672860437155928,0.1668051796906697,0.11287021707182518,0.07999740509226282,0.04546220112688574,0.07798614906552925,0.09495998564331073,0.22339643220493557,0.09435508965166492,0.056104723677145814,0.08599103707605067,0.04150907238471675,0.04150907238471675,0.06804144782582887,0.03584381651630388,0.03218110822618552,0.0952811293752386,0.08991149331973228,0.18320238860703308,0.03584381651630388,0.15672860437155928,0.05459661824523314,0.15604325537532537,0.14738472226180774,0.1638310941903407,0.16182124922968244,0.05488872526883979,0.21515979813827923,0.06924299331543182,0.1318264648049459,0.09803078617720766,0.20714051005735742,0.0668742063237151,0.13889426723535678,0.10275517477375636,0.11283714177428454,0.11283714177428454,0.0649744878290378,0.1399666791198715,0.08112778380094146,0.08876184033323531,0.10601982359369802,0.10086638876910897,0.1399666791198715,0.1638310941903407
153,24,0.09911962715736532,0.03194482762438297,0.22339643220493557,0.1253868022819292,0.050046900058130374,0.20714051005735742,0,False,5,0,0,0,0,3121,2189,796,411,2397,1665,3671,3229,3690,2415,341,1077,3319,3306,3020,3590,3062,109,2359,2347,3686,1341,3569,3603,0.06055933697237192,0.17486684522325213,0.17030169423713273,0.15672860437155928,0.1668051796906697,0.11287021707182518,0.08037501007661499,0.04384760635418373,0.03194482762438297,0.09495998564331073,0.22339643220493557,0.09435508965166492,0.056104723677145814,0.08599103707605067,0.04157189217426362,0.04052671178895269,0.06804144782582887,0.07654656860668228,0.09240099589075706,0.08991149331973228,0.04157189217426362,0.18320238860703308,0.03526246714259418,0.15672860437155928,0.050046900058130374,0.15604325537532537,0.14738472226180774,0.1638310941903407,0.16182124922968244,0.05488872526883979,0.1972298149600893,0.06347274387247917,0.15770046848419633,0.09803078617720766,0.20714051005735742,0.0668742063237151,0.13889426723535678,0.10275517477375636,0.18676737995976084,0.1034340466264275,0.0649744878290378,0.1208409260712004,0.08136502030546569,0.10601982359369802,0.18676737995976084,0.10086638876910897,0.12830278919321556,0.1638310941903407
154,24,0.1042471508058171,0.03158320384976927,0.22339643220493557,0.12745473435406196,0.050046900058130374,0.23166947846054223,0,False,6,0,0,0,0,3121,3700,2189,796,411,2397,1665,3671,3229,3690,2415,341,1077,3319,3306,3020,3590,3062,109,2359,2347,1341,3569,3603,0.06055933697237192,0.16936546305877068,0.17486684522325213,0.17030169423713273,0.15522070313219738,0.16936546305877068,0.11287021707182518,0.08037501007661499,0.0422220594408771,0.03158320384976927,0.09495998564331073,0.22339643220493557,0.09435508965166492,0.056104723677145814,0.08599103707605067,0.041437276493989546,0.04052671178895269,0.06804144782582887,0.07654656860668228,0.08942246532106198,0.08991149331973228,0.18320238860703308,0.03457739863008102,0.15672860437155928,0.050046900058130374,0.23166947846054223,0.15604325537532537,0.14738472226180774,0.1501785030078123,0.23166947846054223,0.05488872526883979,0.1972298149600893,0.05818334854977257,0.14455876277717997,0.09803078617720766,0.20714051005735742,0.0668742063237151,0.13889426723535678,0.10275517477375636,0.17120343162978077,0.1034340466264275,0.0649744878290378,0.1208409260712004,0.07458460194667688,0.10601982359369802,0.10086638876910897,0.11761089009378092,0.1638310941903407
155,24,0.10356004545344316,0.031110946620948394,0.22339643220493557,0.12295984666746684,0.04587632505328618,0.23166947846054223,0,False,6,0,0,0,0,3121,3700,2189,796,411,2397,1665,3671,3229,3690,2415,341,1077,3319,3306,3020,3590,3062,109,2359,2347,1341,3569,3603,0.058095364233021085,0.16936546305877068,0.17280707594106212,0.17030169423713273,0.15522070313219738,0.16936546305877068,0.11287021707182518,0.08037501007661499,0.04059658660945688,0.031110946620948394,0.09495998564331073,0.22339643220493557,0.09435508965166492,0.056104723677145814,0.0837192114406494,0.041123434092879343,0.039463526349766374,0.06804144782582887,0.07490273373345613,0.08942246532106198,0.08761617181026442,0.18320238860703308,0.03380425335264167,0.15522070313219738,0.04587632505328618,0.23166947846054223,0.14303965076071493,0.14738472226180774,0.1501785030078123,0.23166947846054223,0.05488872526883979,0.1972298149600893,0.053334736170624855,0.13251219921241497,0.09803078617720766,0.20714051005735742,0.0668742063237151,0.13889426723535678,0.09419224354261,0.1569364789939657,0.09481454274089186,0.0649744878290378,0.11077084889860035,0.07458460194667688,0.09718483829422318,0.10086638876910897,0.10780998258596584,0.1501785030078123
156,24,0.10305553275261214,0.030542521752717388,0.22339643220493557,0.12513133337832316,0.04587632505328618,0.23166947846054223,0,False,6,0,0,0,0,3121,3700,2189,796,411,2397,1665,3671,3229,3690,2415,3763,3020,3590,3062,109,341,1077,3319,3306,3569,3603,2359,1341,0.058095364233021085,0.16936546305877068,0.17280707594106212,0.17030169423713273,0.15522070313219738,0.16936546305877068,0.11287021707182518,0.08037501007661499,0.03898071740656271,0.030542521752717388,0.09495998564331073,0.0886033743845627,0.04064920673583979,0.03833556890716069,0.06554653599189587,0.07308776117831724,0.22339643220493557,0.09435508965166492,0.055178186873705334,0.08131215168996099,0.03295779670886907,0.15522070313219738,0.0886033743845627,0.18320238860703308,0.04587632505328618,0.23166947846054223,0.14303965076071493,0.14738472226180774,0.1501785030078123,0.23166947846054223,0.05488872526883979,0.1972298149600893,0.048890174823072785,0.12146951594471372,0.09803078617720766,0.1517025517844538,0.14385843907780188,0.08691333084581754,0.05955994717661797,0.10153994482371699,0.20714051005735742,0.0668742063237151,0.12731974496574372,0.08634288991405915,0.09882581737046868,0.1501785030078123,0.1517025517844538,0.10086638876910897
157,24,0.10212413623587673,0.0298918845730292,0.22394732837241668,0.11965750544045435,0.042053297965512326,0.23166947846054223,0,False,6,0,0,0,0,3121,3700,2189,796,411,2397,1665,3671,3229,3690,2415,3763,3020,3590,3062,109,341,1077,3319,3306,3569,3603,2359,1341,0.05566657819816689,0.16936546305877068,0.17015071367648127,0.17030169423713273,0.1531405804540041,0.16936546305877068,0.11287021707182518,0.08037501007661499,0.03738259862172199,0.0298918845730292,0.09232894973642312,0.0886033743845627,0.04003353384095218,0.03715752775231041,0.06554653599189587,0.07308776117831724,0.22394732837241668,0.09094369956971793,0.05409130606587744,0.07880086082649367,0.032051778691729586,0.15522070313219738,0.0874533184845965,0.18320238860703308,0.042053297965512326,0.23166947846054223,0.13111967986398868,0.14738472226180774,0.13766362775716126,0.23166947846054223,0.05488872526883979,0.1972298149600893,0.04481599358781672,0.11134705628265425,0.08986155399577368,0.1517025517844538,0.13187023582131838,0.07967055327533273,0.05955994717661797,0.10153994482371699,0.18987880088591097,0.06130135579673884,0.11670976621859841,0.07914764908788756,0.09059033258959628,0.1501785030078123,0.13906067246908263,0.10086638876910897
158,24,0.10117004885951897,0.029172280332243217,0.2234167749400931,0.12152049089493999,0.038548856468386294,0.23166947846054223,0,False,6,0,0,0,0,3121,3700,2189,796,411,2397,1665,3671,3229,3690,2415,3763,3020,3590,3062,109,341,1077,3319,3306,3569,3603,3803,1341,0.053282246862813444,0.16936546305877068,0.16697676831466896,0.17030169423713273,0.15055964724406976,0.16936546305877068,0.10842481754857988,0.08037501007661499,0.03580911217077507,0.029172280332243217,0.09232894973642312,0.08970873199029736,0.04003353384095218,0.03594269836266842,0.06554653599189587,0.07113261543371593,0.2234167749400931,0.08751893142670125,0.05286848724976732,0.07880086082649367,0.03109884887367311,0.1531405804540041,0.08970873199029736,0.18320238860703308,0.038548856468386294,0.23166947846054223,0.12019303987532294,0.14738472226180774,0.12619165877739782,0.23166947846054223,0.050314664829769803,0.1972298149600893,0.041081327455498654,0.10206813492576639,0.08986155399577368,0.22239400580241597,0.13187023582131838,0.07303134050238834,0.05955994717661797,0.0930782827550739,0.17405556747875173,0.05619290948034394,0.10698395236704854,0.07914764908788756,0.08304113820712992,0.13766362775716126,0.22239400580241597,0.10086638876910897
159,24,0.10050055858128154,0.028396103290909712,0.2234167749400931,0.12878494327836978,0.03765788350087376,0.29569702192216374,0,False,6,0,0,0,0,3121,3700,2189,796,411,2397,1665,3671,3229,3690,2415,3821,3763,3020,3590,3062,109,341,1077,3319,3306,3569,3603,3803,0.053282246862813444,0.16936546305877068,0.16697676831466896,0.17030169423713273,0.1475473477832524,0.17536248870555143,0.10842481754857988,0.0803498610265547,0.034265993214549706,0.028396103290909712,0.09232894973642312,0.17536248870555143,0.08970873199029736,0.03929501906929004,0.03470299311449129,0.06304741787708737,0.06906588746764576,0.2234167749400931,0.08751893142670125,0.0515327389895506,0.07880086082649367,0.03011051532004697,0.1531405804540041,0.08970873199029736,0.038548856468386294,0.23166947846054223,0.12019303987532294,0.14738472226180774,0.11567568721261466,0.29569702192216374,0.050314664829769803,0.1807939970467485,0.03765788350087376,0.09356245701528584,0.08986155399577368,0.29569702192216374,0.22239400580241597,0.12088104950287518,0.06694539546052264,0.05459661824523314,0.08532175919215107,0.17405556747875173,0.05619290948034394,0.09806862300312782,0.07914764908788756,0.07612104335653576,0.13766362775716126,0.22239400580241597
160,24,0.09990826374354163,0.027574805821568897,0.2234167749400931,0.12276853254822322,0.03451972654246761,0.29569702192216374,0,False,6,0,0,0,0,3121,3700,2189,796,411,2397,1665,3671,3229,3690,2415,3821,3763,3020,3590,3062,109,341,1077,3319,3306,3569,3603,3803,0.053282246862813444,0.17095360991923006,0.16697676831466896,0.17030169423713273,0.14417004540520673,0.18020988251121833,0.10402114713826476,0.0799557907566219,0.032757945703446985,0.027574805821568897,0.09232894973642312,0.17536248870555143,0.08970873199029736,0.03845159204162789,0.033448980037463535,0.06055933697237192,0.06691367641747896,0.2234167749400931,0.08751893142670125,0.05010546347492986,0.07621337983566576,0.03011051532004697,0.1531405804540041,0.09031499182217073,0.038548856468386294,0.21236368858883037,0.12019303987532294,0.14738472226180774,0.10603604661156343,0.2710556034286501,0.04612177609395565,0.16572783062618612,0.03451972654246761,0.08576558559734536,0.08986155399577368,0.29569702192216374,0.22239400580241597,0.11080762871096891,0.06136661250547908,0.050046900058130374,0.07821161259280514,0.17405556747875173,0.05619290948034394,0.08989623775286718,0.07255201166389692,0.07612104335653576,0.13766362775716126,0.20386117198554796
161,24,0.09910406994697912,0.02671884904174023,0.2234167749400931,0.11932561955784056,0.031643082663928644,0.29569702192216374,0,False,6,0,0,0,0,3121,3700,2189,796,411,2397,1665,3671,3229,3690,2415,3821,3763,3020,3590,3062,109,341,1077,3319,3306,3569,3603,3803,0.050950006629461066,0.17095360991923006,0.16697676831466896,0.17030169423713273,0.14417004540520673,0.18020988251121833,0.10402114713826476,0.0799557907566219,0.03128875330670902,0.02671884904174023,0.08956563788633871,0.17536248870555143,0.08970873199029736,0.037520255771318414,0.03218994291703427,0.058095364233021085,0.06469955443043729,0.2234167749400931,0.08751893142670125,0.048606329948636874,0.07357481363792352,0.02909713866726719,0.1531405804540041,0.09045458645862083,0.03533645176268743,0.21236368858883037,0.12019303987532294,0.14738472226180774,0.10603604661156343,0.2710556034286501,0.04612177609395565,0.16572783062618612,0.031643082663928644,0.07861845346423324,0.08237309116279254,0.29569702192216374,0.22239400580241597,0.1015736596517215,0.05625272813002249,0.04587632505328618,0.07169397821007137,0.17405556747875173,0.05619290948034394,0.0824048846067949,0.06650601069190551,0.06977762307682445,0.13766362775716126,0.18687274098675227
162,24,0.098854189788379,0.02583768703442517,0.2234167749400931,0.1146626545524983,0.029006159108601257,0.29569702192216374,0,False,6,0,0,0,0,3121,3700,2189,796,411,2397,1665,3671,3229,3690,2415,3821,3763,3020,3590,3062,109,341,1077,3319,3306,3569,3603,3803,0.050950006629461066,0.17162608280979372,0.16697676831466896,0.17030169423713273,0.14417004540520673,0.18391750169656054,0.10402114713826476,0.0799557907566219,0.02986138431467494,0.02583768703442517,0.08956563788633871,0.17536248870555143,0.09031499182217073,0.03651690905742243,0.030933956268213037,0.05566657819816689,0.06469955443043729,0.2234167749400931,0.08751893142670125,0.048606329948636874,0.070907417451558,0.028067953524050237,0.1531405804540041,0.09016434247094124,0.03533645176268743,0.19466671453976117,0.12019303987532294,0.14738472226180774,0.10603604661156343,0.24846763647626258,0.04612177609395565,0.16572783062618612,0.029006159108601257,0.07206691567554713,0.08237309116279254,0.29569702192216374,0.20386117198554796,0.09310918801407804,0.051565000785853944,0.042053297965512326,0.07169397821007137,0.17405556747875173,0.05619290948034394,0.0824048846067949,0.060963843134246715,0.06396282115375573,0.13766362775716126,0.17130001257118957
163,24,0.09769558763036101,0.024939777468871254,0.2234167749400931,0.1101730962804251,0.026588979182884484,0.29569702192216374,0,False,6,0,0,0,0,3121,3700,2189,796,411,2397,1665,3671,3229,3690,2415,3821,3763,3020,3590,3062,109,341,1077,3319,3306,3569,3603,3803,0.04867603490765782,0.17162608280979372,0.16697676831466896,0.16788804350976236,0.14417004540520673,0.18391750169656054,0.09967919993020286,0.0799557907566219,0.028478089608956706,0.024939777468871254,0.08956563788633871,0.17536248870555143,0.09045458645862083,0.03545623267536262,0.0296879698472675,0.053282246862813444,0.06469955443043729,0.2234167749400931,0.08410271010652279,0.04705321571704922,0.06823072740797685,0.027031110364313972,0.15055964724406976,0.08948386607394392,0.03239174744913014,0.19466671453976117,0.12019303987532294,0.13510266207332375,0.10603604661156343,0.24846763647626258,0.042278294752792676,0.16572783062618612,0.026588979182884484,0.06606133936925153,0.08237309116279254,0.29569702192216374,0.18687274098675227,0.08535008901290486,0.04726791738703278,0.038548856468386294,0.07169397821007137,0.17405556747875173,0.051510167023648606,0.07553781088956199,0.055883522873059484,0.05863258605760942,0.12619165877739782,0.15702501152359044
164,24,0.09718909946471599,0.024032612300607718,0.2234167749400931,0.10772875343718769,0.02437323091764411,0.29569702192216374,0,False,6,0,0,0,0,3121,3700,2189,796,411,2397,1665,3671,3229,3690,2415,3821,3763,3020,3590,3062,109,341,1077,3319,3306,3569,3603,3803,0.04867603490765782,0.17162608280979372,0.16697676831466896,0.16788804350976236,0.1404902132008284,0.18391750169656054,0.09967919993020286,0.07922860822599878,0.02714049319549704,0.024032612300607718,0.08956563788633871,0.17536248870555143,0.09045458645862083,0.03435162846761466,0.0296879698472675,0.050950006629461066,0.06469955443043729,0.2234167749400931,0.08410271010652279,0.04705321571704922,0.06823072740797685,0.025993732100195597,0.15055964724406976,0.0884541491204067,0.03239174744913014,0.19466671453976117,0.12019303987532294,0.13510266207332375,0.09719970939393315,0.24846763647626258,0.042278294752792676,0.15191717807400393,0.02437323091764411,0.060556227755147234,0.08237309116279254,0.29569702192216374,0.18687274098675227,0.07823758159516278,0.04726791738703278,0.03533645176268743,0.07169397821007137,0.17405556747875173,0.051510167023648606,0.07553781088956199,0.055883522873059484,0.053746537219475296,0.12619165877739782,0.14393959389662456
165,24,0.09628176441406448,0.023122763127195318,0.2234167749400931,0.10478109348165197,0.022342128341173766,0.29569702192216374,0,False,6,0,0,0,0,3121,3700,2189,796,411,2397,1665,3671,3229,3690,2415,3821,3763,3020,3590,3062,109,341,1077,3319,3306,3569,3603,3803,0.04646521395203164,0.17162608280979372,0.16336130051902806,0.16788804350976236,0.1404902132008284,0.18391750169656054,0.09967919993020286,0.07922860822599878,0.025849675104829963,0.023122763127195318,0.08670298201216758,0.17536248870555143,0.09016434247094124,0.03321520115134577,0.028457898403761867,0.04867603490765782,0.06244459674033115,0.2234167749400931,0.08410271010652279,0.04705321571704922,0.0655617218419697,0.024961980499447544,0.15055964724406976,0.0884541491204067,0.029692435161702627,0.19466671453976117,0.11017695321904603,0.13510266207332375,0.09719970939393315,0.24846763647626258,0.042278294752792676,0.15191717807400393,0.022342128341173766,0.0555098754422183,0.07550866689922649,0.29569702192216374,0.17130001257118957,0.07171778312889922,0.04332892427144671,0.03239174744913014,0.06571948002589875,0.17405556747875173,0.051510167023648606,0.07553781088956199,0.05122656263363786,0.04926765911785235,0.12619165877739782,0.14393959389662456
166,24,0.09533146301830446,0.022215936650102797,0.2234167749400931,0.10044803368282836,0.020480284312742618,0.2710556034286501,0,False,6,0,0,0,0,3121,3700,2189,796,411,2397,1665,3671,3229,3690,2415,3821,3763,3020,3590,3062,109,341,1077,3319,3306,3569,3603,3803,0.044321284356088016,0.17162608280979372,0.16336130051902806,0.16494021071106518,0.1404902132008284,0.18391750169656054,0.09541571670843842,0.07820493627523124,0.024606246697412643,0.022215936650102797,0.08670298201216758,0.18020988251121833,0.09016434247094124,0.032057773645368215,0.027248713289313112,0.04646521395203164,0.060167461253400646,0.2234167749400931,0.08410271010652279,0.04546220112688574,0.06291500209345371,0.023941128509702956,0.1475473477832524,0.0884541491204067,0.027218065564894072,0.19466671453976117,0.11017695321904603,0.12384410690054676,0.09719970939393315,0.24846763647626258,0.038755103523393286,0.1392574132345036,0.020480284312742618,0.0508840524887001,0.07550866689922649,0.2710556034286501,0.17130001257118957,0.06574130120149095,0.039718180582159486,0.029692435161702627,0.06024285669040719,0.17405556747875173,0.051510167023648606,0.06924299331543182,0.046957682414168034,0.04516202085803132,0.11567568721261466,0.14393959389662456
167,24,0.09355604408023177,0.02131703650823299,0.2234167749400931,0.10932566493549246,0.0187735939533474,0.2710556034286501,0,False,6,0,0,0,0,3121,3700,2189,796,411,2397,1665,3671,4021,3690,2415,3821,3763,3020,3590,3062,4024,3229,109,341,1077,3319,3306,3603,0.044321284356088016,0.17162608280979372,0.15937636942746292,0.16494021071106518,0.13656588777144202,0.18391750169656054,0.09124450505948403,0.07820493627523124,0.03168555061150702,0.02131703650823299,0.08670298201216758,0.18020988251121833,0.09016434247094124,0.03168555061150702,0.026064533327302897,0.044321284356088016,0.05937734051443306,0.023410418583070403,0.05937734051443306,0.2234167749400931,0.08410271010652279,0.04546220112688574,0.06030298384077901,0.1475473477832524,0.027218065564894072,0.19466671453976117,0.10099554045079219,0.12384410690054676,0.08909973361110538,0.24846763647626258,0.03552551156311051,0.1392574132345036,0.14359619276803337,0.046643714781308424,0.07550866689922649,0.2710556034286501,0.17130001257118957,0.14359619276803337,0.03640833220031286,0.027218065564894072,0.1385559519662066,0.0187735939533474,0.1385559519662066,0.17405556747875173,0.051510167023648606,0.06924299331543182,0.04304454221298736,0.11567568721261466
168,24,0.09288831545276961,0.020430228484276985,0.2234167749400931,0.10436372137341605,0.01720912779056845,0.24846763647626258,0,False,6,0,0,0,0,3121,3700,2189,796,411,2397,1665,3671,4021,3690,2415,3821,3763,3020,3590,3062,4024,3229,109,341,1077,3319,3306,3603,0.044321284356088016,0.17162608280979372,0.15937636942746292,0.16494021071106518,0.13656588777144202,0.18391750169656054,0.08717674845537093,0.07692125095380055,0.03120334918286018,0.020430228484276985,0.08377060250555789,0.18391750169656054,0.08948386607394392,0.03120334918286018,0.024908713013226794,0.04224698727527473,0.0583912249604668,0.022262061484238246,0.0583912249604668,0.2234167749400931,0.08410271010652279,0.04546220112688574,0.05773609190839993,0.1475473477832524,0.027218065564894072,0.19466671453976117,0.10099554045079219,0.12384410690054676,0.08909973361110538,0.24846763647626258,0.032565052266184634,0.12765262879829498,0.13162984337069725,0.04275673854953272,0.06921627799095761,0.24846763647626258,0.15702501152359044,0.13162984337069725,0.03337430451695345,0.024949893434486232,0.12700962263568938,0.01720912779056845,0.12700962263568938,0.17405556747875173,0.051510167023648606,0.06924299331543182,0.03945749702857175,0.11567568721261466
169,24,0.09173652553556295,0.01955900673162502,0.2234167749400931,0.10084677183023953,0.015775033808021078,0.24846763647626258,0,False,6,0,0,0,0,3121,3700,2189,796,411,2397,1665,3671,4021,3690,2415,3821,3763,3020,3590,3062,4024,3229,109,341,1077,3319,3306,3603,0.04224698727527473,0.17144925308516906,0.1550892962031851,0.16494021071106518,0.13656588777144202,0.18391750169656054,0.08322129990749451,0.07692125095380055,0.03062566623362168,0.01955900673162502,0.08377060250555789,0.18391750169656054,0.08948386607394392,0.03062566623362168,0.02378392666689517,0.04024419496326415,0.0583912249604668,0.021160760453020042,0.0583912249604668,0.2234167749400931,0.08071390392447489,0.04384760635418373,0.05522295314651748,0.14417004540520673,0.024949893434486232,0.1784444883281144,0.09257924541322617,0.12384410690054676,0.08909973361110538,0.24846763647626258,0.029851297910669247,0.12765262879829498,0.12066068975647247,0.039193677003738325,0.06921627799095761,0.24846763647626258,0.15702501152359044,0.12066068975647247,0.030593112473873998,0.022870735648279045,0.12700962263568938,0.015775033808021078,0.12700962263568938,0.17405556747875173,0.04721765310501122,0.06347274387247917,0.03616937227619077,0.10603604661156343
170,24,0.0905216730845083,0.018706259225107533,0.2234167749400931,0.09573699221500631,0.014460447657352654,0.24846763647626258,0,False,6,0,0,0,0,3121,3700,2189,796,411,2397,1665,3671,4021,3690,2415,3821,3763,3020,3590,3062,4024,3229,109,341,1077,3319,3306,3603,0.04224698727527473,0.17144925308516906,0.15056219594066697,0.16153394564515647,0.13656588777144202,0.18391750169656054,0.07938495728335107,0.07692125095380055,0.029966468295433125,0.018706259225107533,0.08079487632644596,0.1865176151147513,0.0884541491204067,0.029966468295433125,0.02269224760655562,0.038314029593430936,0.05723608292966266,0.020105862900800776,0.05723608292966266,0.2234167749400931,0.07736856887698745,0.0422220594408771,0.05277058337592303,0.14417004540520673,0.024949893434486232,0.1784444883281144,0.08486430829545731,0.11352376465883453,0.08909973361110538,0.24846763647626258,0.027363689751446808,0.12765262879829498,0.11060563227676642,0.035927537253426796,0.06344825482504447,0.22776200010324069,0.14393959389662456,0.11060563227676642,0.028043686434384495,0.020964841010922455,0.11642548741604859,0.014460447657352654,0.11642548741604859,0.17405556747875173,0.043282848679593616,0.05818334854977257,0.03315525791984154,0.10603604661156343
171,24,0.08939974425609058,0.01787433110667677,0.2234167749400931,0.091986572404687,0.013255410352573266,0.24846763647626258,0,False,6,0,0,0,0,3121,3700,2189,796,411,2397,1665,3671,4021,3690,2415,3821,3763,3020,3590,3062,4024,3229,109,341,1077,3319,3306,3603,0.04024419496326415,0.17144925308516906,0.15056219594066697,0.16153394564515647,0.13245034391676358,0.18391750169656054,0.07567271856758945,0.07541311386531653,0.029238995942553463,0.01787433110667677,0.08079487632644596,0.1865176151147513,0.08711640276535723,0.029238995942553463,0.021635221773623432,0.038314029593430936,0.05593771731617786,0.019096520923491477,0.05593771731617786,0.2234167749400931,0.07408019784330791,0.04059658660945688,0.050384565546382966,0.14417004540520673,0.022870735648279045,0.1784444883281144,0.08486430829545731,0.11352376465883453,0.08167475581017992,0.24846763647626258,0.025083382272159574,0.1170149097317704,0.10138849625370255,0.03293357581564123,0.06344825482504447,0.22776200010324069,0.13194462773857252,0.10138849625370255,0.025706712564852453,0.020964841010922455,0.1067233634647112,0.013255410352573266,0.1067233634647112,0.17405556747875173,0.03967594462296081,0.053334736170624855,0.03039231975985474,0.10603604661156343
172,24,0.08852826168980317,0.0170650849838046,0.2234167749400931,0.08949576834902824,0.01215079282319216,0.24846763647626258,0,False,6,0,0,0,0,3121,3700,2189,796,411,2397,1665,3671,4021,3690,2415,3821,3763,3020,3590,3062,4024,3229,109,341,1077,3319,3306,3603,0.04024419496326415,0.17144925308516906,0.14585173170828622,0.16153394564515647,0.13245034391676358,0.18391750169656054,0.07567271856758945,0.07541311386531653,0.0284556264427575,0.0170650849838046,0.08079487632644596,0.1865176151147513,0.08711640276535723,0.0284556264427575,0.020613935517673106,0.036456970624377597,0.054520443913930954,0.01813172841143648,0.054520443913930954,0.2234167749400931,0.07085996770240799,0.03898071740656271,0.04806921719567663,0.14417004540520673,0.022870735648279045,0.1784444883281144,0.0777922826041692,0.11352376465883453,0.08167475581017992,0.24846763647626258,0.025083382272159574,0.1170149097317704,0.09293945489922734,0.03018911116433779,0.06344825482504447,0.22776200010324069,0.13194462773857252,0.09293945489922734,0.023564486517781414,0.019217770926678916,0.09782974984265193,0.01215079282319216,0.09782974984265193,0.17405556747875173,0.036369615904380745,0.048890174823072785,0.02785962644653351,0.10603604661156343
173,24,0.08744487988533302,0.016279957552178134,0.2234167749400931,0.08679435814394788,0.011138226754592813,0.24846763647626258,0,False,6,0,0,0,0,3121,3700,2189,796,411,2397,1665,3671,4021,3690,2415,3821,3763,3020,3590,3062,4024,3229,109,341,1077,3319,3306,3603,0.038314029593430936,0.17144925308516906,0.14100904764579075,0.16153394564515647,0.13245034391676358,0.18391750169656054,0.07567271856758945,0.07541311386531653,0.027627785969913127,0.016279957552178134,0.07779906260624891,0.1865176151147513,0.08551111303436189,0.027627785969913127,0.01962907746671113,0.034672951172947046,0.054520443913930954,0.01721035342542643,0.05300687285888162,0.2234167749400931,0.06771697913456162,0.03738259862172199,0.04582774604536816,0.14417004540520673,0.020964841010922455,0.1784444883281144,0.0713095923871551,0.11352376465883453,0.08167475581017992,0.24846763647626258,0.025083382272159574,0.1170149097317704,0.08519450032429172,0.027673351900642976,0.05816090025629076,0.22776200010324069,0.12094924209369147,0.08519450032429172,0.021600779307966295,0.01761629001612234,0.09782974984265193,0.011138226754592813,0.0896772706890976,0.17405556747875173,0.033338814579015684,0.04481599358781672,0.025537990909322385,0.10603604661156343
174,24,0.0860561872500377,0.015520012164268498,0.22190183350727152,0.08199326740232106,0.010210041191710078,0.24846763647626258,0,False,6,0,0,0,0,3121,3700,2189,796,411,2397,1665,3671,4021,3690,2415,3821,3763,3020,3590,3062,4024,3229,109,341,1077,3319,3306,3603,0.036456970624377597,0.17049615518844988,0.13607984228138878,0.16153394564515647,0.1281919501074392,0.18391750169656054,0.07208801627514742,0.07371458214147837,0.026765902890003967,0.015520012164268498,0.07480346924110957,0.18806066166010757,0.08367730349096751,0.026765902890003967,0.018680994568617337,0.0329614439968372,0.054520443913930954,0.016331166303034567,0.05300687285888162,0.22190183350727152,0.06465848537366792,0.03738259862172199,0.04366239315527571,0.14417004540520673,0.019217770926678916,0.16357411430077154,0.06536712635489218,0.11352376465883453,0.0748685261593316,0.24846763647626258,0.022993100416146276,0.10726366725412285,0.07809495863060074,0.02536723924225606,0.05331415856826653,0.20878183342797063,0.11087013858588385,0.07809495863060074,0.01980071436563577,0.016148265848112145,0.09782974984265193,0.010210041191710078,0.0896772706890976,0.1595509368555224,0.030560580030764374,0.04481599358781672,0.023409825000212187,0.10603604661156343
175,24,0.08541422300509278,0.014785987160593837,0.22190183350727152,0.07929913080026693,0.009359204425734237,0.22776200010324069,0,False,6,0,0,0,0,3121,3700,2189,796,411,2397,1665,3671,4021,3690,2415,3821,3763,3020,3590,3062,4024,3229,109,341,1077,3319,3306,3603,0.034672951172947046,0.17049615518844988,0.13607984228138878,0.16153394564515647,0.1281919501074392,0.1865176151147513,0.06863293092949646,0.07185777662337492,0.02587939419512245,0.014785987160593837,0.07182564675888216,0.18806066166010757,0.08367730349096751,0.02587939419512245,0.017769742505937287,0.0329614439968372,0.054520443913930954,0.01549286393571255,0.0514177768312498,0.22190183350727152,0.06465848537366792,0.03738259862172199,0.04157456350689074,0.14417004540520673,0.01761629001612234,0.16357411430077154,0.06536712635489218,0.11352376465883453,0.0748685261593316,0.22776200010324069,0.02107700871480075,0.09832502831627928,0.07158704541138401,0.023253302638734718,0.04887131202091099,0.20878183342797063,0.11087013858588385,0.07158704541138401,0.01815065483516612,0.016148265848112145,0.09782974984265193,0.009359204425734237,0.08220416479833946,0.1595509368555224,0.030560580030764374,0.04481599358781672,0.021459006250194503,0.10603604661156343
176,24,0.08460678684095983,0.014078339929613992,0.22190183350727152,0.07762149759408615,0.008579270723589718,0.22776200010324069,0,False,6,0,0,0,0,3121,3700,2189,796,411,2397,1665,3671,4021,3690,2415,3821,3763,3020,3590,3062,4024,3229,109,341,1077,3319,3306,3603,0.034672951172947046,0.17049615518844988,0.13110454802164576,0.16153394564515647,0.1281919501074392,0.1865176151147513,0.06863293092949646,0.07185777662337492,0.02497667793151587,0.014078339929613992,0.07182564675888216,0.18806066166010757,0.08165198455404107,0.02497667793151587,0.01689513076661041,0.031321537775659124,0.054520443913930954,0.014694090629151373,0.0514177768312498,0.22190183350727152,0.06169010739412945,0.03580911217077507,0.039564944220114154,0.14417004540520673,0.01761629001612234,0.16357411430077154,0.05991986582531783,0.11352376465883453,0.0748685261593316,0.22776200010324069,0.02107700871480075,0.09832502831627928,0.06562145829376867,0.021315527418840158,0.04887131202091099,0.20878183342797063,0.10163096037039353,0.06562145829376867,0.01663810026556894,0.014802577027436132,0.09782974984265193,0.008579270723589718,0.08220416479833946,0.1595509368555224,0.028013865028200677,0.041081327455498654,0.01967075572934496,0.10603604661156343
177,24,0.08344697019385723,0.013397286773080084,0.22190183350727152,0.07497589727222559,0.007864331496623907,0.22776200010324069,0,False,6,0,0,0,0,3121,3700,2189,796,411,2397,1665,3671,4021,3690,2415,3821,3763,3020,3590,3062,4024,3229,109,341,1077,3319,3306,3603,0.0329614439968372,0.17049615518844988,0.12611858768372844,0.16153394564515647,0.12383416789748967,0.1865176151147513,0.06530838404141298,0.06987258697009811,0.024065205342599864,0.013397286773080084,0.07182564675888216,0.1886111085738032,0.08165198455404107,0.024065205342599864,0.01605676270517055,0.0297520044257688,0.054520443913930954,0.013933455929180187,0.0514177768312498,0.22190183350727152,0.05881603398879159,0.034265993214549706,0.037633610848523374,0.14417004540520673,0.016148265848112145,0.16357411430077154,0.05492654367320801,0.11352376465883453,0.06862948231272062,0.22776200010324069,0.019320591321900688,0.09013127595658933,0.06015300343595461,0.019539233467270142,0.04887131202091099,0.19138334730897308,0.10163096037039353,0.06015300343595461,0.015251591910104861,0.013569028941816453,0.09782974984265193,0.007864331496623907,0.08220416479833946,0.1595509368555224,0.02567937627585062,0.03765788350087376,0.01803152608523288,0.10603604661156343
178,24,0.08271664596018982,0.01274283873335551,0.22190183350727152,0.07920081335411078,0.007208970538571915,0.22776200010324069,0,False,6,0,0,0,0,3121,3700,2189,796,411,2397,1665,3671,4021,3690,2415,3821,3763,3020,3590,3062,4024,3229,109,4294,3603,341,1077,3306,0.031321537775659124,0.17049615518844988,0.12611858768372844,0.16153394564515647,0.12383416789748967,0.1865176151147513,0.06211431139719268,0.06778649216936873,0.023151507348983292,0.01274283873335551,0.07182564675888216,0.1886111085738032,0.07946976607351168,0.023151507348983292,0.015254070958734291,0.02825135820014027,0.054520443913930954,0.013209549764333878,0.04977203039015687,0.036702888619563945,0.14417004540520673,0.22190183350727152,0.05603920595633776,0.036702888619563945,0.014802577027436132,0.16357411430077154,0.05492654367320801,0.11352376465883453,0.06862948231272062,0.22776200010324069,0.01771054204507563,0.08262033629354022,0.055140253149625056,0.017910964011664296,0.04887131202091099,0.19138334730897308,0.09316171367286073,0.055140253149625056,0.013980625917596122,0.012438276529998415,0.09782974984265193,0.007208970538571915,0.07535381773181117,0.09986223224479682,0.10603604661156343,0.1595509368555224,0.02353942825286307,0.09986223224479682
179,24,0.08156571068794392,0.012114833593859278,0.22190183350727152,0.08422581424302002,0.006608222993690922,0.20878183342797063,0,False,6,0,0,0,0,3121,3700,2189,796,411,2397,1665,3671,4021,3690,2415,3821,3763,3020,3590,3062,4024,3229,109,4294,4314,3603,341,3306,0.0297520044257688,0.17049615518844988,0.12611858768372844,0.16153394564515647,0.11941566248598563,0.18806066166010757,0.05904981771934518,0.06778649216936873,0.02224125086176069,0.012114833593859278,0.06888059831395552,0.18824358160054108,0.07716260887658416,0.02224125086176069,0.01448634859491401,0.026817907317835534,0.054520443913930954,0.012520955225196027,0.04932675546702791,0.03570428026293573,0.04932675546702791,0.14417004540520673,0.22190183350727152,0.03570428026293573,0.013569028941816453,0.16357411430077154,0.05492654367320801,0.11352376465883453,0.06291035878666057,0.20878183342797063,0.016234663541319326,0.08262033629354022,0.05054523205382296,0.016418383677358938,0.04479870268583507,0.17543473503322532,0.08539823753345567,0.05054523205382296,0.012815573757796446,0.01140175348583188,0.09782974984265193,0.006608222993690922,0.15240766625416025,0.09154037955773041,0.15240766625416025,0.10603604661156343,0.1595509368555224,0.09154037955773041
180,24,0.07951364179188715,0.011512964298603483,0.19186310984541052,0.08767042138023322,0.006057537744216678,0.24414850711378988,0,False,6,0,0,0,0,3121,3700,2189,796,411,2397,1665,3671,4021,4331,3763,3020,3590,3062,4024,3229,3690,2415,3821,4294,4314,3603,109,3306,0.02825135820014027,0.17049615518844988,0.12611858768372844,0.16153394564515647,0.11941566248598563,0.18806066166010757,0.056113313922739744,0.06778649216936873,0.021339301238367678,0.19186310984541052,0.0747596915658109,0.021339301238367678,0.013752776368931848,0.02544979884462596,0.05300687285888162,0.011866259270452647,0.011512964298603483,0.06598099695406348,0.19186310984541052,0.034651977807925075,0.048696119436981974,0.1404902132008284,0.04932675546702791,0.034651977807925075,0.012438276529998415,0.16357411430077154,0.05492654367320801,0.11352376465883453,0.06291035878666057,0.20878183342797063,0.014881774912876048,0.08262033629354022,0.04633312938267105,0.24414850711378988,0.07828171773900103,0.04633312938267105,0.011747609277980074,0.010451607362012557,0.0896772706890976,0.006057537744216678,0.015050185037579026,0.041065477462015484,0.24414850711378988,0.0839120145945862,0.13970702739964688,0.09719970939393315,0.15240766625416025,0.0839120145945862
181,24,0.07876265703038088,0.01093680405621781,0.19186310984541052,0.08481896110704397,0.0055527429321986215,0.24414850711378988,0,False,6,0,0,0,0,3121,3700,2189,796,411,2397,1665,3671,4021,4331,3763,3020,3590,3062,4024,3229,3690,2415,3821,4294,4314,3603,109,3306,0.026817907317835534,0.16884364150282863,0.12115268369864422,0.16153394564515647,0.11941566248598563,0.18806066166010757,0.056113313922739744,0.06778649216936873,0.020449787922450568,0.19186310984541052,0.07228737039984173,0.020449787922450568,0.013052446458124945,0.024145057512083446,0.05300687285888162,0.011244061620781025,0.01093680405621781,0.06598099695406348,0.19186310984541052,0.03355890932321512,0.04790283516180774,0.1404902132008284,0.048696119436981974,0.034651977807925075,0.01140175348583188,0.14994293810904058,0.050349331700440675,0.11352376465883453,0.06291035878666057,0.20878183342797063,0.014881774912876048,0.08262033629354022,0.04247203526744846,0.24414850711378988,0.07175824126075094,0.04247203526744846,0.0107686418381484,0.009580640081844843,0.0896772706890976,0.0055527429321986215,0.013796002951114106,0.041065477462015484,0.24414850711378988,0.07691934671170401,0.12806477511634298,0.09719970939393315,0.13970702739964688,0.0839120145945862
182,24,0.07823737779934681,0.010385828401534975,0.19434030677705363,0.08167209432243798,0.005090014354515403,0.24414850711378988,0,False,6,0,0,0,0,3121,3700,2189,796,411,2397,1665,3671,4021,4331,3763,3020,3590,3062,4024,3229,3690,2415,3821,4294,4314,3603,109,3306,0.02544979884462596,0.16884364150282863,0.12115268369864422,0.16153394564515647,0.11941566248598563,0.18806066166010757,0.05330263827607171,0.06562447580816617,0.019576170951485335,0.19186310984541052,0.07228737039984173,0.019576170951485335,0.01238438302648005,0.02290161912094585,0.05300687285888162,0.01065298207457557,0.010385828401534975,0.06598099695406348,0.19434030677705363,0.032436728143365366,0.046969062071762206,0.1404902132008284,0.04790283516180774,0.03355890932321512,0.010451607362012557,0.14994293810904058,0.050349331700440675,0.11352376465883453,0.06291035878666057,0.20878183342797063,0.01364162700346971,0.07573530826907854,0.03893269899516109,0.24414850711378988,0.07175824126075094,0.03893269899516109,0.0098712550183027,0.008782253408357773,0.0896772706890976,0.005090014354515403,0.012646336038521264,0.041065477462015484,0.2238027981876407,0.07050940115239535,0.11739271052331439,0.09719970939393315,0.12806477511634298,0.07691934671170401
183,24,0.0773684137342704,0.009859434486744936,0.19434030677705363,0.07912745411553733,0.004665846491639119,0.24414850711378988,0,False,6,0,0,0,0,3121,3700,2189,796,411,2397,1665,3671,4021,4331,3763,3020,3590,3062,4024,3229,3690,2415,3821,4294,4314,3603,109,3306,0.024145057512083446,0.16884364150282863,0.12115268369864422,0.16153394564515647,0.11497049599630053,0.18806066166010757,0.05061516280989176,0.06340901707469938,0.0187213065668678,0.19186310984541052,0.06976921222910022,0.0187213065668678,0.01174755995198895,0.02290161912094585,0.05300687285888162,0.01009166645427219,0.009859434486744936,0.06598099695406348,0.19434030677705363,0.03129583341218146,0.04591603508244351,0.1404902132008284,0.046969062071762206,0.032436728143365366,0.009580640081844843,0.14994293810904058,0.050349331700440675,0.11352376465883453,0.057667828887772186,0.20878183342797063,0.012504824753180568,0.06942403257998865,0.035688307412230995,0.24414850711378988,0.06577838782235503,0.035688307412230995,0.009048650433444142,0.008782253408357773,0.0896772706890976,0.004665846491639119,0.011592474701977825,0.041065477462015484,0.2238027981876407,0.06463361772302906,0.10760998464637152,0.09719970939393315,0.11739271052331439,0.07050940115239535
184,24,0.07693614271772471,0.00935695786672839,0.1957308950503584,0.07894116299042601,0.004277025950669192,0.24414850711378988,0,False,7,0,0,0,0,3121,3700,2189,4439,796,411,2397,1665,3671,4021,4331,3763,3020,3590,3062,4024,3229,3690,2415,3821,4294,4314,3603,109,0.024145057512083446,0.16884364150282863,0.12115268369864422,0.03210295024403078,0.16153394564515647,0.11497049599630053,0.1886111085738032,0.05061516280989176,0.06340901707469938,0.017887510624511747,0.19186310984541052,0.06722608289522261,0.017887510624511747,0.011140916027159145,0.021717359128821993,0.0514177768312498,0.009558791368764676,0.00935695786672839,0.06598099695406348,0.1957308950503584,0.03014541422297644,0.04476379244490418,0.1404902132008284,0.04591603508244351,0.009580640081844843,0.14994293810904058,0.050349331700440675,0.1479669510563624,0.11352376465883453,0.057667828887772186,0.19138334730897308,0.012504824753180568,0.06942403257998865,0.03271428179454508,0.24414850711378988,0.060296855503825436,0.03271428179454508,0.00829459623065713,0.008050398957661293,0.08220416479833946,0.004277025950669192,0.010626435143479673,0.041065477462015484,0.2051525650053373,0.059247482912776636,0.09864248592584056,0.09719970939393315,0.10760998464637152
185,24,0.07579082758713195,0.008877687031375306,0.1957308950503584,0.07454337288485142,0.003920607121446759,0.2238027981876407,0,False,7,0,0,0,0,3121,3700,2189,4439,796,411,2397,1665,3671,4021,4331,3763,3020,3590,3062,4024,3229,3690,2415,3821,4294,4314,3603,109,0.02290161912094585,0.16656996630060472,0.11623320003307835,0.03165312326911998,0.16153394564515647,0.11497049599630053,0.1886111085738032,0.048047886302580584,0.061160140493260504,0.017076618886380627,0.19434030677705363,0.06722608289522261,0.017076618886380627,0.010563367919231233,0.020590116974651126,0.04977203039015687,0.009053067956126095,0.008877687031375306,0.06313740329415288,0.1957308950503584,0.028993510770214007,0.04353098930866694,0.13656588777144202,0.04476379244490418,0.008782253408357773,0.1374476932666205,0.046153554058737285,0.13563637180166552,0.11352376465883453,0.057667828887772186,0.19138334730897308,0.011462756023748853,0.06363869653165626,0.029988091644999656,0.2238027981876407,0.060296855503825436,0.029988091644999656,0.007603379878102369,0.007379532377856184,0.07535381773181117,0.003920607121446759,0.009740898881523033,0.03764335434018086,0.2051525650053373,0.05431019267004525,0.09042227876535384,0.08909973361110538,0.09864248592584056
186,24,0.07489761099693557,0.008420875922993188,0.1957308950503584,0.07219991148346583,0.003593889861326196,0.2238027981876407,0,False,7,0,0,0,0,3121,3700,2189,4439,796,411,2397,1665,3671,4021,4331,3763,3020,3590,3062,4024,3229,3690,2415,3821,4294,4314,3603,109,0.021717359128821993,0.16656996630060472,0.11623320003307835,0.03110199648184616,0.16153394564515647,0.11497049599630053,0.1886111085738032,0.04559751513607639,0.061160140493260504,0.016290043583279547,0.19434030677705363,0.06467627601801784,0.016290043583279547,0.01001382115250638,0.019517716644486014,0.04977203039015687,0.008573244751516012,0.008420875922993188,0.0603584784267728,0.1957308950503584,0.02784708701848451,0.04223478359317001,0.13245034391676358,0.04353098930866694,0.008050398957661293,0.1374476932666205,0.046153554058737285,0.12433334081819339,0.11352376465883453,0.057667828887772186,0.19138334730897308,0.010507526355103115,0.06363869653165626,0.02748908400791635,0.2238027981876407,0.05527211754517331,0.02748908400791635,0.006969764888260505,0.006764571346368168,0.07535381773181117,0.003593889861326196,0.00892915730806278,0.034506408145165784,0.2051525650053373,0.04978434328087481,0.08288708886824102,0.08167475581017992,0.09042227876535384
187,24,0.07491687631777012,0.00798575466048131,0.1957308950503584,0.07873001278422698,0.003294399039549013,0.2238027981876407,0,False,8,0,0,0,0,3121,3700,2189,4439,4511,796,411,2397,1665,3671,4021,4331,4499,3763,3020,3590,3062,4024,3229,3690,2415,3821,4294,3603,0.021717359128821993,0.16375279848804317,0.11138250085169779,0.03046386736897244,0.04332401500230363,0.15774139006905236,0.11497049599630053,0.1886111085738032,0.04559751513607639,0.061160140493260504,0.015528825885755767,0.19434030677705363,0.06373814306999077,0.06373814306999077,0.015528825885755767,0.00949117935137477,0.018497983936368836,0.04977203039015687,0.008118109807693525,0.00798575466048131,0.057651188312827235,0.1957308950503584,0.026712110403579657,0.13245034391676358,0.008050398957661293,0.12599371882773547,0.04230742455384251,0.11397222908334394,0.16622042220157435,0.10406345093726498,0.057667828887772186,0.19138334730897308,0.010507526355103115,0.06363869653165626,0.025198327007256653,0.2238027981876407,0.13399944108307554,0.13399944108307554,0.025198327007256653,0.006388951147572129,0.006200857067504154,0.07535381773181117,0.003294399039549013,0.008185060865724215,0.031630874133068636,0.2051525650053373,0.045635648007468575,0.08167475581017992
188,24,0.07419747349846946,0.0075715386746807115,0.19610434492568973,0.07458815481958041,0.0030198657862532618,0.2051525650053373,0,False,8,0,0,0,0,3121,3700,2189,4439,4511,796,411,2397,1665,3671,4021,4331,4499,3763,3020,3590,3062,4024,3229,3690,2415,3821,4294,3603,0.020590116974651126,0.16375279848804317,0.11138250085169779,0.02975236207962782,0.04293591493619184,0.15363025385947654,0.11497049599630053,0.1886111085738032,0.043260533253029025,0.061160140493260504,0.014793684112180232,0.1957308950503584,0.06259966151510257,0.06373814306999077,0.014793684112180232,0.008994351959654635,0.017528760837178935,0.04808660606345848,0.007686492179864775,0.0075715386746807115,0.05502099705565591,0.19610434492568973,0.025593634984426534,0.13245034391676358,0.007379532377856184,0.12599371882773547,0.04230742455384251,0.1044745433263986,0.15236872035144314,0.09539149669249289,0.057667828887772186,0.19138334730897308,0.009631899158844522,0.06363869653165626,0.023098466423318597,0.2051525650053373,0.12283282099281924,0.13399944108307554,0.023098466423318597,0.005856538551941118,0.005684118978545474,0.0690743329208269,0.0030198657862532618,0.007502972460247197,0.028994967955312916,0.18805651792155917,0.04183267734017953,0.08167475581017992
189,24,0.07326941558248111,0.007177436441867666,0.19610434492568973,0.07172813739674888,0.00276821030406549,0.2051525650053373,0,False,8,0,0,0,0,3121,3700,2189,4439,4511,796,411,2397,1665,3671,4021,4331,4499,3763,3020,3590,3062,4024,3229,3690,2415,3821,4294,3603,0.019517716644486014,0.16046764222562024,0.11138250085169779,0.028980277621803396,0.04238652258102306,0.15363025385947654,0.11497049599630053,0.1886111085738032,0.04103326237353948,0.061160140493260504,0.014085057649617932,0.1957308950503584,0.06259966151510257,0.06259966151510257,0.014085057649617932,0.008522260630035802,0.016607917381923683,0.04637661437067307,0.007277262872554871,0.007177436441867666,0.05247204739414493,0.19610434492568973,0.024495885254407528,0.1281919501074392,0.006764571346368168,0.11549424225875751,0.04230742455384251,0.09576833138253205,0.13967132698882287,0.09539149669249289,0.057667828887772186,0.19138334730897308,0.008829240895607477,0.06363869653165626,0.02117359422137538,0.2051525650053373,0.12283282099281924,0.12283282099281924,0.02117359422137538,0.0053684936726126915,0.005210442397000018,0.06331813851075799,0.00276821030406549,0.006877724755226597,0.026578720625703506,0.18805651792155917,0.038346620895164565,0.0748685261593316
190,24,0.06693284380349605,0.006802655985222389,0.1957308950503584,0.07294098578137485,0.0025375261120600323,0.2051525650053373,0,False,8,0,0,0,0,3121,3700,2189,4439,4511,796,411,2397,1665,3671,4021,4331,4499,3763,3020,3590,3062,4024,3229,3690,2415,4572,4294,3603,0.018497983936368836,0.16046764222562024,0.11138250085169779,0.02815947707362236,0.04169560787775738,0.15363025385947654,0.11052837938974333,0.1886111085738032,0.03891191354828977,0.061160140493260504,0.013403146671810235,0.1957308950503584,0.06287017221903511,0.06128952078876089,0.013403146671810235,0.008073844456982063,0.0157333613263649,0.044655376641120945,0.006889335333683352,0.006802655985222389,0.05000732748699377,0.06287017221903511,0.023422338495648794,0.1281919501074392,0.006200857067504154,0.11549424225875751,0.04230742455384251,0.08778763710065438,0.1280320497397543,0.09539149669249289,0.05286217648045784,0.19138334730897308,0.00809347082097352,0.06363869653165626,0.019409128036260763,0.2051525650053373,0.19593008591008432,0.11259675257675096,0.019409128036260763,0.004921119199894967,0.004776238863916683,0.05804162696819482,0.0025375261120600323,0.00630458102562438,0.024363827240228213,0.19593008591008432,0.03515106915390085,0.0748685261593316
191,24,0.06647849435989193,0.006446410297613118,0.1957308950503584,0.06940465565337937,0.0023260656027216963,0.2051525650053373,0,False,8,0,0,0,0,3121,3700,2189,4439,4511,796,411,2397,1665,3671,4021,4331,4499,3763,3020,3590,3062,4024,3229,3690,2415,4572,4294,3603,0.017528760837178935,0.16046764222562024,0.11138250085169779,0.02730082912492804,0.04088245793812753,0.15363025385947654,0.11052837938974333,0.18824358160054108,0.036892631039880004,0.061160140493260504,0.0127479478164873,0.1957308950503584,0.06282762415600493,0.05983500391811113,0.0127479478164873,0.007648064207498843,0.014903045927300854,0.044655376641120945,0.006521665569912337,0.006446410297613118,0.05000732748699377,0.06282762415600493,0.022375804125619295,0.1281919501074392,0.005684118978545474,0.11549424225875751,0.04230742455384251,0.08047200067559984,0.11736271226144143,0.09539149669249289,0.05286217648045784,0.17543473503322532,0.007419014919225727,0.06363869653165626,0.0177917006999057,0.2051525650053373,0.17960257875091062,0.10321368986202172,0.0177917006999057,0.004511025933237053,0.004378218958590293,0.05804162696819482,0.0023260656027216963,0.005779199273489015,0.024363827240228213,0.17960257875091062,0.03222181339107578,0.0748685261593316
192,24,0.06490378750935917,0.0061079218234148585,0.1957308950503584,0.07599062704490724,0.0021322268024948883,0.2051525650053373,0,False,9,0,0,0,0,3121,3700,2189,4611,4439,4511,796,411,2397,1665,3671,4021,4331,4499,3763,3020,3590,3062,4024,3229,3690,4572,4294,3603,0.016607917381923683,0.16046764222562024,0.11138250085169779,0.027095403238807547,0.027095403238807547,0.03996555429815128,0.15363025385947654,0.11052837938974333,0.18703938043144552,0.034971529438691654,0.058895509605067696,0.012119286037393108,0.1957308950503584,0.06282762415600493,0.05826168504368657,0.012119286037393108,0.007243905686761891,0.014114976091308403,0.042934521177081936,0.0061732519475021,0.0061079218234148585,0.06282762415600493,0.02135849895083786,0.1281919501074392,0.005210442397000018,0.11549424225875751,0.04230742455384251,0.1570993339526332,0.1570993339526332,0.10758248623965465,0.09539149669249289,0.05286217648045784,0.16081517378045654,0.006800763675956916,0.058335471820684895,0.016309058974913557,0.2051525650053373,0.17960257875091062,0.09461254904018657,0.016309058974913557,0.004135107105467298,0.004013367378707769,0.05320482472084525,0.0021322268024948883,0.005297599334031597,0.17960257875091062,0.029536662275152795,0.0748685261593316
193,24,0.064037076287348,0.005786426122472332,0.1957308950503584,0.07329438133123443,0.0019545412356203142,0.2051525650053373,0,False,9,0,0,0,0,3121,3700,2189,4611,4439,4511,796,411,2397,1665,3671,4021,4331,4499,3763,3020,3590,3062,4024,3229,3690,4572,4294,3603,0.0157333613263649,0.16046764222562024,0.10661931342450189,0.02678416609326038,0.02678416609326038,0.03896233625696565,0.15363025385947654,0.11052837938974333,0.18703938043144552,0.033144724835850285,0.058895509605067696,0.011516842880040958,0.1957308950503584,0.06282762415600493,0.056593231459287074,0.011516842880040958,0.006860382359722709,0.01336721312225085,0.04122409491838945,0.005843134734228657,0.005786426122472332,0.06282762415600493,0.02037211761850444,0.12383416789748967,0.004776238863916683,0.11549424225875751,0.038781805841022296,0.14400772278991375,0.14400772278991375,0.09861727905301676,0.09539149669249289,0.05286217648045784,0.16081517378045654,0.0062340333696271726,0.058335471820684895,0.014949970727004094,0.2051525650053373,0.17960257875091062,0.08672816995350435,0.014949970727004094,0.0037905148466783564,0.0036789200971487877,0.04877108932744147,0.0019545412356203142,0.004856132722862297,0.17960257875091062,0.027075273752223395,0.06862948231272062
194,24,0.0632091421146501,0.00553039543027732,0.1957308950503584,0.07363911890437315,0.0017916627993186213,0.2051525650053373,0,False,9,0,0,0,0,3121,3700,2189,4611,4439,4511,796,411,2397,1665,3671,4021,4331,4499,3763,3020,3590,3062,4024,3229,4676,4572,4294,3603,0.0157333613263649,0.16046764222562024,0.10661931342450189,0.026379596101144508,0.026379596101144508,0.037889038791492406,0.15363025385947654,0.10611496305683575,0.18703938043144552,0.03140836079544858,0.058895509605067696,0.010940181448694904,0.1957308950503584,0.06282762415600493,0.05485129273262437,0.010940181448694904,0.006496537335414037,0.01265787827026962,0.039532684238040613,0.00553039543027732,0.005622533849594594,0.062498630732113786,0.019417897854986987,0.11941566248598563,0.004776238863916683,0.11549424225875751,0.038781805841022296,0.1320070792240876,0.1320070792240876,0.09039917246526535,0.09539149669249289,0.04845699510708635,0.16081517378045654,0.005714530588824908,0.058335471820684895,0.013704139833087086,0.2051525650053373,0.17960257875091062,0.07950082245737898,0.013704139833087086,0.00347463860945516,0.0033723434223863888,0.044706831883488014,0.0017916627993186213,0.08778478832929044,0.16463569718833473,0.02481900093953811,0.06291035878666057
195,24,0.06215637642986793,0.005234155929317154,0.19610434492568973,0.06888661542524827,0.0016423575660420694,0.18805651792155917,0,False,9,0,0,0,0,3121,3700,2189,4611,4439,4511,796,411,2397,1665,3671,4021,4331,4499,3763,3020,3590,3062,4024,3229,4676,4572,4294,3603,0.014903045927300854,0.1567866309310767,0.10195908576867432,0.02589395350069019,0.02589395350069019,0.036760593379347666,0.15363025385947654,0.10175214990409541,0.18703938043144552,0.02975862979216039,0.0566305520323521,0.010388768339013314,0.19610434492568973,0.062498630732113786,0.05485129273262437,0.010388768339013314,0.0061514448077059965,0.011985155260154274,0.03786753981006284,0.005234155929317154,0.005451085366219025,0.06191127624993167,0.018496680311689218,0.11941566248598563,0.004378218958590293,0.10586972207052772,0.03554998868760377,0.12100648928874697,0.12100648928874697,0.0828659080931599,0.09539149669249289,0.044418912181495816,0.16081517378045654,0.005238319706422832,0.053474182502294486,0.012562128180329828,0.18805651792155917,0.16463569718833473,0.07950082245737898,0.012562128180329828,0.003185085392000563,0.0030913148038541898,0.040981262559864014,0.0016423575660420694,0.08046938930184958,0.1509160557559735,0.022750750861243268,0.06291035878666057
196,24,0.06136299621880137,0.004953577545084228,0.19610434492568973,0.06600057066280234,0.0015054944355385636,0.18805651792155917,0,False,9,0,0,0,0,3121,3700,2189,4611,4439,4511,796,411,2397,1665,3671,4021,4331,4499,3763,3020,3590,3062,4024,3229,4676,4572,4294,3603,0.014114976091308403,0.1567866309310767,0.09741433202217441,0.02533905678003394,0.02533905678003394,0.03559058052387777,0.15363025385947654,0.10175214990409541,0.18703938043144552,0.028191790709371247,0.054378605485583924,0.009861992809152722,0.19610434492568973,0.062498630732113786,0.053055460495258895,0.009861992809152722,0.005824211034626214,0.011347291954750767,0.03623470163059782,0.004953577545084228,0.005274047334360707,0.06109421896137424,0.017608963014607508,0.11941566248598563,0.004013367378707769,0.10586972207052772,0.03258748963030345,0.11092261518135138,0.11092261518135138,0.07596041575206323,0.09539149669249289,0.044418912181495816,0.16081517378045654,0.0048017930642209284,0.04901800062710328,0.011515284165302342,0.18805651792155917,0.16463569718833473,0.07287575391926407,0.011515284165302342,0.002919661609333849,0.0028337052368663405,0.03756615734654201,0.0015054944355385636,0.07376360686002878,0.13833971777630905,0.020854854956139663,0.06291035878666057
197,24,0.06059966004176795,0.0046878599336646854,0.19553992367413023,0.062278156955744284,0.00138003656591035,0.17238514142809588,0,False,9,0,0,0,0,3121,3700,2189,4611,4439,4511,796,411,2397,1665,3671,4021,4331,4499,3763,3020,3590,3062,4024,3229,4676,4572,4294,3603,0.01336721312225085,0.1567866309310767,0.09741433202217441,0.02472611565246496,0.02472611565246496,0.034391223638744105,0.15363025385947654,0.10175214990409541,0.18703938043144552,0.02670418292730174,0.052151076223794675,0.009359183454298646,0.19553992367413023,0.06191127624993167,0.053055460495258895,0.009359183454298646,0.005513974927962032,0.010742601289233104,0.034639121242673966,0.0046878599336646854,0.005093183857344535,0.06007595151844653,0.01675495054359742,0.11497049599630053,0.0036789200971487877,0.10586972207052772,0.03258748963030345,0.10167906391623877,0.10167906391623877,0.06963038110605796,0.09539149669249289,0.044418912181495816,0.16081517378045654,0.004401643642202518,0.044933167241511335,0.010555677151527146,0.17238514142809588,0.1509160557559735,0.07287575391926407,0.010555677151527146,0.002676356475222695,0.0025975631337941452,0.034435644234330175,0.00138003656591035,0.06761663962169305,0.1268114079616166,0.019116950376461356,0.057667828887772186
198,24,0.05987561067087963,0.004436239937188377,0.19553992367413023,0.06270871830394671,0.001265033518751154,0.17238514142809588,0,False,9,0,0,0,0,3121,3700,2189,4611,4439,4511,796,411,2397,1665,3671,4021,4331,4499,3763,3020,3590,3062,4024,3229,4772,4572,4294,3603,0.01265787827026962,0.1567866309310767,0.09741433202217441,0.024065613502889653,0.024065613502889653,0.03317341504390453,0.14926327045833426,0.10175214990409541,0.18703938043144552,0.025292237470410726,0.052151076223794675,0.008879622637462375,0.19553992367413023,0.06109421896137424,0.05122328399341672,0.008879622637462375,0.0052199083156121776,0.01016946159443365,0.033084779024070324,0.004436239937188377,0.005036691784306581,0.058884211624429104,0.01593459815963948,0.11497049599630053,0.0033723434223863888,0.10586972207052772,0.03258748963030345,0.09320580858988553,0.09320580858988553,0.06382784934721979,0.08744220530145182,0.044418912181495816,0.16081517378045654,0.004034840005352308,0.044933167241511335,0.009676037388899883,0.17238514142809588,0.13833971777630905,0.06680277442599206,0.009676037388899883,0.002453326768954137,0.0023810995393113,0.03156600721480266,0.001265033518751154,0.14531525298655196,0.11624379063148188,0.01752387117842291,0.057667828887772186
199,24,0.058702135504296406,0.0049412159309507936,0.19553992367413023,0.08033666543915174,0.0021826745777020246,0.2165389819043393,0,False,9,0,0,0,0,3121,3700,2189,4611,4439,4511,796,411,2397,1665,3671,4794,4021,4796,4331,4790,4499,3763,3020,3590,3062,4772,4294,3603,0.011985155260154274,0.1567866309310767,0.09299496061437386,0.023367231951727276,0.023367231951727276,0.03194676602122994,0.1446978855730492,0.10175214990409541,0.18703938043144552,0.02395248562857093,0.049957603216919805,0.03238910628891523,0.00842255891444806,0.005090411173360255,0.19553992367413023,0.050643584730937594,0.06007595151844653,0.050643584730937594,0.00842255891444806,0.0049412159309507936,0.009626316411808502,0.005090411173360255,0.015147651160699806,0.11497049599630053,0.0030913148038541898,0.10586972207052772,0.02987186549444483,0.08543865787406173,0.08543865787406173,0.05850886190161814,0.08015535485966416,0.044418912181495816,0.16081517378045654,0.003698603338239615,0.04118873663805205,0.11226883994690245,0.008869700939824893,0.2165389819043393,0.17238514142809588,0.1445692098904927,0.1268114079616166,0.1445692098904927,0.008869700939824893,0.002248882871541292,0.0021826745777020246,0.2165389819043393,0.016063548580221,0.057667828887772186
200,24,0.05784658848012091,0.00467713517621262,0.19553992367413023,0.07586476353768297,0.002000785029560189,0.19849406674564435,0,False,9,0,0,0,0,3121,3700,2189,4611,4439,4511,796,411,2397,1665,3671,4794,4021,4796,4331,4790,4499,3763,3020,3590,3062,4772,4294,3603,0.011347291954750767,0.1567866309310767,0.09299496061437386,0.022639810352839105,0.022639810352839105,0.03071967408379605,0.13998613565089596,0.10175214990409541,0.18703938043144552,0.022681565416928947,0.047806222772088104,0.03161754713323969,0.007987217674302634,0.005116415095761024,0.19553992367413023,0.04988646747577969,0.06007595151844653,0.04988646747577969,0.007987217674302634,0.00467713517621262,0.00911167388881843,0.005116415095761024,0.014393679785494884,0.11052837938974333,0.0028337052368663405,0.10586972207052772,0.02987186549444483,0.07831876971788991,0.07831876971788991,0.05363312340981662,0.07347574195469214,0.044418912181495816,0.16081517378045654,0.0033903863933863135,0.03775634191821438,0.10291310328466058,0.008130559194839484,0.19849406674564435,0.17238514142809588,0.13252177573295165,0.1268114079616166,0.13252177573295165,0.008130559194839484,0.0020614759655795175,0.002000785029560189,0.19849406674564435,0.01472491953186925,0.05286217648045784
201,24,0.05725812444637222,0.004426935700512295,0.19553992367413023,0.07209807930680505,0.0018340529437635067,0.18195289451684066,0,False,9,0,0,0,0,3121,3700,2189,4611,4439,4511,796,411,2397,1665,3671,4794,4021,4796,4331,4790,4499,3763,3020,3590,3062,4772,4294,3603,0.010742601289233104,0.1567866309310767,0.09299496061437386,0.02189133350996216,0.02189133350996216,0.029499401765392157,0.13998613565089596,0.09745841810841095,0.18703938043144552,0.02147622619473508,0.047806222772088104,0.03161754713323969,0.007572810199186254,0.005116625703065945,0.19553992367413023,0.04897512838625733,0.058884211624429104,0.04897512838625733,0.007572810199186254,0.004426935700512295,0.008624105831353394,0.005116625703065945,0.013672110004930335,0.11052837938974333,0.0025975631337941452,0.10586972207052772,0.02987186549444483,0.07179220557473241,0.07179220557473241,0.04916369645899857,0.07347574195469214,0.04071733616637117,0.16081517378045654,0.003107854193937454,0.03775634191821438,0.10291310328466058,0.0074530125952695266,0.18195289451684066,0.17238514142809588,0.12147829442187234,0.11624379063148188,0.12147829442187234,0.0074530125952695266,0.0018896863017812244,0.0018340529437635067,0.18195289451684066,0.013497842904213478,0.05286217648045784
202,24,0.05828307477416267,0.004189918827486384,0.19412316279150152,0.07569253990332024,0.001681215198449881,0.25012348664043726,0,False,9,0,0,0,0,3121,3700,2189,4611,4439,4511,796,411,2397,1665,3671,4794,4021,4869,4790,4499,4865,3763,3020,3590,3062,4331,4294,3603,0.01016946159443365,0.1567866309310767,0.0887085819737105,0.021128941543793637,0.021128941543793637,0.028292162296794644,0.13998613565089596,0.09324914362077308,0.18703938043144552,0.02033333172344534,0.047806222772088104,0.030783594373461814,0.007178541330092896,0.005224537330690137,0.04793194537408163,0.05754553054000057,0.04916810609187372,0.04916810609187372,0.007178541330092896,0.004189918827486384,0.008162246479151106,0.19412316279150152,0.012982250547603403,0.11052837938974333,0.0023810995393113,0.10586972207052772,0.02738254336990776,0.06580952177683805,0.06580952177683805,0.045066721754082016,0.07347574195469214,0.037324224819173565,0.16081517378045654,0.002848866344442666,0.03775634191821438,0.09433701134427219,0.006831928212330399,0.25012348664043726,0.11135510322004964,0.10655680807885838,0.19468843655338297,0.19468843655338297,0.006831928212330399,0.0017322124432994556,0.001681215198449881,0.15801971297575457,0.012373022662195688,0.05286217648045784
203,24,0.05596696641676858,0.0039654168626127705,0.19412316279150152,0.07160673791763765,0.001541113931912391,0.22927986275373416,0,False,9,0,0,0,0,3121,3700,2189,4611,4439,4511,796,411,2397,1665,3671,4794,4021,4869,4790,4894,3763,3020,3590,3062,4331,4499,4294,3603,0.009626316411808502,0.1567866309310767,0.08456079384336247,0.020358956579335622,0.020358956579335622,0.027103208481480033,0.13998613565089596,0.08913691497258033,0.18703938043144552,0.019249861908722164,0.04570352967433517,0.030783594373461814,0.006803615907680708,0.0053008565731022025,0.04677815798080912,0.012641133766882397,0.04911774606634428,0.006803615907680708,0.0039654168626127705,0.007724791060800757,0.19412316279150152,0.05608490409056579,0.012641133766882397,0.11052837938974333,0.0021826745777020246,0.10586972207052772,0.025100664755748778,0.06032539496210154,0.06032539496210154,0.041311161607908514,0.07347574195469214,0.0342138727509091,0.16081517378045654,0.0026114608157391103,0.03460998009169651,0.09433701134427219,0.006262600861302866,0.22927986275373416,0.1020755112850455,0.09467527077367939,0.1784644001739344,0.006262600861302866,0.0015878614063578342,0.001541113931912391,0.15801971297575457,0.09767707407228685,0.09467527077367939,0.05286217648045784
204,24,0.05511611833115917,0.003752792305943667,0.1919428003709427,0.06712434584942421,0.0014126877709196917,0.2101732075242563,0,False,9,0,0,0,0,3121,3700,2189,4611,4439,4511,796,411,2397,1665,3671,4794,4021,4869,4790,4894,3763,3020,3590,3062,4331,4499,4294,3603,0.00911167388881843,0.1567866309310767,0.0805554433128383,0.019586921684589916,0.019586921684589916,0.025936921907278684,0.13998613565089596,0.08513183499699321,0.18703938043144552,0.018222913439243517,0.04570352967433517,0.02989972970496428,0.006447244140969984,0.005346982914927347,0.04553364135557364,0.012279342364838783,0.048844969637191794,0.006447244140969984,0.003752792305943667,0.007310494176737676,0.1919428003709427,0.05452556947807261,0.012279342364838783,0.11052837938974333,0.002000785029560189,0.10586972207052772,0.02300894269276971,0.05529827871525975,0.05529827871525975,0.03786856480724947,0.07347574195469214,0.03136271668833334,0.16081517378045654,0.0023938390810941844,0.03460998009169651,0.0864755937322495,0.0057407174561942935,0.2101732075242563,0.09356921867795837,0.08678566487587278,0.1635923668261065,0.0057407174561942935,0.0014555396224946813,0.0014126877709196917,0.14485140356110834,0.08953731789959628,0.08678566487587278,0.05286217648045784
205,24,0.05458106171584163,0.003551436992217209,0.1890882169508057,0.06369525933870511,0.0012949637900097175,0.1926587735639016,0,False,9,0,0,0,0,3121,3700,2189,4611,4439,4511,796,411,2397,1665,3671,4794,4021,4869,4790,4894,3763,3020,3590,3062,4331,4499,4294,3603,0.008624105831353394,0.1567866309310767,0.0805554433128383,0.018817648231631918,0.018817648231631918,0.024796900332567914,0.13998613565089596,0.08513183499699321,0.18703938043144552,0.017249699507125953,0.04365483196851873,0.02989972970496428,0.00610864604105289,0.0053647236433547385,0.04421676044079066,0.011901576070566845,0.048371792879439976,0.00610864604105289,0.003551436992217209,0.006918168051491504,0.1890882169508057,0.05452556947807261,0.011901576070566845,0.11052837938974333,0.0018340529437635067,0.10586972207052772,0.02300894269276971,0.050690088822321434,0.050690088822321434,0.03471285107331201,0.07347574195469214,0.03136271668833334,0.16081517378045654,0.0021943524910030023,0.031725815084055135,0.0864755937322495,0.005262324334844769,0.1926587735639016,0.0857717837881285,0.0795535261362167,0.14995966959059762,0.005262324334844769,0.0013342446539534578,0.0012949637900097175,0.1327804532643493,0.08953731789959628,0.0795535261362167,0.05286217648045784
206,24,0.05359034613039978,0.0033607711770259683,0.18703938043144552,0.059751983610084325,0.001187050140842241,0.17660387576690978,0,False,9,0,0,0,0,3121,3700,2189,4611,4439,4511,796,411,2397,1665,3671,4794,4021,4869,4790,4894,3763,3020,3590,3062,4331,4499,4294,3603,0.008162246479151106,0.1567866309310767,0.07669486546294696,0.018055268540081996,0.018055268540081996,0.0236860416724272,0.13998613565089596,0.08124180576242643,0.18703938043144552,0.016327548769938513,0.04166429739182468,0.028977366451592254,0.005787055042368677,0.005356183048286264,0.042844290763282826,0.01151208821100603,0.047720634295642224,0.005787055042368677,0.0033607711770259683,0.006546680690229752,0.1856473540864215,0.05288887108832403,0.01151208821100603,0.11052837938974333,0.001681215198449881,0.10586972207052772,0.021091530801705567,0.04646591475379465,0.04646591475379465,0.031820113483869344,0.07347574195469214,0.02874915696430556,0.16081517378045654,0.0020114897834194187,0.02908199716038387,0.07926929425456204,0.004823797306941038,0.17660387576690978,0.07862413513911778,0.07292406562486531,0.1374630304580478,0.004823797306941038,0.0012230575994573363,0.001187050140842241,0.12171541549232019,0.08207587474129659,0.07292406562486531,0.05286217648045784
207,24,0.05077984178534648,0.0031802425848624356,0.18703938043144552,0.0627523268728039,0.0010881292957720542,0.16188688611966728,0,False,10,0,0,0,0,3121,3700,2189,4983,4611,4439,4511,796,411,2397,1665,3671,4794,4021,4869,4790,4894,3763,3020,3590,3062,4331,4294,3603,0.007724791060800757,0.1567866309310767,0.07298009910660304,0.01140133586975817,0.017303291284028192,0.017303291284028192,0.02260662349169689,0.1351746765095132,0.07747279436841167,0.18703938043144552,0.015453903692410237,0.03973509017693526,0.028977366451592254,0.0054817209206018975,0.005323662388639838,0.041431393092412165,0.01140133586975817,0.0469137453435896,0.0054817209206018975,0.0031802425848624356,0.006194953969232439,0.1817050847071033,0.011114689003470223,0.11052837938974333,0.001541113931912391,0.10586972207052772,0.019333903234896768,0.15018039348945988,0.042593755190978425,0.042593755190978425,0.029168437360213566,0.06735276345846779,0.026353393883946762,0.16081517378045654,0.0018438656348011338,0.026658497397018546,0.07926929425456204,0.004421814198029284,0.16188688611966728,0.07207212387752464,0.15018039348945988,0.12600777791987716,0.004421814198029284,0.0011211361328358916,0.0010881292957720542,0.1115724642012935,0.06684706015612653,0.05286217648045784
208,24,0.049851232227039056,0.0030093254323807573,0.18703938043144552,0.05918747789890435,0.0009974518544577163,0.16081517378045654,0,False,10,0,0,0,0,3121,3700,2189,4983,4611,4439,4511,796,411,2397,1665,3671,4794,4021,4869,4790,4894,3763,3020,3590,3062,4331,4294,3603,0.007310494176737676,0.1567866309310767,0.07298009910660304,0.011248551786852455,0.01656465768868848,0.01656465768868848,0.021560377299847076,0.1351746765095132,0.07382907832034202,0.18703938043144552,0.014626318386711558,0.037869497507417416,0.028026829411308938,0.005191912103882169,0.005269572541025424,0.0399916304395052,0.011248551786852455,0.0469137453435896,0.005191912103882169,0.0030093254323807573,0.005861961685244631,0.17734199160002737,0.01071275811047939,0.10611496305683575,0.0014126877709196917,0.10586972207052772,0.019333903234896768,0.13766536069867155,0.039044275591730224,0.039044275591730224,0.026737734246862436,0.06735276345846779,0.0241572777269512,0.16081517378045654,0.0016902101652343726,0.024436955947267,0.07266351973334853,0.004053329681526844,0.14839631227636166,0.06606611355439758,0.13766536069867155,0.12600777791987716,0.004053329681526844,0.0010277081217662338,0.0009974518544577163,0.10227475885118571,0.06127647180978265,0.04845699510708635
209,24,0.04760962977338259,0.0028475194380653403,0.18703938043144552,0.06133199572907424,0.0009143308665862399,0.16081517378045654,0,False,10,0,0,0,0,3121,3700,2189,4983,4611,4439,4511,796,5018,2397,1665,3671,4794,4021,4869,4790,4894,3763,411,3062,4331,4294,3020,3590,0.006918168051491504,0.1567866309310767,0.07120118627846549,0.011058981271001637,0.015841797011156598,0.015841797011156598,0.020548557249287013,0.1351746765095132,0.07120118627846549,0.18703938043144552,0.013842456053338273,0.037869497507417416,0.027057363943013203,0.004916917462690889,0.0051963601003509365,0.03853701726180327,0.011058981271001637,0.04597275782451662,0.0703134700223206,0.005546727584595358,0.17263350360856997,0.010309263997747977,0.004916917462690889,0.0028475194380653403,0.0012949637900097175,0.10586972207052772,0.10105607796532204,0.1261932473071156,0.03579058595908604,0.03579058595908604,0.024509589726290564,0.06735276345846779,0.10105607796532204,0.16081517378045654,0.001549359318131508,0.024436955947267,0.06660822642223616,0.0037155522080662734,0.13602995291999817,0.06056060409153111,0.1261932473071156,0.11550712975988739,0.022144171249705264,0.0009143308665862399,0.09375186228025356,0.056170099158967424,0.0037155522080662734,0.0009420657782857143
210,24,0.04714689941617745,0.002763835850433431,0.18703938043144552,0.07035779387828976,0.0008381366277040532,0.16081517378045654,0,False,10,0,0,0,0,3121,3700,2189,4983,4611,4439,4511,796,5018,2397,1665,3671,4794,4021,4869,4790,4894,3763,5061,411,3062,4331,4294,5063,0.006546680690229752,0.1567866309310767,0.06928711670722501,0.010837725191315368,0.015136680193403352,0.015136680193403352,0.019572003076281503,0.1351746765095132,0.06928711670722501,0.18703938043144552,0.01310008610988687,0.03606904534139503,0.027057363943013203,0.004656047653676703,0.005106446833322915,0.03707809217318451,0.010837725191315368,0.04491833825407067,0.01016228323102878,0.06692752054674775,0.005248323389466042,0.17263350360856997,0.01016228323102878,0.002763835850433431,0.001187050140842241,0.10586972207052772,0.09263473813487853,0.11567714336485595,0.0328080371291622,0.0328080371291622,0.02246712391576635,0.06735276345846779,0.09263473813487853,0.16081517378045654,0.001420246041620549,0.022400542951661415,0.06660822642223616,0.0034059228573940837,0.12469412350999831,0.05551388708390352,0.11567714336485595,0.1058815356132301,0.13482259089572013,0.02029882364556316,0.0008381366277040532,0.09375186228025356,0.13482259089572013,0.08419689363009525
211,24,0.04620761345549127,0.0026768664795563677,0.18703938043144552,0.06565449737214567,0.0007682919087287154,0.16081517378045654,0,False,10,0,0,0,0,3121,3700,2189,4983,4611,4439,4511,796,5018,2397,1665,3671,4794,4021,4869,4790,4894,3763,5061,411,3062,4331,4294,5063,0.006194953969232439,0.1567866309310767,0.06726565175310134,0.010589658124412493,0.01445087090094057,0.01445087090094057,0.018631197303268315,0.1351746765095132,0.06726565175310134,0.18703938043144552,0.012397081082145215,0.034334603647855066,0.0260771673689698,0.004408636083395082,0.005002181769664153,0.03562400686535548,0.010589658124412493,0.043769937093439876,0.009983067400257891,0.06367170329168839,0.0049658668356703396,0.1676493369120898,0.009983067400257891,0.0026768664795563677,0.0010881292957720542,0.10586972207052772,0.08491517662363865,0.10603738141778461,0.03007403403506535,0.03007403403506535,0.02059486358945249,0.06735276345846779,0.08491517662363865,0.16081517378045654,0.0013018922048188366,0.020533831039022964,0.06105754088704981,0.0031220959526112434,0.11430294655083179,0.05088772982691156,0.10603738141778461,0.0970580743121276,0.12358737498774344,0.018607255008432896,0.0007682919087287154,0.08593920709023242,0.12358737498774344,0.07718048582758731
212,24,0.04495954714764968,0.0025875436117145894,0.18703938043144552,0.06081297330231227,0.0007042675830013224,0.16081517378045654,0,False,10,0,0,0,0,3121,3700,2189,4983,4611,4439,4511,796,5018,2397,1665,3671,4794,4021,4869,4790,4894,3763,5061,411,3062,4331,4294,5063,0.005861961685244631,0.15277765234329127,0.06516211798899349,0.010319368906785253,0.013785573424294626,0.013785573424294626,0.017726316853304846,0.1303049270737043,0.06516211798899349,0.18703938043144552,0.011731413320717648,0.034334603647855066,0.025093436737312007,0.004174039549754929,0.004885804815242016,0.03418262525031854,0.010319368906785253,0.04254561974917307,0.009776198925265291,0.06054557845438785,0.0046985197337091646,0.1624531897957394,0.009776198925265291,0.0025875436117145894,0.0009974518544577163,0.09704724523131708,0.0778389119050021,0.09720093296630256,0.027567864532143237,0.027567864532143237,0.018878624956998113,0.06174003317026214,0.0778389119050021,0.16081517378045654,0.0011934011877506002,0.020533831039022964,0.05596941247979566,0.00286192128989364,0.10477770100492913,0.04664708567466893,0.09720093296630256,0.08896990145278362,0.11328842707209816,0.01705665042439682,0.0007042675830013224,0.07877760649937972,0.11328842707209816,0.07074877867528837
213,24,0.04358342693876907,0.002496699517133266,0.18703938043144552,0.07341670157869903,0.0006455786177512122,0.17243418855244402,0,False,10,0,0,0,0,3121,3700,2189,5128,4611,4439,5117,796,5018,2397,1665,3671,4794,4021,4869,5115,4511,3763,5061,411,3062,4331,4894,5063,0.005546727584595358,0.15277765234329127,0.06516211798899349,0.010289822237861264,0.01314167713036954,0.01348059984480737,0.01348059984480737,0.1303049270737043,0.06299937682810479,0.18703938043144552,0.011101151596664685,0.03266648134078766,0.02411242793834357,0.003951638611608049,0.004759420545249719,0.010289822237861264,0.01685727932062993,0.04126196622064768,0.00954604033824911,0.057547939459066284,0.004445486062635628,0.1624531897957394,0.010289822237861264,0.002496699517133266,0.0009143308665862399,0.09704724523131708,0.0778389119050021,0.17243418855244402,0.025270542487797965,0.1086038758211313,0.1086038758211313,0.06174003317026214,0.07135233591291859,0.16081517378045654,0.0010939510887713834,0.018822678452437718,0.05130529477314602,0.00262342784906917,0.09604622592118503,0.17243418855244402,0.017305406210581603,0.08155574299838499,0.10384772481608998,0.015635262889030416,0.0006455786177512122,0.07877760649937972,0.17243418855244402,0.06485304711901434
214,24,0.04669262218140612,0.0024050699035350898,0.18703938043144552,0.0747094156148173,0.0005917803996052779,0.16081517378045654,0,False,10,0,0,0,0,3121,3700,2189,5128,4611,4439,5117,796,5018,2397,1665,3671,4794,4021,4869,5115,4511,5143,5061,411,3062,4331,4894,5063,0.005248323389466042,0.15277765234329127,0.06299937682810479,0.01021540891016729,0.012519797314587204,0.013145969226754846,0.013145969226754846,0.12864769607389373,0.06079785689558833,0.18703938043144552,0.010504457621189584,0.031064511366342796,0.023139522056864585,0.003740837730384335,0.004624980744078931,0.01021540891016729,0.01602378420370541,0.12864769607389373,0.009296684834201215,0.057547939459066284,0.004206010104357073,0.1624531897957394,0.01021540891016729,0.0024050699035350898,0.0008381366277040532,0.09704724523131708,0.07135233591291859,0.15806467283974035,0.023164663947148133,0.09955355283603702,0.09955355283603702,0.13992836373940698,0.06540630792017538,0.16081517378045654,0.0010027884980404347,0.017254121914734574,0.04702985354205052,0.002404808861646739,0.08804237376108627,0.15806467283974035,0.015863289026366467,0.13992836373940698,0.09519374774808248,0.015635262889030416,0.0005917803996052779,0.07877760649937972,0.15806467283974035,0.05944862652576314
215,24,0.04619639743631221,0.0023132987436552117,0.18508344336844568,0.0734969109796289,0.0007682919087287154,0.1474139092987518,0,False,10,0,0,0,0,3121,3700,2189,5128,4611,4439,5117,796,5018,2397,1665,3671,4794,4021,4869,5115,4511,5143,5061,411,5180,4331,4894,5063,0.0049658668356703396,0.15277765234329127,0.06079785689558833,0.010100798158205143,0.011920312429665405,0.012787189457264335,0.012787189457264335,0.12655980619734036,0.06079785689558833,0.18508344336844568,0.009939582527091451,0.029528126511618492,0.023139522056864585,0.00354106522188575,0.0044842742653986,0.010100798158205143,0.015225349445225314,0.12864769607389373,0.0090319236652058,0.057547939459066284,0.004082002351114697,0.1624531897957394,0.010100798158205143,0.0023132987436552117,0.0007682919087287154,0.09704724523131708,0.06540630792017538,0.14489261676976198,0.02123427528488579,0.09125742343303393,0.09125742343303393,0.12826766676112306,0.06540630792017538,0.1474139092987518,0.0009192227898703985,0.015816278421840024,0.04702985354205052,0.0022044081231761773,0.08070550928099575,0.14489261676976198,0.014541348274169261,0.13992836373940698,0.08726093543574227,0.015635262889030416,0.08387579869963818,0.07877760649937972,0.14489261676976198,0.05449457431528287
216,24,0.03937864340772839,0.0022219440357631524,0.18508344336844568,0.07862124097439778,0.0007042675830013224,0.2161515653722818,0,False,10,0,0,0,0,3121,3700,2189,5128,4611,4439,5117,796,5018,2397,1665,3671,4794,4021,4869,5115,5187,4511,5143,5061,411,5180,4894,5063,0.0046985197337091646,0.14850375894801524,0.058575633921463525,0.010207320943280598,0.011343397759704658,0.012409332604008505,0.012409332604008505,0.12655980619734036,0.06079785689558833,0.18508344336844568,0.009404863343387306,0.029528126511618492,0.022179295646879097,0.0033517730512364207,0.004338922860389357,0.00995069342217164,0.010207320943280598,0.014461343642989418,0.12864769607389373,0.008755227594110852,0.057547939459066284,0.003953198802958805,0.00995069342217164,0.0022219440357631524,0.0007042675830013224,0.08895997479537399,0.05995578226016076,0.2161515653722818,0.01946475234447864,0.08365263814694777,0.08365263814694777,0.12826766676112306,0.06540630792017538,0.1474139092987518,0.000842620890714532,0.015816278421840024,0.04311069908021297,0.002020707446244829,0.0739800501742461,0.13281823203894846,0.2161515653722818,0.013329569251321822,0.13992836373940698,0.07998919081609708,0.015635262889030416,0.07688614880800167,0.13281823203894846,0.0499533597890093
217,24,0.03902334310328228,0.0031724364994784844,0.18508344336844568,0.08367690079934538,0.0006455786177512122,0.2050833793690361,0,False,11,0,0,0,0,3121,3700,2189,5230,5128,4611,4439,5117,796,5018,2397,1665,3671,4794,4021,4869,5115,5187,4511,5143,5061,411,5180,4894,0.004445486062635628,0.14402281796678154,0.05634854512813925,0.010021683041603086,0.010258350934143404,0.010789055674841582,0.012017017228714852,0.012017017228714852,0.12655980619734036,0.058575633921463525,0.18508344336844568,0.008898719489060299,0.029528126511618492,0.021235592323415958,0.0031724364994784844,0.0041903817390499445,0.009769722738738374,0.010258350934143404,0.013731014300800468,0.12864769607389373,0.008469739779477611,0.05467694260263358,0.0038209716920373188,0.010021683041603086,0.0006455786177512122,0.08154664356242615,0.054959467071814025,0.2050833793690361,0.19813893492459164,0.017842689649105417,0.07668158496803545,0.07668158496803545,0.12826766676112306,0.05995578226016076,0.1474139092987518,0.0007724024831549876,0.015816278421840024,0.03951814082352856,0.0018523151590577598,0.06781504599305892,0.12175004603570275,0.19813893492459164,0.012218771813711669,0.13992836373940698,0.07332342491475566,0.014332324314944547,0.0704789697406682,0.2050833793690361
218,24,0.0383705845198526,0.003002553726341649,0.18508344336844568,0.0783550956009952,0.0005917803996052779,0.18799309775494974,0,False,11,0,0,0,0,3121,3700,2189,5230,5128,4611,4439,5117,796,5018,2397,1665,3671,4794,4021,4869,5115,5187,4511,5143,5061,411,5180,4894,0.004206010104357073,0.1393873572799684,0.0541303272124324,0.010040609600935967,0.010257752811973685,0.01025714264726049,0.011614404976273396,0.011614404976273396,0.12655980619734036,0.058575633921463525,0.18508344336844568,0.008419649307207682,0.02805642657273417,0.020311593676088344,0.003002553726341649,0.0040399437695553,0.009562352912159367,0.010257752811973685,0.013033512483378354,0.12864769607389373,0.008178277699044213,0.051930221242679486,0.003686545503745994,0.010040609600935967,0.0005917803996052779,0.07475108993222397,0.05037951148249619,0.18799309775494974,0.18162735701420898,0.016355798845013297,0.07029145288736582,0.07029145288736582,0.12826766676112306,0.05995578226016076,0.1474139092987518,0.0007080356095587386,0.014498255220020021,0.03622496242156784,0.0016979555624696131,0.062163792160304,0.11160420886606084,0.18162735701420898,0.011200540829235696,0.13992836373940698,0.06721313950519268,0.013137963955365834,0.06460572226227917,0.18799309775494974
219,24,0.03769822355995981,0.002841645250240873,0.18508344336844568,0.07981800142797287,0.000542465366304838,0.24982507726302491,0,False,11,0,0,0,0,3121,3700,2189,5230,5128,5260,4439,5117,796,5018,2397,1665,3671,4794,4021,4869,5115,4611,5187,4511,5143,5061,411,5180,0.00397937462437342,0.13464456727127924,0.051932768997019776,0.010011533197975184,0.010473137820428559,0.010473137820428559,0.011205208285780654,0.011205208285780654,0.12655980619734036,0.058575633921463525,0.18508344336844568,0.007966226656843491,0.026648237554650712,0.020311593676088344,0.002841645250240873,0.0038887463693697785,0.009332825169962165,0.009747393238254862,0.01020982726009408,0.012367914226673533,0.12655980619734036,0.007883341996188495,0.049304985864013,0.003551002189000079,0.000542465366304838,0.06852183243787197,0.04618121885895484,0.1723270062753706,0.24982507726302491,0.24982507726302491,0.06443383181341866,0.06443383181341866,0.12826766676112306,0.05995578226016076,0.1474139092987518,0.0006490326420955103,0.013290067285018352,0.03622496242156784,0.0015564592655971452,0.056983476146945336,0.10230385812722244,0.014992815607928854,0.16649174392969157,0.010267162426799387,0.12826766676112306,0.061612044546426624,0.012043133625752014,0.059221912073755906
220,24,0.03707147156543777,0.0026892533635180112,0.18508344336844568,0.07436165203292565,0.0004972599191127682,0.2290063208244395,0,False,11,0,0,0,0,3121,3700,2189,5230,5128,5260,4439,5117,796,5018,2397,1665,3671,4794,4021,4869,5115,4611,5187,4511,5143,5061,411,5180,0.0037648991035658065,0.13464456727127924,0.049765871602906075,0.009938834006660265,0.01062523969757916,0.01062523969757916,0.010792706470341426,0.010792706470341426,0.12655980619734036,0.05634854512813925,0.18508344336844568,0.007537097576171193,0.025302163584152257,0.019409888023565348,0.0026892533635180112,0.0037377802890051983,0.009085109651167607,0.00925944128201206,0.010119135769910444,0.011733239037270367,0.12409981984049462,0.007587130425686836,0.04679811133614208,0.003415288377232566,0.0004972599191127682,0.06852183243787197,0.042332783954041935,0.1579664224190897,0.2290063208244395,0.2290063208244395,0.05906434582896711,0.05906434582896711,0.12826766676112306,0.054959467071814025,0.1474139092987518,0.0005949465885875512,0.012182561677933489,0.03320621555310385,0.0014267543267973831,0.05223485313469989,0.09377853661662057,0.013743414307268116,0.1526174319355506,0.009411565557899439,0.11757869453102947,0.05647770750089107,0.011039539156939346,0.054286752734276245
221,24,0.036637463363570745,0.0025449414982908936,0.18508344336844568,0.07504154826437254,0.0004558215925200375,0.2099224607557362,0,False,11,0,0,0,0,3121,3700,2189,5230,5128,5260,5321,5117,796,5018,2397,1665,3671,4794,4021,4869,5115,4611,4439,5187,4511,5143,5061,411,0.003561938024474721,0.1298364230014275,0.04763801055164718,0.009827055822403875,0.01071687597460812,0.01071687597460812,0.009019605040880686,0.010379767818955452,0.12655980619734036,0.0541303272124324,0.18508344336844568,0.007130977028205545,0.024016632207315636,0.019409888023565348,0.0025449414982908936,0.003587899628197451,0.008822875957466713,0.009019605040880686,0.010379767818955452,0.009990350914424783,0.011128465793644645,0.12409981984049462,0.007291555362225061,0.04440621262480703,0.0004558215925200375,0.06281167973471596,0.038805051957871775,0.14480255388416555,0.2099224607557362,0.2099224607557362,0.09593146311499579,0.05414231700988651,0.12826766676112306,0.05037951148249619,0.1474139092987518,0.0005453677062052552,0.011167348204772365,0.03320621555310385,0.0013078581328976012,0.04788194870680823,0.08596365856523552,0.09593146311499579,0.05414231700988651,0.13989931260758806,0.008627268428074484,0.11757869453102947,0.05177123187581681,0.010119577560527733
222,24,0.03565967329276292,0.0024082935559629625,0.18246178559690135,0.09264502099613892,0.0004178364598100344,0.2757622556927582,0,False,9,0,0,0,0,3121,3700,2189,5230,5128,5344,796,5018,2397,1665,3671,4794,4021,4869,5115,5260,5321,5117,5143,5061,411,5343,5332,4511,0.0033698792145141964,0.12499989586386108,0.04555609554082872,0.009680774874015795,0.011028963154955275,0.008769967324474097,0.12655980619734036,0.051932768997019776,0.18246178559690135,0.006746645737124145,0.022789933719128182,0.019409888023565348,0.0024082935559629625,0.0035285455341807328,0.008769967324474097,0.010751678303172358,0.008764545672391785,0.009968875764261687,0.12409981984049462,0.006998263604975685,0.042125710154234504,0.0035285455341807328,0.011028963154955275,0.010552546339297352,0.0004178364598100344,0.0575773730901563,0.03557129762804913,0.13273567439381842,0.2757622556927582,0.16213335368479925,0.12826766676112306,0.04618121885895484,0.13512941685718916,0.0004999203973548173,0.010236735854374667,0.03320621555310385,0.0011988699551561343,0.12722511964790756,0.16213335368479925,0.19242892235942485,0.08793717452207947,0.049630457259062635,0.11757869453102947,0.04745696255283207,0.009276279430483755,0.12722511964790756,0.2757622556927582,0.00790832939240161
223,24,0.03493119160010271,0.002278913211438247,0.1792594056331326,0.0984048814237789,0.0003830167548258648,0.25278206771836165,0,False,9,0,0,0,0,3121,3700,2189,5230,5128,5344,796,5018,2397,1665,3671,4794,4021,4869,5115,5260,5321,5117,5143,5061,411,5343,5332,5357,0.0031881422477334186,0.12499989586386108,0.04352572475786494,0.00950449334689202,0.011270720267361334,0.008905355517783695,0.12655980619734036,0.049765871602906075,0.1792594056331326,0.0063829471216095765,0.02162025514000145,0.018532535954141036,0.002278913211438247,0.0034589497900562164,0.008681461381034006,0.010733870656686993,0.008497650201325712,0.009562157520350048,0.1213238730196184,0.006708657456556434,0.039952885939570235,0.0034589497900562164,0.011270720267361334,0.008905355517783695,0.0003830167548258648,0.0575773730901563,0.0326070228257117,0.12167436819433354,0.25278206771836165,0.231955574211066,0.12826766676112306,0.042332783954041935,0.12386863211909005,0.0004582603642419158,0.009383674533176777,0.03043903092367853,0.0010989641255597898,0.11662302634391526,0.14862224087773265,0.17639317882947278,0.08060907664523952,0.04549458582080741,0.10778046998677701,0.04350221567342939,0.008503256144610108,0.11662302634391526,0.25278206771836165,0.231955574211066
224,24,0.034893389700891835,0.0033806726695673637,0.1792594056331326,0.1216457023536876,0.00042007200055508946,0.31505022874183153,0,False,10,0,0,0,0,1665,3700,2189,5230,5399,5344,796,5018,5379,2397,3671,4794,4869,5128,5260,5321,5117,5143,5061,411,5343,5115,5398,5357,0.006038784329651712,0.12499989586386108,0.04155133152220908,0.00954246814411571,0.009221422269980234,0.008989581735975883,0.12409981984049462,0.04763801055164718,0.00954246814411571,0.1792594056331326,0.020505709415145408,0.017681131943922925,0.0033806726695673637,0.01144387972558435,0.010668069179109774,0.008221988814862467,0.009161413917519031,0.11828495213714728,0.00642391627106818,0.03788393152588889,0.0033806726695673637,0.008561387854786273,0.011739016392070542,0.009221422269980234,0.00042007200055508946,0.0575773730901563,0.029889770923569058,0.19486817084480573,0.29595927636014385,0.21262594302681048,0.11757869453102947,0.038805051957871775,0.19486817084480573,0.12386863211909005,0.008601701655412046,0.027902445013371982,0.10690444081525566,0.23171689540849816,0.16169374726035005,0.07389165359146956,0.04170337033574013,0.0987987641545456,0.03987703103397694,0.0077946514658925985,0.10690444081525566,0.1362370541379216,0.31505022874183153,0.29595927636014385
225,24,0.034510491739142495,0.003295184929936,0.1792594056331326,0.12952573020609415,0.000385066000508832,0.3546293366634652,0,False,10,0,0,0,0,1665,3700,2189,5230,5399,5344,796,5018,5379,2397,3671,4794,4869,5128,5415,5423,5321,5117,5143,5061,411,5343,5398,5357,0.005713117377772009,0.12499989586386108,0.03963632179522167,0.009533174259436736,0.009477018194555752,0.009025606624805912,0.12409981984049462,0.04555609554082872,0.009533174259436736,0.1792594056331326,0.01944436037070988,0.01685686162056716,0.003295184929936,0.011551342866836324,0.008145096097412643,0.009721429672589469,0.008145096097412643,0.00876814944252038,0.11828495213714728,0.006145017852628673,0.03591498868496353,0.003295184929936,0.012129077974624645,0.009721429672589469,0.000385066000508832,0.0575773730901563,0.027398956679938302,0.1786291566077386,0.2712960033301319,0.19490711444124292,0.11757869453102947,0.03557129762804913,0.1786291566077386,0.12386863211909005,0.007884893184127708,0.02557724126225765,0.09799573741398435,0.21240715412445663,0.15106734912551378,0.3546293366634652,0.15106734912551378,0.03822808947442845,0.0987987641545456,0.03655394511447886,0.007145097177068215,0.09799573741398435,0.28879604301334555,0.3546293366634652
226,24,0.03372950167086337,0.0032038544974397963,0.17555863347963954,0.12124628898837116,0.00035297716713309597,0.32507689194150974,0,False,10,0,0,0,0,1665,3700,2189,5230,5399,5344,796,5018,411,5379,3671,4794,4869,5128,5415,5423,5438,5321,5117,5143,5061,5432,5343,2397,0.005404960396368739,0.12499989586386108,0.03778320169245442,0.009480669071858565,0.009672648649431514,0.009016914491565844,0.12409981984049462,0.04352572475786494,0.03404218373632172,0.009725174705701566,0.01843424391722535,0.016060554456785607,0.0032038544974397963,0.01159692307376204,0.00824524188863621,0.010156421728847375,0.00824524188863621,0.008037944009145374,0.00838360173340853,0.11503239777446447,0.005872759243665926,0.009725174705701566,0.0032038544974397963,0.17555863347963954,0.00035297716713309597,0.0575773730901563,0.025115710289943444,0.1637433935570937,0.24868800305262087,0.17866485490447268,0.11757869453102947,0.0326070228257117,0.00654967241231253,0.24707672689042703,0.007227818752117065,0.023445804490402844,0.08982942596281898,0.19470655794741856,0.22181173669838763,0.32507689194150974,0.22181173669838763,0.1384784033650543,0.03504241535155941,0.09056553380833346,0.03350778302160562,0.24707672689042703,0.08982942596281898,0.11354624610916587
227,24,0.026588116385353123,0.003107938412913939,0.12499989586386108,0.1259403152078229,0.00032356240320533794,0.2979871509463839,0,False,11,0,0,0,0,1665,3700,2189,5230,5399,5453,5344,796,411,5379,3671,4794,4869,5128,5415,5423,5438,5321,5117,5143,5061,5432,5466,5018,0.005113378981830049,0.12499989586386108,0.0359936945970855,0.009389223984459537,0.009810000138485302,0.009198609315505228,0.009198609315505228,0.1213238730196184,0.032261656276960385,0.009858821709437816,0.01747338594762777,0.015292731843420105,0.003107938412913939,0.011585103823326011,0.008299610301220013,0.010523409607488116,0.008299610301220013,0.007904281302428182,0.008215315463399077,0.11503239777446447,0.00560777657317281,0.009858821709437816,0.008215315463399077,0.04155133152220908,0.00032356240320533794,0.0575773730901563,0.023022734432448157,0.1500981107606692,0.22796400279823578,0.24710945032909995,0.24710945032909995,0.10778046998677701,0.006003866377953152,0.2264869996495581,0.006625500522773976,0.02149198744953594,0.0823436404659174,0.17848101145180034,0.20332742530685533,0.2979871509463839,0.20332742530685533,0.12693853641796643,0.11545554740559613,0.09056553380833346,0.03071546776980515,0.2264869996495581,0.11545554740559613,0.029889770923569058
228,24,0.024932331437790205,0.003008579091953714,0.1213238730196184,0.13971724262665464,0.0002965988696048931,0.3098503294683416,0,False,11,0,0,0,0,1665,3700,2189,5475,5399,5453,5344,796,411,5379,3671,4794,5230,5128,5478,5415,5423,5438,5321,5117,5143,5061,5432,4869,0.004837487655190982,0.12016722860383086,0.03426884782661125,0.009502086665014781,0.009891717202058434,0.009325105529591244,0.009565599193159083,0.1213238730196184,0.030569583025766206,0.00993683376038649,0.016559817335067627,0.015292731843420105,0.009502086665014781,0.011520819309902688,0.009565599193159083,0.008311195922606754,0.010821238167384116,0.008311195922606754,0.007747758206972635,0.008026775091022965,0.11503239777446447,0.005350563741774953,0.00993683376038649,0.003008579091953714,0.0002965988696048931,0.05277925866597661,0.021104173229744144,0.22092326819728011,0.20896700256504946,0.22651699613500828,0.3098503294683416,0.10778046998677701,0.005503544179790389,0.2076130830120949,0.006073375479209478,0.02149198744953594,0.22092326819728011,0.16360759383081697,0.3098503294683416,0.1863834731979507,0.27315488836751856,0.1863834731979507,0.11636032504980255,0.10583425178846312,0.09056553380833346,0.02815584545565472,0.2076130830120949,0.07548167042709095
229,24,0.0246165692664142,0.004576447426395503,0.1213238730196184,0.14838020082440675,0.0002718822971378187,0.28402946867931317,0,False,10,0,0,0,0,1665,3700,2189,5500,5453,5344,796,411,5379,3671,4794,5475,5399,5478,5415,5423,5438,5321,5513,5117,5143,5061,5432,5230,0.004576447426395503,0.11536625206578882,0.03260912906676503,0.010177050940209155,0.009398973295900948,0.009869058628212971,0.1213238730196184,0.028962197415049618,0.009962656629246346,0.01569158639549665,0.015292731843420105,0.009562362680438563,0.010177050940209155,0.009869058628212971,0.008283392335546307,0.011050368826746032,0.008497020306106402,0.007571866840883837,0.008497020306106402,0.007821455590371578,0.11161160009778429,0.0051014898057468155,0.009962656629246346,0.009562362680438563,0.0002718822971378187,0.04838098711047856,0.019345492127265464,0.274886419017962,0.20764057979042425,0.28402946867931317,0.10778046998677701,0.00504491549814119,0.19031199276108698,0.005567260855942021,0.02149198744953594,0.20251299584750676,0.274886419017962,0.28402946867931317,0.17085151709812146,0.25039198100355864,0.2541848504314548,0.10666363129565233,0.2541848504314548,0.09701473080609119,0.08301840599097234,0.025809525001016825,0.19031199276108698,0.20251299584750676
230,24,0.025202579161771422,0.004329463462642718,0.11828495213714728,0.1481418922260819,0.0002492254390430004,0.26897024619354787,0,False,11,0,0,0,0,1665,3700,2189,5531,5500,5453,5344,796,411,5379,3671,4794,5543,5475,5399,5478,5415,5438,5513,5117,5143,5061,5527,5432,0.004329463462642718,0.11536625206578882,0.03101451297397442,0.009820427315948456,0.010397582964093268,0.009423471001683876,0.01010877103721606,0.11828495213714728,0.028143372539439875,0.009940260124300479,0.01569158639549665,0.014553650615343559,0.009820427315948456,0.009820427315948456,0.010397582964093268,0.01010877103721606,0.008219844368937516,0.008630956109558196,0.008630956109558196,0.007602584277663655,0.11161160009778429,0.004860814988990289,0.028143372539439875,0.009940260124300479,0.0002492254390430004,0.04838098711047856,0.017733367783326674,0.26897024619354787,0.25197921743313184,0.1903371981412222,0.2603603462893704,0.0987987641545456,0.08795783920662943,0.17445266003099638,0.005567260855942021,0.019700988495407943,0.26897024619354787,0.26897024619354787,0.25197921743313184,0.2603603462893704,0.156613890673278,0.23300277956216686,0.23300277956216686,0.08893016990558358,0.08301840599097234,0.02365873125093209,0.08795783920662943,0.17445266003099638
231,24,0.024835627843374064,0.004095782858828587,0.11828495213714728,0.13774944650252854,0.0002284566524560837,0.2465560590107522,0,False,11,0,0,0,0,3700,2189,5531,5500,5453,5344,796,411,5379,3671,4794,5543,5475,5399,5478,5415,5438,5563,5143,5061,5527,5432,1665,5117,0.11536625206578882,0.029484558475244282,0.010016619408144365,0.010554954057059118,0.009402352989412902,0.010285888582730631,0.11828495213714728,0.027286516436780504,0.009873955490214702,0.014866769142160967,0.013843342192507461,0.010016619408144365,0.010016619408144365,0.010554954057059118,0.010285888582730631,0.008124320636808567,0.00871514298030439,0.007563275134917214,0.10806385183162683,0.004628705303309971,0.027286516436780504,0.009873955490214702,0.004095782858828587,0.007563275134917214,0.04838098711047856,0.01625558713471612,0.2465560590107522,0.23098094931370416,0.17447576496278702,0.23866365076525617,0.0987987641545456,0.08062801927274364,0.15991493836174667,0.005103322451280186,0.018059239454123948,0.2465560590107522,0.2465560590107522,0.23098094931370416,0.23866365076525617,0.1435627331171715,0.2135858812653196,0.16485265574678495,0.07610020549172464,0.021687170313354414,0.08062801927274364,0.15991493836174667,0.0002284566524560837,0.16485265574678495
232,24,0.024437419569018102,0.003874692507723634,0.11828495213714728,0.12687761404970074,0.00020941859808474339,0.22600972075985618,0,False,11,0,0,0,0,3700,2189,5531,5500,5453,5344,796,411,5379,3671,4794,5543,5475,5399,5478,5415,5438,5563,5143,5061,5527,5432,1665,5117,0.11062072613307751,0.02801847737476461,0.010152790812039184,0.010651873859742813,0.009339696805460549,0.010402698883453531,0.11828495213714728,0.026401489583131,0.009768236675314953,0.014083477623881244,0.013161647559835314,0.010152790812039184,0.010152790812039184,0.010651873859742813,0.010402698883453531,0.008000606996400894,0.008752421043100334,0.007492651704155864,0.10806385183162683,0.004405245795702427,0.026401489583131,0.009768236675314953,0.003874692507723634,0.007492651704155864,0.044349238184605344,0.014900954873489775,0.22600972075985618,0.21173253687089547,0.15993611788255477,0.21877501320148482,0.0987987641545456,0.07390901766668168,0.14658869349826778,0.0046780455803401705,0.01655430283294695,0.22600972075985618,0.22600972075985618,0.21173253687089547,0.21877501320148482,0.13159917202407387,0.19578705782654296,0.15111493443455287,0.07610020549172464,0.01987990612057488,0.07390901766668168,0.14658869349826778,0.00020941859808474339,0.15111493443455287
233,24,0.023955509075887393,0.0036655170672389614,0.11503239777446447,0.11651595017409215,0.0001919670482443481,0.2071755773632015,0,False,11,0,0,0,0,3700,2189,5531,5500,5453,5344,796,411,5379,3671,4794,5543,5475,5399,5478,5415,5438,5563,5143,5061,5527,5432,1665,5117,0.11062072613307751,0.02661519492037078,0.010231761119885167,0.010691884391300237,0.00923975302243896,0.01046239066510536,0.11503239777446447,0.025497138877387943,0.00962764663871179,0.013339866606498002,0.013161647559835314,0.010231761119885167,0.010231761119885167,0.010691884391300237,0.01046239066510536,0.007852420365379592,0.00874614736097036,0.007394181341309921,0.10442632735456517,0.004190452469172376,0.025497138877387943,0.00962764663871179,0.0036655170672389614,0.007394181341309921,0.044349238184605344,0.013659208634032293,0.2071755773632015,0.19408815879832084,0.14660810805900854,0.20054376210136107,0.09056553380833346,0.06774993286112486,0.13437296904007878,0.004288208448645156,0.01655430283294695,0.2071755773632015,0.2071755773632015,0.19408815879832084,0.20054376210136107,0.12063257435540103,0.17947146967433103,0.13852202323167345,0.06975852170074757,0.018223247277193638,0.06774993286112486,0.13437296904007878,0.0001919670482443481,0.13852202323167345
234,24,0.023742495162066984,0.003467617021914707,0.11503239777446447,0.11664555225122493,0.00017596979422398575,0.267165115259581,0,False,12,0,0,0,0,3700,2189,5531,5500,5453,5344,5630,796,411,5379,3671,4794,5543,5475,5399,5478,5415,5438,5563,5143,5061,5527,1665,5432,0.11062072613307751,0.025273402998991487,0.010257093414341369,0.010679137647078061,0.009106818745758269,0.01046882980637218,0.010738820019932049,0.11503239777446447,0.024581323413786316,0.009456668325273445,0.012634138827127916,0.013161647559835314,0.010257093414341369,0.010257093414341369,0.010679137647078061,0.010738820019932049,0.00768334151795893,0.008700029143537753,0.007271312580292408,0.10073215978226034,0.003984282942852452,0.024581323413786316,0.003467617021914707,0.009456668325273445,0.044349238184605344,0.012520941247862934,0.18991094591626803,0.1779141455651274,0.1343907657207578,0.18383178192624763,0.267165115259581,0.09056553380833346,0.06210410512269779,0.12317522162007222,0.003930857744591392,0.01655430283294695,0.18991094591626803,0.18991094591626803,0.1779141455651274,0.267165115259581,0.11057985982578428,0.16451551386813676,0.12697852129570067,0.06394531155901861,0.0167046433374275,0.06210410512269779,0.00017596979422398575,0.12317522162007222
235,24,0.023691873553396785,0.003786645929698963,0.11503239777446447,0.12459882117984811,0.0036032862658754426,0.24642130010136679,0,False,13,0,0,0,0,3700,2189,5531,5500,5453,5654,5344,5630,796,411,3671,4794,5543,5475,5399,5478,5415,5438,5563,5143,5527,5663,5061,5379,0.11062072613307751,0.023991606625559648,0.01023288547496822,0.0106181942070093,0.008945134454413509,0.010892036515518852,0.010426353768425675,0.010947823063180522,0.11503239777446447,0.02366095658080523,0.011964549023861468,0.01250824834912125,0.01023288547496822,0.01023288547496822,0.010892036515518852,0.010947823063180522,0.007496764969501029,0.008617977227298434,0.007127403555721951,0.09701059152957128,0.02366095658080523,0.009498444136769407,0.003786645929698963,0.00925963885311506,0.044349238184605344,0.011477529477207688,0.17408503375657902,0.16308796676803344,0.12319153524402798,0.24642130010136679,0.16851246676572698,0.24490135565461588,0.09056553380833346,0.056928763029139635,0.0036032862658754426,0.015174777596868038,0.17408503375657902,0.17408503375657902,0.24642130010136679,0.24490135565461588,0.10136487150696892,0.1508058877124587,0.11639697785439228,0.05861653559576706,0.056928763029139635,0.19624395315173288,0.015312589725975208,0.11291061981839953
236,24,0.024159870621438404,0.006965667132208034,0.11503239777446447,0.14284064468197574,0.0033030124103858222,0.30921952509291956,0,False,15,0,0,0,0,3700,2189,5531,5500,5453,5654,5667,5344,5630,796,411,5684,3671,4794,5543,5475,5399,5685,5563,5143,5527,5678,5438,5379,0.10595069096463614,0.022768164370299465,0.010163582346741123,0.010784998094830878,0.008758802800692508,0.011039692117736902,0.010784998094830878,0.010339589367476065,0.01109151198278983,0.11503239777446447,0.022742059631896207,0.02332857537915475,0.011329406919128033,0.011882694308487146,0.010163582346741123,0.010163582346741123,0.011324404820840425,0.009737670251416565,0.006965667132208034,0.09328717750377973,0.02332857537915475,0.011324404820840425,0.00850398139500941,0.0090406847646258,0.04065346833588823,0.01052106868744038,0.15957794761019742,0.23283063620403066,0.11292557397369231,0.2258861917595862,0.23283063620403066,0.15446976120191638,0.22449290935006455,0.09056553380833346,0.052184699443377995,0.13551803277671134,0.0033030124103858222,0.013910212797129035,0.15957794761019742,0.15957794761019742,0.30921952509291956,0.2632236237224218,0.10669722969985958,0.0537318242961198,0.13551803277671134,0.30921952509291956,0.13823873040308715,0.10350140150019957
237,24,0.02449467288577355,0.006789130886240446,0.11161160009778429,0.15628661082904385,0.0030277613761870038,0.3667845646685096,0,False,15,0,0,0,0,3700,2189,5531,5500,5453,5654,5667,5344,5630,796,411,5684,3671,4794,5543,5475,5399,5705,5563,5143,5527,5704,5678,5699,0.10137281779041774,0.021601323339423044,0.010053813534493809,0.010889670552210854,0.008551727336885277,0.011125175977163292,0.010889670552210854,0.010213296355148756,0.01117303599319862,0.11161160009778429,0.02182982271812754,0.023512778158990097,0.010727079313020292,0.011882694308487146,0.010053813534493809,0.010053813534493809,0.0119828639063361,0.01017197398199858,0.006789130886240446,0.09328717750377973,0.02292163127462582,0.0119828639063361,0.011681596543709143,0.023512778158990097,0.037265679307897544,0.009644312963487015,0.14627978530934763,0.2134280831870281,0.10351510947588462,0.20706234244628735,0.2134280831870281,0.14159728110175668,0.20578516690422582,0.08301840599097234,0.04783597448976316,0.2075581967119854,0.0030277613761870038,0.013910212797129035,0.14627978530934763,0.14627978530934763,0.3667845646685096,0.32462165507888663,0.09780579389153794,0.0537318242961198,0.12422486337865206,0.3667845646685096,0.28345123133517625,0.2075581967119854
238,24,0.024386587825462963,0.006600609921579754,0.11161160009778429,0.1438669485016061,0.00277544792817142,0.3362191842794671,0,False,15,0,0,0,0,3700,2189,5531,5500,5453,5654,5667,5344,5630,796,411,5684,3671,4794,5543,5475,5399,5705,5143,5527,5704,5678,5563,5699,0.10137281779041774,0.02048924928766733,0.009908255984679228,0.010935766566350813,0.008327568777056996,0.011152366514824671,0.010935766566350813,0.01005223733001151,0.011196337550056496,0.11161160009778429,0.02092867014187034,0.0235735184561852,0.010155991423243273,0.01128442745430943,0.009908255984679228,0.009908255984679228,0.01256174023887914,0.010538180026310138,0.09328717750377973,0.02245065905543544,0.01256174023887914,0.011963396459896032,0.006600609921579754,0.0235735184561852,0.037265679307897544,0.008840620216529763,0.1340898032002353,0.19564240958810908,0.09488885035289422,0.18980714724243006,0.19564240958810908,0.12979750767661027,0.18863640299554033,0.08301840599097234,0.04384964328228289,0.19026168031931992,0.00277544792817142,0.012751028397368282,0.1340898032002353,0.1340898032002353,0.3362191842794671,0.2975698504889794,0.0537318242961198,0.11387279143043105,0.3362191842794671,0.2598302953905782,0.08965531106724312,0.19026168031931992
239,24,0.024972678541822117,0.008089716268913898,0.10806385183162683,0.14403476362026124,0.0025441606008238015,0.30820091892284485,1,False,15,0,0,0,0,3700,2189,5531,5500,5453,5654,5667,5344,5630,796,411,5684,3671,4794,5755,5543,5475,5399,5705,5143,5527,5704,5759,5699,0.09690075120774877,0.01943005240055231,0.009731522439079158,0.010927485140501616,0.008089716268913898,0.011125722160800204,0.010927485140501616,0.00986107308173974,0.011165926048863408,0.10806385183162683,0.0200423272714279,0.023520192662946984,0.00961462759086082,0.010712803200149305,0.022491159100610173,0.009731522439079158,0.009731522439079158,0.0130563245072585,0.010835160094103157,0.08958402358272059,0.022491159100610173,0.0130563245072585,0.02412677639364944,0.02412677639364944,0.03416020603223941,0.008103901865152283,0.12291565293354903,0.17933887545576666,0.0869814461568197,0.17398988497222753,0.17933887545576666,0.11898104870355941,0.17291670274591195,0.07610020549172464,0.04019550634209265,0.1744065402927099,0.0025441606008238015,0.01168844269758759,0.18771672547789514,0.12291565293354903,0.12291565293354903,0.30820091892284485,0.2727723629482311,0.049254172271443145,0.18771672547789514,0.30820091892284485,0.2577398736260432,0.2577398736260432
240,24,0.02406474541981159,0.007841271182419104,0.10806385183162683,0.14670331688911542,0.002332147217421818,0.3658508423459411,0,False,8,0,0,0,0,3700,2189,5531,5500,5763,3671,4794,5755,5781,5543,5475,5399,5453,5654,5667,5344,5630,796,411,5774,5759,5705,5143,5684,0.09254543715357705,0.018421809241851703,0.009528073640374907,0.0111497835583984,0.0111497835583984,0.009101531455476933,0.010712803200149305,0.023002612003515593,0.013811545250729368,0.009528073640374907,0.009528073640374907,0.013464302067128661,0.007841271182419104,0.011050077722916038,0.010869461098529357,0.009644281503195897,0.011086675213419373,0.10806385183162683,0.019173887145126505,0.023002612003515593,0.024531493750870065,0.011063400114355589,0.08592004625460783,0.023363003844545923,0.03131352219621946,0.007428576709722926,0.11267268185575327,0.24772730250111943,0.24772730250111943,0.002332147217421818,0.01168844269758759,0.25540699835473724,0.3658508423459411,0.11267268185575327,0.11267268185575327,0.28251750901260775,0.07973299231041805,0.15949072789120858,0.1643939691677861,0.10906596131159613,0.15850697751708595,0.07610020549172464,0.036845880813584926,0.25540699835473724,0.23626155082387296,0.25004133270254514,0.04514965791548955,0.1598726619349841
241,24,0.020825576710326824,0.00758504106536919,0.10806385183162683,0.1444150385154684,0.0021378016159699998,0.33536327215044603,0,False,8,0,0,0,0,3700,2189,5531,5500,5763,4794,5755,5793,5781,5543,5475,5399,5453,5654,5667,5344,5630,796,411,5774,3671,5759,5705,5684,0.09254543715357705,0.017462581319103516,0.009302152164101787,0.01130506790982397,0.01130506790982397,0.010712803200149305,0.02337319440841031,0.00954205386236261,0.014474976647357038,0.00954205386236261,0.009302152164101787,0.013785501139730658,0.00758504106536919,0.010930467545259458,0.01076658224412863,0.009406097617351618,0.010963647538072014,0.10806385183162683,0.018325875291883516,0.02337319440841031,0.008615305689736416,0.024793395470223998,0.011224754278925511,0.023112586325951673,0.03131352219621946,0.006809528650579349,0.10328329170110716,0.22708336062602613,0.22708336062602613,0.01168844269758759,0.2341230818251758,0.1866166250344405,0.33536327215044603,0.1866166250344405,0.10328329170110716,0.2589743832615571,0.07308857628454989,0.14619983390027452,0.15069447173713724,0.09997713120229644,0.14529806272399545,0.07610020549172464,0.03377539074578618,0.2341230818251758,0.0021378016159699998,0.21657308825521687,0.22920455497733302,0.14654994010706873
242,24,0.019619671296244846,0.007512415133088962,0.10442632735456517,0.14642972209939634,0.001959651481305833,0.30741633280457553,0,False,8,0,0,0,0,3700,2189,5531,5820,5763,4794,5755,5793,5781,5543,5500,5823,5453,5654,5667,5344,5630,796,411,5774,3671,5811,5705,5684,0.08831543255347327,0.016550430678184257,0.009057735266935228,0.007512415133088962,0.011396427446836664,0.010712803200149305,0.02360858490510686,0.009510753735964023,0.015041283033332502,0.009510753735964023,0.011690340323165793,0.009386461854963576,0.007512415133088962,0.010771976706758831,0.010623833814484694,0.009386461854963576,0.010801946898385555,0.10442632735456517,0.017500311709481957,0.02360858490510686,0.00815461137088939,0.011690340323165793,0.011322189642115526,0.02277968952970554,0.02870406201320117,0.006242067929697736,0.0946763507260149,0.15033119492750407,0.20815974724052394,0.01168844269758759,0.21461282500641113,0.17106523961490377,0.30741633280457553,0.17106523961490377,0.29149308057385726,0.17497903693543843,0.15033119492750407,0.13401651440858497,0.1381365990923758,0.17497903693543843,0.13318989083032917,0.06975852170074757,0.030960774850303994,0.21461282500641113,0.001959651481305833,0.29149308057385726,0.2101041753958886,0.13433744509814632
243,24,0.01822783327890344,0.0074120577633747875,0.10442632735456517,0.1570397387041457,0.0017963471911970135,0.2817983050708609,0,False,8,0,0,0,0,3700,2189,5531,5820,5763,4794,5755,5793,5781,5543,5500,5823,5453,5654,5835,5630,796,3671,5839,5854,5811,5705,5344,411,0.0842171941144023,0.015683432897820402,0.008798504001883513,0.007603214090821581,0.01142779301546542,0.010712803200149305,0.023716388808244518,0.009681769115826806,0.015507877258492965,0.009438354764308887,0.011999348834185632,0.009325225984548175,0.0074120577633747875,0.01057961979913184,0.007603214090821581,0.010606598766032437,0.10442632735456517,0.007718167056477478,0.009681769115826806,0.0116524972814222,0.011999348834185632,0.0116524972814222,0.009325225984548175,0.016698769279724798,0.026312056845434407,0.005721895602222925,0.08678665483218032,0.2211369286835454,0.19081310163714693,0.01168844269758759,0.19672842292254353,0.2401431363136618,0.2817983050708609,0.15680980298032846,0.2672019905260358,0.16039745052415189,0.13780359535021205,0.12284847154120289,0.2211369286835454,0.12209073326113506,0.06975852170074757,0.0017963471911970135,0.2401431363136618,0.27592882744623126,0.2672019905260358,0.27592882744623126,0.16039745052415189,0.028380710279445328
244,24,0.017840730976774324,0.007287425381298163,0.10073215978226034,0.15202520195936028,0.0016466515919305957,0.33626809182571193,0,False,8,0,0,0,0,2189,5531,5820,5763,3700,5879,5858,5543,5500,5823,5453,5654,5835,796,4794,5755,5793,5781,5811,5705,5344,5630,3671,5875,0.014859687816941183,0.00874775777992776,0.007651902614525395,0.011403703293268725,0.08025534488319493,0.016333066213142285,0.00874775777992776,0.009329182498040883,0.012233011121634631,0.009226629203060088,0.007287425381298163,0.010358245625349911,0.007651902614525395,0.10073215978226034,0.010712803200149305,0.023705638672444154,0.009795777275653846,0.015874628887742288,0.012233011121634631,0.011908477971727472,0.009226629203060088,0.010382456294536373,0.007304747621814945,0.012215596586723264,0.005245070968704348,0.16288776692949863,0.20270885129324995,0.17491200983405134,0.024119385441648204,0.1093489844228249,0.16288776692949863,0.1437423193986344,0.2449351579821995,0.1470309963138059,0.12631996240436105,0.11261109891276931,0.20270885129324995,0.06394531155901861,0.01168844269758759,0.18033438767899823,0.2201312082875233,0.25831511298162246,0.2449351579821995,0.2529347584923786,0.1470309963138059,0.1119165054893738,0.0016466515919305957,0.33626809182571193
245,24,0.01750873009411927,0.007326068433716619,0.10073215978226034,0.15861857793147033,0.004807981721312318,0.23678885356648724,0,False,8,0,0,0,0,2189,5531,5820,5763,5879,5858,5543,5500,5890,5891,796,3700,5755,5793,5781,5811,5823,5453,5654,5835,4794,5881,5705,5344,0.014077328292310417,0.00888468029279958,0.007661256596520827,0.011329094549938312,0.015930952898625027,0.008661305962546181,0.009187583873462591,0.012393685326970758,0.007326068433716619,0.01037326500154416,0.10073215978226034,0.07643291808338883,0.02358633948674952,0.00985572956561931,0.01614352049624887,0.012393685326970758,0.009094960956472043,0.007326068433716619,0.01037326500154416,0.007661256596520827,0.010712803200149305,0.00888468029279958,0.012091952851515915,0.009094960956472043,0.004807981721312318,0.23264711968537374,0.18581644701881245,0.16033600901454706,0.10023656905425615,0.1493137863520404,0.13176379278208153,0.2245238948170162,0.19912663220399762,0.18656017400337188,0.06394531155901861,0.022109436654844185,0.1653065220390817,0.2017869409302297,0.23678885356648724,0.2245238948170162,0.13477841328765539,0.19912663220399762,0.18656017400337188,0.18581644701881245,0.01168844269758759,0.23264711968537374,0.23185686195134705,0.13477841328765539
246,24,0.014523940763439368,0.007327668175634731,0.10073215978226034,0.16834443487885786,0.004407316577869625,0.26586607952033114,0,False,11,0,0,0,0,2189,5909,5531,5912,5922,5820,5763,5879,5858,5543,5500,5890,5891,796,5755,5793,5781,5811,5823,5453,5654,5835,4794,5344,0.01333452725108016,0.008763493336230166,0.008970448344741887,0.007516648102926246,0.010605718678194261,0.007634414669948143,0.011209117712441753,0.015499130180192281,0.008763493336230166,0.009017827941424151,0.012484888828890322,0.007516648102926246,0.0103390748341251,0.10073215978226034,0.023369068428637552,0.009865229859819996,0.01631828094666725,0.012484888828890322,0.008934457216496028,0.007327668175634731,0.010605718678194261,0.007634414669948143,0.010712803200149305,0.008934457216496028,0.004407316577869625,0.22020430415603703,0.2132598597115926,0.26586607952033114,0.25434682616975757,0.17033174310057808,0.14697467493000146,0.09188352163306814,0.22020430415603703,0.12078347671690806,0.20581357024893152,0.26586607952033114,0.17101349283642422,0.06394531155901861,0.15153097853582487,0.1849713625193772,0.2170564491026133,0.20581357024893152,0.12354687884701743,0.1825327461869978,0.25434682616975757,0.17033174310057808,0.01168844269758759,0.12354687884701743
247,24,0.014432419290194032,0.00729528215577348,0.10073215978226034,0.17265333925948453,0.004040040196380489,0.2788215380689599,0,False,11,0,0,0,0,2189,5909,5531,5912,5922,5820,5763,5879,5858,5543,5500,5890,5891,5942,5793,5781,5930,5811,5823,5453,5654,5835,796,5344,0.012629503272837482,0.008817308344001655,0.009240311266371763,0.007660152341967368,0.010773381975080053,0.00757474263808612,0.011048984140768209,0.015043774380365606,0.008817308344001655,0.008824028413197696,0.012511025809081268,0.007660152341967368,0.010260221699448282,0.0236594685882359,0.009828339445437435,0.01640401886986609,0.009240311266371763,0.012511025809081268,0.008749218733644901,0.00729528215577348,0.010773381975080053,0.00757474263808612,0.10073215978226034,0.008749218733644901,0.004040040196380489,0.20185394547636729,0.2788215380689599,0.24371057289363687,0.23315125732227776,0.1561374311755299,0.13472678535250135,0.08422656149697912,0.20185394547636729,0.11071818699049905,0.1886624393948539,0.24371057289363687,0.15676236843338887,0.22223673032450614,0.1695570823094291,0.1989684116773955,0.2788215380689599,0.1886624393948539,0.11325130560976597,0.16732168400474798,0.23315125732227776,0.1561374311755299,0.06394531155901861,0.11325130560976597
248,24,0.010588394147947301,0.007232160876318678,0.023818312184988154,0.17341708352817106,0.003703370180015448,0.33891974322987983,0,False,11,0,0,0,0,2189,5954,5531,5912,5922,5820,5763,5879,5909,5858,5781,5543,5500,5890,5891,5942,5793,5930,5811,5823,5453,5654,5835,5344,0.011960524908337308,0.009694694981718047,0.009694694981718047,0.007758102973941736,0.010878918615847112,0.00748571664910121,0.010853839732970726,0.014570514379486168,0.008825973306125195,0.008825973306125195,0.016406873790173245,0.008610085859200133,0.012477134341016206,0.007758102973941736,0.010141408261072576,0.023818312184988154,0.009749403658332061,0.009450955654338167,0.012477134341016206,0.0085431492550095,0.007232160876318678,0.010878918615847112,0.00748571664910121,0.0085431492550095,0.003703370180015448,0.33891974322987983,0.33891974322987983,0.22340135848583378,0.2137219858787546,0.14312597857756906,0.12349955323979289,0.07720768137223086,0.18503278335333667,0.18503278335333667,0.1823877107042792,0.10149167140795747,0.17294056944528272,0.22340135848583378,0.14369883773060646,0.20371700279746396,0.15542732545031,0.2555864098965465,0.17294056944528272,0.10381369680895214,0.15337821033768564,0.2137219858787546,0.14312597857756906,0.10381369680895214
249,24,0.010263939766211832,0.007141639793468644,0.02385416349873836,0.16520665819847746,0.07077370792454495,0.3106764312940565,1,False,11,0,0,0,0,5976,5954,5992,5820,5763,2189,5909,5531,5912,5922,5998,5890,5891,5879,5543,5500,5823,5453,5654,5835,5942,5858,5811,5344,0.011618008255852366,0.010084021897224215,0.009881334463982523,0.007370825653113673,0.01062866572070845,0.011618008255852366,0.008793120398409255,0.010084021897224215,0.007812737013418674,0.010925868497116253,0.007560918608009682,0.007812737013418674,0.009987360012655457,0.014084426278334734,0.00837964708996703,0.01238865994191601,0.00831991132711109,0.007141639793468644,0.010925868497116253,0.007560918608009682,0.02385416349873836,0.008793120398409255,0.01238865994191601,0.00831991132711109,0.08672808933168083,0.3106764312940565,0.22580838166278416,0.13119881369610498,0.11320792380314348,0.08672808933168083,0.16961338474055862,0.3106764312940565,0.2047845786120143,0.19591182038885838,0.21453214702943832,0.2047845786120143,0.13172393458638926,0.07077370792454495,0.09303403212396101,0.15852885532484248,0.09516255540820612,0.14059669280954518,0.19591182038885838,0.21453214702943832,0.18674058589767528,0.16961338474055862,0.15852885532484248,0.09516255540820612
250,24,0.010273724019976997,0.007027049732834873,0.023776741894860943,0.1676397890049007,0.06487589893083287,0.3681200620195517,2,False,11,0,0,0,0,5976,5992,5820,5763,2189,5879,5998,5890,5891,5942,6003,5453,5654,5835,5344,6001,5543,5500,5823,6000,5912,5922,5811,5954,0.011550810792371757,0.009957631771093982,0.007420043740614748,0.010378203708599664,0.011260405899950272,0.013590041793493404,0.00759527240304183,0.00782683677343733,0.009802717444841565,0.023776741894860943,0.007420043740614748,0.007027049732834873,0.010918418439305574,0.00759527240304183,0.008082897164944768,0.010674713873233094,0.00813607915710125,0.012251259351386892,0.008082897164944768,0.011550810792371757,0.00782683677343733,0.010918418439305574,0.012251259351386892,0.010674713873233094,0.16283408188737408,0.2069910165242188,0.2035989125547629,0.10377393015288153,0.07950074855404075,0.06487589893083287,0.19665446811031845,0.1877191970610131,0.12074694003752348,0.17117887040620233,0.2035989125547629,0.12888030174208306,0.1795858353564535,0.19665446811031845,0.08723234245752227,0.3681200620195517,0.08528119611363093,0.14531811738110562,0.08723234245752227,0.16283408188737408,0.1877191970610131,0.1795858353564535,0.14531811738110562,0.3681200620195517
251,24,0.01018955739565105,0.0068916450243108815,0.02359649654717868,0.16874184100863107,0.05946957401993013,0.4207767235179224,0,False,11,0,0,0,0,5879,5992,5820,5763,5942,5998,5823,5891,5976,6003,5890,5654,5344,2189,6001,5543,5500,5453,5835,5811,6000,6034,6027,6047,0.013091367017159962,0.009981769350546413,0.0074309665951966955,0.01036755819345873,0.02359649654717868,0.007591672370217031,0.007835212095356606,0.009591951922432389,0.011436485161095827,0.007622610579777685,0.007803572497497057,0.010861193801358342,0.007835212095356606,0.010891739797838348,0.011194581899873872,0.007882455473977847,0.012070635785702874,0.0068916450243108815,0.007591672370217031,0.012070635785702874,0.011436485161095827,0.007622610579777685,0.01036755819345873,0.011483289197037177,0.05946957401993013,0.18974176514720056,0.18663233650853264,0.17845943597347474,0.1569139645390188,0.18026659576779192,0.07996298058606208,0.11068469503439653,0.14926457506342625,0.269965669841866,0.172075930639262,0.16462034907674905,0.07996298058606208,0.07287568617453735,0.3374433901845891,0.07817442977082835,0.13320827426601348,0.11814027659690947,0.18026659576779192,0.13320827426601348,0.14926457506342625,0.269965669841866,0.17845943597347474,0.4207767235179224
252,24,0.009830104598748744,0.00673854800827533,0.02332423930190096,0.1707093973426518,0.05451377618493595,0.3308018640217105,0,False,11,0,0,0,0,5879,5823,5820,5763,5942,5998,5891,5976,6003,5890,5654,5344,2189,6001,5992,5453,5835,6068,5543,5500,6069,6054,6059,6053,0.012591908665270898,0.0077751472099067825,0.007406623913508547,0.010309967407031533,0.02332423930190096,0.0077481232391004295,0.009359302917525278,0.011280336123816695,0.007777062806574696,0.0077463617329114704,0.011036551000879751,0.0075796682232242745,0.01051561262597442,0.01163932837348991,0.00995773933673883,0.00673854800827533,0.0075533236760078224,0.011571255014984702,0.00762155172071444,0.011852405039789004,0.007977632582457149,0.0077751472099067825,0.011036551000879751,0.0077481232391004295,0.05451377618493595,0.15663273220389023,0.17107964179948826,0.1635878163090185,0.1438378008274339,0.24857771278714258,0.10146097044819681,0.13682586047480738,0.24746853068837715,0.1577362697526568,0.23423531998701996,0.0732993988705569,0.06680271232665924,0.3093231076692066,0.17392995138493383,0.10829525354716701,0.16524437945380924,0.22015919380814072,0.07165989395659265,0.12210758474384568,0.3308018640217105,0.15663273220389023,0.23423531998701996,0.24857771278714258
253,24,0.009837896655761258,0.007318786179736127,0.022970837581796643,0.1796725977991291,0.04997096150285795,0.31017948646434573,0,False,11,0,0,0,0,5879,6094,5823,5820,5763,5942,5998,5891,5976,6003,5654,5344,2189,6001,5992,5890,5835,6080,5500,6074,6069,6093,6068,5543,0.012094705412221933,0.011435557363292737,0.007684831908892771,0.007539834793413682,0.010210078459880064,0.022970837581796643,0.007857903745479176,0.009108733912091188,0.01108762252464247,0.008088151761854491,0.01114805011678326,0.007318786179736127,0.010135219718895538,0.012006801686080936,0.009889870060432746,0.007658747698140527,0.007483614217711081,0.008088151761854491,0.011601990501667865,0.007539834793413682,0.0082791581850349,0.007883023057916012,0.011642164872509334,0.007355849424528554,0.04997096150285795,0.298049043321435,0.1435800045202327,0.24015633831619757,0.14995549828326696,0.13185131742514772,0.22786290338821402,0.09300588957751374,0.1254237054352401,0.31017948646434573,0.21471570998810163,0.06719111563134383,0.06123581963277097,0.28354618203010606,0.15943578876952266,0.14459158060660207,0.15147401449932513,0.31017948646434573,0.11193195268185854,0.24015633831619757,0.3032350420199013,0.22691333785356604,0.20181259432412899,0.0656882361268766
254,24,0.009800808689596372,0.007054803060298709,0.022546965786586708,0.186198961595761,0.04580671471095312,0.29133722636576886,0,False,11,0,0,0,0,5879,6094,5823,5820,5763,5942,5998,5891,5976,6003,5654,5344,2189,6001,6100,6069,5890,6080,5992,6074,6093,5835,6117,6068,0.011602362349643139,0.011759404951943945,0.0075678472227980005,0.007628648706788998,0.01033239544647347,0.022546965786586708,0.007923135529217517,0.008843904184484993,0.010863451628792346,0.008345509972150427,0.011199278196913494,0.007054803060298709,0.009753367429974435,0.012296773686687497,0.01033239544647347,0.008525994116552488,0.0075442973473182125,0.008345509972150427,0.009782667867563535,0.007628648706788998,0.008151285293902822,0.007386005442908387,0.008151285293902822,0.011653470909998104,0.04580671471095312,0.27321162304464874,0.13161500414354663,0.22014331012318109,0.2207925400929947,0.12086370763971874,0.20887432810586284,0.08525539877938759,0.11497172998230341,0.28433119592565026,0.19682273415575982,0.061591855995398515,0.05613283466337339,0.2599173335275972,0.2207925400929947,0.2779654551849095,0.13254228222271855,0.28433119592565026,0.1461494730387291,0.22014331012318109,0.29133722636576886,0.1388511799577147,0.29133722636576886,0.18499487813045157
255,24,0.009651679984762332,0.00678968492079455,0.022062911269812528,0.19285818962916987,0.04198948848504036,0.3503924575019548,0,False,11,0,0,0,0,5879,6094,5823,5820,5763,6133,5942,5998,5891,5976,6003,6140,6123,5654,5344,2189,6100,6069,6093,6080,5992,6139,5890,5835,0.011117087000694135,0.012008591334159125,0.007427709073013625,0.007873310679766975,0.010397557760795026,0.012833324358539412,0.022062911269812528,0.007946532135768094,0.008568153762324046,0.010612698628381862,0.008548938922496493,0.00858214966693641,0.007873310679766975,0.011194497510321061,0.00678968492079455,0.009372495958774988,0.010397557760795026,0.008718264019085199,0.00858214966693641,0.008548938922496493,0.009640684035988611,0.007873310679766975,0.0074065186828366535,0.007263942204045308,0.04198948848504036,0.250443987790928,0.1206470871315844,0.285131367612916,0.2023931617519118,0.3215908890669641,0.1107917320030755,0.19146813409704094,0.07815078221443862,0.10539075248377812,0.2606369295985127,0.3503924575019548,0.285131367612916,0.18042083964277983,0.056459201329115305,0.05145509844142561,0.2023931617519118,0.2548016672528337,0.3503924575019548,0.2606369295985127,0.13397035028550167,0.285131367612916,0.121497092037492,0.1272802482945718
256,24,0.009864047687496451,0.0066934253164582045,0.02152842949044222,0.20457370993352894,0.038490364444620326,0.4045264193767919,0,False,11,0,0,0,0,5879,6094,5823,5820,5763,6133,5942,6162,5998,5891,6149,5976,6003,6140,6123,5654,5344,2189,6100,6158,6069,6093,6080,5890,0.01064072566591329,0.012185104807804365,0.007267804680913029,0.008067037167323625,0.01040934767875892,0.013626656165195343,0.02152842949044222,0.009186492193566695,0.007931235899867332,0.008284499003552668,0.013626656165195343,0.010339948428140304,0.00869940028387282,0.008955529854631545,0.008067037167323625,0.01113843064646088,0.0066934253164582045,0.008994705035537592,0.01040934767875892,0.0066934253164582045,0.008857217308420198,0.009186492193566695,0.00869940028387282,0.007248796067880188,0.038490364444620326,0.22957365547501735,0.11059316320395236,0.26137042031183966,0.18552706493925247,0.3781249816447171,0.10155908766948588,0.4045264193767919,0.17551245625562087,0.07163821702990207,0.3781249816447171,0.09660818977679661,0.2389171854653033,0.32119308604345853,0.26137042031183966,0.16538576967254817,0.1350876012183557,0.04716717357130681,0.18552706493925247,0.1350876012183557,0.23356819498176423,0.4045264193767919,0.2389171854653033,0.111372334367701
257,24,0.00983601078317226,0.0065758722407577444,0.020952642166623344,0.18959884048742368,0.0352828340742353,0.3708158844287259,0,False,11,0,0,0,0,5879,6094,5823,5820,5763,6133,5942,6162,5998,6140,6093,5891,6149,5976,6003,6069,6123,5654,5344,2189,6100,6158,5890,6191,0.010174799171437585,0.012292147123194713,0.007091345143379134,0.008210703733113738,0.010372036832105731,0.014330388285328512,0.020952642166623344,0.009732623241699285,0.00788067104338348,0.009269036631952863,0.009732623241699285,0.007995636514032864,0.014330388285328512,0.010049456608579239,0.008798818655088518,0.008945027644629653,0.008210703733113738,0.011036071360419824,0.0065758722407577444,0.008621781166658914,0.010372036832105731,0.0065758722407577444,0.007256788450372061,0.007256788450372061,0.0352828340742353,0.2104425175187659,0.10137706627028967,0.23958955195251969,0.17006647619431475,0.3466145665076573,0.09309583036369538,0.3708158844287259,0.16088641823431912,0.294426995539837,0.3708158844287259,0.06566836561074356,0.3466145665076573,0.0885575072953969,0.21900742000986134,0.21410417873328388,0.23958955195251969,0.1516036221998358,0.12383030111682605,0.043236575773697904,0.17006647619431475,0.12383030111682605,0.18542463983705926,0.18542463983705926
258,24,0.010430172007104712,0.006440045620258949,0.020343972026313526,0.21719524186719882,0.03234259790138235,0.42324789405966534,0,False,11,0,0,0,0,5879,6094,5823,5820,5763,6133,5942,6193,6140,6093,5891,6149,6204,6162,5998,6069,6123,5654,5344,5976,6003,5890,6202,6191,0.00972053733766676,0.012651950726935455,0.006901332137296182,0.008306101287056947,0.010290202443420365,0.014938039623419016,0.020343972026313526,0.012651950726935455,0.009521864837705313,0.010477746772751087,0.0077039533898131925,0.015323290370893942,0.015323290370893942,0.010214320336368817,0.007798415690597251,0.008984593223963567,0.008306101287056947,0.01089252330459893,0.006440045620258949,0.009745126466967933,0.008849883271260229,0.007230570072794101,0.010477746772751087,0.007230570072794101,0.03234259790138235,0.2762389743922021,0.09292897741443219,0.21962375595647637,0.15589426984478852,0.3177300192986859,0.0853378445000541,0.2762389743922021,0.2698914125781839,0.42324789405966534,0.06019600180984826,0.4010633526320192,0.4010633526320192,0.339914560726332,0.14747921671479253,0.19626216383884354,0.21962375595647637,0.13896998701651614,0.11351110935709055,0.08117771502078049,0.20075680167570623,0.16997258651730432,0.42324789405966534,0.16997258651730432
259,24,0.011220436809626219,0.006288821481553901,0.01971010790224154,0.23983072581684226,0.029647381409600486,0.4713105695546932,0,False,11,0,0,0,0,5942,6238,5820,5763,6229,6133,5879,6094,5823,6093,5891,6233,6149,6221,6204,6193,6140,5344,5976,6225,5998,6069,6123,5654,0.01971010790224154,0.011446793653705191,0.008355748718216689,0.010168569060139401,0.010901557273892184,0.015844337590975612,0.00927891169002555,0.012931010559342431,0.006700536641934676,0.011446793653705191,0.007411542060624411,0.010989150741702324,0.016218510868137415,0.015844337590975612,0.016218510868137415,0.012931010559342431,0.00971459841950231,0.006288821481553901,0.009430499189899785,0.011446793653705191,0.007688093835796297,0.008979347957554692,0.008355748718216689,0.010989150741702324,0.07822635745838293,0.4713105695546932,0.20132177629343667,0.14290308069105614,0.39492168066580435,0.3745858510237954,0.029647381409600486,0.25321905985951854,0.0851848959632295,0.4713105695546932,0.05517966832569424,0.21072248809847313,0.3676414065793509,0.3745858510237954,0.3676414065793509,0.25321905985951854,0.2474004615300019,0.10405185024399967,0.07441290543571544,0.4713105695546932,0.1351892819885598,0.1799069835189399,0.20132177629343667,0.21072248809847313
260,24,0.012459187123059939,0.006124899121144834,0.019057994328909863,0.26591882863862976,0.027176766292133777,0.5153680220918021,0,False,11,0,0,0,0,5942,6238,5820,5763,6229,6133,6252,5879,6094,5823,6093,5891,6233,6149,6221,6204,6255,6193,6140,5344,6245,5976,6241,5654,0.019057994328909863,0.012674950793380315,0.008362713484651596,0.010011876486171613,0.011518618544304094,0.017075391206834975,0.017444672099504246,0.008850666098070047,0.01313128529301165,0.006491487620636346,0.012356283317324858,0.007120218291046044,0.011027308005572814,0.017444672099504246,0.016646089988452063,0.017006086599711433,0.013469940002864491,0.013469940002864491,0.00984899310354553,0.006124899121144834,0.017075391206834975,0.00910875446014482,0.012674950793380315,0.011027308005572814,0.07170749433685102,0.5153680220918021,0.18454496160231695,0.13099449063346813,0.36201154061032065,0.4267036967718124,0.4203379560310717,0.027176766292133777,0.23211747153789197,0.07808615463296038,0.43203468875846873,0.05058136263188638,0.1931622807569337,0.4203379560310717,0.3433703634384791,0.33700462269773834,0.31545080487122534,0.31545080487122534,0.22678375640250173,0.09538086272366636,0.4267036967718124,0.06821182998273914,0.5153680220918021,0.1931622807569337
261,24,0.013429568111452064,0.006276468739782141,0.018672694477692257,0.2808856124276938,0.024912035767789293,0.4793651313619297,0,False,11,0,0,0,0,5942,6238,6274,5763,6229,6133,6284,6252,5879,6094,5823,5820,5891,6233,6149,6221,6204,6255,6193,6093,6245,5976,6241,6140,0.018393840364996902,0.013851906508207404,0.013532332578439452,0.009824773144356275,0.012058935560841378,0.01820323463383483,0.018672694477692257,0.017444672099504246,0.008436345159784937,0.013256081153855967,0.006276468739782141,0.008330446657800103,0.006831541156175754,0.011011305423545555,0.018563778145789266,0.017336173860932176,0.017679543879140665,0.01391907796405897,0.01391907796405897,0.013532332578439452,0.018672694477692257,0.008782719101948796,0.013851906508207404,0.009927752535764351,0.0657318698087801,0.47242068691748523,0.4793651313619297,0.12007828308067911,0.33184391222612725,0.3911450553741614,0.4744783887074947,0.4203379560310717,0.024912035767789293,0.2127743489097343,0.07157897508021369,0.16916621480212388,0.046366249079229184,0.17706542402718922,0.3853097930284824,0.3147561664852725,0.30892090413959344,0.28916323779862324,0.28916323779862324,0.4793651313619297,0.4744783887074947,0.06252751081751087,0.47242068691748523,0.20788511003562657
262,24,0.014028577397736197,0.0060575213902060365,0.020174200696427655,0.24888966907192844,0.022836032787140186,0.4394180370817689,0,False,11,0,0,0,0,5942,6238,6274,5763,6229,6133,6284,6252,5879,6094,5823,6093,5820,5891,6233,6149,6221,6204,6255,6193,6140,6245,5976,6288,0.018180221329871144,0.014957141178928424,0.014640518062435907,0.009611733098152617,0.012518372830444014,0.01921325840235731,0.020174200696427655,0.018563778145789266,0.008036320249470348,0.013309756871290221,0.0060575213902060365,0.014640518062435907,0.008262636481722206,0.006546834043172343,0.01094586400973941,0.01956180878215084,0.01791074134886486,0.018235662586522535,0.014277678017881542,0.014277678017881542,0.009954310222647906,0.020174200696427655,0.008454881690977894,0.018180221329871144,0.1435875473247151,0.4330522963410281,0.4394180370817689,0.11007175949062252,0.30419025287394996,0.35854963409298124,0.43493852298187013,0.3853097930284824,0.022836032787140186,0.19504315316725643,0.06561406049019587,0.4394180370817689,0.1550690302352802,0.04250239498929342,0.16230997202492345,0.3532006436094422,0.2885264859448331,0.283177495461294,0.26506630131540465,0.26506630131540465,0.19056135086599102,0.43493852298187013,0.05731688491605163,0.1435875473247151
263,24,0.014367728868785207,0.005836452488416871,0.021556385807311878,0.22814886331593442,0.020933030054878503,0.4027998673249548,0,False,11,0,0,0,0,5942,6238,6274,5763,6229,6133,6284,6252,5879,6094,5823,6093,5820,5891,6233,6149,6221,6204,6255,6193,6140,6245,5976,6288,0.01790350521734715,0.015973451158430865,0.01566321667203135,0.009376994340197337,0.01289504685131065,0.020095022016865922,0.021556385807311878,0.01956180878215084,0.0076508132247801374,0.013297445545100716,0.005836452488416871,0.01566321667203135,0.008163082495184552,0.006267205935833186,0.010835935092489446,0.02042893875944972,0.018368903066849934,0.018674137083103913,0.014547001528856051,0.014547001528856051,0.009932626184545216,0.021556385807311878,0.008127411375042783,0.01790350521734715,0.13162191838098883,0.3969646049792757,0.4027998673249548,0.10089911286640398,0.2788410651344541,0.3286704979185661,0.39869364606671426,0.3532006436094422,0.020933030054878503,0.17878955706998506,0.06014622211601288,0.4027998673249548,0.14214661104900686,0.03896052874018563,0.14878414102284648,0.3237672566419887,0.26448261211609697,0.2595793708395195,0.24297744287245426,0.24297744287245426,0.1746812382938251,0.39869364606671426,0.05254047783971399,0.13162191838098883
264,24,0.014606620176305277,0.005614845753547867,0.022800618875194047,0.21874853352323217,0.019188610883638626,0.384614623092019,0,False,11,0,0,0,0,5942,6238,6274,5763,6229,6341,6252,5879,6094,5823,6093,5891,6233,6359,6204,6255,6193,6140,5820,6149,6133,6336,5976,6284,0.01802519042561271,0.016887257294740655,0.016586361809599028,0.009124515639082864,0.01318907761848248,0.021379610828122564,0.02042893875944972,0.00727991784548996,0.013224802284701484,0.005614845753547867,0.016586361809599028,0.005993572415935324,0.010686547574515825,0.01802519042561271,0.018997173905643285,0.014729989508923243,0.014729989508923243,0.009867004166975694,0.008035590694477329,0.021159346378510514,0.021379610828122564,0.01802519042561271,0.007802179454451807,0.022800618875194047,0.20398675851590642,0.3638842212310027,0.3692332117145419,0.09249085346087031,0.25560430970658293,0.384614623092019,0.3237672566419887,0.019188610883638626,0.16389042731415296,0.05513403693967847,0.3692332117145419,0.035713818011836825,0.13638546260427595,0.20398675851590642,0.23794775660289286,0.22272932263308307,0.22272932263308307,0.16012446843600633,0.1303010601282563,0.29678665192182296,0.384614623092019,0.20398675851590642,0.048162104686404486,0.3654691755611547
265,24,0.014429749435068404,0.005394075367968858,0.02450948769742875,0.20480972141541764,0.01758955997666874,0.4183467442643918,0,False,11,0,0,0,0,5942,6238,6274,5763,6229,6383,5879,6094,5823,6093,6341,6252,6204,6255,6193,6140,5820,5891,6359,5976,6372,6233,6133,6336,0.01805368595807228,0.017688682895786786,0.01739955640504204,0.008857949148951567,0.013402300242951515,0.02450948769742875,0.006923618997205616,0.013097782835016974,0.005394075367968858,0.01739955640504204,0.022524640744850933,0.021159346378510514,0.01920906061569328,0.014830928979797204,0.014830928979797204,0.009761932668501928,0.0078838890616341,0.005726675963566041,0.01805368595807228,0.007480782547126239,0.010773545943851161,0.010773545943851161,0.022524640744850933,0.01805368595807228,0.1869878619729142,0.3335605361284191,0.3384637774049967,0.08478328233913111,0.23430395056436767,0.4183467442643918,0.01758955997666874,0.15023289170464021,0.05053953386137193,0.3384637774049967,0.3525634045010174,0.29678665192182296,0.2181187768859851,0.2041685457469928,0.2041685457469928,0.1467807627330058,0.1194426384509016,0.03273766651085042,0.1869878619729142,0.044148595962537444,0.20835334072058628,0.20835334072058628,0.3525634045010174,0.1869878619729142
266,24,0.014616887960725418,0.005175321126666661,0.02606727155873583,0.18774224463079947,0.016123763311946343,0.38348451557569246,0,False,11,0,0,0,0,5879,5942,6238,6274,6229,6383,6204,6094,5823,6093,5763,6341,6252,6255,6193,6140,5891,6359,6336,6372,5820,6233,6133,5976,0.006581809840734083,0.01799633689985465,0.018371440838303596,0.01809598975613115,0.013537960082900743,0.02606727155873583,0.019315733536309138,0.012922455457952358,0.005175321126666661,0.01809598975613115,0.008580626063364872,0.02351890807705382,0.021750873208732455,0.014855131154635087,0.014855131154635087,0.00962195098257084,0.0054671052612463075,0.01799633689985465,0.01799633689985465,0.010803783009987205,0.007711561996037379,0.010803783009987205,0.02351890807705382,0.007164566408677289,0.016123763311946343,0.171405540141838,0.3057638247843842,0.310258462621247,0.21477862135067036,0.38348451557569246,0.19994221214548633,0.13771348406258685,0.04632790603959094,0.310258462621247,0.07771800881087018,0.3231831207925993,0.2720544309283377,0.18715450026807673,0.18715450026807673,0.13454903250525532,0.030009527634946218,0.171405540141838,0.171405540141838,0.19099056232720407,0.10948908524665979,0.19099056232720407,0.3231831207925993,0.04046954629899266
267,24,0.01448891125538696,0.0049595843580476804,0.027454667249951374,0.18615150333597796,0.027508733665367366,0.3515274726110514,0,False,12,0,0,0,0,5879,6238,6274,6229,6383,5942,6094,6093,5763,6341,6252,6408,6193,5823,6140,5891,6359,6336,6415,6372,6421,5820,6233,6133,0.006415605061239504,0.018932574505332873,0.018672202020155133,0.013600410048214093,0.027454667249951374,0.017861045246750383,0.01303250296822394,0.018672202020155133,0.008295552780437131,0.024355807918149574,0.02220458456703573,0.006415605061239504,0.014808633740186943,0.0049595843580476804,0.009451539901274982,0.005215313306006425,0.017861045246750383,0.017861045246750383,0.01303250296822394,0.01078154458524137,0.015190547121146609,0.007522001705383026,0.01078154458524137,0.024355807918149574,0.09811344970261748,0.28028350605235214,0.2844035907361431,0.19688040290478115,0.3515274726110514,0.15712174513001817,0.20957069372403794,0.2844035907361431,0.071241508076631,0.2962511940598827,0.2493832283509762,0.09811344970261748,0.17155829191240365,0.04246724720295836,0.12333661312981738,0.027508733665367366,0.15712174513001817,0.15712174513001817,0.20957069372403794,0.1750746821332704,0.254891625245737,0.10036499480943814,0.1750746821332704,0.2962511940598827
268,24,0.014937583729935255,0.004747704054566698,0.027454667249951374,0.18656634857443086,0.025216339193253418,0.3515274726110514,0,False,12,0,0,0,0,5879,6238,6274,6229,6383,6448,5942,6408,6094,6435,6341,6252,6415,6193,5823,6093,5763,6359,6336,6140,5891,6133,6372,6233,0.006237993700438836,0.01937209707501544,0.019127740784132406,0.013945433301583892,0.027454667249951374,0.018111337846852052,0.01765599135961691,0.006237993700438836,0.01307353697426592,0.013945433301583892,0.025032939778185496,0.02220458456703573,0.01307353697426592,0.014697935220251026,0.004747704054566698,0.019127740784132406,0.00800541529666446,0.018111337846852052,0.01765599135961691,0.009255035640132456,0.004971634212621672,0.025032939778185496,0.01071149435602813,0.01071149435602813,0.08993732889406603,0.25692654721465613,0.26070329150813115,0.2638070359960494,0.3515274726110514,0.22736159970251665,0.1440282663691833,0.08993732889406603,0.19210646924703478,0.2638070359960494,0.2715635945548925,0.2493832283509762,0.19210646924703478,0.15726176758637,0.03892830993604516,0.26070329150813115,0.06530471573691175,0.22736159970251665,0.1440282663691833,0.11305856203566593,0.025216339193253418,0.2715635945548925,0.1604851252888312,0.1604851252888312
269,24,0.015755280194433872,0.004540372785192918,0.02865823586044737,0.18810725834703437,0.02311497759381563,0.3223113505491202,0,False,12,0,0,0,0,5879,6408,6238,6274,6229,6383,6448,5942,6094,6435,5763,6341,6252,6415,6471,5823,6093,6359,6336,6193,6140,5891,6133,6474,0.0060514253079164805,0.0060514253079164805,0.01969256991228075,0.01946475090053485,0.01420347898977739,0.02865823586044737,0.018259123755357463,0.017389400858613683,0.013050704960434211,0.01420347898977739,0.00771258982888567,0.025551600189925465,0.022524275056122825,0.013050704960434211,0.019966745139597394,0.004540372785192918,0.019966745139597394,0.018259123755357463,0.01783787199992859,0.014529765280975968,0.0090365648446206,0.0047362986528642955,0.025551600189925465,0.01783787199992859,0.08244255148622719,0.08244255148622719,0.23551600161343478,0.23897801721578688,0.24182311632971193,0.32223351656013044,0.20841479972730692,0.13202591083841803,0.17609759680978188,0.24182311632971193,0.059862656092169106,0.24893329500865144,0.22860129265506152,0.17609759680978188,0.3223113505491202,0.03568428410804139,0.3223113505491202,0.20841479972730692,0.21535924417175137,0.14415662028750584,0.10363701519936043,0.02311497759381563,0.24893329500865144,0.21535924417175137
270,24,0.015810925676908432,0.004338152074069473,0.02865823586044737,0.17355051986172643,0.02118872946099766,0.32223351656013044,0,False,12,0,0,0,0,5879,6408,6238,6274,6229,6383,6448,5942,6094,6435,6093,5763,6341,6252,6415,6471,5823,6140,5891,6133,6359,6336,6193,6474,0.0058581263959512865,0.0058581263959512865,0.019898654864971495,0.019687533152846135,0.014377496510871193,0.02865823586044737,0.018310685067787144,0.017069355821989037,0.01296962686913117,0.014377496510871193,0.02067219608072102,0.007419157953128839,0.025916213089213852,0.022715956161969707,0.01296962686913117,0.02067219608072102,0.004338152074069473,0.0087999981551647,0.004509447922633066,0.025916213089213852,0.018310685067787144,0.017923071813227283,0.01431089262477665,0.017923071813227283,0.07557233886237492,0.07557233886237492,0.21588966814564853,0.21906318244780462,0.2216711899689026,0.32223351656013044,0.19104689975003133,0.12102375160188318,0.16142279707563337,0.2216711899689026,0.2954520713366935,0.05487410141782168,0.22818885375793047,0.2095511849338064,0.16142279707563337,0.2954520713366935,0.03271059376570461,0.09500059726608039,0.02118872946099766,0.22818885375793047,0.19104689975003133,0.1974126404907721,0.13214356859688034,0.1974126404907721
271,24,0.01596774226448319,0.00414148702244248,0.029670121577644173,0.16746574907164313,0.01942300200591452,0.2953807235134529,0,False,12,0,0,0,0,5879,6408,6238,6274,6229,6383,6448,5942,6094,5823,6435,6093,5763,6341,6252,6415,6193,6471,6140,5891,6133,6359,6336,6506,0.005660099783064936,0.005660099783064936,0.020512380670454466,0.019802100534930686,0.014471730773793672,0.029670121577644173,0.018273282837514258,0.01670364734478566,0.012836183300464927,0.00414148702244248,0.014471730773793672,0.021242162291132308,0.007126924829010782,0.026133740343915694,0.022715956161969707,0.012836183300464927,0.014047969257245206,0.021242162291132308,0.008548919663972957,0.004291146663703516,0.026133740343915694,0.018273282837514258,0.017918381291210837,0.020512380670454466,0.06927464395717702,0.06927464395717702,0.28123219580017783,0.20080791724382088,0.20319859080482736,0.2953807235134529,0.17512632477086204,0.11093843896839291,0.14797089731933058,0.02998471095189589,0.20319859080482736,0.270831065391969,0.050301259633003206,0.2091731159447696,0.2095511849338064,0.14797089731933058,0.12113160454714031,0.270831065391969,0.08708388082724035,0.01942300200591452,0.2091731159447696,0.17512632477086204,0.18096158711654106,0.28123219580017783
272,24,0.015610639398169993,0.003950720026077299,0.029670121577644173,0.16878074999306736,0.017804418505421644,0.2953807235134529,0,False,12,0,0,0,0,5879,6408,6538,6229,6383,6448,6252,5942,6238,6274,5763,6341,6336,6541,6528,6094,5823,6435,6140,6093,5891,6133,6359,6415,0.005599919617447035,0.005459129149720938,0.014865141452131692,0.014491409262951742,0.029670121577644173,0.01815481962654137,0.022715956161969707,0.016299665381973406,0.02099415652483685,0.019815753928573716,0.006837439338161367,0.026889139276271155,0.01783133884077232,0.026889139276271155,0.005599919617447035,0.012656336514971929,0.003950720026077299,0.014865141452131692,0.008286609628561457,0.021677832912848673,0.004081394291843278,0.026213105555418517,0.01815481962654137,0.012656336514971929,0.14683509029407893,0.0635017569607456,0.26959870823775844,0.18626537490442507,0.2953807235134529,0.1605324643732902,0.2095511849338064,0.10169356905436017,0.2577961794834963,0.18407392414016913,0.04610948799691961,0.27507535628270546,0.1658814548568293,0.27507535628270546,0.14683509029407893,0.13563998920938636,0.0274859850392379,0.26959870823775844,0.07982689075830365,0.24826180994263825,0.017804418505421644,0.19174202294937212,0.1605324643732902,0.13563998920938636
273,24,0.01524785988506174,0.0037661035001521678,0.03048756602105534,0.16840863763308425,0.016320716963303172,0.27076566322066514,0,False,12,0,0,0,0,5879,6553,6552,6538,5763,6229,6383,6448,5942,6408,6238,6274,5891,6341,6541,6252,6528,6094,5823,6435,6093,6133,6359,6336,0.00566205597170873,0.00539235958390726,0.00566205597170873,0.01516478582080029,0.0065520151987318,0.014442453159645315,0.03048756602105534,0.017963545749767326,0.015864321209942293,0.00539235958390726,0.021346662045876083,0.01973669239352167,0.003880135200108895,0.027473268430571834,0.027473268430571834,0.02278735487351532,0.005519703301848151,0.01243598393915443,0.0037661035001521678,0.01516478582080029,0.02198303351829519,0.026164655217659826,0.017963545749767326,0.017669926548464332,0.2179321661029057,0.1415432772140168,0.2179321661029057,0.24713214921794524,0.04226703066384297,0.17074326032905632,0.27076566322066514,0.14715475900884933,0.09321910496649681,0.1415432772140168,0.23631316452653828,0.16873443046182168,0.016320716963303172,0.25215240992581334,0.25215240992581334,0.1920885861893225,0.13459883276957235,0.12433665677527082,0.02519548628596807,0.24713214921794524,0.2275733257807517,0.17576352103692444,0.14715475900884933,0.15205800028542688
274,24,0.01518107100046221,0.0035878115702255,0.03111228726587325,0.16081943042846325,0.01496065721636124,0.25215240992581334,0,False,12,0,0,0,0,5879,6553,6552,6538,5763,6229,6383,6448,6252,5942,6408,6581,6238,6274,5891,6133,6341,6336,6541,6528,6094,5823,6093,6359,0.0056932012626688105,0.005307244254320812,0.0056932012626688105,0.015373424649397527,0.006271752322688471,0.01470082089317031,0.03111228726587325,0.01770781151255371,0.02278735487351532,0.015403997658909423,0.005307244254320812,0.01470082089317031,0.021574873945994128,0.019573667536648357,0.0036872678169500048,0.02599967316167727,0.027473268430571834,0.01744231051636244,0.027473268430571834,0.005422021355009725,0.012180842390972387,0.0035878115702255,0.022163726240298273,0.01770781151255371,0.19977115226099687,0.12974800411284873,0.19977115226099687,0.22653780344978314,0.03874477810852272,0.23984798863496828,0.24820185795227637,0.13489186242477855,0.1920885861893225,0.08545084621928874,0.12974800411284873,0.23984798863496828,0.2166204008159934,0.15467322792333654,0.01496065721636124,0.16111656095051408,0.25215240992581334,0.1393865002616413,0.25215240992581334,0.12338226337210799,0.11397526871066492,0.023095862428804063,0.20860888196568905,0.13489186242477855
275,24,0.015140129755478232,0.0035929857118577615,0.03154978506415845,0.15405153602700494,0.035516046599479156,0.23113970909866222,0,False,12,0,0,0,0,5879,6553,6552,6538,5763,6229,6383,6448,6252,5942,6408,6581,6238,6274,6614,5891,6133,6341,6336,6528,6094,6093,6359,6541,0.0056954725309450935,0.005206243752956766,0.0056954725309450935,0.015495293795863228,0.005997557857943759,0.01487270159256735,0.03154978506415845,0.017395864864764046,0.022747444418943507,0.014924522380715108,0.005206243752956766,0.01487270159256735,0.021685581842088613,0.0193356866891372,0.0035929857118577615,0.0035929857118577615,0.02572995730508274,0.027890438988657455,0.01715662616189356,0.005309361547378474,0.01189636028178473,0.02222752190299127,0.017395864864764046,0.027890438988657455,0.18312355623924712,0.118935670436778,0.18312355623924712,0.2076596531623012,0.035516046599479156,0.21986065624872092,0.22751836978958667,0.12365087388938033,0.17608120400687896,0.07832994236768134,0.118935670436778,0.21986065624872092,0.19856870074799393,0.14178379226305848,0.09704726911499781,0.09704726911499781,0.14769018087130456,0.23113970909866222,0.12777095857317117,0.11310040809109899,0.10447732965144284,0.19122480846854828,0.12365087388938033,0.23113970909866222
276,24,0.014566139177872223,0.003492473404604079,0.03154978506415845,0.15183126594018856,0.03255637604952256,0.25119659321930987,0,False,12,0,0,0,0,5879,6553,6552,6408,6538,5763,6229,6383,6448,6252,6528,5942,6581,6238,6274,6614,5891,6133,6341,6336,6626,6094,6093,6541,0.0056712387169822725,0.00509172193883777,0.005817499472068293,0.00509172193883777,0.015535764091899077,0.0057301665046667555,0.014962591862338753,0.03154978506415845,0.017035691868464698,0.022747444418943507,0.0051840915712249155,0.014431159724640642,0.014962591862338753,0.021686927835161966,0.019031765930238993,0.003492473404604079,0.003492473404604079,0.025367462199472033,0.02814779176834784,0.016820806589835105,0.005817499472068293,0.01158765451271023,0.02218322434814123,0.02814779176834784,0.16786325988597653,0.10902436456704649,0.25119659321930987,0.10902436456704649,0.19035468206544276,0.03255637604952256,0.20153893489466085,0.22751836978958667,0.11334663439859863,0.17608120400687896,0.1036753740835074,0.07180244717037457,0.20153893489466085,0.18202130901899444,0.12996847624113694,0.08895999668874799,0.08895999668874799,0.13538266579869584,0.21187806667377368,0.11712337869207357,0.25119659321930987,0.0957708855138226,0.1752894077628359,0.21187806667377368
277,24,0.013680697736236043,0.003387091801936497,0.031808623457052466,0.14690941628611698,0.029843344712062344,0.3135968771177007,0,False,12,0,0,0,0,5879,6553,6552,6408,6538,5763,6229,6383,6448,6252,6528,5942,6581,6238,6274,6614,5891,6133,6341,6336,6668,6094,6664,6541,0.005623022116873186,0.004965914317547321,0.0059042549853143556,0.004965914317547321,0.015501024332044514,0.005470159816557963,0.01497597450880491,0.031808623457052466,0.016634896072819025,0.022747444418943507,0.005048432362636992,0.013928617220674002,0.01497597450880491,0.021587985647373346,0.018670731290853396,0.003387091801936497,0.0034744446060096974,0.02492400669637448,0.02825467209430303,0.016442450617467772,0.006056525209769303,0.011259468569644333,0.0034744446060096974,0.02825467209430303,0.15387465489547847,0.09993900085312594,0.23026354378436736,0.09993900085312594,0.17449179189332253,0.029843344712062344,0.18474402365343912,0.20855850564045444,0.10390108153204874,0.17608120400687896,0.09503575957654845,0.06581890990617668,0.18474402365343912,0.1668528666007449,0.11913776988770886,0.08154666363135232,0.16487999696468567,0.12410077698213785,0.19422156111762587,0.10736309713440076,0.3135968771177007,0.0877899783876707,0.16487999696468567,0.19422156111762587
278,24,0.013334367740437494,0.003278076241358612,0.03189973070530825,0.1476645011211994,0.02735639931939048,0.29440824846900343,0,False,12,0,0,0,0,5879,6553,6552,6408,6538,5763,6229,6383,6448,6252,6528,5942,6674,6581,6238,6274,6614,5891,6133,6341,6336,6668,6664,6541,0.005553413912713631,0.004830906114499241,0.006110910592983052,0.004830906114499241,0.015397796434336128,0.0052179842961919635,0.014919022769278442,0.03189973070530825,0.01620061216834364,0.022747444418943507,0.004904440545886806,0.01342106315571378,0.006110910592983052,0.014919022769278442,0.02139838894704435,0.018261064629369404,0.003278076241358612,0.0034420277189030008,0.024411043104571203,0.028222041689198674,0.016028726128725936,0.006255223312267802,0.0034420277189030008,0.028222041689198674,0.14105176698752192,0.09161075078203211,0.29440824846900343,0.09161075078203211,0.15995080923554564,0.02735639931939048,0.16934868834898584,0.19117863017041656,0.09524265807104468,0.17608120400687896,0.08711611294516941,0.06033400074732862,0.29440824846900343,0.16934868834898584,0.1529484610506828,0.10920962239706644,0.07475110832873963,0.15113999721762852,0.11375904556695969,0.17803643102449038,0.09841617237320069,0.28746380402455896,0.15113999721762852,0.17803643102449038
279,24,0.013252584550662286,0.003396815547318994,0.03183574549094471,0.14396557811421457,0.0553061673517179,0.26987422776325315,0,False,13,0,0,0,0,5879,6553,6552,6408,6538,6701,6229,6383,6448,6252,6528,5942,6674,6581,6238,6274,5763,6133,6341,6336,6668,6718,5891,6541,0.005465004022126994,0.004688618558088499,0.006277562758300264,0.004688618558088499,0.015233087812982193,0.005102246379802925,0.01479833763066597,0.03183574549094471,0.015739449017934108,0.022606021101962,0.004753998488356083,0.012912152230156546,0.006277562758300264,0.01479833763066597,0.021128013453973707,0.017810789548903434,0.005102246379802925,0.023839482306117817,0.02806194597611842,0.015586304014248157,0.0064133244489750045,0.0034844191259430254,0.003396815547318994,0.02806194597611842,0.12929745307189508,0.0839765215501961,0.26987422776325315,0.0839765215501961,0.1466215751325835,0.10841003270944127,0.15523629765323702,0.17524707765621517,0.08730576989845762,0.16140777033963905,0.07985643686640528,0.0553061673517179,0.26987422776325315,0.15523629765323702,0.1402027559631259,0.10010882053064424,0.10841003270944127,0.10427912510304638,0.1632000617724495,0.09021482467543396,0.26350848702251234,0.22187833078282615,0.1385449974494928,0.1632000617724495
280,24,0.013138974014237808,0.003340392319356764,0.03183574549094471,0.13575419612074333,0.05069732007240808,0.24738470878298205,0,False,13,0,0,0,0,5879,6553,6552,6408,6538,6701,6229,6383,6448,6252,6528,5942,6674,6581,6238,6274,5763,6133,6341,6336,6668,6736,5891,6541,0.005360324749810274,0.0045408019373520125,0.006404597077731604,0.0045408019373520125,0.015013982796893434,0.004975322541396017,0.014620721944742163,0.03183574549094471,0.01525745721207652,0.0223733351913948,0.004598810540227178,0.012405056770108058,0.006404597077731604,0.014620721944742163,0.020786713522111297,0.017327392168039905,0.005103635678616291,0.023219568234895897,0.027787047522474108,0.015121317896306049,0.006531450132669788,0.005103635678616291,0.003340392319356764,0.02806194597611842,0.11852266531590382,0.07697847808767976,0.24738470878298205,0.07697847808767976,0.13440311053820153,0.09937586331698783,0.14229993951546727,0.17524707765621517,0.08003028907358614,0.14795712281133577,0.07320173379420485,0.05069732007240808,0.24738470878298205,0.14229993951546727,0.12851919296619874,0.09176641881975721,0.18270919665032118,0.09558919801112584,0.14960005662474538,0.0826969226191478,0.24154944643730297,0.18270919665032118,0.1269995809953684,0.1632000617724495
281,24,0.012930762498170684,0.003274300790861536,0.03183574549094471,0.12556358325119368,0.046472543399707404,0.2267693163844002,0,False,13,0,0,0,0,5879,6553,6552,6408,6538,6701,6229,6383,6448,6252,6528,5942,6674,6581,6238,6736,6274,5763,6133,6341,6336,6668,5891,6541,0.005241807208295064,0.0043890341021252275,0.006493171555642835,0.0043890341021252275,0.014747472519214162,0.004839295191783987,0.014392992226002196,0.03183574549094471,0.01476011656713205,0.0223733351913948,0.004440404161612491,0.011902501424693393,0.006493171555642835,0.014392992226002196,0.020384111065379875,0.005081330318043773,0.016817771425013794,0.005081330318043773,0.02256079470513861,0.02741023017665528,0.014639345032385327,0.006610965079489172,0.003274300790861536,0.027787047522474108,0.10864577653957849,0.07056360491370645,0.2267693163844002,0.07056360491370645,0.12320285132668474,0.0910945413739055,0.13044161122251166,0.17524707765621517,0.07336109831745397,0.14795712281133577,0.06710158931135445,0.046472543399707404,0.2267693163844002,0.13044161122251166,0.1178092602190155,0.1674834302627944,0.08411921725144411,0.1674834302627944,0.08762343151019868,0.13713338523934993,0.07580551240088547,0.22142032590086105,0.11641628257908769,0.14960005662474538
282,24,0.012225561515271833,0.003200017025215915,0.03183574549094471,0.13354027957165748,0.042599831449731784,0.29120520668570016,0,False,14,0,0,0,0,5879,6553,6552,6408,6538,6701,6229,6383,6448,6252,6770,5942,6674,6581,6783,6773,5763,6133,6341,6336,6528,6238,5891,6541,0.005111749163108997,0.004234723209306178,0.006713865784475347,0.004234723209306178,0.01444032101193113,0.004817193043294449,0.014121826944090652,0.03183574549094471,0.014252339395002865,0.022059778988115973,0.006713865784475347,0.011406799687394567,0.006545069021553691,0.014121826944090652,0.005167512215831316,0.004817193043294449,0.005037593125639287,0.021871857632715853,0.02694427374191463,0.014145404149632893,0.004280134790705673,0.019929432787827963,0.003200017025215915,0.02741023017665528,0.09959196182794695,0.0646833045042309,0.29120520668570016,0.0646833045042309,0.112935947049461,0.16683666292608007,0.11957147695396901,0.17524707765621517,0.06724767345766614,0.1356273625770578,0.29120520668570016,0.042599831449731784,0.20787187335236684,0.11957147695396901,0.2368598110742282,0.16683666292608007,0.15352647774089487,0.08032147888434879,0.12570560313607076,0.06948838636747834,0.06150979020207491,0.10799182186743086,0.10671492569749705,0.13713338523934993
283,24,0.012016859093552032,0.0031189319977994426,0.03183574549094471,0.12349657732574008,0.03904984549558747,0.26693810612855845,0,False,14,0,0,0,0,5879,6553,6552,6408,6538,6701,6229,6383,6448,6252,6770,5942,6674,6581,6783,6773,5763,6133,6341,6336,6528,6238,5891,6541,0.00497229280576208,0.004079113669592685,0.006890776468871756,0.004079113669592685,0.014098964156551754,0.0047748643261974035,0.01381364870655084,0.03183574549094471,0.013738485855272755,0.021675631542678216,0.006890776468871756,0.010919890939835818,0.006562553376043296,0.01381364870655084,0.005223556540817384,0.0047748643261974035,0.00497474686151108,0.021160636069954532,0.026401595670757515,0.013643966414431306,0.004119193465123053,0.01943139053868518,0.0031189319977994426,0.02741023017665528,0.09129263167561803,0.05929302912887833,0.26693810612855845,0.05929302912887833,0.10352461812867259,0.15293360768224007,0.10960718720780492,0.17524707765621517,0.06164370066952729,0.12432508236230297,0.26693810612855845,0.03904984549558747,0.1905492172396696,0.10960718720780492,0.2171214934847092,0.15293360768224007,0.1407326045958203,0.07362802231065306,0.11523013620806487,0.06369768750352181,0.056383974351902,0.09899250337847829,0.09782201522270563,0.13713338523934993
284,24,0.011773244884198153,0.00303233909765854,0.03183574549094471,0.11728591490156803,0.03579569170428851,0.24469326395117857,0,False,14,0,0,0,0,6836,6552,6408,6538,6701,6229,6383,6448,6252,5879,6553,6581,6783,6773,5763,6133,6341,6336,6770,5942,6674,6238,5891,6541,0.004060708737516747,0.007024440756072272,0.00392329440253827,0.01372943754785399,0.004714512773287163,0.013474536858416203,0.03183574549094471,0.013222388209311606,0.021230856913840673,0.004825410926078782,0.00392329440253827,0.013474536858416203,0.005251097309071947,0.004714512773287163,0.004895111684386061,0.020434196054682337,0.025794054056476143,0.013138976234328558,0.007024440756072272,0.010443377025052374,0.006548235539631265,0.018898099071379498,0.00303233909765854,0.02694427374191463,0.13501864315591017,0.24469326395117857,0.054351943368138464,0.09489756661794986,0.1401891403753867,0.10047325494048784,0.17524707765621517,0.05650672561373335,0.11396465883211106,0.08368491236931652,0.054351943368138464,0.10047325494048784,0.19902803569431674,0.1401891403753867,0.1290048875461686,0.0674923537847653,0.10562762485739279,0.058389546878228324,0.24469326395117857,0.03579569170428851,0.17467011580303046,0.09074312809693842,0.08967018062081349,0.12570560313607076
285,24,0.011426861345833643,0.0029414265917068467,0.03183574549094471,0.1211317345848814,0.04982261475412692,0.24344760615277794,0,False,14,0,0,0,0,6836,6552,6408,6860,6538,6701,6229,6383,6448,6252,5879,6553,6581,6783,6773,5763,6133,6341,6336,6770,6674,6238,5891,6541,0.003989315612594129,0.007116220953133092,0.0037682086554919007,0.006672715130133597,0.013337329108050714,0.004638337290750338,0.013110166588553894,0.03183574549094471,0.012707381296283578,0.021230856913840673,0.004672900008140025,0.0037682086554919007,0.013110166588553894,0.005252098909408589,0.004638337290750338,0.0048009549670292515,0.019698811962476425,0.025794054056476143,0.01263387908565567,0.007116220953133092,0.006672715130133597,0.018337025390517514,0.0029414265917068467,0.026401595670757515,0.12376708955958432,0.2243021586219137,0.04982261475412692,0.24344760615277794,0.08698943606645404,0.12850671201077116,0.09210048369544718,0.17524707765621517,0.0517978318125889,0.11396465883211106,0.07671116967187347,0.04982261475412692,0.09210048369544718,0.18244236605312367,0.12850671201077116,0.11825448025065453,0.06186799096936819,0.10562762485739279,0.05352375130504263,0.2243021586219137,0.24344760615277794,0.08318120075552689,0.08219766556907902,0.11523013620806487
286,24,0.011199461866728086,0.0028472741574894307,0.03183574549094471,0.11204163078783685,0.04567073019128301,0.22316030564004644,0,False,14,0,0,0,0,6836,6552,6408,6860,6538,6701,6229,6383,6448,6252,5879,6553,6581,6783,6773,5763,6133,6341,6336,6770,6674,6238,5891,6541,0.003906845926147791,0.007168143084838049,0.0036146647785627773,0.0067575416231485655,0.01292775234061602,0.004548484870825169,0.012725770521358811,0.03183574549094471,0.012196337021407051,0.021230856913840673,0.0045163788823407245,0.0036146647785627773,0.012725770521358811,0.005228753895174029,0.004548484870825169,0.004694452526062529,0.01896000077847544,0.025132804931515266,0.012131654033848846,0.007168143084838049,0.0067575416231485655,0.01775496408966869,0.0028472741574894307,0.025794054056476143,0.11345316542961896,0.20561031207008754,0.04567073019128301,0.22316030564004644,0.07974031639424953,0.11779781934320689,0.08442544338749325,0.17524707765621517,0.04748134582820649,0.11396465883211106,0.07031857219921735,0.04567073019128301,0.08442544338749325,0.1672388355486967,0.11779781934320689,0.10839994022976665,0.05671232505525417,0.09682532278594339,0.049063438696289076,0.20561031207008754,0.22316030564004644,0.07624943402589965,0.0753478601049891,0.10562762485739279
287,24,0.010976168954499765,0.002750852662092215,0.03163042846238753,0.103467301429439,0.04186483600867609,0.2045636135033759,0,False,14,0,0,0,0,6836,6552,6408,6860,6538,6701,6229,6383,6448,6252,5879,6553,6581,6783,6773,5763,6133,6341,6336,6770,6674,6238,5891,6541,0.0038150440669830286,0.007182740582085479,0.0034633474701667023,0.006804670071720381,0.012505336349532116,0.004447014282106012,0.012326118892284608,0.03163042846238753,0.01169170107396865,0.021230856913840673,0.004357291706751728,0.0034633474701667023,0.012326118892284608,0.005183392642645169,0.004447014282106012,0.004577660055851706,0.01822256542276654,0.02442820634299208,0.011634849048819297,0.007182740582085479,0.006804670071720381,0.01715803350616111,0.002750852662092215,0.025794054056476143,0.1039987349771507,0.18847611939758024,0.04186483600867609,0.2045636135033759,0.07309529002806206,0.10798133439793965,0.07738998977186881,0.16064315451819722,0.04352456700918928,0.11396465883211106,0.0644586911826159,0.04186483600867609,0.07738998977186881,0.15330226591963864,0.10798133439793965,0.0993666118772861,0.05198629796731632,0.08875654588711476,0.04497481880493165,0.18847611939758024,0.2045636135033759,0.06989531452374134,0.06906887176290667,0.10562762485739279
288,24,0.01064936992096161,0.002653026453754997,0.03163042846238753,0.10249733780065168,0.038376099674619746,0.1875166457114279,0,False,14,0,0,0,0,6836,6552,6408,6860,6538,6701,6229,6383,6448,6252,5879,6553,6924,6783,6917,6773,5763,6133,6341,6336,6770,6238,5891,6541,0.003715547100887189,0.00716290923560738,0.003314829114679515,0.006816528665961609,0.012074229100673193,0.004447691077169195,0.011915514678508925,0.03163042846238753,0.011195530469909785,0.020734951184665937,0.004196914206647774,0.003314829114679515,0.012222814769562862,0.005118406016916721,0.004447691077169195,0.004335869381531835,0.0044524934233706815,0.017490643939045182,0.023689761671099596,0.011145617606026966,0.00716290923560738,0.016551688060739485,0.002653026453754997,0.025794054056476143,0.09533217372905481,0.17276977611444855,0.038376099674619746,0.1875166457114279,0.06700401585905688,0.18231622319811136,0.0709408239575464,0.16064315451819722,0.039897519758423504,0.10446760392943513,0.05908713358406457,0.038376099674619746,0.15427415729087973,0.14052707709300208,0.18231622319811136,0.098982889864778,0.09108606088751225,0.04765410647003995,0.08136016706318853,0.04122691723785401,0.17276977611444855,0.06407070498009623,0.06331313244933111,0.10562762485739279
289,24,0.01047068650438109,0.0026204393464174963,0.031298149843810394,0.10191233533063215,0.03517809136840143,0.1718902585688089,0,False,15,0,0,0,0,6953,6836,6552,6408,6860,6538,6701,6229,6383,6448,6252,5879,6553,6924,6783,6917,6958,6341,6336,6770,6238,6773,5763,6541,0.017200201098847463,0.0036098716422184127,0.007111777376665468,0.0031695809251719178,0.00679588183965419,0.011638110813284306,0.004427765126008826,0.011497800419567543,0.031298149843810394,0.01070953083943392,0.020734951184665937,0.004036362259123591,0.0031695809251719178,0.012072857626448523,0.0050361812356745925,0.004427765126008826,0.0026204393464174963,0.023689761671099596,0.010665755401851145,0.007111777376665468,0.01594074274477477,0.004216860771391942,0.004320716454713754,0.025794054056476143,0.1270162642642033,0.08738782591830024,0.15837229477157783,0.03517809136840143,0.1718902585688089,0.06142034787080214,0.16712320459826874,0.06502908862775086,0.14725622497501412,0.03657272644522155,0.10446760392943513,0.05416320578539252,0.03517809136840143,0.14141797751663976,0.1288164873352519,0.16712320459826874,0.14137037141188685,0.08136016706318853,0.037791340801366174,0.15837229477157783,0.05873147956508821,0.09073431570937983,0.08349555581355289,0.10562762485739279
290,24,0.010261612339912999,0.0025789523007446625,0.031298149843810394,0.11392815841760605,0.03224658375436797,0.22850793687394635,0,False,15,0,0,0,0,6953,6836,6552,6408,6860,6538,6701,6229,6383,6448,6252,5879,6979,6553,6924,6973,6783,6917,6958,6341,6336,6770,5763,6541,0.016859964293498828,0.0034994063600918552,0.007032593426877042,0.003027983680855436,0.006745707991398695,0.011200214801072162,0.0043892105714055185,0.01107637386976613,0.031298149843810394,0.010235092655394754,0.02019683251489495,0.0038766020615671024,0.007213963401966953,0.003027983680855436,0.012188310015508989,0.012188310015508989,0.004939050429166576,0.0043892105714055185,0.0025789523007446625,0.022926095021167367,0.010196736299717443,0.007213963401966953,0.004183934892794073,0.025794054056476143,0.11643157557551967,0.08010550709177522,0.145174603540613,0.03224658375436797,0.1575660703547415,0.05630198554823529,0.15319627088174634,0.059609997908771625,0.14725622497501412,0.033524999241453086,0.09576197026864887,0.04964960530327647,0.22850793687394635,0.03224658375436797,0.21296647939025312,0.21296647939025312,0.11808178005731422,0.15319627088174634,0.12958950712756295,0.07458015314125616,0.034642062401252324,0.22850793687394635,0.07653759282909015,0.10562762485739279
291,24,0.009513461504352486,0.002529760759851233,0.03085345716138055,0.12318541906388265,0.029559368441503975,0.278552606107732,1,False,14,0,0,0,0,6953,6836,6552,6988,6998,6538,7006,6701,6229,6383,6448,6252,5879,6979,6553,6408,6860,6924,6973,6783,6917,6958,6341,6336,0.016477534390398185,0.0033854090679457417,0.006928631519989254,0.006841089113476942,0.0125539459901242,0.01076335350628201,0.004147879276258832,0.004334052305856063,0.010654210040267651,0.03085345716138055,0.009773325826627401,0.019624768136287805,0.003718461262956531,0.007275163843042257,0.0028903379119445288,0.0028903379119445288,0.006841089113476942,0.0125539459901242,0.012238320758245687,0.004829250927993308,0.004334052305856063,0.002529760759851233,0.022144952120192064,0.009739746863937672,0.10672894427755969,0.07343004816746061,0.13307671991222858,0.2277688978251797,0.278552606107732,0.05161015341921568,0.15349279342666597,0.14042991497493415,0.054642498083040655,0.13498487289376293,0.030731249304665326,0.08778180607959479,0.0455121381946701,0.20946560880111748,0.029559368441503975,0.029559368441503975,0.2277688978251797,0.278552606107732,0.19521927277439868,0.1082416317192047,0.14042991497493415,0.11879038153359937,0.06836514037948481,0.03175522386781463
292,24,0.009965127456888911,0.002474012897880222,0.03085345716138055,0.12358535640984374,0.02709608773804531,0.2553398889320877,0,False,15,0,0,0,0,6953,6836,6552,6988,6998,6538,7006,6701,6229,6383,6448,6252,7008,5879,6979,6553,6860,6924,6973,6783,6917,6958,6341,6336,0.0164742621800452,0.0032690074388857546,0.00680311482482021,0.006897698268139217,0.012839161645763155,0.01032994786789869,0.004096093951119437,0.004264311745231715,0.010233887590383017,0.03085345716138055,0.009325092266440951,0.019624768136287805,0.0164742621800452,0.003562640562470591,0.007297855545128655,0.0027568734356035545,0.006897698268139217,0.012839161645763155,0.01222760366478182,0.004708896029737836,0.004264311745231715,0.002474012897880222,0.021353220878681238,0.009295719035474992,0.18116819892109637,0.0673108774868389,0.1219869932528762,0.20878815633974804,0.2553398889320877,0.047309307300947706,0.14070172730777714,0.1287274220603563,0.0500889565761206,0.13498487289376293,0.028170311862609883,0.08778180607959479,0.18116819892109637,0.04171946001178092,0.19201014140102435,0.02709608773804531,0.20878815633974804,0.2553398889320877,0.17895100004319878,0.0992214957426043,0.1287274220603563,0.10889118307246609,0.06266804534786108,0.02910895521216341
293,24,0.009598809739808027,0.0026955278430026578,0.03085345716138055,0.13951863565561456,0.02582278587405906,0.317394898187747,0,False,13,0,0,0,0,6953,6836,6552,6988,6998,6538,7006,7049,7008,5879,6979,6553,6860,6924,6973,7037,6783,6917,6701,6229,6383,6448,6252,7047,0.01639518362255151,0.003151202499781298,0.0066591554514799445,0.006917899838913355,0.013045761081630941,0.010157431757188777,0.004030489291161078,0.013382210129483131,0.01639518362255151,0.003409725389482884,0.007284913798294119,0.0026955278430026578,0.006917899838913355,0.013382210129483131,0.012161354807132098,0.010157431757188777,0.0045799548609613905,0.004181963349090699,0.004181963349090699,0.009817617899724157,0.03085345716138055,0.008891036195286755,0.01902633223861719,0.0026955278430026578,0.166070849011005,0.061701637696268984,0.11182141048180318,0.1913891433114357,0.2340615648544137,0.12670019835920207,0.12897658336546236,0.317394898187747,0.166070849011005,0.03824283834413251,0.1760092962842723,0.10817141375987488,0.1913891433114357,0.317394898187747,0.16403841670626554,0.12670019835920207,0.09095303776405395,0.11800013688865994,0.11800013688865994,0.04591487686144388,0.13498487289376293,0.02582278587405906,0.08046665557296188,0.10817141375987488
294,24,0.009533314411225747,0.00262829803431025,0.03085345716138055,0.13211240049148945,0.023670887051220803,0.2909453233387681,0,False,14,0,0,0,0,6953,7079,6836,6552,6988,6998,6538,7006,7049,7008,5879,6979,6553,6860,6924,6973,7037,6783,6917,6701,6229,6383,6448,6252,0.016247633529931516,0.0026960816128674707,0.00303287417363388,0.00649970935078445,0.006904430851264785,0.01317691736834027,0.009955626431718387,0.003952932113879606,0.013835954838171757,0.016247633529931516,0.0032601973726172854,0.007239476892509654,0.00262829803431025,0.006904430851264785,0.013835954838171757,0.012045048652137968,0.009955626431718387,0.004444239925641226,0.004088901065104598,0.004088901065104598,0.009407275486998212,0.03085345716138055,0.00847161205331783,0.01902633223861719,0.15223161159342125,0.18249046261321866,0.05655983455491323,0.10250295960831958,0.17544004803548272,0.21455643444987924,0.11614184849593523,0.11822853475167383,0.2909453233387681,0.15223161159342125,0.03505593514878813,0.16134185492724962,0.0991571292798853,0.17544004803548272,0.2909453233387681,0.15036854864741006,0.11614184849593523,0.08337361795038278,0.10816679214793827,0.10816679214793827,0.04208863712299022,0.13498487289376293,0.023670887051220803,0.08046665557296188
295,24,0.00804883584698784,0.002556282675509078,0.01840838901792685,0.13933019070118632,0.021698313130285734,0.2666998797272041,1,False,14,0,0,0,0,6953,7079,6836,6552,6988,6998,6538,7006,7049,7008,5879,6979,6553,7081,6860,6924,6973,7037,6783,6917,6701,7099,6448,6252,0.016039118754775265,0.002753357562130041,0.0029147882545308844,0.006327544364474638,0.006860273160172109,0.013236878065791203,0.009729016167486886,0.0038652137793426054,0.014199499270568185,0.016039118754775265,0.003114445383945094,0.007164827991738327,0.002556282675509078,0.002753357562130041,0.006860273160172109,0.014199499270568185,0.011884264763443604,0.009729016167486886,0.004303400982470499,0.0039869136385420586,0.0040897357958054725,0.0040897357958054725,0.008067109988117376,0.01840838901792685,0.13954564396063612,0.25061625739545046,0.051846515008670456,0.09396104630762628,0.1608200440325258,0.19667673157905596,0.10646336112127396,0.10837615685570101,0.2666998797272041,0.13954564396063612,0.03213460721972245,0.14789670034997882,0.0908940351732282,0.25061625739545046,0.1608200440325258,0.2666998797272041,0.13783783626012588,0.10646336112127396,0.07642581645451754,0.09915289280227674,0.18248622613561008,0.18248622613561008,0.021698313130285734,0.07376110094188172
296,24,0.008492777146811676,0.00248049295779823,0.01840838901792685,0.13993490176665635,0.01989012036942859,0.31306490261249625,0,False,14,0,0,0,0,7113,6953,7079,6836,6552,6988,6998,6538,7006,7049,7008,5879,6979,6553,7117,6860,6924,6973,7037,6783,6701,7099,6448,6252,0.016184010830298037,0.015777120265765138,0.002793963788655151,0.002797604307445743,0.006145219498876807,0.006788542113759833,0.013230686509780978,0.009481825121028534,0.0037690266884602363,0.01447396917195958,0.016184010830298037,0.0029727760088717465,0.007064295321185116,0.00248049295779823,0.0028660198726616357,0.006788542113759833,0.01447396917195958,0.011684545108358379,0.009481825121028534,0.004158923994942894,0.004071607379393986,0.004071607379393986,0.007677678949871401,0.01840838901792685,0.21125017363058313,0.12791684029724978,0.2297315692791629,0.047525972091281246,0.08613095911532409,0.14741837369648197,0.18028700394746797,0.09759141436116779,0.09934481045105925,0.24447488974993709,0.21125017363058313,0.02945672328474558,0.13557197532081391,0.08331953224212583,0.31306490261249625,0.14741837369648197,0.24447488974993709,0.1263513499051154,0.09759141436116779,0.07005699841664108,0.16727904062430923,0.16727904062430923,0.01989012036942859,0.07376110094188172
297,24,0.00825651747577391,0.0024018492031282045,0.017777095660059437,0.14723714070412555,0.02700199634435011,0.28697616072812154,0,False,14,0,0,0,0,7113,6953,7079,6836,6552,6988,6998,7135,7006,7049,7008,5879,6979,6553,7117,6860,6538,6701,7099,6448,7150,7140,7145,6252,0.016184010830298037,0.01546893485592629,0.0028186325489982047,0.002681884083199845,0.005955073530252333,0.006692392587889844,0.013163928057283227,0.009455710651383098,0.0036659480746017176,0.01466218685207203,0.016242606527643078,0.0028354233443109037,0.007120182679981319,0.0024018492031282045,0.002959605161298227,0.006692392587889844,0.009455710651383098,0.004036330227440675,0.004036330227440675,0.007491700173311784,0.007491700173311784,0.007120182679981319,0.011746608049488858,0.017777095660059437,0.21125017363058313,0.11725710360581229,0.21058727183923265,0.04356547441700781,0.07895337918904707,0.13513350922177514,0.16526308695184563,0.17279212983107048,0.09106607624680431,0.22410198227077566,0.19364599249470119,0.02700199634435011,0.20760764404407944,0.07637623788861535,0.28697616072812154,0.13513350922177514,0.17279212983107048,0.15333912057228347,0.15333912057228347,0.10156594367197622,0.10156594367197622,0.20760764404407944,0.19915540407968912,0.06761434253005824
298,24,0.00754719157001496,0.002321180296731542,0.016242606527643078,0.15531617223505206,0.03993501821559049,0.2887601504148777,1,False,15,0,0,0,0,7113,6953,7079,6836,6552,6988,6998,7135,7006,7049,7008,7154,5879,6979,7163,6553,7117,6860,7161,6538,6701,7099,6448,7150,0.016242606527643078,0.015121553354688712,0.002901254408095599,0.002568100125538889,0.005759221166958847,0.00657494219274907,0.01304250679474944,0.009388270592366594,0.0035574299610757073,0.015149212786464333,0.01622123319128165,0.002901254408095599,0.0027722568074017833,0.0071386750371318615,0.0027722568074017833,0.002321180296731542,0.003033994928290798,0.00657494219274907,0.015149212786464333,0.009388270592366594,0.003985766005154838,0.003985766005154838,0.007291345355902042,0.007291345355902042,0.19364599249470119,0.10748567830532793,0.27637166585262996,0.03993501821559049,0.07237393092329315,0.12387238345329388,0.15149116303919183,0.15839278567848128,0.08347723655957061,0.2887601504148777,0.17750882645347607,0.27637166585262996,0.10808516331565428,0.19030700704040615,0.10808516331565428,0.0700115513978974,0.2630614806674447,0.12387238345329388,0.2887601504148777,0.15839278567848128,0.14056086052459318,0.14056086052459318,0.09310211503264486,0.09310211503264486
299,24,0.00778469074642442,0.002239225318930962,0.01622123319128165,0.15037248626909247,0.03660710003095795,0.2646968045469712,2,False,16,0,0,0,0,7113,6953,7079,6836,7182,6998,7135,7006,7049,7008,7154,5879,6979,7163,6553,6552,6988,7161,6538,6701,7099,6448,7150,7117,0.01622123319128165,0.014741571375997735,0.002965356611278142,0.002456644322063293,0.013204434721274447,0.013204434721274447,0.009283792995213256,0.0034447941973571915,0.015537750716530572,0.01612683132388458,0.002965356611278142,0.0027030479818204584,0.007122617024685377,0.0027030479818204584,0.002239225318930962,0.005559555160118282,0.006439210680883532,0.015537750716530572,0.009283792995213256,0.0039217736616486195,0.0039217736616486195,0.00707954566720729,0.00707954566720729,0.0030894906090379246,0.17750882645347607,0.0985285384465506,0.25334069369824413,0.03660710003095795,0.22220023278592585,0.22220023278592585,0.14519338687194117,0.07652080017960639,0.2646968045469712,0.16271642424901972,0.25334069369824413,0.09907806637268309,0.17444808978703896,0.09907806637268309,0.06417725544807261,0.06634277001301872,0.11354968483218605,0.2646968045469712,0.14519338687194117,0.1288474554808771,0.1288474554808771,0.08534360544659111,0.08534360544659111,0.24113969061182433
300,24,0.007617744162655603,0.0021566368288533674,0.01612683132388458,0.14950841887151636,0.03355650836171145,0.30437804972750565,3,False,16,0,0,0,0,7113,6953,7079,6836,7182,6998,7135,7006,7049,7008,7154,5879,6979,7163,6553,7223,6988,7161,6538,6701,7099,6448,7150,7211,0.01612683132388458,0.01433512824445787,0.003011386473063827,0.0023478362139961644,0.013292950014914328,0.013292950014914328,0.009146600020959388,0.0033292315677119384,0.01582920500119978,0.015966687751105386,0.003011386473063827,0.0026967260369776353,0.007075097891747142,0.0026289262566214456,0.0021566368288533674,0.003207382148660067,0.006288074088511059,0.01582920500119978,0.009146600020959388,0.0038461693481458385,0.0038461693481458385,0.006858976898831921,0.006858976898831921,0.0026967260369776353,0.16271642424901972,0.09031782690933805,0.23222896922339045,0.03355650836171145,0.203683546720432,0.203683546720432,0.13309393796594607,0.07014406683130585,0.24263873750139026,0.14915672222826806,0.23222896922339045,0.1741548941749595,0.15991074897145238,0.09082156084162615,0.05882915082739989,0.30437804972750565,0.10408721109617054,0.24263873750139026,0.13309393796594607,0.11811016752413732,0.11811016752413732,0.07823163832604185,0.07823163832604185,0.1741548941749595
301,24,0.008046246521603474,0.0020739853339856156,0.016026801412141092,0.15703990441374485,0.030760132664902164,0.36234654558354684,4,False,16,0,0,0,0,7113,6953,7079,6836,7239,7182,6998,7135,7006,7049,7008,7154,6979,7163,6553,7223,6988,7161,6538,7229,6701,7099,6448,7150,0.015966687751105386,0.01390786968456993,0.0030401007414276606,0.002241930932250617,0.003389276642695538,0.013312833805356031,0.01365617063561067,0.008980946686460265,0.0032118040701534243,0.016026801412141092,0.015748209460358174,0.0030401007414276606,0.006999337770951069,0.002550930989000168,0.0020739853339856156,0.003389276642695538,0.006124231865411624,0.016026801412141092,0.008980946686460265,0.01365617063561067,0.003760695470868309,0.003760695470868309,0.00663205583846713,0.00663205583846713,0.14915672222826806,0.08279134133355988,0.21287655512144124,0.030760132664902164,0.36234654558354684,0.18670991782706267,0.270043251160396,0.1220027764687839,0.06429872792869702,0.22241884270960774,0.13672699537591237,0.21287655512144124,0.14658485322383136,0.0832530974381573,0.05392672159178323,0.36234654558354684,0.09541327683815633,0.22241884270960774,0.1220027764687839,0.270043251160396,0.10826765356379253,0.10826765356379253,0.07171233513220503,0.07171233513220503
302,24,0.008384953432191889,0.0019917645574401965,0.01613522425126644,0.1795493151775626,0.028196788276160317,0.41548433345158464,5,False,16,0,0,0,0,7113,6953,7079,6836,7252,7239,7182,6998,7135,7006,7049,7008,7154,6979,6553,7223,6988,7254,7161,6538,7229,6701,7099,7271,0.015748209460358174,0.013464930034733513,0.0030524979156451777,0.0021391266700154545,0.003640112215708137,0.003640112215708137,0.01326951139144972,0.014292515411325863,0.008790941504462984,0.0030934495786993045,0.01613522425126644,0.015478737946112176,0.0030524979156451777,0.006898591887134789,0.0019917645574401965,0.0035485942768026728,0.005950185141901583,0.014292515411325863,0.01613522425126644,0.008790941504462984,0.013933179908817274,0.0036669979064739393,0.0036669979064739393,0.006566023109375389,0.13672699537591237,0.07589206288909656,0.19513684219465446,0.028196788276160317,0.41548433345158464,0.41548433345158464,0.17115075800814078,0.33087298023036305,0.11183587842971857,0.0589405006013056,0.20388393915047376,0.12533307909458632,0.19513684219465446,0.13436944878851206,0.04943282812580129,0.33215100011825127,0.08746217043497663,0.33087298023036305,0.20388393915047376,0.11183587842971857,0.24753964689702967,0.09924534910014315,0.09924534910014315,0.1490696405378546
303,24,0.008423682355897794,0.0019103971866286835,0.016160266582400058,0.1747141870609139,0.025847055919813622,0.3866335652111661,0,False,17,0,0,0,0,7113,6953,7079,6836,7252,7239,7182,6998,7135,7289,7049,7008,7154,6979,6553,7223,6988,7254,7161,6538,7006,6701,7099,7271,0.015478737946112176,0.013010930075708143,0.0030497544300869444,0.0020395716362796965,0.003868369259442635,0.003868369259442635,0.013168814955495793,0.01483301615893904,0.00858048691938101,0.015215558360365537,0.016160266582400058,0.01516540198662413,0.0030497544300869444,0.006776072441383726,0.0019103971866286835,0.0036841101809088218,0.005768224298186746,0.015215558360365537,0.016160266582400058,0.00858048691938101,0.0029749882184693438,0.0035666103029224155,0.0035666103029224155,0.006476019747613541,0.12533307909458632,0.06956772431500517,0.17887543867843325,0.025847055919813622,0.3808606389972859,0.3808606389972859,0.15688819484079572,0.3033002318778328,0.10251622189390869,0.3866335652111661,0.18689361088793427,0.11488865583670413,0.17887543867843325,0.12317199472280271,0.045313425781984516,0.304471750108397,0.08017365623206191,0.3866335652111661,0.18689361088793427,0.10251622189390869,0.05402879221786347,0.09097490334179789,0.09097490334179789,0.13664717049303338
304,24,0.00841509901185481,0.0018302408512630196,0.016108506876161558,0.16015467147250437,0.023693134593162486,0.3544141014435689,1,False,17,0,0,0,0,7113,6953,7079,6836,7252,7239,7182,6998,7135,7289,7049,7008,7154,6979,6553,7223,6988,7254,7161,6538,7006,6701,7099,7271,0.01516540198662413,0.012549986978044702,0.003033166739999699,0.0019433704615465935,0.004071264855515843,0.004071264855515843,0.013016778729890965,0.015275528606622433,0.00835323710697863,0.01603952715361454,0.016108506876161558,0.014815005529054107,0.003033166739999699,0.006634887127446566,0.0018302408512630196,0.003795263159575334,0.005580424102575681,0.01603952715361454,0.016108506876161558,0.00835323710697863,0.0028571298950125297,0.003460944368627419,0.003460944368627419,0.006365064655063946,0.11488865583670413,0.0637704139554214,0.16396915212189714,0.023693134593162486,0.3491222524141787,0.3491222524141787,0.14381417860406273,0.27802521255468005,0.09397320340274963,0.3544141014435689,0.17131914331393974,0.10531460118364545,0.16396915212189714,0.11290766182923581,0.04153730696681914,0.2790991042660306,0.07349251821272342,0.3544141014435689,0.17131914331393974,0.09397320340274963,0.04952639286637484,0.08339366139664807,0.08339366139664807,0.12525990628528058
305,24,0.007841253197875977,0.0017515941346058403,0.016756216634481763,0.15347216446398848,0.021718706710398945,0.3248795929899381,2,False,17,0,0,0,0,7113,6953,7079,6836,7322,7252,7239,7182,6998,7135,7289,7049,7008,7154,6979,6553,7223,6988,7254,6538,7006,6701,7099,7271,0.014815005529054107,0.012085733325978251,0.0030815760011351258,0.001850590047583876,0.0030815760011351258,0.004246880560787034,0.004246880560787034,0.012819467671831423,0.01562026887063195,0.008112570593718697,0.016756216634481763,0.015987020548468837,0.014433946647844286,0.0030041005093117052,0.006477992740573034,0.0017515941346058403,0.0038820827014825563,0.005388644838915009,0.016756216634481763,0.008112570593718697,0.002740482522415267,0.003351285092600493,0.003351285092600493,0.006236088894881107,0.10531460118364545,0.05845621279246962,0.23363838944507237,0.021718706710398945,0.23363838944507237,0.3200287313796638,0.3200287313796638,0.13182966372039084,0.25485644484179004,0.08614210311918716,0.3248795929899381,0.1570425480377781,0.09653838441834166,0.15030505611173903,0.10349869001013283,0.03807586471958421,0.25584084557719466,0.06736814169499646,0.3248795929899381,0.08614210311918716,0.045399193460843604,0.07644418961359406,0.07644418961359406,0.1148215807615072
306,24,0.00785153561982493,0.0017612648684685124,0.017360719317216743,0.15509666385581017,0.019908814484532366,0.2978062935741099,3,False,17,0,0,0,0,7113,6953,7079,6836,7348,7182,6998,7135,7289,7049,7008,7154,6979,7322,7252,7239,7223,6988,7254,6538,7006,6701,7099,7271,0.014433946647844286,0.011621342631515336,0.0031121878931538254,0.0017612648684685124,0.003192450949240532,0.012582838781332699,0.01586947105811032,0.007861575198341141,0.017360719317216743,0.015803130861238527,0.014028163243421167,0.002963947424119792,0.00630816206645604,0.003192450949240532,0.004394118091646494,0.004394118091646494,0.0039451041660587445,0.005194538025641028,0.017360719317216743,0.007861575198341141,0.0026255605870354327,0.0032387899172465168,0.0032387899172465168,0.006091889674019768,0.09653838441834166,0.05358486172643048,0.214168523657983,0.019908814484532366,0.29750185699131637,0.12084385841035827,0.23361840777164086,0.07896359452592155,0.2978062935741099,0.14395566903462992,0.08849351905014652,0.1377796347690941,0.09487379917595509,0.29750185699131637,0.29335967043135847,0.29335967043135847,0.23452077511242844,0.06175412988708008,0.2978062935741099,0.07896359452592155,0.041615927339106636,0.07007384047912789,0.07007384047912789,0.10525311569804827
307,24,0.0076192163068493765,0.0016754017413515942,0.01831152948491888,0.15224906931742763,0.018249746610821335,0.35632243577626743,4,False,16,0,0,0,0,7113,6953,7079,6836,7348,7182,7386,7289,7049,7008,7154,6979,7322,7252,7239,7223,6988,6998,7135,7006,6701,7099,7389,7271,0.014028163243421167,0.011159559188323962,0.003126010037474671,0.0016754017413515942,0.003282355993677981,0.012312632872982877,0.01831152948491888,0.017851149876445625,0.015564200497637405,0.013603101154354473,0.002914089638657792,0.006127962137450721,0.003282355993677981,0.0045126256329037166,0.0045126256329037166,0.003985279050018897,0.004999555520864046,0.016027026192215115,0.0076030429523977925,0.002512793764225978,0.003205071338961175,0.003124490987146487,0.003205071338961175,0.0059350970934117925,0.08849351905014652,0.049119456582561276,0.1963211466864844,0.018249746610821335,0.2727100355753733,0.11077353687616175,0.35632243577626743,0.27298910244293406,0.1319593632817441,0.08111905912930097,0.12629799853833626,0.0869676492446255,0.2727100355753733,0.26891303122874527,0.26891303122874527,0.21497737718639273,0.05660795239649007,0.21415020712400412,0.07238329498209475,0.03814793339418108,0.14756768710586723,0.06423435377253389,0.14756768710586723,0.09648202272321091
308,24,0.007499141321076115,0.0015929840931152084,0.019139965954131682,0.14373348461748617,0.01672893439325289,0.32662889946157847,5,False,16,0,0,0,0,7113,6953,7079,7394,6836,7348,7182,7386,7289,7049,7008,7154,6979,7322,7239,7223,6988,6998,7135,7006,6701,7099,7389,7271,0.013603101154354473,0.010702730515788789,0.003204810458537909,0.003204810458537909,0.0015929840931152084,0.003351439518783811,0.012014293785599383,0.019139965954131682,0.018228286573661937,0.01527746278429926,0.013163700571731501,0.0028558714900188994,0.005939741967390804,0.003351439518783811,0.004602704920639614,0.004003885842805582,0.004804960997135886,0.016098124353606358,0.007339472876288058,0.0024025353741514385,0.0031598084519181362,0.0030092997091778735,0.0031598084519181362,0.005768151883450306,0.08111905912930097,0.0450261685340145,0.26329438446261066,0.26329438446261066,0.01672893439325289,0.24998419927742555,0.10154240880314826,0.32662889946157847,0.2502400105726895,0.12096274967493208,0.07435913753519255,0.11577316532680823,0.0797203451409067,0.24998419927742555,0.24650361195968315,0.19706259575419333,0.0518906230301159,0.1963043565303371,0.06635135373358686,0.03496893894466599,0.13527037984704496,0.05888149095815606,0.13527037984704496,0.08844185416294333
309,24,0.0075032659379296075,0.0015139757541249444,0.01984018421715598,0.13769053882732707,0.015334856527148482,0.29940982450644693,6,False,16,0,0,0,0,7113,6953,7079,7394,6836,7348,7432,7182,7386,7289,7049,7008,7154,6979,7322,7239,7428,6998,7135,7006,6701,7099,7389,7271,0.013163700571731501,0.010252841001194979,0.0032636434712888826,0.0032636434712888826,0.0015139757541249444,0.0034002641764724942,0.00473078197756119,0.011692911584405786,0.01984018421715598,0.01849516622249315,0.014949889917190028,0.012714396992883127,0.0027905778733379855,0.005893807233060729,0.0034002641764724942,0.004665208076719813,0.005893807233060729,0.016088916294961095,0.007073079740799628,0.00229507052034585,0.0031044733426854945,0.0028940129727534247,0.0031044733426854945,0.005593292345636877,0.07435913753519255,0.04127398782284662,0.2413531857573931,0.2413531857573931,0.015334856527148482,0.2291521826709734,0.13089973777760625,0.0930805414028859,0.29940982450644693,0.2293866763582987,0.1108825205353544,0.06816254274059316,0.10612540154957421,0.15641031637916447,0.2291521826709734,0.22596164429637622,0.15641031637916447,0.179945660152809,0.06082207425578795,0.032054860699277155,0.12399784819312454,0.05397470004497639,0.12399784819312454,0.08107169964936471
310,24,0.007403565382746241,0.0014383243131955692,0.020409823016859115,0.12621632725838314,0.014056951816552775,0.2744590057975763,7,False,16,0,0,0,0,7113,6953,7079,7394,6836,7348,7432,7182,7386,7289,7049,7008,7154,6979,7322,7239,7428,6998,7135,7006,6701,7099,7389,7271,0.012714396992883127,0.009811545659305943,0.003303194017611972,0.003303194017611972,0.0014383243131955692,0.003429729520094699,0.0046422492603078016,0.011353186180971897,0.020409823016859115,0.018656663341477597,0.01458809453869934,0.0122591333729238,0.0027194185273663432,0.005824982491087924,0.003429729520094699,0.0047014316293563065,0.005824982491087924,0.016006205598512287,0.006805807207756968,0.00219062380195199,0.003040492194315234,0.002779320487731468,0.003040492194315234,0.00541254881039054,0.06816254274059316,0.037834488837609405,0.22124042027761032,0.22124042027761032,0.014056951816552775,0.21005616744839228,0.11999142629613906,0.08532382961931206,0.2744590057975763,0.21027111999510714,0.10164231049074153,0.06248233084554373,0.0972816180871097,0.1433761233475674,0.21005616744839228,0.2071315072716782,0.1433761233475674,0.16495018847340823,0.05575356806780562,0.029383622307670724,0.11366469417703082,0.04947680837456169,0.11366469417703082,0.07431572467858431
311,24,0.007103841926822343,0.0014011921641599993,0.02084959835123136,0.11770347051865275,0.02693498711536483,0.2515874219811116,8,False,16,0,0,0,0,7113,6953,7079,7394,6836,7348,7432,7182,7386,7289,7049,7008,7154,7468,7322,7239,7428,6998,7135,7006,6701,7099,7389,7271,0.0122591333729238,0.009380203193848774,0.0033244429686430047,0.0033244429686430047,0.0014011921641599993,0.003440996198085932,0.0045414763993567265,0.010999407881726915,0.02084959835123136,0.01871907754879512,0.014198260487345639,0.011801380582305827,0.002643517418405508,0.0014011921641599993,0.003440996198085932,0.004713013487245025,0.005735982361120743,0.015857177981990732,0.006539344000748072,0.002089366528744428,0.00296922356188017,0.002665812797840396,0.00296922356188017,0.005227744064568942,0.06248233084554373,0.03468161476780862,0.20280371858780946,0.20280371858780946,0.09621887249850672,0.1925514868276929,0.1099921407714608,0.07821351048436939,0.2515874219811116,0.19274852666218154,0.0931721179498464,0.05727546994174842,0.08917481657985055,0.09621887249850672,0.1925514868276929,0.18987054833237169,0.13142811306860347,0.15120433943395753,0.05110743739548848,0.02693498711536483,0.10419263632894492,0.04535374101001488,0.10419263632894492,0.06812274762203561
312,24,0.007121080357910738,0.0013616784020308369,0.021162841874503357,0.129141650237969,0.031791480203824565,0.2692367420388253,9,False,16,0,0,0,0,7113,6953,7503,7432,7182,7386,7289,7049,7008,7079,7394,6836,7348,7428,6998,7135,7006,6701,7099,7389,7271,7490,7507,7511,0.011801380582305827,0.008959907767076506,0.00482309699202948,0.004430465181265855,0.010635451605031104,0.021162841874503357,0.018689746773221935,0.013786098380929491,0.011344163725173736,0.0034144395268750935,0.0033285953414490216,0.0013616784020308369,0.0034354149244582495,0.005629471206794015,0.015649170732175182,0.006275141997386874,0.0020427820351398836,0.0028919427894214637,0.0025539896171529975,0.0028919427894214637,0.005170492392000182,0.0034144395268750935,0.0020427820351398836,0.005170492392000182,0.05727546994174842,0.031791480203824565,0.2573813359713407,0.10082612904050572,0.07169571794400527,0.23062180348268563,0.17668614944033306,0.0854077747873592,0.05250251411326938,0.2692367420388253,0.185903408705492,0.08820063312363116,0.17650552959205182,0.1204757703128865,0.13860397781446107,0.04684848427919777,0.10802373818908444,0.09550991663486617,0.041574262592513636,0.09550991663486617,0.14577918532019932,0.2692367420388253,0.10802373818908444,0.14577918532019932
313,24,0.007355124882216256,0.0013203103814680194,0.021355019242081583,0.12393676194488872,0.029142190186839185,0.2468003468689232,10,False,15,0,0,0,0,7113,6953,7503,7432,7516,7182,7386,7289,7049,7008,7079,7394,6836,7348,7428,6998,7135,7006,6701,7099,7389,7271,7490,7511,0.011344163725173736,0.008551519065421774,0.004903510128027363,0.004311085299003,0.010529509656333418,0.010529509656333418,0.021355019242081583,0.018576697983134945,0.013356821795404749,0.010890092295710066,0.003482913026184673,0.0033170140900239953,0.0013203103814680194,0.0034144623653894032,0.005508015135878747,0.015389482463104072,0.006014435351934631,0.001991750130611501,0.002809831694499977,0.0024442682153761634,0.002809831694499977,0.005094920375705121,0.003482913026184673,0.005094920375705121,0.05250251411326938,0.029142190186839185,0.23593289130706233,0.09242395162046357,0.14905440811533816,0.14905440811533816,0.2114033198591285,0.16196230365363865,0.07829046022174593,0.048127304603830266,0.2468003468689232,0.17041145798003432,0.08085058036332857,0.16179673545938084,0.11043612278681263,0.12705364632992264,0.042944443922597955,0.09902176000666073,0.08755075691529399,0.03810974070980416,0.08755075691529399,0.13363091987684936,0.2468003468689232,0.13363091987684936
314,24,0.007360974594636052,0.00127756629943377,0.021433256412698793,0.11656225391271009,0.034933928983987145,0.2262336512965129,11,False,16,0,0,0,0,7113,6953,7503,7432,7516,7182,7386,7289,7049,7008,7537,7079,7394,6836,7348,7428,6998,7135,7006,6701,7099,7389,7271,7490,0.010890092295710066,0.00836602494434153,0.004955404508935606,0.004185061464125346,0.01038513273604331,0.01038513273604331,0.021433256412698793,0.01838834214393441,0.012915140078376108,0.010441392535084462,0.00836602494434153,0.0035305032113461814,0.003291161162023405,0.00127756629943377,0.003379685165696831,0.0053740462329460465,0.015085221391939725,0.005758259948375796,0.0019371027341488173,0.00272397265390441,0.0023369916444912387,0.00272397265390441,0.0050033991620739675,0.0035305032113461814,0.048127304603830266,0.11004700767126926,0.2162718170314738,0.0847219556520916,0.13663320743905996,0.13663320743905996,0.19378637653753444,0.14846544501583542,0.0717662552032671,0.04411669588684441,0.11004700767126926,0.2262336512965129,0.1562105031483648,0.07411303199971785,0.14831367417109909,0.10123311255457823,0.11646584246909575,0.03936574026238146,0.09076994667277233,0.08025486050568616,0.034933928983987145,0.08025486050568616,0.1224950098871119,0.2262336512965129
315,24,0.00717198509979933,0.00123387533501046,0.021405894473661577,0.10821759838283461,0.03202276823532155,0.20738084702180348,0,False,16,0,0,0,0,7113,6953,7503,7432,7516,7182,7386,7289,7049,7008,7537,7079,7394,6836,7348,7428,6998,7135,7006,7579,7099,7389,7271,6701,0.010441392535084462,0.008161652418796555,0.004980346063810218,0.004053966673113664,0.010207162017928656,0.010207162017928656,0.021405894473661577,0.01813321610788517,0.012465264218612023,0.009999940693417444,0.008161652418796555,0.0035581872934202204,0.003252546696971815,0.00123387533501046,0.003332652604674958,0.005229837477944971,0.014743188993832273,0.005507472648569202,0.001879605388206988,0.00270331162344741,0.0022324366551642145,0.00263534627146472,0.004898220143994272,0.00270331162344741,0.04411669588684441,0.1008764236986635,0.1982491656121843,0.07766179268108397,0.12524710681913828,0.12524710681913828,0.17763751182607324,0.13609332459784912,0.06578573393632817,0.040440304562940704,0.1008764236986635,0.20738084702180348,0.1431929612193344,0.06793694599974136,0.1359542013235075,0.0927970198416967,0.1067603555966711,0.036085261907183,0.0832057844500413,0.15690028879687898,0.03202276823532155,0.07356695546354564,0.11228709239651924,0.15690028879687898
316,24,0.007461951341963705,0.0011896188658795043,0.021282086776443644,0.10895078269936631,0.029354204215711416,0.1900991097699865,0,False,16,0,0,0,0,7593,6953,7503,7432,7516,7182,7386,7592,7049,7113,7537,7079,7394,6836,7348,7428,6998,7135,7289,7579,7099,7389,7271,6701,0.009814035937051152,0.007941846733262897,0.004980209440946702,0.003919220431681937,0.010000297712698994,0.010000297712698994,0.021282086776443644,0.012320683282042737,0.012320683282042737,0.009999940693417444,0.007941846733262897,0.0035672019161301317,0.0032026866021765284,0.0011896188658795043,0.0032749178147514876,0.005077486750157366,0.014369795116142852,0.005262769938780623,0.017819771104588385,0.002672110479011585,0.0021308211972614934,0.002544831881343749,0.004781561326343502,0.002672110479011585,0.12040361251602899,0.0924700550571082,0.18172840181116895,0.07118997662432697,0.11480984791754342,0.11480984791754342,0.16283438584056711,0.14363692277496748,0.14363692277496748,0.040440304562940704,0.0924700550571082,0.1900991097699865,0.1312602144510565,0.06227553383309624,0.12462468454654853,0.08506393485488864,0.09786365929694851,0.033078156748251084,0.12475221421469503,0.14382526473047239,0.029354204215711416,0.06743637584158349,0.1029298346968093,0.14382526473047239
317,24,0.007688889002115731,0.001145132482118525,0.021071446386941126,0.11173931295746907,0.026908020531068798,0.24991770166023822,1,False,16,0,0,0,0,7593,6953,7610,7503,7432,7516,7182,7386,7592,7049,7617,7113,7537,7079,6836,7348,7428,6998,7135,7289,7579,7099,7389,7271,0.009602103642614497,0.007709786193837392,0.005084924252802905,0.005084924252802905,0.0037820908594199823,0.0097690252973742,0.0097690252973742,0.021071446386941126,0.012133321373926883,0.012133321373926883,0.009814035937051152,0.009814035937051152,0.007709786193837392,0.0035589704672017845,0.001145132482118525,0.003207987102184359,0.004918908358058326,0.013971000280386605,0.005024705692631483,0.017456205345991408,0.0026316142402801456,0.0020323114358522087,0.0024532102260106073,0.004655463421101438,0.11036997813969324,0.08476421713568251,0.24991770166023822,0.24991770166023822,0.06525747857229972,0.10524236059108147,0.10524236059108147,0.1492648536871865,0.13166717921038684,0.13166717921038684,0.12040361251602899,0.12040361251602899,0.08476421713568251,0.17425751728915428,0.05708590601367155,0.11423929416766948,0.07797527361698126,0.08970835435553613,0.030321643685896824,0.11435619636347044,0.131839826002933,0.026908020531068798,0.06181667785478486,0.09435234847207519
318,24,0.007519166165004837,0.0011290957397317824,0.020783747196903016,0.10589992576656886,0.024665685486813065,0.22909122652188502,2,False,16,0,0,0,0,7593,6953,7610,7503,7432,7516,7182,7386,7592,7049,7617,7113,7537,7079,7646,7348,7428,6998,7135,7289,7579,7099,7389,7271,0.009368382553632048,0.0074683697070581125,0.0051589066867109646,0.0051589066867109646,0.0036436997304693623,0.009517562216310902,0.009517562216310902,0.020783747196903016,0.011908815763856415,0.011908815763856415,0.009602103642614497,0.009602103642614497,0.0074683697070581125,0.0035350378011061645,0.0011290957397317824,0.003133296652855673,0.004755830639969894,0.013552280865683804,0.00479370786169439,0.01705033685828001,0.002583045787906481,0.0019370282434076935,0.0023611677387298143,0.004521814256644166,0.10117247996138547,0.07770053237437563,0.22909122652188502,0.22909122652188502,0.0598193553579414,0.09647216387515802,0.09647216387515802,0.13682611587992097,0.12069491427618793,0.12069491427618793,0.11036997813969324,0.11036997813969324,0.07770053237437563,0.1597360575150581,0.13566208051253226,0.10471935298703035,0.07147733414889948,0.08223265815924145,0.02779484004540542,0.10482651333318123,0.12085317383602191,0.024665685486813065,0.05666528803355279,0.08648965276606892
319,24,0.007641984098405476,0.001138057012489733,0.02042867850058884,0.11803081165866085,0.02261021169624531,0.2100002909783946,3,False,17,0,0,0,0,7593,6953,7610,7503,7671,7664,7182,7386,7592,7049,7617,7113,7537,7079,7670,7348,7516,6998,7135,7289,7579,7099,7389,7271,0.009116833759644288,0.007220213462818418,0.005203522887896226,0.005203522887896226,0.003130911626078928,0.011953117287015131,0.009249822195521841,0.02042867850058884,0.011953117287015131,0.011652597799488811,0.009368382553632048,0.009368382553632048,0.007220213462818418,0.003497013517738043,0.001138057012489733,0.003130911626078928,0.009249822195521841,0.013118613054186896,0.004570093979281792,0.01660951186135428,0.002527583641185233,0.0018450531516586311,0.0022693019497719955,0.0043823401084176865,0.09274143996460334,0.07122548800984432,0.2100002909783946,0.2100002909783946,0.17932607357144448,0.1939703380865056,0.08843281688556151,0.12542393955659423,0.1939703380865056,0.11063700475317227,0.10117247996138547,0.10117247996138547,0.07122548800984432,0.14642471938880325,0.20769024046982124,0.17932607357144448,0.08843281688556151,0.07537993664597133,0.02547860337495497,0.09609097055541613,0.11078207601635341,0.02261021169624531,0.05194318069742339,0.07928218170222984
320,24,0.007390529335187902,0.0011704664430253575,0.020015650315566128,0.11622270872836322,0.020726027388224866,0.27371605376400276,4,False,17,0,0,0,0,7593,6953,7610,7503,7671,7664,7182,7386,7592,7049,7617,7113,7537,7079,7694,7670,7516,6998,7135,7289,7579,7099,7389,7271,0.008851112905381129,0.0069676547751221715,0.005220534780578849,0.005220534780578849,0.0031142755774730513,0.011938472930563715,0.00896939431724685,0.020015650315566128,0.011938472930563715,0.011369816767267789,0.009116833759644288,0.009116833759644288,0.0069676547751221715,0.0034465242082047627,0.0011704664430253575,0.0011704664430253575,0.00896939431724685,0.012674471748017812,0.004354085421075504,0.016140543695142423,0.0024663453687619667,0.001756433763806667,0.0021781276196655218,0.004238602641784418,0.08501298663421972,0.06529003067569063,0.19250026673019505,0.19250026673019505,0.16438223410715744,0.17780614324596347,0.08106341547843138,0.1149719445935447,0.17780614324596347,0.10141725435707458,0.09274143996460334,0.09274143996460334,0.06529003067569063,0.1342226594397363,0.27371605376400276,0.27371605376400276,0.08106341547843138,0.06909827525880705,0.023355386427042053,0.08808338967579811,0.10155023634832396,0.020726027388224866,0.04761458230597144,0.07267533322704402
321,24,0.007214241618768622,0.0011954379722259234,0.019553645073170967,0.11318674346407524,0.018998858439206127,0.25090638261700254,5,False,17,0,0,0,0,7593,6953,7610,7503,7671,7664,7182,7386,7592,7049,7704,7113,7537,7079,7694,7670,7516,6998,7135,7289,7579,7099,7389,7271,0.008795692547170253,0.006712761339940988,0.005211992333147875,0.005211992333147875,0.0030847889901592304,0.01186998366672516,0.008679534144818903,0.019553645073170967,0.01186998366672516,0.011065286419292653,0.008795692547170253,0.008851112905381129,0.006712761339940988,0.0033851745285423773,0.0011954379722259234,0.0011954379722259234,0.008679534144818903,0.012223841076869715,0.0041458204106728305,0.015649677314467706,0.0024003759251627036,0.0016711886404771619,0.002088083279263257,0.0040920002789289756,0.1612619044147014,0.05984919478604974,0.17645857783601213,0.17645857783601213,0.15068371459822766,0.16298896464213317,0.07430813085522876,0.1053909492107493,0.16298896464213317,0.09296581649398503,0.1612619044147014,0.08501298663421972,0.05984919478604974,0.12303743781975826,0.25090638261700254,0.25090638261700254,0.07430813085522876,0.06334008565390646,0.021409104224788547,0.08074310720281493,0.09308771665263028,0.018998858439206127,0.04364670044714048,0.06661905545812367
322,24,0.008023866414434285,0.0015893116817987725,0.019051110359312385,0.11551253041218641,0.01741562023593895,0.23273988425528874,6,False,18,0,0,0,0,7593,7739,6953,7729,7610,7503,7671,7664,7182,7386,7592,7049,7704,7113,7537,7079,7733,7516,6998,7135,7289,7579,7099,7271,0.008704802002589256,0.008795692547170253,0.006623878774346636,0.006623878774346636,0.005180136323780438,0.005180136323780438,0.0030438802303761757,0.012056117912613601,0.008383164418153476,0.019051110359312385,0.01175300883322798,0.010743450781999517,0.008704802002589256,0.008795692547170253,0.006457344421264905,0.003314516576244591,0.012056117912613601,0.008383164418153476,0.011770233559220317,0.0039453657912116875,0.015142574632897001,0.0023306401793204653,0.0015893116817987725,0.003943772942241712,0.14782341238014293,0.1612619044147014,0.1381950952205456,0.1381950952205456,0.1617536963496778,0.1617536963496778,0.1381267383817087,0.23273988425528874,0.06811578661729303,0.09660837010985353,0.1494065509219554,0.08521866511948627,0.14782341238014293,0.1612619044147014,0.05486176188721226,0.11278431800144507,0.23273988425528874,0.06811578661729303,0.058061745182747586,0.019625012206056166,0.07401451493591368,0.08533040693157776,0.01741562023593895,0.06106746750328003
323,24,0.00808824060266739,0.001510776034044294,0.01851588698937989,0.12953532327373324,0.015964318549610702,0.2966782272340147,0,False,19,0,0,0,0,7593,7739,6953,7729,7610,7503,7671,7664,7182,7386,7592,7049,7704,7753,7537,7079,7733,7759,6998,7135,7772,7579,7099,7271,0.008582485140483126,0.008929298091946342,0.00651321365156214,0.00651321365156214,0.00512731345935068,0.00512731345935068,0.002992968827850595,0.012486753553265386,0.00808288311831688,0.01851588698937989,0.011592999115185814,0.010408365945690267,0.008582485140483126,0.008929298091946342,0.006202974720053411,0.0032360267977427112,0.012172817641102023,0.012486753553265386,0.011316715424923638,0.0037527276080631853,0.01500147625635487,0.002258018918808866,0.001510776034044294,0.0037950092732855828,0.13550479468179769,0.23115674571347627,0.12667883728550014,0.12667883728550014,0.1482742216538713,0.1482742216538713,0.12661617684989962,0.2966782272340147,0.062439471065851945,0.08855767260069906,0.13695600501179245,0.07811710969286241,0.13550479468179769,0.23115674571347627,0.05028994839661123,0.10338562483465798,0.21334489390068134,0.2966782272340147,0.053223266417518615,0.017989594522218152,0.15117997202458755,0.07821953968727961,0.015964318549610702,0.05597851187800669
324,24,0.007986587171025237,0.001435537552995746,0.017955166706232716,0.12221293522314436,0.014633958670476477,0.2719550416311801,1,False,19,0,0,0,0,7593,7739,6953,7729,7610,7503,7671,7664,7182,7386,7592,7049,7704,7753,7537,7079,7733,7759,7794,7135,7772,7579,7099,7271,0.008432740841678605,0.00901173419272658,0.006383772549463623,0.006383772549463623,0.005055904587259929,0.005055904587259929,0.0029334362325542417,0.012835441154576976,0.007780976996299556,0.017955166706232716,0.01139535935413351,0.01006369475241468,0.008432740841678605,0.00901173419272658,0.00595099990688712,0.003151089520109869,0.01222406038891085,0.012835441154576976,0.011146167579137561,0.0035678605639607327,0.014804592669024027,0.002183307660517362,0.001435537552995746,0.0036466555700162815,0.12421272845831453,0.21189368357068658,0.11612226751170845,0.11612226751170845,0.1359180365160487,0.1359180365160487,0.11606482877907465,0.2719550416311801,0.05723618181036428,0.08117786655064081,0.12554300459414308,0.07160735055179054,0.12421272845831453,0.21189368357068658,0.046099119363560294,0.09477015609843648,0.19556615274229122,0.2719550416311801,0.13212132754939207,0.01649046164536664,0.1385816410225386,0.07170124471333965,0.014633958670476477,0.051313635888172796
325,24,0.0077801953868468915,0.0013635378581325279,0.017375474072932707,0.13251120804574587,0.013414462114603436,0.27756920993979606,2,False,20,0,0,0,0,7593,7813,7803,7729,7610,7503,7671,7664,7182,7386,7592,7049,7739,6953,7079,7805,7733,7759,7794,7135,7772,7579,7099,7271,0.008259444704882095,0.009279287686322312,0.00639931930213982,0.00639931930213982,0.004968265897043648,0.005096397044017547,0.0028666034290853147,0.013102816696222347,0.0074794389555770035,0.017375474072932707,0.011165339679250482,0.009712711599520484,0.009045992328036805,0.006238430714584047,0.003060986150959842,0.005096397044017547,0.012214542472339463,0.013102816696222347,0.010941319187181333,0.0033906764184234842,0.014558828562666272,0.002107217663319158,0.0013635378581325279,0.0034995258193089938,0.11386166775345498,0.27756920993979606,0.18977874521906607,0.18977874521906607,0.12459153347304464,0.20792486680637798,0.10639275971415176,0.24929212149524843,0.05246649999283392,0.0744130443380874,0.11508108754463116,0.06564007133914133,0.1942358766064627,0.10644541188573274,0.08687264309023343,0.20792486680637798,0.1792689733471003,0.24929212149524843,0.12111121692027606,0.015116256508252752,0.12703317093732702,0.06572614098722801,0.013414462114603436,0.0470374995641584
326,24,0.008212518493321443,0.00129470701232006,0.016782667590492018,0.13075463976919444,0.012296590271719816,0.25443844244481306,3,False,20,0,0,0,0,7593,7813,7803,7729,7610,7503,7671,7664,7182,7386,7592,7049,7739,6953,7079,7805,7733,7759,7794,7135,7772,7844,7099,7271,0.008066289703436213,0.009487492099489493,0.006383979767430022,0.006383979767430022,0.00486668241119562,0.005110087296654939,0.0027937146416653837,0.013291125317459287,0.007179987956464495,0.016782667590492018,0.010907952528894992,0.009358314916266123,0.009035581634225208,0.006079896534823977,0.0029668891032250937,0.005110087296654939,0.01214944638532135,0.013291125317459287,0.010707165312743174,0.0032210514092372374,0.014638953756675179,0.014638953756675179,0.00129470701232006,0.0033543123234753506,0.10437319544066706,0.25443844244481306,0.1739638497841439,0.1739638497841439,0.11420890568362424,0.19059779457251314,0.09752669640463911,0.22851777803731105,0.04809429166009776,0.06821195730991345,0.10549099691591189,0.060170065394212886,0.1780495535559241,0.09757496089525501,0.07963325616604731,0.19059779457251314,0.16432989223484193,0.22851777803731105,0.11101861551025305,0.013856568465898356,0.19978040669254976,0.19978040669254976,0.012296590271719816,0.04311770793381186
327,24,0.008145868283648584,0.0012289658612522744,0.01618195562634828,0.12324990877992185,0.011271874415743165,0.2332352389077453,4,False,21,0,0,0,0,7593,7813,7803,7729,7861,7610,7503,7671,7664,7182,7386,7592,7049,7739,6953,7079,7733,7759,7794,7135,7772,7844,7099,7271,0.007856743564138811,0.009637724927877296,0.006340528477375594,0.006340528477375594,0.006063123581094685,0.0047533326765872895,0.005099007752318883,0.0027159262970803877,0.013403918967888432,0.006884090364253604,0.01618195562634828,0.010627912599821137,0.009003045221277641,0.008984358340464441,0.006063123581094685,0.0028698595563228157,0.012034236554146902,0.013403918967888432,0.010448444430803878,0.003058832776163256,0.014644831839693326,0.014644831839693326,0.0012289658612522744,0.0032115965266050713,0.09567542915394481,0.2332352389077453,0.1594668623021319,0.1594668623021319,0.1727770474873171,0.10469149687665555,0.1747146450248037,0.08939947170425251,0.20947462986753512,0.04408643402175628,0.06252762753408732,0.09670008050625256,0.05515589327802848,0.16321209075959708,0.1727770474873171,0.07299715148554337,0.1506357345486051,0.20947462986753512,0.10176706421773196,0.012701854427073493,0.1831320394681706,0.1831320394681706,0.011271874415743165,0.039524565605994204
328,24,0.007610001051662349,0.001166228065759596,0.015577923332627237,0.12755261483824773,0.010332551547764567,0.27535174404524054,5,False,22,0,0,0,0,7593,7813,7803,7729,7861,7610,7503,7671,7664,7182,7386,7592,7049,7739,6953,7079,7878,7733,7759,7794,7135,7880,7099,7271,0.007634020496529388,0.00973236553796093,0.006271854298862977,0.006271854298862977,0.0060198547151105,0.004630263349302789,0.0051960028521914154,0.002634300408207156,0.013792525625024084,0.006592981888309635,0.015577923332627237,0.010329596537213806,0.00864910700860595,0.008896376377587913,0.0060198547151105,0.0027708482461011315,0.0051960028521914154,0.011874485606398075,0.01344576062364419,0.010169588573602152,0.0029038444668434316,0.013792525625024084,0.001166228065759596,0.0030718597388250256,0.0877024767244494,0.21379896899876652,0.14617795711028755,0.14617795711028755,0.15837896019670733,0.09596720547026759,0.24348842460607006,0.08194951572889814,0.27535174404524054,0.04041256451994325,0.05731699190624671,0.08864174046406484,0.05055956883819277,0.14961108319629732,0.15837896019670733,0.06691405552841474,0.24348842460607006,0.13808275666955466,0.1920184107119072,0.09328647553292096,0.011643366558150701,0.27535174404524054,0.010332551547764567,0.036230851805494686
329,24,0.007500718567960213,0.0011064018584606358,0.01497456732272543,0.11692323026839373,0.009471505585450853,0.2524057653748038,6,False,22,0,0,0,0,7593,7813,7803,7729,7861,7610,7503,7671,7664,7182,7386,7592,7049,7739,6953,7079,7878,7733,7759,7794,7135,7880,7099,7271,0.007401064918389026,0.00977457802944136,0.00618087507782311,0.00618087507782311,0.005952839563893219,0.004499372277729287,0.0052621168896263455,0.0025498015784673786,0.01409324003624468,0.0063076894542803755,0.01497456732272543,0.010017019179540088,0.008298393026363569,0.008775760619343325,0.005952839563893219,0.0026706985705176726,0.0052621168896263455,0.011675731226092317,0.01342194749707058,0.009874691300266537,0.0027558921027762123,0.01409324003624468,0.0011064018584606358,0.0029354935344065906,0.08039393699741196,0.1959823882488693,0.13399646068443025,0.13399646068443025,0.1451807135136484,0.08796993834774529,0.22319772255556422,0.07512038941815662,0.2524057653748038,0.03704485080994798,0.05254057591405948,0.0812549287587261,0.046346271435010036,0.13714349292993921,0.1451807135136484,0.06133788423438018,0.22319772255556422,0.1265758602804251,0.17601687648591494,0.08551260257184422,0.010673086011638142,0.2524057653748038,0.009471505585450853,0.033211614155036796
330,24,0.0073709497406428915,0.0010493915542873378,0.014375335432492982,0.10717962774602757,0.008682213453329948,0.23137195159357013,7,False,22,0,0,0,0,7593,7813,7803,7729,7861,7610,7503,7671,7664,7182,7386,7592,7049,7739,6953,7079,7878,7733,7759,7794,7135,7880,7099,7271,0.007160544950157931,0.00976810607577352,0.006070468107574644,0.006070468107574644,0.005864849553691415,0.00436239869618758,0.005298871479573427,0.0024632968924245815,0.014308255552090907,0.0060290525168893265,0.014375335432492982,0.00969382332850871,0.007952509796710546,0.008626602707367342,0.005864849553691415,0.0025701513971090567,0.005298871479573427,0.011443362169281343,0.013338261474457526,0.009567490453997846,0.002614767279823711,0.014308255552090907,0.0010493915542873378,0.002802809664099268,0.07369444224762763,0.17965052256146352,0.12283008896072772,0.12283008896072772,0.13308232072084436,0.08063911015209985,0.20459791234260052,0.06886035696664357,0.23137195159357013,0.03395777990911898,0.048162194587887855,0.07448368469549892,0.0424840821487592,0.12571486851911093,0.13308232072084436,0.05622639388151516,0.20459791234260052,0.11602787192372302,0.16134880344542202,0.07838655235752387,0.009783662177334963,0.23137195159357013,0.008682213453329948,0.03044397964211706
331,24,0.0076195089222742055,0.0009950988422857457,0.01444122113811072,0.12094317671665013,0.007958695665552452,0.21209095562743926,8,False,23,0,0,0,0,7593,7813,7946,7803,7729,7861,7610,7503,7671,7664,7182,7386,7592,7049,7944,7739,6953,7947,7733,7759,7794,7880,7099,7271,0.007093187122970902,0.009717086408608562,0.0060966956384165705,0.0060966956384165705,0.0060966956384165705,0.005758612998936113,0.004220919214317889,0.005308156891855504,0.0023755580378784407,0.01444122113811072,0.005757743458314956,0.01378316940134265,0.009363280269384084,0.007612803475811549,0.007093187122970902,0.008452878334711872,0.005758612998936113,0.0060966956384165705,0.011182531023301691,0.013200751461245342,0.009251362867356784,0.01444122113811072,0.0009950988422857457,0.0026740493744641125,0.15088657206032532,0.16467964568134155,0.19592758154733375,0.19592758154733375,0.19592758154733375,0.12199212732744066,0.07391918430609153,0.18754808631405048,0.06312199388608994,0.21209095562743926,0.0311279649166924,0.044148678372230535,0.06827671097087401,0.03894374196969593,0.15088657206032532,0.11523862947585167,0.12199212732744066,0.19592758154733375,0.1063588825967461,0.14790306982497017,0.07185433966106354,0.21209095562743926,0.007958695665552452,0.027906981338607303
332,24,0.0074798325325584405,0.0009434238838906488,0.01449692048189879,0.1108645786569293,0.0072954710267564135,0.19441670932515265,9,False,23,0,0,0,0,7593,7813,7946,7803,7729,7861,7610,7503,7671,7664,7182,7386,7592,7049,7944,7739,6953,7947,7733,7759,7794,7880,7099,7271,0.006999518904955892,0.009625884910369918,0.006092565360632939,0.006092565360632939,0.006092565360632939,0.005636764228833796,0.00407634840155137,0.005292125430237057,0.002287265091298734,0.01449692048189879,0.005494286829488954,0.013200548760142074,0.009028298576276884,0.007280385366737831,0.006999518904955892,0.008258384155995347,0.005636764228833796,0.006092565360632939,0.010898090715861179,0.01301554946756819,0.008929328449277692,0.01449692048189879,0.0009434238838906488,0.0025493920687980156,0.1383126910552982,0.15095634187456308,0.17960028308505593,0.17960028308505593,0.17960028308505593,0.1118261167168206,0.0677592522805839,0.17191907912121293,0.05786182772891577,0.19441670932515265,0.028533967840301367,0.04046962184121132,0.0625869850566345,0.03569843013888794,0.1383126910552982,0.10563541035286403,0.1118261167168206,0.17960028308505593,0.09749564238035059,0.13557781400622265,0.06586647802264158,0.19441670932515265,0.0072954710267564135,0.025581399560390027
333,24,0.0066736139443376264,0.0008942662406681368,0.014480969960182255,0.10991248089041117,0.006687515107860045,0.17821531688138992,10,False,23,0,0,0,0,7593,7813,7946,7803,7729,7861,7610,7503,7671,7664,7182,7386,7592,7049,7944,7739,6953,7947,8000,8002,7794,7880,7099,7271,0.006882804663812444,0.009498957087298757,0.006060658077740231,0.006060658077740231,0.006060658077740231,0.005501805405798085,0.003929942902433939,0.0052530961879883875,0.0022557238005668574,0.014480969960182255,0.005374192630848765,0.01262953460382329,0.008691439067852233,0.006956156578543625,0.006882804663812444,0.008046692086399515,0.005501805405798085,0.006060658077740231,0.0022557238005668574,0.005374192630848765,0.008604061398752427,0.014480969960182255,0.0008942662406681368,0.002428963276964972,0.12678663346735666,0.13837664671834948,0.16463359282796794,0.16463359282796794,0.16463359282796794,0.10250727365708555,0.062112647923868565,0.15759248919444518,0.13637334208483948,0.17821531688138992,0.10948947052027626,0.03709715335444371,0.05737140296858162,0.032723560960647276,0.12678663346735666,0.09683245949012535,0.10250727365708555,0.16463359282796794,0.13637334208483948,0.10948947052027626,0.06037760485408811,0.17821531688138992,0.006687515107860045,0.023449616263690857
334,24,0.006524185640675061,0.0008475256523702715,0.014399544951667356,0.10075310748287687,0.006130222182205041,0.16336404047460742,11,False,23,0,0,0,0,7593,7813,7946,7803,7729,7861,7610,7503,7671,7664,7182,7386,7592,7049,7944,7739,6953,7947,8000,8002,7794,7880,7099,7271,0.006746222137156357,0.00934073301546024,0.006003697216237213,0.006003697216237213,0.006003697216237213,0.005356079476279751,0.003782808163321002,0.005193472695207213,0.0022169059437070282,0.014399544951667356,0.005242088505207407,0.012071812258357838,0.008354934107763516,0.006640831473526357,0.006746222137156357,0.007821118578879682,0.005356079476279751,0.006003697216237213,0.0022169059437070282,0.005242088505207407,0.008277906611829002,0.014399544951667356,0.0008475256523702715,0.002312841926501703,0.11622108067841026,0.12684525949182035,0.15091412675897062,0.15091412675897062,0.15091412675897062,0.09396500085232841,0.05693659393021285,0.14445978176157476,0.12500889691110284,0.16336404047460742,0.1003653479769199,0.03400572390824007,0.05259045272119982,0.02999659754726,0.11622108067841026,0.08876308786594823,0.09396500085232841,0.15091412675897062,0.12500889691110284,0.1003653479769199,0.0553461377829141,0.16336404047460742,0.006130222182205041,0.021495481575049952
335,24,0.006361773493089398,0.0008031026840885607,0.01425914004233899,0.09235701519263716,0.005619370333687954,0.1497503704350568,12,False,23,0,0,0,0,7593,7813,7946,7803,7729,7861,7610,7503,7671,7664,7182,7386,7592,7049,7944,7739,6953,7947,8000,8002,7794,7880,7099,7271,0.006592810737026489,0.009155525643747924,0.005924461848427552,0.005924461848427552,0.005924461848427552,0.00520175262256818,0.0036359069941406643,0.0051156739252754295,0.0021718319221769376,0.01425914004233899,0.0051001809708799035,0.011528732127774667,0.008020709755427645,0.006334959665263628,0.006592810737026489,0.0075847064673643634,0.00520175262256818,0.005924461848427552,0.0021718319221769376,0.0051001809708799035,0.007952899661324883,0.01425914004233899,0.0008031026840885607,0.0022010669260465743,0.10653599062187608,0.11627482120083532,0.1383379495290564,0.1383379495290564,0.1383379495290564,0.08613458411463437,0.05219187776936178,0.13242146661477686,0.1145914888351776,0.1497503704350568,0.09200156897884323,0.031171913582553393,0.048207914994433165,0.027496881084988333,0.10653599062187608,0.08136616387711922,0.08613458411463437,0.1383379495290564,0.1145914888351776,0.09200156897884323,0.050733959634337925,0.1497503704350568,0.005619370333687954,0.019704191443795788
336,24,0.00620118236902855,0.0007608992593525746,0.014066365490584199,0.09160504170436183,0.005151089472547291,0.21014312040163505,13,False,22,0,0,0,0,7593,7813,7946,7803,8081,7861,7610,7503,7671,7664,7182,7386,7592,7049,7944,7739,6953,8068,8000,8002,7794,7880,7099,7271,0.006425433885553998,0.008947460536398185,0.005825714978493836,0.005825714978493836,0.005975959662978541,0.005040804614239924,0.003490069323974223,0.005022078348983084,0.0021214751810604768,0.014066365490584199,0.00495050418034683,0.011001348232421474,0.007690409556980892,0.006038946425948157,0.006425433885553998,0.00734021708051223,0.005040804614239924,0.005975959662978541,0.0021214751810604768,0.00495050418034683,0.00763078901998133,0.014066365490584199,0.0007608992593525746,0.002093643085617469,0.0976579914033864,0.10658525276743237,0.1268097870683017,0.1268097870683017,0.21014312040163505,0.0789567021050815,0.047842554621914966,0.12138634439687877,0.1050421980989128,0.13727117289880206,0.08433477156393963,0.02857425411734061,0.044190588744897064,0.025205474327905972,0.0976579914033864,0.0745856502206926,0.0789567021050815,0.21014312040163505,0.1050421980989128,0.08433477156393963,0.04650612966480976,0.13727117289880206,0.005151089472547291,0.01806217549014614
337,24,0.005813303194473734,0.0007208190942117203,0.013827779896126898,0.08982933164593826,0.004721832016501683,0.19263119370149878,14,False,22,0,0,0,0,7593,7813,7946,7803,8081,7861,7610,7503,7671,7664,7182,7386,7592,7049,8111,7944,7739,6953,8068,8000,8002,7880,7099,7271,0.006246753468629378,0.008720424668922316,0.00571014639377809,0.00571014639377809,0.005995736742911236,0.004875025556833256,0.0033460026321657415,0.00491498018530601,0.0020667507186364707,0.013827779896126898,0.004794912285538262,0.010490454130582291,0.007365419018435422,0.005753071436346772,0.0020418824269190553,0.006246753468629378,0.007090130522654055,0.004875025556833256,0.005995736742911236,0.0020667507186364707,0.004794912285538262,0.013827779896126898,0.0007208190942117203,0.0020418824269190553,0.08951982545310419,0.09770314837014633,0.11624230481260989,0.11624230481260989,0.19263119370149878,0.07237697692965804,0.043855675070088716,0.11127081569713887,0.09628868159067006,0.12583190849056855,0.07730687393361133,0.02619306627422889,0.04050803968282231,0.023105018133913805,0.09989032753263397,0.08951982545310419,0.06837017936896822,0.07237697692965804,0.19263119370149878,0.09628868159067006,0.07730687393361133,0.12583190849056855,0.004721832016501683,0.09989032753263397
338,24,0.0060795115615947595,0.0019863427343361907,0.013549757284699931,0.09942557371821588,0.021179599956087654,0.18988877941155907,15,False,22,0,0,0,0,7593,8128,7813,7946,7803,8115,8081,7861,7610,7503,7671,7664,7182,7386,7592,7049,8111,7944,7739,6953,8068,8002,7880,7271,0.006059214481804366,0.007012968921425184,0.00847803168187884,0.005580328884034039,0.005724245082405856,0.005724245082405856,0.005986145337634463,0.004706017676310009,0.003204302645528328,0.004796556659155094,0.002008507409280164,0.013549757284699931,0.004635077606488088,0.009996616057923777,0.007046890021526887,0.005477505868738923,0.0019863427343361907,0.006059214481804366,0.007012968921425184,0.004706017676310009,0.005986145337634463,0.004635077606488088,0.013549757284699931,0.0019863427343361907,0.08205983999867884,0.14600599775488754,0.08956121933930081,0.10655544607822573,0.18988877941155907,0.18988877941155907,0.17657859422637387,0.06634556218551987,0.04020103548091466,0.1019982477223773,0.08826462479144755,0.1153459161163545,0.07086463443914372,0.024010310751376482,0.03713236970925378,0.021179599956087654,0.09156613357158114,0.08205983999867884,0.14600599775488754,0.06634556218551987,0.17657859422637387,0.07086463443914372,0.1153459161163545,0.09156613357158114
339,24,0.0059456630809898705,0.0019278137062257552,0.013238385681969805,0.10104840077976374,0.01941463329308035,0.2451970447075094,16,False,23,0,0,0,0,7593,8128,7813,7946,8156,8081,8155,7861,7610,7503,7671,7664,7182,7386,7592,7049,8111,7944,7739,7803,8068,8002,7880,7271,0.0058650380281188895,0.006910906258166394,0.00822360097895993,0.00543868633972761,0.006103201395154848,0.005949757660646001,0.004652163379669739,0.004535200940401633,0.0030654639863375924,0.004668844897977014,0.0019475235201893385,0.013238385681969805,0.004472493334564041,0.009520203228909403,0.006735764628091553,0.005212327835504718,0.0019278137062257552,0.0058650380281188895,0.006910906258166394,0.005710699738942894,0.006103201395154848,0.004472493334564041,0.013238385681969805,0.0019278137062257552,0.07522151999878894,0.13383883127531357,0.08209778439435907,0.09767582557170691,0.2451970447075094,0.16186371137417604,0.1441500986700599,0.06081676533672655,0.036850949190838436,0.09349839374551251,0.08090923939216024,0.10573375643999162,0.06495924823588174,0.022009451522095106,0.034038005566815965,0.01941463329308035,0.08393562244061605,0.07522151999878894,0.13383883127531357,0.17406471446059582,0.2451970447075094,0.06495924823588174,0.10573375643999162,0.08393562244061605
340,24,0.005797112672155169,0.0018670147346151237,0.012899393595239285,0.09609992293700564,0.017796747185323654,0.2317084020929947,17,False,24,0,0,0,0,7593,8128,7813,7946,8156,8165,8155,7861,7610,7503,7671,7664,7182,7386,7592,7049,8111,7944,7739,7803,8068,8002,7880,7271,0.00566622097594903,0.006787159311984404,0.007960148171252079,0.005287472110249527,0.0061838173365849946,0.006041152007011138,0.004582076014265553,0.004363821486960654,0.002929890535517573,0.00453372704221763,0.001884504834039514,0.012899393595239285,0.004308479659973524,0.009061415326730967,0.006432797873076089,0.004957536266355076,0.0018670147346151237,0.00566622097594903,0.006787159311984404,0.005671991235355546,0.0061838173365849946,0.004308479659973524,0.012899393595239285,0.0018670147346151237,0.06895305999888986,0.1226855953357041,0.0752563023614958,0.08953617344073134,0.22476395764855026,0.2317084020929947,0.1321375904475549,0.055748701558666,0.033780036758268565,0.08570686093338646,0.07416680277614689,0.09692261006999232,0.05954597754955826,0.020175330561920512,0.031201505102914633,0.017796747185323654,0.07694098723723138,0.06895305999888986,0.1226855953357041,0.1595593215888795,0.22476395764855026,0.05954597754955826,0.09692261006999232,0.07694098723723138
341,24,0.005604878970552088,0.0018045942994960329,0.012538100540991876,0.09381024809508716,0.0184940530150938,0.2893669611778377,18,False,25,0,0,0,0,7593,8128,7813,7946,8203,8204,8155,7861,7610,7503,7671,7664,7182,7386,7592,7049,8111,7944,7739,8156,8002,8199,7880,7271,0.005464540768840963,0.006644837660013251,0.007690384570568217,0.005128755992030883,0.005755402825370399,0.006390406617695019,0.004497885414213202,0.004192961994459016,0.0027979053416633125,0.004392922175107396,0.0018200848400197203,0.012538100540991876,0.004144192375150482,0.008620307268350965,0.006138579272346779,0.004834612791951842,0.0018045942994960329,0.005464540768840963,0.006644837660013251,0.006229742108536331,0.004144192375150482,0.004834612791951842,0.012538100540991876,0.0018045942994960329,0.06320697166564904,0.11246179572439542,0.06898494383137115,0.08207482565400372,0.22959604478980622,0.2893669611778377,0.12112612457692533,0.05110297642877717,0.030965033695079518,0.07856462252227092,0.06798623587813464,0.08884572589749296,0.054583812753761736,0.0184940530150938,0.028601379677671745,0.09964701825321336,0.07052923830079542,0.06320697166564904,0.11246179572439542,0.20603362784450438,0.054583812753761736,0.09964701825321336,0.08884572589749296,0.07052923830079542
342,24,0.005527544505959364,0.0017411311067053277,0.01215938775133139,0.09700054931460837,0.01695288193050265,0.2721974921907957,19,False,23,0,0,0,0,7593,8128,7813,7946,8203,8227,8204,8155,7861,7610,7503,7671,7664,7182,7386,7592,7049,8111,7944,7739,8156,8002,7880,7271,0.005261564078031041,0.0064868978150870345,0.007416723684080531,0.0049644182887378045,0.005805998639774896,0.006404179584134176,0.006555418021763342,0.004401645080986817,0.004023553283965688,0.0026697599605880664,0.004247983766257604,0.001754826516281098,0.01215938775133139,0.003980633161815598,0.008196811373222607,0.00585355287261213,0.004702789660545028,0.0017411311067053277,0.005261564078031041,0.0064868978150870345,0.006404179584134176,0.003980633161815598,0.01215938775133139,0.0017411311067053277,0.05793972402684495,0.10308997941402913,0.06323619851209021,0.0752352568495034,0.21046304105732236,0.2721974921907957,0.2652530477463512,0.11103228086218155,0.0468443950597124,0.028384614220489556,0.072017570645415,0.06232071622162342,0.08144191540603521,0.05003516169094826,0.01695288193050265,0.0262179313711991,0.09134310006544558,0.06465180177572914,0.05793972402684495,0.10308997941402913,0.2721974921907957,0.05003516169094826,0.08144191540603521,0.06465180177572914
343,24,0.0054377817125320395,0.0016771365397399208,0.01176768537790513,0.09781164385116418,0.015540141769627428,0.24951436784156272,20,False,24,0,0,0,0,7593,8128,7813,7946,8203,8227,8204,8155,7861,7610,7503,7671,7664,8253,7386,7592,7049,8111,7944,8234,8156,7182,7880,7271,0.005058658187252562,0.006316110590982382,0.007325466258025586,0.004796149511244269,0.005825735249534261,0.0065380292554123995,0.0066794239239439225,0.0042953030723632685,0.003856386581298214,0.002545643153374519,0.004100301448158583,0.0016892252913231355,0.01176768537790513,0.003917143848235768,0.0077907570918535505,0.005578035750382959,0.004563933437248077,0.0016771365397399208,0.005058658187252562,0.007325466258025586,0.0065380292554123995,0.003818660914154842,0.01176768537790513,0.0016771365397399208,0.053111413691274534,0.09449914779619337,0.1412998486360827,0.06896565211204478,0.19292445430254548,0.24951436784156272,0.24314862710082194,0.10177959079033308,0.04294069547140303,0.026019229702115426,0.06601610642496375,0.0571273232031548,0.07465508912219894,0.12919889821670258,0.015540141769627428,0.024033103756932506,0.08373117505999178,0.05926415162775171,0.053111413691274534,0.1412998486360827,0.24951436784156272,0.045865564883369236,0.07465508912219894,0.05926415162775171
344,24,0.00525053675500364,0.0016130580589655262,0.011366972818715619,0.09185028238941541,0.022030345110521463,0.22872150385476583,21,False,24,0,0,0,0,7593,8128,7813,8259,8203,8227,8204,8155,7861,7610,7503,7671,7664,8253,8270,7386,7592,7049,8111,7944,7946,7182,7880,7271,0.004857004188609895,0.006135039776284397,0.0072093463705619285,0.004744744509882047,0.005816893577086852,0.006632404138235978,0.006763769268049558,0.004180681497156476,0.00369212599067263,0.002425688904922955,0.003951106087217355,0.0016237128357733338,0.011366972818715619,0.0038420069638340233,0.007592782528901688,0.007592782528901688,0.0053122349282368215,0.004419743991512321,0.0016130580589655262,0.004857004188609895,0.004744744509882047,0.00365900358039318,0.011366972818715619,0.0016130580589655262,0.048685462550334985,0.08662421881317725,0.12952486124974247,0.14655184776937438,0.176847416444,0.22872150385476583,0.22288624150908676,0.09329795822447198,0.03936230418211944,0.02385096056027247,0.06051476422288343,0.05236671293622523,0.06843383169534903,0.11843232336531069,0.09757846328882515,0.09757846328882515,0.022030345110521463,0.0767535771383258,0.05432547232543907,0.048685462550334985,0.14655184776937438,0.042043434476421795,0.06843383169534903,0.05432547232543907
345,24,0.00504839765504344,0.0015492832424063893,0.010960789167279841,0.09833988084836774,0.020194483017978007,0.20966137853353534,22,False,24,0,0,0,0,8280,7813,8259,8203,8227,8204,8155,7861,7610,7503,7671,7664,8253,8270,7386,7592,7049,8111,7593,7946,8287,7182,7880,7271,0.004777730631982966,0.007071705560112271,0.00467640717746535,0.005781970059853811,0.006689070976632337,0.006810418338987335,0.004164156546449352,0.0035313208366552873,0.002309983751145905,0.003801477258559532,0.0015586613964119675,0.010960789167279841,0.0037569645763528515,0.007381475700430443,0.007381475700430443,0.0050562627227640445,0.004271753192918398,0.0015492832424063893,0.004777730631982966,0.00467640717746535,0.004164156546449352,0.0035022701186201524,0.010960789167279841,0.0015492832424063893,0.12796167400447375,0.11873112281226392,0.1343391937885932,0.16211013174033334,0.20966137853353534,0.20431238804999619,0.168856461705766,0.03608211216694282,0.021863380513583098,0.05547186720430981,0.04800282019153979,0.06273101238740328,0.10856296308486812,0.08944692468142305,0.08944692468142305,0.020194483017978007,0.07035744571013199,0.04979834963165248,0.12796167400447375,0.1343391937885932,0.168856461705766,0.03853981493671998,0.06273101238740328,0.04979834963165248
346,24,0.004907067066695792,0.0014861442184389041,0.010552251184554665,0.0947864585386778,0.018511609433146507,0.19218959698907406,23,False,25,0,0,0,0,8280,7813,8259,8203,8227,8204,8155,7861,7610,7503,7671,7664,8316,8253,8270,7386,7592,7049,8111,7593,7946,7182,7880,7271,0.004684462737967052,0.006915752926872072,0.004593314953507417,0.005723581563713631,0.006710302557829029,0.006821806908009951,0.004129901818105052,0.0033744176201313293,0.002198573422572952,0.00365235237749185,0.0014943884393496427,0.010552251184554665,0.003758148541823377,0.003758148541823377,0.007159724077077535,0.007159724077077535,0.004810150572181596,0.004121327707781166,0.0014861442184389041,0.004684462737967052,0.004593314953507417,0.003348962259922843,0.010552251184554665,0.0014861442184389041,0.1172982011707676,0.10883686257790859,0.12314426097287708,0.14860095409530555,0.19218959698907406,0.1872863557124965,0.15478508989695214,0.03307526948636425,0.020041432137451173,0.05084921160395066,0.04400258517557814,0.05750342802178634,0.18284938282779578,0.18284938282779578,0.08199301429130447,0.08199301429130447,0.018511609433146507,0.06449432523428765,0.0456484871623481,0.1172982011707676,0.12314426097287708,0.03532816369199331,0.05750342802178634,0.0456484871623481
347,24,0.004838501121090704,0.0014239222910194466,0.010144076593257908,0.09718611848715507,0.01696897531371763,0.19621557255847066,24,False,26,0,0,0,0,8280,7813,8259,8348,8203,8227,8204,8155,7861,7610,7503,7671,7664,8316,8253,8270,7386,7592,7049,8111,7593,7946,7880,7271,0.004579317794061709,0.00674452244471754,0.004497574337168008,0.004613566389599145,0.005644384899459772,0.006698739453898934,0.00680070541744301,0.004079817411791583,0.003221771407555743,0.002091468826381525,0.003504536874478384,0.0014311614180529241,0.010144076593257908,0.003741870533986041,0.003741870533986041,0.006930150456776954,0.006930150456776954,0.004573861415107516,0.003969674882719534,0.0014239222910194466,0.004579317794061709,0.004613566389599145,0.010144076593257908,0.0014239222910194466,0.10752335107320363,0.09976712402974953,0.11288223922513732,0.19621557255847066,0.13621754125403007,0.17617379723998455,0.17167915940312178,0.14188633240553947,0.030318997029167228,0.018371312792663574,0.046611777303621434,0.04033570307761329,0.05271147568663748,0.1676119342588128,0.1676119342588128,0.07516026310036243,0.07516026310036243,0.01696897531371763,0.05911979813143034,0.041844446565485756,0.10752335107320363,0.19621557255847066,0.05271147568663748,0.041844446565485756
348,24,0.004719932104887729,0.0013628526020306616,0.009738610872524919,0.09603171972433659,0.015554894037574492,0.2631976081785981,25,False,26,0,0,0,0,8280,7813,8259,8355,8203,8227,8204,8155,7861,7610,7503,7671,7664,8316,8253,8270,7386,7592,7049,8111,7593,8348,7880,7271,0.004464293505602797,0.006560843405782058,0.00439118946329435,0.004729725249614445,0.005547010847402308,0.006657265319547702,0.006750096829932343,0.004015805663051638,0.0030736565324986425,0.0019886513987942924,0.0033587149213545374,0.0013692025241333937,0.009738610872524919,0.0037097961715765147,0.0037097961715765147,0.006695112625266913,0.006695112625266913,0.004347300707458168,0.003817850850823566,0.0013628526020306616,0.004464293505602797,0.004729725249614445,0.009738610872524919,0.0013628526020306616,0.09856307181710332,0.09145319702727041,0.10347538595637587,0.2631976081785981,0.1248660794828609,0.16149264746998584,0.15737256278619496,0.1300624713717445,0.02779241394340329,0.016840370059941608,0.042727462528319646,0.03697439448781218,0.04831885271275102,0.1536442730705784,0.1536442730705784,0.0688969078419989,0.0688969078419989,0.015554894037574492,0.05419314828714448,0.03835740935169527,0.09856307181710332,0.2631976081785981,0.04831885271275102,0.03835740935169527
349,24,0.0045060556726314515,0.0013031287129027487,0.009337856076528081,0.09293615227561176,0.015437005888279806,0.2412644741637149,26,False,25,0,0,0,0,8280,7813,8259,8355,8203,8227,8204,8155,7861,7610,7503,7671,7664,8316,8253,8393,7592,7049,8111,7593,8348,7386,7880,7271,0.004341249470662915,0.00636732198167869,0.004276039677827395,0.004816421663743417,0.005434011922125689,0.006588898097782058,0.006673071065115233,0.00393972912046014,0.0029302765361375275,0.001890077866270925,0.0032154603227133984,0.0013086933145998278,0.009337856076528081,0.0036636356525455694,0.0036636356525455694,0.004236846927727395,0.004236846927727395,0.003666770139697867,0.0013031287129027487,0.004341249470662915,0.004816421663743417,0.0064567090905258305,0.009337856076528081,0.0013031287129027487,0.09034948249901137,0.08383209727499787,0.09485243712667787,0.2412644741637149,0.11446057285928915,0.148034926847487,0.14425818255401204,0.11922393209076579,0.025476379448119684,0.015437005888279806,0.039166840650959676,0.033893194947161163,0.0442922816533551,0.1408405836480302,0.1408405836480302,0.09759198620110995,0.09759198620110995,0.0496770525965491,0.03516095857238733,0.09034948249901137,0.2412644741637149,0.06315549885516565,0.0442922816533551,0.03516095857238733
350,24,0.004091377357183076,0.0012449070191572842,0.008943500507612692,0.12281534652033682,0.014150588730923154,0.30449243465007203,27,False,27,0,0,0,0,8400,7813,8259,8355,8403,8227,8204,8155,7861,7610,7503,7671,7664,8316,8253,8413,8393,7592,7049,8111,8280,8348,8416,7271,0.004320520284988787,0.006166331953053129,0.004153864815800218,0.00500038574477981,0.00500038574477981,0.006496698060937679,0.006572736605659746,0.0038533779548095668,0.0027917733105952487,0.0017956844577232919,0.003075247277644598,0.0012497791390292988,0.008943500507612692,0.0036980727800139,0.003605097624663247,0.0036980727800139,0.004118951251514177,0.0042251786473748,0.003517216193315931,0.0012449070191572842,0.004320520284988787,0.004874668467405851,0.0042251786473748,0.0012449070191572842,0.16615369229076044,0.07684608916874804,0.08694806736612139,0.30449243465007203,0.30449243465007203,0.13569868294352974,0.1322366673411777,0.1092886044165353,0.02335334782744304,0.014150588730923154,0.0359029372633797,0.03106876203489773,0.040601258182242174,0.21243720167736102,0.12910386834402768,0.21243720167736102,0.0894593206843508,0.17279265401768412,0.045537298213503344,0.032230878691355054,0.16615369229076044,0.22115910131673866,0.17279265401768412,0.032230878691355054
351,24,0.004020714574484993,0.0011883109374305728,0.008556948340556005,0.11258073431030875,0.012971373003346224,0.27911806509589937,28,False,27,0,0,0,0,8400,7813,8259,8355,8403,8227,8204,8155,7861,7610,7503,7671,7664,8316,8253,8413,8393,7592,7049,8111,8280,8348,8416,7271,0.004281736682497096,0.0059600128007399784,0.004026256901706857,0.005151281807180347,0.005151281807180347,0.006383692537491254,0.006452148858947764,0.0037584458247620677,0.002658235437502341,0.0017053906117248023,0.0029384607938341685,0.0011925733144077628,0.008556948340556005,0.003712696175836889,0.003535852154401799,0.003712696175836889,0.003995225079218393,0.0041950444264916495,0.0033698523384107846,0.0011883109374305728,0.004281736682497096,0.004905914735062778,0.0041950444264916495,0.0011883109374305728,0.1523075512665304,0.0704422484046857,0.07970239508561126,0.27911806509589937,0.27911806509589937,0.12439045936490226,0.12121694506274622,0.10018122071515735,0.021407235508489452,0.012971373003346224,0.032911025824764725,0.028479698531989586,0.03721782000038866,0.19473410153758092,0.11834521264869204,0.19473410153758092,0.08200437729398823,0.1583932661828771,0.04174252336237806,0.02954497213374213,0.1523075512665304,0.20272917620701042,0.1583932661828771,0.02954497213374213
352,24,0.0039406070624939254,0.0011334348254657572,0.008179348520391918,0.10319900645111635,0.011890425253067372,0.2558582263379077,29,False,27,0,0,0,0,8400,7813,8259,8355,8403,8227,8204,8155,7861,7610,7503,7671,7664,8316,8253,8413,8393,7592,7049,8111,8280,8348,8416,7271,0.0042268767171014755,0.005750273536702956,0.0038946570659421456,0.005269149294035241,0.005269149294035241,0.006252816412637586,0.006314254171819337,0.0036565131050219682,0.002529705735371485,0.0016191022228805362,0.002805406599522995,0.001137161014865813,0.008179348520391918,0.0037089409161445083,0.0034575021079785075,0.0037089409161445083,0.0038671321311529857,0.004148360331081995,0.0032252328298475724,0.0011334348254657572,0.0042268767171014755,0.00491193987806046,0.004148360331081995,0.0011334348254657572,0.13961525532765284,0.06457206103762855,0.073060528828477,0.2558582263379077,0.2558582263379077,0.1140245877511604,0.11111553297418403,0.0918327856555609,0.01962329921611533,0.011890425253067372,0.030168440339367664,0.026106390320990453,0.03411633500035627,0.1785062597427825,0.10848311159463436,0.1785062597427825,0.07517067918615587,0.145193827334304,0.03826397974884656,0.02708289112259695,0.13961525532765284,0.18583507818975956,0.145193827334304,0.02708289112259695
353,24,0.003937882162210243,0.0010803476121594398,0.0078116224442985,0.10940879438731703,0.010899556481978424,0.2345367074764154,30,False,28,0,0,0,0,8400,7813,8259,8355,8403,8227,8204,8479,8155,7861,7610,7503,7671,7664,8316,8253,8413,8393,8489,7592,7049,8111,8280,8416,0.004157911890502225,0.005538800858012138,0.0037603565804798836,0.005354714370509965,0.005354714370509965,0.006106866996331253,0.006161847964265593,0.0036405656946200305,0.0036405656946200305,0.0024061880446441812,0.0015367144705916045,0.002676320450339952,0.001083602858848526,0.0078116224442985,0.003688386479701253,0.003371562054614704,0.003688386479701253,0.003735988251956418,0.004192462533657442,0.004192462533657442,0.00308381369803395,0.0010803476121594398,0.004157911890502225,0.0040870576704878404,0.1279806507170151,0.059191055951159505,0.06697215142610391,0.2345367074764154,0.2345367074764154,0.10452253877189703,0.10185590522633535,0.1675133868509308,0.1675133868509308,0.01798802428143905,0.010899556481978424,0.02765440364442036,0.02393085779424125,0.03127330708365991,0.16363073809755063,0.0994428522950815,0.16363073809755063,0.06890645592064289,0.21642767505644533,0.21642767505644533,0.03507531476977601,0.024825983529047205,0.1279806507170151,0.133094341723112
354,24,0.003728356294409215,0.001031938188044643,0.007454490091796019,0.10329590409438905,0.009991260108480221,0.21499198185338075,31,False,28,0,0,0,0,8400,7813,8259,8355,8403,8227,8204,8479,8155,7861,7610,7503,7671,7664,8316,8253,8413,8393,8489,7592,7049,8111,8517,8416,0.004076765382430714,0.005327070415612192,0.0036245010451222918,0.005409268128866945,0.005409268128866945,0.005948471575130086,0.005997545221521808,0.003609260065913696,0.003609260065913696,0.0022876532897689447,0.0014581142717177854,0.002551376769061888,0.001031938188044643,0.007454490091796019,0.003652695163812971,0.0032794437035035618,0.003652695163812971,0.0036029646056495186,0.004213747992793888,0.004213747992793888,0.002945963195652858,0.0010556364276011814,0.0010556364276011814,0.004013037752831487,0.11731559649059715,0.054258467955229546,0.061391138807261915,0.21499198185338075,0.21499198185338075,0.09581232720757227,0.09336791312414074,0.15355393794668656,0.15355393794668656,0.016489022257985795,0.009991260108480221,0.02534987000738533,0.021936619644721145,0.028667198160021584,0.14999484325608808,0.09115594793715803,0.14999484325608808,0.0631642512605893,0.19839203546840822,0.19839203546840822,0.03215237187229467,0.10609048490162662,0.10609048490162662,0.12200314657951931
355,24,0.0036506779808758616,0.0009821880412480264,0.00710849439092548,0.10145331815951586,0.009158655099440203,0.197075983365599,32,False,29,0,0,0,0,8400,7813,8259,8355,8403,8227,8204,8479,8155,7861,7610,7503,7671,7664,8316,8253,8413,8393,8489,7592,7049,8111,8517,8520,0.004088059929047422,0.005116360190126576,0.0034880968900908534,0.005434545587732054,0.005434545587732054,0.005780065853761048,0.0058237615130570415,0.0035642603200151707,0.0035642603200151707,0.0021740448643925683,0.0013831823963795504,0.0024306965883966387,0.0009821880412480264,0.00710849439092548,0.003603559781625152,0.0031824468660743887,0.003603559781625152,0.003469093398849586,0.004213801018968139,0.004213801018968139,0.0028119717020432785,0.001028707785449886,0.001028707785449886,0.004088059929047422,0.19087263011638073,0.04973692895896042,0.05627521057332342,0.197075983365599,0.197075983365599,0.08782796660694124,0.08558725369712901,0.14075777645112936,0.14075777645112936,0.015114937069820311,0.009158655099440203,0.023237380840103218,0.02010856800766105,0.026278264980019783,0.1374952729847474,0.08355961894239486,0.1374952729847474,0.057900563655540194,0.18185936584604087,0.18185936584604087,0.02947300754960345,0.0972496111598244,0.0972496111598244,0.19087263011638073
356,24,0.003611963632794779,0.0009343578327620938,0.006774023705271193,0.11926943527036364,0.008395433841153519,0.25003775202553746,33,False,29,0,0,0,0,8400,7813,8259,8355,8403,8227,8204,8551,8479,8155,8552,7861,7610,7503,7671,7664,8316,8563,8489,8561,7592,7049,8111,8517,0.004079510341232927,0.004907765152182147,0.0033520194927280514,0.005432611057620906,0.005432611057620906,0.005603881503789647,0.005642702747568118,0.0035976799033624425,0.0035976799033624425,0.0035976799033624425,0.0035976799033624425,0.002065283389529972,0.0013117952835482451,0.002314354791353801,0.0009343578327620938,0.006774023705271193,0.003542660636405526,0.004302559008326033,0.0041943861528953835,0.003421291864384149,0.004302559008326033,0.002682060992844191,0.0009999867776178048,0.0009999867776178048,0.17496657760668233,0.045592184879047044,0.05158560969221314,0.18065298475179908,0.18065298475179908,0.08050896938969614,0.07845498255570159,0.2123612950802019,0.2123612950802019,0.2123612950802019,0.2123612950802019,0.013855358980668617,0.008395433841153519,0.02130093243676128,0.018432854007022628,0.024088409565018135,0.12603733356935176,0.25003775202553746,0.16670441869220412,0.13640885001757852,0.25003775202553746,0.027016923587136494,0.0891454768965057,0.0891454768965057
357,24,0.003448785125309097,0.000888439749449707,0.006451332401627323,0.10848439735328634,0.012700745732279566,0.229201272690076,34,False,29,0,0,0,0,8400,7813,8259,8355,8403,8227,8204,8551,8479,8552,7861,7610,8580,7503,7671,7664,8316,8563,8489,8561,7592,7049,8111,8517,0.004052882083519558,0.004702212550680494,0.003217022329926402,0.005405753684339755,0.005405753684339755,0.005421941131759489,0.005456361988451522,0.0036118295212641555,0.0036118295212641555,0.0036118295212641555,0.0019612708961198664,0.0012759047702912568,0.0012759047702912568,0.0022023866619590112,0.000888439749449707,0.006451332401627323,0.0034716313217012314,0.004365305304302602,0.004157376050670425,0.003362449649777206,0.004365305304302602,0.002556392821575984,0.0009698636442702047,0.0009698636442702047,0.16038602947279212,0.04179283613912645,0.04728680888452871,0.16559856935581582,0.16559856935581582,0.07379988860722146,0.07191706734272646,0.19466452049018507,0.19466452049018507,0.19466452049018507,0.012700745732279566,0.09102914768772406,0.09102914768772406,0.01952585473369784,0.01689678283977074,0.022081042101266622,0.11553422243857245,0.229201272690076,0.1528123838011871,0.12504144584944696,0.229201272690076,0.024765513288208453,0.08171668715513022,0.08171668715513022
358,24,0.0034054063452166107,0.0008444148834758467,0.00614055951447724,0.1103412099991587,0.015488717603123179,0.21010116663256967,35,False,28,0,0,0,0,8400,7813,8259,8355,8403,8227,8204,8551,8479,8552,7861,8602,8580,7503,7671,7664,8316,8563,8489,8561,7592,7049,8111,8614,0.0040100176261142675,0.00450047731737876,0.003083746700199448,0.005356395462363579,0.005356395462363579,0.005236059126579753,0.005266521814893668,0.003608105965040453,0.003608105965040453,0.003608105965040453,0.001909912580628149,0.001909912580628149,0.0012381230767667909,0.0020947937721372514,0.0008444148834758467,0.00614055951447724,0.0033920326021095095,0.004403193854803485,0.004104689823597044,0.0032941145218877443,0.004403193854803485,0.00243507679016075,0.0009629015123544043,0.0009629015123544043,0.1470205270167261,0.03831009979419925,0.04334624147748464,0.1517986885761645,0.1517986885761645,0.067649897889953,0.06592397839749925,0.17844247711600297,0.17844247711600297,0.17844247711600297,0.09497568358792294,0.09497568358792294,0.08344338538041372,0.017898700172556355,0.015488717603123179,0.020240955259494403,0.10590637056869141,0.21010116663256967,0.1400780184844215,0.11462132536199304,0.21010116663256967,0.02270172051419108,0.1582402965588694,0.1582402965588694
359,24,0.0033264162546464107,0.0008022551195258964,0.0058417455645786405,0.10114610916589546,0.014197991136196247,0.19259273607985553,36,False,29,0,0,0,0,8400,7813,8259,8355,8403,8227,8204,8551,8479,8552,7861,8602,8580,7503,7671,7664,8316,8563,8489,8561,7592,7049,8111,8614,0.003952781237367906,0.004303197199999871,0.0029527316483882403,0.005287012772998026,0.005287012772998026,0.005047847021651096,0.005074760897136348,0.0035880462407521523,0.0035880462407521523,0.0035880462407521523,0.001855406670848991,0.001855406670848991,0.0011989101115472802,0.001991549239546767,0.0008022551195258964,0.0058417455645786405,0.0033053334595927633,0.004417714048066259,0.004038241961510751,0.0032177630932121734,0.004417714048066259,0.0023181775083871933,0.0009521451714929612,0.0009521451714929612,0.13476881643199892,0.03511759147801598,0.039734054687694254,0.13914879786148412,0.13914879786148412,0.06201240639912358,0.060430313531040974,0.1635722706896694,0.1635722706896694,0.1635722706896694,0.08706104328892936,0.08706104328892936,0.07648976993204591,0.016407141824843326,0.014197991136196247,0.01855420898786987,0.09708083968796713,0.19259273607985553,0.12840485027738638,0.10506954824849361,0.19259273607985553,0.020809910471341824,0.1450536051789636,0.1450536051789636
360,24,0.0031247979873204137,0.0007619247960896895,0.005554847617747096,0.11071426779067277,0.013014825208179892,0.21629913808071663,37,False,28,0,0,0,0,8400,7813,8259,8355,8403,8227,8204,8551,8479,8552,8651,8602,8580,7503,7671,7664,8316,8563,8659,7592,7049,8111,8614,8663,0.003883013911879716,0.00411088733987435,0.0028244238114163308,0.0052000715503192,0.0052000715503192,0.0048587221933409,0.004882463644147049,0.003553267694897807,0.003553267694897807,0.003553267694897807,0.0018448472123635132,0.0018448472123635132,0.001158680162191256,0.0018926023968490642,0.0007619247960896895,0.005554847617747096,0.003212898316885528,0.004410599502440971,0.003215629167889709,0.004410599502440971,0.0022057210592876563,0.0009380379428744412,0.0009622298601381809,0.0009622298601381809,0.12353808172933234,0.032191125521514645,0.03642288346371973,0.12755306470636044,0.12755306470636044,0.05684470586586328,0.05539445407012089,0.14994124813219695,0.14994124813219695,0.14994124813219695,0.16313928968151858,0.16313928968151858,0.07011562243770875,0.015039880006106381,0.013014825208179892,0.01700802490554738,0.08899076971396987,0.17654334140653422,0.1796470858944525,0.17654334140653422,0.019075751265396672,0.1329658047473833,0.21629913808071663,0.21629913808071663
361,24,0.00352666203180989,0.0011178026929945042,0.005279752688921583,0.12361620030712567,0.013786556672264182,0.24800982873658145,38,False,29,0,0,0,0,8400,7813,8259,8355,8403,8670,8204,8551,8479,8552,8651,8602,8580,7503,8683,7664,8316,8563,8659,7592,8684,8227,8682,7049,0.0038024978492973284,0.003923954095481413,0.0026991869756598274,0.005097975490132816,0.005097975490132816,0.004811808116358542,0.004811808116358542,0.003505417170392775,0.003505417170392775,0.003505417170392775,0.0018267437556168658,0.0018267437556168658,0.0011178026929945042,0.0017978829160769454,0.004496802152696559,0.005279752688921583,0.0031159794471473587,0.004383745730176247,0.0032813281414896694,0.004496802152696559,0.0021518003212949288,0.004669918901325076,0.0032813281414896694,0.0021518003212949288,0.11324324158522131,0.02950853172805509,0.03338764317507642,0.11692364264749706,0.11692364264749706,0.13411158289761083,0.13411158289761083,0.13744614412118053,0.13744614412118053,0.13744614412118053,0.14954434887472537,0.14954434887472537,0.06427265390123302,0.013786556672264182,0.24516472962265637,0.015590689496751764,0.08157487223780571,0.16183139628932303,0.24800982873658145,0.24516472962265637,0.10081943865994696,0.052107647043708,0.24800982873658145,0.10081943865994696
362,24,0.003526160746114312,0.0010766039711605497,0.005016289607908005,0.11590901450296005,0.0126376769495755,0.22734234300853298,39,False,29,0,0,0,0,8400,7813,8259,8355,8403,8670,8693,8204,8551,8479,8552,8651,8602,8580,7503,8683,7664,8316,8563,8659,7592,8684,8227,7049,0.0037129296093442892,0.003742707982205842,0.0025773111963063654,0.004983026258238584,0.004983026258238584,0.004847892088792251,0.004847892088792251,0.0047260087330847494,0.0034461291864195157,0.0034461291864195157,0.0034461291864195157,0.001801943351458895,0.001801943351458895,0.0010766039711605497,0.0017073044330126108,0.004556158255476046,0.005016289607908005,0.0030157136257937746,0.004339138248981318,0.0033272908755261695,0.004556158255476046,0.002093815653289465,0.004482500849650789,0.002093815653289465,0.10380630478645286,0.02704948741738383,0.030605339577153383,0.10718000576020564,0.10718000576020564,0.2062689509894766,0.2062689509894766,0.12293561765614325,0.1259922987777488,0.1259922987777488,0.1259922987777488,0.13708231980183158,0.13708231980183158,0.058916599409463595,0.0126376769495755,0.224734335487435,0.01429146537202245,0.07477696621798857,0.1483454465985461,0.22734234300853298,0.224734335487435,0.09241781877161803,0.047765343123399,0.09241781877161803
363,24,0.003431878318167811,0.0010353692881979177,0.004983965215704069,0.12699766259554837,0.01158453720377754,0.29173048109115524,40,False,29,0,0,0,0,8400,7813,8259,8355,8403,8717,8204,8551,8479,8552,8651,8602,8580,7503,8683,7664,8316,8563,8659,7592,8684,8670,8731,7049,0.0036159009087545282,0.0035673756532795323,0.0024590213777540876,0.004857394383127113,0.004857394383127113,0.004983965215704069,0.004627231897330467,0.003376992701837075,0.003376992701837075,0.003376992701837075,0.00177128612852513,0.00177128612852513,0.0010353692881979177,0.0016207677163029056,0.004589956962723155,0.004764239468607341,0.0029131221585724926,0.004278791771814683,0.0034409332756605024,0.004589956962723155,0.00203260467921117,0.004983965215704069,0.0034409332756605024,0.00203260467921117,0.09515577938758178,0.024795363465935177,0.0280548946123906,0.09824833861352184,0.09824833861352184,0.2724132050736869,0.11269098285146464,0.11549294054626974,0.11549294054626974,0.11549294054626974,0.12565879315167894,0.12565879315167894,0.05400688279200829,0.01158453720377754,0.2060064741968154,0.013100509924353913,0.06854555236648951,0.13598332604866725,0.29173048109115524,0.2060064741968154,0.0847163338739832,0.2724132050736869,0.29173048109115524,0.0847163338739832
364,24,0.003425853393692555,0.0009943455822724913,0.00508843932472309,0.12037710179974033,0.010619159103462745,0.27217260134708077,41,False,30,0,0,0,0,8400,8739,8259,8355,8403,8717,8204,8551,8479,8552,8651,8602,8580,7503,8683,7664,8316,8563,8659,7592,8684,7813,8755,7049,0.003512885965344853,0.004844907717807176,0.0023444852529961526,0.004844907717807176,0.004723099393710049,0.00508843932472309,0.004517538116424412,0.0032995257362332915,0.0032995257362332915,0.0032995257362332915,0.0017355883292822878,0.0017355883292822878,0.0009943455822724913,0.0015381634248154187,0.0045998145138618765,0.00452334478450493,0.0028091135155331403,0.004204700390957627,0.003532121658810981,0.004718443331590619,0.001968931334641196,0.0033981108893238656,0.004718443331590619,0.001968931334641196,0.0872261311052833,0.17339431039572833,0.025716986728024718,0.17339431039572833,0.090060977062395,0.24971210465087962,0.10330006761384258,0.10586852883408059,0.10586852883408059,0.10586852883408059,0.1151872270557057,0.1151872270557057,0.0495063092260076,0.010619159103462745,0.18883926801374742,0.012008800763991086,0.06283342300261538,0.1246513822112783,0.26741960766689227,0.27217260134708077,0.0776566393844846,0.022729083177107243,0.27217260134708077,0.0776566393844846
365,24,0.0032965199754504634,0.0009537443031373392,0.005162175622071756,0.12069800202402352,0.009734229178174182,0.24949155123482403,42,False,30,0,0,0,0,8400,8739,8259,8355,8403,8717,8204,8551,8479,8552,8651,8602,8580,7503,8683,7664,8316,8563,8659,7592,8777,8783,8684,7049,0.003405234306252178,0.004811164259657111,0.0022338207304118743,0.004811164259657111,0.004581997746921724,0.005162175622071756,0.00439885908813749,0.003215156957949173,0.003215156957949173,0.003215156957949173,0.0016956293741744904,0.0016956293741744904,0.0009537443031373392,0.001459374494793148,0.00458758115741683,0.004293317470912008,0.00270448790317478,0.004225021613610959,0.0036011218522843985,0.004817026921863589,0.004225021613610959,0.0019525757193549521,0.001903485005991475,0.0019525757193549521,0.07995728684650968,0.15894478452941763,0.023573904500689323,0.15894478452941763,0.08255589564052876,0.22890276259663964,0.09469172864602236,0.09704615143124053,0.09704615143124053,0.09704615143124053,0.10558829146773022,0.10558829146773022,0.04538078345717363,0.009734229178174182,0.17310266234593513,0.011008067366991827,0.0575973044190641,0.19759710036033845,0.2451346403613179,0.24949155123482403,0.19759710036033845,0.15451858610244423,0.07118525276911088,0.15451858610244423
366,24,0.0032992071203495773,0.0009137443933698735,0.005206545247284746,0.12233359636444086,0.008923043413326334,0.22870058863192202,43,False,30,0,0,0,0,8400,8739,8259,8355,8403,8717,8204,8551,8479,8552,8651,8794,8580,7503,8683,7664,8316,8563,8659,7592,8777,8783,8684,8793,0.003294168018382883,0.004758358738149938,0.00212710259974838,0.004758358738149938,0.004435777150306686,0.005206545247284746,0.004272982688856498,0.0031252132773477857,0.0031252132773477857,0.0032058122569641775,0.0016947511058137662,0.0016947511058137662,0.0009137443933698735,0.0013842781959448624,0.004555257781248236,0.004073845769859298,0.0025999432093572507,0.0042241341505107,0.003648624560914338,0.0048865283203935106,0.0042241341505107,0.0019287523411831763,0.001836881553967389,0.0032058122569641775,0.07329417960930054,0.14569938581863282,0.02160941245896521,0.14569938581863282,0.07567623767048469,0.20982753238025298,0.08680075125885382,0.08895897214530381,0.08895897214530381,0.17229230547863716,0.18012260051208603,0.18012260051208603,0.04159905150240916,0.008923043413326334,0.15867744048377386,0.010090728419742508,0.052797529050808756,0.18113067533031024,0.2247067536645414,0.22870058863192202,0.18113067533031024,0.14164203726057387,0.06525314837168497,0.17229230547863716
367,24,0.003149865003642264,0.0008970484453463797,0.005223314267021553,0.11756404043914541,0.008179456462215805,0.28931452419249626,44,False,30,0,0,0,0,8400,8739,8259,8355,8403,8717,8204,8551,8479,8552,8651,8794,8580,8820,7503,8683,7664,8316,8563,8826,7592,8777,8783,8684,0.0031807825107687524,0.004688705675669504,0.0020243686065296164,0.004688705675669504,0.004285955994130069,0.005223314267021553,0.0041415445471056165,0.00303091248150877,0.00303091248150877,0.003182502177130108,0.0016861222071405297,0.0016861222071405297,0.0008970484453463797,0.0008970484453463797,0.0013127478929049574,0.004504923646370841,0.0038646002273951354,0.0024960818525841437,0.00420381358573156,0.003770457581746903,0.00492824963628306,0.00420381358573156,0.0018983605939350721,0.0017696657627150271,0.0671863313085255,0.13355777033374674,0.019808628087384775,0.13355777033374674,0.06936988453127763,0.19234190468189855,0.079567355320616,0.08154572446652848,0.08154572446652848,0.1579346133554174,0.16511238380274554,0.16511238380274554,0.12146579721054174,0.12146579721054174,0.008179456462215805,0.14545432044345935,0.009249834384763966,0.04839773496324136,0.16603645238611772,0.28931452419249626,0.20964220624592853,0.16603645238611772,0.12983853415552604,0.05981538600737789
368,24,0.0031861298806914163,0.0012446545456564183,0.004943865698137343,0.11888554504312987,0.007497835090364488,0.26520498050978825,45,False,31,0,0,0,0,8400,8739,8259,8355,8403,8838,8204,8551,8479,8552,8651,8794,8840,7503,8683,7664,8316,8563,8826,7592,8777,8783,8684,8834,0.003066049966419856,0.004604387050476264,0.0019752866164923673,0.004604387050476264,0.004133886744990601,0.0041093399993626855,0.0041093399993626855,0.002933359992194642,0.0030090110922114306,0.003146681782702669,0.0016704992611498476,0.0016704992611498476,0.0030090110922114306,0.0012446545456564183,0.004438675692224807,0.003665238825921046,0.0023934181559737496,0.004165940809608759,0.0038677605417467686,0.004943865698137343,0.004165940809608759,0.0018622807095565316,0.0017023148224668443,0.0019752866164923673,0.061587470366148374,0.12242795613926784,0.10149124241343604,0.12242795613926784,0.06358906082033781,0.15627007571056467,0.15627007571056467,0.0747502474276511,0.15808358076098444,0.14477339557579927,0.15135301848585006,0.15135301848585006,0.15808358076098444,0.007497835090364488,0.13333312707317108,0.008479014852700301,0.04436459038297125,0.15220008135394125,0.26520498050978825,0.19217202239210113,0.15220008135394125,0.1190186563092322,0.05483077050676306,0.10149124241343604
369,24,0.003114839044205769,0.0011798679796422116,0.00493532220040556,0.11414068993198918,0.006873015499500781,0.24310456546730588,46,False,31,0,0,0,0,8400,8739,8259,8355,8403,8838,8204,8551,8479,8552,8651,8794,8840,7503,8683,7664,8316,8563,8826,7592,8777,8783,8684,8878,0.0029508247747845307,0.004507511212965933,0.0019224201743786053,0.004507511212965933,0.003980762302500015,0.004061193787044509,0.004061193787044509,0.0028335489050418266,0.002975267552038075,0.003099816435715258,0.0016486550664901532,0.0016486550664901532,0.002975267552038075,0.0011798679796422116,0.004358579188788891,0.0034754113665533036,0.002292385945034555,0.004112440692020654,0.003940872175558906,0.00493532220040556,0.004112440692020654,0.0018213584303155342,0.0016774152805503083,0.0016774152805503083,0.05645518116896934,0.11222562646099551,0.09303363887898304,0.11222562646099551,0.05828997241864299,0.14324756940135094,0.14324756940135094,0.0685210601420135,0.1449099490309024,0.13270894594448265,0.13874026694536254,0.13874026694536254,0.1449099490309024,0.006873015499500781,0.12222203315040682,0.007772430281641942,0.04066754118439031,0.1395167412411128,0.24310456546730588,0.17615768719275937,0.1395167412411128,0.10910043495012951,0.13359487296453282,0.13359487296453282
370,24,0.0031945548156557175,0.0011182579534729604,0.004904743839769216,0.11985812517635906,0.006300264207875716,0.30617918501169705,47,False,33,0,0,0,0,8400,8739,8259,8355,8403,8884,8838,8204,8551,8479,8651,8794,8840,7503,8683,7664,8316,8563,8826,8898,7592,8777,8783,8684,0.002835850347608691,0.004400081989956565,0.0018665417315612072,0.004400081989956565,0.003926338574376993,0.003926338574376993,0.0039989986574851324,0.0039989986574851324,0.002732362560959721,0.0029310672802481774,0.0016213585514644217,0.0016213585514644217,0.0029310672802481774,0.0011182579534729604,0.004266629028199977,0.003294763188665859,0.00219334613669699,0.004045231357529789,0.004093503719983307,0.004093503719983307,0.004904743839769216,0.004045231357529789,0.0017763936700728904,0.001647266856640933,0.05175058273822189,0.10287349092257922,0.08528083563906778,0.10287349092257922,0.13676580805042277,0.13676580805042277,0.13131027195123837,0.13131027195123837,0.06281097179684571,0.13283411994499386,0.127178578033249,0.127178578033249,0.13283411994499386,0.006300264207875716,0.11203686372120625,0.00712472775817178,0.037278579419024446,0.1278903461376867,0.30617918501169705,0.30617918501169705,0.16147787992669607,0.1278903461376867,0.10000873203761872,0.12246196688415507
371,24,0.003242970334549402,0.0015893587482700242,0.004854354172995703,0.14506321219995397,0.03417203113410574,0.3639975862607223,48,False,34,0,0,0,0,8400,8907,8739,8259,8355,8403,8884,8838,8204,8551,8914,8651,8794,8840,8919,8316,8563,8826,8898,8923,7592,8777,8783,8684,0.0027217668259211323,0.004394460124479306,0.00428397673568181,0.0018083563740897922,0.004394460124479306,0.003859195975784936,0.003859195975784936,0.0039246119225141395,0.0039246119225141395,0.002630579000579791,0.0016303481726665768,0.0016303481726665768,0.0015893587482700242,0.002877773525254997,0.0032034786142977247,0.0020965941450800723,0.003966183621195283,0.004219025700613431,0.00432783400784466,0.00432783400784466,0.004854354172995703,0.003966183621195283,0.0017281326466902004,0.0016126238907411827,0.0474380341767034,0.1776340333456976,0.09430070001236428,0.07817409933581214,0.1776340333456976,0.1253686573795542,0.1253686573795542,0.12036774928863517,0.12036774928863517,0.057576724147108564,0.19991369653047825,0.19991369653047825,0.11658036319714492,0.1217646099495777,0.08986433377832415,0.03417203113410574,0.11723281729287947,0.28066425292738895,0.3639975862607223,0.3639975862607223,0.14802138993280473,0.11723281729287947,0.09167467103448382,0.11225680297714215
372,24,0.00320713275807771,0.0015533724981090437,0.004786407878618307,0.133591396021297,0.03132436187293026,0.33366445407232875,0,False,33,0,0,0,0,8400,8907,8739,8259,8355,8403,8884,8838,8204,8551,8914,8651,8794,8840,8919,8316,8563,8826,8898,8923,7592,8777,8783,8684,0.0026091192811267955,0.004394460124479306,0.004160932026671585,0.0017485008833233555,0.00436903913081015,0.0037811119841485693,0.0037811119841485693,0.0038398220812119956,0.0038398220812119956,0.0025288767521057867,0.0016310637101158284,0.0016310637101158284,0.0015533724981090437,0.0028167020743266225,0.0031076041670587387,0.002002366977807898,0.0038770897820969274,0.004317431423171408,0.004533365772743507,0.004533365772743507,0.004786407878618307,0.0038770897820969274,0.0016772629548528447,0.0015742033607695587,0.043484864661978116,0.1776340333456976,0.08644230834466725,0.07165959105782779,0.16283119723355613,0.11492126926459133,0.11492126926459133,0.11033710351458223,0.11033710351458223,0.05277866380151618,0.18325422181960505,0.18325422181960505,0.10686533293071616,0.11161755912044623,0.08237563929679713,0.03132436187293026,0.10746341585180617,0.25727556518343986,0.33366445407232875,0.33366445407232875,0.135686274105071,0.10746341585180617,0.08403511511494349,0.10290206939571363
373,24,0.0030365517226588964,0.0015140754749546096,0.004708484274926919,0.12365838887098073,0.0287139983835194,0.3058590828996347,1,False,35,0,0,0,0,8400,8907,8739,8259,8355,8403,8884,8838,8204,8551,8962,8914,8651,8794,8840,8919,8316,8563,8826,8898,7592,8777,8783,8684,0.0024983660973092246,0.00436903913081015,0.004032535718966551,0.001687544557395277,0.004325792510545658,0.0036937831722236277,0.0036937831722236277,0.003746323961770463,0.003746323961770463,0.0024278414972732417,0.0016660706376116074,0.0016660706376116074,0.0016241830962970424,0.0015140754749546096,0.0027491022926413706,0.0030082824937990517,0.0019108499362233465,0.0037796407568357507,0.004389283807428866,0.004708484274926919,0.004703135311535221,0.0037796407568357507,0.001624411065729879,0.0015326770210942137,0.039861125940146604,0.16283119723355613,0.0792387826492783,0.06568795846967547,0.14926193079742645,0.10534449682587538,0.10534449682587538,0.10114234488836704,0.10114234488836704,0.0483804418180565,0.25131637000130463,0.25131637000130463,0.1679830366679713,0.09795988851982315,0.10231609586040903,0.0755110026887307,0.0287139983835194,0.09850813119748898,0.23583593475148654,0.3058590828996347,0.12437908459631508,0.09850813119748898,0.07703218885536486,0.09432689694607083
374,24,0.0029791382814305253,0.0014720960782395624,0.004852428756714178,0.1133535231317323,0.026321165184892782,0.2803708259913318,2,False,35,0,0,0,0,8400,8907,8739,8259,8355,8403,8884,8838,8204,8551,8962,8914,8651,8794,8840,8919,8316,8563,8826,8898,7592,8777,8783,8684,0.002389887294423207,0.004325792510545658,0.003900224163330224,0.0016259913687385822,0.004266726769018428,0.003598804980320591,0.003598804980320591,0.0036457013032006867,0.0036457013032006867,0.002327973246387195,0.0016909732325869104,0.0016909732325869104,0.0016104283960511393,0.0014720960782395624,0.0026761437106197763,0.0029065413442026047,0.0018221828645918563,0.0036754104354486047,0.004435615616448049,0.004852428756714178,0.004606698678111147,0.0036754104354486047,0.0015701417767351143,0.001488666277062305,0.036539365445134385,0.14926193079742645,0.07263555076183845,0.060213961930535846,0.13682343656430757,0.09656578875705242,0.09656578875705242,0.09271381614766978,0.09271381614766978,0.04434873833321846,0.23037333916786257,0.23037333916786257,0.15398445027897367,0.08979656447650455,0.09378975453870828,0.06921841913133647,0.026321165184892782,0.0902991202643649,0.21618294018886264,0.2803708259913318,0.11401416087995549,0.0902991202643649,0.07061283978408446,0.08646632220056492
375,24,0.002916500368939121,0.0014427393370042517,0.00496520005713911,0.10737961842631016,0.024127734752818382,0.2570065904920541,3,False,35,0,0,0,0,8400,8907,8739,8259,8355,8403,8884,8838,8204,8551,8962,8914,8651,9013,8840,8919,8316,8563,8826,8898,7592,8777,8783,8684,0.00228399261341041,0.004266726769018428,0.0037652834857321757,0.0015642830937610003,0.004193831034216389,0.0034976581586344726,0.0034976581586344726,0.003539415660832309,0.003539415660832309,0.0022296937300247542,0.0017062100243560654,0.0017062100243560654,0.0015905415829588017,0.0014648400398287133,0.0025989073437580803,0.0028032959326140207,0.0017364659183966645,0.0035658461277494544,0.004457829995050229,0.00496520005713911,0.004499158795387764,0.0035658461277494544,0.001514959183093502,0.0014427393370042517,0.03349441832470652,0.13682343656430757,0.0665825881983519,0.055196131769657854,0.12542148351728194,0.08851863969396472,0.08851863969396472,0.08498766480203063,0.08498766480203063,0.040653010138783585,0.21117556090387402,0.21117556090387402,0.14115241275572585,0.1656468507701292,0.08597394166048258,0.06345021753705843,0.024127734752818382,0.08277419357566783,0.19816769517312408,0.2570065904920541,0.10451298080662585,0.08277419357566783,0.06472843646874409,0.07926079535051785
376,24,0.0028478966397100566,0.0013954102107650297,0.005047452582248493,0.09843131689078433,0.022117090190083517,0.23558937461771626,4,False,35,0,0,0,0,8400,8907,8739,8259,8355,8403,8884,8838,8204,8551,8962,8914,8651,9013,8840,8919,8316,8563,8826,8898,7592,8777,8783,8684,0.002180929235159126,0.004193831034216389,0.003628853969786378,0.0015028031098370178,0.00410903709290941,0.003391700800860916,0.003391700800860916,0.003428800548742107,0.003428800548742107,0.002133353781425432,0.001712351728517202,0.001712351728517202,0.0015652644167837078,0.0014514846788107516,0.0025183809451386737,0.0026993532953654576,0.001653764841116678,0.003452264013510676,0.004457605985598914,0.005047452582248493,0.004382451193808895,0.003452264013510676,0.0014593087968091992,0.0013954102107650297,0.030703216797647637,0.12542148351728194,0.061034039181822576,0.050596454122186364,0.1149696932241751,0.08114208638613432,0.08114208638613432,0.0779053594018614,0.0779053594018614,0.03726525929388495,0.19357759749521783,0.19357759749521783,0.12938971169274868,0.1518429465392851,0.07880944652210903,0.058162699408970224,0.022117090190083517,0.07587634411102884,0.18165372057536372,0.23558937461771626,0.09580356573940703,0.07587634411102884,0.059334400096348744,0.07265572907130802
377,24,0.002854120144767184,0.0013471391637126689,0.0051003795576248,0.09533036034998021,0.02027399934090989,0.21595692673290656,5,False,37,0,0,0,0,8400,8907,8739,8259,8355,9053,8403,8884,8838,8204,8551,8962,8914,9013,8840,8919,8316,8563,8826,8898,7592,8777,8783,8684,0.002080889046674952,0.00410903709290941,0.003491936712839676,0.0014418806097511068,0.004014188945878427,0.003366811693395433,0.003366811693395433,0.003282164943898886,0.003315059805375823,0.003315059805375823,0.0020392405400021713,0.001710065717585709,0.001710065717585709,0.0014327010058978278,0.002435457440819382,0.002595418070480407,0.0015741157533957267,0.003335848594076445,0.004436812234504722,0.0051003795576248,0.004258370241626964,0.003335848594076445,0.001403580493528463,0.0013471391637126689,0.028144615397843666,0.1149696932241751,0.05594786925000403,0.0463800829453375,0.10538888545549384,0.1577135791872898,0.1577135791872898,0.07438024585395646,0.07141324611837295,0.07141324611837295,0.03415982101939454,0.177446131037283,0.177446131037283,0.13918936766101134,0.07224199264526661,0.053315807791556036,0.02027399934090989,0.06955331543510976,0.16651591052741674,0.21595692673290656,0.08781993526112311,0.06955331543510976,0.054389866754986346,0.06660108498203235
378,24,0.002893466657691695,0.0012983342814565661,0.005125598711544392,0.10411955244985609,0.018584499395834068,0.197960516171831,6,False,35,0,0,0,0,8400,8907,9076,8355,9053,8403,8884,9080,8838,8204,8551,8962,8914,9013,8840,8919,8316,8563,8826,8898,7592,8777,8783,8684,0.0019840154009683674,0.004014188945878427,0.004011885677483416,0.004011885677483416,0.0033287107312259838,0.0033287107312259838,0.0031701567952116933,0.0032817781452922027,0.0032817781452922027,0.0031992692680916372,0.001947584353391732,0.0017000838824201923,0.0017000838824201923,0.0014091572537294236,0.0023509358691156334,0.002492099223820007,0.0014975294691101945,0.003217655249400273,0.004397430842312212,0.005125598711544392,0.004128559977679562,0.003217655249400273,0.0013481120206466839,0.0012983342814565661,0.025799230781356694,0.10538888545549384,0.17993981166753603,0.17993981166753603,0.1445707809216823,0.1445707809216823,0.06818189203279341,0.14879547560850853,0.14879547560850853,0.0654621422751752,0.03131316926777833,0.16265895345084275,0.16265895345084275,0.12759025368926039,0.06622182659149439,0.048872823808926366,0.018584499395834068,0.06375720581551728,0.152639584650132,0.197960516171831,0.08050160732269618,0.06375720581551728,0.049857377858737485,0.061050994566862984
379,24,0.002848100878152787,0.0012493538488058153,0.005125043734843603,0.11582046383154343,0.017035791112847896,0.24827816069524136,7,False,34,0,0,0,0,8400,9098,9076,8355,9053,8403,9102,8884,9080,8838,8204,8551,8962,8914,9013,8840,8919,8316,9114,8898,7592,8777,8783,8684,0.0018904093431506865,0.004094188750355858,0.004094188750355858,0.00399125463906511,0.003278948233678032,0.003278948233678032,0.0031354907446186327,0.0031354907446186327,0.0032365448224074356,0.0032365448224074356,0.0030823809547377537,0.0018585652938880965,0.0016831745187475336,0.0016831745187475336,0.0013815048315543403,0.0022655242261884925,0.002389917334923576,0.001423995360270806,0.004453458989815938,0.005125043734843603,0.003994510409257833,0.003098615120658454,0.0012931928488914089,0.0012493538488058153,0.0236492948829103,0.24827816069524136,0.24827816069524136,0.16494482736190802,0.13252321584487542,0.13252321584487542,0.14583340103006065,0.14583340103006065,0.13639585264113283,0.13639585264113283,0.06000696375224393,0.02870373849546347,0.1491040406632725,0.1491040406632725,0.11695773254848868,0.06070334104220319,0.04480008849151584,0.017035791112847896,0.22325295259595435,0.18146380649084506,0.07379314004580483,0.05844410533089083,0.04570259637050936,0.05596341168629107
380,24,0.0028058208517819515,0.0012005092937595206,0.005100865193275008,0.11671986180151596,0.015616141853443904,0.22758831397063792,8,False,32,0,0,0,0,8400,9098,9076,8355,9124,8884,9080,8838,8204,8551,8962,8914,9013,8840,8919,8316,9114,8898,7592,8777,8783,8684,9053,9141,0.0018001352951676742,0.00415184954509141,0.00415184954509141,0.003954087666614534,0.003302067835411873,0.0030897092697331633,0.003180868460757135,0.003180868460757135,0.0029652290659034166,0.0017723192359564174,0.001660118502103244,0.001660118502103244,0.0013503675324776886,0.0021798437048595348,0.002289312135254354,0.0013534847975998666,0.004484634678209716,0.005100865193275008,0.0038575581404249946,0.0030563837766832288,0.00123906819343717,0.0012005092937595206,0.003302067835411873,0.0030563837766832288,0.021678520309334443,0.22758831397063792,0.22758831397063792,0.15119942508174902,0.20481294785780246,0.13368061761088892,0.12502953158770508,0.12502953158770508,0.05500638343955693,0.026311760287508177,0.13667870394133314,0.13667870394133314,0.10721125483611461,0.05564472928868626,0.041066747783889516,0.015616141853443904,0.2046485398796248,0.16634182261660796,0.06764371170865442,0.1369070965533166,0.04189404667296691,0.05129979404576681,0.20481294785780246,0.1369070965533166
381,24,0.002608188167075934,0.0011520684915551848,0.004492556978439576,0.1151514141319958,0.014314796698990245,0.2086226211397514,9,False,32,0,0,0,0,8400,9098,9076,8355,9124,8884,9080,8838,8204,8551,8962,8914,9156,9013,8840,8919,8316,9114,9162,8783,8684,9053,9141,8777,0.0017132262065100762,0.004185993845747805,0.004185993845747805,0.003902214371401484,0.0033080534109579188,0.0030342503556877887,0.003116213211688348,0.003116213211688348,0.0028485372334052265,0.0016889434658291416,0.0016316897325574405,0.0016316897325574405,0.001350281767592713,0.001350281767592713,0.0020944338959889112,0.0021906500606421503,0.0012859541965548876,0.004492556978439576,0.003814800184862938,0.0011859430689093672,0.0011520684915551848,0.0033080534109579188,0.0030042367814736163,0.0030042367814736163,0.01987197695022324,0.2086226211397514,0.2086226211397514,0.13859947299160327,0.18774520220298557,0.12254056614331484,0.11461040395539632,0.11461040395539632,0.050422518152927184,0.024119113596882496,0.12528881194622205,0.12528881194622205,0.1816103169331051,0.1816103169331051,0.05100766851462907,0.03764451880189872,0.014314796698990245,0.18759449488965607,0.14534006906626656,0.03840287611688633,0.04702481120861957,0.18774520220298557,0.1254981718405402,0.1254981718405402
382,24,0.0025084734571076753,0.001104259263833811,0.004479046977153887,0.10846557356615764,0.013121896974074392,0.1912374027114388,10,False,32,0,0,0,0,8400,9098,9076,8355,9124,8884,9080,8838,8204,8551,8962,8914,9156,9013,8840,8919,8316,9114,9162,8783,8684,9168,9053,8777,0.0016717177062149785,0.004198058888691008,0.004198058888691008,0.0038374547054773377,0.003298244667138435,0.0029705037271725845,0.003043975891914674,0.003043975891914674,0.0027329265445561147,0.00160850181293066,0.0015986396297992963,0.0015986396297992963,0.001343966661501913,0.001343966661501913,0.002009758598697851,0.0020942316385068357,0.0012213476999798894,0.004479046977153887,0.0037585806836212196,0.0011339862753841539,0.001104259263833811,0.0016717177062149785,0.003298244667138435,0.0029435581527492583,0.10154931220437131,0.1912374027114388,0.1912374027114388,0.12704951690896965,0.1720997686860701,0.1123288522980386,0.10505953695911328,0.10505953695911328,0.04622064164018325,0.022109187463808952,0.1148480776173702,0.1148480776173702,0.16647612385534633,0.16647612385534633,0.04675702947174331,0.034507475568407164,0.013121896974074392,0.17196162031551807,0.13322839664407768,0.035202636440479135,0.043106076941234604,0.10154931220437131,0.1720997686860701,0.11503999085382852
383,24,0.0024846620797713426,0.0010572729432445887,0.004446067137090652,0.10465055087471357,0.012028405559568191,0.19979539049988887,11,False,32,0,0,0,0,8400,9098,9076,8355,9124,8884,9080,8838,8204,8551,8962,8914,9156,9013,8840,8919,8316,9114,9162,8783,8684,9168,9195,8777,0.0016270024254539175,0.0041897072948692445,0.0041897072948692445,0.00385859198303392,0.0032740859233146577,0.0028997904258983797,0.002965469486137606,0.002965469486137606,0.0026189239653301105,0.0015310293069826307,0.0015616853278435433,0.0015616853278435433,0.0013320226945760065,0.0013320226945760065,0.0019262119552180415,0.0020002985795232117,0.001159599528832401,0.004446067137090652,0.0036906483227668115,0.001083334239947314,0.0010572729432445887,0.0016270024254539175,0.00385859198303392,0.002875669162534951,0.0930868695206737,0.17530095248548555,0.17530095248548555,0.19979539049988887,0.15775812129556427,0.10296811460653538,0.09630457554585384,0.09630457554585384,0.042368921503501314,0.020266755175158205,0.10527740448258935,0.10527740448258935,0.15260311353406747,0.15260311353406747,0.042860610349098036,0.031631852604373234,0.012028405559568191,0.15763148528922488,0.1221260302570712,0.03226908340377254,0.039513903862798384,0.0930868695206737,0.19979539049988887,0.1054533249493428
384,24,0.0023270898994423085,0.0010112679041729485,0.004395651566100948,0.1052347539114572,0.011026038429604175,0.22321952073956186,12,False,32,0,0,0,0,8400,9098,9076,8355,9124,8884,9080,8838,8204,8551,8962,9228,8914,9225,9156,9013,8840,8919,8316,9114,9162,8783,8684,8777,0.001579734359575246,0.004162749594608086,0.004162749594608086,0.003860157551345029,0.00323707468959087,0.0028233482915978234,0.0028819121226347027,0.0028819121226347027,0.002506970867561802,0.0014941003218359545,0.0015215011437571164,0.0013489803611746918,0.0015215011437571164,0.0014941003218359545,0.0013489803611746918,0.0013150649500656855,0.0018441246872747924,0.0019090404836076763,0.0011006360318620767,0.004395651566100948,0.003612691927433019,0.0010340946609704062,0.0010112679041729485,0.002801812527435983,0.08532963039395089,0.16069253977836176,0.16069253977836176,0.18314577462489812,0.14461161118760057,0.09438743838932409,0.08827919425036601,0.08827919425036601,0.0388381780448762,0.10191119224389503,0.09650428744237356,0.22321952073956186,0.09650428744237356,0.10191119224389503,0.22321952073956186,0.13988618740622852,0.039288892820006534,0.02899586488734213,0.011026038429604175,0.14449552818178946,0.11194886106898193,0.029579993120124826,0.03622107854089852,0.09666554787023089
385,24,0.0022374431749605833,0.000966372985889689,0.004329847592562584,0.10121816606622304,0.010107201893803828,0.20461789401126504,13,False,32,0,0,0,0,8400,9098,9076,8355,9124,8884,9080,8838,8204,8551,8962,9228,8914,9225,9156,9256,9013,8840,8919,8316,9114,9162,8783,8684,0.0015305105122692079,0.004119076759288514,0.004119076759288514,0.003843756787158375,0.003188718570088754,0.0027423224883062263,0.002794420632910775,0.002794420632910775,0.0023974314356444973,0.001454283368098085,0.0014787128635596338,0.0013584109503899152,0.0014787128635596338,0.001454283368098085,0.0013584109503899152,0.0018092577457229574,0.0012937067990532482,0.0018092577457229574,0.0018206011024719591,0.0010443774639501415,0.004329847592562584,0.003526315901197846,0.0009863499205217097,0.000966372985889689,0.07821882786112165,0.1473014947968316,0.1473014947968316,0.16788362673948992,0.13256064358863384,0.08652181852354708,0.08092259472950217,0.08092259472950217,0.03560166320780318,0.0934185928902371,0.08846226348884242,0.20461789401126504,0.08846226348884242,0.0934185928902371,0.20461789401126504,0.11934815175167265,0.12822900512237614,0.11934815175167265,0.02657954281339695,0.010107201893803828,0.13245423416664032,0.10261978931323343,0.027114993693447755,0.03320265532915697
386,24,0.002226706640156864,0.0009226907556250519,0.004250668385146645,0.09327228230085001,0.009264935069320175,0.1875664028436596,14,False,32,0,0,0,0,8400,9098,9076,8355,9124,8884,9080,8838,9272,8204,8551,8962,9228,8914,9225,9256,9013,8840,8919,8316,9114,9162,8783,8684,0.0014798700896042347,0.0040606032759617815,0.0040606032759617815,0.0038110990916935487,0.003130500302112014,0.0026577602311969564,0.0027040078518003213,0.0027040078518003213,0.002349675183113439,0.002349675183113439,0.0014121643805243697,0.0014338943892001701,0.0013607989611016356,0.0014338943892001701,0.0014121643805243697,0.001769663921367436,0.0012685468393588595,0.001769663921367436,0.001735084126542435,0.0009907395212504569,0.004250668385146645,0.003433022811387309,0.0009401602448105584,0.0009226907556250519,0.07170059220602817,0.13502637023042896,0.13502637023042896,0.15389332451119908,0.12151392328958102,0.07931166697991815,0.07417904516871032,0.07417904516871032,0.11596819127381959,0.11596819127381959,0.085633710149384,0.08109040819810555,0.1875664028436596,0.08109040819810555,0.085633710149384,0.10940247243903327,0.11754325469551145,0.10940247243903327,0.02436458091228054,0.009264935069320175,0.12141638131942029,0.0940681402037973,0.024855410885660442,0.030435767385060555
387,24,0.002168482000637927,0.0008803005763112799,0.004160055897724461,0.08549959210911251,0.008492857146876826,0.17193586927335464,15,False,32,0,0,0,0,8400,9098,9076,8355,9124,8884,9080,8838,9272,8204,8551,8962,9228,8914,9225,9256,9013,8840,8919,8316,9114,9162,8783,8684,0.0014282951865633318,0.0039892206390518955,0.0039892206390518955,0.003763940627185023,0.0030638504041142897,0.0025706089198119417,0.002611582886607574,0.002611582886607574,0.0022960801225918462,0.0022960801225918462,0.001368278474110643,0.0013875663133166034,0.001356696096296079,0.0013875663133166034,0.001368278474110643,0.0017261213896167555,0.0012401588345173228,0.0017261213896167555,0.0016525584838029564,0.0009396346594531472,0.004160055897724461,0.003334202075122324,0.0008955666038174565,0.0008803005763112799,0.06572554285552583,0.12377417271122654,0.12377417271122654,0.14106888080193247,0.11138776301544927,0.0727023613982583,0.0679974580713178,0.0679974580713178,0.10630417533433462,0.10630417533433462,0.07849756763693534,0.07433287418159674,0.17193586927335464,0.07433287418159674,0.07849756763693534,0.1002855997357805,0.10774798347088549,0.1002855997357805,0.022334199169590493,0.008492857146876826,0.11129834954280192,0.08622912852014752,0.022784126645188738,0.027899453436305507
388,24,0.002106865788932138,0.0008392614574955703,0.004059853133136599,0.07837462610001979,0.007785119051303757,0.15760788016724175,16,False,32,0,0,0,0,8400,9098,9076,8355,9124,8884,9080,8838,9272,8204,8551,8962,9228,8914,9225,9256,9013,8840,8919,8316,9114,9162,8783,8684,0.0013762126063125268,0.003906760666723883,0.003906760666723883,0.0037040367585139647,0.0029901266929663584,0.0024817169568854256,0.0025179536707717444,0.0025179536707717444,0.002237642443332082,0.002237642443332082,0.0013231091625527682,0.0013401960252536196,0.0013466968426758745,0.0013401960252536196,0.0013231091625527682,0.0016793563890947444,0.001209084329016747,0.0016793563890947444,0.0015730631530348205,0.0008909732195355609,0.004059853133136599,0.0032311237195323593,0.000852593349807811,0.0008392614574955703,0.060248414284232006,0.11345965831862433,0.11345965831862433,0.12931314073510475,0.10210544943082848,0.06664383128173677,0.06233100323204131,0.06233100323204131,0.09744549405647339,0.09744549405647339,0.07195610366719073,0.06813846799979702,0.15760788016724175,0.06813846799979702,0.07195610366719073,0.09192846642446545,0.09876898484831169,0.09192846642446545,0.020473015905457952,0.007785119051303757,0.10202348708090175,0.07904336781013523,0.02088544942475634,0.025574498983280045
389,24,0.0021022899277160934,0.0007996146786915099,0.003951784568186905,0.08403878562102592,0.01876693124666979,0.18733802012540562,17,False,34,0,0,0,0,8400,9098,9338,9076,8355,9124,8884,9080,8838,8204,8551,8962,9228,9225,9256,9013,8840,8919,9355,8316,9114,9162,8783,8684,0.0013239965039340063,0.0038149677488913637,0.003913355436560166,0.003913355436560166,0.0036331038500252615,0.002910599818759089,0.0023918366171445985,0.0024238312100733116,0.0024238312100733116,0.002175287928016044,0.001277088923325606,0.001292198996253563,0.0013314173549261814,0.001277088923325606,0.0016300383550086263,0.0011758275831103265,0.0016300383550086263,0.0014966115048580546,0.0008664482046143486,0.0008664482046143486,0.003951784568186905,0.003124936252488965,0.0008112506007362574,0.0007996146786915099,0.05522771309387934,0.1040046867920723,0.18733802012540562,0.18733802012540562,0.11853704567384601,0.09359666197825944,0.061090178674925374,0.05713675296270453,0.05713675296270453,0.08932503621843393,0.06595976169492483,0.06246026233314726,0.14447389015330495,0.06595976169492483,0.08426776088909332,0.09053823611095238,0.08426776088909332,0.01876693124666979,0.09046969246369511,0.09046969246369511,0.09352152982415994,0.07245642049262395,0.019144995306026646,0.023443290734673373
390,24,0.002024862392001637,0.0007613861826780586,0.0039013069410693386,0.09075529791378478,0.017203020309447307,0.17172651844828848,18,False,35,0,0,0,0,8400,9098,9338,9076,8355,9366,8884,9080,8838,8204,8551,9375,9228,9225,9256,9013,8840,8919,9355,8316,9114,9162,8783,8684,0.001271971596363838,0.0037154789671021934,0.0039013069410693386,0.0039013069410693386,0.0035527897179221763,0.0023609872169131295,0.0023609872169131295,0.0023298350211297617,0.0023298350211297617,0.0021098666826179532,0.0012306007863047445,0.0011702749514198594,0.0013114777647154064,0.0012306007863047445,0.0015787774240780621,0.0011702749514198594,0.0015787774240780621,0.0014231951916805275,0.0008406594699755626,0.0008406594699755626,0.003837443533844538,0.00301666777029399,0.0007715363790396895,0.0007613861826780586,0.05062540366938939,0.0953376295593996,0.17172651844828848,0.17172651844828848,0.10865895853435885,0.13933266378534825,0.13933266378534825,0.05237535688247915,0.05237535688247915,0.08188128320023111,0.060463114887014426,0.16632671643503968,0.1324343993071962,0.060463114887014426,0.07724544748166888,0.16632671643503968,0.07724544748166888,0.017203020309447307,0.08293055142505386,0.08293055142505386,0.08572806900547994,0.06641838545157196,0.017549579030524426,0.02148968317345059
391,24,0.002050571181064701,0.0007245887424001572,0.003972193032316011,0.11322667958451654,0.01576943528366003,0.24074930857759777,19,False,36,0,0,0,0,8400,9098,9338,9076,8355,9366,8884,9080,8838,8204,9394,9396,9395,8840,8919,9355,8316,9114,9162,8783,8684,9386,9403,9406,0.0012204167268131036,0.003609810962539319,0.003972193032316011,0.003872326078301932,0.0034646518269936515,0.002322282028720942,0.002322282028720942,0.00223649934859598,0.00223649934859598,0.002042150761313465,0.0012145154276932272,0.0013206920344658209,0.0011897378765411395,0.001526123846821452,0.0013527876127890747,0.0008139177728319738,0.0008349086416655963,0.0037182853702333795,0.0029072295327917425,0.0007523538352131649,0.0007245887424001572,0.003972193032316011,0.0008349086416655963,0.0007523538352131649,0.046406620030273606,0.0873928270961163,0.24074930857759777,0.15741597524426443,0.09960404532316228,0.12772160846990255,0.12772160846990255,0.048010743808939216,0.048010743808939216,0.07505784293354519,0.13875785531309656,0.20473153269826316,0.23579949006545306,0.07080832685819648,0.01576943528366003,0.0760196721396327,0.15935300547296605,0.07858406325502328,0.06088351999727429,0.0994204474446474,0.019698876242329705,0.24074930857759777,0.15935300547296605,0.0994204474446474
392,24,0.002031116290776117,0.0006892239095574816,0.004019650207228211,0.11219591714663195,0.018057303222135564,0.2206868661961313,20,False,37,0,0,0,0,8400,9098,9338,9076,8355,9366,8884,9080,8838,8204,9394,9396,9395,8840,8919,9422,9355,8316,9114,9162,8783,8684,9386,9427,0.0011695686138823522,0.0034993524391293777,0.004019650207228211,0.0038281852788467773,0.0033701422174404346,0.0022767947812047233,0.0022767947812047233,0.0021442798264934863,0.0021442798264934863,0.0019728340983225573,0.0011944127764883102,0.0013230558487697778,0.0012022840780417574,0.0014725688897689775,0.0013184959712618375,0.0013184959712618375,0.0007865028422013163,0.0008258394206020442,0.003595625251226961,0.0027974213446684587,0.0007506661986518558,0.0006892239095574816,0.004019650207228211,0.0007506661986518558,0.04253940169441747,0.08011009150477327,0.2206868661961313,0.1442979773072424,0.09130370821289875,0.11707814109741066,0.11707814109741066,0.044009848491527614,0.044009848491527614,0.06880302268908309,0.12719470070367184,0.18767057164007456,0.21614953255999864,0.06490763295334677,0.09778864901002171,0.09778864901002171,0.06968469946132998,0.14607358835021886,0.07203539131710467,0.05580989333083476,0.17446874349092678,0.018057303222135564,0.2206868661961313,0.17446874349092678
393,24,0.001966222378885241,0.0006552837560224847,0.004044880820505783,0.10789367223995104,0.016552527953624267,0.2432630148666829,21,False,37,0,0,0,0,8400,9098,9338,9076,8355,9366,8884,9080,8838,8204,9394,9396,9395,8840,8919,9422,9355,8316,9114,9162,8783,8684,9433,9455,0.0011196256523794267,0.0034726694238291457,0.004044880820505783,0.0037706677673254377,0.003270598125847613,0.002225553882755829,0.002225553882755829,0.002053560319109432,0.002053560319109432,0.0019025342228569098,0.0011708446390896327,0.001319105267851306,0.0012082940314362323,0.0014185468624014882,0.0012818777458910204,0.0012818777458910204,0.0007586639675082102,0.0008138360419802874,0.0034706396788615635,0.0026879381875000692,0.000745662380168587,0.0006552837560224847,0.0034726694238291457,0.0007648929483398963,0.038994451553216014,0.1567675838793755,0.20229629401312033,0.13227314586497219,0.08369506586182385,0.1073216293392931,0.1073216293392931,0.04034236111723365,0.04034236111723365,0.06306943746499283,0.11659514231169918,0.172031357336735,0.19813707151333207,0.05949866354056787,0.08963959492585323,0.08963959492585323,0.06387764117288582,0.13390078932103394,0.06603244204067928,0.05115906888659853,0.15992968153334955,0.016552527953624267,0.1567675838793755,0.2432630148666829
394,24,0.001966906193856342,0.000622752421192405,0.004049357491959974,0.10887485784847899,0.015173150624155578,0.18543826951202697,22,False,38,0,0,0,0,8400,9098,9338,9076,8355,9366,8884,9464,8204,9394,9396,9395,8840,8919,9422,9355,8316,9114,9162,8783,8684,9456,9433,9475,0.0010983662570747791,0.0034324609020000116,0.004049357491959974,0.0037015264372641963,0.003167237300033004,0.002169529358523226,0.002169529358523226,0.002015328141888469,0.0018317953026545908,0.0011443391195983799,0.0013094180903859423,0.0012082229501852934,0.0013644379569339661,0.0012434351390611153,0.0012434351390611153,0.0007306211387657424,0.0007992773338752787,0.003344370768398024,0.002645899571992943,0.0007376817421127906,0.000622752421192405,0.0010983662570747791,0.0034324609020000116,0.002645899571992943,0.11907824725711469,0.1437036185560942,0.18543826951202697,0.12125038370955783,0.07672047704000519,0.09837816022768534,0.09837816022768534,0.12031383102413085,0.05781365100957676,0.10687888045239091,0.1576954108920071,0.18162564888722105,0.05454044157885388,0.08216962868203212,0.08216962868203212,0.05855450440847866,0.12274239021094778,0.06052973853728933,0.130229146479382,0.1466022080722371,0.015173150624155578,0.11907824725711469,0.1437036185560942,0.130229146479382
395,24,0.001833648315629202,0.0005916074794940114,0.004034742788927025,0.1081948083529196,0.013908721405475945,0.24982351147995263,23,False,38,0,0,0,0,8400,9098,9338,9076,8355,9366,8884,9464,8204,9394,9396,9395,9491,8840,8919,9422,9355,8316,9114,9162,8783,8684,9456,9475,0.001074248378631997,0.0033803262604409435,0.004034742788927025,0.0036224517078481924,0.003061157080821663,0.0021096239248905232,0.0021096239248905232,0.001971757918006509,0.0017610921308493666,0.001115394004111763,0.001294593302409458,0.0012335917674171988,0.0012335917674171988,0.0013105716404765958,0.001203624440451692,0.001203624440451692,0.0007025665815804799,0.0007825295345225747,0.0032177325697730387,0.0025958960976788363,0.0007270673576987387,0.0005916074794940114,0.001074248378631997,0.0025958960976788363,0.10915505998568846,0.13172831700975302,0.16998508038602472,0.11114618506709467,0.07032710395333809,0.09017998020871155,0.09017998020871155,0.1102876784387866,0.05299584675877869,0.09797230708135833,0.1445541266510065,0.24982351147995263,0.24982351147995263,0.04999540478061605,0.0753221596251961,0.0753221596251961,0.05367496237443877,0.11251385769336879,0.05548559365918188,0.11937671760610016,0.13438535739955065,0.013908721405475945,0.10915505998568846,0.11937671760610016
396,24,0.001776901992575651,0.0005618211427251008,0.004002817791558001,0.10708667596084465,0.01274966128835295,0.2290048855232899,24,False,37,0,0,0,0,8400,9098,9338,9076,8355,9366,8884,9464,8204,9394,9396,9395,9491,8840,8919,9422,9355,8316,9114,9162,8783,9524,8684,9475,0.0010477439175532565,0.0033178361283570015,0.004002817791558001,0.003535047483093391,0.0029533364191242154,0.002046667551570537,0.002046667551570537,0.0019237197763391162,0.0016908347367312125,0.0010844722589114242,0.0012752338558969158,0.0012515067302800147,0.0012515067302800147,0.0012572303867085255,0.0011628559383083487,0.0011628559383083487,0.0006746665565888818,0.0007639408831136777,0.003091518792794419,0.002539107783055122,0.000732575842946222,0.000732575842946222,0.0005618211427251008,0.002539107783055122,0.10005880498688108,0.12075095725894026,0.15581965702052267,0.10188400297817012,0.06446651195722658,0.08266498185798558,0.08266498185798558,0.10109703856888771,0.04857952619554713,0.0898079481579118,0.13250794943008928,0.2290048855232899,0.2290048855232899,0.045829121048898046,0.06904531298976309,0.06904531298976309,0.049202048843235535,0.10313770288558805,0.05086179418758339,0.10942865780559181,0.2065199109495881,0.2065199109495881,0.01274966128835295,0.10942865780559181
397,24,0.0018289472330207397,0.0005333613118974565,0.0040574305350382705,0.11950991493606544,0.011687189514323537,0.2261680189354791,25,False,38,0,0,0,0,8400,9530,9098,9338,9076,8355,9366,8884,9464,8204,9536,9394,9396,9395,9491,8840,9543,9355,8316,9545,9114,9162,8783,8684,0.0010192931298521313,0.0040574305350382705,0.003246503902368373,0.0040574305350382705,0.003440814203750138,0.0028446401021975077,0.001981414887953101,0.001981414887953101,0.0018720267571887233,0.0016631884396988458,0.0016631884396988458,0.0010519993083208667,0.0012519327006026118,0.0012622997127210934,0.0012622997127210934,0.0012046535769132665,0.0011504181479910429,0.0006470633171886517,0.0007630212809523263,0.0007630212809523263,0.002966411416836962,0.0024766512709118653,0.0007342547337508851,0.0005333613118974565,0.09172057123797432,0.2261680189354791,0.1106883774873619,0.2261680189354791,0.09339366939665593,0.0590943026274577,0.07577623336982012,0.07577623336982012,0.09267228535481374,0.12786456567925153,0.12786456567925153,0.08232395247808581,0.12146562031091516,0.20992114506301573,0.20992114506301573,0.04201002762815654,0.14662487024061616,0.04510187810629924,0.1778762276451224,0.1778762276451224,0.046623311338618106,0.10030960298845916,0.18930991837045574,0.011687189514323537
398,24,0.0017908408673010124,0.0005061924928748587,0.004089171291669788,0.11033606097936373,0.010713257054796576,0.2261680189354791,0,False,38,0,0,0,0,8400,9530,9098,9338,9076,8355,9366,8884,9464,8204,9536,9394,9396,9395,9491,8840,9543,9355,8316,9545,9114,9162,8783,8684,0.0009893017122763982,0.0040574305350382705,0.003167764499955079,0.004089171291669788,0.0033411379413075255,0.002735824570095067,0.0019145449789387452,0.0019145449789387452,0.0018174291298026007,0.001630676352674342,0.001630676352674342,0.0010183617723147228,0.0012252618578572072,0.0012663984788182493,0.0012663984788182493,0.0011530414375837466,0.001133872162788217,0.0006198771410835675,0.0007586588324722986,0.0007586588324722986,0.002842989768128568,0.0024095687146923487,0.0007323985019490577,0.0005061924928748587,0.08407719030147646,0.2261680189354791,0.10146434603008174,0.20732068402418918,0.08561086361360126,0.05416977740850289,0.06946154725566844,0.06946154725566844,0.08494959490857926,0.11720918520598056,0.11720918520598056,0.07546362310491199,0.11134348528500557,0.19242771630776442,0.19242771630776442,0.03850919199247683,0.13440613105389815,0.04134338826410763,0.16305320867469553,0.16305320867469553,0.04273803539373326,0.09195046940608756,0.17353409183958443,0.010713257054796576
399,24,0.0017510379214007207,0.00048027658948267743,0.004099462074175849,0.10114138923108341,0.009820485633563527,0.20732068402418918,1,False,38,0,0,0,0,8400,9530,9098,9338,9076,8355,9366,8884,9464,8204,9536,9394,9396,9395,9491,8840,9543,9355,8316,9545,9114,9162,8783,8684,0.0009581393203883278,0.004089171291669788,0.0030829594320853104,0.004099462074175849,0.003237284506597331,0.002627544806239014,0.001846662756722666,0.001846662756722666,0.001760611396597275,0.0015940353197367145,0.0015940353197367145,0.0009839073693883003,0.0011957642402679418,0.0012643005581305983,0.0012643005581305983,0.0011025589137699235,0.0011137459616304397,0.0005932083700199528,0.0007511960132093986,0.0007511960132093986,0.002721739737643338,0.0023388207859899343,0.0007273260220731301,0.00048027658948267743,0.07707075777635343,0.20732068402418918,0.09300898386090825,0.19004396035550675,0.07847662497913449,0.04965562929112764,0.06367308498436274,0.06367308498436274,0.07787046199953099,0.10744175310548218,0.10744175310548218,0.06917498784616932,0.1020648615112551,0.17639207328211737,0.17639207328211737,0.035300092659770424,0.12320562013273996,0.03789810590876533,0.14946544128513756,0.14946544128513756,0.03917653244425549,0.0842879302889136,0.15907291751961905,0.009820485633563527
400,24,0.0017565724237865842,0.000455573586985824,0.004099462074175849,0.09985281540867187,0.009002111830766565,0.19004396035550675,2,False,39,0,0,0,0,8400,9530,9098,9338,9076,8355,9366,8884,9607,9610,9464,8204,9394,9396,9395,9491,8840,9543,9355,8316,9114,9162,8783,8684,0.0009261392382104974,0.004099462074175849,0.0029933272522505924,0.004089939237915845,0.0031303976115691114,0.0025203618810778782,0.0017783018617374788,0.0018241641126580327,0.0018241641126580327,0.0015940369880348922,0.0017021914637060842,0.0015539604818616758,0.0009489457219252681,0.0011639478765297507,0.0012565496708679858,0.0012565496708679858,0.0010533394041561334,0.001090550374875475,0.0005671394081688082,0.0007409811808779449,0.0026030628898795027,0.0022652830864435666,0.0007193689834438053,0.000455573586985824,0.07064819462832397,0.19004396035550675,0.08525823520583256,0.1742069636592145,0.07193690623087327,0.04551766018353367,0.05836699456899917,0.1417003279023325,0.1417003279023325,0.18182160701335867,0.0713812568329034,0.09848827368002533,0.0634104055256552,0.09355945638531717,0.1616927338419409,0.1616927338419409,0.03235841827145622,0.1129384851216783,0.03473993041636821,0.1370099878447094,0.035911821407234194,0.0772639360981708,0.1458168410596508,0.009002111830766565
401,24,0.0017174171616067535,0.0004320421379538984,0.004167146884151414,0.09500396968017144,0.008251935844869352,0.24302305002094662,3,False,40,0,0,0,0,8400,9530,9098,9627,9076,8355,9366,8884,9607,9610,9464,8204,9394,9396,9395,9491,8840,9543,9355,8316,9114,9162,8783,8684,0.0008935989466834403,0.004089939237915845,0.0028999984621086677,0.004167146884151414,0.0030215002149150197,0.0024147508128831885,0.0017099284131133251,0.0017954496973006848,0.0017954496973006848,0.0015866757659160234,0.0016427215085981534,0.0015110988509547708,0.0009137498357214003,0.0011302821861867126,0.0012437151510256918,0.0012437151510256918,0.0010054883059352768,0.0010647714523829357,0.000541736643046329,0.0007283597987796782,0.0024872852778571194,0.0021897452978707783,0.0007088621489353494,0.0004320421379538984,0.06476084507596364,0.1742069636592145,0.07815338227201318,0.24302305002094662,0.06594216404496717,0.04172452183490586,0.053503078354915905,0.12989196724380478,0.12989196724380478,0.1666698064289121,0.06543281876349478,0.09028091754002321,0.058126205065183935,0.08576283501987407,0.1482183393551125,0.1482183393551125,0.029661883415501532,0.10352694469487177,0.03184493621500419,0.1255924888576503,0.03291916962329801,0.07082527475665656,0.13366543763801322,0.008251935844869352
402,24,0.0016471228249319901,0.00040964006160539414,0.004219619684287984,0.09302441926224651,0.007564274524463572,0.22277112918586772,4,False,42,0,0,0,0,8400,9530,9098,9627,9076,8355,9366,8884,9610,9464,8204,9394,9396,9395,9491,8840,9665,9543,9355,8316,9114,9162,8783,8684,0.0008607813699529949,0.0040623784947846926,0.002803994014637004,0.004219619684287984,0.002911498287415403,0.0023111084840228458,0.0016419454131168033,0.001761352078638434,0.0015726601317728585,0.0015826901332531796,0.001466045386991697,0.0008785580598491623,0.0010951959566376029,0.0012263745458796285,0.0012263745458796285,0.0009590863354001441,0.0010636056741017994,0.0010636056741017994,0.0005170522638944753,0.0007136674699245333,0.002374665833434891,0.00211291247155042,0.0006961354272343906,0.00040964006160539414,0.0593641079863,0.15968971668761328,0.07164060041601208,0.22277112918586772,0.060446983707886565,0.038247478348663703,0.049044488492006245,0.11906763664015438,0.15278065589316941,0.05998008386653688,0.08275750774502127,0.05328235464308527,0.07861593210155123,0.1358668110755198,0.1358668110755198,0.02719005979754307,0.17823303263696577,0.17823303263696577,0.029191191530420508,0.11512644811951275,0.030175905488023173,0.06492316852693518,0.12252665116817878,0.007564274524463572
403,24,0.0016063044296309725,0.0003883247667835097,0.00424858501287444,0.08582686250666906,0.006933918314091607,0.20420686842037875,0,False,42,0,0,0,0,8400,9530,9098,9627,9076,8355,9366,8884,9610,9464,8204,9394,9396,9395,9491,8840,9665,9543,9355,8316,9114,9162,8783,8684,0.0008279166108817025,0.0040623784947846926,0.002706226639131142,0.00424858501287444,0.0028011863416829105,0.00220976141450604,0.0015746975289334438,0.0017226712666870451,0.001552716086770187,0.0015225254507049845,0.0014193411315639073,0.0008435763659397246,0.0010590766967832992,0.0012050993660707421,0.0012050993660707421,0.0009141926043398855,0.0010576303765131257,0.0010576303765131257,0.0004931259613308738,0.0006972246266445205,0.002265404245675078,0.002035407932489428,0.0006815076474687896,0.0003883247667835097,0.05441709898744167,0.15968971668761328,0.06567055038134441,0.20420686842037875,0.05540973506556268,0.03506018848627506,0.04495744778433906,0.10914533358680818,0.14004893456873863,0.05498174354432547,0.07586104876626949,0.048842158422828165,0.07206460442642196,0.12454457681922647,0.12454457681922647,0.024924221481081147,0.16338027991721862,0.16338027991721862,0.0267585922362188,0.10553257744288669,0.027661246697354574,0.05951290448302391,0.11231609690416387,0.006933918314091607
404,24,0.0015696894756041361,0.0003680536077912107,0.004255563837504833,0.08319471659189563,0.0063560917879173055,0.18718962938534717,1,False,43,0,0,0,0,8400,9530,9098,9627,9076,8355,9366,8884,9610,9464,8204,9394,9707,9396,9395,9491,8840,9665,9543,9355,8316,9114,9162,8684,0.0007952040183599829,0.004018629762529049,0.0026075043070841217,0.004255563837504833,0.0026912541768340154,0.002110973247747151,0.0015084760476941714,0.0016801639736195649,0.001527567842393666,0.0014625988102299594,0.0013714729857673205,0.0008298443612835438,0.0008298443612835438,0.0010222710727221301,0.0011804438158267625,0.0011804438158267625,0.0008708474433474269,0.001047322557670948,0.001047322557670948,0.0004699864991050739,0.0006793326864591766,0.002159648274739691,0.001957777351008213,0.0003680536077912107,0.04988234073848819,0.14638224029697883,0.06019800451623237,0.18718962938534717,0.050792257143432454,0.03213850611241881,0.0412109938023108,0.10004988912124083,0.12837819002134374,0.05039993158229835,0.0695392947024137,0.1281053118875925,0.1281053118875925,0.06605922072422013,0.11416586208429093,0.11416586208429093,0.022847203024324383,0.14976525659078374,0.14976525659078374,0.02452870954986723,0.0967381959893128,0.02535614280590836,0.05455349577610525,0.0063560917879173055
405,24,0.0015405685871228384,0.0003487841814215446,0.004242285419427371,0.08389201954568981,0.0058264174722575295,0.2206181518748851,2,False,45,0,0,0,0,8400,9530,9098,9627,9076,8355,9726,9366,8884,9610,9464,8204,9394,9707,9396,9491,8840,9737,9543,9355,8316,9114,9162,8684,0.0007628144578358455,0.003960562319555412,0.0025085352555936098,0.004242285419427371,0.002582294387263457,0.0020149518472015312,0.001480752201275006,0.001480752201275006,0.0016345361589595508,0.001497922352445231,0.0014032289198347588,0.0013228747641345435,0.0008136773895071526,0.0008136773895071526,0.0009850861664084634,0.001152936238932621,0.0008290749715165434,0.0010598130332637086,0.0010331677271077898,0.0004476531542417475,0.0006602714705432059,0.0020575004759414497,0.001880493607755417,0.0003487841814215446,0.04572547901028084,0.13418372027223058,0.05518150413987967,0.1715904936032349,0.04655956904814641,0.029460297269717238,0.12111007765211824,0.12111007765211824,0.09171239836113743,0.11768000751956509,0.04619993728377349,0.06374435347721255,0.11742986923029312,0.11742986923029312,0.06055428566386845,0.10465204024393335,0.02094326943896402,0.2206181518748851,0.13728481854155175,0.022484650420711627,0.08867667965687007,0.023243130905415996,0.05000737112809648,0.0058264174722575295
406,24,0.0015150434282749977,0.00033047457267352056,0.004210611172216986,0.08750858805273957,0.005340882682902735,0.20223330588531133,0,False,45,0,0,0,0,8400,9530,9098,9627,9076,8355,9726,9366,8884,9610,9464,8204,9394,9707,9396,9491,9759,9737,9543,9355,8316,9114,9162,8684,0.0007308926823442527,0.003960562319555412,0.002409934079678225,0.004210611172216986,0.0024748102736740422,0.0019218559378143165,0.001449062336615229,0.001449062336615229,0.0015864383579105275,0.0014644573912327408,0.0013446861727200506,0.0012739292040763591,0.0007954433570426397,0.0007954433570426397,0.0009477913349757016,0.0011520369176047016,0.0011520369176047016,0.0010664447615296609,0.0010156476126827638,0.0004261370259688724,0.0006402976811475931,0.0019590243292985144,0.0018039621465752692,0.00033047457267352056,0.04191502242609077,0.13418372027223058,0.05058304546155636,0.1572912858029653,0.04267960496080088,0.0270052724972408,0.11101757118110839,0.11101757118110839,0.0840696984977093,0.10787334022626799,0.04234994251012569,0.05843232402077817,0.10764404679443536,0.10764404679443536,0.055508095191879415,0.17926437022360558,0.17926437022360558,0.20223330588531133,0.12584441699642243,0.02061092955231899,0.08128695635213089,0.021306203329964662,0.04584009020075511,0.005340882682902735
407,24,0.001531578063198958,0.0003130835558520686,0.00416246887242755,0.08880785653802657,0.0048958091259941735,0.24765900603830512,0,False,46,0,0,0,0,8400,9530,9098,9627,9076,8355,9726,9366,8884,9610,9464,8204,9394,9707,9396,9491,9784,9737,9543,9355,9789,9114,9162,8684,0.0006995597239235932,0.003960562319555412,0.0023122284930179324,0.00416246887242755,0.0023692238726746844,0.0018318012541844902,0.0014140477362538984,0.0014140477362538984,0.001536463306997858,0.0014278127964915575,0.0012871970264915452,0.00122497065839323,0.0007754894555934736,0.0007754894555934736,0.0009106204842483281,0.0011458957836706165,0.0011754483366371636,0.0010676062137482895,0.0009952303954096863,0.00040544221685403885,0.0019123286257745845,0.0019123286257745845,0.0017285265709530411,0.0003130835558520686,0.038422103890583204,0.13418372027223058,0.04636779167309333,0.1441836786527182,0.03912297121406747,0.024754833122470732,0.10176610691601602,0.10176610691601602,0.07706389028956685,0.09888389520741232,0.03882078063428188,0.053562963685713325,0.09867370956156574,0.09867370956156574,0.05088242059255613,0.16432567270497178,0.24765900603830512,0.1853805303948687,0.11535738224672056,0.01889335208962574,0.10286401971913428,0.10286401971913428,0.04202008268402551,0.0048958091259941735
408,24,0.0014895551351973343,0.0002965707570169978,0.004099797580947705,0.08487942404874659,0.004487825032161326,0.22702075553511303,1,False,47,0,0,0,0,8400,9530,9098,9627,9076,8355,9726,9366,8884,9610,9464,8204,9394,9707,9396,9491,9784,9737,9810,9355,9789,9114,9162,8684,0.0006689152446385902,0.0038900201035017225,0.0022158664360186456,0.004099797580947705,0.0022658838883890093,0.001744866179054352,0.0013763082093742292,0.0013763082093742292,0.0014851454159729863,0.0013885844562534896,0.001230948319975442,0.001176288244356074,0.000754138927630264,0.000754138927630264,0.0008737746033780565,0.0011350282302532032,0.0011917961458546655,0.0010637358689633944,0.0009974404215446371,0.0003855668917111811,0.0018618629447560771,0.0018618629447560771,0.0016544742933847353,0.0002965707570169978,0.03522026189970127,0.12300174358287802,0.042503809033668884,0.132168372098325,0.03586272361289518,0.022691930362264835,0.09328559800634802,0.09328559800634802,0.07064189943210294,0.09064357060679462,0.03558571558142506,0.049099383378570546,0.09045090043143525,0.09045090043143525,0.04664221887650978,0.15063186664622413,0.22702075553511303,0.16993215286196298,0.18907760039282717,0.017318906082156926,0.09429201807587309,0.09429201807587309,0.03851840912702338,0.004487825032161326
409,24,0.0014495346150870732,0.0002808967830721136,0.004024503013882752,0.08475058315579548,0.0041138396128145484,0.20810235924052026,2,False,48,0,0,0,0,8400,9530,9098,9627,9076,8355,9726,9366,8884,9610,9464,8204,9394,9707,9396,9491,9784,9737,9810,9355,9837,9114,9162,8684,0.000639039802637815,0.0038087865489118055,0.0021212232797562414,0.004024503013882752,0.00216507336602557,0.0016610968721987277,0.0013363977571768386,0.0013363977571768386,0.0014329616807032609,0.0013473206122396248,0.001176091442820202,0.0011281292650859136,0.0007316890852725745,0.0007316890852725745,0.0008374244376924478,0.0011199598512813753,0.00120140632952072,0.0010553033892659923,0.0009948541056746794,0.0003665042212717517,0.0018550199911258527,0.0018550199911258527,0.0015820420928982332,0.0002808967830721136,0.03228524007472616,0.11275159828430485,0.03896182494752981,0.12115434109013123,0.03287416331182058,0.02080093616540943,0.08551179817248568,0.08551179817248568,0.0647550744794277,0.08308993972289506,0.03262023928297297,0.045007768097023,0.08291332539548231,0.08291332539548231,0.042755367303467295,0.13807921109237212,0.20810235924052026,0.15577114012346605,0.1733211336934249,0.01587566390864385,0.169767683236217,0.169767683236217,0.035308541699771434,0.0041138396128145484
410,24,0.0013814429388273528,0.00026602332217137486,0.00393842267310922,0.09724575833507366,0.0037710196450800025,0.2261235451131772,3,False,50,0,0,0,0,8400,9530,9098,9627,9076,8355,9726,9366,9847,9610,9464,8204,9394,9854,9396,9491,9784,9737,9857,9810,9355,9837,9162,8684,0.0006099970020146362,0.0037185580762688288,0.0020286089341200004,0.00393842267310922,0.0020670169940471047,0.0015805119019258907,0.001294822239499122,0.001328215592856691,0.001328215592856691,0.001304520068675352,0.0011227462980794533,0.0010807027566402147,0.0007084103594635038,0.0008223893173892797,0.0008223893173892797,0.0011012129413458614,0.001204693509518183,0.0010696869635563539,0.0010696869635563539,0.0009879049701634797,0.0003482432184903112,0.0018402300442760255,0.0015114214744432531,0.00026602332217137486,0.029594803401832313,0.10335563176061277,0.03571500620190232,0.11105814599928696,0.030134649702502198,0.019067524818291978,0.0783858149914452,0.16171914832477854,0.16171914832477854,0.07616577807932047,0.029901886009391886,0.041257120755604414,0.07600388161252544,0.1225257533615117,0.1225257533615117,0.12657261016800778,0.1907604959704769,0.2261235451131772,0.2261235451131772,0.1588777058856395,0.014552691916256862,0.15562037629986558,0.03236616322479048,0.0037710196450800025
411,24,0.0013441505230653873,0.00025191321956243327,0.003843299778306638,0.08914194514048418,0.003456768007990002,0.20727991635374576,4,False,50,0,0,0,0,8400,9530,9098,9627,9076,8355,9726,9366,9847,9610,9464,8204,9394,9854,9396,9491,9784,9737,9857,9810,9355,9837,9162,8684,0.0005818355060221729,0.003620925190032729,0.0019382747187388677,0.003843299778306638,0.0019718879594512444,0.001503106400025065,0.0012520386584048617,0.0013146587968257712,0.0013146587968257712,0.0012606319266908806,0.0010710050182298771,0.001034183047010162,0.0006845461734877617,0.0008051083828395167,0.0008051083828395167,0.0010792957458235061,0.0012021363095459378,0.0010780415579179127,0.0010780415579179127,0.000977043741293722,0.0003307694758015665,0.001818338454412136,0.0014427637555633347,0.00025191321956243327,0.027128569785012952,0.09474266244722837,0.03273875568507713,0.10180330049934637,0.02762342889396035,0.017478564416767647,0.0718536637421581,0.148242552631047,0.148242552631047,0.06981862990604376,0.027410062175275893,0.03781902735930404,0.06967022481148165,0.11231527391471906,0.11231527391471906,0.11602489265400712,0.17486378797293714,0.20727991635374576,0.20727991635374576,0.1456378970618362,0.013339967589902123,0.14265201160821012,0.02966898295605794,0.003456768007990002
412,24,0.0013051236775153037,0.00023853053248640453,0.00374076490168019,0.08171344971211049,0.0031687040073241687,0.19000658999093362,5,False,52,0,0,0,0,8400,9530,9098,9627,9076,8355,9726,9366,9847,9610,9464,8204,9394,9854,9396,9491,9784,9737,9857,9810,9355,9837,9162,8684,0.0005545909017445463,0.0035173600869476277,0.0018504198967645112,0.00374076490168019,0.0018798143108362702,0.0014288557668070273,0.001208455711424693,0.0012963378454950829,0.0012963378454950829,0.0012160565043597745,0.0010209354111834757,0.0009887132411750723,0.0006603134566421411,0.0007859396640019839,0.0007859396640019839,0.001054694233303337,0.0011942552007889646,0.001080742209691068,0.001080742209691068,0.000962725151728872,0.0003140658117687049,0.001790192870956658,0.0013761848313927484,0.00023853053248640453,0.02486785563626187,0.08684744057662601,0.030010526044654033,0.09331969212440083,0.02532147648613032,0.01602201738203701,0.06586585843031159,0.13588900657845973,0.13588900657845973,0.06400041074720678,0.025125890327336236,0.034667441746028704,0.06386437274385817,0.10295566775515913,0.10295566775515913,0.10635615159950652,0.16029180564185905,0.19000658999093362,0.19000658999093362,0.1335014056400165,0.012228303624076946,0.1307643439741926,0.027196567709719777,0.0031687040073241687
413,24,0.0012535697354493355,0.0002258405673029758,0.00374076490168019,0.08082675703612412,0.0029046453400471545,0.20789825603025475,0,False,54,0,0,0,0,8400,9530,9098,9627,9076,8355,9726,9919,9847,9610,9464,8204,9924,9394,9854,9396,9491,9784,9737,9810,9355,9837,9162,8684,0.0005282874109734352,0.0034092096906935764,0.0017651978052158075,0.00374076490168019,0.0017908848074712719,0.0013577189564835256,0.0011644353092616529,0.00130670951772689,0.0012738568596977048,0.0011711471461760378,0.0009725841254031161,0.0009444085697078209,0.000652303537382022,0.000652303537382022,0.0007652186350724813,0.0007652186350724813,0.0010278661079357505,0.0011815932268037668,0.0010782204160241359,0.0009453972050102837,0.00029811283544656946,0.001756624257499386,0.0013117695893611492,0.0002258405673029758,0.022795534333240046,0.07961015386190717,0.027509648874266195,0.09331969212440083,0.02321135344561946,0.014686849266867258,0.06037703689445229,0.20789825603025475,0.12456492269692142,0.058667043184939545,0.023032066133391548,0.03177848826719298,0.14187567501520332,0.14187567501520332,0.09437602877556253,0.09437602877556253,0.09749313896621431,0.14693415517170413,0.17417270749168914,0.12237628850334846,0.011209278322070533,0.11986731530967654,0.024930187067243127,0.0029046453400471545
414,24,0.0012140857720854927,0.00021380990160830253,0.0036323241628145346,0.07409119394978043,0.0026625915617098915,0.19057340136106685,1,False,55,0,0,0,0,8400,9530,9098,9627,9076,8355,9726,9919,9847,9610,9464,8204,9924,9394,9854,9396,9491,9784,9737,9810,9355,9837,9162,8684,0.0005029394470867751,0.003297693092089495,0.001682721542346437,0.0036323241628145346,0.001705154250563819,0.0012896413750196703,0.0011202947963137074,0.0013102099148857224,0.0012478016866605051,0.001126212669950359,0.0009259795327891253,0.000901359557577879,0.0006420670720364202,0.0006420670720364202,0.0007432556484384045,0.0007432556484384045,0.0009992367552686782,0.0011646997551506464,0.0010709443708345737,0.0009254927499341746,0.0002828894364961774,0.0017184321309041061,0.001249575960807482,0.00021380990160830253,0.020895906472136707,0.07297597437341491,0.02521717813474401,0.0855430511140341,0.021277073991817837,0.013462945161294985,0.055345617153247935,0.19057340136106685,0.11418451247217797,0.05377812291952792,0.021112727288942253,0.02913028091159356,0.1300527020972697,0.1300527020972697,0.08651135971093232,0.08651135971093232,0.08936871071902978,0.1346896422407288,0.15965831520071505,0.11217826446140275,0.010275171795231321,0.10987837236720349,0.022852671478306198,0.0026625915617098915
415,24,0.0011737573775686696,0.00020240639375579305,0.003519352866773339,0.06791692778729873,0.0024407089315674002,0.17469228458097794,2,False,55,0,0,0,0,8400,9530,9098,9627,9076,8355,9726,9919,9847,9610,9464,8204,9924,9394,9854,9396,9491,9784,9737,9810,9355,9837,9162,8684,0.0004785530214539525,0.003183902467079909,0.0016030691933647842,0.003519352866773339,0.0016226483062755954,0.0012245574231854867,0.0010763096546920219,0.0013073602230399728,0.0012187308531586862,0.001081520241391755,0.0008811343350893647,0.000859634985225845,0.0006299018507311921,0.0006299018507311921,0.0007203345068532244,0.0007203345068532244,0.0009691968134842947,0.0011441172150720854,0.0010594017951922948,0.000903423145818042,0.0002683732086834528,0.0016763735950157692,0.0011896386087267908,0.00020240639375579305,0.01915458093279198,0.06689464317563033,0.023115746623515343,0.07841446352119792,0.019503984492499682,0.012341033064520402,0.05073348239047727,0.17469228458097794,0.1046691364328298,0.04929661267623392,0.019353333348197065,0.026702757502294096,0.11921497692249723,0.11921497692249723,0.07930207973502129,0.07930207973502129,0.08192131815911063,0.12346550538733472,0.14635345560065546,0.10283007575628585,0.009418907478962044,0.1007218413366032,0.020948282188447347,0.0024407089315674002
416,24,0.0011785623228726414,0.00019159918187300237,0.0034030935407441845,0.08511990794324269,0.00223731652060345,0.2434679275325631,3,False,57,0,0,0,0,8400,9530,9098,9627,9076,8355,9726,9919,9991,9610,9994,9924,9394,9854,9396,9491,9784,9737,9810,9355,9837,10005,9162,8684,0.000455127005545909,0.0030688066534403356,0.0015262885917462598,0.0034030935407441845,0.001543367839628487,0.0011623927171660812,0.0010327165118403292,0.0013322209404332095,0.0013322209404332095,0.0010372985055734038,0.0008596610874969948,0.0006160940874057003,0.0006160940874057003,0.0006967119586037172,0.0006967119586037172,0.000938101075871845,0.00112037064811899,0.0010440854846136746,0.0008795737636448205,0.00025454081391712883,0.00167322304753874,0.00167322304753874,0.0011319722597592104,0.00019159918187300237,0.017558365855059314,0.061320089577661135,0.021189434404889063,0.07187992489443143,0.01787865245145804,0.011312613642477034,0.046505692191270834,0.2434679275325631,0.2434679275325631,0.04518856161988109,0.10107388890251398,0.10928039551228913,0.10928039551228913,0.07269357309043618,0.07269357309043618,0.07509454164585141,0.11317671327172349,0.13415733430060084,0.09426090277659535,0.008633998522381874,0.17566168789188627,0.17566168789188627,0.019202592006076734,0.00223731652060345
417,24,0.001145203017163111,0.0001813586741877331,0.003284657424877541,0.08149880450352802,0.002050873477219829,0.22317893357151616,4,False,58,0,0,0,0,8400,9530,9098,9627,9076,8355,9726,9919,9991,9610,10018,9924,9394,9854,9396,9491,9784,9737,9810,9355,9837,10005,9162,8684,0.0004326542567233437,0.0029532566810336136,0.0014524016251856466,0.003284657424877541,0.0014672927850117013,0.0011030660180358235,0.0009897163074089055,0.0013491643989053707,0.0013491643989053707,0.0009937408392605923,0.0008581300678793031,0.0006009145621275602,0.0006009145621275602,0.0006726179203322035,0.0006726179203322035,0.0009062684542731767,0.0010939598135959415,0.0010254815303123222,0.0008543010555425203,0.00024136829346109304,0.0016626250637651393,0.0016626250637651393,0.0010765746948648547,0.0001813586741877331,0.01609516870047104,0.05621008211285604,0.01942364820448164,0.0658899311532288,0.016388764747169868,0.010369895838937281,0.04263021784199826,0.22317893357151616,0.22317893357151616,0.04142284815155767,0.17598439816063782,0.10017369588626503,0.10017369588626503,0.06663577533289983,0.06663577533289983,0.0688366631753638,0.10374532049907986,0.12297755644221743,0.08640582754521241,0.007914498645516717,0.16102321390089575,0.16102321390089575,0.01760237600557034,0.002050873477219829
418,24,0.0011108721924704787,0.00017608353932129569,0.003165028587437538,0.07817945968378957,0.007254957091723657,0.20458068910722313,5,False,58,0,0,0,0,8400,9530,9098,9627,9076,8355,9726,9919,9991,9610,10018,9924,9394,9854,9396,9491,9784,9737,9810,9355,9837,10005,9162,10055,0.000411122616794106,0.0028379926622020993,0.0013814081037001053,0.003165028587437538,0.0013943855831784337,0.00104649089987599,0.0009474775062533458,0.0013585808300512953,0.0013585808300512953,0.0009510086183836624,0.0008527718577515132,0.0005846159404270213,0.0005846159404270213,0.0006482562552677404,0.0006482562552677404,0.0008739827627404598,0.0010653535438173726,0.0010040600547866747,0.0008279309294919238,0.0002288313324195536,0.001645334276112846,0.001645334276112846,0.00102342941741961,0.00017608353932129569,0.01475390464209845,0.05152590860345137,0.01780501085410817,0.0603991035571264,0.015023034351572378,0.009505737852359175,0.039077699688498405,0.20458068910722313,0.20458068910722313,0.03797094413892786,0.16131903164725134,0.09182588789574293,0.09182588789574293,0.06108279405515817,0.06108279405515817,0.0631002745774168,0.09509987712415653,0.1127294267386993,0.07920534191644471,0.007254957091723657,0.14760461274248776,0.14760461274248776,0.016135511338439476,0.08521330068745152
419,24,0.0010198285098997088,0.00017059129303011322,0.0027236515536772613,0.08193971513041465,0.006650377334080019,0.2186375616806138,6,False,62,0,0,0,0,8400,9530,9098,9076,8355,9726,9919,9991,9610,10018,9924,9394,9854,9396,9491,9784,9737,9810,9355,9837,10005,9162,10077,10055,0.0003905157930248955,0.0027236515536772613,0.001313289213172539,0.0013245942169415276,0.0009925771844859184,0.0009061392712318035,0.0013609549570641384,0.0013609549570641384,0.0009092344207822166,0.000843973219209243,0.0005674310901845601,0.0005674310901845601,0.0006238059587287696,0.0006238059587287696,0.000841494112473761,0.0010349860265227047,0.0009802682275811055,0.0008007581820552277,0.00021690548305742616,0.0016221151958539018,0.0016639494061952264,0.0009725080201479796,0.0016639494061952264,0.00017059129303011322,0.013524412588590246,0.047232082886497086,0.016321259949599154,0.01377111482227468,0.008713593031329243,0.03582122471445687,0.18753229834828786,0.18753229834828786,0.0348066987940172,0.1478757790099804,0.08417373057109769,0.08417373057109769,0.05599256121722832,0.05599256121722832,0.05784191836263207,0.08717488736381016,0.10333530784380769,0.07260489675674098,0.006650377334080019,0.13530422834728045,0.2186375616806138,0.014790885393569519,0.2186375616806138,0.07811219229683056
420,24,0.000990897393093169,0.00016494196542186145,0.0026107753963744624,0.07511140553621343,0.006096179222906684,0.20041776487389598,7,False,63,0,0,0,0,8400,9530,9098,9076,8355,9726,9919,9991,9610,10018,9924,9394,9854,9396,9491,9784,9737,9810,9355,9837,10005,9162,10077,10055,0.0003708141314889539,0.0026107753963744624,0.0012480105812843027,0.0012578548786833983,0.0009412321686346276,0.000865814532031406,0.0013568386607743887,0.0013568386607743887,0.0008685251059597548,0.0008321262050392966,0.0005495722222446244,0.0005495722222446244,0.0005994226263586554,0.0005994226263586554,0.0008090207409232294,0.0010032546953937468,0.0009545252863643075,0.0007730467648621616,0.00020556635199630503,0.001593723545036482,0.0016734328961215315,0.0009237722737433573,0.0016734328961215315,0.00016494196542186145,0.012397378206207725,0.043296075979288993,0.014961154953799224,0.012623521920418455,0.007987460278718472,0.032836122654918795,0.17190460681926387,0.17190460681926387,0.03190614056118243,0.13555279742581536,0.07715925302350621,0.07715925302350621,0.05132651444912596,0.05132651444912596,0.0530217584990794,0.07991031341682597,0.09472403219015704,0.06655448869367922,0.006096179222906684,0.12402887598500707,0.20041776487389598,0.013558311610772058,0.20041776487389598,0.07160284293876135
421,24,0.0009609975539488672,0.00015918922001995113,0.0024998197232177603,0.06885212174152898,0.00558816428766446,0.18371628446773797,8,False,62,0,0,0,0,8400,9530,9098,9076,8355,9726,9919,9991,9610,10018,9924,9394,9854,9396,9491,9784,9737,9810,9355,9837,10005,9162,10077,10055,0.0003519952925336448,0.0024998197232177603,0.0011855249848000116,0.001194094302647563,0.0008923616677212654,0.0008265929048862035,0.001346826563032329,0.001346826563032329,0.0008289647313324137,0.0008176185413554664,0.0005312306932867377,0.0005312306932867377,0.0005752401026477212,0.0005752401026477212,0.0007767511281777969,0.0009705194276774366,0.0009272192736556086,0.0007450306871748929,0.00019478975582728732,0.001560891518852967,0.0016744037282226019,0.0008771759605137648,0.0016744037282226019,0.00015918922001995113,0.011364263355690414,0.039688069647681574,0.013714392040982622,0.011571561760383584,0.007321838588825265,0.030099779100342228,0.15757922291765855,0.15757922291765855,0.02924729551441723,0.12425673097366408,0.07072931527154735,0.07072931527154735,0.0470493049116988,0.0470493049116988,0.048603278624156115,0.07325112063209047,0.08683036284097728,0.06100828130253928,0.00558816428766446,0.11369313631958981,0.18371628446773797,0.012428452309874386,0.18371628446773797,0.06563593936053123
422,24,0.000939911619850825,0.00015338055833574786,0.002391161897346079,0.07273338461594887,0.005122483930359088,0.25173992742875984,9,False,57,0,0,0,0,8400,9530,9098,9076,8355,9726,9919,9991,9610,10018,9924,9394,9854,9396,9491,9784,9737,9810,9355,10148,10005,9162,10077,10055,0.00033403483784262257,0.002391161897346079,0.0011257747279282606,0.0011332317940689752,0.0008458708976312881,0.0007885434331605141,0.0013315349156364318,0.0013315349156364318,0.0007906172787606159,0.0008008260291011577,0.0005125773258101285,0.0005125773258101285,0.00055137222729273,0.00055137222729273,0.000744846281452083,0.0009371027749692716,0.0008987052034689384,0.0007169153845776104,0.00018455184921163697,0.001710562213965048,0.001710562213965048,0.0008326664761771707,0.0016675560869791539,0.00015338055833574786,0.010417241409382879,0.03638073051037478,0.012571526037567404,0.010607264947018285,0.006711685373089827,0.027591464175313708,0.14444762100785366,0.14444762100785366,0.026810020888215793,0.1139020033925254,0.06483520566558507,0.06483520566558507,0.043128529502390565,0.043128529502390565,0.04455300540547644,0.06714686057941625,0.07959449927089583,0.055924257860661006,0.005122483930359088,0.25173992742875984,0.25173992742875984,0.011392747950718186,0.16840659409542647,0.06016627774715363
423,24,0.0008690211898171774,0.00015136311401685846,0.002285109204028884,0.0830373051716092,0.006152378258665674,0.23076160014302985,10,False,55,0,0,0,0,8400,9530,9098,9076,8355,10157,9919,9991,9610,10018,9924,9394,9854,9396,9491,10166,9737,9810,10173,10005,9162,10077,10175,10055,0.0003169067381125477,0.002285109204028884,0.0010686937213114605,0.0010751809857601224,0.0008016652145433774,0.0007711038504678029,0.0013115839144128734,0.0013115839144128734,0.0007535291764688858,0.000782106783662872,0.0004937631182902419,0.0004937631182902419,0.0005279146145627738,0.0005279146145627738,0.0007318417028716538,0.0007318417028716538,0.0008693043888106662,0.0006888794109552609,0.0008105650564117241,0.0017363357986798565,0.0008105650564117241,0.0016536302416782689,0.00015136311401685846,0.00015136311401685846,0.009549137958600972,0.033349002967843544,0.011523898867770119,0.009723326201433428,0.006152378258665674,0.1086255088273709,0.13241031925719918,0.13241031925719918,0.024575852480864475,0.10441016977648161,0.059432271860119644,0.059432271860119644,0.03953448537719135,0.03953448537719135,0.1241735882883534,0.1241735882883534,0.07296162433165451,0.051263903038939254,0.09377668562149168,0.23076160014302985,0.09377668562149168,0.15437271125414093,0.1384857546015575,0.1384857546015575
424,24,0.0008088732227557334,0.00014884640824768843,0.002285109204028884,0.07794570662686025,0.005639680070443534,0.16929529515303404,0,False,57,0,0,0,0,8400,9530,9098,9076,8355,10157,9919,9991,9610,10018,9924,9394,9854,9396,9491,10166,9737,9810,10196,10173,9162,10077,10175,10055,0.00030058380981557597,0.002285109204028884,0.0010142092903545265,0.0010198513509817873,0.0007596507304960917,0.0007519671993658876,0.001287583358427022,0.001287583358427022,0.000717731610228845,0.0007617970966083562,0.0004749202371310866,0.0004749202371310866,0.0005049464160108072,0.0005049464160108072,0.0007167942102338362,0.0007167942102338362,0.0008393046855050943,0.0006610763362994888,0.0008074694062422063,0.000787168401380429,0.0008074694062422063,0.0016333875584873436,0.00014884640824768843,0.00014884640824768843,0.00875337646205089,0.033349002967843544,0.010563573962122609,0.008913049017980642,0.005639680070443534,0.09957338309175666,0.1213761259857659,0.1213761259857659,0.02252786477412577,0.09570932229510815,0.054479582538443004,0.054479582538443004,0.03623994492909207,0.03623994492909207,0.11382578926432395,0.11382578926432395,0.0668814889706833,0.046991911119027646,0.16929529515303404,0.0859619618197007,0.16929529515303404,0.14150831864962918,0.1269452750514277,0.1269452750514277
425,24,0.0008201257762760504,0.00014589917964756338,0.0021819065701500994,0.08083094466362219,0.008023928423546649,0.18767364015896362,1,False,57,0,0,0,0,8400,9530,9098,10203,9076,10204,10157,9919,9991,9610,10018,9924,9394,9854,9396,9491,10215,9737,9810,10196,10173,9162,10077,10055,0.0002850380889158682,0.0021819065701500994,0.0009622437402917964,0.0009920922012172362,0.0009920922012172362,0.0007382967193460216,0.0007314485745353738,0.0012601214360287065,0.0012601214360287065,0.0006832426243175361,0.0007402086896444286,0.0004561631999287092,0.0004561631999287092,0.000482532029669914,0.000482532029669914,0.0007000242583654629,0.0007180778233301104,0.0008089614364844603,0.000633636755837788,0.0008009255287903962,0.0007627756547707714,0.0008009255287903962,0.0016075897237180035,0.00014589917964756338,0.008023928423546649,0.030569919387189913,0.009683276131945725,0.09150362826648227,0.09150362826648227,0.08850304006457325,0.0912756011674436,0.11126144882028541,0.11126144882028541,0.020650542709615288,0.08773354543718247,0.049939617326906084,0.049939617326906084,0.033219949518334395,0.033219949518334395,0.10434030682563028,0.18767364015896362,0.06130803155645969,0.04307591852577534,0.1551873538902812,0.0787984650013923,0.1551873538902812,0.12971595876216008,0.11636650213047538
426,24,0.0008168109719763807,0.0001425871900397146,0.0020817438262359716,0.08297413068767949,0.007355267721584428,0.17203417014571665,2,False,61,0,0,0,0,8400,9530,10226,9098,10203,9076,10204,10157,9919,9991,9610,10234,9394,9854,9396,9491,10215,9737,9810,10196,10173,9162,10077,10055,0.0002702411487812315,0.0020817438262359716,0.0009362545626875253,0.0009362545626875253,0.0009628426286725273,0.0009628426286725273,0.0007159277778292154,0.0007098381461066707,0.0012297563326467886,0.0012297563326467886,0.0006500690176430693,0.0007361346740817952,0.0004375901761183786,0.0004607227294717562,0.0004607227294717562,0.0006818327415326277,0.000715934292924881,0.0007784989307077339,0.000606670336201296,0.000791301645959616,0.0007376572371490526,0.000791301645959616,0.0015769820332050743,0.0001425871900397146,0.007355267721584428,0.028022426104924086,0.09220966978761692,0.09220966978761692,0.08387832591094208,0.08387832591094208,0.08112778672585881,0.08366930107015663,0.10198966141859496,0.10198966141859496,0.01892966415048068,0.16375574998408393,0.045777982549663906,0.030451620391806527,0.030451620391806527,0.09564528125682775,0.17203417014571665,0.05619902892675471,0.03948625864862739,0.14225507439942445,0.07223192625127628,0.14225507439942445,0.11890629553198007,0.10666929361960242
427,24,0.0007898961758091087,0.00013897240607409501,0.0019847624588479173,0.09156580855677414,0.006742328744785726,0.2137338181994724,3,False,62,0,0,0,0,8400,9530,10226,9098,9076,10204,10157,9919,9991,9610,10234,9394,9854,9396,9491,10215,10265,9737,9810,10196,10267,9162,10077,10055,0.0002561643689020298,0.0019847624588479173,0.0009088309452891176,0.0009088309452891176,0.0009324617415702582,0.0006928039297327713,0.00068740014593752,0.0011970103095336959,0.0011970103095336959,0.000618208043883703,0.0007290368650624442,0.00041928434592976256,0.00043955819724159404,0.00043955819724159404,0.0006624985439103575,0.0007106772113674612,0.0007674059696677421,0.0007674059696677421,0.0005802678417516663,0.0007990561692152267,0.0007990561692152267,0.0007789666858853706,0.0015422804486685006,0.00013897240607409501,0.006742328744785726,0.025687223929513746,0.08452553063864884,0.08452553063864884,0.07688846541836357,0.07436713783203724,0.07669685931431024,0.09349052296704538,0.09349052296704538,0.017352192137940623,0.15010943748541025,0.041963150670525244,0.02791398535915598,0.02791398535915598,0.0876748411520921,0.15769798930024026,0.13484910984952517,0.13484910984952517,0.03619573709457511,0.2137338181994724,0.2137338181994724,0.13040048486613906,0.10899743757098172,0.09778018581796888
428,24,0.000788107781791195,0.00013511244344502742,0.0018910618268901988,0.107885345774982,0.006180468016053582,0.22788982352522025,4,False,64,0,0,0,0,8400,9530,10226,9098,9076,10277,10157,9919,9991,9610,10234,9394,9854,10287,10215,10265,9737,9810,10293,10196,10267,9162,10077,10055,0.0002427791604147857,0.0018910618268901988,0.0008803138728413971,0.0008803138728413971,0.0009012732240105938,0.0006864161808022008,0.0006643726708625467,0.0011623658881057296,0.0011623658881057296,0.0005876489268017236,0.0007192530809998499,0.00040131527156029716,0.0004190679465019161,0.000720752482141343,0.000720752482141343,0.0007538780655067856,0.0007538780655067856,0.0005545030988688695,0.0007839928473373512,0.0008025072958761602,0.0008025072958761602,0.0007839928473373512,0.0015041620282131357,0.00013511244344502742,0.006180468016053582,0.0235466219353876,0.07748173641876144,0.07748173641876144,0.07048109330016661,0.15150320967936748,0.07030545437145105,0.08569964605312493,0.08569964605312493,0.01590617612644557,0.1376003176949594,0.03846622144798147,0.025587819912559647,0.22788982352522025,0.22788982352522025,0.12361168402873139,0.12361168402873139,0.033179425670027185,0.20286711112729414,0.1959226666828497,0.1959226666828497,0.20286711112729414,0.0999143177733999,0.0896318369998048
429,24,0.0007696426307199205,0.0001310602320553731,0.0018007048350999794,0.10236712251595571,0.005665429014715783,0.20889900489811855,5,False,63,0,0,0,0,8400,9530,10226,10299,9076,10277,10157,9919,9991,9610,10234,9394,9854,10287,10215,10265,9737,9810,10293,10196,10267,9162,10077,10055,0.00023005715383865076,0.0018007048350999794,0.0008510109727506193,0.0008729584719959387,0.0008695659103674269,0.0006774687949341538,0.0006409681224812699,0.0011262637823494163,0.0011262637823494163,0.0005583742033137176,0.0007071187112520293,0.00038374024558491415,0.0003992726326992714,0.0007267412331556328,0.0007267412331556328,0.0007382612797862414,0.0007382612797862414,0.0005294348681549414,0.0007849860261698512,0.0008019625239241679,0.0008019625239241679,0.0007849860261698512,0.0014632582919791859,0.0001310602320553731,0.005665429014715783,0.021584403440771966,0.07102492505053132,0.15435825838386466,0.06460766885848605,0.13887794220608685,0.06444666650716346,0.07855800888203118,0.07855800888203118,0.014580661449241772,0.12613362455371277,0.03526070299398302,0.02345550158651301,0.20889900489811855,0.20889900489811855,0.11331071035967044,0.11331071035967044,0.03041447353085825,0.18596151853335294,0.1795957777926122,0.1795957777926122,0.18596151853335294,0.09158812462561658,0.08216251724982107
430,24,0.0007286678822218446,0.00012686386230172659,0.0017579198422590725,0.10108224481824808,0.013365606328471624,0.191490754489942,6,False,67,0,0,0,0,10320,8400,10321,10226,10299,9076,10277,10326,9919,9991,9610,10234,9394,9854,10287,10215,10265,9737,9810,10293,10196,9162,10077,10055,0.0002235917904154229,0.0002235917904154229,0.0017579198422590725,0.0008211969920608001,0.0008622687824312323,0.0008375950145268781,0.0006662777461633218,0.0006332961511667623,0.0010891022446018269,0.0010891022446018269,0.0005303609076280652,0.0006929598760382829,0.00036660559093611936,0.00038018524858956024,0.0007288923000963878,0.0007288923000963878,0.0007208850798757771,0.0007208850798757771,0.0005051086043872389,0.0007822675400489292,0.0007977615712939568,0.0007822675400489292,0.0014201510734645655,0.00012686386230172659,0.08852664326348948,0.08852664326348948,0.1031190364873743,0.06510618129632037,0.14149507018520927,0.05922369645361221,0.1273047803555796,0.14240944429823318,0.07201150814186191,0.07201150814186191,0.013365606328471624,0.1156224891742367,0.032322311077817766,0.02150087645430359,0.191490754489942,0.191490754489942,0.10386815116303123,0.10386815116303123,0.027879934069953396,0.1704647253222402,0.1646294629765612,0.1704647253222402,0.0839557809068152,0.07531564081233598
431,24,0.0007109895625877098,0.00012256657584872114,0.0017116512108080106,0.09613094663894962,0.012251805801098989,0.2342436743951811,7,False,67,0,0,0,0,10320,8400,10321,10226,10299,9076,10277,10326,9919,9991,9610,10234,9394,9854,10287,10215,10265,9737,9810,10293,10364,9162,10077,10055,0.00021681883141899157,0.00021681883141899157,0.0017116512108080106,0.0007911149074785455,0.0008486469011683664,0.0008055838311002319,0.0006531509002877471,0.0006234511668151688,0.0010512375219659483,0.0010512375219659483,0.0005035816099670613,0.0006770882004752412,0.000349947894457636,0.00036181220659021015,0.0007274938685704651,0.0007274938685704651,0.0007020586017820899,0.0007020586017820899,0.000481558091937275,0.0007761820988844204,0.0008106437381414233,0.0007761820988844204,0.0013753704217855636,0.00012256657584872114,0.08114942299153202,0.08114942299153202,0.09452578344675977,0.05968066618829367,0.12970381433644182,0.05428838841581119,0.11669604865928129,0.13054199060671376,0.06601054913004008,0.06601054913004008,0.012251805801098989,0.1059872817430503,0.029628785154666284,0.01970913674977829,0.17553319161578015,0.17553319161578015,0.09521247189944529,0.09521247189944529,0.02555660623079061,0.15625933154538685,0.2342436743951811,0.15625933154538685,0.07695946583124727,0.06903933741130798
432,24,0.0006941489042492265,0.00011820686822826314,0.0017116512108080106,0.08844824894489396,0.01123082198434074,0.21472336819558266,0,False,69,0,0,0,0,10320,8400,10321,10226,10299,9076,10277,10326,9919,9991,9610,10234,9394,9854,10287,10215,10265,9737,9810,10293,10364,9162,10077,10055,0.0002098170421875138,0.0002098170421875138,0.0017116512108080106,0.0007609774937124882,0.0008324862641411003,0.0007737257560666627,0.0006383829469249918,0.0006117224888137595,0.0010129851571722545,0.0010129851571722545,0.00047800532321198267,0.0006597970203192605,0.00033379516223448654,0.000344154312124873,0.0007228599973332974,0.0007228599973332974,0.0006820681853804612,0.0006820681853804612,0.0004588069495383968,0.0007670858171681418,0.0008188353558860347,0.0007670858171681418,0.0013293941514877859,0.00011820686822826314,0.07438697107557102,0.07438697107557102,0.09452578344675977,0.054707277339269195,0.11889516314173833,0.049764356047826926,0.10697137793767451,0.1196634913894876,0.060509670035870065,0.060509670035870065,0.01123082198434074,0.09715500826446277,0.02715971972511076,0.018066708687296765,0.16090542564779847,0.16090542564779847,0.08727809924115817,0.08727809924115817,0.023426889044891392,0.14323772058327128,0.21472336819558266,0.14323772058327128,0.07054617701197666,0.06328605929369897
433,24,0.0006773048612054074,0.00011381867489409917,0.0017116512108080106,0.08487799828089848,0.010294920152312344,0.2801630875126174,0,False,70,0,0,0,0,10320,8400,10321,10226,10299,9076,10277,10326,9919,9991,9610,10234,9394,9854,10287,10215,10265,9737,9810,10293,10412,9162,10077,10055,0.0002026571444003753,0.0002026571444003753,0.0017116512108080106,0.0007309692040868641,0.0008141648151519811,0.0007421865023237774,0.0006222516970928053,0.000598388394353005,0.0009746219055374537,0.0009746219055374537,0.0004535982903547166,0.0006413588222113597,0.00031816788982100486,0.0003272076335147678,0.0007153188764870811,0.0007153188764870811,0.0006611759717675726,0.0006611759717675726,0.00043687000300534186,0.0007553362020483252,0.0008438146532076833,0.0007553362020483252,0.0012826486776227476,0.00011381867489409917,0.06818805681927342,0.06818805681927342,0.09452578344675977,0.05014833756099676,0.1089872328799268,0.04561732637717468,0.0980570964428683,0.10969153377369696,0.05546719753288089,0.05546719753288089,0.010294920152312344,0.08905875757575754,0.024896409748018194,0.016561149630022035,0.14749664017714859,0.14749664017714859,0.08000492430439499,0.08000492430439499,0.021474648291150443,0.13130124386799866,0.2801630875126174,0.13130124386799866,0.06466732892764526,0.058012221019224056
434,24,0.0006581123314637408,0.00010943161666404946,0.0016625938467965246,0.0812770539797125,0.009437010139619648,0.2568161635532326,1,False,70,0,0,0,0,10320,8400,10321,10226,10299,9076,10277,10326,9919,9991,9610,10234,9394,9854,10287,10215,10265,9737,10434,10293,10412,9162,10077,10055,0.00019540200907048979,0.00019540200907048979,0.0016625938467965246,0.0007012482439876376,0.0007940399558300262,0.0007111064107317987,0.0006050155616297044,0.0005837123222258681,0.0009363880765054873,0.0009363880765054873,0.00043032466499643937,0.0006220237206389543,0.0003030800443122872,0.0003109642749538443,0.0007052029157551793,0.0007052029157551793,0.0006396193642473134,0.0006396193642473134,0.00042647680127906536,0.0007412840618104592,0.0008633748168268099,0.0007412840618104592,0.0012355108194789088,0.00010943161666404946,0.06250571875100064,0.06250571875100064,0.08664863482619645,0.045969309430913693,0.09990496347326623,0.04181588251241012,0.08988567173929593,0.10055057262588887,0.05084493107180748,0.05084493107180748,0.009437010139619648,0.08163719444444441,0.022821708935683343,0.015181053827520198,0.13520525349571952,0.13520525349571952,0.07333784727902873,0.07333784727902873,0.10301842760022124,0.12035947354566542,0.2568161635532326,0.12035947354566542,0.05927838485034149,0.05317786926762205
435,24,0.0006337360472523049,0.00010507128457646158,0.0016625938467965246,0.08635512940626183,0.008650592627984677,0.2354148165904632,0,False,69,0,0,0,0,10320,8400,10321,10226,10299,9076,10277,10326,9919,10449,9610,10234,9394,9854,10287,10215,10265,10458,10434,10293,10412,9162,10077,10055,0.00018810698209023065,0.00018810698209023065,0.0016625938467965246,0.000671948741590613,0.0007724450448291387,0.000680602779170013,0.0005869120240118871,0.0005679402261608049,0.0008984901425980103,0.0009216621255195224,0.00040814709637042226,0.0006020187830945914,0.0002885399581096905,0.0002954130596633001,0.0006928406424647928,0.0006928406424647928,0.0006176111722216906,0.0004259491947817844,0.0004259491947817844,0.000725267202800274,0.0008776305022222194,0.000725267202800274,0.0011883103028462636,0.00010507128457646158,0.057296908855083914,0.057296908855083914,0.08664863482619645,0.042138533645004216,0.09157954985049405,0.03833122563637594,0.0823951990943546,0.09217135824039813,0.046607853482490184,0.12994118681582353,0.008650592627984677,0.07483409490740738,0.020919899857709732,0.01391596600856018,0.12393814903774289,0.12393814903774289,0.06722636000577634,0.17776689196686948,0.17776689196686948,0.11032951741685997,0.2354148165904632,0.11032951741685997,0.054338519446146365,0.04874638016198688
436,24,0.0006247301776283245,0.00010075954794087,0.0016113833382297312,0.09088087657695404,0.007929709908985953,0.2991302485412579,1,False,70,0,0,0,0,10320,8400,10321,10226,10299,9076,10277,10326,9919,10449,9610,10234,9394,9854,10287,10215,10265,10458,10434,10484,10412,9162,10077,10055,0.00018082030333226552,0.00018082030333226552,0.0016113833382297312,0.0006431829412342204,0.0007496872089849663,0.0006507721508694953,0.0005681569290251234,0.0005512989035162468,0.0008611034895881638,0.0009041711851028038,0.00038702722953473466,0.0005815480304634221,0.0002745511363771157,0.0002805401305549068,0.0006785503073801927,0.0006785503073801927,0.0005953402781900912,0.0004235009308887681,0.0004235009308887681,0.0009096601047589831,0.0009096601047589831,0.0007076057353143643,0.0011413327354331151,0.00010075954794087,0.05252216645049359,0.05252216645049359,0.07942791525734674,0.0386269891745872,0.0839479206962862,0.03513695683334461,0.07552893250315838,0.08449041172036495,0.04272386569228267,0.11911275458117157,0.007929709908985953,0.06859792033179009,0.019176574869567253,0.012756302174513498,0.11360996995126431,0.11360996995126431,0.06162416333862831,0.16295298430296368,0.16295298430296368,0.2991302485412579,0.2991302485412579,0.10113539096545496,0.04981030949230083,0.04468418181515464
437,24,0.0006091434544575838,9.651487270427793e-05,0.0015585947928802304,0.08677969241776341,0.007268900749903789,0.2742027278294864,2,False,69,0,0,0,0,10320,8400,10321,10491,10299,9076,10277,10326,9919,10449,9610,10234,9394,9854,10287,10215,10265,10458,10434,10484,10412,9162,10077,10055,0.00017358358704051006,0.00017358358704051006,0.0015585947928802304,0.0006309052777357013,0.0007260462369437369,0.0006216925189951141,0.0005489444228835745,0.0005339951302840222,0.0008243752089389891,0.0008843259807805739,0.0003669261305209887,0.0005607929587254971,0.0002611129817137527,0.0002663294757241989,0.0006626350439387408,0.0006626350439387408,0.00057297269009491,0.00041932324088579025,0.00041932324088579025,0.0009357044141599034,0.0009357044141599034,0.000688598784592432,0.0010948228714141232,9.651487270427793e-05,0.04814531924628579,0.04814531924628579,0.07280892231923451,0.11874140674337161,0.07695226063826235,0.03220887709723256,0.06923485479456185,0.0774495440770012,0.03916354355125911,0.10918669169940727,0.007268900749903789,0.06288142697080758,0.01757852696376998,0.011693276993304039,0.10414247245532561,0.10414247245532561,0.05648881639374261,0.14937356894438336,0.14937356894438336,0.2742027278294864,0.2742027278294864,0.09270744171833371,0.045659450367942424,0.040960499997225085
438,24,0.0005959875711446073,9.235264015751314e-05,0.0015585947928802304,0.08327308236322492,0.00666315902074514,0.3346858338436959,0,False,71,0,0,0,0,10320,8400,10321,10491,10299,9076,10277,10326,9919,10449,9610,10234,9394,9854,10287,10215,10265,10458,10434,10531,10412,9162,10077,10055,0.00016643233739158664,0.00016643233739158664,0.0015585947928802304,0.0006169936731610195,0.000701774342331562,0.0005934254173726663,0.0005294473980598401,0.0005162154451187636,0.000788426856938561,0.0008625150337616628,0.00034780464536656976,0.0005399134485367431,0.00024822144060374524,0.0002527633859102023,0.0006453793971801071,0.0006453793971801071,0.0005506528629376602,0.00041361060149110515,0.00041361060149110515,0.0009804475882539793,0.0009557976496903732,0.0006685223961060659,0.0010489880181578169,9.235264015751314e-05,0.044133209309095305,0.044133209309095305,0.07280892231923451,0.1088462895147573,0.07053957225174048,0.02952480400579651,0.06346528356168168,0.07099541540391777,0.03589991492198752,0.10008780072445667,0.00666315902074514,0.05764130805657361,0.01611364971678915,0.010718837243862035,0.09546393308404848,0.09546393308404848,0.051781415027597394,0.13692577153235141,0.13692577153235141,0.3346858338436959,0.2513525005103625,0.08498182157513924,0.04185449617061389,0.03754712499745633
439,24,0.0005804624958848088,8.828545847530442e-05,0.0015047433104097654,0.0798058810551784,0.006107895769016378,0.30679534769005457,1,False,75,0,0,0,0,10320,8400,10321,10491,10299,9076,10277,10326,9919,10449,9610,10234,9394,9854,10287,10215,10552,10458,10434,10531,10412,9162,10077,10055,0.000159396478557453,0.000159396478557453,0.0015047433104097654,0.0006017188162348982,0.0006770966052355303,0.000566017877695837,0.0005098183152805772,0.0004981264408301534,0.000753357124658451,0.0008391008276568762,0.0003296237011210406,0.0005190489496741657,0.0002358695768486775,0.00023982285075095484,0.0006270470273133764,0.0006270470273133764,0.0005421352971274469,0.00040655584266530923,0.00040655584266530923,0.0010186124708021745,0.0009700936809284016,0.0006476284298615543,0.0010040014705713265,8.828545847530442e-05,0.040455441866670695,0.040455441866670695,0.06674151212596496,0.09977576538852753,0.06466127456409544,0.027064403671980135,0.05817650993154154,0.06507913078692462,0.03290825534515522,0.09174715066408527,0.006107895769016378,0.052837865718525806,0.014770845573723386,0.009825600806873532,0.08750860532704444,0.08750860532704444,0.1307996304419643,0.12551529057132213,0.12551529057132213,0.30679534769005457,0.23040645880116561,0.0779000031105443,0.0383666214897294,0.034418197914334966
440,24,0.0005712925798712233,8.432346164372809e-05,0.0014502857027407282,0.0763395584815081,0.005598904454931679,0.2812290687158833,2,False,77,0,0,0,0,10320,8400,10321,10491,10299,10565,9076,10277,10326,9919,10449,9610,10234,9394,9854,10287,10215,10552,10458,10531,10412,9162,10077,10055,0.0001525008833200097,0.0001525008833200097,0.0014502857027407282,0.0005853331373921703,0.0006522119248807819,0.000553418009470501,0.000553418009470501,0.0004901902944034709,0.0004798754393913961,0.0007192443791369226,0.0008144174048740217,0.000312344556117133,0.0004983198467056646,0.0002240480775328157,0.00022748790027520815,0.0006078793945695315,0.0006078793945695315,0.0005319747618207802,0.0003983462657441783,0.0010500281016091561,0.000978843949480935,0.0006261442522515307,0.0009600058861886546,8.432346164372809e-05,0.03708415504444813,0.03708415504444813,0.06117971944880121,0.0914611182728169,0.05927283501708749,0.10814237003264847,0.10814237003264847,0.05332846743724641,0.05965586988801423,0.030165900733058953,0.0841015547754115,0.005598904454931679,0.04843471024198199,0.013539941775913103,0.00900680073963407,0.08021622154979073,0.08021622154979073,0.11989966123846726,0.11505568302371194,0.2812290687158833,0.21120592056773513,0.0714083361846656,0.035169403032251946,0.03155001475480705
441,24,0.0005484558776311037,8.047459201599976e-05,0.001395623130509848,0.0720676924145923,0.005132329083687373,0.2577933129895597,3,False,79,0,0,0,0,10320,8400,10321,10491,10299,10565,9076,10277,10326,9919,10449,10594,9610,10234,9394,9854,10287,10215,10552,10458,10531,9162,10077,10055,0.00014576588829183374,0.00014576588829183374,0.001395623130509848,0.0005680691628892328,0.0006272943409300982,0.00053961068798499,0.00053961068798499,0.0004706783842485548,0.00046159144453958555,0.0006861490493942772,0.0008091114311157933,0.0008091114311157933,0.0002959290060424525,0.0004778289299645607,0.00021274569718633104,0.0002157378976326619,0.0005880952426048379,0.0005880952426048379,0.0005204134019313376,0.0003891606850629619,0.0010746892506862966,0.0006042730527803759,0.0009171165373370041,8.047459201599976e-05,0.03399380879074412,0.03399380879074412,0.05608140949473444,0.08383935841674882,0.05433343209899686,0.0991305058632611,0.0991305058632611,0.04888442848414254,0.05468454739734638,0.027652075671970706,0.16042642521079387,0.16042642521079387,0.005132329083687373,0.04439848438848349,0.01241161329458701,0.00825623401133123,0.0735315364206415,0.0735315364206415,0.10990802280192832,0.10546770943840261,0.2577933129895597,0.06545764150261013,0.03223861944623095,0.02892084685857313
442,24,0.0005335460795364732,7.67448640946268e-05,0.0013411043762397911,0.0764787180467096,0.004704634993380092,0.23631053690709639,4,False,79,0,0,0,0,10320,8400,10321,10491,10299,10565,9076,10277,10326,9919,10449,10594,9610,10234,9394,9854,10287,10624,10552,10627,10531,9162,10077,10055,0.0001392077871282259,0.0001392077871282259,0.0013411043762397911,0.0005501386870226995,0.0006024946044494577,0.0005248214430214161,0.0005248214430214161,0.0004513809383040815,0.00044338628344693014,0.0006541158414065773,0.0008005630917050516,0.0008005630917050516,0.0002803395516453714,0.00045766291165306143,0.00020194964575755812,0.00020455178860243222,0.0005825365662114987,0.0005825365662114987,0.0005076805275327944,0.0003889459788203545,0.0010927331037389125,0.0005821946342169491,0.0008754243958113746,7.67448640946268e-05,0.031160991391515444,0.031160991391515444,0.05140795870350657,0.07685274521535308,0.04980564609074712,0.090869630374656,0.090869630374656,0.044810726110463994,0.05012750178090084,0.025347736032639814,0.1470575564432277,0.1470575564432277,0.004704634993380092,0.0406986106894432,0.011377312186704758,0.007568214510386961,0.1507372417189214,0.1507372417189214,0.10074902090176763,0.1800120669852024,0.23631053690709639,0.06000283804405929,0.029552067825711705,0.02651077628702537
443,24,0.0005564906510564789,7.313860820873917e-05,0.0012870295243308887,0.0928404391853549,0.006937529967854714,0.2999513254981717,5,False,81,0,0,0,0,10320,8400,10321,10491,10636,10565,9076,10277,10326,9919,10449,10594,10234,9394,9854,10287,10624,10650,10627,10652,10531,9162,10077,10055,0.00013283929583711757,0.00013283929583711757,0.0012870295243308887,0.0005317326012557583,0.0005928469729729779,0.0005092578404265354,0.0005092578404265354,0.00043238103823804735,0.00042535586507195595,0.0006231757743776694,0.0007891445584718224,0.0007891445584718224,0.00043789394055476663,0.00019164592582940232,0.00019390831295055858,0.0005748199074819401,0.0005748199074819401,0.0005067302591680713,0.0003869536633950938,0.001132897183550825,0.001132897183550825,0.0005600665465492773,0.0008349990209158058,7.313860820873917e-05,0.028564242108889155,0.028564242108889155,0.04712396214488102,0.07044834978074033,0.1289885089165182,0.083297161176768,0.083297161176768,0.04107649893459199,0.04595020996582577,0.023235424696586494,0.13480276007295872,0.13480276007295872,0.03730705979865626,0.010429202837812694,0.006937529967854714,0.13817580490901127,0.13817580490901127,0.175686602493287,0.16501106140310218,0.2999513254981717,0.2999513254981717,0.05500260154038768,0.027089395506902394,0.024301544929773253
444,24,0.0005654008349951231,6.965869358288399e-05,0.0012336538627755113,0.09531687136596655,0.006359402470533488,0.2749553817066574,6,False,83,0,0,0,0,10657,10321,10491,10636,10565,9076,10277,10326,9919,10665,10449,10594,10234,9394,9854,10287,10624,10650,10627,10652,10531,9162,10077,10055,0.000129936794451255,0.0012336538627755113,0.0005130212355463077,0.00058144098560823,0.0004931087871493592,0.0004931087871493592,0.0004137479201975334,0.00040758149728591716,0.0006086504313785277,0.0006086504313785277,0.0007752233802427303,0.0007752233802427303,0.00041858108043428977,0.00018181962425518466,0.00018378618224557997,0.0005652133391170405,0.0005652133391170405,0.000503524207388759,0.00038335742305671636,0.0011656009835306722,0.0011656009835306722,0.0005380254562552868,0.0007958912339628411,6.965869358288399e-05,0.1095172219331484,0.04319696529947427,0.06457765396567863,0.11823946650680835,0.076355731078704,0.076355731078704,0.03765345735670932,0.04212102580200695,0.10463247263853763,0.10463247263853763,0.12356919673354548,0.12356919673354548,0.03419813814876824,0.009560102601328302,0.006359402470533488,0.126661154499927,0.126661154499927,0.16104605228551308,0.15126013961951032,0.2749553817066574,0.2749553817066574,0.050419051412022034,0.024831945881327193,0.02227641618562548
445,24,0.0005622312620883838,6.801677576245019e-05,0.001190882024760607,0.10198596529743144,0.005829452264655697,0.2520424332311026,7,False,84,0,0,0,0,10657,10321,10491,10636,10565,9076,10277,10326,9919,10449,10690,10691,10234,9394,9854,10287,10624,10650,10627,10652,10531,9162,10077,10703,0.00012674377676490128,0.0011811918609852905,0.0004941550854652356,0.0005685401433710109,0.0004765444163092154,0.0004765444163092154,0.00039553836998594934,0.00039013121754877196,0.0005928819600252998,0.0007787339379617434,0.0007787339379617434,0.0007787339379617434,0.00039977172686471804,0.0001724551630751542,0.00017416422829599402,0.0005539777629285006,0.0005539777629285006,0.0004982908984847998,0.0003783346277388488,0.001190882024760607,0.001190882024760607,0.0005161886620434329,0.000758135571827478,6.801677576245019e-05,0.1003907867720527,0.039597218191184745,0.059196182801872076,0.10838617763124098,0.069992753488812,0.069992753488812,0.03451566924365021,0.03861094031850637,0.09591309991865948,0.19660509700575002,0.19660509700575002,0.19660509700575002,0.031348293303037546,0.008763427384550944,0.005829452264655697,0.11610605829159973,0.11610605829159973,0.14762554792838697,0.13865512798455112,0.2520424332311026,0.2520424332311026,0.04621746379435353,0.02276261705788326,0.10375338150349003
446,24,0.0005538465845528014,6.623833508660843e-05,0.0012089278505188349,0.09709684741914265,0.005343664575934389,0.26355467225527085,0,False,87,0,0,0,0,10657,10321,10491,10636,10565,9076,10277,10326,9919,10449,10690,10715,10234,9394,9854,10287,10624,10650,10627,10652,10531,9162,10077,10703,0.00012331359984945882,0.0011811918609852905,0.0004752658172945852,0.0005543933946683408,0.00045971642345753243,0.00045971642345753243,0.00037779806248103363,0.0003730611027643239,0.0005761132850784395,0.0007783540674953387,0.0007783540674953387,0.0007984277514500004,0.0003815029451276117,0.00016353651422947727,0.00016502152595110646,0.0005413626776958182,0.0005413626776958182,0.0004912618607367084,0.00037206172997354637,0.0012089278505188349,0.0012089278505188349,0.0004946556858884879,0.0007217525193671659,6.623833508660843e-05,0.09202488787438164,0.039597218191184745,0.05426316756838273,0.0993539961619709,0.064160024031411,0.064160024031411,0.031639363473346026,0.03539336195863084,0.08792034159210452,0.1802213389219375,0.1802213389219375,0.26355467225527085,0.028735935527784414,0.008033141769171697,0.005343664575934389,0.10643055343396642,0.10643055343396642,0.13532341893435473,0.12710053398583854,0.2310388971285107,0.2310388971285107,0.0423660084781574,0.020865732303059655,0.09510726637819919
447,24,0.0005421136688522439,6.435036849590074e-05,0.0012200485109063208,0.08900544346754742,0.004898359194606523,0.24159178290066494,1,False,88,0,0,0,0,10657,10321,10491,10636,10565,9076,10277,10326,9919,10449,10690,10715,10234,9394,9854,10287,10624,10650,10627,10652,10531,9162,10077,10703,0.00011969545438979,0.001129821112136141,0.00045646746118296243,0.0005392327501917144,0.0004427587416961136,0.0004427587416961136,0.0003605628282561846,0.0003564165330554812,0.0005585670124001248,0.000774412460817018,0.000774412460817018,0.0008131443443460948,0.00036380271817836735,0.00015504738222404582,0.00015633749361135398,0.0005276030977566593,0.0005276030977566593,0.00048266596887597995,0.00036471059323347533,0.0012200485109063208,0.0012200485109063208,0.00047350988367933733,0.0006867505258446745,6.435036849590074e-05,0.08435614721818316,0.036297450008586016,0.04974123693768417,0.09107449648180665,0.05881335536212674,0.05881335536212674,0.029002749850567187,0.032443915128744935,0.08059364645942914,0.16520289401177604,0.16520289401177604,0.24159178290066494,0.026341274233802378,0.007363713288407389,0.004898359194606523,0.09756134064780254,0.09756134064780254,0.12404646735649183,0.11650882282035199,0.2117856557011348,0.2117856557011348,0.03883550777164428,0.019126921277804684,0.0871816608466826
448,24,0.0005123529444699405,6.237758788287758e-05,0.001224649473314188,0.0804374268406445,0.004490162595055979,0.19413685105937356,0,False,88,0,0,0,0,10657,10321,10491,10636,10565,9076,10277,10326,9919,10449,10690,10764,10234,9394,9854,10287,10624,10650,10627,10652,10531,9162,10077,10703,0.00011593417964837063,0.001129821112136141,0.0004378577189629898,0.0005232718049079867,0.0004257884600081732,0.0004257884600081732,0.00034385983648347864,0.00034023339170738957,0.000540444919615181,0.0007672565098339995,0.0007672565098339995,0.00035563223206479326,0.00035563223206479326,0.00014697135854478246,0.00014809197442780715,0.0005129174651195722,0.0005129174651195722,0.0004727249790103314,0.00035644567591292474,0.001224649473314188,0.001224649473314188,0.0004528200330771919,0.0006531278142796688,6.237758788287758e-05,0.07732646828333456,0.036297450008586016,0.045596133859543815,0.08348495510832277,0.05391224241528285,0.05391224241528285,0.02658585402968659,0.029740255534682857,0.07387750925447671,0.15143598617746137,0.15143598617746137,0.10747950138098553,0.10747950138098553,0.00675007051437344,0.004490162595055979,0.08943122892715233,0.08943122892715233,0.11370926174345083,0.10679975425198933,0.19413685105937356,0.19413685105937356,0.03559921545734059,0.01753301117132096,0.07991652244279238
449,24,0.0004984064879220807,6.0342370140852856e-05,0.0012232061423864066,0.07373430793725745,0.004115982378801314,0.1779587801377591,1,False,89,0,0,0,0,10657,10321,10491,10636,10565,9076,10277,10326,9919,10449,10690,10764,10234,9394,9854,10287,10624,10650,10627,10652,10531,9162,10077,10703,0.00011207021882788737,0.0010796861571459998,0.00041951932804169974,0.0005067050072362448,0.00040890690515667157,0.00040890690515667157,0.0003277086880256274,0.0003245391895993546,0.0005219280343128964,0.0007572411179740401,0.0007572411179740401,0.00034669512710679135,0.00034669512710679135,0.0001392920512635274,0.00014026530083404904,0.0004975063969634745,0.0004975063969634745,0.00046165014671939534,0.0003474219762485324,0.0012232061423864066,0.0012232061423864066,0.0004326418673447005,0.0006208739952144001,6.0342370140852856e-05,0.07088259592639001,0.03327266250787051,0.04179645603791516,0.07652787551596253,0.04941955554734261,0.04941955554734261,0.024370366193879372,0.02726190090679262,0.06772105014993698,0.1388163206626729,0.1388163206626729,0.09852287626590339,0.09852287626590339,0.006187564638175653,0.004115982378801314,0.0819786265165563,0.0819786265165563,0.1042334899314966,0.09789977473099021,0.1779587801377591,0.1779587801377591,0.03263261416922888,0.01607192690704421,0.07325681223922634
450,24,0.00048494666925100513,5.826477146216676e-05,0.0012162407847780543,0.07106200449804155,0.0037729838472345375,0.16312888179294582,2,False,90,0,0,0,0,10657,10801,10491,10636,10565,9076,10277,10326,9919,10449,10690,10764,10234,9394,9854,10287,10624,10650,10627,10652,10531,9162,10077,10703,0.00010813968414681242,0.0010574890078134884,0.00040152143570694855,0.0004897075273741869,0.00039220082224846495,0.00039220082224846495,0.00031212241635837027,0.0003093541072687432,0.0005031771636140556,0.0007447194632845606,0.0007447194632845606,0.0003371357842444664,0.0003371357842444664,0.00013199319294053625,0.0001328383447468102,0.00048155211748103163,0.00048155211748103163,0.00044963980050131367,0.00033778363493316364,0.0012162407847780543,0.0012162407847780543,0.00041301953311404,0.0005899714979703332,5.826477146216676e-05,0.06497571293252417,0.11383327396554797,0.03831341803475556,0.07015055255629898,0.04530125925173072,0.04530125925173072,0.022339502344389424,0.024990075831226567,0.0620776293041089,0.1272482939407835,0.1272482939407835,0.09031263657707811,0.09031263657707811,0.005671934251661015,0.0037729838472345375,0.07514707430684327,0.07514707430684327,0.09554736577053854,0.08974146017007435,0.16312888179294582,0.16312888179294582,0.02991322965512647,0.014732599664790525,0.06715207788595748
451,24,0.00047083866553841014,5.616259083014222e-05,0.001204302322287453,0.06514017078987143,0.0034585685266316593,0.14953480831020033,3,False,88,0,0,0,0,10657,10801,10491,10636,10565,9076,10277,10326,9919,10449,10690,10764,10234,9394,9854,10287,10624,10650,10627,10652,10531,9162,10077,10703,0.0001041745047736442,0.0010327504041767908,0.0003839209492445124,0.000472435592073832,0.0003757436022441007,0.0003757436022441007,0.0002971083967838438,0.00029469195150262227,0.0004843337574678391,0.0007300356270363996,0.0007300356270363996,0.00032708697521295887,0.00032708697521295887,0.00012505872960935662,0.00012579255549375563,0.00046521843525735326,0.00046521843525735326,0.00043687773474058387,0.00032766309131327526,0.001204302322287453,0.001204302322287453,0.0003939869575202862,0.00056039683331483,5.616259083014222e-05,0.05956107018814716,0.10434716780175231,0.03512063319852593,0.0643046731766074,0.041526154314086496,0.041526154314086496,0.02047787714902364,0.022907569511957687,0.05690449352876649,0.1166442694457182,0.1166442694457182,0.08278658352898827,0.08278658352898827,0.005199273064022597,0.0034585685266316593,0.06888481811460632,0.06888481811460632,0.08758508528966033,0.08226300515590149,0.14953480831020033,0.14953480831020033,0.027420460517199263,0.013504883026057981,0.06155607139546102
452,24,0.00045622782171067755,5.4051469728935397e-05,0.0011879491894457863,0.059711823224048804,0.0031703544827456874,0.1370735742843503,4,False,89,0,0,0,0,10657,10801,10491,10636,10565,9076,10277,10326,9919,10449,10690,10764,10234,9394,9854,10287,10624,10650,10627,10652,10531,9162,10077,10703,0.00010020263467988807,0.001005914272514579,0.0003667638365210302,0.0004550271700853328,0.0003595965161862569,0.0003595965161862569,0.0002826691664615263,0.000280561026206793,0.00046552100637540643,0.0007135189368828322,0.0007135189368828322,0.0003166694445124338,0.0003166694445124338,0.00011847289333197195,0.00011910998727632195,0.0004486511425002684,0.0004486511425002684,0.0004235322874775007,0.0003171806935546192,0.0011879491894457863,0.0011879491894457863,0.0003755691160560122,0.0005321217017311887,5.4051469728935397e-05,0.054597647672468226,0.09565157048493961,0.032193913765315434,0.058945950411890116,0.03806564145457929,0.03806564145457929,0.018771387386605002,0.02099860538596121,0.05216245240136928,0.10692391365857501,0.10692391365857501,0.07588770156823924,0.07588770156823924,0.004766000308687381,0.0031703544827456874,0.06314441660505579,0.06314441660505579,0.08028632818218863,0.07540775472624303,0.1370735742843503,0.1370735742843503,0.02513542214076599,0.012379476107219815,0.056426398779172604
453,24,0.00044225089647396645,5.1945017141172296e-05,0.001167735247954865,0.06515250462204474,0.002906158275850213,0.15289705977088597,5,False,94,0,0,0,0,10657,10801,10491,10636,10565,9076,10878,10326,9919,10449,10690,10883,10234,9394,9854,10287,10624,10650,10627,10652,10531,10893,10077,10703,9.624830124851083e-05,0.0009773920702015888,0.00035008635930527243,0.00043760290963471666,0.0003438099257266591,0.0003438099257266591,0.0002757355694238168,0.00026696491941302695,0.0004468450915239805,0.0006954798354266402,0.0006954798354266402,0.00031388336206791985,0.00030599185855074453,0.00011222026053690777,0.00011277331775084685,0.00043197872876805547,0.00043197872876805547,0.00040975597560528746,0.000306444671104992,0.001167735247954865,0.001167735247954865,0.00036701039477503056,0.0005051139613389428,5.1945017141172296e-05,0.05004784369976254,0.0876806062778613,0.02951108761820581,0.054033787877565936,0.03489350466669768,0.03489350466669768,0.10054043843772126,0.019248721603797776,0.04781558136792184,0.09801358752036042,0.09801358752036042,0.15289705977088597,0.06956372643755263,0.004368833616296765,0.002906158275850213,0.05788238188796781,0.05788238188796781,0.07359580083367291,0.06912377516572278,0.1256507764273211,0.1256507764273211,0.10637413696236883,0.01134785309828483,0.05172419888090822
454,24,0.0004278820820081508,4.9854950824917364e-05,0.0011441986049506234,0.05972312923687434,0.0026639784195293618,0.14015563812331214,6,False,96,0,0,0,0,10657,10801,10491,10636,10565,9076,10878,10326,9919,10449,10690,10883,10234,9394,9854,10287,10624,10650,10627,10652,10531,10893,10077,10703,9.233227897271851e-05,0.0009475607058702905,0.00033391622775274854,0.0004202672457536325,0.0003284244477372196,0.0003284244477372196,0.0002682843434725279,0.0002539032097920507,0.0004283965210517442,0.0006762070677032242,0.0006762070677032242,0.0003099128834429376,0.000295151039756593,0.00010628579810085204,0.00010676585911059615,0.00041531331817237554,0.00041531331817237554,0.000395685571367074,0.00029555138767943935,0.0011441986049506234,0.0011441986049506234,0.00035767659905754334,0.00047933846906306643,4.9854950824917364e-05,0.04587719005811566,0.08037388908803952,0.02705183031668866,0.04953097222110211,0.03198571261113954,0.03198571261113954,0.09216206856791115,0.01764466147014796,0.043830949587261685,0.08984578856033038,0.08984578856033038,0.14015563812331214,0.06376674923442324,0.0040047641482720345,0.0026639784195293618,0.053058850063970486,0.053058850063970486,0.06746281743086684,0.06336346056857921,0.115179878391711,0.115179878391711,0.09750962554883809,0.01040219867342776,0.04741384897416587
455,24,0.00041444721028371993,4.7791247605609434e-05,0.0011466824208963236,0.05821842402269036,0.0024419802179019147,0.18891488852573507,7,False,98,0,0,0,0,10657,10801,10491,10636,10565,9076,10878,10326,9919,10449,10690,10883,10234,9394,9854,10287,10624,10650,10627,10939,10531,10893,10077,10703,8.847217571986592e-05,0.0009167617096205354,0.0003182736693555775,0.0004031096104549376,0.0003134720575318279,0.0003134720575318279,0.0002604226162029476,0.00024137209706231826,0.0004102515000926602,0.0006559659791877294,0.0006559659791877294,0.0003049025560887013,0.0002842324141147483,0.00010065489890492843,0.00010107156287278122,0.00039875175456035,0.00039875175456035,0.0003814425173621138,0.00028458580372018173,0.0011466824208963236,0.0011178530866558282,0.0003477157695245951,0.0004547578079948092,4.7791247605609434e-05,0.04205409088660602,0.07367606499736956,0.02479751112363127,0.04540339120267693,0.029320236560211245,0.029320236560211245,0.08448189618725188,0.0161742730143023,0.04017837045498988,0.08235863951363617,0.08235863951363617,0.12847600161303613,0.05845285346488797,0.003671033802582698,0.0024419802179019147,0.04863727922530628,0.04863727922530628,0.061840915978294594,0.05808317218786427,0.18891488852573507,0.10558155519240174,0.08938382341976825,0.009535348783975446,0.043462694892985376
456,24,0.00040268198641548857,4.5762296958567166e-05,0.0011436570049192323,0.06725577757635505,0.0022384818664100883,0.20110300147861646,8,False,100,0,0,0,0,10657,10801,10491,10636,10565,9076,10950,10326,9919,10954,10690,10955,10234,9394,9854,10287,10624,10650,10627,10939,10531,10893,10077,10703,8.468272178240587e-05,0.0008853013932196178,0.0003031724094474125,0.00038620569232491184,0.0002989771206622431,0.0002989771206622431,0.000258753512425431,0.0002293649613252985,0.00039247329429222845,0.0006513742611110695,0.0006513742611110695,0.0003067045238557054,0.0002733106113048992,9.53134083892774e-05,9.56750194163631e-05,0.00038237677340161014,0.00038237677340161014,0.0003671335913591406,0.00027362208803801037,0.0011436570049192323,0.0010891820642524972,0.00033726385721382556,0.00043133291309705704,4.5762296958567166e-05,0.03854958331272219,0.06753639291425542,0.022731051863328664,0.04161977526912052,0.026876883513526975,0.026876883513526975,0.16077507150498088,0.014826416929777106,0.03683017291707405,0.1588287528874998,0.1588287528874998,0.20110300147861646,0.053581782342813966,0.0033651143190341396,0.0022384818664100883,0.04458417262319742,0.04458417262319742,0.05668750631343671,0.05324290783887558,0.17317198114859048,0.0967830922597016,0.08193517146812089,0.008740736385310826,0.03984080365190326
457,24,0.00037671205572177937,4.377505348621103e-05,0.0011356210259644828,0.07048724686632192,0.002051941710875914,0.18434441802206508,9,False,100,0,0,0,0,10657,10801,10491,10636,10565,10972,9076,10950,10326,9919,10954,10955,9394,9854,10287,10624,10650,10627,10986,10939,10531,10893,10077,10703,8.097605428882514e-05,0.0008534517700243306,0.0002886205632275274,0.0003696187039480947,0.0002923063728563214,0.0002923063728563214,0.0002849573475550399,0.00025604475927765705,0.00021787285670287534,0.00037511355668246564,0.000644204086558781,0.00030694136216324945,9.024764344292499e-05,9.056145317650235e-05,0.0003662582117583387,0.0003662582117583387,0.00035285174611106545,0.00026949996625186636,0.00026949996625186636,0.0011356210259644828,0.00105863430556302,0.0003264443408764111,0.00040902360654018814,4.377505348621103e-05,0.035337118036662,0.0619083601714008,0.020836797541384608,0.038151460663360476,0.1079704765540664,0.1079704765540664,0.02463714322073306,0.1473771488795658,0.013590882185629014,0.03376099184065121,0.14559302348020817,0.18434441802206508,0.0030846881257812946,0.002051941710875914,0.04086882490459764,0.04086882490459764,0.05196354745398365,0.13213933218563595,0.13213933218563595,0.15874098271954126,0.08871783457139312,0.07510724051244415,0.008012341686534924,0.03652073668091132
458,24,0.0003651588226777731,4.183518501704243e-05,0.001123092766803872,0.08347953669544957,0.001880946568302921,0.21842905313960198,10,False,99,0,0,0,0,10657,10801,10491,10636,10565,10998,10950,10999,10326,9919,10954,10955,9394,9854,10287,10624,11008,10627,11010,10939,10531,10893,10077,10703,7.736199152017368e-05,0.00082145203585756,0.000274621441388501,0.0003534006256933122,0.00028499984872416286,0.0002784246872771744,0.00025892512448497215,0.00025892512448497215,0.00020688494477262808,0.00035821359627677445,0.0006347552886096761,0.0003057398805974277,8.54444047987318e-05,8.571671427815005e-05,0.00035045421870217474,0.00035045421870217474,0.00034741151453966505,0.0002645483302592383,0.0002713710087729459,0.001123092766803872,0.0010266215260269777,0.00031536821362484937,0.00038778905305339716,4.183518501704243e-05,0.0323923582002735,0.056749330157117396,0.01910039774626922,0.0349721722747471,0.09897293684122753,0.10591738128567198,0.21842905313960198,0.21842905313960198,0.012458308670159929,0.030947575853930275,0.13346027152352416,0.168982383186893,0.0028276307819661865,0.001880946568302921,0.03746308949588117,0.03746308949588117,0.13096658516615167,0.12112772117016628,0.2044610545034996,0.14551256749291283,0.0813246816904437,0.0688483038030738,0.0073446465459903465,0.033477341957502044
459,24,0.0003550100826742309,3.994721398470388e-05,0.0011065949802832474,0.07999513085971766,0.0017242010209443442,0.20022663204463514,11,False,100,0,0,0,0,10657,10801,10491,10636,10565,10998,10950,10999,10326,9919,10954,10955,9394,9854,11030,10624,11008,10627,11010,10939,10531,10893,10077,10703,7.384829330251663e-05,0.0007895104431647333,0.0002611742729395499,0.00033759340285533293,0.00027717655349774445,0.00027130908837608413,0.00026038563130374075,0.00026038563130374075,0.00019638887325026323,0.0003418055736571094,0.0006233232410702557,0.0003032355315192541,8.089098395408633e-05,8.112726728280701e-05,0.000343652379624524,0.0003350124378811136,0.0003409163751308814,0.0002588879595783758,0.0002718361219657567,0.0011065949802832474,0.0009935173283472931,0.0003041342551351589,0.0003675881447732674,3.994721398470388e-05,0.029692995016917377,0.052020219310690945,0.01750869793408012,0.032057824585184844,0.09072519210445856,0.0970909328451993,0.20022663204463514,0.20022663204463514,0.011420116280979935,0.028368611199436084,0.12233858222989714,0.15490051792131856,0.0025919948834690044,0.0017242010209443442,0.11767449870455775,0.034341165371224405,0.12005270306897237,0.11103374440598575,0.18742263329487463,0.13338652020183675,0.07454762488290673,0.06311094515281765,0.006732592667157818,0.030687563461043538
460,24,0.00034514101805067514,3.909762403762107e-05,0.0010866425747772667,0.08374553662140787,0.0015805176025323155,0.18354107937424888,12,False,100,0,0,0,0,10657,10801,10491,10636,10565,10998,10950,10999,10326,9919,10954,10955,9394,9854,11030,11055,11008,10627,11010,10939,10531,11061,10077,11063,7.044090495963313e-05,0.0007578064300586933,0.000248274849834961,0.00032223008010409914,0.00026894599009084767,0.00026372255275864624,0.00026052274504299037,0.00026052274504299037,0.0001863711052020367,0.0003259136143617726,0.0006101933080256615,0.0002995677994492968,7.657516550546657e-05,7.678017762733615e-05,0.00033597435141353337,0.0003282231697463134,0.00033352156645061106,0.0002526334321726496,0.00027100561159715226,0.0010866425747772667,0.000959657246225377,0.0003003815645422629,0.000348379824188985,3.909762403762107e-05,0.027218578765507595,0.04768520103480003,0.016049639772906774,0.029386339203086104,0.083164759429087,0.08900002177476603,0.18354107937424888,0.18354107937424888,0.010468439924231606,0.026004560266149744,0.11214370037740572,0.14199214142787533,0.0023759953098465873,0.0015805176025323155,0.10786829047917793,0.11481273492362237,0.110048311146558,0.1017809323721536,0.17180408052030174,0.12227097685168369,0.06833532280933116,0.1411850330567495,0.0061715432782279995,0.11146359983928991
461,24,0.00033485064291517876,3.815765038433508e-05,0.001063732952966914,0.0767667419029572,0.0014488078023212891,0.1682459894263948,13,False,100,0,0,0,0,10657,10801,10491,10636,10565,10998,10950,10999,10326,9919,10954,10955,9394,9854,11030,11055,11008,10627,11010,10939,10531,11061,10077,11063,6.714418335327108e-05,0.000726492892492462,0.00023591609864853866,0.00030733586280806024,0.0002604077981338578,0.0002557678776668111,0.00025944457905816823,0.00025944457905816823,0.0001768172038207688,0.00031055483523112157,0.0005956366714970133,0.00029487636265888975,7.248522566758207e-05,7.266309625045122e-05,0.0003275669217933029,0.0003206327584797834,0.0003253741306617543,0.00024589191834232865,0.00026899828992923394,0.001063732952966914,0.0009253396392654561,0.0002956105488580218,0.00033012335293799647,3.815765038433508e-05,0.02495036386838196,0.043711434281900025,0.014712169791831209,0.026937477602828927,0.07623436280999642,0.08158335329353553,0.1682459894263948,0.1682459894263948,0.009596069930545638,0.02383751357730393,0.1027983920126219,0.1301594629755524,0.002177995700692705,0.0014488078023212891,0.09887926627257976,0.1052450070133205,0.10087761855101149,0.09329918800780747,0.1574870738102766,0.11208172878071004,0.06264071257522023,0.1294196136353537,0.005657248005042333,0.10217496651934908
462,24,0.000324956905734363,3.810144205483767e-05,0.0010383387516133774,0.08078618007771075,0.001328073818794515,0.17980792309554378,14,False,100,0,0,0,0,10657,10801,10491,10636,10565,10998,10950,10999,10326,9919,10954,10955,9394,9854,11102,11103,11008,10627,11010,10939,10531,11061,10077,11111,6.396110434957327e-05,0.0006956985113523021,0.0002240885848679141,0.00029292909924442327,0.0002516516981859307,0.0002475383804892363,0.00025726637106773944,0.00025726637106773944,0.00016771207749610161,0.0002957402822123281,0.0005799073690041059,0.00028929800174109236,6.860992764410763e-05,6.876424282980002e-05,0.00032678260490536404,0.00032043587165457224,0.00031661141750445295,0.000238762405675502,0.00026593726356074647,0.0010383387516133774,0.0008908272200140373,0.00028995820568176734,0.0003127785334076597,3.810144205483767e-05,0.02287116687935013,0.04006881475840835,0.013486155642511941,0.02469268780259318,0.06988149924249672,0.07478474051907423,0.15422549030752855,0.15422549030752855,0.008796397436333502,0.021851054112528603,0.09423185934490341,0.11931284106092302,0.001996496058968313,0.001328073818794515,0.17397266074986478,0.17980792309554378,0.09247115033842719,0.0855242556738235,0.14436315099275354,0.10274158471565087,0.05742065319395188,0.11863464583240756,0.005185810671288805,0.17699371930940333
463,24,0.00031544181978365114,3.7874240271238e-05,0.0010109026888980761,0.08099844284901264,0.0012174010005616387,0.2481572628375818,15,False,100,0,0,0,0,10657,10801,10491,10636,10565,10998,10950,10999,10326,9919,10954,10955,9394,9854,11126,11127,11008,10627,11010,10939,10531,11061,10077,11111,6.089345166702425e-05,0.000665530066611831,0.00021278095548918008,0.00027902218115890377,0.0002427576732000158,0.000239117900774045,0.000254106602360741,0.000254106602360741,0.0001590401895754273,0.0002814757806313564,0.0005632403646169924,0.00028296420121392554,6.493851442567772e-05,6.507238798920561e-05,0.0003329295792864456,0.00032699747287455395,0.00030736013503205966,0.0002313352816453086,0.0002619464054198842,0.0010109026888980761,0.0008563490278056776,0.0002835560821454298,0.0002963058893538853,3.7874240271238e-05,0.02096523630607095,0.03672974686187432,0.012362309338969278,0.022634963819043747,0.06405804097228865,0.06855267880915138,0.1413733661152345,0.1413733661152345,0.008063364316639043,0.020030132936484552,0.08637920439949479,0.1093701043058461,0.00183012138738762,0.0012174010005616387,0.24280827235404273,0.2481572628375818,0.08476522114355825,0.07839723436767154,0.13233288841002408,0.09417978598934662,0.05263559876112255,0.10874842534637359,0.004753659782014737,0.16224424270028637
464,24,0.0003059546139452762,3.846012624904434e-05,0.0009818342117210686,0.08119301705603936,0.001115950917181502,0.2320572224752625,16,False,100,0,0,0,0,10657,10801,10491,10636,10565,10998,11142,10999,10326,9919,10954,10955,9394,9854,11126,11127,11008,10627,11010,10939,10531,11061,10077,11159,5.794198751723042e-05,0.0006360746879085885,0.00020198032553145418,0.0002656223627520817,0.00023379632804213866,0.00023058101620271516,0.0002565334109777525,0.0002500837721639378,0.00015078573686343592,0.00026776270076156477,0.0005458504800369459,0.00027599937264137026,6.146069951056e-05,6.157683478053759e-05,0.0003371015556235002,0.0003315915360038238,0.0002977358527774991,0.00022369220519199865,0.00025714749470092047,0.0009818342117210686,0.0008221026960048462,0.000276528529663517,0.0002806668110600972,3.846012624904434e-05,0.01921813328056504,0.03366893462338479,0.011332116894055172,0.020748716834123434,0.05871987089126459,0.06283995557505542,0.21292558560563163,0.1295922522722983,0.007391417290252456,0.018360955191777505,0.07918093736620355,0.10025592894702558,0.0016776112717719848,0.001115950917181502,0.2225742496578725,0.22747749093444997,0.0777014527149284,0.07186413150369891,0.12130514770918874,0.0863314704902344,0.048249298864362335,0.09968605656750912,0.004357521466846842,0.2320572224752625
465,24,0.0002968297587498634,3.8824984751264066e-05,0.0009515076406078205,0.08137137674581386,0.0010229550074163768,0.2918543666899125,17,False,100,0,0,0,0,10657,10801,10491,10636,10565,11165,11142,10999,10326,9919,10954,10955,9394,9854,11126,11175,11008,10627,11010,10939,10531,11061,10077,11159,5.5106605775022725e-05,0.000607402005203902,0.00019167261390998103,0.0002527325000951478,0.00022482937668434028,0.0002277186087156658,0.00025758306151948886,0.0002453138042748126,0.00014293280055813006,0.00025459864278618813,0.0005279320227526515,0.0002685196190003297,5.8166655973086686e-05,5.826739969687566e-05,0.0003393968528360558,0.000342929904361027,0.00028784286947007874,0.00021590620522846302,0.00025165798099318433,0.0009515076406078205,0.0007882568883844464,0.00026899149648883946,0.00026582366992991996,3.8824984751264066e-05,0.017616622173851286,0.030863190071436057,0.010387773819550574,0.01901965709794648,0.05382654831699254,0.1409366259438008,0.19518178680516232,0.11879289791627343,0.0067754658493980845,0.016830875592462713,0.07258252591901991,0.09190126820144011,0.0015378103324576527,0.0010229550074163768,0.20402639551971646,0.2918543666899125,0.07122633165535103,0.06587545387839067,0.11119638540008968,0.07913718128271487,0.0442285239589988,0.09137888518688335,0.003994394677942938,0.21271912060232395
466,24,0.0002874868220718398,3.8981589505352165e-05,0.000920261528256762,0.0745904286836627,0.0009377087567983454,0.2675331694657531,18,False,100,0,0,0,0,10657,10801,10491,10636,10565,11165,11142,10999,10326,9919,10954,10955,9394,9854,11126,11175,11008,10627,11010,10939,10531,11061,10077,11159,5.2386468634790394e-05,0.0005795661748456642,0.0001818428338428158,0.00024035171434416247,0.00021591021513447074,0.00022408612035403172,0.00025735479399547956,0.00023990803920993935,0.00013546547297855745,0.00024197804608022498,0.0005096589634579348,0.0002606319578803109,5.504700424340964e-05,5.513439343222233e-05,0.00033993717004616834,0.0003520301257623603,0.0002777743661173971,0.0002080419515341973,0.00024558931157827706,0.000920261528256762,0.0007549538062525815,0.00026105177540307453,0.00025173990683397077,3.8981589505352165e-05,0.016148570326030346,0.028291257565483053,0.009522126001254693,0.017434685673117605,0.04934100262390982,0.12919190711515072,0.1789166379047321,0.10889348975658397,0.006210843695281577,0.015428302626424154,0.06653398209243491,0.08424282918465344,0.001409659471419515,0.0009377087567983454,0.18702419589307342,0.2675331694657531,0.0652908040174051,0.06038583272185811,0.1019300199500822,0.07254241617582195,0.040542813629082235,0.0837639780879764,0.0036615284547810265,0.19499252721879695
467,24,0.00027827585127172214,3.894497987574009e-05,0.0008883989741954642,0.07184678184891302,0.0008595663603984833,0.24523873867694035,19,False,100,0,0,0,0,10657,10801,10491,10636,10565,11165,11142,10999,10326,9919,10954,10955,9394,9854,11126,11175,11224,10627,11010,10939,10531,11061,10077,11159,4.978012784780461e-05,0.0005526077656862018,0.0001724753426493835,0.00022847598304110735,0.00020708454594299232,0.00021978737120738491,0.0002559579885146956,0.0002339717506288962,0.0001283679631107966,0.00022989272822213148,0.0004911855324517881,0.00025243392365594273,5.209279890846648e-05,5.216860156723615e-05,0.00033886077943703045,0.00035891847012214814,0.00027451448533400113,0.00020015615128078637,0.0002390457517885762,0.0008883989741954642,0.0007223116903567309,0.0002528066266830613,0.00023838009801296575,3.894497987574009e-05,0.014802856132194482,0.025933652768359464,0.008728615501150136,0.015981795200357803,0.04522925240525067,0.11842591485555481,0.16400691807933776,0.09981903227686864,0.005693273387341445,0.014142610740888807,0.060989483584732,0.07722259341926564,0.001292187848801222,0.0008595663603984833,0.1714388462353173,0.24523873867694035,0.14318323701595467,0.0553536799950366,0.09343585162090869,0.06649721482783678,0.03716424582665871,0.07678364658064504,0.003356401083549274,0.17874314995056387
468,24,0.0002430509098538432,3.873172200630353e-05,0.0007082333198414033,0.08240834313008538,0.0007879358303652763,0.22480217712052863,20,False,100,0,0,0,0,10657,10801,10491,10636,10565,11236,11237,11142,10999,11240,9919,10954,10955,9394,9854,11126,11175,11224,10627,11010,11252,11061,10077,11159,4.728563170918806e-05,0.0005265554972342881,0.00016355405545192276,0.000217098664357401,0.00020350751447348523,0.00020350751447348523,0.00022046483713898023,0.00025350787584745834,0.0002276031176849331,0.0001247613737413893,0.00021833235936728908,0.0004726471230225782,0.00024401347442449173,4.9295514797301245e-05,4.936126532959457e-05,0.0003363164520345881,0.00036366359783203503,0.00027030556409573516,0.00019229803199442882,0.00023212362544849333,0.0007082333198414033,0.00024434370231224325,0.00022571000187322028,3.873172200630353e-05,0.013569284787844941,0.023772515037662843,0.008001230876054291,0.01464997893366132,0.12479348137147979,0.12479348137147979,0.19189042195092526,0.1503396749060596,0.09150077958712959,0.08855216727172967,0.01296405984581474,0.05590702661933767,0.0707873773009935,0.0011845055280677867,0.0007879358303652763,0.15715227571570753,0.22480217712052863,0.13125130059795845,0.05074087332878355,0.08564953065249963,0.11740055867443716,0.07038500936559129,0.003076700993253501,0.16384788745468354
469,24,0.00023726507636950798,3.835926074762122e-05,0.0006923565430139906,0.08504815601637654,0.0007222745111681699,0.25923288678834816,21,False,100,0,0,0,0,10657,10801,10491,10636,10565,11262,11237,11142,10999,11240,9919,10954,10955,9394,9854,11126,11175,11224,10627,11010,11252,11061,10077,11159,4.4900618988525055e-05,0.000501427827449826,0.00015506262693013546,0.00020621095943109508,0.0001993577809246031,0.00022574198924562604,0.00022574198924562604,0.00025012189142452763,0.00022089258337254568,0.00012098301372529552,0.0002072848776392112,0.00045416140769655394,0.00023544913698447182,4.6647032573261744e-05,4.670406255103776e-05,0.0003324582110153666,0.00036636830586264505,0.0002652731366382376,0.0001845098788057089,0.00022491090400755356,0.0006923565430139906,0.00023574120500152192,0.00021369658959320342,3.835926074762122e-05,0.012438511055524529,0.021791472117857605,0.0073344616363831,0.01342914735585621,0.11439402459052314,0.25923288678834816,0.25923288678834816,0.13781136866388796,0.08387571462153545,0.08117281999908553,0.011883721525330177,0.05124810773439286,0.06488842919257738,0.0010857967340621379,0.0007222745111681699,0.14405625273939857,0.20606866236048457,0.12031369221479524,0.046512467218051586,0.07851206976479132,0.10761717878490072,0.06451959191845869,0.0028203092438157094,0.1501938968334599
470,24,0.00023726236139090756,3.7845368991687094e-05,0.0006749835212128703,0.08634689833200315,0.0006620849685708225,0.3209634795559858,22,False,100,0,0,0,0,10657,10801,10491,10636,10565,11286,11142,10999,11240,9919,10954,10955,9394,9854,11126,11175,11296,11224,10627,11010,11252,11061,10077,11159,4.262240098744577e-05,0.00047723439200668275,0.00014698460491797274,0.000195802318038634,0.0001947246419213171,0.0002355467306370813,0.0002459166734456375,0.00021392253127146016,0.00011707684374475772,0.00019673685107415202,0.00043582958995632944,0.00022681033148511676,4.413962402036608e-05,4.4189088920343236e-05,0.00032744094060871274,0.0003766305904526476,0.0003766305904526476,0.0002595380754097256,0.0001768276001888214,0.00021748707755181167,0.0006749835212128703,0.00022706822399804115,0.00020230806208751948,3.7845368991687094e-05,0.01140196846756415,0.019975516108036138,0.006723256500017842,0.012310051742868191,0.10486118920797954,0.3209634795559858,0.1263270879418973,0.07688607173640749,0.07440841833249506,0.010893411398219328,0.04697743208986012,0.05948106009319593,0.000995313672890293,0.0006620849685708225,0.13205156501111534,0.27222960716377753,0.27222960716377753,0.11028755119689564,0.04263642828321395,0.07196939728439204,0.09864908055282566,0.059142959258587126,0.0025852834734977335,0.1376777387640049
471,24,0.00023584911772447296,3.816727766894296e-05,0.0006563955624319781,0.09034995193762387,0.0006069112211899206,0.3328771399001294,23,False,100,0,0,0,0,10657,11305,10801,10491,11307,10565,11286,11142,10999,11240,9919,10954,10955,9394,9854,11126,11320,11224,10627,11323,11252,11061,10077,11327,4.044803287096728e-05,0.0004656853351356477,0.0004656853351356477,0.0001393035592785423,0.0001906541265201415,0.00018969200957957898,0.00024377685128097244,0.0002410056744723368,0.00020676721798565877,0.00011308233645744972,0.00018667379143275854,0.0004177377291666919,0.0002181578259024902,4.17659371806399e-05,4.1808839611954476e-05,0.0003214168293093472,0.00039442213514655157,0.00025321491346636573,0.00016928130197070297,0.00021533714962817597,0.0006563955624319781,0.00021838519820995976,0.00019151385554384785,3.816727766894296e-05,0.010451804428600471,0.10164422309903313,0.10164422309903313,0.006162985125016355,0.09461754743096251,0.09612275677398124,0.29421652292632033,0.11579983061340585,0.07047889909170686,0.06820771680478714,0.009985627115034383,0.04306264608237177,0.0545243050854296,0.0009123708668161019,0.0006069112211899206,0.12104726792685572,0.3328771399001294,0.10109692193048767,0.03908339259294612,0.14930528084402606,0.09042832384009018,0.05421437932037153,0.002369843184039589,0.20953792720033784
472,24,0.00023042369939574474,3.828709938286439e-05,0.0006368513996747781,0.08976523372059965,0.0005563352860907605,0.3051373782417853,24,False,100,0,0,0,0,10657,11305,11330,10491,11307,10565,11286,11142,10999,11240,9919,10954,10955,11341,9854,11126,11320,11224,10627,11323,11252,11061,10077,11327,3.8374375364965465e-05,0.0004532411836178516,0.0004649302344690391,0.00013200318915498888,0.00018519457870984945,0.00018433771285859327,0.0002504115028441348,0.00023549733521673324,0.00019949290498327138,0.00010903458388757826,0.00017708042490224957,0.00039995808977059976,0.0002095442787180217,4.053817258067309e-05,3.955619135330752e-05,0.00031453259201600633,0.0004095678626517387,0.0002464106694084923,0.0001618958541803244,0.000212399446903674,0.0006368513996747781,0.0002097444653928189,0.00018128463745531982,3.828709938286439e-05,0.009580820726217099,0.0931738711741137,0.17650720450744706,0.005649403031264992,0.08673275181171564,0.08811252704281614,0.26969847934912694,0.10614984472895536,0.06460565750073129,0.06252374040438821,0.009153491522114851,0.03947409224217412,0.049980612994977136,0.08416967329458143,0.0005563352860907605,0.11095999559961774,0.3051373782417853,0.09267217843628035,0.035826443210200606,0.13686317410702387,0.08289263018674933,0.049696514377007235,0.0021723562520362897,0.19207643326697635
473,24,0.00022486420837011323,3.639814784617498e-05,0.00061658636560221,0.08575701979943857,0.0005099740122498637,0.27970926338830315,25,False,100,0,0,0,0,10657,11305,11330,10491,11307,10565,11286,11142,10999,11240,9919,10954,10955,11341,9854,11126,11320,11224,10627,11371,11252,11061,10077,11327,3.639814784617498e-05,0.00044008423578361993,0.0004620948466993727,0.00012506741137606123,0.00017949452299869048,0.00017873309110488642,0.0002554663163714859,0.00022949375725387147,0.00019215814065388115,0.00010496447885157044,0.00016794092438040384,0.00038255047728806725,0.0002010148357848698,3.926226225269221e-05,3.742438497969514e-05,0.0003069273943931773,0.0004220035701778519,0.00023922409941317036,0.0001546914393394869,0.00021415722767265395,0.00061658636560221,0.00020119086373308553,0.00017159229481200107,3.821991211373767e-05,0.00878241899903234,0.08540938190960422,0.16179827079849313,0.005178619445326243,0.07950502249407267,0.08076981645591479,0.24722360607003302,0.09730402433487574,0.059221852709003674,0.05731342870402253,0.008390700561938613,0.03618458455532628,0.045815561912062375,0.0771555338533663,0.0005099740122498637,0.10171332929964959,0.27970926338830315,0.08494949689992365,0.03284090627601722,0.20879124293143855,0.07598491100452022,0.045555138178923295,0.001991326564366599,0.17607006382806165
474,24,0.00021836090924127346,3.4515973778422525e-05,0.0005958122842531317,0.09053291715416956,0.0018253826840027155,0.2564001581059445,26,False,100,0,0,0,0,10657,11305,11330,10491,11307,10565,11286,11384,11240,9919,10954,10955,11388,11341,11390,11126,11320,11224,10627,11371,11252,11061,10077,11327,3.4515973778422525e-05,0.0004263809234422989,0.0004573884855107809,0.00011848043249746208,0.00017361807357108356,0.00017294282587804698,0.0002589876849229629,0.0001895804915625745,0.00010089894864680524,0.00015923910767835114,0.0003655635333249591,0.00019757509148586824,0.00019757509148586824,3.795187643219591e-05,3.632015219491842e-05,0.0002987313916129768,0.0004317310009611908,0.00023174530291107038,0.0001476840741261651,0.0002147846243842954,0.0005958122842531317,0.00019276235896197646,0.00016240991588720307,3.798217627995465e-05,0.008050550749112978,0.0782919334171372,0.14831508156528536,0.004747067824882389,0.07287960395289994,0.07403899841792189,0.22662163889753026,0.13762003164992004,0.05253730964535398,0.007691475515110395,0.03316920250904908,0.12533093175272386,0.12533093175272386,0.07072590603225244,0.08380080951122905,0.09323721852467878,0.2564001581059445,0.07787037215826334,0.030104164086349115,0.191391972687152,0.06965283508747687,0.04175887666401302,0.0018253826840027155,0.16139755850905652
475,24,0.00021317263134783444,3.2724419373067144e-05,0.0005747179195634375,0.08646072961354433,0.0016732674603358226,0.3183668115971158,27,False,100,0,0,0,0,10657,11305,11330,10491,11307,10565,11286,11384,11240,9919,10954,10955,11388,11341,11390,11126,11416,11224,10627,11371,11252,11061,10077,11327,3.2724419373067144e-05,0.0004122815823719414,0.0004510235284470495,0.00011222680668523855,0.0001676226611950685,0.00016702496179701686,0.00026104687759266794,0.00018638314751306663,9.686122298986863e-05,0.00015095860561774102,0.00034903596980653476,0.00019357546417656576,0.00019357546417656576,3.661921835645778e-05,3.517336691733656e-05,0.0002900647902043495,0.0004501252618826958,0.0002240556134108234,0.00014088609904212832,0.0002143666136746018,0.0005747179195634375,0.00018449067606844612,0.0001537117668540921,3.7591114631264794e-05,0.00737967152002023,0.07176760563237576,0.13595549143484492,0.004351478839475523,0.0668063036234916,0.06786908188309505,0.20773650232273605,0.12615169567909337,0.04815920050824115,0.0070505192221845285,0.030405102299961656,0.11488668743999687,0.11488668743999687,0.06483208052956474,0.07681740871862662,0.08546745031428889,0.3183668115971158,0.07138117447840805,0.02759548374582002,0.17544264162988932,0.06384843216352046,0.03827897027534526,0.0016732674603358226,0.14794776196663514
476,24,0.0002077206032615167,3.102002627557992e-05,0.0005534698411310297,0.08272789103463785,0.0015338285053078373,0.2918362439640228,28,False,100,0,0,0,0,10657,11305,11330,10491,11307,10565,11286,11384,11240,9919,10954,10955,11388,11341,11390,11126,11416,11224,10627,11371,11252,11061,10077,11447,3.102002627557992e-05,0.00039792063960776666,0.0004432101683355137,0.0001062914813957401,0.00016155922345323156,0.0001610310727212516,0.00026173430830538855,0.0001826520702640877,9.287112162061238e-05,0.00014308300364027361,0.00033299772915920987,0.000189102800800747,0.000189102800800747,3.5275075013272846e-05,3.399622898175208e-05,0.0002810373438339982,0.00046551416870979016,0.00021622771270438318,0.00013430663286674986,0.0002129957741965099,0.0005534698411310297,0.00017640191975173947,0.0001454732642925559,3.8020070414469616e-05,0.006764698893351877,0.06578697182967778,0.12462586714860784,0.0039888556028525625,0.0612391116548673,0.0622133250595038,0.1904251271291747,0.11563905437250226,0.04414593379922105,0.006462975953669151,0.02787134377496485,0.10531279681999713,0.10531279681999713,0.05942940715210101,0.0704159579920744,0.07834516278809814,0.2918362439640228,0.06543274327187405,0.025295860100335018,0.1608224214940652,0.058527729483227084,0.03508905608573316,0.0015338285053078373,0.21895211513608223
477,24,0.00020224954262203804,2.9399339005815184e-05,0.0005322135885627427,0.08277834455952914,0.0014060094631988508,0.28403943887474203,29,False,100,0,0,0,0,10657,11305,11330,10491,11307,10565,11286,11384,11240,9919,10954,10955,11460,11341,11390,11126,11416,11224,10627,11371,11252,11061,10077,11471,2.9399339005815184e-05,0.0003834171171842562,0.0004341522612052773,0.00010065983257769984,0.00015547249736024682,0.00015500653550604924,0.00026115419303209637,0.00017846940300000712,8.894535003051982e-05,0.00013559596020159864,0.0003174710623571669,0.00018423876743781936,0.00018899026928535787,3.3928888018060274e-05,3.279962357137796e-05,0.00027174819963932134,0.0004778649439342415,0.0002083259142866039,0.0001279519903570732,0.00021076882979522416,0.0005322135885627427,0.00016851717200267797,0.00013767094449281165,3.9226340084867365e-05,0.0062009739855725535,0.06030472417720463,0.11424037821955718,0.0036564509692815156,0.05613585235029502,0.05702888130454514,0.1745563665350768,0.10600246650812706,0.040467105982619295,0.005924394624196722,0.025548731793717777,0.09653673041833069,0.17987006375166403,0.05447695655609259,0.06454796149273485,0.07181639922242329,0.26751655696702087,0.05998001466588455,0.02318787175864043,0.14742055303622642,0.05365041869295816,0.03216496807858873,0.0014060094631988508,0.28403943887474203
478,24,0.00019091598614587608,2.785892780818031e-05,0.0005242556165933492,0.08467645553731673,0.0012888420079322797,0.2603694856351802,30,False,100,0,0,0,0,10657,11305,10491,11307,10565,11286,11384,11240,9919,10954,10955,11460,11341,11390,11487,11126,11416,11224,10627,11371,11492,11061,10077,11471,2.785892780818031e-05,0.0003688753663285921,9.531769091496426e-05,0.0001494013831955406,0.00014899087943811285,0.0002594197485108902,0.0001739124696877969,8.509779440875235e-05,0.00012848130489251142,0.00030247152081322513,0.00017905915624446766,0.0001880147176996109,3.258883815552629e-05,3.159316782564648e-05,0.00026905035348832727,0.00026905035348832727,0.000487213292239112,0.00020040656963153102,0.00012182606293487188,0.00020778373200973181,0.0005242556165933492,0.00016085305869705378,0.0001302824303283193,4.01792321665845e-05,0.0056842261534415075,0.05527933049577091,0.0033517467218413892,0.0514578646544371,0.05227647452916638,0.16001000265715373,0.0971689276324498,0.03709484715073435,0.005430695072180328,0.023419670810907962,0.0884920028834698,0.16488089177235868,0.0499372101764182,0.05916896470167361,0.1491650326205547,0.1491650326205547,0.24522351055310246,0.054981680110394164,0.02125554911208706,0.13513550694987422,0.1325128838018783,0.029484554072039666,0.0012888420079322797,0.2603694856351802
479,24,0.00018619542196113962,2.6395407500511227e-05,0.000514677095466399,0.08109230646476255,0.0011814385072712564,0.23867202849891517,31,False,100,0,0,0,0,10657,11305,10491,11499,10565,11286,11384,11240,9919,10954,10955,11460,11341,11390,11487,11126,11416,11224,10627,11371,11492,11061,10077,11471,2.6395407500511227e-05,0.00035438596003751723,9.025136044217021e-05,0.00014707709500564437,0.0001430181849953062,0.00025664901765008556,0.00016905309990213112,8.133980913413411e-05,0.00012172311892156902,0.0002880088612023777,0.00017363347847854804,0.00018626056980717453,3.1261938304928436e-05,3.0385275190558815e-05,0.0002653694523684632,0.0002653694523684632,0.000493652452541721,0.00019251855853164804,0.00011593066305284804,0.0002041372757280585,0.000514677095466399,0.0001534222799062537,0.00012328639635395293,4.08833241768865e-05,0.005210540640654715,0.05067271962112333,0.0030724344950212733,0.1305030425999007,0.047920101651735846,0.14667583576905757,0.08907151699641232,0.03400360988817315,0.004978137149498634,0.02146803157666563,0.08111766930984732,0.15114081745799546,0.04577577599505002,0.05423821764320081,0.13673461323550845,0.13673461323550845,0.22478821800701057,0.05039987343452798,0.01948425335274647,0.12387421470405137,0.12147014348505511,0.027027507899369693,0.0011814385072712564,0.23867202849891517
480,24,0.00018225780518325678,2.50054528475568e-05,0.0005167039085654896,0.08475128092603235,0.001082985298331985,0.21878269279067222,32,False,100,0,0,0,0,10657,11521,10491,11523,10565,11286,11384,11240,9919,10954,10955,11460,11341,11390,11487,11126,11416,11224,10627,11371,11540,11061,10077,11471,2.50054528475568e-05,0.00034879594368335737,8.544763069891514e-05,0.00014803033930670093,0.00013711751061969575,0.00025296135270914857,0.00016395722698546686,7.768049200101709e-05,0.00011530580030661195,0.00027408786462389327,0.0001680247911286897,0.00018381401789874786,2.9954130528957832e-05,2.9183231767166827e-05,0.00026082920644668187,0.00026082920644668187,0.0004973219939339377,0.00018470383173237078,0.0001102658336150133,0.00019992321786625993,0.0005167039085654896,0.00014623410086649414,0.00011666253268404991,4.134770713525749e-05,0.004776328920600155,0.12978332631936307,0.0028163982871028336,0.20296112238324232,0.04392675984742452,0.13445284945496944,0.08164889058004463,0.031169975730825385,0.004563292387040414,0.019679028945276827,0.07435786353402671,0.13854574933649583,0.04196112799546252,0.04971836617293408,0.12534006213254942,0.12534006213254942,0.20605586650642635,0.04619988398165065,0.01786056557335093,0.11355136347871375,0.19468096486130054,0.024775215574422218,0.001082985298331985,0.21878269279067222
481,24,0.00018924336654258653,2.368581092684942e-05,0.0005161735986342096,0.09118823615480966,0.0009927365234709863,0.2722178776308908,33,False,100,0,0,0,0,10657,11521,11546,11523,10565,11286,11384,11240,9919,10954,10955,11460,11341,11390,11487,11560,11416,11224,10627,11371,11540,11061,10077,11471,2.368581092684942e-05,0.0003421615025951422,8.298002710453075e-05,0.00014822177019551636,0.00013131333066141625,0.00024847454671852255,0.000158684709848761,7.412694388636532e-05,0.00010921411585900673,0.0002607090731787632,0.00016228970912013268,0.00018076079031526475,2.867038403393131e-05,2.7993279970118708e-05,0.0002555497428861518,0.0005112505692024613,0.0005112505692024613,0.00017699798041516244,0.0001048301242935954,0.00019523085348996537,0.0005161735986342096,0.0001392948022845473,0.00011039150811708144,4.1585054082119977e-05,0.0043783015105501415,0.1189680491260828,0.08591503176317761,0.18604769551797212,0.04026619652680581,0.12324844533372198,0.07484481636504091,0.028572477753256602,0.004183018021453712,0.01803910986650376,0.06816137490619115,0.12700027022512117,0.03846436732917397,0.045575168991856235,0.11489505695483695,0.2722178776308908,0.2722178776308908,0.042349893649846426,0.016372185108905018,0.1040887498554876,0.17845755112285883,0.022710614276553697,0.0009927365234709863,0.20055080172478287
482,24,0.00018642335761293253,2.2433310901471587e-05,0.0005219388713077807,0.09400588314190884,0.0038344331863325695,0.2495330544949832,34,False,100,0,0,0,0,10657,11521,11546,11523,10565,11286,11384,11240,9919,10954,10955,11579,11341,11390,11487,11560,11416,11224,10627,11587,11540,11061,11590,11471,2.2433310901471587e-05,0.00033463800623201805,8.040758801098497e-05,0.00014771202855298171,0.00012562597151614328,0.0002433025750619095,0.0001532893328153723,7.068451078422147e-05,0.0001034332418037165,0.00024786944819003197,0.0001564785604453986,0.00018175394086520808,2.7414791502496556e-05,2.6820705754381928e-05,0.0002496457162850684,0.0005219388713077807,0.0005219388713077807,0.00016943081262342635,9.96208368817299e-05,0.00019504779237064257,0.0005133060330570852,0.00013260808997519037,0.0001071488165658231,4.161072989951667e-05,0.00401344305133763,0.10905404503224257,0.0787554457829128,0.17054372089147443,0.036910680149571995,0.11297774155591181,0.06860774833462083,0.02619143794048522,0.0038344331863325695,0.016535850710961777,0.06248126033067521,0.19975024770636107,0.03525900338507614,0.04177723824253488,0.1053204688752672,0.2495330544949832,0.2495330544949832,0.03882073584569255,0.0150078363498296,0.17874802070086365,0.16358608852928724,0.02081806308684089,0.08424334181318174,0.18383823491438428
483,24,0.00020014584948684292,2.1244871565755004e-05,0.0005294757048867248,0.0985694494073988,0.003514897087471522,0.23328724781851332,35,False,100,0,0,0,0,10657,11521,11546,11523,10565,11286,11384,11240,9919,10954,10955,11579,11341,11390,11487,11560,11416,11224,10627,11587,11612,11540,11590,11471,2.1244871565755004e-05,0.0003263723944929615,7.775880649114002e-05,0.0001465661852205635,0.00012007203625372321,0.0002375538908582508,0.00014781894293188825,6.73570070927977e-05,9.794879465997704e-05,0.0002355629550325016,0.00015063564730902643,0.0001818253858736453,2.619066196553374e-05,2.566992649458581e-05,0.00024322494276443005,0.0005294757048867248,0.0005294757048867248,0.00016202692147523234,9.46342419857664e-05,0.00019397999954075043,0.0005214424335324794,0.0005214424335324794,0.00010377852464611317,4.1441974191179296e-05,0.0036789894637261605,0.09996620794622235,0.07219249196767007,0.15633174415051823,0.03383479013710766,0.10356292975958582,0.06289043597340242,0.02400881811211145,0.003514897087471522,0.01515786315171496,0.05727448863645228,0.18310439373083098,0.03232075310298646,0.03829580172232364,0.0965437631356616,0.22873863328706792,0.22873863328706792,0.03558567452521817,0.013757183320677132,0.163852352309125,0.23328724781851332,0.23328724781851332,0.07722306332874992,0.16851838200485225
484,24,0.00019759641062754528,2.011750698610277e-05,0.0005340020736190363,0.09382755084567111,0.003221988996848895,0.25117902758659505,36,False,100,0,0,0,0,10657,11521,11546,11523,10565,11286,11384,11240,9919,10954,10955,11627,11341,11390,11487,11560,11416,11224,10627,11587,11612,11540,11590,11471,2.011750698610277e-05,0.00031750173491511583,7.505917767647319e-05,0.00014485147551324243,0.00011466481075761419,0.00023133020774274455,0.000142315689566746,6.414691977824726e-05,9.274685381042572e-05,0.00022378107995671553,0.00014479958207593368,0.00018572004399236854,2.500060892778602e-05,2.454457730751276e-05,0.00023638748469352998,0.0005340020736190363,0.0005340020736190363,0.00015480623399850664,8.986576942475875e-05,0.00019211484287800904,0.0005265705688678834,0.0005265705688678834,0.00010031679314652946,4.109717693888507e-05,0.003372407008415647,0.09163569061737048,0.06617645097036423,0.1433040988046417,0.031015224292348688,0.09493268561295366,0.05764956630895222,0.022008083269435496,0.003221988996848895,0.013894707889072046,0.05250161458341459,0.25117902758659505,0.029627357011070922,0.03510448491213,0.08849844954102312,0.2096770805131456,0.2096770805131456,0.03262020164811666,0.01261075137728737,0.15019798961669792,0.2138466438336372,0.2138466438336372,0.0707878080513541,0.1544751835044479
485,24,0.00019525700408439374,1.9048330519671932e-05,0.0005425008351309835,0.09295303271964295,0.0029534899137781535,0.3135807752877121,37,False,100,0,0,0,0,10657,11521,11546,11523,10565,11286,11384,11240,9919,10954,10955,11651,11341,11390,11487,11560,11416,11224,10627,11587,11660,11540,11590,11471,1.9048330519671932e-05,0.0003081523197041896,7.233129004611147e-05,0.00014263540679601192,0.00010941464661648391,0.00022472569992260813,0.0001368163365003939,6.10555935943511e-05,8.781397700976964e-05,0.00021251328446576114,0.00013900367220461124,0.00019334984037458009,2.3846632904617853e-05,2.3447594199862512e-05,0.00022922511314150723,0.0005356993897202331,0.0005356993897202331,0.00014778453271669826,8.531017469338901e-05,0.00018954133397192224,0.0005425008351309835,0.0005288615417950712,9.679590554087134e-05,4.0595256735515815e-05,0.0030913730910476765,0.08399938306592293,0.06066174672283388,0.13136209057092155,0.028430622267986295,0.08702162847854085,0.0528454357832062,0.02017407633031587,0.0029534899137781535,0.012736815564982708,0.048126480034796706,0.3135807752877121,0.027158410593481678,0.0321791111694525,0.08112357874593785,0.19220399047038345,0.19220399047038345,0.029901851510773604,0.011559855429180088,0.1376814904819731,0.2793594235141674,0.19602609018083408,0.06488882404707458,0.14160225154574388
486,24,0.00019237248925802624,1.803455745831524e-05,0.0005549514178264138,0.0852069466596727,0.0027073657542966405,0.2874490440137361,38,False,100,0,0,0,0,10657,11521,11546,11523,10565,11286,11384,11240,9919,10954,10955,11651,11341,11390,11487,11560,11416,11224,10627,11587,11660,11540,11590,11471,1.803455745831524e-05,0.00029843920825200045,6.959496109214635e-05,0.00013998422877034537,0.0001043293177896018,0.0002178265502415882,0.00013135262181803524,5.8083397941848256e-05,8.313720992609845e-05,0.00020174740279431283,0.0001332763332658933,0.0001996922216039626,2.2730197878653094e-05,2.2381292909989373e-05,0.0002218210787749018,0.000534778435630806,0.000534778435630806,0.00014097394477958087,8.096168377898288e-05,0.00018634785812435265,0.0005549514178264138,0.0005285178407757933,9.324440145062074e-05,3.995514367758147e-05,0.002833758666793703,0.07699943447709602,0.05560660116259772,0.12041524969001141,0.026061403745654105,0.07976982610532911,0.04844164946793901,0.01849290330278955,0.0027073657542966405,0.011675414267900816,0.04411594003189698,0.2874490440137361,0.02489520971069154,0.02949751857199812,0.07436328051710969,0.17618699126451814,0.17618699126451814,0.02741003055154247,0.01059653414341508,0.12620803294180866,0.25607947155465344,0.17969058266576457,0.0594814220431517,0.1298020639169319
487,24,0.00018899500959118542,1.70735065136565e-05,0.0005639981560111903,0.07810636777136665,0.002481751941438587,0.2634949570125914,39,False,100,0,0,0,0,10657,11521,11546,11523,10565,11286,11384,11240,9919,10954,10955,11651,11341,11390,11487,11560,11416,11224,10627,11587,11660,11540,11590,11471,1.70735065136565e-05,0.00028846612757981306,6.686740362750351e-05,0.00013696174161465045,9.941434946694305e-05,0.00021071078096125537,0.00012595164558724026,5.522987623388494e-05,7.870409066729314e-05,0.00019146998789758556,0.00012764151351077482,0.00020473860781087156,2.165230145820338e-05,2.1347442705282898e-05,0.00021425012779045007,0.0005314694077062981,0.0005314694077062981,0.0001343833955537802,7.681411851995874e-05,0.0001826203689723686,0.0005639981560111903,0.0005257632454635478,8.968726348183468e-05,3.9195363347765083e-05,0.002597612111227561,0.07058281493733802,0.05097271773238124,0.11038064554917712,0.023889620100182928,0.07312234059655168,0.04440484534561076,0.016951828027557084,0.002481751941438587,0.010702463078909081,0.04043961169590556,0.2634949570125914,0.022820608901467244,0.02703939202433161,0.06816634047401722,0.16150474199247497,0.16150474199247497,0.02512586133891393,0.009713489631463823,0.1156906968633246,0.23473951559176565,0.1647163674436175,0.054524636872889054,0.11898522525718756
488,24,0.00018540142259474283,1.6162600331153975e-05,0.0005697765269432567,0.07506972601264163,0.002274939279652038,0.24153704392820877,40,False,100,0,0,0,0,10657,11521,11546,11523,10565,11286,11384,11240,9919,10954,10955,11651,11341,11390,11726,11560,11416,11224,10627,11587,11660,11540,11590,11471,1.6162600331153975e-05,0.000278325652054362,6.416341145831301e-05,0.00013362840812559452,9.467331862143385e-05,0.00020344830787369543,0.00012063626945333248,5.249387881996642e-05,7.450265012018311e-05,0.00018166661112344184,0.00012211911722865938,0.000208508855293177,2.0613538726912903e-05,2.0347334708325834e-05,0.00021190635351342336,0.0005260132297633964,0.0005260132297633964,0.00012801902523947392,7.286100456500462e-05,0.00017844100872983163,0.0005697765269432567,0.0005208339550164586,8.61461403240822e-05,3.8333714476952476e-05,0.002381144435291931,0.06470091369255986,0.0467249912546828,0.10118225842007902,0.021898818425167683,0.0670288122135057,0.040704441566809864,0.015539175691927327,0.002274939279652038,0.009810591155666657,0.037069644054580096,0.24153704392820877,0.02091889149301164,0.02478610935563731,0.1458191454345158,0.14804601349310206,0.14804601349310206,0.023032039560671104,0.00890403216217517,0.10604980545804754,0.21517788929245182,0.1509900034899827,0.04998091713348163,0.10906978981908859
489,24,0.00018139620853052,1.52993651961824e-05,0.0005724688956925809,0.06881391551158816,0.0020853610063477014,0.22140895693419135,41,False,100,0,0,0,0,10657,11521,11546,11523,10565,11286,11384,11240,9919,10954,10955,11651,11341,11390,11726,11560,11416,11224,10627,11587,11660,11540,11590,11471,1.52993651961824e-05,0.00026809959362887023,6.149555536032022e-05,0.0001300407313812688,9.010812655843437e-05,0.00019610116528575344,0.0001154255158856861,4.9873680630949335e-05,7.052140881971662e-05,0.0001723221204452116,0.00011672541734132826,0.00021104654320321833,1.9614159927343865e-05,1.9381844566846705e-05,0.000208811463288757,0.0005186542106105941,0.0005186542106105941,0.0001218845683379206,6.909566384954414e-05,0.00017388710602444629,0.0005724688956925809,0.0005139710354233103,8.263959212745207e-05,3.738703053615081e-05,0.0021827157323509364,0.05930917088484653,0.04283124198345924,0.09275040355173911,0.02007391688973704,0.06144307786238023,0.03731240476957571,0.014244244384266715,0.0020853610063477014,0.008993041892694436,0.03398050705003176,0.22140895693419135,0.019175650535260668,0.022720600242667532,0.13366754998163946,0.13570884570201022,0.13570884570201022,0.02111270293061518,0.008162029481993906,0.09721232166987691,0.19724639851808082,0.1384075031991508,0.04581584070569149,0.09998064066749787
490,24,0.0001774498419506331,1.4481430073237639e-05,0.0005722924304979657,0.07002386699673359,0.001911580922485393,0.20295821052300872,42,False,100,0,0,0,0,10657,11761,11546,11763,10565,11286,11384,11240,9919,10954,10955,11651,11341,11390,11726,11560,11416,11224,10627,11587,11660,11540,11590,11471,1.4481430073237639e-05,0.00026450971924240306,5.8874382248819585e-05,0.00012950685681306637,8.571924435481742e-05,0.0001887238566852253,0.00011033495786585349,4.7367084759581375e-05,6.674937096804892e-05,0.00016342086180018653,0.00011147345034356034,0.0002124142008802901,1.8654122230436897e-05,1.845148946600691e-05,0.00020506263937132793,0.0005096340336851848,0.0005096340336851848,0.00011598169672700782,6.551129335626885e-05,0.00016903049937988215,0.0005722924304979657,0.0005054141910461023,7.918334698055616e-05,3.637101435417995e-05,0.002000822754655025,0.13770007331110934,0.03926197181817097,0.1683545365890942,0.018401090482258953,0.05632282137384854,0.034203037705444396,0.013057224018911155,0.001911580922485393,0.008243621734969899,0.031148798129195774,0.20295821052300872,0.01757767965732228,0.020827216889111905,0.1225285874831695,0.1243997752268427,0.1243997752268427,0.01935331101973058,0.007481860358494414,0.08911129486405382,0.18080919864157408,0.12687354459922157,0.041997853980217194,0.09164892061187305
491,24,0.0001731515802413599,1.3706525100053433e-05,0.0005694880871178334,0.06418854474700579,0.0017522825122782768,0.186045026312758,43,False,100,0,0,0,0,10657,11761,11546,11763,10565,11286,11384,11240,9919,10954,10955,11651,11341,11390,11726,11560,11416,11224,10627,11587,11660,11540,11590,11471,1.3706525100053433e-05,0.00026005449658955476,5.6308612107777784e-05,0.00012842346594947227,8.150593248933907e-05,0.0001813637930415193,0.00010537709235606097,4.4971513199323146e-05,6.317601613780636e-05,0.00015494686772777827,0.00010637338887889993,0.00021268871866555032,1.7733135916690918e-05,1.7556479616919957e-05,0.0002007538005800619,0.0004991870060305036,0.0004991870060305036,0.00011031032776927746,6.210103177536713e-05,0.0001639371342179642,0.0005694880871178334,0.0004953968001365296,7.579055976727484e-05,3.5300134590574855e-05,0.0018340875251004393,0.12622506720185023,0.035990140833323386,0.15432499187333634,0.01686766627540404,0.051629252926027824,0.03135278456332403,0.011969122017335224,0.0017522825122782768,0.00755665325705574,0.028553064951762793,0.186045026312758,0.016112873019212087,0.019091615481685913,0.11231787185957204,0.11403312729127248,0.11403312729127248,0.017740535101419697,0.006858371995286545,0.08168535362538266,0.1657417654214429,0.1163007492159531,0.03849803281519909,0.08401151056088363
492,24,0.00016877593184839385,1.2972479641449292e-05,0.0005643109050747964,0.05927778083476173,0.0016062589695884204,0.17054127412002815,0,False,100,0,0,0,0,10657,11761,11546,11763,10565,11286,11384,11240,9919,10954,10955,11651,11341,11390,11726,11560,11416,11224,10627,11587,11660,11540,11590,11471,1.2972479641449292e-05,0.00026005449658955476,5.380532865591383e-05,0.0001268496925982372,7.746643623394668e-05,0.00017406178739686083,0.00010056169297060622,4.2684085940387836e-05,5.979128911862772e-05,0.00014688401714582565,0.00010143288898560835,0.00021195711368920985,1.6850705341005695e-05,1.669676445152245e-05,0.00019597422253865788,0.00048753645437096804,0.00048753645437096804,0.00010486889933141248,5.885801553169958e-05,0.00015866688368329607,0.0005643109050747964,0.0004841421106650238,7.247206678022226e-05,3.418757325565197e-05,0.001681246898008736,0.12622506720185023,0.03299096243054644,0.14146457588389164,0.015462027419120368,0.04732681518219217,0.028740052516380357,0.010971695182557289,0.0016062589695884204,0.006926932152301095,0.026173642872449224,0.17054127412002815,0.014770133600944412,0.017500647524878753,0.1029580492046077,0.10453036668366643,0.10453036668366643,0.01626215717630139,0.0062868409956793325,0.07487824082326744,0.15192995163632264,0.10660902011462367,0.0352898634139325,0.07701055134747666
493,24,0.00016397100575388568,1.2277219992853285e-05,0.0005570217280533357,0.05433796576519825,0.001472404055456052,0.15632950127669246,1,False,100,0,0,0,0,10657,11761,11546,11763,10565,11286,11384,11240,9919,10954,10955,11651,11341,11390,11726,11560,11416,11224,10627,11587,11660,11540,11590,11471,1.2277219992853285e-05,0.00025485388019742036,5.1370160895024996e-05,0.00012484469027135224,7.359815853312109e-05,0.00016685258048434695,9.589613894651463e-05,4.050168957548139e-05,5.658558830028568e-05,0.00013921616975358383,9.665741042195152e-05,0.00021031275921173278,1.6006165077698604e-05,1.5872073818828613e-05,0.00019080755683738418,0.0004748921338868266,0.0004748921338868266,9.96546138807903e-05,5.5775425503450034e-05,0.00015327354768194306,0.0005570217280533357,0.0004718604674056878,6.923663123061133e-05,3.304521424620504e-05,0.0015411429898413412,0.11570631160169603,0.03024171556133423,0.12967586122690067,0.014173525134193671,0.04338291391700949,0.026345048140015325,0.010057387250677514,0.001472404055456052,0.006349687806276003,0.023992505966411788,0.15632950127669246,0.013539289134199044,0.016042260231138857,0.09437821177089038,0.09581950279336089,0.09581950279336089,0.014906977411609606,0.005762937579372721,0.06863838742132848,0.13926912233329575,0.0977249351050717,0.032349041462771455,0.07059300540185359
494,24,0.0001596909540942017,1.1618766810434024e-05,0.0005478803601540318,0.05675424639587617,0.0013497037175013808,0.2266353761703014,2,False,100,0,0,0,0,10657,11761,11546,11763,10565,11286,11384,11240,9919,10954,10955,11867,11341,11390,11726,11560,11416,11224,10627,11587,11660,11877,11590,11471,1.1618766810434024e-05,0.00024902250834197827,4.900745363372053e-05,0.00012246633545072823,6.989781217102684e-05,0.00015976537747494727,9.138571882869282e-05,3.842103650602235e-05,5.354975292821092e-05,0.0001319272782126324,9.205050953832054e-05,0.00021321262240479736,1.5198711650436039e-05,1.5081954517865376e-05,0.00018533119111051343,0.0004614485064658349,0.0004614485064658349,9.466365398108692e-05,5.284652562166102e-05,0.0001478049895423659,0.0005478803601540318,0.00047057848631950044,6.609117624476489e-05,3.188366388543341e-05,0.0014127144073545627,0.10606411896822136,0.02772157259788971,0.11886953945799228,0.01299239803967753,0.03976767109059203,0.024149627461680714,0.009219271646454388,0.0013497037175013808,0.005820547155753002,0.021993130469210805,0.2266353761703014,0.012411015039682456,0.014705405211877284,0.08651336078998284,0.08783454422724749,0.08783454422724749,0.013664729293975471,0.00528269278109166,0.06291852180288444,0.12766336213885443,0.17291452384631573,0.0296532880075405,0.06471025495169912
495,24,0.0001554200933390228,1.0995232333423095e-05,0.0005371400969995416,0.05549694808510871,0.001237228407709599,0.29108242815610963,3,False,100,0,0,0,0,10657,11761,11546,11763,10565,11286,11384,11240,9919,10954,10955,11891,11341,11390,11726,11560,11416,11224,10627,11587,11660,11877,11590,11471,1.0995232333423095e-05,0.00024266830377572018,4.672042583513531e-05,0.00011977022331638626,6.636155303527983e-05,0.00015282438058255793,8.703390830234723e-05,3.643871576842437e-05,5.067504951713546e-05,0.00012500148093708136,8.761410495880107e-05,0.00022045116414500313,1.4427431247944079e-05,1.4325802523787373e-05,0.00017961589294201077,0.00044738374611703175,0.00044738374611703175,8.989137156623348e-05,5.006469441373186e-05,0.00014230337510157893,0.0005371400969995416,0.0004672382418997737,6.304100311033459e-05,3.07122955902519e-05,0.0012949882067416823,0.09722544238753625,0.025411441548065565,0.10896374450315958,0.011909698203037736,0.036453698499709364,0.022137158506540654,0.008450999009249855,0.001237228407709599,0.005335501559440252,0.02016036959677657,0.29108242815610963,0.011376763786375584,0.013479954777554176,0.07930391405748427,0.08051499887497686,0.08051499887497686,0.012526001852810848,0.004842468382667355,0.05767531165264407,0.11702474862728322,0.15850498019245607,0.02718218067357879,0.059317733705724185
496,24,0.00015892299270134474,1.0404817454322295e-05,0.0005250435221220155,0.0680196787517298,0.0011341260404004658,0.26682555914310047,4,False,100,0,0,0,0,10657,11761,11905,11546,11763,11286,11384,11240,9919,10954,10955,11891,11341,11390,11918,11560,11416,11224,10627,11587,11660,11877,11926,11471,1.0404817454322295e-05,0.00024197515109670913,0.00024197515109670913,4.4511316227418676e-05,0.00011680892540838063,0.00014604930616537616,8.284262237144795e-05,3.455123642374572e-05,4.795315766498357e-05,0.00011842317802501753,8.334871691395769e-05,0.00022625228205530785,1.3691323813789339e-05,1.3602891270422858e-05,0.00017820605426665937,0.0004328593368101149,0.0004328593368101149,8.533245335574664e-05,4.742345043705451e-05,0.00013680548440168498,0.0005250435221220155,0.0004620530895062283,6.163970919049662e-05,2.9539311944569727e-05,0.001187072522846542,0.17245665552190825,0.17245665552190825,0.023293821419060102,0.09988343246122962,0.03341589029140025,0.020292395297662264,0.0077467490918123666,0.0011341260404004658,0.004890876429486898,0.01848033879704519,0.26682555914310047,0.010428700137510951,0.012356625212757995,0.15602858788602725,0.07380541563539546,0.07380541563539546,0.01148216836507661,0.004438929350778408,0.0528690356815904,0.10727268624167628,0.1452962318430847,0.1082503322841139,0.05437458923024717
497,24,0.00015486213700160396,9.845808684097613e-06,0.0005118194303226595,0.06582359441130788,0.0010396155370337604,0.24459009588117542,5,False,100,0,0,0,0,10657,11761,11905,11931,11763,11286,11384,11240,9919,10954,10955,11891,11341,11390,11918,11560,11416,11224,10627,11587,11660,11877,11926,11471,9.845808684097613e-06,0.00024022676121655373,0.00024022676121655373,4.34745316937006e-05,0.0001136314751214914,0.00013945587820270533,7.881244264143059e-05,3.2755064375960475e-05,4.537615547129775e-05,0.00011217709258574055,7.92536814712782e-05,0.00023063375497749008,1.2989323879955545e-05,1.2912396348561992e-05,0.00017610622870759725,0.0004180201397694119,0.0004180201397694119,8.09810647050992e-05,4.4916472441699275e-05,0.00013134307128967844,0.0005118194303226595,0.0004552381276620875,6.010366691458591e-05,2.837181856944678e-05,0.0010881498126093301,0.15808526756174923,0.15808526756174923,0.10468600296747177,0.09155981308946048,0.030631232767116892,0.018601362356190407,0.007101186667494669,0.0010396155370337604,0.004483303393696323,0.01694031056395809,0.24459009588117542,0.009559641792718373,0.011326906445028161,0.14302620556219164,0.06765496433244583,0.06765496433244583,0.010525321001320226,0.004069018571546874,0.04846328270812453,0.09833329572153658,0.13318821252282764,0.09922947126043774,0.0498433734610599
498,24,0.00015057692554739654,9.316575052009671e-06,0.000497680726443345,0.06033829487703221,0.0009529809089476137,0.22420758789107745,6,False,100,0,0,0,0,10657,11761,11905,11931,11763,11286,11384,11240,9919,10954,10955,11891,11341,11390,11918,11560,11416,11224,10627,11587,11660,11877,11926,11471,9.316575052009671e-06,0.00023753293143875503,0.00023753293143875503,4.2348860192838524e-05,0.0001102830461252227,0.00013305629266449284,7.494282085664206e-05,3.104665340671698e-05,4.293650473170277e-05,0.00010624831946259187,7.532734117564425e-05,0.00023364042648367622,1.2320318491502603e-05,1.2253416967691199e-05,0.00017339849940056366,0.00040299482127774774,0.00040299482127774774,7.683097407868617e-05,4.253761500335229e-05,0.00012594325088582817,0.000497680726443345,0.0004470051499727383,5.845801109964753e-05,2.721590520961861e-05,0.0009974706615585526,0.1449114952649368,0.1449114952649368,0.09596216938684912,0.08392982866533877,0.028078630036523815,0.01705124882650787,0.006509421111870113,0.0009529809089476137,0.004109694777554963,0.01552861801696158,0.22420758789107745,0.008763004976658507,0.010382997574609148,0.13110735509867566,0.06201705063807535,0.06201705063807535,0.009648210917876873,0.003729933690584634,0.044424675815780815,0.09013885441140852,0.122089194812592,0.09096034865540126,0.045689759005971574
499,24,0.0001470600248419294,8.815564973280146e-06,0.000495275113337577,0.06572677030394619,0.0008735658332019792,0.20552362223348766,7,False,100,0,0,0,0,10657,11761,11905,11931,11763,11286,11384,11240,9919,10954,10955,11891,11341,11989,11918,11560,11992,11224,10627,11587,11996,11877,11926,11471,8.815564973280146e-06,0.0002340042677411975,0.0002340042677411975,4.1151659073428604e-05,0.00010680478995250123,0.0001268596493992758,7.12322601022966e-05,2.9422471139452268e-05,4.0627036051565375e-05,0.00010062236311894264,7.156721376958034e-05,0.00023533890485693043,1.1683162544916132e-05,1.1924802113134505e-05,0.0001701633833050088,0.00038789654690372726,0.0003979003652363098,7.287566020287182e-05,4.0280920279244845e-05,0.0001206288990381745,0.000495275113337577,0.0004375586873370491,5.672587761070424e-05,2.6076730377939355e-05,0.0009143481064286732,0.13283553732619205,0.13283553732619205,0.08796532193794503,0.07693567627656053,0.02573874420014683,0.01563031142429888,0.005966969352547603,0.0008735658332019792,0.0037672202127587155,0.014234566515548115,0.20552362223348766,0.008032754561936965,0.0928510811100584,0.12018174217378602,0.0568489630849024,0.14018229641823574,0.008844193341387132,0.0034191058830359143,0.04072261949779908,0.16596061654379116,0.111915095244876,0.08338031960078449,0.041882279088807275
500,24,0.00014328289250681834,8.341303112222444e-06,0.0004908026815725066,0.060249539445284016,0.0008007686804351476,0.18839665371403036,8,False,100,0,0,0,0,10657,11761,11905,11931,11763,11286,11384,11240,9919,10954,10955,11891,11341,11989,11918,11560,11992,11224,10627,11587,11996,11877,11926,11471,8.341303112222444e-06,0.0002297496063578081,0.0002297496063578081,3.9898834922670304e-05,0.00010323380143845598,0.00012087234981854634,6.767847523576136e-05,2.7879020574308498e-05,3.84409339975514e-05,9.528516624451266e-05,6.797014073707324e-05,0.00023581243267192022,1.1076691837073934e-05,1.1577595253753492e-05,0.0001664783904594649,0.0003728238627481168,0.00039147047700014727,6.910840381245899e-05,3.8140626460153396e-05,0.00011541905148270814,0.0004908026815725066,0.00042709303621709554,5.492832514642774e-05,2.495860670509466e-05,0.0008381524308929504,0.12176590921567604,0.12176590921567604,0.08063487844311627,0.07052436992018049,0.023593848850134595,0.014327785472273974,0.005469721906501969,0.0008007686804351476,0.0034532851950288225,0.013048352639252438,0.18839665371403036,0.007363358348442218,0.08511349101755353,0.11016659699263719,0.05211154949449386,0.12850043838338276,0.008107177229604872,0.0031341803927829215,0.03732906787298249,0.1521305651651419,0.102588837307803,0.07643195963405244,0.038392089164740004
