generation,mu,mean_sigma,min_sigma,max_sigma,mean_psucc,min_psucc,max_psucc,gens_silent,sigma_floor_active,archive_size,n_pitot3_sentinels,n_spark_sentinels,n_both_sentinels,n_sentinels,lineage_0,lineage_1,lineage_2,lineage_3,lineage_4,lineage_5,lineage_6,lineage_7,lineage_8,lineage_9,lineage_10,lineage_11,lineage_12,lineage_13,lineage_14,lineage_15,lineage_16,lineage_17,lineage_18,lineage_19,lineage_20,lineage_21,lineage_22,lineage_23,sigma_0,sigma_1,sigma_2,sigma_3,sigma_4,sigma_5,sigma_6,sigma_7,sigma_8,sigma_9,sigma_10,sigma_11,sigma_12,sigma_13,sigma_14,sigma_15,sigma_16,sigma_17,sigma_18,sigma_19,sigma_20,sigma_21,sigma_22,sigma_23,psucc_0,psucc_1,psucc_2,psucc_3,psucc_4,psucc_5,psucc_6,psucc_7,psucc_8,psucc_9,psucc_10,psucc_11,psucc_12,psucc_13,psucc_14,psucc_15,psucc_16,psucc_17,psucc_18,psucc_19,psucc_20,psucc_21,psucc_22,psucc_23
1,24,0.10157037805704135,0.09953810705865762,0.10210518621451076,0.23263888888888887,0.16666666666666666,0.25,1,False,5,2,2,2,2,16,32,1,19,7,33,43,8,31,13,41,40,28,4,3,23,45,39,17,38,36,44,21,22,0.10210518621451076,0.10210518621451076,0.09953810705865762,0.10210518621451076,0.10210518621451076,0.10210518621451076,0.10210518621451076,0.10210518621451076,0.10210518621451076,0.09953810705865762,0.10210518621451076,0.10210518621451076,0.10210518621451076,0.10210518621451076,0.09953810705865762,0.09953810705865762,0.10210518621451076,0.10210518621451076,0.10210518621451076,0.10210518621451076,0.10210518621451076,0.10210518621451076,0.10210518621451076,0.09953810705865762,0.25,0.25,0.16666666666666666,0.25,0.25,0.25,0.25,0.25,0.25,0.16666666666666666,0.25,0.25,0.25,0.25,0.16666666666666666,0.16666666666666666,0.25,0.25,0.25,0.25,0.25,0.25,0.25,0.16666666666666666
2,24,0.10377905090342339,0.09865876712893568,0.10626479815687233,0.25144675925925924,0.15277777777777776,0.3125,2,False,6,0,0,0,0,16,32,1,52,54,7,33,43,8,19,40,28,4,31,13,41,23,68,17,3,58,45,63,66,0.1035931400515108,0.1035931400515108,0.09865876712893568,0.10626479815687233,0.10626479815687233,0.10626479815687233,0.1035931400515108,0.10626479815687233,0.1035931400515108,0.1035931400515108,0.1035931400515108,0.1035931400515108,0.1035931400515108,0.1035931400515108,0.09865876712893568,0.10626479815687233,0.10120316818419796,0.10626479815687233,0.10626479815687233,0.09865876712893568,0.10626479815687233,0.1035931400515108,0.10120316818419796,0.10626479815687233,0.22916666666666666,0.22916666666666666,0.15277777777777776,0.3125,0.3125,0.3125,0.22916666666666666,0.3125,0.22916666666666666,0.22916666666666666,0.22916666666666666,0.22916666666666666,0.22916666666666666,0.22916666666666666,0.15277777777777776,0.3125,0.2361111111111111,0.3125,0.3125,0.15277777777777776,0.3125,0.22916666666666666,0.2361111111111111,0.3125
3,24,0.10674237385502539,0.09740752514513804,0.11254694432213024,0.27215952932098764,0.14004629629629628,0.36979166666666663,3,False,3,0,0,0,0,76,54,7,16,32,1,52,75,19,33,43,8,31,13,41,94,88,28,4,86,82,92,40,58,0.11254694432213024,0.11254694432213024,0.10971734353948906,0.10449126110942733,0.10449126110942733,0.09740752514513804,0.11254694432213024,0.11254694432213024,0.10449126110942733,0.10449126110942733,0.10971734353948906,0.10449126110942733,0.10449126110942733,0.09991965677806096,0.10971734353948906,0.10491709251729248,0.10491709251729248,0.10449126110942733,0.10449126110942733,0.09991965677806096,0.10718608167904842,0.11254694432213024,0.10718608167904842,0.11254694432213024,0.36979166666666663,0.36979166666666663,0.2864583333333333,0.21006944444444442,0.21006944444444442,0.14004629629629628,0.36979166666666663,0.36979166666666663,0.21006944444444442,0.21006944444444442,0.2864583333333333,0.21006944444444442,0.21006944444444442,0.22337962962962962,0.2864583333333333,0.2997685185185185,0.2997685185185185,0.21006944444444442,0.21006944444444442,0.22337962962962962,0.2934027777777778,0.36979166666666663,0.2934027777777778,0.36979166666666663
4,24,0.11063281882993549,0.09582981353248936,0.12112871390712321,0.2906619727366255,0.12837577160493824,0.4223090277777778,4,False,4,0,0,0,0,76,54,105,7,16,32,1,52,75,111,33,43,112,19,96,88,8,107,106,40,28,4,31,98,0.12112871390712321,0.11808335442858496,0.10753858838607169,0.11535908238757993,0.1048349052634947,0.1048349052634947,0.09582981353248936,0.11808335442858496,0.11808335442858496,0.11072401923743505,0.10753858838607169,0.11535908238757993,0.11072401923743505,0.1048349052634947,0.12112871390712321,0.11072401923743505,0.10753858838607169,0.10753858838607169,0.11535908238757993,0.11007817489808147,0.1048349052634947,0.1048349052634947,0.1048349052634947,0.11535908238757993,0.4223090277777778,0.3389756944444444,0.2758969907407407,0.34592013888888884,0.19256365740740738,0.19256365740740738,0.12837577160493824,0.3389756944444444,0.3389756944444444,0.35812114197530864,0.2758969907407407,0.34592013888888884,0.35812114197530864,0.19256365740740738,0.4223090277777778,0.35812114197530864,0.2758969907407407,0.2758969907407407,0.34592013888888884,0.2689525462962963,0.19256365740740738,0.19256365740740738,0.19256365740740738,0.34592013888888884
5,24,0.1159374140609043,0.09396998189034132,0.12897051423620146,0.31363245750814467,0.11767779063786005,0.4116110468106996,5,False,2,0,0,0,0,76,123,142,16,32,128,111,54,105,132,33,43,1,52,75,19,7,88,122,112,106,96,8,124,0.12897051423620146,0.12332791642236789,0.10736452748284013,0.10736452748284013,0.10466522051521766,0.1259950672077194,0.11579163381595112,0.1228273602306248,0.1127343150108359,0.11877789001847203,0.10990000344505797,0.12022726565897243,0.09396998189034132,0.1228273602306248,0.1259950672077194,0.10466522051521766,0.12332791642236789,0.11579163381595112,0.1127343150108359,0.11877789001847203,0.12022726565897243,0.12897051423620146,0.10990000344505797,0.10736452748284013,0.3871166087962963,0.4004267939814814,0.2598500192901234,0.2598500192901234,0.1765166859567901,0.3940610532407407,0.32827771347736623,0.3107277199074074,0.33623890817901225,0.4116110468106996,0.25290557484567894,0.3170934606481481,0.11767779063786005,0.3107277199074074,0.3940610532407407,0.1765166859567901,0.4004267939814814,0.32827771347736623,0.33623890817901225,0.4116110468106996,0.3170934606481481,0.3871166087962963,0.25290557484567894,0.2598500192901234
6,24,0.1218684952072099,0.09187054913701001,0.13947978891337703,0.31700928962334246,0.10787130808470503,0.450391227816358,6,False,2,0,0,0,0,76,123,142,16,32,128,111,54,105,132,144,1,52,75,19,7,33,43,122,112,164,106,160,167,0.13947978891337703,0.1305097345743451,0.1092300658166944,0.1092300658166944,0.10402719351425245,0.13309468384265893,0.1200832096211853,0.1267550864159823,0.11717356858462222,0.12608911619445834,0.13947978891337703,0.09187054913701001,0.1267550864159823,0.13309468384265893,0.10402719351425245,0.13387556932007008,0.11159232948155068,0.124293264061955,0.11717356858462222,0.12608911619445834,0.1274987765718359,0.1274987765718359,0.13387556932007008,0.11204709974908834,0.4381902247299383,0.3670578944830246,0.23819585101594645,0.23819585101594645,0.16180696212705759,0.3612226321373456,0.30092123735425236,0.2848337432484568,0.30821899916409456,0.3773101262431413,0.4381902247299383,0.10787130808470503,0.2848337432484568,0.3612226321373456,0.16180696212705759,0.450391227816358,0.23183011027520567,0.2906690055941357,0.30821899916409456,0.3773101262431413,0.37400233892746904,0.37400233892746904,0.450391227816358,0.3215291843492798
7,24,0.12424919472845518,0.08957165418484625,0.14917169962216048,0.29174359087136575,0.0988820324109796,0.4261688106835133,7,False,2,0,0,0,0,76,123,142,16,32,128,170,132,144,1,52,75,111,54,105,7,189,33,43,122,112,182,19,167,0.14917169962216048,0.13682496211753273,0.11330470048804292,0.11045604856675882,0.10296794405545209,0.1393071226918917,0.11330470048804292,0.13257057488337556,0.14917169962216048,0.08957165418484625,0.12986312838445596,0.1393071226918917,0.12358326877627042,0.12986312838445596,0.12083556213276217,0.1436681997521849,0.13738256249129593,0.11264380324157071,0.12754923996934783,0.12083556213276217,0.13257057488337556,0.10562347841024984,0.10562347841024984,0.11598045710178709,0.4016743726691101,0.33646973660943924,0.3016795300979509,0.21834619676461758,0.14832304861646944,0.33112074612590014,0.3016795300979509,0.3458676157228795,0.4016743726691101,0.0988820324109796,0.26109759797775206,0.33112074612590014,0.2758444675747313,0.26109759797775206,0.2825340825670867,0.41285862549832814,0.4261688106835133,0.21251093441893854,0.26644658846129105,0.2825340825670867,0.3458676157228795,0.2316563819498028,0.2316563819498028,0.2947350856535065
8,24,0.12787811682176783,0.08711067874782154,0.1579136634512448,0.26743162496541867,0.09064186304339797,0.39065474312655385,8,False,2,0,0,0,0,76,123,142,16,32,128,170,132,144,1,52,75,111,54,105,7,189,33,43,122,112,182,19,167,0.1579136634512448,0.14222205239260713,0.11663195586985962,0.11107651499158289,0.10153528247798899,0.1445853403959078,0.11663195586985962,0.13816305503329443,0.1579136634512448,0.08711067874782154,0.13216577221915132,0.1445853403959078,0.1262951472855493,0.13216577221915132,0.12371874189805351,0.15256482073568345,0.14643485191168937,0.11309156942304299,0.13000548554639998,0.12371874189805351,0.13816305503329443,0.10661352299452247,0.10661352299452247,0.11915429648599414,0.3682015082800176,0.30843059189198596,0.27653956925645495,0.20015068036756611,0.135962794565097,0.3035273506154085,0.27653956925645495,0.3170453144126395,0.3682015082800176,0.09064186304339797,0.23933946481293938,0.3035273506154085,0.25285742861017035,0.23933946481293938,0.2589895756864961,0.3784537400401341,0.39065474312655385,0.194801689884027,0.2442427060895168,0.2589895756864961,0.3170453144126395,0.2123516834539859,0.2123516834539859,0.27017382851571425
9,24,0.13403059238933088,0.08452201546780204,0.16987899207737672,0.2797719002351439,0.08308837445644814,0.4208513825900161,9,False,2,0,0,0,0,76,123,237,16,32,239,170,132,226,142,217,144,128,111,54,105,7,189,33,43,1,75,216,219,0.16987899207737672,0.1504583222081495,0.10979290417783467,0.11399874259516864,0.09977652794962316,0.12471116179382148,0.1192145045605642,0.14283370256323796,0.13713990421756764,0.1192145045605642,0.1504583222081495,0.16560797670835334,0.1489082182424058,0.12823820918856602,0.13369199914433266,0.12583811571394668,0.1604586205449845,0.15453870410277357,0.11297932012702314,0.13168749627674456,0.08452201546780204,0.1489082182424058,0.16987899207737672,0.11399874259516864,0.4208513825900161,0.3660613759009871,0.2779890431661537,0.2668047903369356,0.12463256168467224,0.33099267613940475,0.2534946051517504,0.2906248715449195,0.30272784274519443,0.2534946051517504,0.3660613759009871,0.3375180492566828,0.2782334047307911,0.23178597622598948,0.2193945094118611,0.23740711104595474,0.3469159283701229,0.358100181199341,0.17856821572702472,0.22388914724872372,0.08308837445644814,0.2782334047307911,0.4208513825900161,0.2668047903369356
10,24,0.13987828464402224,0.08183695556986462,0.18080302365486478,0.27812604758698645,0.07616434325174412,0.4188895945759048,10,False,3,0,0,0,0,255,76,123,237,241,16,32,239,170,132,226,142,217,144,128,111,54,105,7,189,33,1,216,261,0.13050345031553065,0.18080302365486478,0.16176175493517275,0.1122695883964201,0.16176175493517275,0.11620570136910621,0.09773757360493614,0.12943170908680543,0.12107023544185942,0.14657355034284095,0.14120854979707095,0.12107023544185942,0.15769481921228104,0.1721909713143463,0.15227767924087313,0.12944492785064968,0.1344824707902149,0.13050345031553065,0.16727666522675702,0.16161067944233012,0.11235515412387342,0.08183695556986462,0.18080302365486478,0.15620490739330897,0.30095651845879184,0.38578043404084805,0.4188895945759048,0.2548232895689742,0.4188895945759048,0.24457105780885763,0.11424651487761621,0.3034099531277877,0.23237005472243782,0.26640613224950954,0.2775005225164282,0.23237005472243782,0.3355562612425715,0.3093915451519592,0.2550472876698918,0.212470478207157,0.2011116336275393,0.30095651845879184,0.31800626767261264,0.3282584994327292,0.163687531083106,0.07616434325174412,0.38578043404084805,0.3383806210032252
11,24,0.14223462852592506,0.07908367221853821,0.19054851955412508,0.26515383108794244,0.06981731464743211,0.38398212836124607,11,False,3,0,0,0,0,255,76,123,237,241,16,32,239,170,132,226,281,144,273,128,111,54,105,7,142,33,1,216,261,0.13430855491933202,0.19054851955412508,0.1720692343681994,0.11405965243855695,0.1720692343681994,0.11771999659633016,0.09546217669913135,0.13329713364574036,0.12222949826113103,0.15324732879138916,0.14437414503725327,0.13777236091257836,0.17763073689386916,0.15324732879138916,0.15471535229593486,0.12995800693041454,0.1345866440285049,0.13777236091257836,0.17297805972591637,0.12222949826113103,0.11126969983978449,0.07908367221853821,0.19054851955412508,0.1624533695780485,0.27587680858722585,0.35363206453744406,0.38398212836124607,0.23358801543822635,0.38398212836124607,0.22419013632478615,0.10472597197114819,0.2781257903671387,0.213005883495568,0.3275389545620504,0.2543754789733925,0.3592101419205592,0.2836089163892959,0.3275389545620504,0.23379334703073415,0.19476460502322723,0.18435233082524435,0.3592101419205592,0.2915057453665616,0.213005883495568,0.15004690349284716,0.06981731464743211,0.35363206453744406,0.3101822359196231
12,24,0.15205329555084127,0.09538968891282482,0.2041518311074342,0.2854783260175742,0.1689896365898073,0.43531695099780887,12,False,3,0,0,0,0,255,76,123,237,297,16,32,239,170,132,226,241,273,289,294,128,111,54,105,7,281,144,292,261,0.13725702960045538,0.2041518311074342,0.18125265021517528,0.11519107782538851,0.16299210868044392,0.1185751972674272,0.09538968891282482,0.13630924191039714,0.12273238158483239,0.16299210868044392,0.14665769871954049,0.18592714035829522,0.15889423999938515,0.2041518311074342,0.09538968891282482,0.1562590521887872,0.1298276682609656,0.134060119442789,0.14412187689181122,0.17755098524407079,0.14412187689181122,0.18192383032875642,0.18592714035829522,0.16762262873060138,0.25288707453829035,0.40749605915932374,0.35198361766447556,0.2141223474850408,0.38357737501521283,0.2055076249643873,0.17933214097355252,0.25494864116987714,0.19525539320427066,0.38357737501521283,0.23317752239227646,0.43531695099780887,0.3002440416818795,0.40749605915932374,0.17933214097355252,0.21431056811150628,0.17853422127129162,0.1689896365898073,0.3292759634271793,0.2672135999193481,0.3292759634271793,0.2599748400235212,0.43531695099780887,0.2843337162596545
13,24,0.15842645019131754,0.09488299858116123,0.22205120806576203,0.29306857583028506,0.15490716687399003,0.4823738717479915,13,False,4,0,0,0,0,323,330,76,123,255,297,16,32,239,170,333,237,241,273,289,294,313,128,111,54,105,132,226,281,0.20381064240631622,0.15336097780472546,0.22205120806576203,0.1892226499868728,0.139369898290785,0.17167161082508622,0.11881325126366966,0.09488299858116123,0.13848746448306917,0.122626145489025,0.1898648530170396,0.11570117893277014,0.20381064240631622,0.16349450809792732,0.21646850410241905,0.09488299858116123,0.22205120806576203,0.15695928932069092,0.12910919247510716,0.13296228834978982,0.15336097780472546,0.17167161082508622,0.14809545506328453,0.1495052503530692,0.4823738717479915,0.38516963314158104,0.4568713875627134,0.32265164952576925,0.23181315166009947,0.3516125937639451,0.18838198955068836,0.16438779589242314,0.23370292107238738,0.1789841104372481,0.32164360335489445,0.19627881852795406,0.4823738717479915,0.2752237048750562,0.3735380542293801,0.16438779589242314,0.4568713875627134,0.1964513541022141,0.16365636949868398,0.15490716687399003,0.38516963314158104,0.3516125937639451,0.21374606219292008,0.30183629980824767
14,24,0.16675575667246964,0.09398477368448449,0.23872655082652766,0.2904046688769809,0.14199823630115752,0.5255093824356589,14,False,4,0,0,0,0,323,330,76,123,255,297,16,32,239,170,333,348,237,241,273,289,294,336,128,111,54,105,132,226,0.2263784361315044,0.16159966614889576,0.23872655082652766,0.1959268049666688,0.1406824367164459,0.17920169154539636,0.11848208735963431,0.09398477368448449,0.13986570523122036,0.12196289110708124,0.1965362621240324,0.2263784361315044,0.11563417121584164,0.2263784361315044,0.16705314004181923,0.22735547135434991,0.09398477368448449,0.2263784361315044,0.15687596818538765,0.12786076275756914,0.13135431098648315,0.16159966614889576,0.17920169154539636,0.14873558998263864,0.5255093824356589,0.35307216371311595,0.41879877193248727,0.29576401206528846,0.21249538902175785,0.32231154428361636,0.17268349042146433,0.15068881290138786,0.21422767764968842,0.16406876790081076,0.29483996974198656,0.5255093824356589,0.17992225031729123,0.5255093824356589,0.25228839613546816,0.3424098830435984,0.15068881290138786,0.5255093824356589,0.1800804079270296,0.15001833870712697,0.14199823630115752,0.35307216371311595,0.32231154428361636,0.19593389034351008
15,24,0.1728610551467077,0.09273853219995486,0.25393177697489094,0.26967650202612137,0.13751681048153305,0.481716933899354,0,False,4,0,0,0,0,323,330,76,123,255,297,16,32,239,170,333,348,237,241,273,289,294,336,128,111,380,105,132,226,0.2481029608749778,0.16875693451417986,0.25393177697489094,0.2013464183208548,0.14124104323809547,0.18553312924778045,0.11763346938676951,0.09273853219995486,0.1404892177688375,0.12079751549799364,0.20192046663197594,0.2481029608749778,0.1150389590467137,0.2481029608749778,0.16959623452919934,0.2367170774685929,0.09273853219995486,0.2481029608749778,0.1560753829140531,0.126141633463406,0.13263200289369861,0.16875693451417986,0.18553312924778045,0.14863508996216174,0.481716933899354,0.3236494834036896,0.38389887427144664,0.27111701105984776,0.19478743993661135,0.29545224892664834,0.15829319955300897,0.1381314118262722,0.19637537117888104,0.1503963705757432,0.27026997226348765,0.481716933899354,0.16492872945751696,0.481716933899354,0.23126436312417914,0.3138757261232985,0.1381314118262722,0.481716933899354,0.1650737072664438,0.13751681048153305,0.21349838327606105,0.3236494834036896,0.29545224892664834,0.17960606614821756
16,24,0.17804075420491658,0.09118752327219899,0.2685974026756197,0.24720346019061123,0.12605707627473864,0.4415738560744078,0,False,4,0,0,0,0,323,330,76,123,255,297,16,32,239,170,333,348,237,241,273,289,294,336,128,111,380,105,132,226,0.2685974026756197,0.17478483264091915,0.2674779978127659,0.20549243277580054,0.1411002909420451,0.19064859014067068,0.11632113783773212,0.09118752327219899,0.1404116513889781,0.11918597305753972,0.20602941544138506,0.2685974026756197,0.11396719059605705,0.2685974026756197,0.17116712194126757,0.2445022160321118,0.09118752327219899,0.2685974026756197,0.154627574637695,0.12401062348181956,0.1331960573089071,0.17478483264091915,0.19064859014067068,0.1478569148538358,0.4415738560744078,0.2966786931200488,0.35190730141549276,0.24852392680486043,0.17855515327522706,0.27083122818276095,0.14510209959025822,0.12662046084074952,0.18001075691397428,0.13786333969443126,0.24774747457486365,0.4415738560744078,0.15118466866939054,0.4415738560744078,0.21199233286383087,0.2877194156130236,0.12662046084074952,0.4415738560744078,0.15131756499424015,0.12605707627473864,0.1957068513363893,0.2966786931200488,0.27083122818276095,0.16463889396919942
17,24,0.18245760873587002,0.08937383617329883,0.2875335717705187,0.23007539406361585,0.11555231991851041,0.4047760347348738,0,False,5,0,0,0,0,429,323,330,76,123,255,297,16,32,239,170,333,348,237,241,273,289,294,336,128,111,380,132,226,0.1842992142796378,0.2875335717705187,0.17966565266579954,0.27923350984921524,0.2084008451321028,0.14032025432114043,0.19455874660689862,0.1145992504184379,0.08937383617329883,0.13969236323297282,0.117183843869536,0.2088999917159078,0.2875335717705187,0.11247160113645552,0.2875335717705187,0.17182256183557673,0.2506999721067052,0.08937383617329883,0.2875335717705187,0.15260407998374298,0.12152491857792895,0.13309759308229763,0.19455874660689862,0.14646750481095355,0.3552888020267114,0.4047760347348738,0.27195546869337806,0.3225816929642017,0.22781359957112204,0.16367555716895812,0.24826195916753085,0.1330102579577367,0.11606875577068705,0.1650098605044764,0.12637472805322866,0.227101851693625,0.4047760347348738,0.13858594628027465,0.4047760347348738,0.1943263051251783,0.26374279764527164,0.11606875577068705,0.4047760347348738,0.1387077679113868,0.11555231991851041,0.17939794705835685,0.24826195916753085,0.1509189861384328
18,24,0.18590537958330047,0.08733771820261046,0.3046485564297707,0.21090244455831453,0.10592295992530121,0.37104469850696764,1,False,5,0,0,0,0,429,323,330,76,123,255,297,16,32,239,170,333,348,237,241,273,289,294,336,128,111,380,132,226,0.19258137805144587,0.3046485564297707,0.18340829635147288,0.28912108273964915,0.21012796691340352,0.1389641653498211,0.19729793304968418,0.112521115328916,0.08733771820261046,0.13839405448937014,0.11484519445794793,0.2105892639014086,0.3046485564297707,0.11060464615824224,0.3046485564297707,0.17162916471357387,0.2553343192397029,0.08733771820261046,0.3046485564297707,0.15007607282790347,0.11873915663987115,0.13239304636877916,0.19729793304968418,0.14453465824403158,0.3256814018578188,0.37104469850696764,0.24929251296892987,0.2956998852171849,0.2088291329401952,0.15003592740487828,0.2275734625702366,0.12192606979459196,0.10639635945646313,0.15125903879577005,0.1158435007154596,0.20817669738582292,0.37104469850696764,0.1270371174235851,0.37104469850696764,0.17813244636474676,0.24176423117483234,0.10639635945646313,0.37104469850696764,0.12714878725210457,0.10592295992530121,0.1644481181368271,0.2275734625702366,0.13834240396023006
19,24,0.19693453180062437,0.08511707815915585,0.3279932789632571,0.21985124283184912,0.09709604659819276,0.42345764029805366,2,False,5,0,0,0,0,429,323,330,76,123,255,297,16,32,239,170,456,348,237,241,273,289,294,336,128,111,380,333,468,0.20472081300266065,0.31974703074705396,0.1860441899537008,0.2971132453821196,0.21074579604310265,0.13709642261686505,0.19891965955431343,0.11013819872444482,0.08511707815915585,0.13658075673858935,0.11222170653501282,0.20472081300266065,0.3279932789632571,0.10841741129272833,0.31974703074705396,0.17066015021742037,0.2584583494720701,0.08511707815915585,0.31974703074705396,0.14711288182086535,0.11570476380775192,0.1311419424096168,0.21116985615507497,0.3279932789632571,0.3818746183696672,0.34012430696472035,0.2285181368881857,0.2710582281157528,0.19142670519517893,0.13753293345447176,0.20860900735605023,0.11176556397837596,0.09752999616842453,0.13865411889612253,0.10618987565583796,0.3818746183696672,0.42345764029805366,0.11645069097161966,0.34012430696472035,0.1632880758343512,0.22161721191026296,0.09752999616842453,0.34012430696472035,0.11655305498109585,0.09709604659819276,0.1507441082920915,0.19082863927033766,0.42345764029805366
20,24,0.19858889613783312,0.08274715001793918,0.3493397379870433,0.2166907118706626,0.08900470938167669,0.4333850668388616,0,False,5,0,0,0,0,429,323,330,76,123,255,297,16,32,239,170,456,348,237,484,241,273,289,294,336,111,480,380,333,0.2210778324276317,0.3326999050497888,0.1876230520494521,0.3032262449886548,0.21576228271135897,0.13478095341186655,0.19949223325663878,0.10749938002101503,0.08274715001793918,0.1343161702493129,0.10936204361456843,0.21551960060330633,0.3493397379870433,0.10595877647349262,0.21576228271135897,0.3326999050497888,0.16899250727122203,0.2601484269356426,0.08274715001793918,0.3326999050497888,0.11246950688703469,0.2210778324276317,0.12940499971636574,0.21072562837915246,0.4333850668388616,0.31178061471766033,0.20947495881417022,0.24847004243944007,0.25880781309558065,0.12607185566659912,0.1912249234097127,0.10245176698017797,0.08940249648772249,0.12709960898811232,0.0973407193511848,0.35005173350552826,0.38816950360654917,0.10674646672398468,0.25880781309558065,0.31178061471766033,0.1496807361814886,0.20314911091774104,0.08940249648772249,0.31178061471766033,0.08900470938167669,0.4333850668388616,0.13818209926775055,0.17492625266447617
21,24,0.20652660949249638,0.08026029129813228,0.36841600831180316,0.2171292735623648,0.08158765026653697,0.4806029779356231,0,False,5,0,0,0,0,429,323,330,76,123,255,297,16,32,239,170,456,348,237,484,241,273,289,294,336,504,333,111,508,0.24221122518783117,0.34344012324553747,0.1882087532617598,0.3075132798518006,0.22510676874327526,0.13207991164776817,0.1990946686647807,0.10465042455401467,0.08026029129813228,0.1316623385164721,0.10631142284892985,0.22487466476474954,0.36841600831180316,0.10327480615851727,0.21944724335277957,0.34344012324553747,0.16670458404845936,0.26049856344281225,0.08026029129813228,0.34344012324553747,0.24221122518783117,0.20934779083875035,0.10907722736142562,0.22510676874327526,0.4806029779356231,0.285798896824522,0.1920187122463227,0.22776420556948673,0.32057382867094897,0.11556586769438253,0.17528951312556998,0.0939141197318298,0.08195228844707894,0.11650797490576961,0.08922899273858606,0.3208807557134009,0.35582204497267006,0.09785092783031928,0.2372404953376156,0.285798896824522,0.13720734149969788,0.18622001834126262,0.08195228844707894,0.285798896824522,0.4806029779356231,0.16034906494243648,0.08158765026653697,0.32057382867094897
22,24,0.20884614585941638,0.07768589175928964,0.38502964086138297,0.2097551131034153,0.07512293107648903,0.4405527297743212,0,False,5,0,0,0,0,429,323,330,76,123,255,297,536,239,170,456,348,237,484,241,16,32,273,289,294,336,504,333,542,0.2621371802187888,0.3519564270649077,0.1878754418457291,0.3100575061875149,0.23294668709509167,0.12905268329479772,0.1978130063669888,0.07968940417611321,0.12867863168702928,0.10311135930782753,0.23272650567270708,0.38502964086138297,0.10040833491004371,0.2275724313435606,0.3519564270649077,0.10163364170695915,0.07968940417611321,0.16387410697113183,0.259615227000982,0.07768589175928964,0.3519564270649077,0.2621371802187888,0.20713152328686893,0.2275724313435606,0.4405527297743212,0.2619823220891451,0.17601715289246245,0.20878385510536282,0.29385934294836985,0.10593537871985065,0.16068205369843913,0.15845626440982236,0.10679897699695548,0.08179324334370389,0.29414069273728416,0.3261702078916142,0.08969668384445934,0.3008037873928143,0.2619823220891451,0.08608794308751064,0.15845626440982236,0.12577339637472304,0.17070168347949072,0.07512293107648903,0.2619823220891451,0.4405527297743212,0.1469866428639001,0.3008037873928143
23,24,0.2115416660610688,0.07505037003801517,0.39906432689116533,0.19227552034479733,0.06886268682011494,0.4038400022931277,0,False,5,0,0,0,0,429,323,330,76,123,255,297,536,239,170,456,348,237,484,241,16,32,273,289,294,336,504,333,542,0.28053765434946853,0.35828585070044155,0.18670405040120414,0.31096520964190594,0.23926264612483808,0.1257551645279795,0.19573710730100083,0.07880397982376133,0.12542100468624165,0.09979955142386322,0.23905533262440018,0.39906432689116533,0.097398717383408,0.2341977688351179,0.35828585070044155,0.09848769722560155,0.07880397982376133,0.1605766074581904,0.2576127170051559,0.07505037003801517,0.35828585070044155,0.28053765434946853,0.20417312461466033,0.2341977688351179,0.4038400022931277,0.24015046191504968,0.16134905681809056,0.19138520051324925,0.269371064369339,0.09710743049319642,0.14729188255690254,0.14525157570900382,0.09789906224720919,0.07497713973172856,0.2696289683425105,0.2989893572339797,0.08222196019075438,0.2757368051100798,0.24015046191504968,0.07891394783021809,0.14525157570900382,0.11529228001016278,0.15647654318953316,0.06886268682011494,0.24015046191504968,0.4038400022931277,0.13473775595857507,0.2757368051100798
24,24,0.21320204120356986,0.07237723827897058,0.4104736647867175,0.1762525603160642,0.06312412958510535,0.3701866687687004,0,False,5,0,0,0,0,429,323,330,76,123,255,297,536,239,170,456,348,237,484,241,16,32,273,289,294,336,504,333,542,0.29715830008745187,0.36250560758490624,0.18477924921351258,0.3103594249757243,0.24407002468522523,0.12223927498871452,0.19295794803087588,0.07764070478249532,0.12194149277168935,0.09640987888763976,0.24387616198781553,0.4104736647867175,0.09428171311974444,0.23932972542223394,0.36250560758490624,0.09524755037213281,0.07764070478249532,0.15688422168223137,0.25460917575858044,0.07237723827897058,0.36250560758490624,0.29715830008745187,0.20056768600702213,0.23932972542223394,0.3701866687687004,0.22013792342212887,0.14790330208324967,0.1754364338038118,0.24692347567189407,0.08901514461876338,0.13501755901049398,0.1331472777332535,0.08974080705994175,0.06872904475408452,0.24715988764730126,0.27407357746448135,0.07537013017485818,0.25275873801757315,0.22013792342212887,0.07233778551103325,0.1331472777332535,0.10568459000931588,0.14343683125707207,0.06312412958510535,0.22013792342212887,0.3701866687687004,0.12350960962869381,0.25275873801757315
25,24,0.21457641505128247,0.06968721744911371,0.4192729736251285,0.1682954464214165,0.05786378545301324,0.339337779704642,0,False,5,0,0,0,0,429,323,330,76,123,255,297,536,610,239,170,456,348,237,484,241,16,32,273,289,294,336,504,333,0.31181060928684934,0.3647249068348632,0.18218687187876004,0.30837419095853963,0.24741350630435288,0.11855266846274765,0.18956541103098715,0.07623569920521175,0.25360948536981726,0.11828790693095699,0.09297248742347872,0.25360948536981726,0.4192729736251285,0.0910894789036901,0.2430051168476929,0.3647249068348632,0.09194448933300821,0.07623569920521175,0.15286482085739508,0.25072325565815534,0.06968721744911371,0.3647249068348632,0.31181060928684934,0.19640725733842687,0.339337779704642,0.2017930964702848,0.13557802690964552,0.16081673098682747,0.2263465193659029,0.0815972159005331,0.12376609575961947,0.12205167125548236,0.3098965636766928,0.08226240647161327,0.0630016243579108,0.3098965636766928,0.25123411267577456,0.06908928599361999,0.23169550984944204,0.2017930964702848,0.06630963671844714,0.12205167125548236,0.09687754084187289,0.1314837619856494,0.05786378545301324,0.2017930964702848,0.339337779704642,0.11321714215963599
26,24,0.2147985654554454,0.06699838865882989,0.42553000159860493,0.15427082588629845,0.0530418033319288,0.31105963139592185,0,False,5,0,0,0,0,429,323,330,76,123,255,297,536,610,239,170,456,348,237,484,241,16,32,273,289,294,336,504,333,0.3243705142449899,0.36507710780094377,0.17901180875717726,0.3051495458915703,0.24936145723207076,0.11473860505166963,0.1856465418117487,0.07462384244496119,0.2616583908113557,0.11450369316153769,0.08951393826661842,0.2616583908113557,0.42553000159860493,0.08785064439184295,0.24528557416710406,0.36507710780094377,0.08860624147181265,0.07462384244496119,0.14858142627775314,0.24607142417877786,0.06699838865882989,0.36507710780094377,0.3243705142449899,0.19177946160812656,0.31105963139592185,0.18497700509776105,0.12427985800050838,0.14741533673792517,0.2074843094187443,0.07479744790882199,0.11345225444631785,0.11188069865085883,0.2840718500369684,0.07540720593231216,0.05775148899475157,0.2840718500369684,0.23029793661946,0.06333184549415166,0.21238755069532186,0.18497700509776105,0.06078383365857654,0.11188069865085883,0.08880441243838348,0.1205267818201786,0.0530418033319288,0.18497700509776105,0.31105963139592185,0.10378238031299966
27,24,0.21411548999675933,0.06432636831802038,0.4293552415518658,0.1414149237291069,0.04862165305426807,0.28513799544626167,1,False,5,0,0,0,0,429,323,330,76,123,255,297,536,610,239,170,456,348,237,484,241,16,32,273,289,294,336,504,333,0.33477423121645805,0.3637124994562987,0.17533634249724075,0.30082730397221497,0.2500004560154714,0.1108359518847378,0.18128423044223393,0.07283826675628348,0.2680170684007845,0.11062792253938274,0.08605740354791476,0.2680170684007845,0.4293552415518658,0.08459044990753493,0.24625208936534504,0.3637124994562987,0.08525713832171938,0.07283826675628348,0.144091863280661,0.24076586318967058,0.06432636831802038,0.3637124994562987,0.33477423121645805,0.18676650397226266,0.28513799544626167,0.1695622546729476,0.11392320316713267,0.13513072534309806,0.19019395030051559,0.06856432724975349,0.10399789990912468,0.10255730709662059,0.260399195867221,0.06912327210461948,0.0529388649118556,0.260399195867221,0.21110644190117164,0.05805419170297235,0.19468858813737835,0.1695622546729476,0.055718514187028494,0.10255730709662059,0.08140404473518485,0.11048288333516372,0.04862165305426807,0.1695622546729476,0.28513799544626167,0.09513384862024969
28,24,0.21259393912835214,0.06168449724895184,0.43089241433139036,0.12963034675168134,0.044569848633079064,0.26137649582573985,0,False,5,0,0,0,0,429,323,330,76,123,255,297,536,610,239,170,456,348,237,484,241,16,32,273,289,294,336,504,333,0.3430121443461055,0.36079188449639166,0.17123888607943485,0.2955476035469112,0.2494301966250772,0.10687928305257,0.17655626710579297,0.07090999847687657,0.27271600987371303,0.10669538255532594,0.08262289200664681,0.27271600987371303,0.43089241433139036,0.08133092849437355,0.24599987814644927,0.36079188449639166,0.08191831843596073,0.07090999847687657,0.13944861051826898,0.23491290323114214,0.06168449724895184,0.36079188449639166,0.3430121443461055,0.1814445188195912,0.26137649582573985,0.1554320667835353,0.10442960290320494,0.12386983156450655,0.17434445444213928,0.06285063331227403,0.09533140825003096,0.09401086483856887,0.23869926287828588,0.06336299942923453,0.04852729283586763,0.23869926287828588,0.19351423840940732,0.05321634239439132,0.17846453912593016,0.1554320667835353,0.051075304671442785,0.09401086483856887,0.07462037434058612,0.10127597639056674,0.044569848633079064,0.1554320667835353,0.26137649582573985,0.08720602790189555
29,24,0.21374717485252556,0.06886772509539842,0.4303095310623838,0.12692002543481407,0.044483351766211994,0.23959512117359485,0,False,5,0,0,0,0,429,323,330,76,123,255,297,536,610,239,714,170,456,348,237,484,241,16,32,273,289,336,504,333,0.34912147152796646,0.3564810596588891,0.16679307610398406,0.28944618361866226,0.2477589103614351,0.10289905334849225,0.1715347182865522,0.06886772509539842,0.2758158234706247,0.1027367440710789,0.13817267506039402,0.07922749239407803,0.2758158234706247,0.4303095310623838,0.07809111736463378,0.24463372220370985,0.3564810596588891,0.07860795422632139,0.06886772509539842,0.13817267506039402,0.22861192517880272,0.3564810596588891,0.34912147152796646,0.17588319895504467,0.23959512117359485,0.14247939455157402,0.09572713599460453,0.11354734560079767,0.15981574990529435,0.05761308053625119,0.08738712422919505,0.08617662610202145,0.21880765763842872,0.05808274947679831,0.15173534314553727,0.044483351766211994,0.21880765763842872,0.17738805187529003,0.0487816471948587,0.1635924941987693,0.14247939455157402,0.04681902928215589,0.08617662610202145,0.15173534314553727,0.09283631169135284,0.14247939455157402,0.23959512117359485,0.07993885891007092
30,24,0.2178738963779764,0.06673766700340306,0.4277908094779963,0.12354216408428316,0.040776405785694324,0.21962886107579527,0,False,5,0,0,0,0,429,323,330,76,123,255,297,536,610,239,714,170,456,348,237,484,241,740,336,504,333,16,273,289,0.35317835373317064,0.3509462147212318,0.16206717099101628,0.2826523226098847,0.24509938708747486,0.09892182429554969,0.16628557069799066,0.06673766700340306,0.2774010201054634,0.09877878212891354,0.13638047112936957,0.07588562454596383,0.2774010201054634,0.4277908094779963,0.07488728666962773,0.2422638861653239,0.3509462147212318,0.22767885077235173,0.3509462147212318,0.35317835373317064,0.1701456541127501,0.07534149164113374,0.13638047112936957,0.22767885077235173,0.21962886107579527,0.13060611167227618,0.08774987466172081,0.1040850668007312,0.14649777074651982,0.05281199049156359,0.08010486387676212,0.07899524059351966,0.20057368616855964,0.05324252035373178,0.13909073121674248,0.040776405785694324,0.20057368616855964,0.16260571421901585,0.044716509928620474,0.14995978634887186,0.13060611167227618,0.16843328571707344,0.13060611167227618,0.21962886107579527,0.07327728733423168,0.0429174435086429,0.13909073121674248,0.16843328571707344
31,24,0.21707518858984468,0.06454353403456049,0.42352960352145386,0.12556929771333855,0.037378371970219794,0.20132645598614565,0,False,5,0,0,0,0,429,323,330,76,123,255,297,536,610,239,714,170,456,348,237,484,241,753,336,504,333,740,746,289,0.35528988803228034,0.344350221827687,0.16117591082605454,0.2752873609529036,0.24156562486014402,0.09497052462902567,0.16086859300180395,0.06454353403456049,0.2775740747118849,0.09729066740121899,0.13413560818150158,0.07260929037193416,0.2775740747118849,0.42352960352145386,0.07173317600441052,0.23900265019390748,0.344350221827687,0.09729066740121899,0.344350221827687,0.35528988803228034,0.16428845075728654,0.2257791811107008,0.16117591082605454,0.2257791811107008,0.20132645598614565,0.11972226903291983,0.16377071843991076,0.09541131123400359,0.13428962318430981,0.04841099128393329,0.0734294585536986,0.07241230387739302,0.18385921232117966,0.1321389769909208,0.1274998369486806,0.037378371970219794,0.18385921232117966,0.14905523803409784,0.040990134101235434,0.13746313748646585,0.11972226903291983,0.1321389769909208,0.11972226903291983,0.20132645598614565,0.0671708467230457,0.154397178573984,0.16377071843991076,0.154397178573984
32,24,0.2112409539999435,0.062306548758211525,0.41772241217303935,0.12240765116266168,0.03426350763936814,0.23345649190325152,0,False,5,0,0,0,0,429,323,330,76,123,255,297,536,610,239,714,170,456,348,237,484,241,753,336,504,333,770,740,746,0.35558649886260746,0.33684975206005635,0.16373917326581416,0.26746372428155724,0.23727009839368277,0.09106473078015766,0.1553373698138568,0.062306548758211525,0.2764499747257531,0.09550309563352692,0.13150008446115702,0.06940831893821829,0.2764499747257531,0.41772241217303935,0.06864023121875418,0.23496145785285666,0.33684975206005635,0.09550309563352692,0.33684975206005635,0.35558649886260746,0.15836179070676923,0.16373917326581416,0.2230168652161574,0.15962252224865398,0.18454925132063352,0.10974541328017651,0.23345649190325152,0.08746036863116996,0.123098821252284,0.044376742010272176,0.06731033700755705,0.06637794522094359,0.1685376112944147,0.12112739557501073,0.11687485053629056,0.03426350763936814,0.1685376112944147,0.136633968197923,0.03757428959279915,0.12600787602926036,0.10974541328017651,0.12112739557501073,0.10974541328017651,0.18454925132063352,0.06157327616279189,0.23345649190325152,0.14153074702615198,0.15012315856991817
33,24,0.21321687680482437,0.06004552064482372,0.41056396258727745,0.12310964457170363,0.03140821533608746,0.21400178424464722,0,False,6,0,0,0,0,429,323,330,76,795,123,255,297,536,610,239,714,807,170,456,348,237,484,241,753,336,504,333,770,0.35421492384958864,0.3285931348041049,0.1653573076327986,0.26597128605256737,0.26597128605256737,0.23232160967832452,0.08722095590576309,0.14973946774841754,0.06004552064482372,0.2741513873261089,0.09345966872272349,0.12853326189189485,0.23618674196646483,0.0662906014275659,0.2741513873261089,0.41056396258727745,0.06561783594346704,0.23618674196646483,0.3285931348041049,0.09345966872272349,0.3285931348041049,0.35421492384958864,0.1524097919754323,0.1653573076327986,0.16917014704391406,0.10059996217349512,0.21400178424464722,0.1635053379119058,0.1635053379119058,0.112840586147927,0.040678680176082824,0.06170114225692729,0.06084644978586495,0.15449281035321347,0.11103344594375983,0.10713527965826634,0.19884055302682202,0.03140821533608746,0.15449281035321347,0.12524780418142942,0.03444309879339922,0.19884055302682202,0.10059996217349512,0.11103344594375983,0.10059996217349512,0.16917014704391406,0.05644216981589256,0.21400178424464722
34,24,0.2060683789862445,0.05777695745825809,0.4022433121693055,0.1198812521769654,0.02879086405808017,0.19616830222425993,0,False,6,0,0,0,0,429,323,330,76,795,123,255,297,536,610,239,714,807,170,456,832,348,237,484,241,753,504,333,817,0.35133198685438116,0.3279643865030249,0.16608395149269767,0.2633883171304799,0.2633883171304799,0.22682366673491938,0.08345293860940868,0.14411669878998395,0.05777695745825809,0.27080451088747926,0.09120174975993545,0.12529111642311974,0.2362193876993038,0.06326231307557384,0.27080451088747926,0.06428987877930836,0.4022433121693055,0.06428987877930836,0.2362193876993038,0.31971886468706817,0.09120174975993545,0.35133198685438116,0.14647084100170715,0.3279643865030249,0.15507263479025454,0.17554996532570388,0.19616830222425993,0.14987989308591365,0.14987989308591365,0.10343720396893308,0.037288790161409256,0.05655938040218335,0.05577591230370954,0.14161840949044568,0.10178065878177985,0.09820733968674414,0.18227050694125352,0.02879086405808017,0.14161840949044568,0.11490617389394929,0.11481048716631029,0.11490617389394929,0.18227050694125352,0.09221663199237053,0.10178065878177985,0.15507263479025454,0.05173865566456818,0.17554996532570388
35,24,0.20245146034337283,0.055515202414731984,0.39294088123682247,0.10989114782888493,0.026391625386573487,0.17982094370557158,0,False,6,0,0,0,0,429,323,330,76,795,123,255,297,536,610,239,714,807,170,456,832,348,237,484,241,753,504,333,817,0.34709924534930764,0.3258769037226232,0.16598262682518197,0.25983690000521115,0.25983690000521115,0.22087332699467416,0.07977192470847382,0.13850545173676562,0.055515202414731984,0.2665356245952279,0.08876802762518206,0.12182572669185249,0.2351580979995001,0.060328120239493674,0.2665356245952279,0.06280476995063,0.39294088123682247,0.06280476995063,0.2351580979995001,0.31035465805054524,0.08876802762518206,0.34709924534930764,0.14057799084704203,0.3258769037226232,0.1421499152244,0.1609208015485619,0.17982094370557158,0.13738990199542084,0.13738990199542084,0.09481743697152198,0.03418139098129182,0.0518460987020014,0.05112791961173374,0.12981687536624187,0.09329893721663152,0.09002339471284879,0.16708129802948238,0.026391625386573487,0.12981687536624187,0.10533065940278684,0.10524294656911776,0.10533065940278684,0.16708129802948238,0.08453191265967298,0.09329893721663152,0.1421499152244,0.047427101025854165,0.1609208015485619
36,24,0.19977400230879003,0.05327258769038169,0.38282630912231447,0.10654395024462134,0.024192323271025697,0.20927407682913576,0,False,7,0,0,0,0,429,323,330,76,795,123,867,255,297,536,610,239,714,807,170,456,832,348,237,241,753,504,333,817,0.3416785324565721,0.3224786340614203,0.1651235669072841,0.2620259193688843,0.2554381905683905,0.21456043830845517,0.2620259193688843,0.07618693724142217,0.13293706758935014,0.05327258769038169,0.26146831245430513,0.08619423719551074,0.1181849634638911,0.23310773385728475,0.05749137158868338,0.26146831245430513,0.06118963467593834,0.38282630912231447,0.06118963467593834,0.3006169637785485,0.08619423719551074,0.3416785324565721,0.13475938486969252,0.3224786340614203,0.13030408895569998,0.1475107347528484,0.1648358650634406,0.20927407682913576,0.12594074349580242,0.08691598389056181,0.20927407682913576,0.03133294173285083,0.04752559047683461,0.04686725964408926,0.11899880241905504,0.08552402578191222,0.08252144515344471,0.15315785652702552,0.024192323271025697,0.11899880241905504,0.09655310445255459,0.09647270102169127,0.09655310445255459,0.07748758660470023,0.08552402578191222,0.13030408895569998,0.043474842607032986,0.1475107347528484
37,24,0.19556132046618577,0.05105959670527133,0.37205701874354247,0.09766528772423622,0.022176296331773555,0.19183457042670776,0,False,7,0,0,0,0,429,323,330,76,795,123,867,255,297,536,610,239,714,807,170,456,832,348,237,241,753,504,333,817,0.3352283649458686,0.31791943182720317,0.16358092683132996,0.2628290947089569,0.25030995717193527,0.20796721146047484,0.2628290947089569,0.0727050314145172,0.12743823941741447,0.05105959670527133,0.25572131228437234,0.0835130086642862,0.11441234388120783,0.2301758424773433,0.05475427304889499,0.25572131228437234,0.059469647772638086,0.37205701874354247,0.059469647772638086,0.2906108399085346,0.0835130086642862,0.3352283649458686,0.12903868972134058,0.31791943182720317,0.11944541487605831,0.13521817352344437,0.15109954297482056,0.19183457042670776,0.11544568153781888,0.07967298523301498,0.19183457042670776,0.02872186325511326,0.04356512460376506,0.04296165467374849,0.10908223555080045,0.07839702363341954,0.07564465805732432,0.14039470181644004,0.022176296331773555,0.10908223555080045,0.0885070124148417,0.08843330926988366,0.0885070124148417,0.07103028772097521,0.07839702363341954,0.11944541487605831,0.039851939056446906,0.13521817352344437
38,24,0.18029375463144368,0.04888502923622591,0.3607773748839767,0.0930058225394721,0.02032827163745909,0.1758483562244821,0,False,7,0,0,0,0,429,323,330,76,795,123,867,255,297,536,610,239,714,919,456,832,348,237,241,753,807,170,333,817,0.32790115503233536,0.31234740467529304,0.16143040813074608,0.2623501016433803,0.24456470188349083,0.20116806188997582,0.2623501016433803,0.07111958660853934,0.12203142135415596,0.04888502923622591,0.2494069246793348,0.0807538211845917,0.1105470173698789,0.07111958660853934,0.2494069246793348,0.057667898330931576,0.3607773748839767,0.057667898330931576,0.2804301162922111,0.0807538211845917,0.2264697789586186,0.05211804661693698,0.1234355252619549,0.31234740467529304,0.10949163030305345,0.12394999239649067,0.1385079143935855,0.1758483562244821,0.10582520807633397,0.0730335697969304,0.1758483562244821,0.10966170798385383,0.039934697553451304,0.039381516784269446,0.0999920492549004,0.07186393833063458,0.06934093655254729,0.10966170798385383,0.0999920492549004,0.08113142804693822,0.08106386683072668,0.08113142804693822,0.0651110970775606,0.07186393833063458,0.1286951433317367,0.02032827163745909,0.03653094413507633,0.12394999239649067
39,24,0.1697813415114632,0.04675616480836389,0.34911832717988567,0.09002914547016844,0.018634249001004168,0.1611943265391086,0,False,7,0,0,0,0,429,323,330,76,947,123,867,255,297,536,610,795,919,456,832,348,237,241,753,239,714,170,333,817,0.31984114331794244,0.30590603023169677,0.15874729935148793,0.26070203948231696,0.07995318263962761,0.1942296639853196,0.26070203948231696,0.06937472826372777,0.11673523492181843,0.04675616480836389,0.24262990919881663,0.23830829787404437,0.06937472826372777,0.24262990919881663,0.055805332001708105,0.34911832717988567,0.055805332001708105,0.270157773485049,0.07794303843238716,0.07995318263962761,0.1066238536108641,0.04958307351621123,0.11796588215595599,0.30590603023169677,0.100367327777799,0.11362082636344978,0.12696558819412004,0.1611943265391086,0.14920861013641504,0.06694743898051954,0.1611943265391086,0.10052323231853268,0.03660680609066369,0.03609972371891366,0.0916593784836587,0.09700644073663947,0.10052323231853268,0.0916593784836587,0.07437047570969336,0.07430854459483278,0.07437047570969336,0.05968517232109722,0.0658752768030817,0.14920861013641504,0.06356252517316835,0.018634249001004168,0.03348669879048663,0.11362082636344978
40,24,0.16506168108272537,0.04467892099331982,0.3371974380733834,0.08252671668098772,0.017081394917587152,0.14776146599418286,0,False,7,0,0,0,0,429,323,330,76,947,123,867,255,297,536,610,795,919,456,832,348,237,241,753,239,714,170,333,817,0.3111829599607584,0.2987319730940586,0.15560491379121827,0.2580031838335058,0.07886029878597493,0.18721116793847845,0.2580031838335058,0.06749968372689448,0.11156486389688515,0.04467892099331982,0.23548679327515268,0.23163907163373285,0.06749968372689448,0.23548679327515268,0.05390075494440708,0.3371974380733834,0.05390075494440708,0.259866478187888,0.07510400640211429,0.07886029878597493,0.10267360683551553,0.04714902241209641,0.11264252054003099,0.2987319730940586,0.09200338379631574,0.10415242416649563,0.1163851225112767,0.14776146599418286,0.13677455929171378,0.06136848573214291,0.14776146599418286,0.09214629629198828,0.033556238916441716,0.033091413409004185,0.0840210969433538,0.08892257067525285,0.09214629629198828,0.0840210969433538,0.06817293606721891,0.06811616587859672,0.06817293606721891,0.054711407961005785,0.06038567040282489,0.13677455929171378,0.05826564807540432,0.017081394917587152,0.030696140557946075,0.10415242416649563
41,24,0.15844099701461567,0.04265800421683591,0.3251192071777962,0.09435522290563385,0.0281381288447839,0.20871001268407097,0,False,6,0,0,0,0,429,323,330,1003,123,867,255,76,947,919,456,832,348,237,297,536,988,795,170,333,817,241,610,1005,0.30205071859273,0.29095351940157804,0.15207339194035363,0.07951095934675996,0.1801645360932221,0.2543733988743136,0.06552140294668031,0.2543733988743136,0.07951095934675996,0.06552140294668031,0.22806552173320982,0.05197088526651624,0.3251192071777962,0.05197088526651624,0.10653243141714722,0.04265800421683591,0.07951095934675996,0.22464725857695184,0.045970737597771615,0.10747534529261632,0.29095351940157804,0.24961922536270384,0.22806552173320982,0.045970737597771615,0.08433643514662276,0.09547305548595432,0.10668636230200364,0.20871001268407097,0.05625444525446433,0.13544801049466762,0.08446743826765592,0.13544801049466762,0.20871001268407097,0.08446743826765592,0.07701933886474098,0.062491858061617334,0.062439818722046986,0.062491858061617334,0.030759885673404905,0.0303337956249205,0.20871001268407097,0.08151235645231511,0.0989912786744549,0.0281381288447839,0.09547305548595432,0.0501521239642553,0.07701933886474098,0.0989912786744549
42,24,0.1473602873639299,0.04069705147022358,0.3129756154346861,0.09372120812680347,0.025793284774385243,0.19131751162706503,1,False,6,0,0,0,0,429,323,330,1003,123,867,255,76,947,919,456,832,1017,348,237,297,536,988,795,170,333,817,241,1005,0.2925575504076328,0.2826895410426635,0.1482188281419251,0.07974208097176667,0.17313496253809343,0.24993120267503469,0.06346445592888435,0.24993120267503469,0.07974208097176667,0.06510119874795957,0.22044537999743002,0.05003043969276358,0.06510119874795957,0.3129756154346861,0.05003043969276358,0.10164735506457064,0.04069705147022358,0.07974208097176667,0.21741476399640286,0.044709062574112,0.10247175514581848,0.2826895410426635,0.23947004622828336,0.044709062574112,0.07730839888440419,0.08751696752879146,0.09779583211017,0.19131751162706503,0.051566574816592305,0.12416067628677864,0.07742848507868459,0.12416067628677864,0.19131751162706503,0.16076181841201792,0.07060106062601257,0.05728420322314922,0.16076181841201792,0.05723650049520974,0.05728420322314922,0.02819656186728783,0.02780597932284379,0.19131751162706503,0.07471966008128884,0.09074200545158365,0.025793284774385243,0.08751696752879146,0.045972780300567354,0.09074200545158365
43,24,0.1429690633240738,0.03879876195165938,0.3008468242858504,0.09285555189401429,0.023643844376519806,0.17537438565814295,0,False,6,0,0,0,0,429,323,330,1003,123,867,255,76,947,919,456,832,1017,348,1051,237,297,536,988,795,170,333,817,241,0.28280549235273933,0.27404890233135887,0.14410267738614543,0.0795852282483178,0.1661613460909426,0.2447914493382994,0.06135100727974132,0.2447914493382994,0.0795852282483178,0.06441944972944508,0.2126971308640285,0.04809224509528767,0.06441944972944508,0.3008468242858504,0.044500471925868604,0.04809224509528767,0.09691667728304647,0.03879876195165938,0.0795852282483178,0.21001516697552775,0.044500471925868604,0.09763696422193055,0.27404890233135887,0.22946474950068652,0.07086603231070383,0.08022388690139216,0.08964617943432249,0.17537438565814295,0.047269360248542946,0.11381395326288042,0.07097611132212754,0.11381395326288042,0.17537438565814295,0.14736500021101642,0.06471763890717819,0.052510519621220116,0.14736500021101642,0.052466792120608924,0.166513504997285,0.052510519621220116,0.025846848378347175,0.025488814379273476,0.17537438565814295,0.06849302174118144,0.166513504997285,0.023643844376519806,0.08022388690139216,0.042141715275520075
44,24,0.13843500094408856,0.03696501815701794,0.2888019762827161,0.08511758923617978,0.02167352401180982,0.16075985351996436,0,False,6,0,0,0,0,429,323,330,1003,123,867,255,76,947,919,456,832,1017,348,1051,237,297,536,988,795,170,333,817,241,0.27288565200822884,0.2651302267667963,0.13978139782077667,0.0790747819482511,0.1592767926203272,0.239063572561266,0.059200851017167454,0.239063572561266,0.0790747819482511,0.06350609536910008,0.20488331228397025,0.04616736630691955,0.06350609536910008,0.2888019762827161,0.044105453544709045,0.04616736630691955,0.09234536976500529,0.03696501815701794,0.0790747819482511,0.20251391176904207,0.044105453544709045,0.09297429560583868,0.2651302267667963,0.21964167038569965,0.06496052961814518,0.07353856299294281,0.08217566448146228,0.16075985351996436,0.0433302468944977,0.10432945715764039,0.06506143537861692,0.10432945715764039,0.16075985351996436,0.13508458352676506,0.05932450233158,0.048134642986118435,0.13508458352676506,0.04809455944389151,0.15263737958084458,0.048134642986118435,0.02369294434681824,0.02336474651433402,0.16075985351996436,0.06278526992941631,0.15263737958084458,0.02167352401180982,0.07353856299294281,0.038629905669226736
45,24,0.13379956162857098,0.03519699631752957,0.27690005377155424,0.07802445679983144,0.01986739701082567,0.1473631990599673,0,False,6,0,0,0,0,429,323,330,1003,123,867,255,76,947,919,456,832,1017,348,1051,237,297,536,988,795,170,333,817,241,0.2628785814085853,0.25602194878564905,0.13530628649901374,0.07824665651454478,0.1525091277645,0.2328503245225018,0.057031490924302236,0.2328503245225018,0.07824665651454478,0.06239071879293649,0.19705865131008823,0.044265243273844734,0.06239071879293649,0.27690005377155424,0.0435443727660322,0.044265243273844734,0.08793661141954467,0.03519699631752957,0.07824665651454478,0.194968638564751,0.0435443727660322,0.08848544733416763,0.25602194878564905,0.21003240794610398,0.059547152149966406,0.06741034941019758,0.07532769244134042,0.1473631990599673,0.039719392986622894,0.09563533572783701,0.059639649097065504,0.09563533572783701,0.1473631990599673,0.12382753489953463,0.054380793803948335,0.04412342273727523,0.12382753489953463,0.04408667949023388,0.13991759794910752,0.04412342273727523,0.02171853231791672,0.021417684304806183,0.1473631990599673,0.05755316410196495,0.13991759794910752,0.01986739701082567,0.06741034941019758,0.03541074686345784
46,24,0.12910028439738813,0.03349526636278457,0.26519076135089104,0.07152241873317883,0.01821178059325686,0.1350829324716367,0,False,6,0,0,0,0,429,323,330,1003,123,867,255,76,947,919,456,832,1017,348,1051,237,297,536,988,795,170,333,817,241,0.2528548019386887,0.24680258405773917,0.1307234692904386,0.07713721779555346,0.14588140551848602,0.22624693978965918,0.0548582538617465,0.22624693978965918,0.07713721779555346,0.06110197237475102,0.18927055678226726,0.04239383205316767,0.06110197237475102,0.26519076135089104,0.0428375394864634,0.04239383205316767,0.08369204026702884,0.03349526636278457,0.07713721779555346,0.18742961291532723,0.0428375394864634,0.08417073173914799,0.24680258405773917,0.20066253660028707,0.05458488947080254,0.061792820292681114,0.06905038473789539,0.1350829324716367,0.03640944357107098,0.08766572441718393,0.05466967833897671,0.08766572441718393,0.1350829324716367,0.11350857365790674,0.04984906098695264,0.040446470842502295,0.11350857365790674,0.040412789532714384,0.12825779812001523,0.040446470842502295,0.01990865462475699,0.01963287727940567,0.1350829324716367,0.05275706709346786,0.12825779812001523,0.01821178059325686,0.061792820292681114,0.03245985129150302
47,24,0.1270345428296876,0.03185988179016339,0.2537154056399186,0.0846951771591916,0.016694132210485456,0.20715935476566696,1,False,6,0,0,0,0,429,323,330,1003,123,867,255,76,947,919,456,832,1017,348,1051,1136,536,988,795,170,333,1128,817,237,0.24913916831173458,0.2375411609948644,0.12607401011107894,0.0757823986875727,0.13941240188436857,0.21934065447707765,0.052694425523091414,0.21934065447707765,0.07773682018301842,0.05966714308889129,0.1815596601868602,0.04055974541593725,0.05966714308889129,0.2537154056399186,0.04200477543333827,0.07773682018301842,0.03185988179016339,0.0757823986875727,0.17994022012099195,0.04200477543333827,0.08002928947116045,0.24913916831173458,0.2375411609948644,0.04055974541593725,0.13336948201490234,0.056643418601624355,0.06329618600973744,0.12382602143233362,0.03337532327348173,0.08036024738241859,0.05011387181072865,0.08036024738241859,0.20715935476566696,0.10404952585308118,0.04569497257137325,0.037075931605627103,0.10404952585308118,0.03704505707165485,0.11756964827668062,0.20715935476566696,0.017996804172788528,0.12382602143233362,0.048360644835678875,0.11756964827668062,0.016694132210485456,0.13336948201490234,0.056643418601624355,0.037075931605627103
48,24,0.12449536883201417,0.030290459961066135,0.2446459094654939,0.0848206488706207,0.015302954526278334,0.19684051964630583,0,False,6,0,0,0,0,429,323,330,1003,123,867,255,76,947,919,456,832,1017,348,1051,1136,536,988,795,1155,333,1128,817,237,0.2446459094654939,0.22829776513396233,0.12139410920841061,0.07613105150407012,0.1331170858669587,0.21221051465808194,0.050551400035016195,0.21221051465808194,0.07792893070674987,0.05811184105173017,0.17396038027828037,0.03876838988058383,0.05811184105173017,0.24250775254657184,0.0410650807939063,0.07792893070674987,0.030290459961066135,0.07421700146729045,0.1725374972353651,0.07613105150407012,0.07605927977413009,0.2446459094654939,0.22829776513396233,0.03876838988058383,0.12225535851366047,0.051923133718155656,0.05802150384225931,0.19684051964630583,0.030594046334024915,0.07366356010055038,0.04593771582650126,0.07366356010055038,0.1898960752018614,0.09537873203199107,0.04188705819042548,0.03398627063849151,0.09537873203199107,0.033957968982350276,0.10777217758695723,0.1898960752018614,0.016497070491722818,0.11350718631297248,0.0443305910993723,0.19684051964630583,0.015302954526278334,0.12225535851366047,0.051923133718155656,0.03398627063849151
49,24,0.12044988819894954,0.028786253433545055,0.23948700641611742,0.07775226146473566,0.014027708315755139,0.18043714300911368,1,False,6,0,0,0,0,429,323,330,1003,123,867,255,76,947,919,456,832,1017,348,1051,1136,536,988,795,1155,333,1128,817,237,0.23948700641611742,0.21912415651630743,0.11671536482529737,0.07609893218969628,0.12700706260938593,0.2049274138429318,0.04843883652440803,0.2049274138429318,0.07774468550039881,0.05645979367981788,0.16650149242702722,0.037024096887320126,0.05645979367981788,0.23159484775581943,0.040036389486976014,0.07774468550039881,0.028786253433545055,0.0724741698719694,0.1652526810428953,0.07609893218969628,0.07225804873228604,0.23948700641611742,0.21912415651630743,0.037024096887320126,0.11206741197085543,0.04759620590830935,0.05318637852207103,0.18043714300911368,0.02804454247285617,0.06752493009217117,0.04210957284095949,0.06752493009217117,0.17407140226837292,0.08743050436265848,0.038396470007890024,0.031154081418617214,0.08743050436265848,0.031128138233821084,0.09879116278804412,0.17407140226837292,0.015122314617412582,0.10404825412022477,0.0406363751744246,0.18043714300911368,0.014027708315755139,0.11206741197085543,0.04759620590830935,0.031154081418617214
50,24,0.11689688405123792,0.027346212991223716,0.2337688622025534,0.07863578969561102,0.012858732622775544,0.16540071442502086,2,False,6,0,0,0,0,429,323,330,1003,123,867,255,1206,76,947,919,456,832,1017,348,1051,1136,536,988,795,1155,333,1128,817,0.2337688622025534,0.21006442787360108,0.11206507693383207,0.07571814173172178,0.12109098547043534,0.19755430623075693,0.04756056190139976,0.04756056190139976,0.19755430623075693,0.07721785786941723,0.05473272805605973,0.15920668825524606,0.035330246547534354,0.05473272805605973,0.2209977906770972,0.03893540126829231,0.07721785786941723,0.027346212991223716,0.07058501080728545,0.1581117552776321,0.07571814173172178,0.0686222772701121,0.2337688622025534,0.21006442787360108,0.10272846097328414,0.043629855415950235,0.048754180311898446,0.16540071442502086,0.025707497266784823,0.06189785258449024,0.12193377510421287,0.12193377510421287,0.06189785258449024,0.15956545207934184,0.0801446289991036,0.035196764173899185,0.02855790796706578,0.0801446289991036,0.028534126714335993,0.09055856588904043,0.15956545207934184,0.0138621217326282,0.0953775662768727,0.037250010576555886,0.16540071442502086,0.012858732622775544,0.10272846097328414,0.043629855415950235
51,24,0.10675416764584551,0.02596904304893765,0.22759114243264897,0.08042191315644444,0.011787171570877582,0.15679924324917832,0,False,7,0,0,0,0,429,323,330,1003,1234,123,867,255,1206,76,947,919,456,832,1017,348,1051,1136,536,988,795,1155,333,1128,0.22759114243264897,0.2011556782285961,0.10746657573376357,0.07502262570370424,0.054315909353166804,0.11537493541811966,0.19014654973631853,0.04655344828391882,0.04655344828391882,0.19014654973631853,0.07638362153973202,0.054315909353166804,0.1520951149745913,0.033689382982496005,0.05295032505817526,0.21073245571330684,0.03777747868304126,0.07638362153973202,0.02596904304893765,0.06857834433897458,0.15113598453134935,0.07502262570370424,0.06514811068996225,0.22759114243264897,0.09416775589217713,0.039994034131287715,0.044691331952573576,0.1516173215562691,0.15679924324917832,0.023565205827886085,0.05673969820244938,0.11177262717886179,0.11177262717886179,0.05673969820244938,0.14626833107273002,0.15679924324917832,0.03226370049274092,0.02617808230314363,0.07346590991584497,0.02615628282147466,0.0830120187316204,0.14626833107273002,0.012706944921575848,0.08742943575379997,0.03414584302850956,0.1516173215562691,0.011787171570877582,0.09416775589217713
52,24,0.10233965326463258,0.024653250113903548,0.2210460209806448,0.09061024942772021,0.01164803284477786,0.22231587809324668,0,False,7,0,0,0,0,429,323,330,1003,1234,123,867,255,1261,1206,76,1269,947,919,456,832,1017,348,1051,1136,536,795,1155,1128,0.2210460209806448,0.1924286823871623,0.10293956117461349,0.07404707778533083,0.05368748524744576,0.10986276731947134,0.18275233998967297,0.0454381566696928,0.03293126258187225,0.0454381566696928,0.18275233998967297,0.07595674550507701,0.0752775098292059,0.05368748524744576,0.14518188701247653,0.03293126258187225,0.051130230265557755,0.20081015756420814,0.036576597342308996,0.0752775098292059,0.024653250113903548,0.14434242577892625,0.07595674550507701,0.2210460209806448,0.08632044290116236,0.036661197953680405,0.04096705428985911,0.13898254475991334,0.14373263964508012,0.021601438675562242,0.05201139001891193,0.1024582415806233,0.10732990877788168,0.1024582415806233,0.05201139001891193,0.22231587809324668,0.13407930348333585,0.14373263964508012,0.029575058785012504,0.10732990877788168,0.06734375075619121,0.02397659258635177,0.07609435050398536,0.13407930348333585,0.01164803284477786,0.031300356109467097,0.22231587809324668,0.08632044290116236
53,24,0.09890703631427496,0.023397184963512493,0.2142177627674488,0.08305939530874351,0.010677363441046372,0.20378955491880946,1,False,7,0,0,0,0,429,323,330,1003,1234,123,867,255,1261,1206,76,1269,947,919,456,832,1017,348,1051,1136,536,795,1155,1128,0.2142177627674488,0.18390854176372395,0.09850044285748304,0.07282603412944873,0.05287247156289499,0.10455642360698289,0.17541320328465826,0.044234031943896114,0.03210234864264507,0.044234031943896114,0.17541320328465826,0.07646839477639714,0.07393456757700372,0.05287247156289499,0.13847856507544565,0.03210234864264507,0.04928810838884243,0.1912382594720356,0.03534533888072603,0.07393456757700372,0.023397184963512493,0.1377444112945099,0.07646839477639714,0.2142177627674488,0.07912707265939883,0.033606098124207034,0.03755313309903752,0.12740066602992056,0.13175491967465677,0.019801318785932054,0.047677107517335934,0.09392005478223803,0.0983857497130582,0.09392005478223803,0.047677107517335934,0.20378955491880946,0.12290602819305786,0.13175491967465677,0.027110470552928128,0.0983857497130582,0.06173177152650861,0.02197854320415579,0.06975315462865324,0.12290602819305786,0.010677363441046372,0.028691993100344836,0.20378955491880946,0.07912707265939883
54,24,0.09543782736502648,0.022199079171907284,0.20718257969723416,0.07613777903301489,0.009787583154292507,0.18680709200890866,2,False,7,0,0,0,0,429,323,330,1003,1234,123,867,255,1261,1206,76,1269,947,919,456,832,1017,348,1051,1136,536,795,1155,1128,0.20718257969723416,0.17561530610314907,0.09416267230673295,0.07139315027601016,0.05189543551231158,0.0994562164530886,0.1681645226156883,0.042958958326607455,0.031215999193752026,0.042958958326607455,0.1681645226156883,0.07658505126580065,0.07238868427580125,0.05189543551231158,0.1319935998307078,0.031215999193752026,0.047437729788876656,0.18202072496589536,0.034094917073164324,0.07238868427580125,0.022199079171907284,0.13135199901671293,0.07658505126580065,0.20718257969723416,0.07253314993778226,0.03080558994718978,0.034423705340784386,0.1167839438607605,0.12077534303510204,0.01815120888710438,0.0437040152242246,0.08609338355038486,0.09018693723697002,0.08609338355038486,0.0437040152242246,0.18680709200890866,0.11266385917696971,0.12077534303510204,0.024851264673517448,0.09018693723697002,0.05658745723263289,0.020146997937142808,0.06394039174293213,0.11266385917696971,0.009787583154292507,0.0263009936753161,0.18680709200890866,0.07253314993778226
55,24,0.0944647832209211,0.021057076581163438,0.20516690886534839,0.07924099521660805,0.00897195122476813,0.17123983434149959,3,False,7,0,0,0,0,429,323,330,1003,1234,123,867,255,1261,1206,76,1269,947,1325,919,456,832,1017,1343,1051,1136,536,795,1128,0.2000087017776833,0.1675645590209595,0.0899370617994427,0.06978064592357142,0.05078005005307982,0.0969998020943032,0.16103607639326198,0.04162927999994999,0.030284495914396355,0.04162927999994999,0.16103607639326198,0.07633790711846589,0.07067209149499253,0.0969998020943032,0.05078005005307982,0.12573273896620626,0.030284495914396355,0.04559107944730071,0.20516690886534839,0.032835228815999234,0.07067209149499253,0.021057076581163438,0.1251723882206493,0.20516690886534839,0.0664887207763004,0.02823845745159063,0.031555063229052355,0.10705194853903045,0.1107107311155102,0.0999719414798457,0.04006201395553922,0.07891893492118612,0.08267135913388918,0.07891893492118612,0.04006201395553922,0.17123983434149959,0.10327520424555556,0.0999719414798457,0.1107107311155102,0.022780325950724326,0.08267135913388918,0.05187183579658015,0.14982205410963373,0.05861202576435445,0.10327520424555556,0.00897195122476813,0.02410924420237309,0.14982205410963373
56,24,0.09471340731362503,0.029319006019145936,0.20239724576908918,0.08305771746524436,0.02088196545483063,0.17497427968985857,0,False,8,0,0,0,0,429,323,330,1003,1234,123,867,1349,255,1261,1206,76,1269,947,1325,919,456,832,1017,1343,1051,1136,795,1128,0.19275661233882363,0.1597679629712756,0.08583208574074822,0.06801889910257268,0.0495487613316502,0.09679716879985292,0.15405257413766701,0.09679716879985292,0.0402597745106458,0.029319006019145936,0.0402597745106458,0.15405257413766701,0.07576050277503414,0.06881500476314735,0.09436354124787275,0.0495487613316502,0.11969939758877343,0.029319006019145936,0.04375848043976775,0.20239724576908918,0.03157492291735545,0.06881500476314735,0.11921029974238033,0.20239724576908918,0.06094799404494203,0.025885252663958077,0.028925474626631323,0.09813095282744458,0.10148483685588434,0.17497427968985857,0.036723512792577614,0.17497427968985857,0.07234235701108728,0.07578207920606507,0.07234235701108728,0.036723512792577614,0.1569698481463746,0.09466893722509259,0.09164094635652523,0.10148483685588434,0.02088196545483063,0.07578207920606507,0.0475491828135318,0.13733688293383092,0.05372769028399158,0.09466893722509259,0.022100140518841998,0.13733688293383092
57,24,0.08773889522828714,0.028329578026720762,0.19896796214244553,0.08583752852254935,0.02025846214227183,0.17636110045122733,1,False,8,0,0,0,0,429,323,330,1003,1234,123,867,1349,255,1261,1206,76,1269,947,1325,919,456,832,1017,1383,1051,1384,795,1128,0.18547940344188804,0.15223376136094824,0.081854162021019,0.06613616957459999,0.04822255499795438,0.09616555043963666,0.1472341774354565,0.09616555043963666,0.03886366770961957,0.028329578026720762,0.03886366770961957,0.1472341774354565,0.07488754748127158,0.06684538902051029,0.09158497022034873,0.0494662105127642,0.11683233480043631,0.028329578026720762,0.04194872549713485,0.0494662105127642,0.030321480825967053,0.11683233480043631,0.11346832104553535,0.19896796214244553,0.055868994541196856,0.023728148275294902,0.026515018407745377,0.08995337342515752,0.09302776711789398,0.16039308971570368,0.03366322005986281,0.16039308971570368,0.06631382726016334,0.06946690593889297,0.06631382726016334,0.03366322005986281,0.14388902746751003,0.08677985912300154,0.08400420082681478,0.17636110045122733,0.10247513500026142,0.06946690593889297,0.043586750912404146,0.17636110045122733,0.04925038276032562,0.10247513500026142,0.02025846214227183,0.125892142689345
58,24,0.08098488234174292,0.027325163813052875,0.17822321458510504,0.09811559429553045,0.018570256963749178,0.24499767541362505,2,False,9,0,0,0,0,429,323,330,1003,1404,1234,123,867,1349,255,1261,1206,76,1269,947,1325,919,456,832,1411,1383,1384,795,1017,0.17822321458510504,0.14496723714796778,0.07800791193334584,0.0641584310785836,0.07565604008919546,0.04682080664421569,0.09514866382115665,0.1405969977522488,0.09514866382115665,0.037452680333416824,0.027325163813052875,0.037452680333416824,0.1405969977522488,0.07565604008919546,0.0647888270438511,0.08869828696946806,0.04916252778306199,0.11373678119562902,0.027325163813052875,0.050430425114549086,0.050430425114549086,0.11373678119562902,0.10794721718192911,0.040169211595804694,0.05121324499609712,0.02175080258568699,0.024305433540433262,0.08245725897306105,0.2152316085118842,0.08527545319140281,0.1470269989060617,0.03085795172154091,0.1470269989060617,0.06078767498848306,0.06367799711065189,0.06078767498848306,0.03085795172154091,0.2152316085118842,0.07954820419608474,0.07700385075791355,0.1616643420802917,0.0939355404169063,0.06367799711065189,0.24499767541362505,0.24499767541362505,0.0939355404169063,0.018570256963749178,0.0399545216697038
59,24,0.08029444177483182,0.026313660336750717,0.17102772437453914,0.09700521838840748,0.022279980745397155,0.2245812024624896,3,False,9,0,0,0,0,429,323,330,1003,1404,1234,123,867,1349,255,1261,1206,76,1269,947,1325,919,456,832,1411,1417,1383,1384,1017,0.17102772437453914,0.14152939192262226,0.07429639811272529,0.06210929290107686,0.07601468180556552,0.04536120198031205,0.0937907435704758,0.1341535653932107,0.0937907435704758,0.0360370977283552,0.026313660336750717,0.0360370977283552,0.1341535653932107,0.07601468180556552,0.06266847145261079,0.08573432145373416,0.048659990008983835,0.11045872649548864,0.026313660336750717,0.05109369705905587,0.14152939192262226,0.05109369705905587,0.11045872649548864,0.03842607368893225,0.04694547457975569,0.10327156903687976,0.022279980745397155,0.07558582072530597,0.19729564113589385,0.07816916542545257,0.13477474899722322,0.028286455744745833,0.13477474899722322,0.05572203540610947,0.0583714973514309,0.05572203540610947,0.028286455744745833,0.19729564113589385,0.07291918717974434,0.07058686319475409,0.14819231357360071,0.08610757871549744,0.0583714973514309,0.2245812024624896,0.10327156903687976,0.2245812024624896,0.08610757871549744,0.03662497819722848
60,24,0.07795951868341398,0.025301965418711343,0.1639266707626745,0.08892145018937352,0.020423315683280725,0.20586610225728214,4,False,9,0,0,0,0,429,323,330,1003,1404,1234,123,867,1349,255,1261,1206,76,1269,947,1325,919,456,832,1411,1417,1383,1384,1017,0.1639266707626745,0.13781021131124066,0.07072134062431595,0.060009992787806755,0.07599229817578092,0.04385971330618984,0.09213547256581617,0.12791326606203585,0.09213547256581617,0.03462585558102209,0.025301965418711343,0.03462585558102209,0.12791326606203585,0.07599229817578092,0.06050506267741522,0.08272058899650407,0.04798119415915979,0.10704020105708871,0.025301965418711343,0.05147051503214527,0.13781021131124066,0.05147051503214527,0.10704020105708871,0.03672431468018745,0.04303335169810938,0.0946656049504731,0.020423315683280725,0.06928700233153047,0.18085433770790268,0.07165506830666486,0.12354351991412128,0.025929251099350344,0.12354351991412128,0.051078532455600345,0.05350720590547832,0.051078532455600345,0.025929251099350344,0.18085433770790268,0.06684258824809898,0.06470462459519125,0.135842954109134,0.07893194715587265,0.05350720590547832,0.20586610225728214,0.0946656049504731,0.20586610225728214,0.07893194715587265,0.033572896680792774
61,24,0.07553999418043837,0.024296042906183018,0.15694838068264014,0.08912439181776906,0.018721372709673997,0.18871059373584195,5,False,7,0,0,0,0,429,323,330,1003,1404,1234,1473,255,1261,1206,76,1269,947,123,867,1349,1383,1384,1325,919,456,832,1411,1417,0.15694838068264014,0.13386569716665997,0.06728331181573516,0.05787944514271848,0.07562087732342235,0.042330620146146636,0.03408354784964651,0.03408354784964651,0.024296042906183018,0.03322663579173661,0.12188274316452223,0.07562087732342235,0.05831699734007827,0.0902251389952064,0.12188274316452223,0.0902251389952064,0.051579026919839115,0.10351920725964027,0.07968140623073727,0.0471485000104884,0.10351920725964027,0.024296042906183018,0.051579026919839115,0.13386569716665997,0.03944723905660026,0.08677680453793367,0.018721372709673997,0.0635130854705696,0.1657831428989108,0.06568381261444278,0.13015532141763364,0.13015532141763364,0.04904827208002179,0.04682198808430031,0.023768480174404482,0.1657831428989108,0.0612723725607574,0.1132482265879445,0.023768480174404482,0.1132482265879445,0.18871059373584195,0.07235428489288326,0.059312572545591975,0.12452270793337282,0.07235428489288326,0.04904827208002179,0.18871059373584195,0.08677680453793367
62,24,0.07395461178955015,0.023300993423224538,0.15011629440277624,0.089277188839478,0.017161258317201163,0.17298471092452178,6,False,7,0,0,0,0,429,323,330,1003,1404,1234,1473,255,1493,76,1269,947,123,867,1349,1383,1261,1206,1384,1325,919,456,1411,1417,0.15011629440277624,0.12974708065273519,0.06398191089150757,0.055734330557254734,0.0749342809109749,0.04183844532636339,0.03343872922909633,0.03343872922909633,0.04183844532636339,0.11606626530533976,0.0749342809109749,0.056120433659529456,0.08809999929179403,0.11606626530533976,0.08809999929179403,0.051439996851081936,0.023300993423224538,0.03184596777798742,0.09992975773874317,0.07663805218835906,0.04618358943630732,0.09992975773874317,0.051439996851081936,0.12974708065273519,0.03615996913521691,0.07954540415977253,0.017161258317201163,0.05822032834802213,0.15196788099066824,0.14354349489657256,0.11930904463283083,0.11930904463283083,0.14354349489657256,0.021787773493204106,0.15196788099066824,0.056166341514027614,0.10381087437228247,0.021787773493204106,0.10381087437228247,0.17298471092452178,0.044960916073353306,0.04292015574394195,0.06632476115180964,0.05436985816679264,0.11414581560559174,0.06632476115180964,0.17298471092452178,0.07954540415977253
63,24,0.0715560526818093,0.022321127686943616,0.14344947371853067,0.08183742310285481,0.0157311534574344,0.15856931834747828,7,False,7,0,0,0,0,429,323,330,1003,1404,1234,1473,255,1493,76,1269,947,123,867,1349,1383,1261,1206,1384,1325,919,456,1411,1417,0.14344947371853067,0.12550072619017744,0.060815919395766235,0.053589214818062496,0.07396714418458547,0.04120112556637171,0.03270659730654317,0.03270659730654317,0.04120112556637171,0.11046605940219974,0.07396714418458547,0.05392942262162685,0.08579782240615122,0.11046605940219974,0.08579782240615122,0.051075871276268656,0.022321127686943616,0.030489331506992175,0.09630199502015738,0.07360895998398478,0.04510713192660675,0.09630199502015738,0.051075871276268656,0.12550072619017744,0.03314663837394883,0.07291662047979149,0.0157311534574344,0.05336863431902028,0.13930389090811254,0.13158153698852484,0.10936662424676159,0.10936662424676159,0.13158153698852484,0.019972125702103764,0.13930389090811254,0.05148581305452531,0.09515996817459225,0.019972125702103764,0.09515996817459225,0.15856931834747828,0.04121417306724053,0.03934347609861345,0.06079769772249217,0.04983903665289326,0.10463366430512576,0.06079769772249217,0.15856931834747828,0.07291662047979149
64,24,0.06750906247582245,0.021360040045420237,0.13696308623725123,0.08167833333928988,0.0144202240026482,0.14535520848518843,8,False,7,0,0,0,0,429,323,330,1003,1404,1234,1473,255,1493,76,1269,947,1539,123,867,1349,1383,1261,1206,1384,1325,919,1411,1417,0.13696308623725123,0.1211681674878875,0.057783438926991074,0.05278375106173574,0.0727539666897089,0.040437801728370484,0.03190153206713369,0.03190153206713369,0.040437801728370484,0.10508261054952565,0.0727539666897089,0.05175605564147747,0.05278375106173574,0.0833535894395862,0.10508261054952565,0.0833535894395862,0.05050996963169219,0.021360040045420237,0.029161259427003965,0.0926623706942114,0.07060992721120372,0.043938543924898925,0.05050996963169219,0.1211681674878875,0.03038441850945309,0.06684023543980885,0.0144202240026482,0.13225458145910193,0.1276952333324365,0.12061640890614776,0.10025273889286479,0.10025273889286479,0.12061640890614776,0.018307781893595117,0.1276952333324365,0.04719532863331487,0.13225458145910193,0.08722997082670957,0.018307781893595117,0.08722997082670957,0.14535520848518843,0.03777965864497049,0.036064853090395664,0.05573122291228449,0.045685783598485484,0.0959141922796986,0.14535520848518843,0.06684023543980885
65,24,0.06559723581620434,0.020420680469466115,0.13066886056205887,0.07995546007452188,0.013218538669094183,0.13324227444475606,9,False,7,0,0,0,0,429,323,330,1003,1404,1234,1473,255,1493,76,1269,947,1539,123,867,1349,1383,1261,1206,1384,1571,1325,1411,1417,0.13066886056205887,0.11678624451869296,0.05488201247670562,0.05181560565443695,0.0713283855799821,0.039566913088949704,0.03103695309245919,0.03103695309245919,0.039566913088949704,0.09991493025568027,0.0713283855799821,0.050890074873898614,0.05181560565443695,0.08079932294163429,0.09991493025568027,0.08079932294163429,0.04976580476548261,0.020420680469466115,0.02786543520066169,0.08903386577593017,0.050890074873898614,0.06765433556164849,0.04976580476548261,0.11678624451869296,0.027852383633665333,0.06127021581982478,0.013218538669094183,0.1212333663375101,0.11705396388806677,0.1105650414973021,0.09189834398512606,0.09189834398512606,0.1105650414973021,0.01678213340246219,0.11705396388806677,0.12659571791387197,0.1212333663375101,0.07996080659115043,0.01678213340246219,0.07996080659115043,0.13324227444475606,0.03463135375788961,0.03305944866619603,0.05108695433626078,0.12659571791387197,0.04187863496527836,0.13324227444475606,0.06127021581982478
66,24,0.06637812479124196,0.019505423711761383,0.12457550921580042,0.07961524649921077,0.012116993780003001,0.12213875157435972,10,False,7,0,0,0,0,429,323,330,1003,1404,1234,1473,255,1598,76,1269,947,1539,123,867,1349,1383,1493,1384,1571,1325,1411,1417,1261,0.12457550921580042,0.11238731463475672,0.05210873079973327,0.050708440888091344,0.06972261698451285,0.038605939377715184,0.03012522979049767,0.03012522979049767,0.09740982567278025,0.09496079499832913,0.06972261698451285,0.049877543887614055,0.050708440888091344,0.07816402162230555,0.09740982567278025,0.07816402162230555,0.0488665305553177,0.038605939377715184,0.08543623716953763,0.049877543887614055,0.0647533722674626,0.0488665305553177,0.11238731463475672,0.019505423711761383,0.025531351664193222,0.056164364501506046,0.012116993780003001,0.11113058580938426,0.10729946689739453,0.10135128803919359,0.08424014865303221,0.08424014865303221,0.09871695561892369,0.01538362228559034,0.10729946689739453,0.11604607475438264,0.11113058580938426,0.07329740604188789,0.09871695561892369,0.07329740604188789,0.12213875157435972,0.10135128803919359,0.046829708141572376,0.11604607475438264,0.03838874871817183,0.12213875157435972,0.056164364501506046,0.03174540761139881
67,24,0.06363030499854744,0.01861613474172042,0.1186891177377199,0.08312387190003373,0.011107244298336084,0.19529385560982976,11,False,7,0,0,0,0,429,323,330,1003,1404,1234,1473,255,1598,76,1269,947,1539,123,867,1349,1383,1493,1384,1571,1629,1411,1417,1261,0.1186891177377199,0.10799951527050967,0.049460325200726914,0.04948470747898659,0.06796704707595462,0.03757121970772293,0.029177635426476976,0.029177635426476976,0.09472911690708685,0.09021695722920318,0.06796704707595462,0.04874092223582505,0.04948470747898659,0.07547367840395722,0.09472911690708685,0.07547367840395722,0.04783450875226073,0.03757121970772293,0.08188627811442936,0.04874092223582505,0.04906815658801915,0.04906815658801915,0.10799951527050967,0.01861613474172042,0.02340373902551045,0.051484000793047206,0.011107244298336084,0.10186970365860223,0.09835784465594498,0.09290534736926079,0.07722013626527953,0.07722013626527953,0.09049054265068004,0.014101653761791145,0.09835784465594498,0.10637556852485075,0.10186970365860223,0.06718928887173056,0.09049054265068004,0.06718928887173056,0.1119605222764964,0.09290534736926079,0.04292723246310801,0.10637556852485075,0.19529385560982976,0.19529385560982976,0.051484000793047206,0.029099956977115576
68,24,0.06150069833698865,0.017754229882383916,0.1130134996032467,0.07619688257503092,0.010181640606808076,0.17901936764234394,12,False,7,0,0,0,0,429,323,330,1003,1404,1234,1473,255,1598,76,1269,947,1539,123,867,1349,1383,1493,1384,1571,1629,1411,1417,1261,0.1130134996032467,0.10364705966740567,0.04693324807136784,0.0481654074614251,0.06608995271712158,0.03647783690394262,0.028204336377510204,0.028204336377510204,0.09191016133941339,0.0856793310436453,0.06608995271712158,0.047501363827125595,0.0481654074614251,0.07275136229764385,0.09191016133941339,0.07275136229764385,0.04669098366882404,0.03647783690394262,0.0783980830927126,0.047501363827125595,0.04902621177118567,0.04902621177118567,0.10364705966740567,0.017754229882383916,0.021453427440051246,0.047193667393626605,0.010181640606808076,0.09338056168705204,0.0901613576012829,0.08516323508848905,0.07078512490983957,0.07078512490983957,0.08294966409645671,0.01292651594830855,0.0901613576012829,0.09751093781444652,0.09338056168705204,0.06159018146575301,0.08294966409645671,0.06159018146575301,0.10263047875345503,0.08516323508848905,0.03934996309118234,0.09751093781444652,0.17901936764234394,0.17901936764234394,0.047193667393626605,0.026674960562355944
69,24,0.06018713322154112,0.02721440889895251,0.1075505175248273,0.07902551395692925,0.009333170556240736,0.16410108700548193,13,False,7,0,0,0,0,429,323,330,1003,1404,1234,1473,255,1598,76,1269,947,1539,123,867,1349,1383,1493,1384,1571,1629,1673,1411,1417,0.1075505175248273,0.09935055066704102,0.044523742443690804,0.04676994164045871,0.0641173313270032,0.035339556023336015,0.02721440889895251,0.02721440889895251,0.08898694056056401,0.08134315473755685,0.0641173313270032,0.04617852940631204,0.04676994164045871,0.07001734728233351,0.08898694056056401,0.07001734728233351,0.04545585149777335,0.03625096011092981,0.07498330991719664,0.04617852940631204,0.04876152269270815,0.03625096011092981,0.04876152269270815,0.09935055066704102,0.019665641820046976,0.043260861777491055,0.009333170556240736,0.08559884821313103,0.08264791113450932,0.07806629883111496,0.06488636450068627,0.06488636450068627,0.07603719208841865,0.011849306285949502,0.08264791113450932,0.0893850263299093,0.08559884821313103,0.056457666343606924,0.07603719208841865,0.056457666343606924,0.09407793885733377,0.1613996321644483,0.03607079950025048,0.0893850263299093,0.16410108700548193,0.1613996321644483,0.16410108700548193,0.043260861777491055
70,24,0.05917762012417993,0.02621587665602171,0.1023003723458469,0.07794761349645252,0.008555406343220674,0.15042599642169177,14,False,7,0,0,0,0,429,323,330,1003,1404,1234,1473,255,1598,76,1269,947,1539,123,867,1349,1695,1493,1384,1571,1629,1673,1411,1417,0.1023003723458469,0.09512730080440913,0.04222790174430117,0.0453160272209015,0.06207282043909788,0.03416880660477439,0.02621587665602171,0.02621587665602171,0.08599004402500379,0.07720313242548806,0.06207282043909788,0.044790474175893394,0.0453160272209015,0.06728927401537983,0.08599004402500379,0.06902465856147712,0.06902465856147712,0.035877743772892066,0.07165143360571571,0.044790474175893394,0.04829603546370953,0.035877743772892066,0.04829603546370953,0.09512730080440913,0.01802683833504306,0.03965578996270013,0.008555406343220674,0.07846561086203678,0.07576058520663355,0.07156077392852205,0.059479167458962416,0.059479167458962416,0.06970075941438376,0.01086186409545371,0.07576058520663355,0.08193627413575019,0.07846561086203678,0.05175286081497301,0.06970075941438376,0.13508619414830636,0.13508619414830636,0.14794966281741093,0.03306489954189627,0.08193627413575019,0.15042599642169177,0.14794966281741093,0.15042599642169177,0.03965578996270013
71,24,0.057155308556959605,0.02521576325971313,0.09726186118999393,0.07492420126063704,0.00784245581461895,0.2189538575826267,15,False,7,0,0,0,0,429,323,330,1003,1404,1234,1473,255,1598,76,1269,947,1539,123,867,1349,1695,1493,1384,1571,1629,1725,1411,1417,0.09726186118999393,0.09099164967782233,0.04004172084708013,0.04381967215552645,0.059977688948786786,0.03297669920670158,0.02521576325971313,0.02521576325971313,0.08294673321286619,0.07325355680525054,0.059977688948786786,0.043353596962772356,0.04381967215552645,0.06458233269258397,0.08294673321286619,0.06781238839861722,0.06781238839861722,0.03537485304344056,0.0684099882085708,0.043353596962772356,0.047652120351537784,0.036287167438124296,0.047652120351537784,0.09099164967782233,0.016524601807122802,0.036351140799141785,0.00784245581461895,0.07192680995686705,0.06944720310608075,0.0655973761011452,0.054522570170715545,0.054522570170715545,0.06389236279651844,0.0099567087541659,0.06944720310608075,0.07510825129110434,0.07192680995686705,0.04744012241372526,0.06389236279651844,0.12382901130261416,0.12382901130261416,0.13562052424929336,0.03030949124673825,0.07510825129110434,0.13789049671988413,0.2189538575826267,0.13789049671988413,0.036351140799141785
72,24,0.05511596845126937,0.024220154996142367,0.09243260681737975,0.06868051782225061,0.007188917830067371,0.20070770278407446,16,False,7,0,0,0,0,429,323,330,1003,1404,1234,1473,255,1598,76,1269,947,1539,123,867,1349,1695,1493,1384,1571,1629,1725,1411,1417,0.09243260681737975,0.08695527188949967,0.03796113943229614,0.04229519404517461,0.05785088396550904,0.03177306794600249,0.024220154996142367,0.024220154996142367,0.07988106614108896,0.06948841503966684,0.05785088396550904,0.04188263843831826,0.04229519404517461,0.06190945763648638,0.07988106614108896,0.0664116791120426,0.0664116791120426,0.03475877125567463,0.06526479402371929,0.04188263843831826,0.046851999134430326,0.03649721523482791,0.046851999134430326,0.08695527188949967,0.015147551656529234,0.03332187906587997,0.007188917830067371,0.06593290912712813,0.06365993618057403,0.06013092809271643,0.04997902265648925,0.04997902265648925,0.0585679992301419,0.009126983024652074,0.06365993618057403,0.06884923035017897,0.06593290912712813,0.04348677887924815,0.0585679992301419,0.1135099270273963,0.1135099270273963,0.12431881389518556,0.02778370030951006,0.06884923035017897,0.1263996219932271,0.20070770278407446,0.1263996219932271,0.03332187906587997
73,24,0.05397036705291245,0.02323426981798896,0.0878092603021135,0.07343608431483419,0.0065898413442284235,0.19729224607058676,17,False,7,0,0,0,0,429,323,330,1003,1404,1234,1473,255,1598,76,1269,947,1539,123,867,1768,1349,1695,1493,1384,1571,1769,1411,1417,0.0878092603021135,0.08302747077094177,0.03598207857078101,0.04075527289626099,0.055709119276787546,0.03056653194145854,0.02323426981798896,0.02323426981798896,0.07681406507891653,0.06590147959507882,0.055709119276787546,0.04039071726304239,0.04075527289626099,0.0592815261876139,0.07681406507891653,0.06652472136373921,0.06485218902828062,0.06652472136373921,0.03492350634390354,0.0622201686452452,0.04039071726304239,0.03492350634390354,0.04591728937616555,0.08302747077094177,0.013885255685151797,0.03054505581038997,0.0065898413442284235,0.06043850003320078,0.058354941498859524,0.0551200174183234,0.045814104101781813,0.045814104101781813,0.05368733262763008,0.008366401105931067,0.058354941498859524,0.06311179448766405,0.06043850003320078,0.0398628806393108,0.05368733262763008,0.18738409977511328,0.10405076644177993,0.18738409977511328,0.19729224607058676,0.025468391950384223,0.06311179448766405,0.19729224607058676,0.11586632016045817,0.03054505581038997
74,24,0.05268360775634964,0.022262529455850992,0.08338767921354305,0.07135794591799861,0.006040687898876055,0.18085122556470454,18,False,7,0,0,0,0,429,323,330,1003,1404,1234,1473,255,1598,76,1269,947,1539,123,867,1768,1349,1695,1789,1493,1384,1571,1769,1417,0.08338767921354305,0.07921545466935907,0.03410047136508206,0.03921102856433201,0.05356699353485139,0.029364569719308987,0.022262529455850992,0.022262529455850992,0.07376391320569475,0.06248638573678577,0.05356699353485139,0.03888939449779762,0.03921102856433201,0.05817003915614395,0.07376391320569475,0.0663207600544138,0.06316175394209424,0.0663207600544138,0.05817003915614395,0.03491318940888854,0.059279121080913044,0.03888939449779762,0.03491318940888854,0.07921545466935907,0.012728151044722481,0.02799963449285747,0.006040687898876055,0.05540195836376738,0.05349202970728789,0.05052668263346311,0.04199626209329999,0.04199626209329999,0.049213388241994234,0.007669201013770144,0.05349202970728789,0.05785247828035871,0.05540195836376738,0.11987430725270157,0.049213388241994234,0.17176875812718717,0.09537986923829828,0.17176875812718717,0.11987430725270157,0.18085122556470454,0.02334602595451887,0.05785247828035871,0.18085122556470454,0.02799963449285747
75,24,0.04696139608835823,0.021858179975401217,0.07916308347931562,0.07882719498944246,0.005537297240636383,0.16578029010097917,19,False,8,0,0,0,0,429,323,1805,330,1003,1404,1234,1473,255,1807,1598,76,1269,947,1539,123,1806,1349,1695,1493,1384,1571,867,1768,0.07916308347931562,0.0755245938190827,0.02890019645849076,0.032312288396706364,0.037672115194006574,0.05143712828462329,0.02890019645849076,0.021858179975401217,0.021858179975401217,0.021858179975401217,0.07074616860124942,0.059236697239496434,0.05143712828462329,0.03738875809381083,0.037672115194006574,0.05690543078782442,0.021858179975401217,0.061366163373428984,0.06582887503591192,0.03474251700812088,0.056443528778831645,0.03738875809381083,0.07074616860124942,0.06582887503591192,0.011667471790995606,0.02566633161845268,0.12964945908067452,0.005537297240636383,0.0507851285001201,0.049034360565013896,0.12964945908067452,0.12182990691885834,0.12182990691885834,0.12182990691885834,0.04511227255516138,0.007030100929289298,0.049034360565013896,0.05303143842366215,0.0507851285001201,0.10988478164830977,0.12182990691885834,0.08743154680177341,0.15745469494992156,0.16578029010097917,0.021400523791642298,0.05303143842366215,0.04511227255516138,0.15745469494992156
76,24,0.04410927319334582,0.021394701972426922,0.07513019105242728,0.08989719889740704,0.005075855803916685,0.1950107480089535,20,False,9,0,0,0,0,429,1831,323,1805,330,1003,1404,1234,1473,255,1807,1598,1828,1539,123,1806,1349,1695,1493,76,1269,947,867,1768,0.07513019105242728,0.021946469482399172,0.0719586567990352,0.028349423377063095,0.030613558650663328,0.03707904986565351,0.04933031779683958,0.028349423377063095,0.021946469482399172,0.021394701972426922,0.021394701972426922,0.06777398632729946,0.03707904986565351,0.036146826346380105,0.05551277302269645,0.021394701972426922,0.05948903269982721,0.06507919484982552,0.03442704635205896,0.056145961730418116,0.04933031779683958,0.0358975206713518,0.06777398632729946,0.06507919484982552,0.010695182475079305,0.1950107480089535,0.023527470650248287,0.1188453374906183,0.005075855803916685,0.12988636779177676,0.04494816385126273,0.1188453374906183,0.1950107480089535,0.11167741467562015,0.11167741467562015,0.04135291650889793,0.12988636779177676,0.04655303445844342,0.10072771651095061,0.11167741467562015,0.0801455845682923,0.14433347037076144,0.15196526592589757,0.006444259185181857,0.04494816385126273,0.048612151888356964,0.04135291650889793,0.14433347037076144
77,24,0.043028310992378214,0.02088158731691433,0.07128333541217433,0.09461856397359858,0.004652867820256961,0.18570429678598516,21,False,9,0,0,0,0,429,1831,323,1805,330,1003,1404,1234,1473,255,1807,1859,1828,1539,123,1806,1349,1695,1598,76,947,1863,867,1768,0.07128333541217433,0.021925970315358975,0.06852002632602625,0.02772511922986704,0.029000386516031467,0.03637481975925701,0.04725568431551701,0.02772511922986704,0.021925970315358975,0.02088158731691433,0.02088158731691433,0.066531032426075,0.03637481975925701,0.03464220575031414,0.054015479912727635,0.021420121644383394,0.057551753289312384,0.0641020337334174,0.066531032426075,0.05320775694679316,0.03442312507669189,0.021420121644383394,0.06485834142094275,0.0641020337334174,0.009803917268822696,0.17875985234154068,0.02156684809606093,0.10894155936640011,0.004652867820256961,0.1190625038091287,0.04120248353032417,0.10894155936640011,0.17875985234154068,0.1023709634526518,0.1023709634526518,0.12124017346648977,0.1190625038091287,0.0426736149202398,0.09233374013503806,0.18570429678598516,0.07346678585426793,0.132305681173198,0.12124017346648977,0.005907237586416702,0.04456113923099388,0.18570429678598516,0.037906840133156434,0.132305681173198
78,24,0.04354891817814157,0.020327722078220683,0.06761656681270313,0.09163859762947697,0.004265128835235547,0.2046135410754315,22,False,10,0,0,0,0,1895,429,1831,323,1805,330,1003,1404,1234,1473,255,1807,1859,1828,1539,123,1806,1349,1695,1598,76,947,867,1768,0.06455007889970785,0.06761656681270313,0.021806008440008573,0.06520989469257525,0.02703945246574088,0.027468965394477417,0.03557594617411913,0.045220833760738814,0.02703945246574088,0.021806008440008573,0.020327722078220683,0.020327722078220683,0.06510956139089949,0.03557594617411913,0.03316415970794459,0.05243514704632365,0.02134440376115027,0.0555735043475841,0.06292719206902339,0.06510956139089949,0.05041572906057963,0.03297185334541739,0.062008247379486715,0.06455007889970785,0.2046135410754315,0.008986924163087471,0.1638631979797456,0.019769610754722517,0.09986309608586677,0.004265128835235547,0.1091406284917013,0.03776894323613049,0.09986309608586677,0.1638631979797456,0.09384004983159748,0.09384004983159748,0.11113682567761562,0.1091406284917013,0.03911748034355315,0.08463926179045156,0.1702289387204864,0.0673445536997456,0.12128020774209815,0.11113682567761562,0.005414967787548643,0.040847710961744395,0.03474793678872673,0.2046135410754315
79,24,0.0422444533498478,0.019741320400241614,0.06466347550000356,0.08400204782702055,0.003909701432299252,0.18756241265247886,23,False,10,0,0,0,0,1895,429,1831,323,1805,330,1003,1404,1234,1473,255,1807,1859,1828,1539,123,1806,1349,1695,1598,76,947,867,1768,0.06466347550000356,0.06412373906221266,0.021596404893702216,0.06202843956175861,0.026303772234108066,0.026015588387577383,0.03469805613641465,0.043232008147187334,0.026303772234108066,0.021596404893702216,0.019741320400241614,0.019741320400241614,0.06353840059337941,0.03469805613641465,0.031717568124233556,0.0507914679303353,0.021176962062355323,0.05357131207170047,0.06158340955714133,0.06353840059337941,0.04776362410186131,0.03154893568850995,0.05923096618577485,0.06466347550000356,0.18756241265247886,0.008238013816163514,0.15020793148143347,0.018122143191828973,0.09154117141204454,0.003909701432299252,0.10004557611739284,0.03462153129978628,0.09154117141204454,0.15020793148143347,0.08602004567896435,0.08602004567896435,0.10187542353781431,0.10004557611739284,0.03585769031492372,0.07758598997458059,0.15604319382711251,0.06173250755810013,0.11117352376358997,0.10187542353781431,0.00496372047191959,0.037443735048265696,0.03185227538966617,0.18756241265247886
80,24,0.04007970323051801,0.01912988828009973,0.06446844041182308,0.09637770991448373,0.003583892979607647,0.17504177810761012,24,False,10,0,0,0,0,1895,429,1831,323,1805,330,1003,1404,1234,1473,255,1807,1859,1828,1539,123,1806,1349,1695,1930,1598,1933,867,1768,0.06446844041182308,0.06079858347805771,0.021307165703241603,0.058974981110479156,0.025528534034789035,0.024636656478316282,0.03375572847461473,0.041294231997508826,0.025528534034789035,0.021307165703241603,0.019623246441197808,0.01912988828009973,0.061844517486730075,0.034626285786969045,0.030306391921217358,0.049102212352278046,0.020927516725946366,0.051560143683163195,0.06009795617172361,0.019623246441197808,0.061844517486730075,0.034626285786969045,0.056532207129526044,0.06446844041182308,0.17193221159810562,0.007551512664816554,0.13769060385798068,0.016611964592509892,0.08391274046104083,0.003583892979607647,0.09170844477427677,0.03173640369147076,0.08391274046104083,0.13769060385798068,0.16218504187238397,0.07885170853905064,0.09338580490966311,0.17504177810761012,0.03286954945534674,0.0711204908100322,0.1430395943415198,0.05658813192825845,0.10190906344995747,0.16218504187238397,0.09338580490966311,0.17504177810761012,0.029197919107193986,0.17193221159810562
81,24,0.03903417467856047,0.018500211553033507,0.06399322327708751,0.09802117841865261,0.0032852352313070096,0.20954972020314896,25,False,10,0,0,0,0,1895,429,1946,323,1805,330,1003,1404,1234,1473,1945,1831,255,1807,1859,1828,1539,123,1806,1349,1695,1933,867,1768,0.06399322327708751,0.05912116728686582,0.02148847961684305,0.05604812169248481,0.02472326219745196,0.023328684572043512,0.0327623973667529,0.03941145086499732,0.02472326219745196,0.020948226666327077,0.05912116728686582,0.02148847961684305,0.019425491136447502,0.018500211553033507,0.0600528236742194,0.03440099362281474,0.028933775250950537,0.04738325323422516,0.02060582201703557,0.049553025864869656,0.05849634373754408,0.03440099362281474,0.053916312652394216,0.06399322327708751,0.1576045272982635,0.09025555327608185,0.20954972020314896,0.015227634209800733,0.07692001208928742,0.0032852352313070096,0.08406607437642037,0.029091703383848193,0.07692001208928742,0.12621638686981562,0.09025555327608185,0.20954972020314896,0.14866962171635198,0.07228073282746308,0.08560365450052451,0.16045496326530928,0.03013042033406784,0.06519378324252952,0.13111962814639314,0.05187245426757024,0.09341664149579434,0.16045496326530928,0.026764759181594485,0.1576045272982635
82,24,0.037909788535293636,0.017858362923242076,0.06326710314805899,0.08985274688376492,0.003011465628698092,0.1920872435195532,26,False,10,0,0,0,0,1895,429,1946,323,1805,330,1003,1404,1234,1473,1945,1831,255,1807,1859,1828,1539,123,1806,1349,1695,1933,867,1768,0.06326710314805899,0.05735806016786094,0.02155601139303177,0.05324586929528431,0.023896541942049522,0.022088305717151466,0.03173030332664372,0.03758666075280036,0.023896541942049522,0.020529250365384506,0.05735806016786094,0.02155601139303177,0.01915707087741921,0.017858362923242076,0.05818606909410476,0.034037815918692906,0.027602141451166705,0.04564863016225819,0.020221446297151374,0.04756117896198768,0.05680214026982407,0.034037815918692906,0.051386430213240644,0.06326710314805899,0.14447081669007486,0.0827342571697417,0.1920872435195532,0.013958664692317338,0.0705100110818468,0.003011465628698092,0.07706056817838534,0.02666739476852751,0.0705100110818468,0.11569835463066432,0.0827342571697417,0.1920872435195532,0.13628048657332265,0.06625733842517449,0.0784700166254808,0.1470837163265335,0.02761955197289552,0.05976096797231872,0.12019299246752703,0.04754974974527272,0.08563192137114481,0.1470837163265335,0.024534362583128275,0.14447081669007486
83,24,0.03674451401816647,0.017209723498330585,0.06231954787254557,0.0823650179767845,0.0027605101596399175,0.1760799732262571,27,False,10,0,0,0,0,1895,429,1946,323,1805,330,1003,1404,1234,1473,1945,1831,255,1807,1859,1828,1539,123,1806,1349,1695,1933,867,1768,0.06231954787254557,0.05553042530286633,0.021518249457834135,0.050565746108980715,0.02305603451132582,0.02091227378547644,0.030670482314456286,0.03582202774838039,0.02305603451132582,0.020059471030292934,0.05553042530286633,0.021518249457834135,0.018826914777902083,0.017209723498330585,0.05626480904148462,0.03355257606477145,0.02631328210973881,0.04391063948874375,0.01978360076647662,0.04559415997446169,0.05503686960695077,0.03355257606477145,0.04894466976563297,0.06231954787254557,0.13243158196590196,0.07583973573892988,0.1760799732262571,0.012795442634624225,0.06463417682502623,0.0027605101596399175,0.07063885416351989,0.024445111871150216,0.06463417682502623,0.10605682507810896,0.07583973573892988,0.1760799732262571,0.12492377935887909,0.060735893556409945,0.0719308485733574,0.13482673996598904,0.02531792264182089,0.05478088730795882,0.11017690976189977,0.043587270599833326,0.07849592792354941,0.13482673996598904,0.022489832367867585,0.13243158196590196
84,24,0.03368050230280668,0.01655901492679541,0.061179532431088646,0.08734855459811691,0.011729155748405539,0.161406642124069,28,False,11,0,0,0,0,1895,429,1946,323,1805,2021,1003,1404,1234,2026,1473,1945,1831,255,1807,330,1828,2032,1539,123,1806,1349,1695,867,0.061179532431088646,0.05365730750805207,0.021384460806666644,0.04800488352484842,0.022208509687910744,0.020308039759699,0.029592784602426897,0.03411899760332466,0.022208509687910744,0.055041124819164386,0.01954758185210363,0.055041124819164386,0.021384460806666644,0.01844368716437907,0.01655901492679541,0.020308039759699,0.03296090159607349,0.025714951801359895,0.025714951801359895,0.04217994256084705,0.019301012026512937,0.04366000884255164,0.05321997998869337,0.046592246890061556,0.12139561680207679,0.06951975776068572,0.161406642124069,0.011729155748405539,0.05924799542294071,0.08586380097966993,0.06475228298322656,0.02240801921522103,0.05924799542294071,0.15285309109401907,0.09721875632159988,0.15285309109401907,0.161406642124069,0.11451346441230582,0.05567456909337578,0.08586380097966993,0.12359117830215662,0.10654142908833583,0.10654142908833583,0.050215813365628914,0.10099550061507478,0.039954998049847215,0.07195460059658695,0.020615679670545284
85,24,0.03252954623650306,0.015910338864088006,0.05987500586379521,0.08520760640133167,0.010751726102705077,0.1479560886137299,29,False,9,0,0,0,0,1895,429,1946,323,1805,2021,1003,2048,1473,1945,1831,255,1807,330,1828,2032,1404,1234,2026,123,1806,1349,1695,867,0.05987500586379521,0.05175567461241433,0.021164341843572326,0.04556010484924772,0.021359890844309438,0.019678193899006997,0.028505916078802256,0.021910760578303996,0.019001658908006838,0.054344210906034855,0.021164341843572326,0.018015652626866194,0.015910338864088006,0.019678193899006997,0.03227792231663058,0.025062144349487076,0.032478395299425984,0.021910760578303996,0.054344210906034855,0.04046568516478308,0.018781832893767062,0.041765393799082756,0.05136886679717149,0.04432961195435912,0.11127931540190372,0.06372644461396192,0.1479560886137299,0.010751726102705077,0.05431066247102898,0.0787084842313641,0.059356259401291016,0.13764399580436232,0.08911719329479988,0.1401153335028508,0.1479560886137299,0.10497067571128034,0.051035021668927795,0.0787084842313641,0.11329191344364356,0.09766297666430784,0.020540684280619278,0.13764399580436232,0.1401153335028508,0.046031162251826505,0.09257920889715188,0.03662541487902661,0.06595838388020471,0.01889770636466651
86,24,0.03149385966249609,0.015267221077472026,0.05843249229692177,0.07810697253455402,0.009855748927479653,0.13562641456258576,30,False,9,0,0,0,0,1895,429,1946,323,1805,2021,1003,2048,1473,1945,1831,255,1807,330,1828,2032,1404,1234,2026,123,1806,1349,1695,867,0.05843249229692177,0.04984049618628098,0.020867723308230293,0.04322799696380119,0.020515308478189245,0.01902970580859818,0.027417495745335838,0.02154137220875215,0.01842911583790484,0.05346503047956811,0.020867723308230293,0.017550578696952496,0.015267221077472026,0.01902970580859818,0.03151804210537794,0.02436524264993189,0.030900514870028414,0.02154137220875215,0.05346503047956811,0.0387756226556214,0.018233585712122104,0.03991575263811173,0.049498936465661,0.042156565909895825,0.10200603911841175,0.05841590756279842,0.13562641456258576,0.009855748927479653,0.04978477393177656,0.07214944387875043,0.054409904451183426,0.12617366282066544,0.08169076052023322,0.12843905571094655,0.13562641456258576,0.09622311940200698,0.04678210319651714,0.07214944387875043,0.10385092065667326,0.08952439527561552,0.01882896059056767,0.12617366282066544,0.12843905571094655,0.0421952320641743,0.08486427482238922,0.03357329697244106,0.06046185189018765,0.0173228975009443
87,24,0.029514003767823746,0.014632658028098027,0.05687680940410039,0.08155605274317344,0.009034436516856348,0.17153785945183975,31,False,10,0,0,0,0,1895,429,1946,323,2099,1805,2021,1003,2048,1473,1945,1831,255,1807,330,1828,2032,1404,1234,2026,123,1806,1349,1695,0.05687680940410039,0.047924848965740036,0.020504328792314865,0.04100497209320262,0.017495535147378515,0.019679158928577408,0.01836881134969835,0.026334124196238932,0.02111028004208089,0.01783668368563844,0.052428329096010244,0.020504328792314865,0.017495535147378515,0.014632658028098027,0.01836881134969835,0.030694775629244327,0.02363378366483743,0.029385199906623867,0.02111028004208089,0.052428329096010244,0.037116246451174686,0.01766313256668441,0.03811542764267205,0.04762370040997156,0.0935055358585441,0.053547915265898555,0.12432421334903694,0.009034436516856348,0.17153785945183975,0.04563604277079518,0.06613699022218789,0.04987574574691814,0.11565919091894332,0.07488319714354712,0.11773580106836766,0.12432421334903694,0.17153785945183975,0.04288359459680738,0.06613699022218789,0.09519667726861715,0.08206402900264756,0.017259880541353696,0.11565919091894332,0.11773580106836766,0.03867896272549311,0.07779225192052344,0.030775522224737638,0.05542336423267201
88,24,0.028536827391843256,0.014009164233336053,0.05523088694322098,0.07475971501457566,0.008281566807118319,0.15724303783085308,32,False,10,0,0,0,0,1895,429,1946,323,2099,1805,2021,1003,2048,1473,1945,1831,255,1807,330,1828,2032,1404,1234,2026,123,1806,1349,1695,0.05523088694322098,0.046020040115995,0.02008358390329096,0.03888732076344779,0.017364651938936587,0.01885516563457298,0.017701035073108645,0.025261458821580967,0.02062697849618378,0.017230410777492624,0.05125783308632159,0.02008358390329096,0.017364651938936587,0.014009164233336053,0.017701035073108645,0.02982064067225055,0.022876431094307342,0.027931915288147428,0.02062697849618378,0.05125783308632159,0.03549290860377771,0.017076667181748804,0.036367792641883466,0.04575488963679346,0.08571340787033209,0.04908558899374034,0.1139638622366172,0.008281566807118319,0.15724303783085308,0.04183303920656225,0.06062557437033889,0.045719433601341626,0.10602092500903137,0.06864293071491818,0.10792448431267035,0.1139638622366172,0.15724303783085308,0.03930996171374009,0.06062557437033889,0.08726362082956572,0.0752253599190936,0.015821557162907555,0.10602092500903137,0.10792448431267035,0.03545571583170201,0.07130956426047982,0.028210895372676167,0.050804750546616005
89,24,0.02688264107040091,0.01339881911191315,0.053515668380131054,0.08194768490416898,0.007591436239858459,0.14413945134494865,33,False,12,0,0,0,0,1895,429,1946,323,2158,2099,1805,2021,1003,2143,2048,1473,1945,1831,255,1807,330,1828,2032,1404,1234,2026,1806,1349,0.053515668380131054,0.04413574112851857,0.0196144715506923,0.03687125695013307,0.035569646069634774,0.017165880069289926,0.018046440880013233,0.017031223490205635,0.024828518936443205,0.024828518936443205,0.0201004052169086,0.01661567807448084,0.04997594252347557,0.0196144715506923,0.017165880069289926,0.01339881911191315,0.017031223490205635,0.02890709688702995,0.022100974028435715,0.026539810735854315,0.0201004052169086,0.04997594252347557,0.016479723799811954,0.035569646069634774,0.07857062388113775,0.04499512324426198,0.1044668737168991,0.007591436239858459,0.1091933207582865,0.14413945134494865,0.038346952606015394,0.05557344317281065,0.12524281413456317,0.12524281413456317,0.09718584792494542,0.062922686488675,0.09893077728661448,0.1044668737168991,0.14413945134494865,0.03603413157092842,0.05557344317281065,0.0799916524271019,0.0689565799258358,0.014503094065998591,0.09718584792494542,0.09893077728661448,0.0653671005721065,0.1091933207582865
90,24,0.026019823579349986,0.012803312351058084,0.05175007969436818,0.0751187111621549,0.006958816553203587,0.13212783039953627,34,False,12,0,0,0,0,1895,429,1946,323,2158,2099,1805,2021,1003,2143,2048,1473,1945,1831,255,1807,330,1828,2032,1404,1234,2026,1806,1349,0.05175007969436818,0.042280126620554984,0.01910542794270076,0.03495295633209937,0.0346924235082572,0.01690721635108345,0.017255546464863544,0.01636358582387234,0.024325300427239408,0.024325300427239408,0.019538862977922497,0.01599722604133778,0.04860352030050217,0.01910542794270076,0.01690721635108345,0.012803312351058084,0.01636358582387234,0.027964522291463345,0.021314345697357115,0.02520777682968931,0.019538862977922497,0.04860352030050217,0.01587719891845231,0.0346924235082572,0.07202307189104294,0.04124552964057348,0.0957613009071575,0.006958816553203587,0.10009387736176262,0.13212783039953627,0.03515137322218077,0.050942322908409755,0.11480591295668291,0.11480591295668291,0.0890870272645333,0.05767912928128541,0.09068654584606327,0.0957613009071575,0.13212783039953627,0.03303128727335105,0.050942322908409755,0.07332568139151008,0.06321019826534949,0.013294502893832041,0.0890870272645333,0.09068654584606327,0.05991984219109762,0.10009387736176262
91,24,0.025026337286641453,0.012539242681689869,0.04995105097975628,0.08904751535793638,0.006378915173769954,0.18857208687695934,35,False,13,0,0,0,0,1895,429,1946,323,2158,2099,1805,2021,1003,2143,2048,1473,2186,1945,1831,255,2199,330,2192,1404,1234,2026,1806,1349,0.04995105097975628,0.040460013588169634,0.019043044534642332,0.033128588482541244,0.03375070542117983,0.01659651950202985,0.016484552160908068,0.01570173948259183,0.024375552218927017,0.023762713886874457,0.018949973182149034,0.015379189680191512,0.019043044534642332,0.047159762359684415,0.01856427352896431,0.01659651950202985,0.012539242681689869,0.01570173948259183,0.024375552218927017,0.023934494130608032,0.018949973182149034,0.047159762359684415,0.015273382357282745,0.03375070542117983,0.06602114923345603,0.03780840217052569,0.17111452583156106,0.006378915173769954,0.09175272091494906,0.12111717786624157,0.03222209212033238,0.04669712933270894,0.18857208687695934,0.105238753543626,0.08166310832582219,0.05287253517451162,0.17111452583156106,0.08312933369222467,0.0877811924982277,0.12111717786624157,0.11361201333390514,0.04669712933270894,0.18857208687695934,0.01218662765267937,0.08166310832582219,0.08312933369222467,0.054926522008506146,0.09175272091494906
92,24,0.024250422469583158,0.012245144229512814,0.048133578189067154,0.08162688907810838,0.0058473389092891246,0.17285774630387937,36,False,13,0,0,0,0,1895,429,1946,323,2158,2099,1805,2021,1003,2143,2048,1473,2186,1945,1831,255,2199,330,2192,1404,1234,2026,1806,1349,0.048133578189067154,0.03868099775676429,0.018898343528400155,0.03139434374947221,0.032757928369180095,0.016241366473116747,0.015735091152231026,0.015048758043337216,0.0243089054081394,0.023151017882346484,0.018340655220742803,0.014765138951093838,0.018898343528400155,0.04566213468096166,0.017998173164400263,0.016241366473116747,0.012245144229512814,0.015048758043337216,0.0243089054081394,0.022718476043825823,0.018340655220742803,0.04566213468096166,0.014671994703525718,0.032757928369180095,0.06051938679733469,0.03465770198964855,0.1568549820122643,0.0058473389092891246,0.0841066608387033,0.11102407971072144,0.029536917776971344,0.042805701888316526,0.17285774630387937,0.09646885741499049,0.07485784929867033,0.04846649057663565,0.1568549820122643,0.0762018892178726,0.0804660931233754,0.11102407971072144,0.10414434555607971,0.042805701888316526,0.17285774630387937,0.011171075348289422,0.07485784929867033,0.0762018892178726,0.05034931184113063,0.0841066608387033
93,24,0.023455385370402055,0.011926275284766164,0.04631081416984255,0.07482464832159934,0.005360060666848364,0.15845293411188943,37,False,13,0,0,0,0,1895,429,1946,323,2158,2099,1805,2021,1003,2143,2048,1473,2186,1945,1831,255,2199,330,2192,1404,1234,2026,1806,1349,0.04631081416984255,0.03694758458597442,0.018679985138968885,0.029746455501298424,0.03172633577510774,0.015848945060291005,0.01500841193800132,0.01440722000574869,0.024135972914856973,0.022499732165584794,0.017717126418760113,0.014158122326870554,0.018679985138968885,0.044126363729567214,0.017413620075169643,0.015848945060291005,0.011926275284766164,0.01440722000574869,0.024135972914856973,0.021558106035629465,0.017717126418760113,0.044126363729567214,0.014076228719910816,0.03172633577510774,0.055476104564223465,0.031769560157177835,0.14378373351124227,0.005360060666848364,0.07709777243547802,0.10177207306816131,0.02707550796222373,0.03923856006429015,0.15845293411188943,0.08842978596374128,0.0686196951904478,0.04442761636191601,0.14378373351124227,0.06985173178304989,0.07376058536309411,0.10177207306816131,0.09546565009307306,0.03923856006429015,0.15845293411188943,0.010240152402598637,0.0686196951904478,0.06985173178304989,0.046153535854369744,0.07709777243547802
94,24,0.0229016351219776,0.013488792779891385,0.044494179888743164,0.07470469251691825,0.004913388944611,0.15094720324950295,38,False,13,0,0,0,0,1895,429,1946,323,2158,2270,1805,2021,1003,2143,2048,1473,2186,1945,1831,255,2099,330,2192,1404,1234,2026,1806,1349,0.044494179888743164,0.03526331323477719,0.018396673134842344,0.028181218341931144,0.0306669668504119,0.017250133178753888,0.014305426394702928,0.013779256989938949,0.023867777254635562,0.021817586785602545,0.01708491787684651,0.013560711696563638,0.018396673134842344,0.04256646845777111,0.017250133178753888,0.015425978266782082,0.015425978266782082,0.013779256989938949,0.023867777254635562,0.020451669785285828,0.01708491787684651,0.04256646845777111,0.013488792779891385,0.0306669668504119,0.050853095850538176,0.02912209681074635,0.13180175571863875,0.004913388944611,0.07067295806585486,0.15094720324950295,0.024819215632038417,0.03596868005893263,0.14524852293589863,0.08106063713342951,0.06290138725791049,0.040725314998423,0.13180175571863875,0.0640307541344624,0.15094720324950295,0.09329106697914787,0.09329106697914787,0.03596868005893263,0.14524852293589863,0.009386806369048751,0.06290138725791049,0.0640307541344624,0.042307407866505595,0.07067295806585486
95,24,0.02184801906899421,0.012911954816944566,0.042693488373762765,0.08038370419771583,0.004503939865893416,0.16885014473088555,39,False,10,0,0,0,0,1895,429,1946,323,2158,2270,2284,2048,1473,2186,1945,1831,255,2099,1805,2021,1003,2143,1404,1234,2026,2295,330,1806,0.042693488373762765,0.033630872395842594,0.01805695592393539,0.026695002833763935,0.030352790473469612,0.01702262772927185,0.030352790473469612,0.016448902141979742,0.012975047236700092,0.01805695592393539,0.04099482348626201,0.01702262772927185,0.015364974452365114,0.014978675703895893,0.013626753865575476,0.01316660039550065,0.023515429896649828,0.021112500510238667,0.019397382816918437,0.016448902141979742,0.04099482348626201,0.015364974452365114,0.01316660039550065,0.012911954816944566,0.04661533786299332,0.026695255409850818,0.12081827607541885,0.004503939865893416,0.14811687822703362,0.13836826964537768,0.14811687822703362,0.057659604986417944,0.03733153874855442,0.12081827607541885,0.058694857956590525,0.13836826964537768,0.16885014473088555,0.08551681139755221,0.02275094766270188,0.03297129005402158,0.13314447935790708,0.07430558403897705,0.008604572504961355,0.057659604986417944,0.058694857956590525,0.16885014473088555,0.03297129005402158,0.03878179054429679
96,24,0.02113031562540652,0.012347585636197258,0.04091707537623593,0.0736850621812395,0.004128611543735631,0.15477929933664508,40,False,10,0,0,0,0,1895,429,1946,323,2158,2270,2284,2048,1473,2186,1945,1831,255,2099,1805,2021,1003,2143,1404,1234,2026,2295,330,1806,0.04091707537623593,0.0320522073848796,0.017669071334819875,0.025284267206107307,0.02992874354704062,0.016739042644393035,0.02992874354704062,0.015813329262451256,0.012402881213609473,0.017669071334819875,0.039422244637026656,0.016739042644393035,0.015238553820785802,0.014512707424826573,0.012972761274534126,0.012570625824691276,0.023089870708505295,0.020391582525989355,0.01839341411645451,0.015813329262451256,0.039422244637026656,0.015238553820785802,0.012570625824691276,0.012347585636197258,0.04273072637441054,0.024470650792363248,0.11075008640246728,0.004128611543735631,0.13577380504144748,0.12683758050826288,0.13577380504144748,0.05285463790421645,0.03422057718617488,0.11075008640246728,0.05380361979354131,0.12683758050826288,0.15477929933664508,0.07839041044775619,0.020855035357476723,0.03022368254951978,0.12204910607808148,0.06811345203572897,0.007887524796214575,0.05285463790421645,0.05380361979354131,0.15477929933664508,0.03022368254951978,0.03554997466560539
97,24,0.020562076536905765,0.011797200740321223,0.03917193204857381,0.0792464173628667,0.0037845605817576618,0.225214357725258,41,False,10,0,0,0,0,1895,429,1946,323,2158,2270,2284,2048,1473,2186,1945,1831,255,2099,1805,2021,1003,2143,1404,1234,2026,2295,2340,1806,0.03917193204857381,0.030528618239766894,0.017240830763074283,0.023945566471286643,0.02940877275231232,0.016407106841068785,0.02940877275231232,0.015181868372612524,0.011845619966639673,0.017240830763074283,0.0378580894699654,0.016407106841068785,0.01544196177890819,0.01403319588426823,0.012343599357401354,0.011992394804450024,0.02260166370607409,0.019661152060998773,0.01743790619772492,0.015181868372612524,0.0378580894699654,0.01505372745234974,0.01544196177890819,0.011797200740321223,0.03916983250987633,0.022431429892999642,0.101520912535595,0.0037845605817576618,0.12445932128799352,0.1162677821325743,0.12445932128799352,0.048450084745531745,0.03136886242066031,0.101520912535595,0.049319984810746204,0.1162677821325743,0.225214357725258,0.0718578762437765,0.019117115744353663,0.027705042337059796,0.11187834723824135,0.06243733103275155,0.007230231063196694,0.048450084745531745,0.049319984810746204,0.14188102439192465,0.225214357725258,0.03258747677680494
98,24,0.019905983518127824,0.011304363556611841,0.03746383604536453,0.07926553197799602,0.0034691805332778564,0.20644649458148648,42,False,11,0,0,0,0,1895,429,1946,323,2158,2270,2371,2284,2048,1473,2186,1945,1831,255,2099,1805,2366,2021,1003,2143,1404,1234,2026,2295,0.03746383604536453,0.029060848863195647,0.016779537737297696,0.02267555932041646,0.028806400475593737,0.01603421335443436,0.014933093089227854,0.028806400475593737,0.014557652492887966,0.011304363556611841,0.016779537737297696,0.03631036683872475,0.01603421335443436,0.015558605789735629,0.013544722130761466,0.012041989029098121,0.012041989029098121,0.011432693526514858,0.0220608437192279,0.01892677129792942,0.016528992040895352,0.014933093089227854,0.03631036683872475,0.01481751460277366,0.035905679800719965,0.020562144068583005,0.09306083649096208,0.0034691805332778564,0.11408771118066072,0.10657880028819311,0.12774591101673743,0.11408771118066072,0.0444125776834041,0.02875479055227195,0.09306083649096208,0.04520998607651735,0.10657880028819311,0.20644649458148648,0.06586971989012845,0.10085735609899087,0.10085735609899087,0.02539628880897148,0.10255515163505456,0.057234220113355584,0.006627711807930302,0.12774591101673743,0.04520998607651735,0.13005760569259758
99,24,0.01894298193566481,0.010779942752214718,0.035797478391539524,0.0773837921136208,0.0031800821555047014,0.18924262003302927,43,False,12,0,0,0,0,1895,429,1946,323,2158,2270,2371,2284,2384,2048,1473,2186,1945,1831,255,2099,1805,2366,2021,2143,1404,1234,2026,2295,0.035797478391539524,0.02764916744730453,0.016291935774564493,0.021471013125626288,0.02813451651974269,0.015627327598637747,0.014640693691396518,0.02813451651974269,0.014302921846436676,0.014302921846436676,0.010779942752214718,0.016291935774564493,0.034785850699217004,0.015627327598637747,0.015593941771951553,0.013051342810920095,0.011717617409589329,0.011717617409589329,0.010892068469130945,0.01819328765968258,0.01566480928659966,0.014640693691396518,0.034785850699217004,0.014536787661816696,0.032913539817326636,0.018848632062867753,0.0853057667833819,0.0031800821555047014,0.10458040191560565,0.09769723359751034,0.11710041843200931,0.10458040191560565,0.12404486287645376,0.12404486287645376,0.026358558006249286,0.0853057667833819,0.04144248723680757,0.09769723359751034,0.18924262003302927,0.060380576565951076,0.09245257642407495,0.09245257642407495,0.023279931408223854,0.05246470177057595,0.006075402490602777,0.11710041843200931,0.04144248723680757,0.1192194718848811
100,24,0.01828394439514272,0.010272953175472943,0.0341765842348606,0.07093514277081907,0.002915075309212643,0.1734724016969435,44,False,12,0,0,0,0,1895,429,1946,323,2158,2270,2371,2284,2384,2048,1473,2186,1945,1831,255,2099,1805,2366,2021,2143,1404,1234,2026,2295,0.0341765842348606,0.026293438563397484,0.01578418051851149,0.02032880733493598,0.027405228292594824,0.015192925118007385,0.014311283684193817,0.027405228292594824,0.014008332526155569,0.014008332526155569,0.010272953175472943,0.01578418051851149,0.03329019446572959,0.015192925118007385,0.015554226329811209,0.01255661505265518,0.011375173267763692,0.011375173267763692,0.010370858874025333,0.017464882228178203,0.014843512031112564,0.014311283684193817,0.03329019446572959,0.01421815191306309,0.030170744832549414,0.01727791272429544,0.07819695288476675,0.002915075309212643,0.09586536842263851,0.08955579746438448,0.10734205022934187,0.09586536842263851,0.11370779097008261,0.11370779097008261,0.024162011505728512,0.07819695288476675,0.03798894663374027,0.08955579746438448,0.1734724016969435,0.05534886185212182,0.08474819505540203,0.08474819505540203,0.021339937124205198,0.04809264328969462,0.005569118949719212,0.10734205022934187,0.03798894663374027,0.10928451589447434
101,24,0.017605805913546806,0.009783786541957423,0.03260402622769577,0.07301870435504537,0.002672152366778256,0.1610191788007852,45,False,12,0,0,0,0,1895,429,1946,323,2158,2270,2371,2284,2384,2048,1473,2186,1945,1831,255,2099,2441,2442,2021,2143,1404,1234,2026,2295,0.03260402622769577,0.024993187396441362,0.015261831482536589,0.019245935509734233,0.02662976120958689,0.014736954145005903,0.013951101315890436,0.02662976120958689,0.013680144669858537,0.013680144669858537,0.009783786541957423,0.015261831482536589,0.031828043114793626,0.014736954145005903,0.015446233242964456,0.012063626768930054,0.0113031104186568,0.010123752621102928,0.010123752621102928,0.016745121674183083,0.014063280532079175,0.013951101315890436,0.031828043114793626,0.013867856494931115,0.027656516096503627,0.015838086663937486,0.07168054014436952,0.002672152366778256,0.08787658772075196,0.08209281434235244,0.09839687937689671,0.08787658772075196,0.10423214172257572,0.10423214172257572,0.022148510546917802,0.07168054014436952,0.03482320108092858,0.08209281434235244,0.1590163682221982,0.05073645669777833,0.1610191788007852,0.10289494236385477,0.10289494236385477,0.0440849230155534,0.005105025703909277,0.09839687937689671,0.03482320108092858,0.10017747290326814
102,24,0.016206062710231058,0.009312659017642385,0.03108192978305332,0.07448605472749072,0.002449473002880068,0.14760091390071975,46,False,12,0,0,0,0,1895,429,1946,323,2158,2270,2371,2284,2384,2048,1473,2186,1945,1831,255,2099,2463,2441,2442,2021,2143,1404,1234,2295,0.03108192978305332,0.023747656662952532,0.014729859174020523,0.018219506222562565,0.02581840109758018,0.014264818488331887,0.01356595213238705,0.02581840109758018,0.013324235335097894,0.013324235335097894,0.009312659017642385,0.014729859174020523,0.03040314099413559,0.014264818488331887,0.015277007523549479,0.011873549395625535,0.011873549395625535,0.011185548915998201,0.009856675714172983,0.009856675714172983,0.016037011623919944,0.01332232910097251,0.01356595213238705,0.013491732526326726,0.02535180642179499,0.014518246108609361,0.06570716179900539,0.002449473002880068,0.08055353874402263,0.07525174648048973,0.09019713942882199,0.08055353874402263,0.09554612991236107,0.09554612991236107,0.02030280133467465,0.06570716179900539,0.03192126765751786,0.07525174648048973,0.1457650042036817,0.12984175197296347,0.12984175197296347,0.14760091390071975,0.09432036383353354,0.09432036383353354,0.04041117943092395,0.00467960689525017,0.09019713942882199,0.09182935016132913
103,24,0.015637408653532314,0.008859636777304176,0.02961176984028899,0.07175110572242205,0.002245350252640062,0.20235493930854986,47,False,12,0,0,0,0,1895,429,1946,323,2158,2270,2371,2284,2384,2048,1473,2186,1945,1831,255,2099,2488,2441,2442,2021,2143,1404,1234,2295,0.02961176984028899,0.02255585678071933,0.014192663890590193,0.01724674300430465,0.024980470822461888,0.013781376634885583,0.013161173966384098,0.024980470822461888,0.012946050880883592,0.012946050880883592,0.008859636777304176,0.014192663890590193,0.029018433915733065,0.013781376634885583,0.01505365869397849,0.011647893447241086,0.011948291609930578,0.011027686188919722,0.009573624245276515,0.009573624245276515,0.015343049862424775,0.01261891242770094,0.013161173966384098,0.01309515425526601,0.023239155886645404,0.013308392266225247,0.060231564982421604,0.002245350252640062,0.07384074384868741,0.06898076760711558,0.08268071114308682,0.07384074384868741,0.08758395241966431,0.08758395241966431,0.018610901223451763,0.060231564982421604,0.029261162019391374,0.06898076760711558,0.13361792052004154,0.11902160597521651,0.20235493930854986,0.13530083774232643,0.08646033351407241,0.08646033351407241,0.03704358114501362,0.0042896396539793226,0.08268071114308682,0.0841769043145517
104,24,0.01506615425987389,0.0084246588935443,0.02819445907404849,0.0657718469122202,0.0020582377315867236,0.18549202769950404,48,False,12,0,0,0,0,1895,429,1946,323,2158,2270,2371,2284,2384,2048,1473,2186,1945,1831,255,2099,2488,2441,2442,2021,2143,1404,1234,2295,0.02819445907404849,0.021416609866677712,0.013654103010619223,0.01632498350459321,0.024124334040969926,0.013290953396176298,0.012741620352441106,0.024124334040969926,0.01255057964172054,0.01255057964172054,0.0084246588935443,0.013654103010619223,0.027676164613240507,0.013290953396176298,0.01478319257260917,0.011391948777689771,0.011961711863321404,0.010834659881567583,0.009278252178291388,0.009278252178291388,0.014665278175736086,0.011951330554657748,0.012741620352441106,0.012683019218850407,0.021302559562758287,0.012199359577373142,0.055212267900553134,0.0020582377315867236,0.06768734852796346,0.06323237030652261,0.07579065188116292,0.06768734852796346,0.08028528971802562,0.08028528971802562,0.017059992788164117,0.055212267900553134,0.02682273185110876,0.06323237030652261,0.12248309381003807,0.10910313881061513,0.18549202769950404,0.1240257679304659,0.07925530572123304,0.07925530572123304,0.033956616049595816,0.003932169682814379,0.07579065188116292,0.07716216228833905
105,24,0.014463870407438776,0.008007557714733198,0.026830427701669258,0.06488763447002331,0.0018867179206211633,0.19702362060292708,49,False,12,0,0,0,0,1895,429,1946,323,2158,2270,2371,2284,2384,2048,1473,2186,1945,1831,255,2099,2537,2441,2442,2021,2143,1404,1234,2295,0.026830427701669258,0.02032858813094092,0.013117524115853816,0.015451678006952005,0.023257419786031134,0.012797360912959167,0.01231165867132437,0.023257419786031134,0.01214234111950331,0.01214234111950331,0.008007557714733198,0.013117524115853816,0.026377961040616276,0.012797360912959167,0.014472379201836846,0.011110718619389115,0.010885115984496553,0.010885115984496553,0.0089738649167378,0.0089738649167378,0.01400533196850911,0.011317932691945304,0.01231165867132437,0.01225974368812631,0.01952734626586176,0.011182746279258714,0.05061124557550704,0.0018867179206211633,0.06204673615063317,0.05796300611431239,0.06947476422439934,0.06204673615063317,0.07359484890819015,0.07359484890819015,0.01563832672248377,0.05061124557550704,0.024587504196849696,0.05796300611431239,0.11227616932586822,0.1000112105763972,0.19702362060292708,0.19702362060292708,0.07265069691113028,0.07265069691113028,0.031126898045462828,0.0036044888759131804,0.06947476422439934,0.07073198209764413
106,24,0.01411968682585702,0.007608076907656822,0.025519695203529202,0.07325410101069176,0.0017294914272360663,0.18060498555268314,50,False,12,0,0,0,0,1895,429,1946,323,2158,2550,2371,2284,2384,2048,1473,2186,1945,1831,255,2270,2537,2441,2442,2021,2143,2564,1234,2295,0.025519695203529202,0.01929034721512047,0.012585801763921243,0.014624387420585694,0.022386262452130903,0.012181439576631392,0.012181439576631392,0.022386262452130903,0.011725388252077742,0.011725388252077742,0.007608076907656822,0.012585801763921243,0.02512491729613964,0.012303926315636468,0.01412765350281498,0.012303926315636468,0.01088108163223317,0.01088108163223317,0.008663422230107668,0.008663422230107668,0.013709156030262327,0.013709156030262327,0.011875179720645637,0.011829270048074133,0.01790006741037328,0.010250850755987154,0.046393641777548116,0.0017294914272360663,0.05687617480474707,0.14701853387236608,0.14701853387236608,0.05687617480474707,0.06746194483250764,0.06746194483250764,0.014335132828943456,0.046393641777548116,0.022538545513778888,0.05313275560478636,0.10291982188204586,0.05313275560478636,0.18060498555268314,0.18060498555268314,0.06659647216853609,0.06659647216853609,0.11186632320834093,0.11186632320834093,0.06368520053903273,0.06483765025617379
107,24,0.013655667608005522,0.007225887349112719,0.024261934379971373,0.07375233038969924,0.0015853671416330606,0.17767650339187538,51,False,13,0,0,0,0,1895,429,1946,323,2158,2582,2550,2371,2284,2384,2048,1473,2186,1945,1831,255,2270,2537,2441,2442,2021,2143,1234,2295,0.024261934379971373,0.018300354995339514,0.012061376160795318,0.013840780853532991,0.021516552594564378,0.014109786083840514,0.012007562911520386,0.012007562911520386,0.021516552594564378,0.011303319712510628,0.011303319712510628,0.007225887349112719,0.012061376160795318,0.023917667188653784,0.011813523798156794,0.014109786083840514,0.011813523798156794,0.0108271429169976,0.0108271429169976,0.008349548321707987,0.008349548321707987,0.013381073804381504,0.011435615837927848,0.01139508318302557,0.016408395126175507,0.009396613192988224,0.04252750496275244,0.0015853671416330606,0.05213649357101814,0.17767650339187538,0.13476698938300222,0.13476698938300222,0.05213649357101814,0.061840116096465336,0.061840116096465336,0.013140538426531501,0.04252750496275244,0.020660333387630646,0.04870502597105416,0.17767650339187538,0.04870502597105416,0.16555457008995955,0.16555457008995955,0.061046766154491415,0.061046766154491415,0.10254412960764585,0.058378100494113336,0.059434512734825966
108,24,0.013833165960801447,0.00686060105237373,0.02334333752390584,0.07300820993904557,0.001453253213163639,0.16287012810921908,52,False,13,0,0,0,0,1895,429,1946,323,2158,2605,2550,2371,2284,2384,2048,1473,2186,1945,1831,255,2582,2270,2537,2441,2021,2143,1234,2295,0.023056528237947977,0.017357016337599316,0.011546292362680104,0.013098632856847417,0.02065319475525881,0.02334333752390584,0.011795621152050502,0.011795621152050502,0.02065319475525881,0.010879299610597847,0.010879299610597847,0.00686060105237373,0.011546292362680104,0.02334333752390584,0.01132860928490356,0.01402833092144227,0.01402833092144227,0.01132860928490356,0.010728151496671362,0.010728151496671362,0.008034547131619408,0.013026784727528313,0.010995965134037593,0.010960233366260331,0.015041028865660881,0.008613562093572539,0.0389835462158564,0.001453253213163639,0.04779178577343329,0.10227197227199476,0.1235364069344187,0.1235364069344187,0.04779178577343329,0.056686773088426554,0.056686773088426554,0.012045493557653875,0.0389835462158564,0.10227197227199476,0.04464627380679964,0.16287012810921908,0.16287012810921908,0.04464627380679964,0.15175835591579626,0.15175835591579626,0.055959535641617125,0.09399878547367535,0.05351325878627056,0.05448163667359047
109,24,0.013363859015277485,0.006511783311124066,0.022723546527360153,0.07039641466634733,0.0013321487787333356,0.14929761743345082,53,False,13,0,0,0,0,1895,429,1946,323,2158,2605,2550,2371,2284,2384,2048,1473,2186,1945,1831,255,2582,2270,2537,2441,2636,2143,1234,2295,0.02190262023924676,0.016458694257619456,0.011042238962334616,0.012395820416325946,0.019800369254917436,0.022723546527360153,0.011551028154760345,0.011551028154760345,0.019800369254917436,0.010456082379931586,0.010456082379931586,0.006511783311124066,0.011042238962334616,0.022723546527360153,0.01085125624543089,0.01388962394975337,0.01388962394975337,0.01085125624543089,0.010589067524632316,0.010589067524632316,0.00791953026792994,0.012651558503565252,0.01055881980717229,0.010527363565434511,0.013787609793522474,0.007895765252441494,0.03573491736453503,0.0013321487787333356,0.04380913695898052,0.0937493079159952,0.11324170635655047,0.11324170635655047,0.04380913695898052,0.05196287533105767,0.05196287533105767,0.011041702427849385,0.03573491736453503,0.0937493079159952,0.040925750989566335,0.14929761743345082,0.14929761743345082,0.040925750989566335,0.13911182625614657,0.13911182625614657,0.13462957433814904,0.08616555335086906,0.04905382055408134,0.04994150028412459
110,24,0.012890103399628615,0.006178963236623097,0.022067470695838993,0.06453004677748504,0.0012211363805055577,0.1368561493139966,54,False,13,0,0,0,0,1895,429,1946,323,2158,2605,2550,2371,2284,2384,2048,1473,2186,1945,1831,255,2582,2270,2537,2441,2636,2143,1234,2295,0.020799158457408595,0.015603727900595925,0.01055058548869893,0.011730319756851753,0.018961595534682737,0.022067470695838993,0.011278937612006056,0.011278937612006056,0.018961595534682737,0.01003604102147679,0.01003604102147679,0.006178963236623097,0.01055058548869893,0.022067470695838993,0.010383191537951461,0.013700107563137399,0.013700107563137399,0.010383191537951461,0.010414829873423738,0.010414829873423738,0.007779445673220063,0.012260211567916396,0.010126396886427032,0.010098739457611687,0.012638642310728934,0.007237784814738035,0.03275700758415711,0.0012211363805055577,0.04015837554573214,0.08593686558966226,0.10380489749350459,0.10380489749350459,0.04015837554573214,0.0476326357201362,0.0476326357201362,0.010121560558861936,0.03275700758415711,0.08593686558966226,0.037515271740435806,0.1368561493139966,0.1368561493139966,0.037515271740435806,0.12751917406813434,0.12751917406813434,0.12341044314330328,0.07898509057162997,0.04496600217457456,0.045779708593780874
111,24,0.012414821795579725,0.005861642854611769,0.021383494382762613,0.05915254287936129,0.0011193750154634278,0.12545147020449687,55,False,13,0,0,0,0,1895,429,1946,323,2158,2605,2550,2371,2284,2384,2048,1473,2186,1945,1831,255,2582,2270,2537,2441,2636,2143,1234,2295,0.019744934188205276,0.014790447719735837,0.010072417974751346,0.011100203014456047,0.018139795186728914,0.021383494382762613,0.010984184721053336,0.010984184721053336,0.018139795186728914,0.009621197226988776,0.009621197226988776,0.005861642854611769,0.010072417974751346,0.021383494382762613,0.009925830439747855,0.013466168758613744,0.013466168758613744,0.009925830439747855,0.01021025247755885,0.01021025247755885,0.007617862974621929,0.011857099123573302,0.00970057009186995,0.0096762807904284,0.011585422118168189,0.006634636080176532,0.030027256952144015,0.0011193750154634278,0.036811844250254466,0.07877546012385707,0.09515448936904587,0.09515448936904587,0.036811844250254466,0.043663249410124845,0.043663249410124845,0.009278097178956774,0.030027256952144015,0.07877546012385707,0.03438899909539949,0.12545147020449687,0.12545147020449687,0.03438899909539949,0.11689257622912315,0.11689257622912315,0.113126239548028,0.0724029996906608,0.04121883532669335,0.041964732877632464
112,24,0.012339230279415062,0.005559304917737062,0.021212511319225358,0.06948046721435869,0.0010260937641748088,0.1904848615433629,56,False,13,0,0,0,0,1895,429,1946,323,2693,2605,2706,2371,2284,2384,2048,1473,2186,1945,1831,2158,2582,2550,2537,2441,2636,2143,1234,2295,0.018738615543652706,0.014017188196814362,0.009608572331790724,0.010503634822559029,0.021212511319225358,0.021212511319225358,0.010237326611880797,0.010671247741270769,0.017337353284149086,0.009213252217158428,0.009213252217158428,0.005559304917737062,0.009608572331790724,0.020679196630033366,0.009480310253954967,0.017337353284149086,0.013194010732308635,0.010671247741270769,0.010237326611880797,0.009979944702779641,0.007438179641081151,0.011446119436354072,0.009282901792106973,0.009261593025629195,0.010619970274987506,0.006081749740161821,0.027524985539465346,0.0010260937641748088,0.1555441717802023,0.1555441717802023,0.1904848615433629,0.08722494858829205,0.033744190562733256,0.04002464529261444,0.04002464529261444,0.008504922414043709,0.027524985539465346,0.07221083844686897,0.03152324917078286,0.033744190562733256,0.11499718102078879,0.08722494858829205,0.1904848615433629,0.10715152821002955,0.10369905291902566,0.06636941638310573,0.037783932382802234,0.03846767180449642
113,24,0.012390008728350964,0.0052714195777150185,0.020959717450613664,0.0729091951061971,0.0009405859504935747,0.17461112308141596,57,False,14,0,0,0,0,1895,429,1946,2725,323,2693,2605,2706,2371,2284,2384,2048,1473,2186,1945,2714,2158,2582,2550,2441,2636,2143,1234,2295,0.01777877653583518,0.013282298413966226,0.009395892288911618,0.02047616096194188,0.009938868851362342,0.020959717450613664,0.020959717450613664,0.010214807217817116,0.010344226149632464,0.016556177011754,0.00881361739846138,0.00881361739846138,0.0052714195777150185,0.0091596653141639,0.02047616096194188,0.009395892288911618,0.016556177011754,0.012889555048618863,0.010344226149632464,0.009728253106996081,0.007243582670802485,0.011030727472155971,0.008874674290789402,0.008855998457570551,0.00973497275207188,0.005574937261815002,0.10856457007784324,0.1495266019096299,0.0009405859504935747,0.14258215746518543,0.14258215746518543,0.17461112308141596,0.07995620287260104,0.030932174682505482,0.036689258184896566,0.036689258184896566,0.007796178879540066,0.0252312367445099,0.1495266019096299,0.10856457007784324,0.030932174682505482,0.10541408260238973,0.07995620287260104,0.09822223419252708,0.09505746517577351,0.06083863168451358,0.034635271350902046,0.035262032487455054
114,24,0.011923785335954446,0.004997450049596966,0.020634883749631502,0.07603434965397914,0.0051103591566637515,0.16006019615796463,58,False,14,0,0,0,0,1895,429,1946,2725,323,2693,2605,2706,2371,2284,2384,2048,1473,2186,1945,2714,2158,2740,2550,2744,2636,2143,1234,2295,0.01686392212733304,0.012584150753867165,0.009162556004623179,0.020198070248768553,0.009646778979341191,0.020634883749631502,0.020634883749631502,0.01014712163218873,0.010264907627771522,0.015797750918547147,0.008423444170359834,0.008423444170359834,0.004997450049596966,0.008726122972201248,0.020198070248768553,0.009162556004623179,0.015797750918547147,0.009646778979341191,0.010006832290122657,0.010264907627771522,0.007037023372467288,0.01061395536998063,0.0084769198827653,0.008460566214297846,0.008923725022732556,0.0051103591566637515,0.0995175225713563,0.13706605175049408,0.08419553712128579,0.1307003110097533,0.1307003110097533,0.16006019615796463,0.1566265192998843,0.02835449345896336,0.033631820002821854,0.033631820002821854,0.00714649730624506,0.023128633682467405,0.13706605175049408,0.0995175225713563,0.02835449345896336,0.08419553712128579,0.07329318596655095,0.1566265192998843,0.08713600974445905,0.05576874571080411,0.03174899873832687,0.03232352978016713
115,24,0.011544430239513945,0.004736857388724986,0.02024758774891612,0.06969815384948087,0.0046844958936084384,0.14672184647813424,59,False,14,0,0,0,0,1895,429,1946,2725,323,2693,2605,2706,2371,2284,2384,2048,1473,2186,1945,2714,2158,2740,2550,2744,2636,2143,1234,2295,0.01599250969211637,0.011921147975613715,0.008912401599209386,0.01985434148523699,0.009343221114230693,0.02024758774891612,0.02024758774891612,0.010038886502546102,0.010145653873429817,0.015063188368234191,0.008043652403512616,0.008043652403512616,0.004736857388724986,0.008308206577863119,0.01985434148523699,0.008912401599209386,0.015063188368234191,0.009343221114230693,0.009662393691047292,0.010145653873429817,0.00682120307098892,0.010198437645898248,0.008090449292193621,0.008076140725802684,0.008180081270838175,0.0046844958936084384,0.09122439569040994,0.12564388077128624,0.07717924236117864,0.11980861842560718,0.11980861842560718,0.14672184647813424,0.14357430935822726,0.025991619004049744,0.030829168335920032,0.030829168335920032,0.006550955864057971,0.021201247542261787,0.12564388077128624,0.09122439569040994,0.025991619004049744,0.07717924236117864,0.06718542046933837,0.14357430935822726,0.07987467559908747,0.051121350234903766,0.0291032488434663,0.029629902298486534
116,24,0.011539607366251774,0.004489104489531413,0.019955843856034244,0.07545439531221322,0.006005042875386473,0.19850689070701238,60,False,13,0,0,0,0,2798,1946,2725,323,2693,2605,2706,2371,2284,2384,2048,1473,2186,1895,1945,2714,2158,2740,2550,2744,2636,2143,1234,2295,0.019955843856034244,0.008648963324289346,0.01945412369176501,0.009031449222980872,0.01980704364210946,0.01980704364210946,0.009894770139366769,0.009991192640425193,0.01435327896489158,0.007674957263716667,0.007674957263716667,0.004489104489531413,0.007906036071981835,0.01516296729616961,0.019955843856034244,0.008648963324289346,0.01435327896489158,0.009031449222980872,0.009313863552024163,0.009991192640425193,0.006598567691783139,0.009786439398221701,0.007715878243148958,0.007703368387155298,0.19850689070701238,0.08362236271620911,0.11517355737367906,0.07074763883108041,0.1098245668901399,0.1098245668901399,0.13449502593828971,0.131609783578375,0.023825650753712263,0.028260070974593363,0.028260070974593363,0.006005042875386473,0.01943447691373997,0.00749840783160166,0.19850689070701238,0.08362236271620911,0.023825650753712263,0.07074763883108041,0.061586635430226834,0.131609783578375,0.07321845263249684,0.04686123771532845,0.026677978106510774,0.027160743773612654
117,24,0.0110599695273665,0.004253659404438415,0.01995673698205202,0.08369995077602632,0.005504622635770933,0.20397563494684373,61,False,13,0,0,0,0,2798,1946,2725,323,2693,2605,2706,2371,2284,2384,2048,1473,2186,1895,1945,2714,2740,2550,2815,2744,2636,2143,2830,2295,0.01995673698205202,0.008375459280539914,0.019006152971004324,0.008714368180295756,0.01932197609793598,0.01932197609793598,0.009719380226726122,0.010059065843502293,0.013668531885266573,0.007317894179601275,0.007317894179601275,0.004253659404438415,0.007519611128141618,0.014373709172170204,0.01995673698205202,0.008375459280539914,0.008714368180295756,0.008963837247269544,0.010059065843502293,0.009806165680331746,0.006371309361723789,0.00937988612323376,0.00754330207090662,0.007342722257728784,0.18196464981476135,0.07665383248985835,0.10557576092587247,0.06485200226182371,0.10067251964929491,0.10067251964929491,0.1232871071100989,0.20397563494684373,0.021840179857569572,0.025905065060043916,0.025905065060043916,0.005504622635770933,0.017814937170928306,0.0068735405123015215,0.18196464981476135,0.07665383248985835,0.06485200226182371,0.05645441581104126,0.20397563494684373,0.1206423016135104,0.06711691491312209,0.04295613457238441,0.10778814659763489,0.024897348459144934
118,24,0.010632954112708495,0.0040299980708668115,0.0198653731748991,0.07686809283373662,0.005045904082790022,0.18697766536794008,62,False,13,0,0,0,0,2798,1946,2725,323,2693,2605,2706,2371,2284,2384,2048,1473,2186,1895,1945,2714,2740,2550,2744,2636,2143,2842,2830,2295,0.0198653731748991,0.00809478907670838,0.018518647554890633,0.008394545823889982,0.01880053219221125,0.01880053219221125,0.009517175405397446,0.010074936556825342,0.013009215164882848,0.0069728418488711735,0.007152670835941916,0.0040299980708668115,0.007148829959769903,0.01362314872822176,0.0198653731748991,0.00809478907670838,0.008394545823889982,0.00861457303106016,0.009595044798375493,0.006141373381413759,0.008980394049201866,0.007152670835941916,0.007354373221934099,0.006994524725991307,0.16680092899686455,0.07026601311570349,0.09677778084871642,0.05944766874000506,0.09228314301185367,0.09228314301185367,0.11301318151759066,0.18697766536794008,0.020020164869438774,0.023746309638373587,0.10707964297170693,0.005045904082790022,0.016330359073350946,0.006300745469609728,0.16680092899686455,0.07026601311570349,0.05944766874000506,0.05174988116012116,0.1105887764790512,0.061523838670361916,0.039376456691352375,0.10707964297170693,0.09880580104783197,0.022822569420882854
119,24,0.00983029266589243,0.0038176065248370886,0.019690618887701367,0.07371976539379756,0.004625412075890853,0.17139619325394506,63,False,14,0,0,0,0,2798,1946,2725,323,2857,2693,2605,2706,2371,2284,2384,2048,1473,2186,1895,2714,2740,2550,2744,2636,2143,2842,2830,2295,0.019690618887701367,0.008010946572838771,0.017999237292245666,0.008074229805081257,0.008010946572838771,0.01825022569415065,0.01825022569415065,0.009292398525791034,0.010042903987437467,0.012375391069160717,0.006640043252228069,0.0069721419656217035,0.0038176065248370886,0.0067935060169914,0.012909709397614077,0.007809539232739675,0.008074229805081257,0.008268015450010716,0.009362069251533447,0.005910469150918324,0.008589300153097104,0.0069721419656217035,0.007152159577333807,0.006658968136393655,0.15290085158045916,0.14774384535606155,0.08871296577799005,0.05449369634500464,0.14774384535606155,0.0845928810941992,0.0845928810941992,0.10359541639112477,0.17139619325394506,0.018351817796985543,0.021767450501842454,0.09815633939073135,0.004625412075890853,0.014969495817238367,0.00577568334714225,0.0644105120227282,0.05449369634500464,0.04743739106344439,0.10137304510579694,0.05639685211449842,0.036095085300406345,0.09815633939073135,0.09057198429384597,0.020920688635809283
120,24,0.009533110961411663,0.003615982670871396,0.0194415623597878,0.07808253369126451,0.004239961069566615,0.21876519157638977,64,False,12,0,0,0,0,2798,1946,2725,2884,2605,2706,2371,2284,2384,2048,1473,2186,1895,2714,323,2857,2693,2550,2744,2636,2143,2842,2830,2295,0.0194415623597878,0.007898203504473235,0.017454922025445678,0.008101897488457393,0.017677908108952655,0.0090490289745016,0.00996737802364406,0.011766947739244506,0.006319624699762346,0.006779204723993686,0.003615982670871396,0.00645338273080456,0.012231833605301336,0.007521994409063233,0.0077553676956725465,0.008101897488457393,0.017677908108952655,0.007925820256164786,0.009111201798798685,0.0056800838547978755,0.008207691240815265,0.006779204723993686,0.0069394834175095215,0.006336133424414009,0.14015911394875422,0.13543185824305642,0.0813202186298242,0.21876519157638977,0.07754347433634927,0.0949624650251977,0.15711317714944964,0.016822499647236748,0.01995349629335558,0.08997664444150373,0.004239961069566615,0.013722037832468502,0.005294376401547062,0.05904296935416751,0.049952554982920915,0.21876519157638977,0.07754347433634927,0.04348427514149069,0.09292529134698052,0.05169711443829022,0.03308716152537248,0.08997664444150373,0.08302431893602547,0.01917729791615851
121,24,0.00929190658196919,0.0034246376698863447,0.01912727138999759,0.0880928240935357,0.003886630980436064,0.2838680922783573,65,False,12,0,0,0,0,2798,1946,2725,2884,2605,2706,2371,2284,2384,2048,1473,2186,1895,2919,323,2857,2693,2550,2744,2923,2143,2842,2830,2295,0.01912727138999759,0.007760239785064986,0.016892053574923623,0.008148364613526221,0.017089761265685392,0.008790751331826304,0.009852923807180423,0.011183627340418707,0.006011612974978137,0.0065765219974988414,0.0034246376698863447,0.006128146466319386,0.011587990097535864,0.008358510230835857,0.007439629093617901,0.008358510230835857,0.017089761265685392,0.007589379870425373,0.008846100616517982,0.0055920915813879885,0.00783643165071161,0.0065765219974988414,0.006718912273790295,0.006026006841111664,0.12847918778635803,0.12414587005613505,0.07454353374400552,0.20053475894502396,0.07108151814165349,0.08704892627309789,0.1440204123869955,0.015420624676633686,0.018290704935575948,0.08247859073804509,0.003886630980436064,0.012578534679762792,0.004853178368084807,0.2838680922783573,0.0457898420676775,0.2838680922783573,0.07108151814165349,0.03986058554636646,0.08518151706806547,0.13072235490176604,0.03032989806492477,0.08247859073804509,0.07610562569135668,0.017579189756478632
122,24,0.009462169286254134,0.0032430969994861505,0.01924033033673779,0.0864974426491939,0.003562745065399725,0.26021241792182753,66,False,12,0,0,0,0,2798,1946,2725,2884,2605,2706,2371,2284,2384,2048,1473,2186,1895,2919,323,2693,2550,2744,2923,2143,2842,2936,2295,2928,0.01924033033673779,0.007600621474450698,0.0163163364932057,0.00815335901304736,0.01649130675836363,0.008520937650650305,0.009704131663294495,0.010625050963331375,0.005863364542127204,0.006366514340630675,0.0032430969994861505,0.005817437845894697,0.010976679854017093,0.008561145519130862,0.007128428722525187,0.01649130675836363,0.007259848666325799,0.008570104361054081,0.005487167529855783,0.007476189285684933,0.006366514340630675,0.005863364542127204,0.005728494872426113,0.01924033033673779,0.20110592213749487,0.11380038088479046,0.06833157259867172,0.1838235290329386,0.06515805829651569,0.07979484908367307,0.13201871135474588,0.014135572620247545,0.1000998128576113,0.07560537484320799,0.003562745065399725,0.011530323456449226,0.004448746837411073,0.26021241792182753,0.04197402189537104,0.06515805829651569,0.036538870084169256,0.07808305731239334,0.11982882532661886,0.027802406559514374,0.07560537484320799,0.1000998128576113,0.016114257276772077,0.20110592213749487
123,24,0.00920067470114054,0.0030709012344936498,0.01925520353901995,0.07928932242842775,0.0032658496432830812,0.23852804976167521,67,False,12,0,0,0,0,2798,1946,2725,2884,2605,2706,2371,2284,2384,2048,1473,2186,1895,2919,323,2693,2550,2744,2923,2143,2842,2936,2295,2928,0.01925520353901995,0.007422746263424335,0.015732843288535362,0.008120258953203825,0.0158874281305358,0.008242640802185262,0.00952551175443014,0.010090740538426079,0.005704214304480733,0.006151359230210968,0.0030709012344936498,0.005520861598442703,0.010396440777065889,0.00871078592019579,0.006822949740895266,0.0158874281305358,0.00693816753050837,0.008286227841375721,0.005367808907322649,0.007127459795016313,0.006151359230210968,0.005704214304480733,0.005443437473356697,0.01925520353901995,0.18434709529270363,0.10431701581105791,0.06263727488211573,0.16850490161352705,0.05972822010513938,0.07314527832670031,0.12101715207518372,0.012957608235226915,0.09175816178614368,0.06930492693960733,0.0032658496432830812,0.010569463168411791,0.0040780179342934835,0.23852804976167521,0.03847618673742345,0.05972822010513938,0.03349396424382182,0.0715761358696939,0.10984308988273395,0.025485539346221508,0.06930492693960733,0.09175816178614368,0.014771402503707736,0.18434709529270363
124,24,0.008941786379618089,0.0029076065896534603,0.01917984596158007,0.07962632333716986,0.002993695506342824,0.2186507122815356,68,False,12,0,0,0,0,2798,1946,2725,2884,2605,2706,2371,2284,2384,2048,1473,2186,1895,2919,323,2693,2550,2744,2923,2143,2985,2936,2295,2928,0.01917984596158007,0.007229804335360306,0.015146040394294699,0.008052667988437075,0.015282402290132828,0.007958596564870551,0.009321411813739033,0.00958013802504856,0.005536433269148284,0.006086007443423915,0.0029076065896534603,0.005237995084051443,0.009845851329693987,0.008809374187083921,0.0065241666659175464,0.015282402290132828,0.006625087310859909,0.007997166011320205,0.005236380318991844,0.006790588817841312,0.006086007443423915,0.005536433269148284,0.005170619745100087,0.01917984596158007,0.168984837351645,0.09562393116013641,0.057417501975272754,0.15446282647906645,0.0547508684297111,0.06704983846614194,0.11093238940225174,0.011877807548958005,0.08411164830396504,0.14686284969464006,0.002993695506342824,0.009688674571044142,0.003738183106435693,0.2186507122815356,0.03526983784263816,0.0547508684297111,0.030702800556836666,0.06561145788055274,0.10068949905917278,0.023361744400703047,0.14686284969464006,0.08411164830396504,0.013540452295065425,0.168984837351645
125,24,0.008820471827945375,0.002752785261162243,0.01902275480431616,0.08629735218114094,0.002744220880814255,0.20042981959140763,69,False,13,0,0,0,0,2798,1946,2725,2884,2605,2706,2371,3006,2284,2384,2048,1473,2186,1895,2919,2693,2550,3017,2923,2143,2985,2936,2295,2928,0.01902275480431616,0.007024752421860949,0.014559821733498683,0.007954293148817744,0.014679937217661632,0.0076712324035377805,0.009330539592682284,0.009330539592682284,0.009092622131100488,0.005362090797981399,0.00599887478186686,0.002752785261162243,0.004968395634292083,0.00932353327393796,0.008859614844187454,0.014679937217661632,0.00632119088915112,0.0079040234009126,0.0050950898838535725,0.006465792269474162,0.00599887478186686,0.005362090797981399,0.004909782185885493,0.01902275480431616,0.15490276757234123,0.08765527023012504,0.05263271014400002,0.14159092427247758,0.05018829606056851,0.06146235192729678,0.1850213569520641,0.1850213569520641,0.010887990253211504,0.07710234427863462,0.13462427888675338,0.002744220880814255,0.00888128502345713,0.003426667847566052,0.20042981959140763,0.05018829606056851,0.028144233843766943,0.14347716972384,0.09229870747090838,0.021414932367311127,0.13462427888675338,0.07710234427863462,0.01241208127047664,0.15490276757234123
126,24,0.008576256305168109,0.0026060255989780096,0.01879268025878768,0.0825781283882681,0.002515535807413067,0.18372733462545698,70,False,13,0,0,0,0,2798,1946,2725,2884,2605,2706,2371,3006,2284,2384,2048,1473,2186,1895,2919,2693,2550,3017,3042,2143,2985,2936,2295,2928,0.01879268025878768,0.006810298886121751,0.013977547270313055,0.00782884363461637,0.01408321356526018,0.007382681170292128,0.009295778787879013,0.009295778787879013,0.008627522808826314,0.005183052732186097,0.005892754957497411,0.0026060255989780096,0.004711606838808996,0.008828153642363836,0.008864784628167362,0.01408321356526018,0.0060269137156917065,0.007783477813004808,0.005073530365184396,0.006153174703446275,0.005892754957497411,0.005183052732186097,0.004660629644998808,0.01879268025878768,0.14199420360797946,0.08035066437761461,0.04824665096533335,0.12979168058310445,0.04600593805552113,0.05634048926668871,0.16960291053939208,0.16960291053939208,0.009980657732110544,0.07067714892208173,0.12340558897952393,0.002515535807413067,0.008141177938169035,0.0031411121936022143,0.18372733462545698,0.04600593805552113,0.02579888102345303,0.13152073891352,0.16794048184833268,0.0196303546700352,0.12340558897952393,0.07067714892208173,0.011377741164603586,0.14199420360797946
127,24,0.008770744795843307,0.002466932137685405,0.018498384707230933,0.09874316070976423,0.002305907823461978,0.23880266799444275,71,False,14,0,0,0,0,2798,1946,2725,2884,2605,2706,2371,3006,2284,2384,2048,3052,1473,2186,1895,2919,2693,2550,3054,3042,2143,3066,2295,2928,0.018498384707230933,0.006588897785052624,0.013402084436153587,0.007679949317817075,0.013842961253822061,0.007094798237960602,0.009459053542276205,0.009221238597876985,0.008184133758890683,0.005000984552477566,0.0057703518555836456,0.013842961253822061,0.002466932137685405,0.004467163898553242,0.00835842605909759,0.008828558531181864,0.01349492822428219,0.0057425627224478104,0.009459053542276205,0.0051602405268886455,0.005852745819315192,0.0051602405268886455,0.00442283910542759,0.018498384707230933,0.1301613533073145,0.07365477567948006,0.04422609671822224,0.11897570720117907,0.12550544321756105,0.05164544849446465,0.23880266799444275,0.1554693346611094,0.009148936254434666,0.06478738651190824,0.11312178989789694,0.12550544321756105,0.002305907823461978,0.007462746443321615,0.002879352844135363,0.16841672340666888,0.042172109884227704,0.02364897427149861,0.23880266799444275,0.2372787750276383,0.0179944917808656,0.2372787750276383,0.010429596067553287,0.1301613533073145
128,24,0.008550759722182869,0.002335125509999335,0.018148448781915665,0.09051456398395054,0.0021137488381734798,0.21890244566157252,72,False,14,0,0,0,0,2798,1946,2725,2884,2605,2706,2371,3006,2284,2384,2048,3052,1473,2186,1895,2919,2693,2550,3054,3042,2143,3066,2295,2928,0.018148448781915665,0.006362750041542133,0.012835850757763282,0.007511097597977142,0.013563393104407238,0.006809180839233633,0.009566846506546359,0.009111156213416315,0.007761723159537665,0.004817358337419396,0.005634238938683876,0.013563393104407238,0.002335125509999335,0.004234598155699216,0.007913111511961743,0.00875485563071021,0.012917338359475767,0.005468333591631952,0.009566846506546359,0.005216818137579895,0.005564435211875559,0.005216818137579895,0.0041960664145633065,0.018148448781915665,0.11931457386503827,0.06751687770619005,0.04054058865837038,0.10906106493441414,0.11504665628276428,0.04734166111992593,0.21890244566157252,0.14251355677268362,0.008386524899898443,0.059388437635915885,0.10369497407307218,0.11504665628276428,0.0021137488381734798,0.006840850906378147,0.0026394067737907493,0.15438199645611314,0.03865776739387539,0.021678226415540392,0.21890244566157252,0.2175055437753351,0.016494950799126797,0.2175055437753351,0.009560463061923846,0.11931457386503827
129,24,0.008176538295961332,0.0022102422637293047,0.017751120900821548,0.10527951428976873,0.001937603101659023,0.28399390852310813,73,False,16,0,0,0,0,2798,1946,2725,2884,2605,2706,3114,2371,3103,3006,2284,2384,2048,3052,1473,2186,1895,2919,2693,3054,3042,2143,3066,2295,0.017751120900821548,0.006133810072447284,0.01228085639578506,0.00732558670175256,0.013250597434614333,0.006527188622541475,0.00987023826474194,0.00962208551313252,0.009201108989913534,0.009201108989913534,0.00735954282124026,0.004633462463762891,0.005486830230355225,0.013250597434614333,0.0022102422637293047,0.004013440900159327,0.0074910186641573085,0.008647706780882912,0.012352304767846739,0.00987023826474194,0.005244887538491619,0.005288105473784728,0.005244887538491619,0.0039799520751499775,0.10937169270961841,0.06189047123067421,0.037162206270172846,0.09997264285654629,0.10545943492586725,0.04339652269326543,0.28399390852310813,0.20066057518977481,0.21397076037496,0.21397076037496,0.007687647824906906,0.05443940116625622,0.0950537262336495,0.10545943492586725,0.001937603101659023,0.006270779997513301,0.0024194562093081866,0.14151683008477037,0.03543628677771911,0.28399390852310813,0.19938008179405717,0.01512037156586623,0.19938008179405717,0.008763757806763525
130,24,0.00791912701712049,0.0020919346001579465,0.017314205793484177,0.09561367623869488,0.001776136176520771,0.26032774947951576,74,False,19,0,0,0,0,2798,1946,2725,3123,2884,2605,2706,3114,2371,3103,3006,3130,2284,2384,2048,3052,1473,3135,2186,1895,2919,2693,2143,2295,0.017314205793484177,0.005903796444331366,0.011738745625745992,0.007310284933781071,0.007310284933781071,0.012910300638001967,0.006249964645685184,0.010109878630005566,0.009628322502470334,0.00924146191113023,0.00924146191113023,0.0071567679451462534,0.0071567679451462534,0.004450413167126031,0.005330361216432919,0.012910300638001967,0.0020919346001579465,0.0039013114258610805,0.0039013114258610805,0.007091003782281674,0.008511144599222604,0.011801333722566146,0.005023563772843603,0.003774126200697033,0.10025738498381688,0.056732931961451356,0.03406535574765844,0.17497492261850078,0.17497492261850078,0.09667114868204497,0.03978014580215998,0.26032774947951576,0.18393886059062692,0.19613986367704664,0.19613986367704664,0.090380343839498,0.090380343839498,0.049902784402401534,0.08713258238084537,0.09667114868204497,0.001776136176520771,0.08908154833105386,0.08908154833105386,0.0022178348585325043,0.1297237609110395,0.03248326287957585,0.013860340602044044,0.008033444656199897
131,24,0.007717636248585275,0.001979870049268769,0.01684498698141364,0.08764586988547031,0.0016281248284773734,0.23863377035622277,75,False,19,0,0,0,0,2798,1946,2725,3123,2884,2605,2706,3114,2371,3103,3006,3130,2284,2384,2048,3052,1473,3135,2186,1895,2919,2693,2143,2295,0.01684498698141364,0.00567420535243667,0.01121083656257899,0.007262585361114468,0.007262585361114468,0.012547818288533366,0.005978456209323804,0.010286921660537934,0.009589544328166886,0.009235750303584016,0.009235750303584016,0.006943582030037685,0.006943582030037685,0.004269167242814408,0.005166878020747786,0.012547818288533366,0.001979870049268769,0.0037837223960099304,0.0037837223960099304,0.006711970347178321,0.008349114981417289,0.011265616711382537,0.004770572028941993,0.0035782127312786517,0.09190260290183214,0.052005187631330406,0.031226576102020235,0.16039367906695903,0.16039367906695903,0.0886152196252079,0.03646513365197998,0.23863377035622277,0.16861062220807466,0.17979487503729275,0.17979487503729275,0.08284864851953982,0.08284864851953982,0.04574421903553474,0.07987153384910825,0.0886152196252079,0.0016281248284773734,0.0816580859701327,0.0816580859701327,0.002033015286988129,0.11891344750178619,0.02977632430627786,0.012705312218540373,0.007363990934849906
132,24,0.007505079163054845,0.0018737310950525104,0.016350178043091836,0.08034204739501445,0.0014924477594375923,0.21874762282653754,76,False,19,0,0,0,0,2798,1946,2725,3123,2884,2605,2706,3114,2371,3103,3006,3130,2284,2384,2048,3052,1473,3135,2186,1895,2919,2693,2143,2295,0.016350178043091836,0.005446325928810483,0.010698158649840677,0.007185789546335155,0.007185789546335155,0.012168026343869126,0.005713435085418402,0.010403656621776556,0.009510005008494637,0.009187882654399905,0.009187882654399905,0.006722549827756853,0.006722549827756853,0.004090535311382487,0.004998233305506524,0.012168026343869126,0.0018737310950525104,0.003662055330013449,0.003662055330013449,0.006352868405041727,0.008165408560880345,0.010746067680579148,0.0045288558153735135,0.003391832997318484,0.0842440526600128,0.0476714219953862,0.02862436142685188,0.14702753914471245,0.14702753914471245,0.0812306179897739,0.03342637251431498,0.21874762282653754,0.15455973702406842,0.164811968784185,0.164811968784185,0.07594459447624484,0.07594459447624484,0.04193220078257351,0.0732155726950159,0.0812306179897739,0.0014924477594375923,0.07485324547262164,0.07485324547262164,0.0018635973464057847,0.109003993543304,0.027294963947421372,0.011646536200328675,0.006750325023612413
133,24,0.007283608370569967,0.001773214762194024,0.015835897653693063,0.07364687677876325,0.001368077112817793,0.2005186542576594,77,False,19,0,0,0,0,2798,1946,2725,3123,2884,2605,2706,3114,2371,3103,3006,3130,2284,2384,2048,3052,1473,3135,2186,1895,2919,2693,2143,2295,0.015835897653693063,0.0052212565768545325,0.010201487611357746,0.007083238162336223,0.007083238162336223,0.011775348767706893,0.0054555168225839945,0.010463273626150847,0.00939408170472564,0.009101985433236206,0.009101985433236206,0.006495979740086075,0.006495979740086075,0.003915195200114022,0.004826087486098263,0.011775348767706893,0.001773214762194024,0.003537551564515552,0.003537551564515552,0.006012693708225546,0.007963610033511185,0.010243357555619267,0.004298112105967585,0.0032146087108215655,0.07722371493834505,0.04369880349577068,0.026238997974614223,0.1347752442159864,0.1347752442159864,0.07446139982395941,0.030640841471455398,0.2005186542576594,0.1416797589387294,0.1510776380521696,0.1510776380521696,0.0696158782698911,0.0696158782698911,0.03843785071735905,0.06711427497043124,0.07446139982395941,0.001368077112817793,0.06861547501656982,0.06861547501656982,0.001708297567538636,0.09992032741469534,0.02502038361846959,0.010675991516967952,0.006187797938311378
134,24,0.007297114753085587,0.001678032173760915,0.015307663744214264,0.08094247017445048,0.0012540706867496434,0.2671420997361878,78,False,18,0,0,0,0,2798,1946,2725,3123,2884,2605,3223,2371,3103,3006,3130,2284,2384,2048,3052,1473,3135,2186,1895,2919,2693,3114,2143,2295,0.015307663744214264,0.004999921698789643,0.009721377702035993,0.006958230216134021,0.006958230216134021,0.01137375820141447,0.010739650782819294,0.009246154917918217,0.008982270957841312,0.008982270957841312,0.006265928742012426,0.006265928742012426,0.003743705099856581,0.004651914014062723,0.01137375820141447,0.001678032173760915,0.0034113154185028685,0.0034113154185028685,0.005690486688208681,0.007747063023629167,0.009757945934248016,0.010739650782819294,0.004078015984167607,0.003046164455713486,0.07078840536014963,0.04005723653778979,0.024052414810063035,0.12354397386465421,0.12354397386465421,0.06825628317196279,0.2671420997361878,0.12987311236050195,0.13848783488115546,0.13848783488115546,0.06381455508073351,0.06381455508073351,0.03523469649091246,0.0615214187228953,0.06825628317196279,0.0012540706867496434,0.06289751876518901,0.06289751876518901,0.0015659394369104162,0.09159363346347073,0.02293535165026379,0.2671420997361878,0.009786325557220622,0.005672148110118763
135,24,0.006850535017598194,0.0016288601000478188,0.014770402594173296,0.09150933194002668,0.001435444483834548,0.24488025809150546,79,False,20,0,0,0,0,2798,1946,2725,3123,2884,2605,3223,3248,2371,3103,3006,3130,2284,3250,2384,2048,3052,1473,3135,2186,1895,2919,2143,3255,0.014770402594173296,0.004783088328714083,0.009258191201695092,0.0068139593877638025,0.0068139593877638025,0.010966786691204152,0.010948599414565866,0.009060728861358615,0.009070512085075174,0.009060728861358615,0.008832928403231396,0.006189833647153264,0.0060342118465091426,0.006189833647153264,0.003576516247420777,0.004477007654296829,0.010966786691204152,0.0016288601000478188,0.00328431971983018,0.00328431971983018,0.005385331297054988,0.007518848111397828,0.003868226423506544,0.0016288601000478188,0.06488937158013716,0.03671913349297397,0.022048046909224447,0.11324864270926635,0.11324864270926635,0.06256825957429922,0.24488025809150546,0.21028051530772585,0.11905035299712678,0.21028051530772585,0.1269471819743925,0.14183000882400573,0.05849667549067238,0.14183000882400573,0.03229847178333642,0.05639463382932069,0.06256825957429922,0.08448289812952052,0.05765605886808992,0.05765605886808992,0.001435444483834548,0.08396083067484816,0.008970798427452237,0.08448289812952052
136,24,0.00666754100546806,0.0015777312911227448,0.014228469196075545,0.09519120846903391,0.001315824110181669,0.22447356991721332,80,False,21,0,0,0,0,2798,1946,2725,3123,2884,2605,3223,3248,2371,3103,3006,3130,2284,3250,2384,2048,3052,3287,1473,3135,2186,1895,2919,3278,0.014228469196075545,0.004571382307642772,0.008812125176339494,0.006653465917473535,0.006653465917473535,0.010557543879032074,0.011092232976491917,0.009091064647254933,0.008871272864391459,0.009091064647254933,0.008658036908058218,0.006092619930162421,0.0058024148181638245,0.006092619930162421,0.00350203133472401,0.004302494852014939,0.010557543879032074,0.001618420844407013,0.0015777312911227448,0.003157413005412458,0.003157413005412458,0.00509635374836057,0.007281771720046095,0.00350203133472401,0.05948192394845906,0.033659205701892805,0.020210709666789076,0.10381125581682749,0.10381125581682749,0.057354237943107615,0.22447356991721332,0.19275713903208203,0.1091294902473662,0.19275713903208203,0.11636825014319312,0.13001084142200525,0.05362195253311635,0.13001084142200525,0.11294026580139173,0.05169508101021063,0.057354237943107615,0.1607759899520605,0.07744265661872714,0.05285138729574909,0.05285138729574909,0.001315824110181669,0.07696409478527748,0.11294026580139173
137,24,0.006574899682975223,0.001564531542537643,0.013685675764707812,0.10104810113987324,0.0012061721009998634,0.20576743909077885,81,False,19,0,0,0,0,2798,1946,2725,3123,2884,2605,3223,3248,2371,3103,3301,3130,2284,3250,2384,2048,3052,3306,2186,1895,2919,3300,3278,3135,0.013685675764707812,0.004365303739631662,0.00838323559000425,0.006479602187871442,0.006479602187871442,0.01014874046489079,0.011173701760067337,0.009076841825154554,0.008652333856125705,0.009076841825154554,0.00613126243371842,0.005977113202164235,0.005715608112514057,0.00613126243371842,0.0034192504411184837,0.004129345444102247,0.01014874046489079,0.001564531542537643,0.003031327825200901,0.004822721184028801,0.007038363727098337,0.005715608112514057,0.0034192504411184837,0.003031327825200901,0.054525096952754135,0.030854271893401737,0.018526483861223318,0.09516031783209186,0.09516031783209186,0.05257471811451531,0.20576743909077885,0.17669404411274184,0.10003536606008569,0.17669404411274184,0.20250993797017147,0.11917660463683814,0.13248678982202333,0.20250993797017147,0.10352857698460909,0.047387157592693074,0.05257471811451531,0.1543224352338332,0.04844710502110333,0.0012061721009998634,0.07055042021983769,0.13248678982202333,0.10352857698460909,0.04844710502110333
138,24,0.006384780187457179,0.0015453577868133781,0.013145325779985409,0.10171616081332506,0.0011056577592498747,0.1886201524998806,82,False,19,0,0,0,0,2798,1946,2725,3123,2884,2605,3223,3248,2371,3103,3301,3130,2284,3250,2384,3326,3052,3306,2186,1895,2919,3300,3278,3135,0.013145325779985409,0.004165241551834999,0.007971458891408281,0.006295010039278872,0.006295010039278872,0.009742715126264104,0.011196949107596946,0.009021958624007353,0.008417330236986268,0.009021958624007353,0.006138415520165836,0.005846029061804211,0.005611138896953505,0.006138415520165836,0.0034155083937467265,0.0034155083937467265,0.009742715126264104,0.0015453577868133781,0.002906689687871142,0.004563640289167344,0.0067908818814131034,0.005611138896953505,0.0033296373353872777,0.002906689687871142,0.049981338873357956,0.028283082568951592,0.016982610206121376,0.0872302913460842,0.0872302913460842,0.04819349160497237,0.1886201524998806,0.16196954043668002,0.09169908555507854,0.16196954043668002,0.18563410980599052,0.10924522091710162,0.12144622400352138,0.18563410980599052,0.17823452890255834,0.17823452890255834,0.04819349160497237,0.14146223229768043,0.044409846269344716,0.0011056577592498747,0.06467121853485122,0.12144622400352138,0.094901195569225,0.044409846269344716
139,24,0.006223407375865959,0.0015209306672984298,0.01261025142945592,0.10018425852332574,0.0010135196126457185,0.1946590386698946,83,False,20,0,0,0,0,2798,1946,2725,3123,2884,2605,3223,3248,2371,3103,3301,3357,3130,2284,3250,2384,3326,3052,3306,2186,1895,2919,3358,3135,0.01261025142945592,0.003971487048373512,0.007576631226710338,0.006102107877618352,0.006102107877618352,0.00934146342568081,0.011166485119316128,0.008930499834229165,0.008169611723175497,0.008930499834229165,0.0061165966187101874,0.005633197981469991,0.005701936531474449,0.00549157084522791,0.0061165966187101874,0.0033963216164875584,0.0033963216164875584,0.00934146342568081,0.0015209306672984298,0.0027840262819500434,0.004318355873890988,0.00654132134962948,0.0033179659154081668,0.0027840262819500434,0.045816227300578126,0.02592615902153896,0.015567392688944593,0.07996110040057719,0.07996110040057719,0.044177367304558006,0.17290180645822387,0.14847207873362334,0.08405749509215532,0.14847207873362334,0.1701646006554913,0.1946590386698946,0.10014145250734315,0.11132570533656126,0.1701646006554913,0.1633816514940118,0.1633816514940118,0.044177367304558006,0.1296737129395404,0.04070902574689932,0.0010135196126457185,0.059281950323613615,0.17032609593845627,0.04070902574689932
140,24,0.006109452800517101,0.0015304326641652198,0.01208285274488041,0.11417602563326874,0.0009290596449252419,0.20220090352791203,84,False,23,0,0,0,0,2798,1946,2725,3123,3363,2884,2605,3223,3248,2371,3103,3301,3357,3372,3130,2284,3250,2384,3326,3052,3378,3306,2186,1895,0.01208285274488041,0.0037842464005127577,0.0071985054457450095,0.006055325813283175,0.006055325813283175,0.005903085743473973,0.008946667543531309,0.011087184056239504,0.008806611442686367,0.007912230360368581,0.008806611442686367,0.006068504034523134,0.005627381888301574,0.00569029530633265,0.00569029530633265,0.005359337104633294,0.006068504034523134,0.0033632218661160465,0.0033632218661160465,0.008946667543531309,0.0015304326641652198,0.0015304326641652198,0.0026637766892048487,0.004086149437774656,0.04199820835886328,0.023765645769744045,0.014270109964865876,0.1566310087005291,0.1566310087005291,0.07329767536719575,0.04049592002917817,0.1584933225867052,0.1360994055058214,0.07705270383447571,0.1360994055058214,0.1559842172675337,0.17843745211407003,0.1751296647983979,0.1751296647983979,0.10204856322518115,0.1559842172675337,0.14976651386951081,0.14976651386951081,0.04049592002917817,0.20220090352791203,0.20220090352791203,0.037316606934657715,0.0009290596449252419
141,24,0.005994255427282355,0.001532085535301195,0.011565137101905999,0.12152167956126085,0.0008516380078481383,0.2686841615672527,85,False,23,0,0,0,0,2798,1946,2725,3123,3363,2884,2605,3223,3248,2371,3103,3301,3357,3372,3130,2284,3250,3398,3052,3378,3306,2186,3405,1895,0.011565137101905999,0.003603652056078194,0.006836766076761284,0.005984984889475633,0.005984984889475633,0.005699906675165639,0.008559725938582815,0.010964108800414115,0.008654397900031632,0.007647937818110109,0.008654397900031632,0.005996923517571271,0.005596087866232384,0.005653411183510428,0.005799212168053004,0.005216714429100264,0.005996923517571271,0.005799212168053004,0.008559725938582815,0.001532085535301195,0.0015715978884981274,0.0025463003776973604,0.0015715978884981274,0.003866337730074563,0.03849835766229134,0.02178517528893204,0.013080934134460386,0.14357842464215168,0.14357842464215168,0.06718953575326277,0.03712126002674666,0.14528554570447977,0.12475778838033627,0.07063164518160273,0.12475778838033627,0.1429855324952392,0.16356766443789753,0.16053552606519805,0.2438688593985314,0.09354451628974939,0.1429855324952392,0.2438688593985314,0.03712126002674666,0.18535082823391935,0.2686841615672527,0.0342068896901029,0.2686841615672527,0.0008516380078481383
142,24,0.006197909275609727,0.0016028667631896552,0.011058758072328957,0.11697628143400988,0.0007806681738607934,0.24629381476998166,86,False,19,0,0,0,0,2798,1946,2725,3123,3363,2884,2605,3223,3248,2371,3103,3301,3357,3419,2284,3250,3398,3423,3405,1895,3372,3130,3052,2186,0.011058758072328957,0.00342977308131434,0.006491042445985491,0.005893874032429431,0.005893874032429431,0.005494312892012261,0.008181782263667397,0.010802363485325216,0.00847784081343798,0.007379190101907158,0.00847784081343798,0.006056930699626404,0.0055418384391690825,0.006056930699626404,0.005196453208148142,0.005904650280541795,0.005873627294667691,0.005196453208148142,0.0016028667631896552,0.0036582713165710084,0.005593853291623715,0.005873627294667691,0.008181782263667397,0.002431885820710662,0.035290161190433725,0.01996974401485437,0.01199085628992202,0.13161355592197235,0.13161355592197235,0.0615904077738242,0.034027821691184436,0.13317841689577312,0.11436130601530825,0.0647456747498025,0.11436130601530825,0.2144034047873026,0.14993702573473938,0.2144034047873026,0.1690824732656036,0.13107007145396926,0.22354645444865376,0.1690824732656036,0.24629381476998166,0.0007806681738607934,0.14715756555976486,0.22354645444865376,0.034027821691184436,0.031356315549260994
143,24,0.006042313760595225,0.0016664343658090556,0.01060697373082719,0.13675920565449964,0.0007156124927057273,0.30910266353914984,87,False,21,0,0,0,0,2798,1946,2725,3123,3363,2884,2605,3223,3248,2371,3103,3301,3357,3443,3419,2284,3250,3398,3423,3450,3405,1895,3449,3052,0.010565052887275163,0.0032626244703652368,0.0061609201149804066,0.005784731453889224,0.005784731453889224,0.005287835527379109,0.007813753051304141,0.01060697373082719,0.008280737176927825,0.0071081578587268695,0.008280737176927825,0.006241143379429935,0.005467202111785322,0.006241143379429935,0.006084231574339388,0.0051540329755275435,0.005794426018487247,0.005915230889216664,0.005286955039358429,0.0016664343658090556,0.0016664343658090556,0.003461333161938043,0.005286955039358429,0.007813753051304141,0.03234931442456425,0.01830559868028317,0.010991618265761852,0.12064575959514132,0.12064575959514132,0.056457873792672184,0.03119216988358573,0.12208021548779202,0.10483119718069922,0.059350201853985624,0.10483119718069922,0.279869787721694,0.13744227359017777,0.279869787721694,0.1965364543883607,0.15499226716013664,0.12014756549947182,0.20491758324459927,0.23832560049346999,0.30910266353914984,0.30910266353914984,0.0007156124927057273,0.23832560049346999,0.03119216988358573
144,24,0.005917502076116431,0.001718940382656485,0.010382792748202266,0.12536260518329134,0.0006559781183135833,0.2833441082442207,88,False,21,0,0,0,0,2798,1946,2725,3123,3363,2884,2605,3223,3248,2371,3103,3301,3357,3443,3419,2284,3250,3398,3423,3450,3405,1895,3449,3052,0.010085077990975029,0.003102175472820654,0.005845950802131095,0.005660195127786151,0.005660195127786151,0.005081806841237483,0.007456353837056241,0.010382792748202266,0.008066654866891726,0.006836740718983101,0.008066654866891726,0.006385292496336346,0.0053747281491344995,0.006385292496336346,0.006081146735516883,0.005091824125079246,0.005668889888608038,0.005926126957883772,0.005346489369947655,0.001718940382656485,0.001718940382656485,0.003274937234873069,0.005346489369947655,0.007456353837056241,0.029653538222517227,0.016780132123592903,0.010075650076948363,0.11059194629554621,0.11059194629554621,0.051753050976616165,0.02859282239328692,0.11190686419714269,0.09609526408230762,0.05440435169948682,0.09609526408230762,0.25654730541155285,0.12598875079099628,0.25654730541155285,0.18015841652266398,0.1420762448967919,0.11013526837451583,0.187841117974216,0.2184651337856808,0.2833441082442207,0.2833441082442207,0.0006559781183135833,0.2184651337856808,0.02859282239328692
145,24,0.005843341273475504,0.0017603542632070445,0.010134430841465756,0.12930349829852358,0.0006013132751207847,0.3185016966272568,89,False,20,0,0,0,0,2798,3481,1946,2725,3123,3363,2884,3486,3223,3248,2371,3103,3301,3357,3443,3491,3398,3423,3450,3405,1895,2605,3419,3052,0.009619642343776935,0.0030243948712597173,0.0030243948712597173,0.0055456609457282206,0.005522765857256216,0.005522765857256216,0.00487737403001018,0.007293492980454068,0.010134430841465756,0.007838902974177437,0.006566584375571278,0.007838902974177437,0.006657617618769497,0.00526689474331811,0.006490235019996518,0.006657617618769497,0.005908714073993351,0.0053767013982968705,0.0017603542632070445,0.0017603542632070445,0.0030985271417877307,0.007293492980454068,0.006050245008011764,0.007110123511207423,0.027182410037307456,0.0987151211132935,0.0987151211132935,0.009236012570535999,0.10137595077091735,0.10137595077091735,0.04744029672856481,0.10954342052717969,0.10258129218071413,0.08808732540878197,0.04987065572452958,0.08808732540878197,0.3185016966272568,0.11548968822507992,0.23516836329392343,0.3185016966272568,0.17218769147636465,0.2002597059702074,0.259732099223869,0.259732099223869,0.0006013132751207847,0.10954342052717969,0.16514521514577532,0.02621008719384634
146,24,0.005758843802687445,0.001790882573576312,0.00986620543509074,0.12465314758509671,0.0005512038355273859,0.2919598885749854,90,False,21,0,0,0,0,2798,3481,1946,2725,3123,3363,2884,3486,3223,3248,2371,3103,3515,3301,3357,3443,3491,3398,3423,3450,3405,1895,3419,3052,0.009169338275056492,0.00294116231234608,0.00294116231234608,0.005259559055875919,0.005374781345177834,0.005374781345177834,0.004675513922179164,0.0071143176449160244,0.00986620543509074,0.007600514554966663,0.00629909933865415,0.0077965311667384275,0.0077965311667384275,0.0068854887413247225,0.005146069434921669,0.006557517514784099,0.0068854887413247225,0.0058655787998222195,0.005379582494046144,0.001790882573576312,0.001790882573576312,0.0029315747936389473,0.005994240936244876,0.006775446785974821,0.024917209200865167,0.09048886102051903,0.09048886102051903,0.008466344856324665,0.0929279548733409,0.0929279548733409,0.043486938667851076,0.10041480214991472,0.09403285116565462,0.08074671495805014,0.045714767747485445,0.16408004829138348,0.16408004829138348,0.2919598885749854,0.10586554753965659,0.21557099968609647,0.2919598885749854,0.1578387171866676,0.18357139713935677,0.2380877576218799,0.2380877576218799,0.0005512038355273859,0.15138311388362738,0.02402591326102581
147,24,0.005512945299812377,0.001810928356524883,0.009582108623903235,0.14169949920847177,0.0005052701825667703,0.3509632311937366,91,False,21,0,0,0,0,2798,3481,1946,2725,3123,3363,2884,3486,3223,3248,2371,3103,3515,3301,3357,3443,3491,3398,3423,3547,3405,1895,3541,3450,0.008734569797110792,0.0028536376581344363,0.0028536376581344363,0.004987141991463375,0.005218399624112693,0.005218399624112693,0.004477047998880367,0.006921823246955565,0.009582108623903235,0.007354239508255903,0.006035480518418823,0.007722058419354245,0.007722058419354245,0.007250709495936333,0.005014480400025184,0.006589229277550541,0.007068415668343084,0.005799403481730439,0.005357364737983615,0.0018576320419188487,0.001810928356524883,0.0027735791094381334,0.007250709495936333,0.0018576320419188487,0.02284077510079307,0.08294812260214245,0.08294812260214245,0.007760816118297609,0.08518395863389583,0.08518395863389583,0.03986302711219682,0.09204690197075516,0.08619678023518339,0.07401782204487929,0.041905203768528326,0.15040671093376817,0.15040671093376817,0.3509632311937366,0.09704341857801853,0.1976067497122551,0.26762989786040325,0.14468549075444528,0.16827378071107704,0.3015804444867233,0.2182471111533899,0.0005052701825667703,0.3509632311937366,0.3015804444867233
148,24,0.0054283217279395965,0.0018680151023447282,0.009285789295045803,0.13683565205221024,0.00046316433401953947,0.3597820741128297,92,False,21,0,0,0,0,2798,3481,1946,2725,3123,3363,2884,3486,3223,3248,2371,3103,3515,3301,3357,3443,3491,3398,3423,3547,3575,1895,3541,3572,0.008315578375042045,0.0027628759576229763,0.0027628759576229763,0.004727900287187381,0.0050555902424146825,0.0050555902424146825,0.0042826573087809735,0.006718771395552999,0.009285789295045803,0.007102545485653231,0.00577672697464976,0.007619061605118911,0.007619061605118911,0.0075673729385595636,0.004874197102811662,0.006587863019207888,0.007206922042829508,0.005712888958661945,0.005312427487626716,0.0019121293689474664,0.0019614430196825262,0.002624064759093405,0.0075673729385595636,0.0018680151023447282,0.020937377175726978,0.0760357790519639,0.0760357790519639,0.007114081441772808,0.07808529541440451,0.07808529541440451,0.036541108186180414,0.08437632680652556,0.07901371521558477,0.06784967020780601,0.038413103454484294,0.13787281835595416,0.13787281835595416,0.3217162952609252,0.08895646702985031,0.18113952056956714,0.24532740637203632,0.13262836652490817,0.15425096565182062,0.2764487407794963,0.3597820741128297,0.00046316433401953947,0.3217162952609252,0.28339318522394075
149,24,0.005331457630124014,0.0019130468891606182,0.008980547053218428,0.12543268104785935,0.00042456730618457784,0.3298002346034272,93,False,21,0,0,0,0,2798,3481,1946,2725,3123,3363,2884,3486,3223,3248,2371,3103,3515,3301,3357,3443,3491,3398,3423,3547,3575,1895,3541,3572,0.007912466209645546,0.002669826939834572,0.002669826939834572,0.00448132264445034,0.004888131709644429,0.004888131709644429,0.004092896956484442,0.006507679482343313,0.008980547053218428,0.006847624976404668,0.005523661331545922,0.007491093733976041,0.007491093733976041,0.007833432304541064,0.0047271188105646525,0.006556187773933596,0.007302383434517456,0.005608691849419201,0.005247217216594411,0.0019544193915173812,0.002052168779691427,0.0024825809474927287,0.007833432304541064,0.0019130468891606182,0.019192595744416396,0.0696994641309669,0.0696994641309669,0.0065212413216250735,0.07157818746320413,0.07157818746320413,0.03349601583733205,0.0773449662393151,0.07242923894761936,0.06219553102382217,0.035212011499943935,0.1263834168262913,0.1263834168262913,0.29490660398918145,0.08154342811069612,0.1660445605221032,0.22488345584103328,0.12157600264783248,0.14139671851416888,0.25341134571453827,0.3298002346034272,0.00042456730618457784,0.29490660398918145,0.259777086455279
150,24,0.00511450399051112,0.0019462477401668951,0.008669335439570268,0.11606117727920046,0.000389186697335863,0.30231688171980825,94,False,21,0,0,0,0,2798,3481,1946,2725,3123,3363,2884,3486,3223,3248,2371,3103,3515,3301,3357,3443,3491,3398,3423,3547,3575,1895,3618,3572,0.007525217134512243,0.0025753370064034143,0.0025753370064034143,0.004246899689135917,0.004717613850207408,0.004717613850207408,0.00390820993490748,0.006290818157026094,0.008669335439570268,0.0065914069625630746,0.005276948490006446,0.007341611112017415,0.007341611112017415,0.008048183121410443,0.004574969539086807,0.006497136867241037,0.007356861589769142,0.005489375477332123,0.005297364660208493,0.0019847962184724433,0.0021291359122859285,0.0023487002411070666,0.005297364660208493,0.0019462477401668951,0.01759321276571503,0.06389117545338632,0.06389117545338632,0.005977804544822983,0.06561333850793712,0.06561333850793712,0.030704681184221042,0.07089955238603883,0.06639346903531775,0.05701257010517032,0.03227767720828194,0.11585146542410037,0.11585146542410037,0.27033105365674964,0.07474814243480478,0.15220751381192793,0.2061431678542805,0.11144466909384644,0.21294699197132147,0.23229373357166008,0.30231688171980825,0.000389186697335863,0.21294699197132147,0.2381289959173391
151,24,0.00499595561055674,0.0019680552950746078,0.00835477223374381,0.10638941250593376,0.00035675447255787443,0.2771238082431576,95,False,21,0,0,0,0,2798,3481,1946,2725,3123,3363,2884,3486,3223,3248,2371,3103,3515,3301,3357,3443,3491,3398,3423,3547,3575,1895,3618,3572,0.007153715258485342,0.0024801530977775045,0.0024801530977775045,0.004024127088954798,0.004545443879397268,0.004545443879397268,0.0037289401463504596,0.006070214965130975,0.00835477223374381,0.006335571788689381,0.005037113379724588,0.007173917633849452,0.007173917633849452,0.008212098854332458,0.0044192981152831505,0.00641371226304308,0.007372943723088177,0.005357373109226916,0.005319071629985533,0.002003758058561554,0.0021920504537874972,0.002222017437865451,0.005319071629985533,0.0019680552950746078,0.016127111701905443,0.058566910832270794,0.058566910832270794,0.005479654166087734,0.06014556029894235,0.06014556029894235,0.028145957752202622,0.06499125635386893,0.06086067994904126,0.052261522596406124,0.02958787077425844,0.10619717663875866,0.10619717663875866,0.24780346585202048,0.06851913056523772,0.1395235543276006,0.18896457053309046,0.1021576133360259,0.19520140930704466,0.2129359224406884,0.2771238082431576,0.00035675447255787443,0.19520140930704466,0.2182849129242275
152,24,0.004878317617214651,0.0019790765102817394,0.008541390866641057,0.1009958503526615,0.0003270249331780516,0.3104865103643521,96,False,21,0,0,0,0,2798,3481,1946,2725,3123,3363,2884,3486,3223,3248,2371,3103,3515,3661,3357,3443,3491,3398,3423,3547,3575,1895,3618,3572,0.006797761503297799,0.0023849279007405193,0.0023849279007405193,0.0038125081133661104,0.004372855186239807,0.004372855186239807,0.0035553445163739343,0.005847662640270072,0.008039154939843673,0.006081568125936577,0.0048045575824189855,0.0069911242821146845,0.0069911242821146845,0.008541390866641057,0.0042614821887534005,0.006308905445285371,0.007353593218672892,0.005214961983573495,0.005314387130504807,0.002011962604214991,0.0022409550944074218,0.00210214848061447,0.005314387130504807,0.0019790765102817394,0.014783185726746655,0.05368633492958156,0.05368633492958156,0.0050230163189137565,0.05513343027403048,0.05513343027403048,0.025800461272852404,0.05957531832437985,0.05578895661995449,0.047906395713372275,0.02712221487640357,0.0973474119188621,0.0973474119188621,0.3104865103643521,0.06280920301813457,0.12789659146696722,0.17321752298866624,0.09364447889135706,0.17893462519812425,0.19519126223729769,0.25403015755622776,0.0003270249331780516,0.17893462519812425,0.2000945035138752
153,24,0.0048194719219127055,0.0019887294141106558,0.008813928687653903,0.09286690982101174,0.0002997728554132139,0.2846126345006561,97,False,22,0,0,0,0,2798,3481,1946,2725,3123,3363,3678,2884,3486,3223,3248,2371,3103,3515,3661,3357,3443,3491,3398,3423,3547,3575,1895,3618,0.006457088196200394,0.0022902259544579453,0.0022902259544579453,0.00361155571007933,0.004200917972650814,0.004200917972650814,0.0034749701686804433,0.0034749701686804433,0.005624730762719889,0.0077244798611295,0.005830631124854263,0.004579574728111018,0.0067961217476087835,0.0067961217476087835,0.008813928687653903,0.004102735179983886,0.006185634146475542,0.007302015869901618,0.005064246537120601,0.005285569668809219,0.0020101849581677248,0.002276179924982204,0.0019887294141106558,0.005285569668809219,0.0135512535828511,0.04921247368544976,0.04921247368544976,0.004604431625670943,0.050538977751194605,0.050538977751194605,0.10698375616678138,0.10698375616678138,0.05461070846401486,0.05113987690162495,0.04391419607059125,0.024862030303369937,0.08923512759229026,0.08923512759229026,0.2846126345006561,0.05757510276662335,0.11723854217805328,0.15878272940627738,0.0858407723170773,0.1640234064316139,0.17892532371752287,0.23286097775987544,0.0002997728554132139,0.1640234064316139
154,24,0.004688466019849351,0.0018814153851949898,0.009029487501367395,0.08512800066926075,0.0002747917841287794,0.26089491495893474,98,False,22,0,0,0,0,2798,3481,1946,2725,3123,3363,3678,2884,3486,3223,3248,2371,3103,3515,3661,3357,3443,3491,3398,3423,3547,3575,1895,3618,0.006131371880765721,0.002196530294602137,0.002196530294602137,0.003420794163854873,0.004030551051976819,0.004030551051976819,0.003387173156897095,0.003387173156897095,0.005402779708183335,0.0074124634523966525,0.005583801041205779,0.00436236462121106,0.006591564074394772,0.006591564074394772,0.009029487501367395,0.003944115307927535,0.006046693671080234,0.007221543905542474,0.004907149271873113,0.005234998662640119,0.001999279446853241,0.002298290637906154,0.0018814153851949898,0.005234998662640119,0.01242198245094684,0.04511143421166228,0.04511143421166228,0.004220728990198364,0.04632739627192839,0.04632739627192839,0.09806844315288293,0.09806844315288293,0.05005981609201362,0.0468782204931562,0.04025467973137531,0.022790194444755774,0.0817988669595994,0.0817988669595994,0.26089491495893474,0.052777177536071404,0.1074686636632155,0.1455508352890876,0.07868737462398753,0.1503547892289794,0.16401488007439596,0.21345589627988582,0.0002747917841287794,0.1503547892289794
155,24,0.0044380860717435555,0.0017798796855549618,0.009189070496075027,0.08738855678557227,0.0002518924687847144,0.279001238256562,99,False,23,0,0,0,0,2798,3481,1946,2725,3123,3363,3678,2884,3486,3223,3248,2371,3103,3515,3661,3357,3443,3491,3398,3423,3547,3575,3741,1895,0.00582024450753277,0.0021042493486363653,0.0021042493486363653,0.003239760395751054,0.0038625342482616867,0.0038625342482616867,0.0032933602147790725,0.0032933602147790725,0.005182976006973288,0.007104564895907524,0.0053419417833901394,0.004153046094832352,0.006379861330516517,0.006379861330516517,0.009189070496075027,0.003786535986921084,0.00589472122668881,0.007115538562489494,0.004745407802730652,0.005165099135141549,0.0019801461131413864,0.0023675613721639817,0.0023675613721639817,0.0017798796855549618,0.01138681724670127,0.04135214802735709,0.04135214802735709,0.0038690015743485006,0.04246677991593435,0.04246677991593435,0.08989607289014269,0.08989607289014269,0.045888164751012483,0.042971702118726515,0.03690012308709403,0.020891011574359457,0.07498229471296611,0.07498229471296611,0.23915367204569016,0.048379079408065455,0.09851294169128087,0.13342159901499698,0.07213009340532191,0.13782522345989778,0.15034697340152964,0.279001238256562,0.279001238256562,0.0002518924687847144
156,24,0.004345222325938707,0.0019537022348330227,0.009294700553211906,0.10116952012172438,0.0035465847764861256,0.33908446840184847,100,False,24,0,0,0,0,2798,3481,1946,2725,3123,3363,3678,3751,3486,3223,3248,2371,3103,3515,3661,3357,3443,3491,3398,3423,3547,3765,3575,3741,0.0055233031611167825,0.0020137238593757488,0.0020137238593757488,0.003068004954094156,0.003697520958878775,0.003697520958878775,0.0031948241717683883,0.003277218410319954,0.004966308410155908,0.006802009072836556,0.005105758969252853,0.003951668622508909,0.006163179468438192,0.006163179468438192,0.009294700553211906,0.0036307770174208403,0.0057321715200674365,0.006987310852132162,0.004580576764691176,0.005078279710804483,0.0019537022348330227,0.0024841090301471968,0.0024841090301471968,0.0024216547636346196,0.010437915809476164,0.037906135691743996,0.037906135691743996,0.0035465847764861256,0.038927881589606486,0.038927881589606486,0.08240473348263079,0.16573806681596415,0.04206415102176144,0.03939072694216597,0.0338251128298362,0.019150093943162836,0.06873377015355227,0.06873377015355227,0.21922419937521598,0.04434748945739333,0.09030352988367413,0.1223031324304139,0.06611925228821175,0.12633978817157296,0.13781805895140217,0.33908446840184847,0.33908446840184847,0.25575113506851516
157,24,0.004446365434869575,0.0019252336685312173,0.009349210708753067,0.1025628094458485,0.0032510360451122816,0.3108274293683611,101,False,25,0,0,0,0,2798,3481,1946,2725,3123,3363,3678,3775,3486,3223,3248,2371,3103,3515,3661,3785,3357,3443,3491,3398,3423,3765,3575,3741,0.005240118472943297,0.0019252336685312173,0.0019252336685312173,0.002905092742247531,0.0035360505472203122,0.0035360505472203122,0.003092740075787849,0.0033311727834157787,0.0047536041134411625,0.006505809296705089,0.004875817195763619,0.003758222738391547,0.0059434457405368995,0.0059434457405368995,0.009349210708753067,0.0070164639303396895,0.0034774961145301194,0.00556130185266756,0.0070164639303396895,0.0044140334174448,0.004976883280855417,0.0025839869830514414,0.0025839869830514414,0.002460905904563854,0.009568089492019817,0.03474729105076533,0.03474729105076533,0.0032510360451122816,0.03568389145713928,0.03568389145713928,0.07553767235907823,0.23525989458130048,0.03855880510328132,0.03610816636365214,0.031006353427349847,0.0175542527812326,0.06300595597408958,0.06300595597408958,0.20095551609394796,0.19544453806121276,0.040651865335943886,0.08277823572670127,0.19544453806121276,0.060609314597527435,0.11581147249060854,0.3108274293683611,0.3108274293683611,0.2344385404794722
158,24,0.00436574029869773,0.0018390042375781093,0.009356043699940838,0.11747752131301543,0.008770748701018165,0.29898823669952546,102,False,27,0,0,0,0,2798,3794,3481,3795,3123,3363,3775,3799,3486,3223,3248,2371,3804,3515,3661,3785,3357,3443,3491,3398,3423,3765,3575,3741,0.004970241859730226,0.0018864319975116022,0.0018390042375781093,0.0028215413491916408,0.0033785603196286856,0.0033785603196286856,0.003452595925984024,0.003452595925984024,0.004545544721625998,0.006216789339268714,0.004652556319459144,0.0035726493318014732,0.005869937375131085,0.005722358251674956,0.009356043699940838,0.007010761946222304,0.0033272404219038573,0.005384165020916098,0.007010761946222304,0.004246985949949345,0.004863149279367309,0.002666691201078912,0.002666691201078912,0.0024859092278672573,0.008770748701018165,0.1151850167965349,0.03185168346320155,0.0863134497080196,0.032710233835711006,0.032710233835711006,0.29898823669952546,0.29898823669952546,0.035345571344674545,0.03309915250001446,0.02842249064173736,0.016091398382796548,0.14108879297624877,0.05775545964291544,0.18420922308611895,0.17915749322277835,0.037264209891281895,0.07588004941614283,0.17915749322277835,0.055558538381066815,0.10616051644972449,0.28492514358766435,0.28492514358766435,0.21490199543951619
159,24,0.004267354925606716,0.0017552128207449758,0.009319067805465615,0.10768772787026415,0.008039852975933319,0.27407255030789834,103,False,27,0,0,0,0,2798,3794,3481,3795,3123,3363,3775,3799,3486,3223,3248,2371,3804,3515,3661,3785,3357,3443,3491,3398,3423,3765,3575,3741,0.004713211717897711,0.0018429989837802582,0.0017552128207449758,0.0027343767093767108,0.0032253969129633336,0.0032253969129633336,0.003551305297103095,0.003551305297103095,0.004342681647172257,0.005935604414997194,0.004436306621205506,0.0033948478912400925,0.005776548363747907,0.005501398447278051,0.009319067805465615,0.006973181107111688,0.0031804577465908614,0.0052026084578715975,0.006973181107111688,0.004080483648119685,0.00473918626372089,0.002732148565478929,0.002732148565478929,0.0024974629100377958,0.008039852975933319,0.10558626539682366,0.029197376507934754,0.0791206622323513,0.029984381016068422,0.029984381016068422,0.27407255030789834,0.27407255030789834,0.032400107065951665,0.03034088979167992,0.026053949754925913,0.014750448517563502,0.12933139356156137,0.05294250467267248,0.16885845449560904,0.16422770212088014,0.034158859067008406,0.0695567119647976,0.16422770212088014,0.05092866018264458,0.09731380674558078,0.26118138162202564,0.26118138162202564,0.1969934958195565
160,24,0.0040252839317783526,0.00171716640136971,0.0092424134697072,0.11548343500843455,0.007369865227938875,0.2512331711155735,104,False,26,0,0,0,0,2798,3794,3481,3795,3123,3363,3775,3799,3486,3223,3851,3804,3515,3661,3785,3357,3859,3491,3398,3423,3765,3575,3741,3842,0.004468558693732714,0.0017957315767447137,0.00171716640136971,0.002644571561243944,0.003076826977716046,0.003076826977716046,0.003627433454389246,0.003627433454389246,0.004145450727743902,0.005662760900514738,0.0033078480930543125,0.005665955486767538,0.005281845540849235,0.0092424134697072,0.00690685866852231,0.0030375073236510123,0.004016406793539538,0.00690685866852231,0.004016406793539538,0.0046069533846097716,0.0027806584015197646,0.0027806584015197646,0.0024965162099481425,0.00171716640136971,0.007369865227938875,0.09678740994708834,0.11009759513227353,0.07252727371298869,0.02748568259806272,0.02748568259806272,0.2512331711155735,0.2512331711155735,0.029700098143789024,0.027812482309039925,0.09685457780776655,0.11855377743143125,0.048530629283283104,0.15478691662097496,0.15054206027747347,0.03131228747809104,0.13001793850075755,0.15054206027747347,0.13001793850075755,0.08920432285011572,0.23941626648685682,0.23941626648685682,0.18057737116792677,0.11009759513227353
161,24,0.004049332376924707,0.0016752417053050464,0.009130332960563162,0.10888063129610777,0.025195209048224157,0.230297073522609,105,False,27,0,0,0,0,3864,2798,3794,3481,3795,3123,3363,3775,3799,3486,3223,3851,3804,3515,3661,3785,3357,3859,3491,3398,3423,3765,3575,3741,0.004345051315181177,0.004345051315181177,0.0017453696788858686,0.0016752417053050464,0.0025529967573778294,0.0029330470881372556,0.0029330470881372556,0.003681566553692635,0.003681566553692635,0.003954185921324217,0.005398634653277383,0.003215138863930469,0.0055407286894637725,0.005064792072934882,0.009130332960563162,0.006814993342338047,0.002898669979310253,0.0039402697143841245,0.006814993342338047,0.0039402697143841245,0.004468249324996236,0.0028128294599179308,0.0028128294599179308,0.002484121491521491,0.09008904312561064,0.09008904312561064,0.08872179245149764,0.1009227955379174,0.06648333423690629,0.025195209048224157,0.025195209048224157,0.230297073522609,0.230297073522609,0.027225089965139938,0.025494775449953263,0.08878336299045267,0.10867429597881198,0.04448641017634284,0.14188800690256037,0.137996888587684,0.02870293018825012,0.11918311029236107,0.137996888587684,0.11918311029236107,0.08177062927927274,0.21946491094628542,0.21946491094628542,0.16552925690393286
162,24,0.003955450338851681,0.0016301460767471699,0.00898708356391544,0.10327946757698768,0.023095608294205476,0.21110565072905824,106,False,26,0,0,0,0,3889,3794,3481,3795,3123,3363,3775,3799,3486,3223,3851,3804,3515,3661,3785,3357,3859,3491,3398,3423,3765,3575,3741,3864,0.004323988541845764,0.0016925921068143262,0.0016301460767471699,0.00246042426871611,0.0027941928471318677,0.0027941928471318677,0.003714660561845769,0.003714660561845769,0.003769131996112481,0.005143487862503765,0.0031179712690037197,0.005403297061838029,0.004851159960774465,0.00898708356391544,0.006700763257736057,0.0027641576095339087,0.0038538626351031138,0.006700763257736057,0.0038538626351031138,0.004324707352872691,0.0028295164810599504,0.0028295164810599504,0.0024613919805501375,0.0042152769154588324,0.16591495619847643,0.08132830974720616,0.09251256257642428,0.06094305638383076,0.023095608294205476,0.023095608294205476,0.21110565072905824,0.21110565072905824,0.02495633246804494,0.023370210829123824,0.08138474940791494,0.09961810464724431,0.04077920932831427,0.130064006327347,0.12649714787204366,0.026311019339229275,0.10925118443466432,0.12649714787204366,0.10925118443466432,0.07495641017266667,0.2011761683674283,0.2011761683674283,0.15173515216193845,0.08258162286514309
163,24,0.003857307440907535,0.0015825320955574393,0.00881683353677148,0.09814506750112757,0.021170974269688354,0.19351351316830337,107,False,26,0,0,0,0,3889,3794,3481,3795,3123,3363,3775,3799,3486,3223,3851,3804,3515,3661,3785,3927,3859,3491,3398,3423,3765,3575,3741,3864,0.004284887273857107,0.001638014842042813,0.0015825320955574393,0.0023675317224888166,0.0026603471813511186,0.0026603471813511186,0.00372795892145294,0.00372795892145294,0.0035904561779689817,0.004897484417947164,0.0030174806637643316,0.005255925316549742,0.00464171654297664,0.00881683353677148,0.0065672606514540184,0.002702055705093278,0.0037588791671892587,0.0065672606514540184,0.0037588791671892587,0.004177795243684229,0.002831759475675223,0.002831759475675223,0.002429465737982449,0.004080788510851237,0.1520887098486034,0.07455095060160565,0.08480318236172225,0.05586446835184486,0.021170974269688354,0.021170974269688354,0.19351351316830337,0.19351351316830337,0.022876638095707863,0.02142269326003017,0.07460268695725536,0.09131659592664061,0.03738094188428808,0.1192253391334014,0.11595571888270668,0.10745176772762685,0.10014691906510896,0.11595571888270668,0.10014691906510896,0.06871004265827778,0.1844114876701426,0.1844114876701426,0.13909055614844357,0.07569982095971449
164,24,0.003738371395139011,0.0015329950087839053,0.00862358916882021,0.09489320419720004,0.01940672641388099,0.17738738707094476,108,False,27,0,0,0,0,3889,3794,3481,3795,3123,3363,3775,3799,3486,3944,3223,3851,3804,3515,3661,3785,3927,3859,3491,3398,3423,3765,3575,3741,0.004229727668610524,0.001582191102269465,0.0015329950087839053,0.0022749080030324024,0.0025315478424330607,0.0025315478424330607,0.00372291522452456,0.00372291522452456,0.0035064153498561017,0.0035064153498561017,0.004660703821256584,0.0029146868017777845,0.005100699149366242,0.004437090246862911,0.00862358916882021,0.0064174418970541925,0.0026341320744287648,0.003656899560443212,0.0064174418970541925,0.003656899560443212,0.004028818964741737,0.0028207279147772686,0.0028207279147772686,0.0023894758952089368,0.1394146506945531,0.06833837138480517,0.0777362504982454,0.05120909598919112,0.01940672641388099,0.01940672641388099,0.17738738707094476,0.17738738707094476,0.10430358492106555,0.10430358492106555,0.019637468821694322,0.06838579637748407,0.08370687959942055,0.03426586339393074,0.10928989420561795,0.10629274230914779,0.0984974537503246,0.09180134247634987,0.10629274230914779,0.09180134247634987,0.06298420577008797,0.1690438636976307,0.1690438636976307,0.1274996764694066
165,24,0.0034336715846722803,0.0014820720410991118,0.008411140769225457,0.10972639779935417,0.01778949921272424,0.24593843814836602,109,False,30,0,0,0,0,3889,3794,3481,3795,3963,3123,3363,3966,3799,3486,3944,3969,3851,3804,3515,3661,3976,3927,3859,3491,3398,3423,3765,3741,0.004160482551261682,0.001525612816161467,0.0014820720410991118,0.002239360444441261,0.002239360444441261,0.0024077941450504955,0.0024077941450504955,0.0037965749237659136,0.003701123275208526,0.0034152590741858184,0.003503338309769575,0.003503338309769575,0.002810496532897164,0.004939517922082018,0.00423778560888794,0.008411140769225457,0.0026275439716836936,0.0026275439716836936,0.0035493801912787767,0.006254091153148265,0.0035493801912787767,0.0038789291608860004,0.0027976711975072578,0.0023425268813705062,0.12779676313667368,0.06264350710273807,0.07125822962339161,0.13027500465675854,0.13027500465675854,0.01778949921272424,0.01778949921272424,0.24593843814836602,0.16260510481503268,0.09561161951097674,0.17894495284431008,0.17894495284431008,0.06268698001269372,0.07673130629946884,0.031410374777769846,0.10018240302181645,0.17362266593779757,0.17362266593779757,0.0841512306033207,0.09743501378338547,0.0841512306033207,0.057735521955913964,0.15495687505616146,0.11687470343028938
166,24,0.0036957642038123683,0.0014687131404944025,0.008394064639549512,0.12710904865848657,0.01630704094499722,0.2323880127471133,110,False,32,0,0,0,0,3889,3794,3795,3988,3963,3123,3992,3966,3799,3486,3944,3969,3851,3804,3515,3999,3661,3976,3927,3859,3491,3398,3423,3741,0.004079075773294004,0.0014687131404944025,0.002197068160942151,0.0022537303584321986,0.0022537303584321986,0.0022890529824615108,0.0037587567617497555,0.0038475219958608396,0.0037587567617497555,0.003318383957317071,0.003484351406761213,0.003484351406761213,0.0027057084260355435,0.004774093222126028,0.0040441974626437074,0.008394064639549512,0.008394064639549512,0.002609410740413118,0.002609410740413118,0.0034376482008298087,0.0060797957652334,0.0034376482008298087,0.0037291296273561964,0.0022896761622607713,0.1171470328752842,0.05742321484417656,0.11941875426869532,0.20275208760202867,0.20275208760202867,0.01630704094499722,0.2323880127471133,0.22544356830266885,0.2323880127471133,0.08764398455172867,0.16403287344061757,0.16403287344061757,0.05746306501163591,0.0703370307745131,0.028792843546289023,0.17516720276999842,0.17516720276999842,0.1591541104429811,0.1591541104429811,0.07713862805304397,0.08931542930143667,0.07713862805304397,0.052924228459587795,0.10713514481109859
167,24,0.003661753141347413,0.0014118697140725145,0.008339742544850688,0.125142515970909,0.014948120866247453,0.26918941363519294,111,False,33,0,0,0,0,3889,4008,3794,3795,4011,3963,3123,3992,3966,3799,3486,3969,3851,3804,3515,3999,3661,3976,3927,3859,3491,3398,3423,3741,0.004090183604658537,0.004090183604658537,0.0014118697140725145,0.0021490299846586825,0.0023147080000946382,0.0022565127322612694,0.0021752641666065537,0.003794766420496062,0.0038768339242069723,0.003794766420496062,0.0032170692679798253,0.003451023156442168,0.002601018752933407,0.004605952001698009,0.003856624176527051,0.008339742544850688,0.008339742544850688,0.0025809221505014943,0.0025809221505014943,0.00332290027303085,0.005896931546529418,0.00332290027303085,0.0035802870950995933,0.002231920886152544,0.19071811346901052,0.19071811346901052,0.05263794694049518,0.1094671914129707,0.26918941363519294,0.1858560803018596,0.014948120866247453,0.21302234501818718,0.20665660427744642,0.21302234501818718,0.08034031917241795,0.1503634673205661,0.05267447626066625,0.06447561154330367,0.026393439917431604,0.16056993587249854,0.16056993587249854,0.14589126790606602,0.14589126790606602,0.07071040904862363,0.08187247685965028,0.07071040904862363,0.048513876087955474,0.09820721607684037
168,24,0.003643556129307111,0.0013554083954804917,0.008251964061286247,0.12488358648028042,0.024193986590978968,0.24675696249892684,112,False,35,0,0,0,0,3889,4008,3794,3795,4011,3963,4038,3992,3966,3799,3486,4043,3851,3804,3515,3999,3661,3976,3859,4054,3491,3398,3423,3741,0.004081452930588025,0.004081452930588025,0.0013554083954804917,0.002096191159384852,0.002361096077700186,0.002248631791478058,0.002119636005474705,0.003810396625942543,0.0038858674864292353,0.003810396625942543,0.003112474137788219,0.003492765589619173,0.002497028366331565,0.004436443163787781,0.0036752798764158076,0.008251964061286247,0.008251964061286247,0.002543279183873221,0.00320620464502281,0.0035216822102699186,0.005707656148455187,0.00320620464502281,0.0035216822102699186,0.0021701887749330916,0.17482493734659296,0.17482493734659296,0.04825145136212058,0.1003449254618898,0.24675696249892684,0.17036807361003797,0.09703577746072684,0.19527048293333824,0.18943522058765921,0.19527048293333824,0.07364529257471646,0.22116651171051893,0.04828493657227739,0.059102643914695024,0.024193986590978968,0.14718910788312367,0.14718910788312367,0.1337336622472272,0.06481787496123832,0.1278043864139592,0.07504977045467942,0.06481787496123832,0.1278043864139592,0.09002328140377033
169,24,0.003576322765493569,0.0012996072797801436,0.008134564973385062,0.11794884316247926,0.02217782104173072,0.23950406747586814,113,False,35,0,0,0,0,3889,4008,3794,3795,4011,4061,4038,3992,3966,3799,3486,4043,3851,3804,3515,3999,3661,3976,3859,4054,3491,3398,3423,3741,0.00405465113209549,0.00405465113209549,0.0012996072797801436,0.002039433919826227,0.002393328782034432,0.0022886180903443957,0.0020603334226083764,0.003807114470153,0.003876179860660967,0.003807114470153,0.003005638119389711,0.003515161257144805,0.002394250094550095,0.0042667466295016054,0.003500305629813165,0.008134564973385062,0.008134564973385062,0.002497665556612031,0.0030885055561235357,0.0034527819985111763,0.005513908877152,0.0030885055561235357,0.0034527819985111763,0.002105332591891169,0.1602561925677102,0.1602561925677102,0.04423049708194386,0.09198284834006565,0.22619388229068293,0.23950406747586814,0.08894946267233293,0.17899794268889338,0.17364895220535428,0.17899794268889338,0.06750818486015675,0.20273596906797567,0.04426119185792094,0.054177423588470434,0.02217782104173072,0.13492334889286337,0.13492334889286337,0.12258919039329158,0.059416385381135126,0.11715402087946258,0.06879562291678946,0.059416385381135126,0.11715402087946258,0.08252134128678947
170,24,0.0035542479598232347,0.001979571561036656,0.007991334270243148,0.12201420775066198,0.02032966928825316,0.29067772543312603,114,False,34,0,0,0,0,3889,4008,4084,3795,4011,4061,4038,3992,3966,3799,3486,4043,3851,3804,3515,3999,3661,3976,3859,4054,3491,3398,3423,3741,0.004011622073992285,0.004011622073992285,0.0024742760076351456,0.001979571561036656,0.0024742760076351456,0.0023151533819762136,0.0019981591973258347,0.003786537403204957,0.0038494578734731017,0.003786537403204957,0.002897484320850713,0.0035194850584575827,0.002293116353113932,0.004097884081644236,0.0033317795988890295,0.007991334270243148,0.007991334270243148,0.0024452253512568835,0.0029706294577407696,0.00337514639730089,0.005317415492164334,0.0029706294577407696,0.00337514639730089,0.002038127545334719,0.14690150985373435,0.14690150985373435,0.29067772543312603,0.0843176109783935,0.29067772543312603,0.21954539518621244,0.08153700744963852,0.16408144746481892,0.1591782061882414,0.16408144746481892,0.06188250278847702,0.1858413049789777,0.040572759203094194,0.04966263828943123,0.02032966928825316,0.12367973648512474,0.12367973648512474,0.11237342452718395,0.0544650199327072,0.10739118580617403,0.06306265434039034,0.0544650199327072,0.10739118580617403,0.07564456284622367
171,24,0.0035097134227519474,0.001933842026918748,0.007825940812632212,0.1266726114763084,0.018635530180898727,0.34978791498036554,115,False,35,0,0,0,0,3889,4008,4084,4106,4011,4061,4038,3992,3966,3799,3486,4043,3851,3804,3515,3999,3661,3976,3859,4054,3491,3398,3423,3741,0.003954230964646796,0.003954230964646796,0.0026045812564321055,0.0026045812564321055,0.0025390981355349384,0.002328940456448722,0.001933842026918748,0.0037503697308889426,0.0038074566001258204,0.0037503697308889426,0.0027888244418531067,0.003507178633266009,0.0021939867422212807,0.0039307307277304734,0.0031697261924801073,0.007825940812632212,0.007825940812632212,0.0023870461836093546,0.002853292418508742,0.0032902469424641347,0.005119696717126028,0.002853292418508742,0.0032902469424641347,0.001969271037586283,0.13465971736592314,0.13465971736592314,0.34978791498036554,0.34978791498036554,0.2664545816470322,0.2012499455873614,0.0747422568288353,0.15040799350941733,0.14591335567255462,0.15040799350941733,0.056725627556103934,0.17035452956406288,0.03719169593616967,0.04552408509864529,0.018635530180898727,0.11337309177803101,0.11337309177803101,0.10300897248325194,0.04992626827164826,0.0984419203223262,0.05780743314535781,0.04992626827164826,0.0984419203223262,0.06934084927570502
172,24,0.0036177956638655667,0.0018680365548311001,0.00783896124605859,0.14102281557371268,0.03409238794148887,0.32063892206533506,116,False,33,0,0,0,0,3889,4008,4084,4106,4011,4133,4061,4038,3992,3966,3799,3486,4043,3851,3804,4144,3999,3661,3976,4146,3398,3423,3741,3491,0.003884319352978055,0.003884319352978055,0.002717437565036745,0.002717437565036745,0.002587999936898064,0.0023909468304428873,0.0023909468304428873,0.0018680365548311001,0.003700348629198342,0.003751947737196875,0.003700348629198342,0.0026803651428357208,0.003479788069470084,0.0020971554566945804,0.003766027558320642,0.00783896124605859,0.0076418778777758,0.00783896124605859,0.0023241472318286903,0.0028076980473911934,0.0027371082624781605,0.0031994531916260797,0.0018993842321073143,0.004922079385890055,0.1234380742520962,0.1234380742520962,0.32063892206533506,0.32063892206533506,0.24425003317644614,0.2678124501217479,0.2678124501217479,0.06851373542643235,0.1378739940502992,0.13375390936650838,0.1378739940502992,0.0519984919264286,0.15615831876705763,0.03409238794148887,0.04173041134042485,0.18725866746319508,0.10392533412986175,0.18725866746319508,0.09442489144298094,0.12909907924901093,0.04576574591567757,0.09023842696213234,0.06356244516939627,0.05299014704991132
173,24,0.0034713535690258173,0.001801325067719891,0.007814652847320712,0.14442037724045262,0.03125135561303146,0.32882807927826896,117,False,33,0,0,0,0,3889,4008,4084,4106,4158,4133,4061,4038,3992,3966,3799,3486,4043,3851,3804,4144,3999,3661,3976,4146,3398,3423,3741,4011,0.003803669674051334,0.003803669674051334,0.0028121305418773944,0.0028121305418773944,0.002500796151427222,0.0024379223453907745,0.002500796151427222,0.001801325067719891,0.0036381996884323367,0.0036846775757787935,0.0036381996884323367,0.0025727152776121804,0.003438910221630431,0.0020028583832132504,0.0036043936924484497,0.007814652847320712,0.0074424234565524635,0.007814652847320712,0.0022574714214367627,0.0027537650589762957,0.002622597071063297,0.0031040244430730396,0.001829014980256447,0.002621488855249536,0.11315156806442152,0.11315156806442152,0.2939190118932238,0.2939190118932238,0.32882807927826896,0.2454947459449356,0.32882807927826896,0.06280425747422966,0.1263844945461076,0.12260775025263268,0.1263844945461076,0.04766528426589288,0.1431451255364695,0.03125135561303146,0.03825287706205611,0.17165377850792882,0.09526488961903994,0.17165377850792882,0.08655615048939919,0.11834082264492668,0.04195193375603777,0.08271855804862131,0.05826557473861325,0.2238958637450756
174,24,0.0035104401784299953,0.0017586417182720681,0.007756443659559556,0.1561826964240808,0.02864707597861217,0.3847590726717466,118,False,33,0,0,0,0,3889,4008,4084,4106,4158,4181,4180,4061,4184,3992,3966,3799,3486,4043,3851,3804,4144,3999,3661,3976,4146,3398,3423,3741,0.0037139784663173065,0.0037139784663173065,0.002888425022076753,0.002888425022076753,0.002660778790689183,0.0025340399466768247,0.002660778790689183,0.00259388277859471,0.003657558090501348,0.003657558090501348,0.003607333989683921,0.003565601535858548,0.0024663936103774785,0.0033861478875216273,0.0019112797989960285,0.003446338500896353,0.007756443659559556,0.007230614051199625,0.007756443659559556,0.0021878810708236725,0.0026927417700896928,0.0025101937606503903,0.00300510580439065,0.0017586417182720681,0.10372227072571973,0.10372227072571973,0.2694257609021218,0.2694257609021218,0.3847590726717466,0.30837018378285763,0.3847590726717466,0.3014257393384132,0.19918578666726527,0.19918578666726527,0.11239043773157996,0.11585245333393195,0.043693177243735136,0.13121636507509704,0.02864707597861217,0.035065137306884764,0.1573492969656014,0.08732614881745326,0.1573492969656014,0.07934313794861592,0.10847908742451612,0.03845593927636796,0.07582534487790286,0.05341011017706214
175,24,0.0034014518986884568,0.0016886780109621048,0.007667884441384538,0.13236238342825335,0.032143042531311034,0.3660060018009528,119,False,28,0,0,0,0,3889,4008,4084,4205,4184,3992,3966,3799,3486,4043,4214,3851,3804,4144,3999,3661,3976,4146,3398,3423,3741,4106,4219,4212,0.0036168372246628013,0.0036168372246628013,0.0029465057679044226,0.0026807442406682636,0.0036584173804938957,0.0036584173804938957,0.00352152158978177,0.0034841587794628716,0.0024227482822382906,0.0033230735915959447,0.0018695622465207868,0.0018695622465207868,0.0032922732809892836,0.007667884441384538,0.0070092297442312925,0.007667884441384538,0.0021707318320799986,0.0026258077242950193,0.002400256517224936,0.002903727738742005,0.0016886780109621048,0.0029465057679044226,0.0021707318320799986,0.0024227482822382906,0.09507874816524307,0.09507874816524307,0.2469736141602783,0.3660060018009528,0.18258697111165983,0.18258697111165983,0.10302456792061496,0.10619808222277094,0.12338541247342388,0.12028166798550562,0.1095931529803945,0.1095931529803945,0.032143042531311034,0.14423685555180127,0.08004896974933215,0.14423685555180127,0.15606454311956458,0.0994391634724731,0.03525127767000396,0.06950656613807762,0.04895926766230696,0.2469736141602783,0.15606454311956458,0.12338541247342388
176,24,0.0033163374564493006,0.0016612436629461023,0.007552547126331147,0.14302240702403632,0.02946445565370178,0.4188388349842067,120,False,27,0,0,0,0,3889,4008,4084,4205,4227,3992,3966,3799,3486,4043,4214,3851,3804,4144,3999,3661,3976,4146,3398,3423,3741,4106,4243,4244,0.0035137197937536923,0.0035137197937536923,0.0029869114903506877,0.0028820949274141706,0.0028820949274141706,0.003642303629615515,0.0034287440529653943,0.0033953823374421074,0.002372410042743653,0.0032512013816592537,0.0018236591150106944,0.0018236591150106944,0.0031425223247582164,0.007552547126331147,0.006780788433767258,0.007552547126331147,0.002145175414679066,0.00255406235192564,0.0022930749276199127,0.002873040912997104,0.0016612436629461023,0.0029869114903506877,0.002873040912997104,0.0016612436629461023,0.08715551915147281,0.08715551915147281,0.22639247964692177,0.4188388349842067,0.4188388349842067,0.16737139018568817,0.0944391872605637,0.09734824203754003,0.11310329476730523,0.11025819565338014,0.10046039023202828,0.10046039023202828,0.02946445565370178,0.13221711758915117,0.07337822227022113,0.13221711758915117,0.14305916452626752,0.09115256651643366,0.03231367119750363,0.14704768562657117,0.1282126620237814,0.22639247964692177,0.14704768562657117,0.1282126620237814
177,24,0.003263233689966136,0.0016289284039969327,0.007413942534737137,0.13110387310536661,0.027009084349226633,0.3839355987355228,121,False,27,0,0,0,0,3889,4008,4084,4205,4227,3992,3966,3799,3486,4043,4214,3851,3804,4144,3999,3661,3976,4146,3398,3423,3741,4106,4243,4244,0.00340597521850996,0.00340597521850996,0.0030104669757929346,0.0030656987932746347,0.0030656987932746347,0.0036108394422778413,0.0033303925837227127,0.0033006761400654946,0.002316436871053958,0.0031719658329158284,0.0017743384355441893,0.0017743384355441893,0.002997333277376337,0.007413942534737137,0.006547547318415527,0.007413942534737137,0.002112211671715652,0.0024785179329921444,0.0021888776949338575,0.0028320545350031625,0.0016289284039969327,0.0030104669757929346,0.0028320545350031625,0.0016289284039969327,0.0798925592221834,0.0798925592221834,0.20752643967634496,0.3839355987355228,0.3839355987355228,0.1534237743368808,0.08656925498885006,0.0892358885344117,0.10367802020336311,0.10107001268226513,0.09208869104602592,0.09208869104602592,0.027009084349226633,0.1211990244567219,0.06726337041436936,0.1211990244567219,0.1311375674824119,0.08355651930673086,0.029620865264378324,0.1347937118243569,0.1175282735217996,0.20752643967634496,0.1347937118243569,0.1175282735217996
178,24,0.003214422580449969,0.0015924689665795901,0.007255456069978078,0.12962356629369193,0.024758327320124413,0.35194096550756254,122,False,28,0,0,0,0,3889,4008,4084,4205,4227,3992,3966,3799,3486,4043,4214,4283,3851,3804,4144,3999,3661,3976,4146,3398,3423,3741,4106,4294,0.003294825029969374,0.003294825029969374,0.00301821703461684,0.0032292744914852304,0.0032292744914852304,0.0035656900051301605,0.0032277394823735264,0.003201329186135289,0.0022558211737877453,0.003086707344850662,0.0017223083340435286,0.001766726516736814,0.001766726516736814,0.0028568867263926113,0.007255456069978078,0.00631150993656272,0.007255456069978078,0.0020728214320612907,0.002400096105328112,0.002087839864424901,0.0027820876441439087,0.0015924689665795901,0.00301821703461684,0.0028538374434125416,0.07323484595366811,0.07323484595366811,0.1902325697033162,0.35194096550756254,0.35194096550756254,0.1406384598088074,0.07935515040644588,0.08179956448987738,0.09503818518641619,0.0926475116254097,0.0844146334588571,0.16774796679219045,0.16774796679219045,0.024758327320124413,0.11109910575199507,0.06165808954650524,0.11109910575199507,0.12020943685887757,0.07659347603116995,0.02715245982568013,0.12356090250566049,0.1077342507283163,0.1902325697033162,0.20689423583899383
179,24,0.0031520086232714197,0.0015525606981248964,0.007080299635580567,0.11882160243588429,0.02269513337678071,0.32261255171526565,123,False,28,0,0,0,0,3889,4008,4084,4205,4227,3992,3966,3799,3486,4043,4214,4283,3851,3804,4144,3999,3661,3976,4146,3398,3423,3741,4106,4294,0.0031813640367021035,0.0031813640367021035,0.003011364954534523,0.0033712311305147,0.0033712311305147,0.003508518330291587,0.0031219358552057245,0.0030985119829940646,0.002191481939501807,0.002996662785799751,0.0016682143514340066,0.0017516493259863383,0.0017516493259863383,0.0027213049961551648,0.007080299635580567,0.006074437298454173,0.007080299635580567,0.0020279489384795292,0.002319627216352192,0.001990089516933812,0.002724417203539763,0.0015525606981248964,0.003011364954534523,0.0028606776786111324,0.06713194212419576,0.06713194212419576,0.17437985556137317,0.32261255171526565,0.32261255171526565,0.12891858815807344,0.07274222120590872,0.07498293411572093,0.0871183364208815,0.08492688565662555,0.077380080670619,0.15376896955950792,0.15376896955950792,0.02269513337678071,0.10184084693932881,0.0565199154176298,0.10184084693932881,0.11019198378730444,0.07021068636190578,0.024889754840206783,0.11326416063018878,0.0987563965009566,0.17437985556137317,0.18965304951907766
180,24,0.003322359807019719,0.0015098510606902705,0.0070692083638918286,0.13379671712136365,0.020803872262048984,0.37906150573899355,124,False,31,0,0,0,0,3889,4008,4323,4205,4227,4325,3992,3966,3799,3486,4043,4214,4283,4332,3804,4144,3999,4334,3661,3976,4146,3398,3423,3741,0.0030665637999862613,0.0030665637999862613,0.0035806587494043966,0.0035806587494043966,0.0034906355607633396,0.0035296911324677127,0.0035296911324677127,0.003014012590687084,0.002993276478442843,0.0021242602940086926,0.002902960565160048,0.001612638787237338,0.0017299141964784604,0.0017745285337048783,0.00259066014750459,0.0070692083638918286,0.005837861879356722,0.0070692083638918286,0.006891477749883601,0.0019784887783170324,0.0022378518893302717,0.0018957139107919575,0.0026602588546157297,0.0015098510606902705,0.06153761361384612,0.06153761361384612,0.37906150573899355,0.37906150573899355,0.2957281724056602,0.20150870581156732,0.20150870581156732,0.06668036943874965,0.06873435627274418,0.0798584750524747,0.07784964518524008,0.07093174061473408,0.14095488876288226,0.2242882220962156,0.020803872262048984,0.17668744302771808,0.05180992246616065,0.17668744302771808,0.09335410969438473,0.10100931847169572,0.06435979583174696,0.022815608603522882,0.10382548057767305,0.09052669679254355
181,24,0.0030022292685766704,0.0015027162070358775,0.007207662915496669,0.17051110396715463,0.019070216240211567,0.43080638026074414,125,False,25,0,0,0,0,3889,4008,4323,4205,4227,4325,3992,3966,3799,3486,4043,4214,4283,4332,3804,4361,3423,3741,4346,4357,4144,4363,4146,4367,0.0029512780845458017,0.0029512780845458017,0.0038637048119167547,0.0037665654162135492,0.0035871554823933127,0.0035328182005277924,0.0035328182005277924,0.0029048838293057946,0.002886558690649822,0.002054917819426573,0.0028066192753572593,0.0015561016247490848,0.001702327912342571,0.0018335677331694287,0.002464981201755587,0.007207662915496669,0.0025907531483296805,0.0015027162070358775,0.0038637048119167547,0.0018335677331694287,0.007026451344187105,0.0019749294561457135,0.002155424255096064,0.0015027162070358775,0.05640947914602561,0.05640947914602561,0.43080638026074414,0.34747304692741077,0.2710841580385218,0.18471631366060337,0.18471631366060337,0.06112367198552051,0.0630064932500155,0.07320360213143515,0.07136217475313673,0.0650207622301729,0.12920864803264206,0.2889308702548643,0.019070216240211567,0.24529682277540824,0.09517335719620029,0.16631613872649825,0.43080638026074414,0.2889308702548643,0.1619634894420749,0.17592520859905442,0.05899647951243471,0.16631613872649825
182,24,0.003085559449029751,0.0014892946791711958,0.007303071560506575,0.17484587898380485,0.01748103155352727,0.47823918190568215,126,False,25,0,0,0,0,3889,4008,4323,4205,4227,4325,3992,3966,3799,3486,4043,4214,4283,4332,3804,4361,3423,3741,4370,4386,4379,4144,4146,4367,0.0028362496883483144,0.0028362496883483144,0.004229989887361534,0.003927223262014595,0.003660986522544174,0.0035193560240132293,0.0035193560240132293,0.002795352262588296,0.00277918334737332,0.001984137057255056,0.002708549130054962,0.0015377233469105551,0.001669679186700696,0.001880683906659328,0.0023442606214405786,0.007303071560506575,0.002516956468748046,0.0014892946791711958,0.004229989887361534,0.004229989887361534,0.0015377233469105551,0.006955209930461638,0.00207291638139558,0.0014892946791711958,0.051708689217190136,0.051708689217190136,0.47823918190568215,0.31851695968345983,0.24849381153531166,0.16932328752221976,0.16932328752221976,0.0560300326533938,0.05775595214584754,0.06710330195381554,0.065415326857042,0.14293569871099182,0.11844126069658856,0.2648532977336256,0.01748103155352727,0.22485542087745755,0.08724224409651693,0.15245646049929007,0.47823918190568215,0.47823918190568215,0.14293569871099182,0.14846653198856866,0.05408010621973182,0.15245646049929007
183,24,0.0029408584122988493,0.001470274338079,0.0073574970752707785,0.16809580705190538,0.016024278924066663,0.43838591674687527,127,False,26,0,0,0,0,3889,4008,4323,4205,4227,4325,3992,3966,3799,3486,4043,4402,4214,4283,4332,3804,4361,3423,3741,4370,4386,4401,4146,4367,0.0027221181598697268,0.0027221181598697268,0.004574947847204755,0.004061658194485009,0.003712770536033875,0.0034908618989792275,0.0034908618989792275,0.0026861157025981127,0.0026718699509215146,0.001961847503265881,0.0026768557310601297,0.0026768557310601297,0.0015140416299506709,0.0016327251148339419,0.0019160454146097089,0.0022284600893584124,0.0073574970752707785,0.002439835873015586,0.001470274338079,0.004574947847204755,0.004574947847204755,0.001961847503265881,0.001990823509972583,0.001470274338079,0.04739963178242429,0.04739963178242429,0.43838591674687527,0.2919738797098382,0.227785993907369,0.15521301356203476,0.15521301356203476,0.05136086326561098,0.052942956133693576,0.14484469345766426,0.1432973829522885,0.1432973829522885,0.13102439048507583,0.1085711556385395,0.2427821895891568,0.016024278924066663,0.2061174691376694,0.07997205708847385,0.13975175545768256,0.43838591674687527,0.43838591674687527,0.14484469345766426,0.04957343070142083,0.13975175545768256
184,24,0.0028567335628023973,0.0014463409493452955,0.007373527522773257,0.14957098585796547,0.014688922347061107,0.401853757017969,128,False,27,0,0,0,0,3889,4008,4323,4205,4227,4325,3992,3966,3799,4437,3486,4043,4402,4214,4283,4332,3804,4361,3423,3741,4417,4370,4146,4367,0.0026094280064385637,0.002676724928612102,0.00489311146018668,0.004169580694597433,0.003743511172411566,0.003448940657171039,0.003448940657171039,0.0025777744622514052,0.0025652397850791002,0.0019825104905692114,0.0019326671716812908,0.0026358978157855957,0.0026358978157855957,0.0014857594519344269,0.0015921811829516712,0.0019400414124148189,0.002117515633089074,0.007373527522773257,0.00236026711542435,0.0014463409493452955,0.002676724928612102,0.00489311146018668,0.0019095697834399514,0.0014463409493452955,0.04344966246722226,0.1267829958005556,0.401853757017969,0.26764272306735165,0.20880382774842157,0.14227859576519852,0.14227859576519852,0.04708079132681006,0.04853104312255244,0.21610763566952557,0.13277430233619222,0.1313559343729311,0.1313559343729311,0.12010569127798618,0.09952355933532787,0.22255034045672706,0.014688922347061107,0.18894101337619695,0.0733077189977677,0.12810577583620902,0.1267829958005556,0.401853757017969,0.04544231147630243,0.12810577583620902
185,24,0.0027195529477326732,0.0014535534532320454,0.007354126962107398,0.1508456004571875,0.0398288572616204,0.3683659439331382,129,False,27,0,0,0,0,3889,4008,4323,4205,4227,4325,3992,3966,3799,4437,4449,3486,4043,4452,4214,4283,4332,4456,4361,3423,4459,3741,4417,4146,0.0024986370813282538,0.0026236052672912445,0.005180124530695685,0.00425129935389055,0.0037544914266501852,0.0033952002843980183,0.0033952002843980183,0.002470839176446938,0.002459823471579553,0.0020437809953317582,0.0020437809953317582,0.0018974949068582042,0.002586899668937696,0.002653615587239216,0.0014535534532320454,0.0015487143661113204,0.001953237916927375,0.0020632144847187285,0.007354126962107398,0.0022790351889125223,0.0014547379337785597,0.0014547379337785597,0.0026236052672912445,0.0018295142083493176,0.0398288572616204,0.1162177461505093,0.3683659439331382,0.245339162811739,0.19140350876938644,0.13042204611809863,0.13042204611809863,0.04315739204957589,0.04448678952900641,0.28143199936373176,0.28143199936373176,0.12170977714150953,0.12040960650852017,0.20374293984185352,0.11009688367148733,0.09122992939071721,0.20400447875199978,0.09679817881813936,0.17319592892818053,0.06719874241462039,0.2007636278498583,0.2007636278498583,0.1162177461505093,0.041655452186610556
186,24,0.002713068573220633,0.0014180645967433298,0.0073025017015940835,0.15845708749932177,0.036509785823152036,0.33766878193871,130,False,30,0,0,0,0,3889,4008,4323,4205,4227,4325,3992,3966,3799,4475,4449,3486,4043,4452,4477,4214,4283,4332,4456,4481,4361,3423,4459,3741,0.002390124909776383,0.002563941190985656,0.005432775327230131,0.004307625366177692,0.003747196597897982,0.0033312161471538166,0.0033312161471538166,0.0023657387730171317,0.0023560687649142515,0.0019050951609434297,0.002091900502750153,0.0019050951609434297,0.0025310402974076476,0.002726169139934957,0.002726169139934957,0.0014180645967433298,0.0015029388391463636,0.0019563354474046494,0.0020570749701125705,0.0020570749701125705,0.0073025017015940835,0.0021968367946097653,0.00145572290567521,0.00145572290567521,0.036509785823152036,0.10653293397130019,0.33766878193871,0.2248942325774274,0.17545321637193756,0.11955354227492374,0.11955354227492374,0.039560942712111226,0.040779557068255874,0.19490062904638372,0.25797933275008744,0.19490062904638372,0.11037547263281015,0.2700976948550324,0.2700976948550324,0.10092214336553004,0.08362743527482411,0.18700410552266647,0.1720649972499611,0.1720649972499611,0.15876293485083215,0.061598847213402017,0.18403332552903676,0.18403332552903676
187,24,0.002696861308928222,0.0013798916355582628,0.007221984342101102,0.15566899687437827,0.0334673036712227,0.30952971677715085,131,False,29,0,0,0,0,3889,4008,4323,4205,4227,4325,3992,3966,3799,4475,4449,4499,4043,4452,4477,4214,4283,4332,4456,4481,4361,3423,4511,3741,0.0022842007753918646,0.0024988462678143613,0.005648969179325773,0.00433977475182628,0.0037232449156400223,0.0032585032126828594,0.0032585032126828594,0.002262828370549882,0.0022543483447465228,0.0019032569969498207,0.002127133989515131,0.0019523418299798715,0.0024694370253587014,0.002781510669290813,0.002781510669290813,0.0013798916355582628,0.001455413841061098,0.0019501298551101282,0.0020419875687880886,0.0020419875687880886,0.007221984342101102,0.002114284231374398,0.0014872910802252945,0.0014872910802252945,0.0334673036712227,0.09765518947369184,0.30952971677715085,0.20615304652930846,0.1608321150076094,0.10959074708534676,0.10959074708534676,0.036264197486101955,0.037381260645901214,0.17865890995918507,0.2364810550209135,0.2619922432925184,0.10117751658007597,0.247589553617113,0.247589553617113,0.09251196475173587,0.07665848233525543,0.17142043006244426,0.157726247479131,0.157726247479131,0.14553269027992946,0.056465609945618514,0.25203054840161704,0.25203054840161704
188,24,0.0026771729651927944,0.0013395869653371484,0.007115936368569676,0.14964102491262454,0.030678361698620805,0.31029042414902025,132,False,28,0,0,0,0,3889,4008,4323,4205,4227,4325,3992,3966,3799,4475,4449,4499,4043,4525,4214,4283,4332,4456,4481,4361,3423,4511,3741,4452,0.0021811114392326814,0.0024293556853288768,0.005827653939811844,0.0043492735536000615,0.0036843271070395576,0.00317849544284293,0.00317849544284293,0.0021623969375504626,0.002154967425082091,0.0018927903372747083,0.0021499757544559328,0.0019874573766079104,0.002403133995799553,0.0028928714602564397,0.0013395869653371484,0.001406643267177992,0.0019354773718360755,0.0020188863146253433,0.0020188863146253433,0.007115936368569676,0.002031910277289105,0.0015098234635919866,0.0015098234635919866,0.0028928714602564397,0.030678361698620805,0.08951725701755085,0.2837355737123883,0.18897362598519943,0.14742943875697528,0.10045818482823453,0.10045818482823453,0.033242181028926794,0.03426615559207611,0.1637706674625863,0.21677430043583737,0.2401595563514752,0.09274605686506963,0.31029042414902025,0.08480263435575788,0.07027027547398415,0.15713539422390724,0.14458239352253674,0.14458239352253674,0.13340496608993532,0.0517601424501503,0.23102800270148227,0.23102800270148227,0.31029042414902025
189,24,0.002651725556255186,0.001297654450263469,0.006987668935485714,0.14064316172546135,0.02812183155706907,0.36776622213660193,133,False,29,0,0,0,0,3889,4008,4323,4205,4227,4325,3992,3966,3799,4475,4449,4499,4043,4559,4525,4214,4283,4332,4456,4481,4361,3423,4511,3741,0.0020810484052213537,0.002356420280449559,0.005968712154224406,0.004337869761555805,0.0036321553917353713,0.0030925314392705157,0.0030925314392705157,0.002064674594963361,0.002058171049259512,0.0018745478890811803,0.00216110115405551,0.0020108700292739575,0.002333094843057114,0.0030619961824168464,0.00298501295691574,0.001297654450263469,0.0013570766072077709,0.0019132644212516202,0.0019887114806747008,0.0019887114806747008,0.006987668935485714,0.0019501737102747265,0.0015237073467705112,0.0015237073467705112,0.02812183155706907,0.08205748559942161,0.26009094256968923,0.17322582381976614,0.13514365219389401,0.09208666942588165,0.09208666942588165,0.030471999276516226,0.03141064262606977,0.15012311184070412,0.1987097753995176,0.22014625998885226,0.08501721879298049,0.36776622213660193,0.28443288880326856,0.07773574815944473,0.06441441918448547,0.14404077803858162,0.132533860728992,0.132533860728992,0.1222878855824407,0.04744679724597111,0.2117756691430254,0.2117756691430254
190,24,0.002668685920561802,0.001254548839444468,0.006840380716295188,0.14176215649051993,0.02577834559397998,0.3371190369585518,134,False,24,0,0,0,0,3889,4008,4323,4205,4227,4325,3992,3966,4568,4571,4043,4559,4525,4214,4283,4332,4456,4481,4361,4581,4511,3741,4565,3423,0.0019841546786496227,0.002280903817260551,0.00607283274287397,0.004307454402694832,0.0035684217965471663,0.0030792627237322,0.003001845391209231,0.0019698394827400217,0.0020148062642624384,0.002075363300469125,0.002260198819661221,0.003210799878852605,0.0030578623004170083,0.001254548839444468,0.0013071108959301267,0.0018843823541989811,0.0019523877857118887,0.0019523877857118887,0.006840380716295188,0.0019176785283258901,0.001529449168218368,0.001529449168218368,0.0030792627237322,0.0019176785283258901,0.02577834559397998,0.07521936179946981,0.23841669735554846,0.1587903385014523,0.12388168117773618,0.16774611364039152,0.08441278030705818,0.027932666003473206,0.11212642240723063,0.2851340716564479,0.07793245056023211,0.3371190369585518,0.2607301480696628,0.07125776914615767,0.05904655091911168,0.13203737986869982,0.12148937233490933,0.12148937233490933,0.11209722845057064,0.12682623080880687,0.19412769671443994,0.19412769671443994,0.16774611364039152,0.12682623080880687
191,24,0.002736253170078069,0.0012570933924088297,0.006677111194812569,0.15378811741743306,0.02363015012781498,0.3923591172120058,135,False,25,0,0,0,0,3889,4008,4323,4205,4227,4325,3992,3966,4568,4571,4043,4559,4525,4595,4283,4332,4456,4600,4481,4361,4581,4511,3741,4565,0.0018905309904615186,0.0022035828546991196,0.0061413732331270215,0.0042599931224713145,0.003494765263643855,0.0030529828039574363,0.002907562405720214,0.0018780241420044907,0.001966731973984232,0.002126430194573237,0.0021852397092595485,0.003424145809850903,0.003111761936334196,0.003424145809850903,0.0012570933924088297,0.0018497069851541616,0.0019600869012865916,0.0019600869012865916,0.0019108073454236548,0.006677111194812569,0.0018796449204438043,0.0015276426935810117,0.0015276426935810117,0.0030529828039574363,0.02363015012781498,0.06895108164951398,0.21854863924258608,0.14555781029299794,0.11355820774625816,0.15376727083702554,0.07737838194813666,0.025604943836517104,0.10278255387329474,0.26137289901841054,0.07143807968021276,0.3923591172120058,0.23900263573052424,0.3923591172120058,0.054126005009185706,0.12103426487964149,0.19469859130700023,0.19469859130700023,0.11136525797366689,0.10275579274635642,0.11625737824140629,0.17795038865490326,0.17795038865490326,0.15376727083702554
192,24,0.00278230861895811,0.0015189401991531084,0.006500707512043993,0.1728155269361218,0.021660970950497065,0.44299585744433867,136,False,24,0,0,0,0,4609,4323,4205,4227,4325,3992,3966,4568,4571,4043,4559,4525,4595,4621,4332,4456,4600,4624,4481,4361,4581,4511,3741,3889,0.0021799560163868518,0.0061762214595882745,0.004197468706782741,0.0034127467555457288,0.0030150988002750853,0.002810697364397812,0.0017893213885290119,0.0019147869156394388,0.0021643014772594186,0.002108926922687615,0.0036153669889405263,0.0031473990618255307,0.003708606990306028,0.003708606990306028,0.0018100826109223268,0.002008583706893974,0.0019580848678250043,0.002008583706893974,0.0018648169067699046,0.006500707512043993,0.0018369198269684414,0.0015189401991531084,0.0015189401991531084,0.0018002414799007157,0.1465384915120545,0.20033625263903723,0.13342799276858144,0.10409502376740332,0.14095333160060675,0.0709301834524586,0.023471198516807346,0.09421734105052018,0.23959182410020965,0.06548490637352836,0.3596625241110053,0.2190857494196472,0.44299585744433867,0.44299585744433867,0.11094807613967136,0.2618070420314169,0.17847370869808354,0.2618070420314169,0.10208481980919465,0.09419281001749338,0.10656926338795576,0.16312118960032798,0.16312118960032798,0.021660970950497065
193,24,0.002940252295767412,0.0015040272378289397,0.006313802890445587,0.1849511549298847,0.0215152653070734,0.41302398043508814,137,False,26,0,0,0,0,4609,4323,4205,4635,4227,4325,3992,3966,4568,4571,4043,4559,4525,4595,4621,4642,4456,4600,4624,4481,4361,4581,4511,3741,0.0021485506339564107,0.006179663468242566,0.0041218343365765145,0.003409552734210625,0.003409552734210625,0.002967016871708678,0.002712156536498542,0.0017037896717309459,0.0018597468364044713,0.0021894492008110457,0.0020318882483707093,0.0038800171940488906,0.003165734686532756,0.003971646064022497,0.003971646064022497,0.0038800171940488906,0.002044604777288369,0.0019472156794639096,0.002044604777288369,0.001815208834179486,0.006313802890445587,0.0017903011886976205,0.0015040272378289397,0.0015040272378289397,0.13432695055271662,0.18364156491911746,0.12230899337119965,0.17875377178678636,0.17875377178678636,0.1292072206338895,0.06501933483142039,0.0215152653070734,0.08636589596297684,0.2196258387585255,0.060027830842400993,0.41302398043508814,0.20082860363467658,0.4060795359906438,0.4060795359906438,0.41302398043508814,0.23998978852879882,0.1636008996399099,0.23998978852879882,0.09357775149176176,0.08634340918270227,0.09768849143895944,0.14952775713363398,0.14952775713363398
194,24,0.00297432514385544,0.0014836012322690635,0.006154262317258897,0.18932886307335992,0.01972232653148395,0.45557290799142347,138,False,24,0,0,0,0,4609,4323,4205,4635,4227,4325,3992,3966,4568,4571,4043,4559,4525,4669,4595,4670,4600,4672,4481,4361,4581,4511,3741,4665,0.0021103671125712845,0.006154262317258897,0.004034976909273458,0.0033908925354232855,0.0033908925354232855,0.00291011167751482,0.002612741274406226,0.0016214579272021648,0.0018023209683344595,0.0022593405613707297,0.001954673804379419,0.004120477221062871,0.003167935791170255,0.004318153636366502,0.004318153636366502,0.004318153636366502,0.0019283569905210406,0.0021219410880666347,0.0017627152937395951,0.006118804691282136,0.0017405308185216553,0.0014836012322690635,0.0014836012322690635,0.0022593405613707297,0.1231330380066569,0.16833810117585765,0.112116577256933,0.1638576241378875,0.1638576241378875,0.11843995224773204,0.05960105692880202,0.01972232653148395,0.0791687379660621,0.2846570188619817,0.05502551160553424,0.3786053153988308,0.1840928866651202,0.45557290799142347,0.45557290799142347,0.45557290799142347,0.14996749133658407,0.30332397281806556,0.08577960553411494,0.07914812508414375,0.08954778381904616,0.13706711070583114,0.13706711070583114,0.2846570188619817
195,24,0.0031586922226875835,0.0014583538856627368,0.006260140093896008,0.17605316582229047,0.018078799320526952,0.41760849899213814,139,False,26,0,0,0,0,4609,4323,4205,4635,4681,4227,4325,3992,3966,4568,4571,4043,4559,4525,4669,4595,4670,4600,4672,4481,4361,4581,4511,3741,0.00206637324617962,0.006260140093896008,0.003938689470733205,0.0033582933813777185,0.006260140093896008,0.0033582933813777185,0.0028457027669543202,0.002513153215509785,0.0015423299407411604,0.0017431508041440406,0.002314625146245684,0.0018777608132440502,0.004333857295424123,0.0031553130172817497,0.004640745183634063,0.004640745183634063,0.004640745183634063,0.001902402513167041,0.002185259355638354,0.0017080050931001943,0.005917890278849861,0.0016882901145137057,0.0014583538856627368,0.0014583538856627368,0.11287195150610216,0.23764325941120285,0.10277352915218858,0.15020282212639685,0.23764325941120285,0.15020282212639685,0.1085699562270877,0.05463430218473518,0.018078799320526952,0.07257134313555692,0.2609356006234832,0.05044005230507305,0.34705487244892824,0.16875181277636017,0.41760849899213814,0.41760849899213814,0.41760849899213814,0.13747020039186872,0.27804697508322673,0.0786313050729387,0.07255244799379844,0.0820854685007923,0.1256448514803452,0.1256448514803452
196,24,0.0029944036122249835,0.0014289572188980024,0.00632942329368817,0.16812083506568495,0.01657223271048304,0.4661411240761266,140,False,28,0,0,0,0,4609,4323,4205,4635,4227,4325,3992,3966,4568,4571,4043,4715,4559,4525,4595,4670,4720,4600,4672,4481,4361,4581,4511,3741,0.002017489784331774,0.00632942329368817,0.003834651645162744,0.003313311243539867,0.003313311243539867,0.0027750371660994044,0.0024140005093050143,0.0014663882487265215,0.0016828106858616093,0.0023555596060314886,0.0018480209368377392,0.0018480209368377392,0.004518182988160029,0.003129265402582265,0.0049346830449737335,0.0050619480931027765,0.0050619480931027765,0.0018702393125062805,0.002234590215072408,0.0016516826692439372,0.005713009035254485,0.0016341981016429624,0.0014289572188980024,0.0014289572188980024,0.1034659555472603,0.21783965446026926,0.0942090683895062,0.13768592028253043,0.13768592028253043,0.0995224598748304,0.05008144366934058,0.01657223271048304,0.06652373120759385,0.23919096723819291,0.12957004794631696,0.12957004794631696,0.3181336330781842,0.1546891617116635,0.3828077907427933,0.4661411240761266,0.4661411240761266,0.126014350359213,0.2548763938262912,0.07207869631686047,0.0665064106609819,0.07524501279239294,0.11517444719031644,0.11517444719031644
197,24,0.0031338969625548433,0.0013935976040908896,0.006364074667464596,0.17186532141406077,0.015191213317942785,0.42729603040311603,141,False,28,0,0,0,0,4609,4323,4205,4635,4227,4325,3992,3966,4568,4571,4740,4043,4715,4559,4741,4595,4670,4720,4672,4481,4361,4581,4511,3741,0.00196458013316354,0.006364074667464596,0.0037244168962832233,0.0032574911586406297,0.0032574911586406297,0.0026992773486819027,0.002315804676303273,0.0013935976040908896,0.001621809776274825,0.002382662086794469,0.004792845095440542,0.001812761471914959,0.001812761471914959,0.004792845095440542,0.003170955547797427,0.005196339918319041,0.005456232472580743,0.005456232472580743,0.002270253040067171,0.0015942887646046406,0.005505889066100404,0.001578811330575685,0.001396052923820702,0.001396052923820702,0.09484379258498861,0.19968634992191348,0.08635831269038068,0.12621209359231955,0.12621209359231955,0.09122892155192786,0.045907990030228864,0.015191213317942785,0.06098008694029436,0.21925838663501016,0.3749558303216689,0.11877254395079054,0.11877254395079054,0.3749558303216689,0.22513173156902488,0.3509071415142272,0.42729603040311603,0.42729603040311603,0.2336366943407669,0.06607213829045543,0.06096420977256674,0.06897459505969353,0.1055765765911234,0.1055765765911234
198,24,0.003115355288675322,0.0013580515132922092,0.0063664623553982705,0.15961647417382283,0.04208232419437646,0.391688027869523,142,False,27,0,0,0,0,4609,4323,4205,4635,4227,4325,3992,3966,4568,4571,4740,4043,4715,4559,4741,4595,4670,4720,4771,4361,4581,4511,3741,4759,0.0019084435947293635,0.0063664623553982705,0.0036094054727944212,0.003192335666745431,0.003192335666745431,0.0026194937611046603,0.002219007784132212,0.0013580515132922092,0.001560595043450859,0.0023966585127525313,0.005035893638915219,0.0017728051311051703,0.0017728051311051703,0.005035893638915219,0.003194834069070989,0.0054231967690449735,0.0058175861546397745,0.0058175861546397745,0.0015759234928286064,0.005298047342408837,0.0015226252132309282,0.001360244653932734,0.001360244653932734,0.0013580515132922092,0.08694014320290622,0.18304582076175402,0.07916178663284895,0.11569441912629291,0.11569441912629291,0.08362651142260052,0.04208232419437646,0.09725861220811423,0.05589841302860316,0.20098685441542596,0.3437095111281965,0.10887483195489132,0.10887483195489132,0.3437095111281965,0.2063707539382728,0.3216648797213749,0.391688027869523,0.391688027869523,0.14389946009958415,0.05588385895818618,0.0632267121380524,0.09677852854186311,0.09677852854186311,0.09725861220811423
199,24,0.003147594097123136,0.001320138721222436,0.006339235502897812,0.15286543757927756,0.03857546384484509,0.3590473588803961,143,False,28,0,0,0,0,4776,4609,4323,4205,4635,4227,4325,3992,3966,4568,4571,4740,4043,4715,4559,4741,4595,4670,4720,4771,4361,4581,4511,3741,0.0018975180362603525,0.0018975180362603525,0.006339235502897812,0.0034909019607584544,0.0031192806896738782,0.0031192806896738782,0.0025366611006776853,0.002123979695168935,0.001320138721222436,0.0014995549476447614,0.0023984311939804904,0.00524516095302575,0.0017289297756897287,0.0017289297756897287,0.00524516095302575,0.003202022098018237,0.005613788737820017,0.006141314365587358,0.006141314365587358,0.0015520723879508286,0.00509080222447812,0.0014660764301188463,0.001322092844872259,0.001322092844872259,0.16302846460266404,0.16302846460266404,0.16779200236494118,0.07256497108011153,0.10605321753243517,0.10605321753243517,0.07665763547071715,0.03857546384484509,0.08915372785743804,0.05124021194288623,0.18423794988080713,0.31506705186751344,0.09980192929198371,0.09980192929198371,0.31506705186751344,0.1891731911100834,0.294859473077927,0.3590473588803961,0.3590473588803961,0.1319078384246188,0.05122687071167066,0.057957819459881356,0.08871365116337451,0.08871365116337451
200,24,0.0031410607857202274,0.001282111656904254,0.0064240562662577294,0.1485191812360741,0.03536084185777466,0.32912674564036304,144,False,28,0,0,0,0,4776,4609,4323,4205,4635,4227,4325,3992,3966,4808,4571,4740,4043,4715,4559,4741,4595,4670,4720,4771,4361,4581,4511,3741,0.001878839399053349,0.001878839399053349,0.006285214180109521,0.0033700564657112653,0.003039678010335047,0.003039678010335047,0.002451657605101418,0.002031025199069143,0.0013133951855037332,0.0013133951855037332,0.0023889716082919443,0.005419471601304395,0.001681860827536179,0.001681860827536179,0.005419471601304395,0.003193804916651085,0.005767612660931653,0.0064240562662577294,0.0064240562662577294,0.001523456726880901,0.004885287500840529,0.001409546099908617,0.001282111656904254,0.001282111656904254,0.1494427592191087,0.1494427592191087,0.15380933550119608,0.0665178901567689,0.09721544940473223,0.09721544940473223,0.07026949918149071,0.03536084185777466,0.1650575838693182,0.1650575838693182,0.16888478739073987,0.2888114642118873,0.09148510185098506,0.09148510185098506,0.2888114642118873,0.17340875851757645,0.27028785032143304,0.32912674564036304,0.32912674564036304,0.12091551855590058,0.04695796481903144,0.05312800117155791,0.08132084689975996,0.08132084689975996
201,24,0.0031511503578032633,0.001240767651499119,0.006835592183210794,0.15458207564327933,0.03241410503629344,0.38503285017033273,145,False,25,0,0,0,0,4776,4609,4323,4205,4635,4227,4325,3992,3966,4808,4571,4740,4839,4670,4720,4771,4843,4361,4581,4511,3741,4043,4844,4842,0.0018532789944028202,0.0018532789944028202,0.006207295038140805,0.0032478885632936483,0.0029547834448673455,0.0029547834448673455,0.0023652666877081834,0.0019403908930869828,0.001301205809239107,0.001301205809239107,0.0023693385096088147,0.005558546851122403,0.003253368385786353,0.006663735034108027,0.006835592183210794,0.0015292185660237742,0.0015292185660237742,0.004803227669528107,0.0013533634543920051,0.001240767651499119,0.001240767651499119,0.001632266532488969,0.004803227669528107,0.006835592183210794,0.13698919595084966,0.13698919595084966,0.1409918908760964,0.06097473264370482,0.08911416195433787,0.08911416195433787,0.06441370758303315,0.03241410503629344,0.15130278521354168,0.15130278521354168,0.1548110551081782,0.26474384219423003,0.2422913619744451,0.3016995168369994,0.38503285017033273,0.1941725586762422,0.1941725586762422,0.1263781344174455,0.04870066774059475,0.0745441096581133,0.0745441096581133,0.08386134336340297,0.1263781344174455,0.38503285017033273
202,24,0.0028142293981159995,0.0011984798466107877,0.007202530336664978,0.15890563455326503,0.029712929616602317,0.352946779322805,146,False,26,0,0,0,0,4776,4609,4323,4205,4635,4227,4325,3992,3966,4856,4808,4571,4740,4839,4670,4720,4863,4771,4843,4361,4581,4511,3741,4858,0.001821700859912879,0.001821700859912879,0.006108372970572391,0.003125293278089111,0.0028657497963992264,0.0028657497963992264,0.0022781803375359825,0.0018522717138809205,0.0013172912922307506,0.0013172912922307506,0.0012841725923503345,0.002400986377423643,0.005662887663258439,0.0032936597949533514,0.006859457709948638,0.007202530336664978,0.001566823884071605,0.001566823884071605,0.001527431556582549,0.004707373677327149,0.0012978098103223529,0.0011984798466107877,0.0011984798466107877,0.002400986377423643,0.1255734296216122,0.1255734296216122,0.1292425666364217,0.055893504923396085,0.08168798179147638,0.08168798179147638,0.05904589861778038,0.029712929616602317,0.2220275531124132,0.2220275531124132,0.13869421977907986,0.2252434671824967,0.24268185534471085,0.22210041514324133,0.2765578904339161,0.352946779322805,0.261324845453222,0.261324845453222,0.17799151211988867,0.1158466232159917,0.04464227876221185,0.06833210051993718,0.06833210051993718,0.2252434671824967
203,24,0.00283365286868828,0.0011556208348087046,0.007521267113049123,0.1499012891338375,0.027236852148552124,0.32353454771257123,147,False,25,0,0,0,0,4776,4609,4323,4205,4635,4227,4325,3992,4882,4856,4808,4571,4740,4839,4670,4720,4863,4771,4843,4361,4581,4511,3741,4875,0.00178494434415629,0.00178494434415629,0.005991278198735468,0.003080496828353764,0.0027736237216652877,0.0027736237216652877,0.0021910037891228825,0.001766817057503148,0.0012954644052477753,0.001326057553063189,0.0012954644052477753,0.0024191424422137994,0.005733646893895227,0.0033156459843873922,0.007011380738054215,0.007521267113049123,0.0015947072298959756,0.0015947072298959756,0.0015187477583448598,0.0045998439192867484,0.0012431226726070785,0.0011556208348087046,0.0011556208348087046,0.003080496828353764,0.1151089771531445,0.1151089771531445,0.11847235275005322,0.13456904617977974,0.07488064997552,0.07488064997552,0.05412540706629868,0.027236852148552124,0.21046970146415656,0.2035252570197121,0.21046970146415656,0.20647317825062195,0.22245836739931826,0.2035920472146379,0.2535113995644231,0.32353454771257123,0.23954777499878682,0.23954777499878682,0.16315888610989795,0.10619273794799239,0.04092208886536086,0.06263775880994242,0.06263775880994242,0.13456904617977974
204,24,0.0029590145501428382,0.00114121045137013,0.007789671562349269,0.15131418724045165,0.024967114469506113,0.2965733354031903,148,False,25,0,0,0,0,4776,4609,4897,4323,4205,4635,4227,4325,3992,4882,4856,4808,4571,4740,4839,4670,4720,4863,4915,4361,4581,4511,4917,4875,0.001743810831255857,0.0017887835614890113,0.0017887835614890113,0.005858727624045268,0.00302595616564916,0.0026793457131868165,0.0026793457131868165,0.0021042610493205026,0.0016841364504694236,0.001299870564505527,0.0013279822110617114,0.001299870564505527,0.0024246548076280266,0.0057724994661489,0.0033205204759937305,0.0071205556147834245,0.007789671562349269,0.0016132167487180507,0.004598239804286532,0.004598239804286532,0.001189499840679593,0.00114121045137013,0.00114121045137013,0.00302595616564916,0.10551656239038246,0.1888498957237158,0.1888498957237158,0.10859965668754878,0.12335495899813143,0.06864059581089334,0.06864059581089334,0.04961495647744046,0.024967114469506113,0.19293055967547684,0.1865648189347361,0.19293055967547684,0.1892670800630701,0.20392017011604174,0.18662604328008472,0.23238544960072116,0.2965733354031903,0.21958546041555457,0.18067667645232638,0.18067667645232638,0.037511914793247454,0.14075127890911387,0.14075127890911387,0.12335495899813143
205,24,0.002958155197038348,0.0011229479589737433,0.008006959783425732,0.14806571999507193,0.02288652159704727,0.27185889078625775,149,False,26,0,0,0,0,4776,4609,4897,4323,4205,4635,4227,4325,3992,4882,4856,4808,4571,4740,4839,4934,4670,4720,4863,4915,4361,4581,4511,4917,0.0016990541319590543,0.0017840315439691954,0.0017840315439691954,0.005713288942903702,0.002963059602776885,0.002583752487414255,0.002583752487414255,0.0020184009444921156,0.0016043047551893349,0.0012978999806979225,0.0013236069183174954,0.0012978999806979225,0.002418496142974562,0.0057815172216804205,0.003394992392571552,0.003394992392571552,0.0071887668333514,0.008006959783425732,0.0016228419000291418,0.0045755377014655395,0.0045755377014655395,0.0011371034216361017,0.0011229479589737433,0.0011229479589737433,0.09672351552451725,0.17311240441340614,0.17311240441340614,0.09954968529691971,0.11307537908162046,0.06292054615998556,0.06292054615998556,0.04548037677098708,0.02288652159704727,0.17685301303585377,0.17101775069017475,0.17685301303585377,0.17349482339114758,0.18692682260637158,0.25440720634007763,0.25440720634007763,0.21301999546732772,0.27185889078625775,0.20128667204759168,0.16562028674796583,0.16562028674796583,0.034385921893810165,0.1290220056666877,0.1290220056666877
206,24,0.0029239751078144766,0.0010860636802138169,0.008173532928449044,0.1479230375082065,0.020979311463959996,0.24920398322073625,150,False,28,0,0,0,0,4776,4609,4897,4323,4949,4635,4227,4325,3992,4882,4955,4808,4571,4740,4839,4934,4670,4720,4863,4915,4361,4581,4511,4917,0.0016513740318138167,0.001771466371725163,0.001771466371725163,0.005557355850801148,0.002551735666185224,0.002551735666185224,0.002487581163531958,0.0019338034195504786,0.0015273669085346417,0.001290109659613876,0.0013233814759445591,0.0013233814759445591,0.002401719592838306,0.005763053214045659,0.003448721348342195,0.003448721348342195,0.007218371784904181,0.008173532928449044,0.0016241786175677612,0.00453378749665661,0.00453378749665661,0.0010860636802138169,0.0011013535089876186,0.0011013535089876186,0.0886632225641408,0.15868637071228894,0.15868637071228894,0.09125387818884306,0.14101050064665344,0.14101050064665344,0.057677167313320094,0.041690345373404825,0.020979311463959996,0.1621152619495326,0.24544859528286594,0.24544859528286594,0.15903692144188528,0.17134958738917394,0.23320660581173783,0.23320660581173783,0.19526832917838374,0.24920398322073625,0.18451278271029237,0.15181859618563534,0.15181859618563534,0.03152042840265932,0.11827017186113038,0.11827017186113038
207,24,0.002944026785484335,0.0010364826773813878,0.008290795110697679,0.15128581809695726,0.02889372603577104,0.22911717798839484,151,False,29,0,0,0,0,4776,4609,4897,4323,4949,4635,4227,4325,4882,4955,4808,4980,4571,4740,4839,4934,4670,4720,4863,4915,4988,4581,4511,4917,0.0016014124871076008,0.001751896619487679,0.001751896619487679,0.005393132627136991,0.00251108322097804,0.00251108322097804,0.0023914747117102873,0.0018507858797220573,0.0012770834848486933,0.001340956228760745,0.001340956228760745,0.002436682416762791,0.002436682416762791,0.005719638480978509,0.0034825592004977383,0.0034825592004977383,0.007212149755781251,0.008290795110697679,0.0016178972786452788,0.004475085200644626,0.0045904972601935575,0.0010364826773813878,0.001076926261901067,0.001076926261901067,0.08127462068379573,0.14546250648626485,0.14546250648626485,0.0836493883397728,0.12925962559276563,0.12925962559276563,0.05287073670387675,0.038216149925621085,0.14860565678707155,0.22499454567596044,0.22499454567596044,0.22911717798839484,0.22911717798839484,0.15707045510674278,0.213772721994093,0.213772721994093,0.17899596841351842,0.22843698461900822,0.16913671748443465,0.13916704650349906,0.2225003798368324,0.02889372603577104,0.10841432420603618,0.10841432420603618
208,24,0.0029204694200582484,0.0009884376667566037,0.008360964809600727,0.14562311103332196,0.02648591553279012,0.2933574131560286,152,False,30,0,0,0,0,4776,4609,4897,4323,4949,4635,4227,4325,5001,4882,4808,5003,4571,4740,4839,4934,4670,4720,4863,4915,4988,4581,4511,4917,0.00154975198416043,0.001726137750620549,0.001726137750620549,0.005222626451612248,0.0024629586493998346,0.0024629586493998346,0.0022959882388787116,0.0017696094166828693,0.0013858444652641848,0.001259414258669166,0.0013510022346985397,0.002521159414052314,0.0024577736447261634,0.005653892896906793,0.0034976384994340765,0.0034976384994340765,0.007173164852413329,0.008360964809600727,0.0016047142705367052,0.004401518055782348,0.004621657959662294,0.0009884376667566037,0.0010501378310428017,0.0010501378310428017,0.07450173562681275,0.13334063094574278,0.13334063094574278,0.07667860597812506,0.11848799012670182,0.11848799012670182,0.048464841978553684,0.03503147076515266,0.2895783335362971,0.13622185205481557,0.20624500020296374,0.2933574131560286,0.21002407982269528,0.14398125051451421,0.19595832849458525,0.19595832849458525,0.16407963771239187,0.20940056923409087,0.15504199102739843,0.12756979262820747,0.20395868151709637,0.02648591553279012,0.0993797971888665,0.0993797971888665
209,24,0.0028815256654116015,0.0009419842318282609,0.008386890408239285,0.1345749306128496,0.024278755905057608,0.26891096205969284,153,False,31,0,0,0,0,4776,4609,4897,4323,4949,4635,4227,4325,5025,4882,4808,5003,4571,4740,4839,4934,4670,4720,4863,4915,4988,4581,4511,4917,0.0014969156182852571,0.0016949929238545892,0.0016949929238545892,0.005047645924276573,0.002408478891965811,0.002408478891965811,0.002201595761773347,0.001690484803219975,0.001269608871603475,0.001269608871603475,0.0013539941505351545,0.00258915240011987,0.0024658252812660613,0.0055684505772089134,0.0034952990846735593,0.0034952990846735593,0.007104645705549815,0.008386890408239285,0.00158536755099445,0.004315120683442021,0.004628927810047501,0.0009419842318282609,0.001021427759448536,0.001021427759448536,0.0682932576579117,0.1222289117002642,0.1222289117002642,0.07028872214661464,0.10861399094947666,0.10861399094947666,0.04442610514700754,0.03211218153472327,0.20820336438358095,0.20820336438358095,0.18905791685271675,0.26891096205969284,0.192522073170804,0.13198281297163802,0.17962846778670313,0.17962846778670313,0.15040633456969255,0.1919505217979166,0.14212182510844856,0.11693897657585685,0.186962124724005,0.024278755905057608,0.09109814742312762,0.09109814742312762
210,24,0.002718643900004302,0.0008971591575910533,0.008371877604069503,0.13261706091660808,0.022255526246302806,0.2598119004065703,154,False,31,0,0,0,0,4776,4609,4897,4323,4949,4635,4227,4325,5025,4882,4808,5003,4571,5052,4839,4934,4670,4720,4863,4915,4988,4581,4511,4917,0.0014433684981680517,0.0016592379377527845,0.0016592379377527845,0.004869804418695002,0.0023486995730910227,0.0023486995730910227,0.00210869718959916,0.0016135781755200911,0.001273118678292195,0.001273118678292195,0.001350475862215451,0.0026408345285197296,0.00252529519593995,0.00252529519593995,0.0034770213547664483,0.0034770213547664483,0.007009883203054864,0.008371877604069503,0.0015605962951720862,0.004217841389348726,0.004614190366956192,0.0008971591575910533,0.0009912007157542755,0.0009912007157542755,0.06260215285308572,0.11204316905857552,0.11204316905857552,0.06443132863439674,0.09956282503702027,0.09956282503702027,0.04072392971809024,0.029436166406829663,0.19085308401828252,0.19085308401828252,0.17330309044832368,0.2465017152213851,0.2598119004065703,0.2598119004065703,0.16465942880447787,0.16465942880447787,0.1378724733555515,0.17595464498142355,0.13027833968274452,0.1071940618612021,0.17138194766367124,0.022255526246302806,0.08350663513786698,0.08350663513786698
211,24,0.002721677329711302,0.0008539830382194077,0.008319533819361192,0.13415402821809885,0.020400899059110904,0.3214942420393561,155,False,34,0,0,0,0,4776,4897,4323,4949,4635,4227,4325,5025,4882,4808,5003,4571,5052,5077,4839,4934,4670,4720,4863,4915,4988,4581,4511,4917,0.0013895201342994058,0.0016196099189328338,0.004690527071757503,0.002284604801670124,0.002284604801670124,0.0020176253016162358,0.0015390163503988077,0.0012704491788001235,0.0012704491788001235,0.0013410359029703445,0.002676694734722588,0.002569146643386215,0.0026354047126970997,0.0026354047126970997,0.003444367628447222,0.003444367628447222,0.00689214627543047,0.008319533819361192,0.001531124497423943,0.004111517514116931,0.00457947185484623,0.0008539830382194077,0.000959825106180002,0.000959825106180002,0.05738530678199524,0.10270623830369421,0.05906205124819701,0.09126592295060192,0.09126592295060192,0.037330268908249385,0.026983152539593856,0.1749486603500923,0.1749486603500923,0.1588611662442967,0.225959905619603,0.23816090870602277,0.3214942420393561,0.3214942420393561,0.15093780973743803,0.15093780973743803,0.1263831005759222,0.16129175789963823,0.11942181137584913,0.09826122337276859,0.15710011869169863,0.020400899059110904,0.07654774887637807,0.07654774887637807
212,24,0.002980259748561535,0.0008124626282732629,0.00844597719132153,0.134990391879652,0.018700824137518328,0.2947030552027431,156,False,32,0,0,0,0,4776,4897,4323,4949,4635,4227,4325,5025,4882,5097,5003,4571,5052,5077,4839,4934,4670,4720,5105,4915,4988,4581,4511,4917,0.001335727522665331,0.0015767992961439501,0.004511060390324059,0.0022171008289157412,0.0022171008289157412,0.0019286525584470144,0.0014668917471339724,0.0012621502200132308,0.0012621502200132308,0.0013604909408748316,0.0026974769297692168,0.0025979569539973405,0.002727892577772842,0.002727892577772842,0.0033989322302639667,0.0033989322302639667,0.006754614879504981,0.00844597719132153,0.00844597719132153,0.003997858610749122,0.004526869766749657,0.0008124626282732629,0.0009276328221347428,0.0009276328221347428,0.052603197883495635,0.09414738511171969,0.05414021364418059,0.08366042937138508,0.08366042937138508,0.03421941316589527,0.0247345564946277,0.16036960532091793,0.16036960532091793,0.22895606905727198,0.20712991348463608,0.2183141663138542,0.2947030552027431,0.2947030552027431,0.13835965892598487,0.13835965892598487,0.11585117552792867,0.2311841114080017,0.2311841114080017,0.09007278809170453,0.14400844213405706,0.018700824137518328,0.07016876980334656,0.07016876980334656
213,24,0.002945971666639764,0.0007725929490552945,0.008524016564845206,0.12374119255634768,0.017142422126058467,0.2701444672691812,157,False,32,0,0,0,0,4776,4897,4323,4949,4635,4227,4325,5025,4882,5097,5003,4571,5052,5077,4839,4934,4670,4720,5105,4915,4988,4581,4511,4917,0.0012822986846793526,0.0015314445803200395,0.004332483624584551,0.0021470128854688456,0.0021470128854688456,0.0018419976304695287,0.0013972669009150041,0.0012487956080766015,0.0012487956080766015,0.00137220503967096,0.0027041208888074104,0.0026125270583434593,0.002802517019111805,0.002802517019111805,0.0033423003330527116,0.0033423003330527116,0.006600328745283098,0.008524016564845206,0.008524016564845206,0.003878436217397149,0.004458493114701814,0.0007725929490552945,0.000894919872008171,0.000894919872008171,0.048219598059871,0.08630176968574305,0.0496285291738322,0.07668872692376966,0.07668872692376966,0.03136779540207066,0.022673343453408726,0.14700547154417476,0.14700547154417476,0.20987639663583263,0.1898690873609164,0.200121319121033,0.2701444672691812,0.2701444672691812,0.12682968734881947,0.12682968734881947,0.10619691090060128,0.21191876879066823,0.21191876879066823,0.08256672241739582,0.13200773862288562,0.017142422126058467,0.06432137231973435,0.06432137231973435
214,24,0.002653501927426645,0.0007343591644783174,0.0065980347081034596,0.1170817422302078,0.015713886948886927,0.24763242833008273,158,False,31,0,0,0,0,4776,4897,4323,4949,4635,4227,4325,5025,4882,5097,5003,4571,5052,5077,4839,4934,4670,5152,4915,4988,4581,4511,4917,5138,0.0012294964697859728,0.0014841294790323817,0.004262896904678936,0.0020750845695991244,0.0020750845695991244,0.0017578315631228275,0.0013301785680743504,0.0012309659192398857,0.0012309659192398857,0.001376643420689077,0.0026977072185980105,0.0026138256594535744,0.002859445878929999,0.002859445878929999,0.0032760151574314058,0.0032760151574314058,0.0065980347081034596,0.0065980347081034596,0.003754679044626672,0.004376414038903226,0.0007343591644783174,0.0008619476777547251,0.0008619476777547251,0.004262896904678936,0.04420129822154841,0.07910995554526445,0.12882615174267953,0.07029799968012218,0.07029799968012218,0.028753812451898102,0.020783898165624665,0.1347550155821602,0.1347550155821602,0.1923866969161799,0.17404666341417335,0.18344454252761358,0.24763242833008273,0.24763242833008273,0.11626054673641784,0.11626054673641784,0.1806805016588845,0.1806805016588845,0.07568616221594616,0.12100709373764515,0.015713886948886927,0.058961257959756486,0.058961257959756486,0.12882615174267953
215,24,0.002578113548018601,0.0006977382424531523,0.006565466394300194,0.11096840706119894,0.014404396369813015,0.31032972596924246,159,False,31,0,0,0,0,4776,4897,4323,5163,4949,4635,4227,4325,5025,4882,5097,5003,4571,5173,4839,4934,4670,5152,4915,4988,4581,4511,4917,5138,0.0011775424674928064,0.001435381902504929,0.004180691439568516,0.0020536100936793945,0.0020536100936793945,0.0020019792229941527,0.0016762835282386243,0.001265641432962029,0.001209234467035911,0.001209234467035911,0.0013743470775210002,0.002679407959781972,0.002602938033702901,0.002973962604161675,0.0032015528418660342,0.0032015528418660342,0.006565466394300194,0.006565466394300194,0.003627872488993527,0.0042826300200286115,0.0006977382424531523,0.0008289448493554712,0.0008289448493554712,0.004180691439568516,0.040517856703086046,0.07251745924982575,0.11809063909745623,0.14777316637344534,0.14777316637344534,0.064439833040112,0.026357661414239925,0.01905190665182261,0.1235254309503135,0.1235254309503135,0.1763544721731649,0.15954277479632556,0.1681574973169791,0.31032972596924246,0.10657216784171634,0.10657216784171634,0.16562379318731077,0.16562379318731077,0.06937898203128398,0.11092316925950806,0.014404396369813015,0.05404781979644344,0.05404781979644344,0.11809063909745623
216,24,0.002424122374324969,0.0006627004186213246,0.0066733431270743085,0.115817507550479,0.01320403000566193,0.2844689154718056,160,False,32,0,0,0,0,4776,4897,4323,5163,4949,4635,4227,4325,5025,5193,4882,5097,5003,4571,5173,4839,4934,5201,5152,4915,4988,4581,4511,4917,0.0011266209105272723,0.001385674459630129,0.004087761079040753,0.002024724980845216,0.002024724980845216,0.0019282828021818777,0.001597446133592967,0.0012036514332087814,0.0011841562434947348,0.0012146955304047954,0.0012146955304047954,0.0013659071564773692,0.0026504436828012584,0.002581020681897525,0.0030687207337519074,0.0031203041293302015,0.0031203041293302015,0.0066733431270743085,0.0066733431270743085,0.0034991615010492947,0.004179035649394333,0.0006627004186213246,0.0007961092814103394,0.0007961092814103394,0.03714136864449554,0.0664743376456736,0.10824975250600155,0.1354587358423249,0.1354587358423249,0.059069846953436,0.02416118962971993,0.017464247764170725,0.11323164503778738,0.19656497837112072,0.19656497837112072,0.1616582661587345,0.14624754356329842,0.15414437254056418,0.2844689154718056,0.09769115385490665,0.09769115385490665,0.23515514375503488,0.23515514375503488,0.06359740019534364,0.10167957182121572,0.01320403000566193,0.04954383481340649,0.04954383481340649
217,24,0.0023868280177892164,0.0006292104794395713,0.006742498888161631,0.10616604858793909,0.012103694171856768,0.26076317251582176,161,False,32,0,0,0,0,4776,4897,4323,5163,4949,4635,4227,4325,5025,5193,4882,5097,5003,4571,5173,4839,4934,5201,5152,4915,4988,4581,4511,4917,0.0010768824804569174,0.001335426090155319,0.003985894704076051,0.0019893725994396556,0.0019893725994396556,0.001854507826257672,0.0015213802806801665,0.001144188724760601,0.0011562595619827674,0.0012140893528888306,0.0012140893528888306,0.001351942596792745,0.002612047382431274,0.002549262432616896,0.003143644690154484,0.003033561941732651,0.003033561941732651,0.006742498888161631,0.006742498888161631,0.003369555962495547,0.004067402760464621,0.0006292104794395713,0.0007636104448655129,0.0007636104448655129,0.03404625459078758,0.06093480950853414,0.09922893979716808,0.12417050785546449,0.12417050785546449,0.05414735970731633,0.0221477571605766,0.016008893783823166,0.10379567461797176,0.18018456350686066,0.18018456350686066,0.14818674397883994,0.13406024826635687,0.14129900816218383,0.26076317251582176,0.08955022436699776,0.08955022436699776,0.21555888177544863,0.21555888177544863,0.05829761684573167,0.09320627416944774,0.012103694171856768,0.04541518191228928,0.04541518191228928
218,24,0.0025957354372287,0.0005972288813416341,0.006949810997426092,0.11547650036787556,0.011095052990868704,0.2809289749608279,162,False,36,0,0,0,0,4776,4897,4323,5163,4949,4635,4227,4325,5241,5193,5097,5003,4571,5173,4839,4934,5201,5249,5152,4915,4988,4581,4511,4917,0.0010284479517856712,0.0012850045289339983,0.0038767591750898324,0.0019484671689856449,0.0019484671689856449,0.0017810980513480875,0.0014481195741197041,0.001087220310936257,0.0012390811054598337,0.0012390811054598337,0.0013330812238742653,0.0025654350605317225,0.0025088521183980798,0.003199085966803787,0.0029425139069457597,0.0029425139069457597,0.006949810997426092,0.006949810997426092,0.006775082214197293,0.0032399378544691578,0.003949367678812899,0.0005972288813416341,0.0007315917726058758,0.0007315917726058758,0.031209066708221943,0.05585690871615629,0.09095986148073741,0.11382296553417579,0.11382296553417579,0.04963507973170663,0.02030211073052855,0.0146748193018379,0.2485025165479556,0.2485025165479556,0.13583784864726994,0.12288856091082713,0.12952409081533517,0.23903290813950326,0.08208770566974795,0.08208770566974795,0.2809289749608279,0.2809289749608279,0.19759564162749457,0.05343948210858736,0.0854390846553271,0.011095052990868704,0.0416305834195985,0.0416305834195985
219,24,0.0025639088961725122,0.0005667127220913778,0.007112437655762048,0.10585345867055258,0.010170465241629645,0.25751822704742555,163,False,36,0,0,0,0,4776,4897,4323,5163,4949,4635,4227,4325,5241,5193,5097,5003,4571,5173,4839,4934,5201,5249,5152,4915,4988,4581,4511,4917,0.0009814116307020784,0.0012347293467386408,0.0037618887873127793,0.0019028797759105599,0.0019028797759105599,0.0017084335866450855,0.0013776742959007854,0.0010327023612611412,0.0012566107546666217,0.0012566107546666217,0.0013099442671182196,0.002511782595673241,0.0024609525932963684,0.003235750597611,0.002848238944611006,0.002848238944611006,0.007112437655762048,0.007112437655762048,0.006773656344908405,0.003111069620356068,0.0038264243764488956,0.0005667127220913778,0.0007001730600878662,0.0007001730600878662,0.028608311149203446,0.05120216632314326,0.08337987302400929,0.1043377184063278,0.1043377184063278,0.04549882308739774,0.01861026816965117,0.013451917693351408,0.22779397350229263,0.22779397350229263,0.12451802792666411,0.11264784750159153,0.1187304165807239,0.21911349912787798,0.07524706353060229,0.07524706353060229,0.25751822704742555,0.25751822704742555,0.18112933815853668,0.048986191932871744,0.07831916093404984,0.010170465241629645,0.03816136813463196,0.03816136813463196
220,24,0.0025248133367023477,0.0005376165796060279,0.007231297106726728,0.09703233711467323,0.009322926471493841,0.2360583747934734,164,False,36,0,0,0,0,4776,4897,4323,5163,4949,4635,4227,4325,5241,5193,5097,5003,4571,5173,4839,4934,5201,5249,5152,4915,4988,4581,4511,4917,0.000935844560834783,0.0011848753575827342,0.003642680084138995,0.0018534283323288936,0.0018534283323288936,0.0016368362244995028,0.0013100349645394668,0.0009805822462966704,0.0012670179499884762,0.0012670179499884762,0.0012831341166911294,0.002452208312572802,0.002406680621628348,0.0032546262233074104,0.002751707088867292,0.002751707088867292,0.007231297106726728,0.007231297106726728,0.006741068557090059,0.0029836032380468162,0.0036999223954957937,0.0005376165796060279,0.0006694528213515186,0.0006694528213515186,0.026224285220103158,0.04693531912954799,0.07643155027200851,0.09564290853913382,0.09564290853913382,0.04170725449678126,0.017059412488846907,0.012330924552238791,0.20881114237710158,0.20881114237710158,0.1141415255994421,0.1032605268764589,0.1088362151989969,0.20085404086722147,0.06897647490305209,0.06897647490305209,0.2360583747934734,0.2360583747934734,0.1660352266453253,0.0449040092717991,0.07179256418954567,0.009322926471493841,0.03498125412341263,0.03498125412341263
221,24,0.0024805363362962528,0.0005098932325519933,0.007308083563024417,0.092418531244006,0.008546015932202687,0.21638684356068397,165,False,36,0,0,0,0,4776,4897,4323,5163,4949,4635,5310,4325,5241,5193,5097,5003,4571,5173,4839,4934,5201,5249,5152,4915,4988,4581,4511,4917,0.000891797481105458,0.0011356762236068517,0.003520390965159584,0.001800870918307608,0.001800870918307608,0.0015665748073917616,0.0012772884721103364,0.0009308003143845436,0.0012707368984878006,0.0012707368984878006,0.00125322503168004,0.002387760563072063,0.002347092022836733,0.00325691233807124,0.002653781815382892,0.002653781815382892,0.007308083563024417,0.007308083563024417,0.006680334983508094,0.0028580896159715813,0.003571068515665728,0.0005098932325519933,0.0006395105567943119,0.0006395105567943119,0.024038928118427894,0.043024042535418985,0.0700622544160078,0.08767266616087266,0.08767266616087266,0.03823164995538282,0.09897112811477635,0.011303347506218892,0.19141021384567644,0.19141021384567644,0.10462973179948859,0.09465548297008732,0.09976653059908049,0.18411620412828633,0.06322843532779775,0.06322843532779775,0.21638684356068397,0.21638684356068397,0.15219895775821485,0.04116200849914917,0.06580985050708353,0.008546015932202687,0.032066149613128245,0.032066149613128245
222,24,0.0024309571646210066,0.0004834942759618257,0.0073451032695424434,0.08818920919589439,0.007833847937852462,0.19835460659729362,166,False,36,0,0,0,0,4776,4897,4323,5163,4949,4635,5310,4325,5241,5193,5097,5003,4571,5173,4839,4934,5201,5249,5152,4915,4988,4581,4511,5351,0.0008493035305827722,0.0010873281247748515,0.0033961431361554367,0.001745901952252813,0.001745901952252813,0.0014978704975864806,0.0012422260529231116,0.0008832914353763867,0.0012682702886790676,0.0012682702886790676,0.001220756454651229,0.00231940959378942,0.0022831713864806093,0.0032439562197425285,0.0025552242365583636,0.0025552242365583636,0.0073451032695424434,0.0073451032695424434,0.006594542273201793,0.0027349880137427823,0.0034409312646222004,0.0004834942759618257,0.0006104089022754556,0.0006261512949719039,0.0220356841085589,0.039438705657467404,0.06422373321467381,0.0803666106474666,0.0803666106474666,0.03504567912576759,0.09072353410521165,0.01036140188070065,0.17545936269187007,0.17545936269187007,0.09591058748286453,0.08676752605591337,0.0914526530491571,0.16877318711759579,0.05795939905048127,0.05795939905048127,0.19835460659729362,0.19835460659729362,0.1395157112783636,0.037731841124220074,0.0603256962981599,0.007833847937852462,0.02939397047870089,0.11272730381203423
223,24,0.0023761190790704185,0.0004583706440371624,0.007345118697646652,0.08084010842956985,0.007181027276364756,0.18182505604751914,167,False,36,0,0,0,0,4776,4897,4323,5163,4949,4635,5310,4325,5241,5193,5097,5003,4571,5173,4839,4934,5201,5249,5152,4915,4988,4581,4511,5351,0.000808380702618105,0.0010399933917708294,0.0032709270700959623,0.0016891506640900173,0.0016891506640900173,0.0014309018512825864,0.0012053384615479383,0.0008379863351939284,0.001260165809256573,0.001260165809256573,0.001186228564656763,0.0022480429857555397,0.002215825655775025,0.0032171961018335267,0.0024566986253574783,0.0024566986253574783,0.007345118697646652,0.007345118697646652,0.006486766252488254,0.002614675261881842,0.003310447499017863,0.0004583706440371624,0.0005821956397607032,0.0006113138872725752,0.020199377099512326,0.03615214685267845,0.05887175544678432,0.07366939309351105,0.07366939309351105,0.03212520586528695,0.08316323959644402,0.009497951723975596,0.16083774913421423,0.16083774913421423,0.08791803852595916,0.07953689888458725,0.08383159862839401,0.15470875485779614,0.05312944912960783,0.05312944912960783,0.18182505604751914,0.18182505604751914,0.12788940200516663,0.034587521030535064,0.055298554939979906,0.007181027276364756,0.02694447293880915,0.10333336182769805
224,24,0.0023289122540388883,0.0004344730512242362,0.007311206189983315,0.08512940657184466,0.006582608336667693,0.16667296804355922,168,False,38,0,0,0,0,5377,4897,4323,5163,4949,4635,5310,4325,5241,5193,5097,5003,4571,5173,4839,4934,5201,5249,5152,4915,4988,4581,5398,5351,0.0010194341464859705,0.0010194341464859705,0.0031456087714875143,0.0016311813921137753,0.0016311813921137753,0.0013658096286734817,0.001167072247684974,0.0007948127435974616,0.0012469956939193444,0.0012469956939193444,0.0011500997028336794,0.0021744639932532897,0.0021458809016680087,0.0031781123663974786,0.002358778820107989,0.002358778820107989,0.007311206189983315,0.007311206189983315,0.006360006879137231,0.002497454616615209,0.003180430409055682,0.0004344730512242362,0.0005692165244062532,0.0005952597756780318,0.11647280128162192,0.11647280128162192,0.05396577582621896,0.06753027700238512,0.06753027700238512,0.029448105376513035,0.07623296963007369,0.00870645574697763,0.1474346033730297,0.1474346033730297,0.08059153531546255,0.07290882397753831,0.07684563207602783,0.14181635861964645,0.04870199503547384,0.04870199503547384,0.16667296804355922,0.16667296804355922,0.1172319518380694,0.03170522761132381,0.05069034202831491,0.006582608336667693,0.10803243352724173,0.09472224834205654
225,24,0.0022406536485136317,0.00041175236160088404,0.00724663029409563,0.0865635838774535,0.006034057641945385,0.19079595585156361,169,False,39,0,0,0,0,5377,4897,4323,5163,4949,4635,5310,4325,5241,5193,5097,5411,4571,5173,4839,4934,5418,5201,5152,4915,4988,4581,5398,5351,0.0009963221084083155,0.0009963221084083155,0.0030209377546383557,0.0015724952792774067,0.0015724952792774067,0.0013027012952314622,0.0011278295063917032,0.0007536963759346574,0.001229339456970989,0.001229339456970989,0.0011127853240655212,0.002153535312762163,0.002074081658717312,0.0031281869298330858,0.0022619551468218485,0.0022619551468218485,0.006377477657586433,0.00724663029409563,0.006377477657586433,0.0023835641361574446,0.003051578415870105,0.00041175236160088404,0.0005549979530608924,0.0005782309478379519,0.10676673450815342,0.10676673450815342,0.04946862784070071,0.061902753918853026,0.061902753918853026,0.02699409659513695,0.06988022216090088,0.007980917768062826,0.1351483864252772,0.1351483864252772,0.073875574039174,0.15016642197941013,0.07044182940302551,0.1299983287346759,0.04464349544918435,0.04464349544918435,0.19079595585156361,0.15278355403992927,0.19079595585156361,0.029063125310380154,0.04646614685928867,0.006034057641945385,0.09902973073330491,0.08682872764688516
226,24,0.0021748173158918343,0.00040022208551397285,0.007154736321578644,0.08622003709118205,0.024744588545542203,0.1748962928639333,170,False,41,0,0,0,0,5377,4897,4323,5163,4949,4635,5310,5241,5193,5097,5411,4571,5173,4839,4934,5418,5201,5152,4915,4988,5445,4581,5398,5351,0.000971090457661879,0.000971090457661879,0.0028975557554035535,0.0015135330027376225,0.0015135330027376225,0.0012416551884660092,0.0010879686915563048,0.0012077697833625045,0.0012077697833625045,0.0010746581583229537,0.002124668457323598,0.002001092258377849,0.0030688705486555342,0.0021666415705283012,0.0021666415705283012,0.00636400340861512,0.007154736321578644,0.00636400340861512,0.0022731845055022166,0.0029244845359884747,0.00040022208551397285,0.00040022208551397285,0.0005397717494676618,0.0005604487939224249,0.09786950663247397,0.09786950663247397,0.04534624218730898,0.05674419109228194,0.05674419109228194,0.024744588545542203,0.06405687031415915,0.12388602088983744,0.12388602088983744,0.06771927620257616,0.13765255348112596,0.06457167695277338,0.1191651346734529,0.04092320416175232,0.04092320416175232,0.1748962928639333,0.1400515912032685,0.1748962928639333,0.02664119820118181,0.042593967954347944,0.08886455283844995,0.08886455283844995,0.09077725317219616,0.07959300034297806
227,24,0.0021337058065189793,0.00038813544131213317,0.007038861354848425,0.0872016854864104,0.024421098351083324,0.16032160179193886,171,False,44,0,0,0,0,5377,4897,4323,5163,4949,5452,5310,5241,5193,5097,5411,4571,5173,4839,4934,5418,5201,5152,4915,4988,5445,4581,5398,5351,0.000944142012240225,0.000944142012240225,0.0027760057934479777,0.0014546782277576093,0.0014921942532005014,0.0014921942532005014,0.0010478062273126124,0.0011828413950448718,0.0011828413950448718,0.001036049301303877,0.002088854177373769,0.0019274996666763904,0.003001557469366545,0.0020731828522091247,0.0020731828522091247,0.006322339075897215,0.007038861354848425,0.006322339075897215,0.002166446268816447,0.002799645879285279,0.00038813544131213317,0.00038813544131213317,0.0005237512430843245,0.0005421136873740945,0.08971371441310114,0.08971371441310114,0.0415673886716999,0.05201550850125844,0.13534884183459178,0.13534884183459178,0.05871879778797921,0.11356218581568432,0.11356218581568432,0.06207600318569481,0.12618150735769879,0.0591907038733756,0.10923470678399848,0.03751293714827296,0.03751293714827296,0.16032160179193886,0.12838062526966276,0.16032160179193886,0.024421098351083324,0.039044470624818944,0.08145917343524578,0.08145917343524578,0.08321248207451315,0.07296025031439655
228,24,0.0021266162584773576,0.0003756338665412816,0.00690226296886058,0.09280001914689025,0.02238600682182638,0.19899971507789055,172,False,42,0,0,0,0,5377,5473,4323,5163,4949,5452,5310,5241,5193,5482,5411,4571,5173,4839,4934,5418,5201,5152,4915,4988,5445,4581,5398,5351,0.0009158468742326243,0.0009394664857589953,0.0026567412870790036,0.0013962615310245496,0.0014660949101759106,0.0014660949101759106,0.0010076186916120218,0.001155082624034064,0.001155082624034064,0.0020998493164581813,0.0020998493164581813,0.0018538174058083303,0.0029275666616537673,0.001981861543281322,0.001981861543281322,0.006255359299094763,0.00690226296886058,0.006255359299094763,0.0020634364533495065,0.0026774730259499554,0.0003756338665412816,0.0003756338665412816,0.0005071305618845692,0.0005234051370716396,0.08223757154534271,0.16557090487867604,0.038103439615724904,0.047680882792820234,0.12406977168170913,0.12406977168170913,0.053825564638980944,0.10409867033104396,0.10409867033104396,0.19899971507789055,0.19899971507789055,0.05425814521726096,0.1001318145519986,0.03438685905258355,0.03438685905258355,0.14696146830927728,0.1176822398305242,0.14696146830927728,0.02238600682182638,0.03579076473941736,0.07467090898230863,0.07467090898230863,0.07627810856830372,0.06688022945486351
229,24,0.002095527136859623,0.0003628444110601702,0.006748064293579801,0.09230013313532082,0.02052050625334085,0.18241640548806634,173,False,44,0,0,0,0,5496,5377,5473,4323,5163,4949,5452,5310,5241,5193,5482,5411,4571,5173,4839,4934,5418,5201,5152,4915,4988,4581,5398,5351,0.0009094051685630894,0.0009094051685630894,0.0009308813022439918,0.002540134995257254,0.0013385645875015962,0.0014359085873094219,0.0014359085873094219,0.0009676453840101124,0.0011249893717498818,0.0011249893717498818,0.002100233184185458,0.002100233184185458,0.001780490208962042,0.0028481287823823084,0.0018929046957460295,0.0018929046957460295,0.00616597236294769,0.006748064293579801,0.00616597236294769,0.0019642045875156665,0.0025582990945516282,0.0003628444110601702,0.000490084520271725,0.0005044823762915096,0.15871777391656416,0.15871777391656416,0.1517733294721197,0.03492815298108116,0.04370747589341854,0.1137306240415667,0.1137306240415667,0.04934010091906586,0.09542378113679029,0.09542378113679029,0.18241640548806634,0.18241640548806634,0.04973663311582254,0.09178749667266538,0.03152128746486825,0.03152128746486825,0.13471467928350417,0.10787538651131384,0.13471467928350417,0.02052050625334085,0.03280820101113258,0.06844833323378291,0.06992159952094508,0.06130687700029155
230,24,0.0020394947152603264,0.0003498800698777305,0.006579213659531422,0.0880806775962663,0.018810464065562443,0.22245888534944305,174,False,44,0,0,0,0,5496,5377,5522,4323,5163,4949,5452,5310,5241,5193,5482,5411,4571,5173,4839,4934,5418,5201,5152,4915,4988,4581,5398,5351,0.0008993666938168337,0.0008993666938168337,0.0009425130515174427,0.002426487622118959,0.0012818244583265041,0.0014022770231889303,0.0014022770231889303,0.0009280911245793382,0.0010930211145396174,0.0010930211145396174,0.0020908826701635666,0.0020908826701635666,0.0017078991221392836,0.0027643779959625188,0.0018064902039353736,0.0018064902039353736,0.006057049955383929,0.006579213659531422,0.006057049955383929,0.001868768129557965,0.002442388368253686,0.0003498800698777305,0.00047276896974583445,0.0004854852725806465,0.14549129275685047,0.14549129275685047,0.22245888534944305,0.03201747356599106,0.04006518623563366,0.1042530720381028,0.1042530720381028,0.04522842584247704,0.0874717993753911,0.0874717993753911,0.16721503836406082,0.16721503836406082,0.04559191368950399,0.08413853861660993,0.028894513509462563,0.028894513509462563,0.12348845600987882,0.09888577096870435,0.12348845600987882,0.018810464065562443,0.030074184260204865,0.062744305464301,0.06409479956086632,0.056197970583600584
231,24,0.0019806268646846456,0.0003368403562897809,0.006398456887535767,0.08074062112991078,0.017242925393432237,0.20392064490365613,175,False,44,0,0,0,0,5496,5377,5522,4323,5163,4949,5452,5310,5241,5193,5482,5411,4571,5173,4839,4934,5418,5201,5152,4915,4988,4581,5398,5351,0.0008861500739263949,0.0008861500739263949,0.0009488998846115531,0.0023160359692361685,0.001226237854756528,0.0013658027051869771,0.0013658027051869771,0.0008891291620030642,0.0010595986183575355,0.0010595986183575355,0.0020727297225690187,0.0020727297225690187,0.0016363668244874854,0.0026773478043506755,0.00172275272419439,0.00172275272419439,0.0059313718195045705,0.006398456887535767,0.0059313718195045705,0.0017771173329025553,0.002329944390807072,0.0003368403562897809,0.00045532149694937484,0.00046653546102369255,0.13336701836044626,0.13336701836044626,0.20392064490365613,0.029349350768825135,0.03672642071599752,0.09556531603492756,0.09556531603492756,0.041459390355603955,0.08018248276077516,0.08018248276077516,0.1532804518337224,0.1532804518337224,0.04179258754871199,0.07712699373189243,0.026486637383674013,0.026486637383674013,0.11319775134238891,0.09064529005464565,0.11319775134238891,0.017242925393432237,0.027568002238521124,0.057515613342275916,0.058753566264127456,0.05151480636830053
232,24,0.001976643996643396,0.0003238120450528752,0.006208320253107244,0.08663056893249373,0.01580601494397955,0.18692725782835146,176,False,46,0,0,0,0,5496,5522,5571,5163,4949,5452,5575,5310,5241,5193,5482,5411,4571,5173,4839,4934,5582,5418,5201,5152,4915,4988,4581,5351,0.0008701676361427395,0.0009503823753068326,0.002265929462552229,0.0011719652848838572,0.0013270439833855863,0.0013270439833855863,0.000872848838954386,0.000872848838954386,0.0010251030441422936,0.0010251030441422936,0.0020467304319772743,0.0020467304319772743,0.0015661629890971601,0.002587970100276686,0.0016841307425510264,0.0016417891428221795,0.0016841307425510264,0.005791583933674463,0.006208320253107244,0.005791583933674463,0.001689219580782821,0.0022211174794330053,0.0003238120450528752,0.0004477376206138145,0.1222531001637424,0.18692725782835146,0.11023690487142304,0.03366588565633106,0.08760153969868359,0.08760153969868359,0.12133777449263697,0.12133777449263697,0.07350060919737723,0.07350060919737723,0.14050708084757887,0.14050708084757887,0.038309871919652655,0.07069974425423473,0.10761275093503452,0.024279417601701176,0.10761275093503452,0.10376460539718983,0.08309151588342518,0.10376460539718983,0.01580601494397955,0.025270668718644362,0.05272264556375292,0.04722190583760882
233,24,0.00192488628291174,0.0003108700274102105,0.006011102231189983,0.09301089189182295,0.014488847031981254,0.1953986751500972,177,False,45,0,0,0,0,5592,5522,5571,5163,4949,5452,5575,5310,5241,5193,5482,5411,4571,5173,4839,5606,5582,5418,5201,5152,4915,4988,4581,5351,0.0008737859817182276,0.0009473473242833176,0.0022106929500312848,0.0011191350161884276,0.001286512265359982,0.001286512265359982,0.0008542233092717636,0.0008542233092717636,0.0009898761536913192,0.0009898761536913192,0.002013839392713969,0.002013839392713969,0.0014975095493195397,0.0024970767369016196,0.0016842131689796293,0.0016842131689796293,0.0016418694969254227,0.005640168605396726,0.006011102231189983,0.005640168605396726,0.0016050232266469192,0.0021160116293918335,0.0003108700274102105,0.0004291808290481976,0.1953986751500972,0.1713499863426555,0.10105049613213779,0.030860395184970135,0.08030141139045996,0.08030141139045996,0.11122629328491722,0.11122629328491722,0.06737555843092913,0.06737555843092913,0.12879815744361398,0.12879815744361398,0.03511738259301493,0.06480809889971516,0.18197835502378162,0.18197835502378162,0.0986450216904483,0.09511755494742401,0.07616722289313975,0.09511755494742401,0.014488847031981254,0.02316477965875733,0.0483290917667735,0.04328674701780808
234,24,0.0018942881723587933,0.00029807823082106237,0.005958682583472071,0.10565456030161452,0.013281443112649482,0.20139831098997948,178,False,45,0,0,0,0,5592,5522,5571,5163,5622,5575,5310,5241,5193,5482,5411,5627,4571,5173,4839,5606,5582,5418,5634,5152,4915,4988,4581,5351,0.0008730646773875284,0.0009402107901935873,0.0021512605191608474,0.0010678468084724542,0.0008551301795510624,0.0008551301795510624,0.0008336309106025229,0.0009542213592642142,0.0009542213592642142,0.001974989140734064,0.0020259239395365673,0.0020259239395365673,0.0014305857717753273,0.002405402995821552,0.0016765091193270284,0.0016765091193270284,0.001596653240851445,0.005479424770961994,0.005958682583472071,0.005479424770961994,0.0015244609788417347,0.002014690806157118,0.00029807823082106237,0.00041093994503799147,0.17911545222092243,0.15707082081410087,0.09262962145445963,0.02828869558622262,0.18529076884450746,0.18529076884450746,0.10195743551117412,0.06176092856168503,0.06176092856168503,0.11806497765664614,0.20139831098997948,0.20139831098997948,0.03219093404359702,0.059407423991405556,0.16681349210513316,0.16681349210513316,0.09042460321624426,0.08719109203513867,0.15315328765204478,0.08719109203513867,0.013281443112649482,0.021234381353860885,0.04430166745287571,0.039679518099657404
235,24,0.001914439666687942,0.00028549056604487135,0.00588373026426353,0.10245863585500732,0.012174656186595358,0.18461511840748118,179,False,42,0,0,0,0,5592,5522,5571,5163,5622,5646,5241,5193,5482,5411,5627,4571,5173,5653,4839,5606,5582,5418,5634,5152,4915,4988,4581,5351,0.0008683744323150117,0.0009294034352804221,0.002088494086702798,0.0010181753889129043,0.0008520086934911062,0.000832352210377097,0.0009184053954188242,0.0009184053954188242,0.001931074280548676,0.0020276560737203645,0.0020276560737203645,0.0013655330669322839,0.0023732597739724456,0.0023732597739724456,0.0016617668342783687,0.0016617668342783687,0.0015491113130102962,0.005311456811696504,0.00588373026426353,0.005311456811696504,0.0014474528685691525,0.001917184636800464,0.00028549056604487135,0.00039307697908897706,0.16418916453584556,0.14398158574625913,0.08491048633325465,0.025931304287370737,0.1698498714407985,0.17679431588524294,0.056614184514877944,0.056614184514877944,0.10822622951859229,0.18461511840748118,0.18461511840748118,0.0295083562066306,0.13779013865878842,0.13779013865878842,0.15291236776303874,0.15291236776303874,0.08288921961489057,0.07992516769887711,0.14039051368104105,0.07992516769887711,0.012174656186595358,0.019464849574372476,0.040609861831802735,0.03637289159135262
236,24,0.0018681458581544658,0.0002731518727262224,0.005788989474154161,0.10086486064486783,0.011160101504379077,0.2453947895614727,180,False,40,0,0,0,0,5592,5522,5571,5163,5622,5669,5241,5671,5482,5411,5627,4571,5173,5653,4839,5606,5582,5418,5634,5152,4915,4988,4581,5351,0.0008601059750819264,0.0009153582630512352,0.002023179970250025,0.0009701736544649659,0.0008452351441054219,0.000848679716097089,0.0008826604263454742,0.0009054241622565121,0.001882939801617909,0.002019872224153421,0.002019872224153421,0.0013024594921232009,0.0023333450546074775,0.0023333450546074775,0.0016407532912478245,0.0016407532912478245,0.0014998161304949306,0.005138170293108894,0.005788989474154161,0.005138170293108894,0.0013739088395263094,0.0018234935234468454,0.0002731518727262224,0.000375642423729719,0.15050673415785842,0.1319831202674042,0.0778346124721501,0.023770362263423175,0.1556957154873986,0.2453947895614727,0.05189633580530478,0.13522966913863813,0.09920737705870959,0.16923052520685775,0.16923052520685775,0.027049326522744718,0.12630762710388937,0.12630762710388937,0.14016967044945217,0.14016967044945217,0.07598178464698302,0.07326473705730402,0.12869130420762095,0.07326473705730402,0.011160101504379077,0.0178427787765081,0.0372257066791525,0.03334181729207323
237,24,0.0018186124520342573,0.00026109884183827,0.005677140496936636,0.09245945559112884,0.010230093045680821,0.22494522376468332,181,False,40,0,0,0,0,5592,5522,5571,5163,5622,5669,5241,5671,5482,5411,5627,4571,5173,5653,4839,5606,5582,5418,5634,5152,4915,4988,4581,5351,0.0008486576571531612,0.0008985006878157832,0.001956027946593867,0.00092387559721938,0.0008351977529939957,0.0008599373811526355,0.000847186434668088,0.0008895580750732021,0.0018313730309300418,0.002003466469592772,0.002003466469592772,0.001241443920894557,0.002286735281169803,0.002286735281169803,0.0016142337585148656,0.0016142337585148656,0.0014492829261499036,0.004961273176370908,0.005677140496936636,0.004961273176370908,0.001303730996282354,0.0017335932093561716,0.00026109884183827,0.00035867652246743633,0.13796450631137022,0.12098452691178717,0.07134839476613758,0.021789498741471243,0.14272107253011537,0.22494522376468332,0.04757164115486272,0.12396053004375161,0.09094009563715046,0.1551279814396196,0.1551279814396196,0.024795215979182657,0.1157819915118986,0.1157819915118986,0.12848886457866449,0.12848886457866449,0.06964996925973443,0.06715934230252868,0.11796702885698587,0.06715934230252868,0.010230093045680821,0.016355880545132425,0.03412356445588979,0.030563332517733792
238,24,0.0017664567326744357,0.00024936089934733696,0.0055507541850660135,0.08475450095853476,0.009377585291874086,0.2061997884509597,182,False,41,0,0,0,0,5592,5522,5571,5163,5622,5669,5241,5671,5482,5411,5627,4571,5173,5653,4839,5606,5582,5418,5634,5152,4915,4988,4581,5351,0.0008344252420906799,0.0008792407807916869,0.0018876722579124453,0.0008792989560841336,0.0008222858519849166,0.0008663677823511158,0.0008121537673969214,0.0008712157632958056,0.001777098658369757,0.0019793599957550496,0.0019793599957550496,0.001182539867347549,0.002234459315026007,0.002234459315026007,0.001582955413689918,0.001582955413689918,0.0013979708401454772,0.0047822812199618155,0.0055507541850660135,0.0047822812199618155,0.0012368155465575048,0.001647438833071455,0.00024936089934733696,0.00034221046350808485,0.12646746411875603,0.11090248300247156,0.06540269520229278,0.01997370717968197,0.13082764981927242,0.2061997884509597,0.04360733772529082,0.11363048587343898,0.08336175433405459,0.14220064965298462,0.14220064965298462,0.022728947980917433,0.10613349221924037,0.10613349221924037,0.11778145919710911,0.11778145919710911,0.06384580515475656,0.06156273044398462,0.10813644311890372,0.06156273044398462,0.009377585291874086,0.014992890499704722,0.03127993408456564,0.028016388141255975
239,24,0.0017500591791940205,0.00023796104037136347,0.005412258475553779,0.08392417160315964,0.013743482958062662,0.18901647274671307,0,False,43,0,0,0,0,5522,5571,5163,5622,5669,5241,5671,5482,5411,5627,4571,5173,5653,4839,5606,5582,5418,5634,5152,4915,5756,4988,4581,5592,0.0008579674780708595,0.0018186740931711404,0.0008364476037972177,0.0008068811523446454,0.0008682754361929931,0.0007777057409809627,0.0008507864585479305,0.0017207762920507966,0.001948475654161437,0.001948475654161437,0.0011257789653417473,0.002177485849085456,0.002177485849085456,0.0015476347125371209,0.0015476347125371209,0.0013462850263494105,0.004602526466410013,0.005412258475553779,0.004602526466410013,0.0012033074434914053,0.0012033074434914053,0.0015649685087751573,0.00023796104037136347,0.0008177937777376207,0.10166060941893226,0.05995247060210171,0.018309231581375138,0.11992534566766638,0.18901647274671307,0.03997339291484992,0.10416127871731906,0.07641494147288337,0.1303505955152359,0.1303505955152359,0.020834868982507648,0.09728903453430367,0.09728903453430367,0.10796633759735001,0.10796633759735001,0.058525321391860174,0.056432502906985905,0.09912507285899508,0.056432502906985905,0.09192945318421793,0.09192945318421793,0.013743482958062662,0.028673272910851838,0.11592850877552636
240,24,0.0017179967763463783,0.00022691660704649764,0.005263915344759616,0.08168245222921465,0.012598192711557439,0.1732651000178203,1,False,44,0,0,0,0,5522,5571,5163,5622,5669,5241,5671,5482,5411,5627,4571,5173,5653,4839,5606,5775,5582,5418,5634,5152,4915,5756,4988,4581,0.0008350445047433929,0.001749525140312558,0.0007953136821942917,0.0007893509550576007,0.0008660092116073778,0.000743961230084456,0.0008286355348288693,0.0016630000414032493,0.0019117174600130804,0.0019117174600130804,0.0010711741106996804,0.00211671490424426,0.00211671490424426,0.0015089481057443423,0.0015089481057443423,0.0013279665776081773,0.0013279665776081773,0.00442316788325822,0.005263915344759616,0.00442316788325822,0.0011679699679028976,0.0011679699679028976,0.001486106472033536,0.00022691660704649764,0.09318889196735457,0.0549564313852599,0.01678346228292721,0.10993156686202751,0.1732651000178203,0.036642276838612424,0.09548117215754247,0.07004702968347642,0.11948804588896624,0.11948804588896624,0.01909862990063201,0.08918161498977836,0.08918161498977836,0.09896914279757084,0.09896914279757084,0.13698154460920517,0.13698154460920517,0.05172979433140375,0.09086465012074549,0.05172979433140375,0.08426866541886643,0.08426866541886643,0.012598192711557439,0.026283833501614184
241,24,0.0017938973439867289,0.00021624000642024048,0.005107806582461799,0.08614780402534117,0.011548343318927652,0.1841039362901919,2,False,44,0,0,0,0,5571,5163,5787,5622,5669,5241,5671,5482,5411,5627,4571,5173,5653,4839,5606,5775,5418,5634,5803,5152,4915,5756,4988,4581,0.001680651870838464,0.0007558795012074219,0.0007899024500471923,0.0007899024500471923,0.0008599465713497515,0.0007110171838925586,0.0008051015573058459,0.0016042996780563585,0.0018699546752742157,0.0018699546752742157,0.001018722280429227,0.002052972755937236,0.002052972755937236,0.0014675256592858509,0.0014675256592858509,0.0013053364761686486,0.00424520339101764,0.005107806582461799,0.00435468681861604,0.00435468681861604,0.0011312403041515318,0.0011312403041515318,0.0014107658299094088,0.00021624000642024048,0.05037672876982157,0.015384840426016608,0.1841039362901919,0.1841039362901919,0.15882634168300194,0.03358875376872805,0.08752440781108059,0.06420977720985338,0.10953070873155238,0.10953070873155238,0.017507077408912674,0.08174981374063016,0.08174981374063016,0.0907217142311066,0.0907217142311066,0.1255664158917714,0.0474189781371201,0.0832925959440167,0.13075231147045344,0.13075231147045344,0.0772462766339609,0.0772462766339609,0.011548343318927652,0.024093514043146334
242,24,0.0018820634011601698,0.00020593936708297337,0.004945826825419269,0.08795689807601209,0.010585981375683682,0.20318961884791564,3,False,46,0,0,0,0,5571,5163,5787,5622,5669,5241,5671,5482,5411,5627,4571,5173,5653,4839,5606,5775,5418,5634,5803,5152,5826,5756,4988,4581,0.0016124202797060461,0.0007181192185578223,0.0007867574853369391,0.0007867574853369391,0.0008504799075172942,0.0006789510296699536,0.0007804945914605514,0.001545142982094026,0.0018240100059823828,0.0018240100059823828,0.0009684070469475056,0.0019870096682318497,0.0019870096682318497,0.0014239471267199935,0.0014239471267199935,0.0012789961483006425,0.004069482659400474,0.004945826825419269,0.00438321667692168,0.0042730159654389725,0.00438321667692168,0.0010935127265330022,0.001338850953329854,0.00020593936708297337,0.046178668039003105,0.014102770390515223,0.16876194159934257,0.16876194159934257,0.14559081320941844,0.03078969095466738,0.0802307071601572,0.058858962442365596,0.10040314967058968,0.10040314967058968,0.016048154291503285,0.0749373292622443,0.0749373292622443,0.08316157137851438,0.08316157137851438,0.11510254790079044,0.043467396625693426,0.0763515462820153,0.20318961884791564,0.11985628551458231,0.20318961884791564,0.07080908691446415,0.010585981375683682,0.022085721206217473
243,24,0.0018327620432465417,0.00019601913505019774,0.004779682407833253,0.08062715656967774,0.009703816261043375,0.18625715061058934,4,False,47,0,0,0,0,5571,5163,5787,5622,5669,5241,5671,5482,5411,5627,4571,5173,5653,4839,5606,5775,5418,5634,5803,5152,5826,5756,4988,4581,0.0015451408586197974,0.0006820003177757404,0.000780264889806755,0.000780264889806755,0.0008380050611417745,0.000647822936268867,0.0007550955379443029,0.001485938939506991,0.0017746513840989594,0.0017746513840989594,0.0009202008077517321,0.0019194998639494036,0.0019194998639494036,0.0013787400388132465,0.0013787400388132465,0.0012495198113624529,0.0038967201842654907,0.004779682407833253,0.004389165893469555,0.004180100106616708,0.004389165893469555,0.0010551392456238384,0.0012702595478800121,0.00019601913505019774,0.04233044570241951,0.012927539524638954,0.154698446466064,0.154698446466064,0.1334582454419669,0.028223883375111766,0.07354481489681076,0.053954048905501796,0.09203622053137386,0.09203622053137386,0.014710808100544677,0.06869255182372394,0.06869255182372394,0.07623144043030484,0.07623144043030484,0.1055106689090579,0.039845113573552304,0.0699889174251807,0.18625715061058934,0.10986826172170044,0.18625715061058934,0.06490832967159213,0.009703816261043375,0.020245244439032684
244,24,0.0016202339495304833,0.00019128992951305467,0.004610894736564312,0.08090179216765826,0.008895164905956427,0.17073572139304022,5,False,47,0,0,0,0,5571,5163,5787,5622,5669,5241,5671,5482,5411,5627,4571,5173,5653,4839,5606,5775,5418,5634,5803,5826,5877,4988,5879,4581,0.0014790736291441545,0.000647484902238669,0.0007707837063798827,0.0007707837063798827,0.0008229119846497936,0.0006176779206618771,0.0007291562792685917,0.0014270415125092065,0.0017225867894411692,0.0017225867894411692,0.0008740667522801341,0.0018510432220316473,0.0018510432220316473,0.0013323794087941718,0.0013323794087941718,0.0012174475900298847,0.0037275082708548317,0.004610894736564312,0.004374327965805534,0.004374327965805534,0.001042644729527479,0.0012048844370717454,0.00019128992951305467,0.00019128992951305467,0.03880290856055122,0.011850244564252373,0.14180690926055867,0.14180690926055867,0.12233672498846966,0.02587189309385245,0.06741608032207654,0.04945787816337664,0.0843665354870927,0.0843665354870927,0.013484907425499288,0.06296817250508027,0.06296817250508027,0.06987882039444611,0.06987882039444611,0.09671811316663641,0.036524687442422946,0.06415650763974896,0.17073572139304022,0.17073572139304022,0.1428326355322928,0.008895164905956427,0.10189147406911331,0.10189147406911331
245,24,0.00156604909019933,0.0001861911295351068,0.004440807064457183,0.07963627820516338,0.00815390116379339,0.15650774461028685,6,False,47,0,0,0,0,5571,5881,5787,5622,5669,5241,5671,5482,5411,5627,5890,4571,5173,5653,4839,5606,5775,5418,5634,5803,5826,4988,5879,4581,0.0014144331035007513,0.0006303795191930482,0.0007586733433132244,0.0007586733433132244,0.0008055774144642895,0.0005885477887187413,0.0007029004490619462,0.0013687537558668248,0.001668461583674384,0.001668461583674384,0.000851365199770854,0.000851365199770854,0.0017821682608918595,0.0017821682608918595,0.0012852886936225972,0.0012852886936225972,0.0011832808945311983,0.003562329644531977,0.004440807064457183,0.004340628509534881,0.004340628509534881,0.0011426150897721453,0.0001861911295351068,0.0001861911295351068,0.03556933284717195,0.09419605751723135,0.12998966682217877,0.12998966682217877,0.11214199790609719,0.02371590200269808,0.061798073628570156,0.04533638831642859,0.07733599086316831,0.07733599086316831,0.09569449847337436,0.09569449847337436,0.05772082479632358,0.05772082479632358,0.0640555853615756,0.0640555853615756,0.08865827040275004,0.0334809634888877,0.05881013200310321,0.15650774461028685,0.15650774461028685,0.00815390116379339,0.0934005178966872,0.0934005178966872
246,24,0.0014800378443377664,0.00018079774253724,0.004290058030989252,0.08320031329939225,0.02173957683580657,0.16895047473862995,7,False,49,0,0,0,0,5571,5881,5787,5622,5669,5241,5671,5482,5411,5627,5890,4571,5173,5653,4839,5606,5775,5418,5634,5803,5826,5926,5879,4581,0.001351393075733634,0.0006122557649733652,0.0007442856462453051,0.0007442856462453051,0.0007863593629530899,0.0005604529076996665,0.0006765246605964508,0.0013113320984240665,0.00161285786541011,0.00161285786541011,0.0008272351065332825,0.0008272351065332825,0.0017133360338890582,0.0017133360338890582,0.001237841697860639,0.001237841697860639,0.0011474796959249252,0.003401569489545875,0.004270593702561259,0.004290058030989252,0.004290058030989252,0.00018546050065076472,0.00018546050065076472,0.00018079774253724,0.03260522177657429,0.08634638605746207,0.11915719458699721,0.11915719458699721,0.10279683141392242,0.02173957683580657,0.056648234159522644,0.0415583559567262,0.07089132495790428,0.07089132495790428,0.0877199569339265,0.0877199569339265,0.052910756063296614,0.052910756063296614,0.058717619914777634,0.058717619914777634,0.08127008120252087,0.030690883198147053,0.05390928766951128,0.14346543255942962,0.14346543255942962,0.16895047473862995,0.16895047473862995,0.0856171414052966
247,24,0.001469409550251573,0.00018393972930226435,0.004224615747276481,0.08342675296668395,0.028133309598301463,0.15487126851041078,8,False,49,0,0,0,0,5571,5881,5787,5622,5669,5241,5671,5934,5482,5411,5627,5890,4571,5173,5653,4839,5606,5775,5418,5634,5803,5826,5879,5933,0.0012900911746432844,0.0005933470898020712,0.0007279587512913975,0.0007279587512913975,0.0007655932076610785,0.0005471602507248556,0.0006669686600201662,0.0006669686600201662,0.00125499064915845,0.001556295404746538,0.001556295404746538,0.0008019955808246202,0.0008019955808246202,0.0016449446270513344,0.0016449446270513344,0.0011903651534197256,0.0011903651534197256,0.0011104613513294754,0.0032455267809385364,0.004101270872492353,0.004224615747276481,0.004224615747276481,0.00018393972930226435,0.0005471602507248556,0.029888119961859763,0.0791508538860069,0.10922742837141411,0.10922742837141411,0.09423042879609554,0.10326127876615604,0.13526088131289576,0.13526088131289576,0.03809515962699902,0.06498371454474558,0.06498371454474558,0.08040996052276594,0.08040996052276594,0.04850152639135523,0.04850152639135523,0.053824484921879495,0.053824484921879495,0.07449757443564413,0.028133309598301463,0.04941684703038534,0.13150997984614382,0.13150997984614382,0.15487126851041078,0.10326127876615604
248,24,0.001622412028920388,0.00018171342993743463,0.004253195947138326,0.10347832084949116,0.02578886713177634,0.20732247453682112,9,False,51,0,0,0,0,5571,5881,5241,5671,5934,5958,5482,5411,5627,5890,5964,4571,5965,5173,5653,4839,5606,5775,5418,5634,5803,5826,5879,5973,0.0012306331331476139,0.0005738646411647211,0.0005327801626018359,0.0006721866377210216,0.0006552868467259643,0.0006721866377210216,0.0011999054213615763,0.001499233770717268,0.001499233770717268,0.0007759357934923414,0.0007959471103700145,0.0007959471103700145,0.0016180133151051756,0.0016180133151051756,0.001577334007725302,0.0011431417531632012,0.0011431417531632012,0.001072600661199017,0.003094424826355606,0.003933708548055791,0.004146264153892097,0.004253195947138326,0.00018171342993743463,0.004253195947138326,0.02739744329837145,0.07255494939550632,0.0946561722023097,0.20732247453682112,0.12398914120348778,0.20732247453682112,0.034920562991415764,0.059568404999350115,0.059568404999350115,0.0737091304792021,0.15704246381253545,0.15704246381253545,0.1277930658587423,0.1277930658587423,0.04445973252540896,0.04933911117838954,0.04933911117838954,0.06828944323267379,0.02578886713177634,0.04529877644451989,0.12055081485896517,0.2038841481922985,0.14196532946787654,0.2038841481922985
249,24,0.0016053848814371547,0.0005175291351184793,0.004369657081432582,0.1971785764272798,0.025114323023507162,0.27337893499208604,0,False,52,0,0,0,0,5571,5881,5241,5671,5979,5958,5890,5964,5965,5173,5989,5803,5997,5973,5934,5981,4571,5987,5985,5993,5826,5999,5980,5986,0.001173096747215343,0.000553997458975683,0.0005175291351184793,0.000691257866906981,0.000691257866906981,0.000691257866906981,0.000768639881494657,0.0008070830521203539,0.0015863525440544786,0.001627264438704806,0.001627264438704806,0.0040568936083043,0.004369657081432582,0.004369657081432582,0.0006583317088690376,0.000691257866906981,0.0008070830521203539,0.0008070830521203539,0.000768639881494657,0.0010609036008467577,0.004369657081432582,0.004369657081432582,0.0006583317088690376,0.0008070830521203539,0.025114323023507162,0.06650870361254746,0.08676815785211721,0.27337893499208604,0.27337893499208604,0.27337893499208604,0.15090003627260196,0.22728892516149082,0.11714364370384711,0.20047697703718045,0.20047697703718045,0.11050491362071807,0.2702271358429403,0.2702271358429403,0.19699004610319715,0.27337893499208604,0.22728892516149082,0.22728892516149082,0.15090003627260196,0.14593198962995096,0.2702271358429403,0.2702271358429403,0.19699004610319715,0.22728892516149082
250,24,0.0013335437773256892,0.0005016052150186627,0.004573508165171371,0.23907202563285887,0.02302146277154823,0.33393069040941226,0,False,52,0,0,0,0,5241,5671,5979,5958,5981,5986,6018,6017,5973,5934,5987,5985,6021,5999,6003,5980,6023,5881,6004,5989,5571,5890,5173,6010,0.0005016052150186627,0.0007241450774562818,0.0007241450774562818,0.0007059389725259575,0.0007059389725259575,0.0008346361900320365,0.0007780540191054585,0.0008346361900320365,0.00445852323722393,0.000658081522676265,0.0008346361900320365,0.0007780540191054585,0.004573508165171371,0.004573508165171371,0.0007241450774562818,0.000658081522676265,0.0008346361900320365,0.0005339131256728687,0.0007241450774562818,0.0016702275425364186,0.001117535511920879,0.0007584925616651163,0.0016282354903308697,0.0016702275425364186,0.07953747803110744,0.33393069040941226,0.33393069040941226,0.2505973570760789,0.2505973570760789,0.2916815147313666,0.22165836658321847,0.2916815147313666,0.24770820785602857,0.18057420892793072,0.2916815147313666,0.22165836658321847,0.3310415411893619,0.3310415411893619,0.33393069040941226,0.18057420892793072,0.2916815147313666,0.06096631164483517,0.33393069040941226,0.26710389561741543,0.02302146277154823,0.13832503324988513,0.18377056228408206,0.26710389561741543
251,24,0.0015628174562081181,0.0004977005803211473,0.004869105537543436,0.305520783946073,0.15624268819518183,0.38943646620862793,1,False,52,0,0,0,0,5241,5671,5979,5958,6033,6028,6023,6035,6021,5973,5934,6026,5981,6017,5999,6024,6003,6038,6039,6032,6042,6027,5980,6036,0.0004977005803211473,0.0007521740245527563,0.0007715725274684855,0.0007348208025429717,0.000671701284133347,0.0007348208025429717,0.0008567431843302788,0.0008033481880860548,0.004869105537543436,0.004637179152170156,0.000671701284133347,0.0007715725274684855,0.0007348208025429717,0.0008567431843302788,0.0047466888435782825,0.0004977005803211473,0.0007715725274684855,0.0007715725274684855,0.000671701284133347,0.004637179152170156,0.0007715725274684855,0.0007348208025429717,0.000671701284133347,0.004869105537543436,0.15624268819518183,0.30610313287529456,0.38943646620862793,0.313047577319739,0.24885969151726983,0.313047577319739,0.26737472183708605,0.2865201693679503,0.38678807942358173,0.3103991905346929,0.24885969151726983,0.38943646620862793,0.313047577319739,0.26737472183708605,0.3034547460902484,0.15624268819518183,0.38943646620862793,0.38943646620862793,0.24885969151726983,0.3103991905346929,0.38943646620862793,0.313047577319739,0.24885969151726983,0.38678807942358173
252,24,0.0018306080584143461,0.0004918656036800101,0.005265384307117848,0.3353151140791037,0.14322246417891668,0.44031676069124226,2,False,52,0,0,0,0,5241,5671,5979,5958,6053,6028,6059,6023,6035,6062,6021,5973,6064,5934,6026,6033,6070,6066,6017,5999,6058,6050,6056,6032,0.0004918656036800101,0.0007752219514644522,0.0008349871643083382,0.0007588115166554341,0.0007783811999173384,0.0007783811999173384,0.0008349871643083382,0.0008734687287056601,0.000823435193869392,0.005014582277764599,0.005265384307117848,0.004785024755640926,0.0008349871643083382,0.0006988421454611057,0.0008349871643083382,0.000681272194596162,0.0006988421454611057,0.0006988421454611057,0.0008734687287056601,0.005014582277764599,0.0006988421454611057,0.0008349871643083382,0.005265384307117848,0.004785024755640926,0.14322246417891668,0.28059453846902,0.44031676069124226,0.2869602792097607,0.370293612543094,0.370293612543094,0.44031676069124226,0.24509349501732886,0.26264348858728775,0.3615001839160611,0.43788907280494993,0.2845325913234685,0.44031676069124226,0.311454717224164,0.44031676069124226,0.22812138389083067,0.311454717224164,0.311454717224164,0.24509349501732886,0.3615001839160611,0.311454717224164,0.44031676069124226,0.43788907280494993,0.2845325913234685
253,24,0.0019528881186471562,0.0004843295249268464,0.005775997846787255,0.353891163448469,0.13128725883067363,0.4869570306336387,3,False,52,0,0,0,0,5241,5671,6073,5958,6078,6053,6077,6059,6023,6035,6062,6081,6094,5973,6085,6064,5979,6026,6033,6087,6028,6017,6091,5999,0.0004843295249268464,0.0008137467799731899,0.0008137467799731899,0.0007778808072740164,0.0009165835481338878,0.000816786158558079,0.000837851002811026,0.0009165835481338878,0.0008849805309427325,0.0008383987231810566,0.005384427841386555,0.005384427841386555,0.005775997846787255,0.004901940338138755,0.0007399395208397843,0.0008935392483461262,0.0008935392483461262,0.0008935392483461262,0.0007046945467598449,0.0007046945467598449,0.000837851002811026,0.0008849805309427325,0.005384427841386555,0.005384427841386555,0.13128725883067363,0.3405449935966016,0.3405449935966016,0.2630469226089473,0.4869570306336387,0.33943581149783614,0.42276914483116945,0.4869570306336387,0.22466903709921812,0.24075653120501375,0.41470850192305597,0.41470850192305597,0.4847316500712041,0.26082154204651276,0.368833490788817,0.4036236973003054,0.4036236973003054,0.4036236973003054,0.2924446018999281,0.2924446018999281,0.42276914483116945,0.22466903709921812,0.41470850192305597,0.41470850192305597
254,24,0.0020557922679385688,0.00048757567432998244,0.0062584041082664145,0.33429579360763967,0.2036799872614508,0.4533217225252799,4,False,53,0,0,0,0,6096,5241,5671,6073,5958,6078,6053,6077,6059,6105,6035,6062,6081,6094,5973,6111,6064,6087,6028,6023,6017,6117,6091,5999,0.00048757567432998244,0.00048757567432998244,0.000846811238658013,0.000846811238658013,0.0007921060207153656,0.0009937550271808461,0.000849710090812732,0.0008922079507207692,0.0009937550271808461,0.0008702976843636792,0.0008702976843636792,0.005720820724726463,0.005720820724726463,0.0062584041082664145,0.004988472449081216,0.0009708283492484854,0.0009708283492484854,0.000723514402876997,0.0008922079507207692,0.0008915292292416892,0.0009145216908109197,0.0009145216908109197,0.005720820724726463,0.005720820724726463,0.2036799872614508,0.2036799872614508,0.31216624413021815,0.31216624413021815,0.24112634572486835,0.4463772780808355,0.31114949387301644,0.38753838276190533,0.4463772780808355,0.3040268202712626,0.3040268202712626,0.38014946009613465,0.38014946009613465,0.44433734589860374,0.23908641354263668,0.4533217225252799,0.4533217225252799,0.2680742184082674,0.38753838276190533,0.20594661734094993,0.28927995067428325,0.28927995067428325,0.38014946009613465,0.38014946009613465
255,24,0.0019410403286996948,0.0004883045103766477,0.006704810551145725,0.31919873211130995,0.18670665498966324,0.43180367175479006,5,False,53,0,0,0,0,6096,5241,5671,6073,5958,6137,6053,6077,6059,6129,6105,6035,6062,6143,6111,6064,6126,6028,6023,6017,6117,6081,6094,5973,0.0004883045103766477,0.0004883045103766477,0.0008742424222326325,0.0008742424222326325,0.000801654241959053,0.0007568109325158048,0.0008996027684511293,0.0009407621163249435,0.0010652471727350084,0.0009195628432867051,0.0009195628432867051,0.0008964436395026875,0.006019678007344644,0.006174924981536101,0.0010426972833121981,0.0010426972833121981,0.0008996027684511293,0.0009407621163249435,0.0008934289295333106,0.0009381133670792716,0.0009381133670792716,0.006019678007344644,0.006704810551145725,0.005045720803048645,0.18670665498966324,0.18670665498966324,0.28615239045269997,0.28615239045269997,0.2210324835811293,0.32906803354091174,0.3685537027169318,0.35524351753174654,0.40917917157409917,0.3620245852486573,0.3620245852486573,0.278691251915324,0.34847033842145675,0.43180367175479006,0.4155449123148399,0.4155449123148399,0.3685537027169318,0.35524351753174654,0.1887843992292041,0.265173288118093,0.265173288118093,0.34847033842145675,0.40730923374038674,0.21916254574741695
256,24,0.0020222632432669156,0.00048671503272918615,0.0071089461014307576,0.2925988377687008,0.17114776707385795,0.3958200324418909,6,False,53,0,0,0,0,6096,5241,5671,6073,5958,6137,6053,6077,6059,6129,6105,6035,6062,6143,6111,6064,6126,6028,6023,6017,6117,6081,6094,5973,0.00048671503272918615,0.00048671503272918615,0.0008960097705380001,0.0008960097705380001,0.0008067641747556367,0.0007850343120498919,0.0009435288142170756,0.0009830262572108979,0.0011300471513973297,0.0009627013469129957,0.0009627013469129957,0.0009168457289022662,0.006278192846127012,0.006592193777662554,0.001108099508765578,0.001108099508765578,0.0009435288142170756,0.0009830262572108979,0.000891039132312268,0.0009558378831043116,0.0009558378831043116,0.006278192846127012,0.0071089461014307576,0.005075224540685159,0.17114776707385795,0.17114776707385795,0.262306357914975,0.262306357914975,0.20261310994936854,0.3016456974125024,0.33784089415718743,0.32563989107076763,0.37508090727625754,0.3318558698112692,0.3318558698112692,0.25546698092238035,0.319431143553002,0.3958200324418909,0.3809161696219366,0.3809161696219366,0.33784089415718743,0.32563989107076763,0.17305236596010373,0.2430755141082519,0.2430755141082519,0.319431143553002,0.3733667975953545,0.20089900026846552
257,24,0.0020854537021003246,0.0004830211635937952,0.007466122021269524,0.2946515636103226,0.15688545315103644,0.43250648882010856,7,False,52,0,0,0,0,6168,5241,5671,6171,6183,6077,6059,6129,6105,6035,6062,6143,6096,6064,6137,6175,6028,6023,6017,6179,6117,6081,6094,5973,0.0004954782375480633,0.0004830211635937952,0.0009122059891075745,0.0009357317025220607,0.0011963145212204286,0.0010449795134393279,0.0011873942341123942,0.0009993829627330012,0.0009993829627330012,0.0009556588901874578,0.0064947679195271725,0.006967084827514678,0.0004954782375480633,0.0011963145212204286,0.0008080796224659621,0.0010449795134393279,0.0010187071444569343,0.0008847485464486767,0.0009678880364044077,0.0009556588901874578,0.0009678880364044077,0.0064947679195271725,0.007466122021269524,0.005078853436796467,0.24021878648436978,0.15688545315103644,0.2404474947553937,0.32378082808872705,0.43250648882010856,0.3818365668148703,0.34382416500323604,0.3042012139936634,0.3042012139936634,0.31751139917884863,0.29281188159025184,0.3628350297384,0.24021878648436978,0.43250648882010856,0.2765085559614605,0.3818365668148703,0.29850323348153696,0.15863133546342842,0.22281922126589757,0.31751139917884863,0.22281922126589757,0.29281188159025184,0.34225289779574164,0.18415741691276005
258,24,0.002376151072695237,0.0004774442348348362,0.007773205828770157,0.28125047386478313,0.14381166538845006,0.3964642814184328,0,False,53,0,0,0,0,6192,6168,5241,5671,6171,6183,6077,6059,6129,6105,6035,6062,6143,6096,6064,6137,6028,6023,6179,6117,6081,6094,6213,5973,0.0005142524757032564,0.0005142524757032564,0.0004774442348348362,0.0009230263999775542,0.0009691911414132436,0.0012774065717682625,0.001100089257011989,0.0012367762961074424,0.0010294572518710662,0.0010294572518710662,0.0009880942375852424,0.006668905815448735,0.007295580400317779,0.0005013233889431552,0.0012774065717682625,0.0008259655280708463,0.0010476895456071936,0.0008749610602448894,0.0009880942375852424,0.0009745451735813604,0.0068408963185542185,0.007773205828770157,0.0068408963185542185,0.005058707963392418,0.3035338876106723,0.3035338876106723,0.14381166538845006,0.22041020352577756,0.29679909241466645,0.3964642814184328,0.3500168529136311,0.3151721512529664,0.2788511128275248,0.2788511128275248,0.2910521159139446,0.26841089145773084,0.3325987772602,0.22020055427733895,0.3964642814184328,0.25346617629800544,0.2736279640247422,0.1454120575081427,0.2910521159139446,0.20425095282707276,0.35174422479106415,0.3137318229794298,0.35174422479106415,0.16881096550336339
259,24,0.003045349727602155,0.00047020670413907314,0.008235582015337426,0.2951760812531324,0.13182735993941255,0.4057655393918088,0,False,53,0,0,0,0,6192,6168,5241,5671,6171,6183,6077,6059,6105,6035,6238,6143,6096,6064,6222,6028,6235,6117,6062,6237,6081,6094,6213,5973,0.0005296287983472355,0.0005296287983472355,0.00047020670413907314,0.0009287480962547499,0.0009962891438422149,0.001350294962969863,0.001177432069079976,0.0012779152798585449,0.001052933732436587,0.0010140870834124398,0.007325395327213475,0.007575138525759776,0.0005044013942905469,0.001350294962969863,0.001177432069079976,0.0010700152676447563,0.001001333068612884,0.001001333068612884,0.006801071326066492,0.008235582015337426,0.007141223784610665,0.008235582015337426,0.007325395327213475,0.005017030641014154,0.2782393969764496,0.2782393969764496,0.13182735993941255,0.2020426865652961,0.27206583471344425,0.36342559130023006,0.40418211517082847,0.28890780531521915,0.2556135200918977,0.26679777292111584,0.4057655393918088,0.30488221248851666,0.2018505080875607,0.36342559130023006,0.40418211517082847,0.250825633689347,0.27056337342481673,0.27056337342481673,0.24604331716958658,0.37092083773114404,0.32243220605847545,0.37092083773114404,0.4057655393918088,0.15474338504474977
260,24,0.002522122838714978,0.0004734298116042861,0.007963801429299939,0.2984242471390024,0.1418481029576873,0.4552850777758247,0,False,53,0,0,0,0,6192,6168,5241,5671,6171,6183,6077,6059,6035,6238,6143,6096,6242,6064,6246,6222,6028,6249,6117,6062,6262,6213,5973,6252,0.0005416140263191725,0.0005416140263191725,0.0004734298116042861,0.000929709945160027,0.001017074440934148,0.0014141947957700403,0.0012794773552884183,0.001310744692459458,0.001060376750400451,0.00776357938957358,0.00780458461541654,0.0005179178339069047,0.0004734298116042861,0.0014141947957700403,0.0012794773552884183,0.0012473093551023493,0.0010858594178860333,0.001060376750400451,0.0010217935055812527,0.006892538865872048,0.007963801429299939,0.007963801429299939,0.004956129895995621,0.0005179178339069047,0.25505278056174546,0.25505278056174546,0.2041750799444615,0.18520579601818807,0.24939368182065721,0.3331401253585442,0.45383360557325947,0.26483215487228423,0.3278979585110229,0.3719517444424914,0.27947536144780694,0.26836296574693064,0.2041750799444615,0.3331401253585442,0.45383360557325947,0.3705002722399261,0.22992349754856808,0.3278979585110229,0.24801642563941534,0.22553970740545434,0.4552850777758247,0.4552850777758247,0.1418481029576873,0.26836296574693064
261,24,0.0026183624980130986,0.0004742032562419596,0.008558054400002287,0.2871655636390673,0.16977197968333907,0.4173446546278393,1,False,55,0,0,0,0,6192,6168,5241,6265,5671,6171,6183,6280,6249,6035,6238,6143,6096,6242,6064,6246,6222,6077,6059,6117,6062,6274,6262,6286,0.0005502850728348012,0.0005644768771798334,0.0004742032562419596,0.0005644768771798334,0.0009262941738971208,0.0010317207902204415,0.0014686077542534566,0.0011237586897699739,0.001099560444055441,0.001099560444055441,0.008150415130835446,0.008189867489566936,0.0005281749276222904,0.0004742032562419596,0.0014686077542534566,0.0013743921408653065,0.001308926769688087,0.0013743921408653065,0.0013353820257515198,0.0010361080462441261,0.006945235942201435,0.008189867489566936,0.008558054400002287,0.0050041280589209714,0.23379838218159998,0.31713171551493335,0.18716048994908968,0.31713171551493335,0.16977197968333907,0.2286108750022691,0.30537844824533217,0.29409653941952074,0.30057312863510427,0.30057312863510427,0.3409557657389504,0.33951908132715636,0.24599938526801973,0.18716048994908968,0.30537844824533217,0.4160141384421545,0.33962524955326556,0.4160141384421545,0.2427628086329272,0.22734839016946407,0.20674473178833314,0.33951908132715636,0.4173446546278393,0.21336076104454668
262,24,0.002686052459224419,0.00047271976585564043,0.009099436289214438,0.2736087686788678,0.15562431470972748,0.3825659334088527,0,False,55,0,0,0,0,6192,6168,5241,6265,5671,6171,6183,6280,6035,6238,6143,6096,6242,6064,6246,6222,6077,6059,6249,6062,6274,6262,6286,6289,0.0005557764236521464,0.0005986236317200249,0.00047271976585564043,0.0005835733262050717,0.0009189099999531541,0.0010405035050432656,0.0015133012637224383,0.0011543042092896502,0.0011314989464011765,0.008482561696906048,0.008520192567133617,0.0005352717603476956,0.00047271976585564043,0.0015133012637224383,0.001460791594842857,0.0013617607108545474,0.001460791594842857,0.0013520986236228512,0.0011314989464011765,0.006961591144711404,0.008520192567133617,0.009099436289214438,0.005025215792234277,0.0005986236317200249,0.21431518366646665,0.37403740588868895,0.1715637824533322,0.2907040725553556,0.15562431470972748,0.20955996875208,0.2799302442248878,0.269588494467894,0.27552536791551224,0.31254278526070456,0.31122582454989334,0.22549943649568474,0.1715637824533322,0.2799302442248878,0.38134629357197497,0.3113231454238268,0.38134629357197497,0.22253257458018327,0.27552536791551224,0.18951600413930536,0.31122582454989334,0.3825659334088527,0.19558069762416777,0.37403740588868895
263,24,0.0027512700405896325,0.0004691867800125663,0.009581276159688411,0.2500191148383062,0.1426556218172502,0.35068543895811494,1,False,56,0,0,0,0,6192,6168,5241,6265,6324,5671,6171,6183,6280,6035,6238,6143,6096,6242,6064,6246,6222,6077,6059,6249,6062,6274,6262,6286,0.0005582677229302425,0.0006288184763187467,0.0004691867800125663,0.0005988664460856703,0.00048128706641305344,0.0009079795417140868,0.0010437764882824758,0.001548279576883445,0.001177568749324029,0.001156224914460775,0.008758265250285384,0.008793874810631205,0.0005393581100578238,0.00048128706641305344,0.001548279576883445,0.0015376191190839999,0.0014055409607654783,0.0015376191190839999,0.001361289063476172,0.001156224914460775,0.006944392742829839,0.008793874810631205,0.009581276159688411,0.005021323507435301,0.19645558502759441,0.3428676220646315,0.15726680058222117,0.2664787331757426,0.24060013391555451,0.1426556218172502,0.19209663802274,0.25660272387281385,0.2471227865955695,0.25256492058921953,0.28649755315564585,0.28529033917073554,0.206707816787711,0.24060013391555451,0.25660272387281385,0.3495674357743104,0.2853795499718412,0.3495674357743104,0.203988193365168,0.25256492058921953,0.17372300379436323,0.28529033917073554,0.35068543895811494,0.17928230615548713
264,24,0.0026004157080084557,0.00046381912116039603,0.010256817383934,0.25265821768781016,0.13076765333247933,0.4047949857116053,2,False,56,0,0,0,0,6192,6168,5241,6265,6324,5671,6171,6183,6280,6035,6238,6358,6096,6242,6349,6064,6352,6077,6059,6249,6062,6143,6357,6339,0.0005579720302363131,0.0006547946989371151,0.00046381912116039603,0.0006261467311546059,0.0004870168214664969,0.0008939260687468332,0.0010419507368023783,0.001573750038314709,0.0011937667420549964,0.0011739173538397726,0.008977201003141968,0.010256817383934,0.0005406226442345467,0.0004995769430910697,0.0004995769430910697,0.001573750038314709,0.001477368344765557,0.001604144972697089,0.0013634416362235443,0.0011739173538397726,0.006896661854358882,0.009010653414931891,0.009243037385710615,0.0006261467311546059,0.18008428627529488,0.3142953202259122,0.14416123386703608,0.3276055054110974,0.22055012275592498,0.13076765333247933,0.1760885848541783,0.23521916355007935,0.2265292210459387,0.23151784387345123,0.262622757059342,0.4047949857116053,0.18948216538873508,0.3038834560892583,0.3038834560892583,0.23521916355007935,0.34493125414085446,0.32043681612645114,0.186989177251404,0.23151784387345123,0.15924608681149963,0.2615161442398409,0.3448494775731742,0.3276055054110974
265,24,0.002663113287041885,0.00045683285925672004,0.010867396027909792,0.23536494028790003,0.11987034888810605,0.3710620702356382,3,False,56,0,0,0,0,6192,6168,5241,6265,6324,5671,6171,6183,6280,6035,6238,6358,6096,6242,6349,6064,6352,6077,6059,6249,6062,6143,6381,6339,0.0005551251340963962,0.0006764090423571024,0.00045683285925672004,0.0006492313068744234,0.0004900549676098903,0.0008771645210938238,0.0010354749572751957,0.0015900873002034227,0.0012032271499419645,0.0011848749000359065,0.009140282332603356,0.010867396027909792,0.0005392819408961937,0.0005145648417256642,0.0005145648417256642,0.0015900873002034227,0.0015392872632984703,0.001659949716054573,0.0013591110494091045,0.0011848749000359065,0.0068215423620217866,0.009408031433751017,0.009408031433751017,0.0006492313068744234,0.1650772624190203,0.2881040435404195,0.13214779771144974,0.30030504662683927,0.20217094585959788,0.11987034888810605,0.1614145361163301,0.21561756658757272,0.20765178595877715,0.2122246902173303,0.24073752730439685,0.3710620702356382,0.1736919849396738,0.2785598347484868,0.2785598347484868,0.21561756658757272,0.3161869829624499,0.2937337481159135,0.17140674581378698,0.2122246902173303,0.145975579577208,0.32305646555318746,0.32305646555318746,0.30030504662683927
266,24,0.0028693807733126578,0.0004484403407043987,0.01140604295005981,0.22989528382118085,0.10988115314743054,0.340140231049335,4,False,56,0,0,0,0,6192,6168,5241,6265,6324,5671,6171,6183,6280,6403,6035,6238,6358,6096,6242,6349,6064,6352,6077,6059,6249,6394,6143,6381,0.0005499761524069773,0.0006936296955677119,0.0004484403407043987,0.0006680391113681807,0.0004905801117742579,0.0008580941379293764,0.001024818657803541,0.0015977977073597246,0.001206367056074175,0.001220166311708484,0.0011894894810636574,0.009487996566099716,0.01140604295005981,0.0005355706416717979,0.0005262564106635109,0.0005262564106635109,0.0015977977073597246,0.0015909408479486808,0.0017048964945133398,0.0013488940711463718,0.001220166311708484,0.009487996566099716,0.009742462408904317,0.009742462408904317,0.15132082388410192,0.26409537324538457,0.1211354812354956,0.27527962607460266,0.18532336703796473,0.10988115314743054,0.1479633247733026,0.19764943603860832,0.19034747046221237,0.27787263269921947,0.1945392993658861,0.30400940002903043,0.340140231049335,0.15921765286136766,0.25534651518611284,0.25534651518611284,0.19764943603860832,0.2898380677155791,0.26925593577292073,0.15712285032930473,0.27787263269921947,0.30400940002903043,0.29613509342375516,0.29613509342375516
267,24,0.0029340336246651065,0.0004388463046529454,0.011868151905082192,0.22858089419175273,0.10072439038514465,0.3380499133076178,0,False,56,0,0,0,0,6192,6168,5241,6265,6411,6324,5671,6171,6183,6280,6416,6417,6035,6238,6358,6096,6349,6352,6077,6059,6249,6394,6143,6381,0.0005427795240080549,0.0007065216463136274,0.0004388463046529454,0.0007001943317758252,0.0007001943317758252,0.000488793807605384,0.0008370929810935611,0.0010104578585315629,0.001597485508074604,0.001234709517819078,0.001234709517819078,0.0012798266563541901,0.0011882215206229759,0.00977299242054643,0.011868151905082192,0.0005297329057099603,0.0005347255788650825,0.0016322370704732658,0.0017390960025037714,0.0013334084936596163,0.0012476498742098458,0.00977299242054643,0.010012993406959624,0.010012993406959624,0.13871075522709342,0.24208742547493584,0.11104085779920429,0.33567299056838573,0.33567299056838573,0.16987975311813433,0.10072439038514465,0.1356330477088607,0.18117864970205763,0.2578185145903613,0.2578185145903613,0.3380499133076178,0.1783276910853956,0.27867528335994457,0.31179521179522374,0.14594951512292034,0.23406763892060342,0.2656848954059475,0.24681794112517733,0.14402927946852934,0.2547165799742845,0.27867528335994457,0.2714571689717756,0.2714571689717756
268,24,0.003006596613224749,0.000428244979853105,0.012251329669788081,0.2261467427745584,0.10178745298260393,0.3196669717078312,1,False,56,0,0,0,0,6192,6168,5241,6265,6411,6324,5671,6171,6183,6280,6450,6416,6417,6035,6238,6358,6096,6438,6352,6442,6249,6394,6143,6381,0.0005337883989822726,0.0007152307225605582,0.000428244979853105,0.0007276512461848697,0.0007276512461848697,0.00048491190930238494,0.0008355203595905921,0.000992863397189932,0.0015898220277944792,0.0012554489463432442,0.0018083317295332867,0.001287826865882103,0.0013308986158854605,0.0011815774626901445,0.009995370470600071,0.012251329669788081,0.0005220152231354577,0.0008355203595905921,0.0016633145448895347,0.001287826865882103,0.0012675049385661667,0.009995370470600071,0.0102201491331823,0.0102201491331823,0.12715152562483562,0.22191347335202452,0.10178745298260393,0.3077002413543536,0.3077002413543536,0.15572310702495645,0.17566402451971594,0.12433029373312231,0.16608042889355282,0.23633363837449786,0.30958311269807925,0.3196669717078312,0.30987908719864965,0.16346705016161261,0.2554523430799492,0.2858122774789551,0.13378705552934364,0.17566402451971594,0.24354448745545185,0.3196669717078312,0.23349019830976075,0.2554523430799492,0.2488357382241276,0.2488357382241276
269,24,0.003079752308040831,0.00041681803960781416,0.012555173626825107,0.21614701981702222,0.09330516523405359,0.3174979811566201,2,False,55,0,0,0,0,6192,6168,5241,6265,6462,5671,6171,6183,6280,6450,6416,6417,6035,6470,6358,6096,6324,6438,6352,6442,6249,6238,6143,6381,0.0005232493655205168,0.0007199674078164094,0.00041681803960781416,0.0007502833076678826,0.0008516403517491587,0.0008516403517491587,0.0009724916871765454,0.001575518493169151,0.0012688779179032947,0.001865559680702099,0.0013323402641535061,0.0013731311548232817,0.0011700900747687035,0.010418465382451924,0.012555173626825107,0.0005126605643484247,0.0004791571281587614,0.0008302288223615556,0.001684505041475047,0.0013323402641535061,0.0012800430014041997,0.010418465382451924,0.010365704041270988,0.010365704041270988,0.11655556515609931,0.20342068390602247,0.09330516523405359,0.2820585545748241,0.24435868914307296,0.24435868914307296,0.11396943592202878,0.1522403931524234,0.21663916850995638,0.2837845199732393,0.29302805739884524,0.2840558299320955,0.14984479598147823,0.3174979811566201,0.26199458768904216,0.12263813423523166,0.1427461814395434,0.16102535580973962,0.22324911350083085,0.29302805739884524,0.21403268178394735,0.3174979811566201,0.2280994267054503,0.2280994267054503
270,24,0.0031496246588839593,0.00040473328750142496,0.012781004044125601,0.20588626683616565,0.08552973479788245,0.3434691433088026,3,False,55,0,0,0,0,6192,6168,5241,6265,6462,5671,6171,6183,6280,6489,6417,6035,6470,6358,6096,6324,6438,6352,6498,6416,6249,6238,6143,6381,0.0005113984048252668,0.0007209912600661424,0.00040473328750142496,0.0007680830267244818,0.0008626868978233787,0.0008626868978233787,0.0009497777091002687,0.0015553028273919394,0.0012753956593479835,0.0019600195629925756,0.0014064939180785778,0.0011543017257107165,0.010772030716433479,0.012781004044125601,0.0005019037838320185,0.00047175282371141,0.0008215951916818008,0.0017400426199024256,0.0017400426199024256,0.0013681458456129582,0.0012856791310611754,0.010772030716433479,0.010452446571566056,0.010452446571566056,0.10684260139309103,0.18646896024718726,0.08552973479788245,0.25855367502692206,0.22399546504781687,0.22399546504781687,0.10447198292852637,0.1395536937230548,0.19858590446746,0.3434691433088026,0.26038451077108754,0.13735772964968837,0.29103981606023505,0.24016170538162196,0.11241828971562902,0.13085066631958145,0.14760657615892797,0.2879783540424283,0.2879783540424283,0.26860905261560813,0.1961966249686184,0.29103981606023505,0.20909114114666277,0.20909114114666277
271,24,0.0032008113423599833,0.0003921439494613944,0.01293157465863774,0.20160742257857134,0.07840225689805891,0.39818004803306906,4,False,55,0,0,0,0,6192,6168,5241,6265,6462,5671,6171,6183,6280,6489,6417,6035,6527,6358,6096,6324,6438,6498,6416,6249,6513,6470,6143,6381,0.0004984579382884305,0.000718596521646113,0.0003921439494613944,0.0007811453566768088,0.0008689066815999509,0.0008689066815999509,0.0009251299737373196,0.0015299004551583163,0.0012754809673954912,0.0020939767820561885,0.0014311470304222281,0.0011347506347404532,0.010754328878710044,0.01293157465863774,0.0004899681604470453,0.0004629179926337116,0.0008100012243903288,0.0017842794341103288,0.0013953374367880124,0.0012849049557167782,0.0020939767820561885,0.011055362092725084,0.010483948748931656,0.010754328878710044,0.0979390512770001,0.1709298802265883,0.07840225689805891,0.2370075354413452,0.20532917629383213,0.20532917629383213,0.09576598435114916,0.12792421924613356,0.18203707909517167,0.39818004803306906,0.23868580154016356,0.125911252178881,0.2750002127177742,0.22014822993315344,0.10305009890599326,0.11994644412628298,0.13530602814568396,0.2639801578722259,0.24622496489764079,0.17984690622123353,0.39818004803306906,0.2667864980552154,0.19166687938444088,0.2750002127177742
272,24,0.003281439427310845,0.000379188455757634,0.0130107807419394,0.19657438642092973,0.07186873548988733,0.3649983773636466,5,False,55,0,0,0,0,6192,6168,5241,6265,6462,5671,6171,6183,6280,6546,6489,6417,6035,6527,6358,6096,6438,6498,6416,6249,6513,6470,6143,6381,0.0004846348188591961,0.0007130992932633609,0.000379188455757634,0.0007896499516890796,0.0008706076005343832,0.0008706076005343832,0.0008989271772987283,0.0015000189509097193,0.0012696674536760507,0.0014506467223048525,0.0022145223811326402,0.0014474086379432701,0.0011119599458092955,0.01098772045415552,0.0130107807419394,0.00047706293630688044,0.0007958242897199406,0.0018173837858451918,0.0014506467223048525,0.0012782640951981613,0.0022145223811326402,0.011269330647542266,0.010464350757447316,0.01098772045415552,0.08977746367058342,0.15668572354103927,0.07186873548988733,0.21725690748789975,0.18821841160267944,0.18821841160267944,0.08778548565522007,0.11726386764228909,0.16686732250390734,0.3090395511561707,0.3649983773636466,0.21879531807848326,0.1154186478306409,0.2520835283246263,0.20180254410539064,0.09446259066382715,0.12403052580021029,0.24198181138287372,0.3090395511561707,0.16485966403613073,0.3649983773636466,0.24455428988394745,0.17569463943573746,0.2520835283246263
273,24,0.0033774421075303796,0.0003659906077308341,0.013023379220473958,0.19981348743862237,0.06587967419906338,0.4179151792500094,6,False,55,0,0,0,0,6192,6168,5241,6265,6462,5671,6171,6183,6280,6546,6489,6417,6035,6527,6358,6096,6498,6416,6249,6562,6572,6470,6143,6381,0.0004701191172365455,0.0007048264673640645,0.0003659906077308341,0.0007938434241975538,0.0008681412107544783,0.0008681412107544783,0.0008715162717776775,0.0014663362270269887,0.0012585216822711414,0.001496327250435849,0.0023801832967893445,0.0014557223001542476,0.0010864293876810289,0.011154349375213281,0.013023379220473958,0.000463381709266089,0.0018397316966909936,0.001496327250435849,0.0012663305619500817,0.0023801832967893445,0.0023801832967893445,0.011416129495062892,0.010398166848669758,0.011154349375213281,0.08229600836470147,0.14362857991261932,0.06587967419906338,0.19915216519724144,0.17253354396912282,0.17253354396912282,0.08047002851728506,0.10749187867209833,0.15296171229524838,0.2832862552264898,0.4179151792500094,0.2005623749052763,0.10580042717808749,0.23107656763090745,0.1849856654299414,0.08659070810850822,0.2218166604343009,0.2832862552264898,0.1511213586997865,0.4179151792500094,0.4179151792500094,0.22417476572695183,0.16105341948275934,0.23107656763090745
274,24,0.004351356143151963,0.00035266003679821067,0.013309348271464688,0.20676722741068265,0.06038970134914143,0.46642224764584195,7,False,55,0,0,0,0,6192,6168,5241,6265,6462,5671,6171,6183,6280,6546,6489,6417,6035,6527,6358,6096,6498,6586,6596,6470,6589,6143,6381,6590,0.00045508355994003293,0.0006941064762244887,0.00035266003679821067,0.0007940224487022721,0.0008618870233831315,0.0008618870233831315,0.0008432116879779687,0.0014294918772640125,0.0012426244701016738,0.001532352953274077,0.002596436306872307,0.0014566258270201616,0.0010586292261488758,0.011547393524915819,0.013309348271464688,0.0004491015362720942,0.0018518652824462893,0.002596436306872307,0.002596436306872307,0.011499014765990882,0.011547393524915819,0.01029011617956371,0.011257074547778183,0.013309348271464688,0.07543800766764301,0.1316595315865677,0.06038970134914143,0.18255615143080464,0.15815574863836257,0.15815574863836257,0.0737641928075113,0.09853422211609014,0.140214902937311,0.259679067290949,0.46642224764584195,0.18384884366316995,0.09698372491324686,0.29515352032833186,0.252903526644113,0.07937481576613253,0.20333193873144248,0.46642224764584195,0.46642224764584195,0.20549353524970584,0.29515352032833186,0.14763230119252937,0.2118201869949985,0.252903526644113
275,24,0.004370391540448884,0.00033929287646976297,0.013514288251919993,0.20201289859277236,0.05535722623671297,0.5108870603420218,8,False,56,0,0,0,0,6192,6168,5241,6265,6600,6462,5671,6171,6183,6280,6546,6489,6417,6035,6527,6620,6358,6096,6610,6596,6470,6143,6381,6590,0.00045102288673891535,0.0006812618066428732,0.00033929287646976297,0.0007905182981643923,0.00045102288673891535,0.0008522389087282992,0.0008522389087282992,0.0008142954717882435,0.0013900812528450605,0.0012225553913567883,0.0015589040770673463,0.0028710811829142846,0.0014507226729125243,0.0010289961915810907,0.011864781827681251,0.012170773522908454,0.013514288251919993,0.0004343826133257523,0.0028710811829142846,0.002798897849895947,0.011522054952696188,0.010144979968425972,0.0112996357364086,0.013514288251919993,0.1524848403620061,0.12068790395435372,0.05535722623671297,0.16734313881157092,0.1524848403620061,0.14497610291849902,0.14497610291849902,0.06761717674021869,0.09032303693974929,0.12853032769253508,0.2380391450167032,0.5108870603420218,0.1685281066912391,0.08890174783714296,0.2705573936343042,0.35389072696763757,0.23182823275710354,0.07276024778562148,0.5108870603420218,0.42755372700868843,0.18836907397889702,0.13532960942648525,0.19416850474541528,0.23182823275710354
276,24,0.004442270459790798,0.0003259725809276383,0.013641618857908431,0.19573547579783798,0.05074412405032022,0.4683131386468533,9,False,56,0,0,0,0,6192,6168,5241,6265,6600,6462,5671,6171,6183,6280,6546,6489,6417,6035,6527,6620,6358,6627,6610,6596,6470,6143,6381,6590,0.00044526624364290543,0.0006666031618000518,0.0003259725809276383,0.0008038942936490283,0.00044526624364290543,0.0008395936911482906,0.0008395936911482906,0.0007850181216141764,0.001348651843111332,0.0011988803605805852,0.0015763318049197162,0.003133745088864719,0.0014386565779535097,0.0009979310644436298,0.012107196987036365,0.012712732883334764,0.013641618857908431,0.0008038942936490283,0.003133745088864719,0.0029844778023913293,0.011489898377706479,0.009967484690718616,0.011286418428014202,0.013641618857908431,0.1397777703318389,0.11063057862482424,0.05074412405032022,0.23673121057727334,0.1397777703318389,0.1328947610086241,0.1328947610086241,0.06198241201186713,0.08279611719477017,0.11781946705149049,0.2182025495986446,0.4683131386468533,0.1544840978003025,0.08149326885071437,0.24801094416477884,0.32439983305366776,0.21250921336067824,0.23673121057727334,0.4683131386468533,0.39192424975796436,0.17267165114732225,0.12405214197427815,0.17798779601663067,0.21250921336067824
277,24,0.004494276437081698,0.0003127708356633696,0.013695838546139278,0.18928626176530208,0.04651544704612687,0.5126203770929488,10,False,56,0,0,0,0,6192,6168,5241,6265,6600,6462,5671,6171,6183,6280,6546,6489,6417,6035,6527,6620,6358,6627,6610,6666,6470,6143,6381,6590,0.00043802131172564294,0.0006504251064674347,0.0003127708356633696,0.0008125836704660083,0.00043802131172564294,0.0008243418879351069,0.0008243418879351069,0.0007555999438343021,0.001305701549715855,0.0011721420569685398,0.001585122779386559,0.0033798938000817683,0.001421089800027791,0.000965797616580678,0.01227679065056405,0.013169591728590327,0.013695838546139278,0.0008125836704660083,0.0034670609683108574,0.0034670609683108574,0.011407565119576836,0.00976220985981637,0.01122224087353311,0.013695838546139278,0.12812962280418566,0.10141136373942222,0.04651544704612687,0.21700360969583388,0.12812962280418566,0.12182019759123876,0.12182019759123876,0.0568172110108782,0.07589644076187266,0.10800117813053295,0.20001900379875753,0.4292870437596155,0.14161042298361062,0.07470216311315483,0.22734336548438058,0.29736651363252875,0.19480011224728838,0.21700360969583388,0.5126203770929488,0.5126203770929488,0.1582823468850454,0.11371446347642163,0.16315547968191144,0.19480011224728838
278,24,0.004519690991065475,0.0002997485164359032,0.01368223866428126,0.1735124066181936,0.04263915979228296,0.46990201233520307,11,False,56,0,0,0,0,6192,6168,5241,6265,6600,6462,5671,6171,6183,6280,6546,6489,6417,6035,6527,6620,6358,6627,6610,6666,6470,6143,6381,6590,0.00042949073465100245,0.0006330030087553221,0.0002997485164359032,0.0008168409792081574,0.00042949073465100245,0.000806860455577171,0.000806860455577171,0.0007262327717452692,0.001261678475166089,0.0011428528853024266,0.0015858652436827392,0.0036057466139252626,0.0013986850105255691,0.0009329226311540101,0.012376904281870379,0.013539957347462836,0.01368223866428126,0.0008168409792081574,0.003786086374649897,0.003786086374649897,0.011280266815383749,0.009533518177269775,0.011112167590157096,0.01368223866428126,0.11745215423717019,0.09296041676113703,0.04263915979228296,0.19891997555451438,0.11745215423717019,0.11166851445863553,0.11166851445863553,0.05208244342663835,0.06957173736504993,0.09900107995298853,0.1833507534821944,0.39351312344631423,0.12980955440164307,0.06847698285372526,0.20839808502734886,0.272585970829818,0.17856676956001435,0.19891997555451438,0.46990201233520307,0.46990201233520307,0.1450921513112916,0.10423825818671982,0.1495591897084188,0.17856676956001435
279,24,0.004520221881410393,0.00028695666226996293,0.013824451513348126,0.16542263958498596,0.039085896476259374,0.43074351130726946,12,False,56,0,0,0,0,6192,6168,5241,6265,6600,6462,5671,6171,6183,6280,6706,6489,6417,6035,6527,6620,6358,6697,6610,6666,6470,6143,6381,6590,0.0004198687202629572,0.0006304413356137895,0.00028695666226996293,0.0008169720568548647,0.0004198687202629572,0.0007875073499985411,0.0007875073499985411,0.0006970819204127768,0.0012169818867339942,0.0011114901370740792,0.0016199458921105604,0.0038083400424885013,0.0013720907289740453,0.0008995967548072184,0.012411796888770197,0.013824451513348126,0.013606644202399898,0.0006304413356137895,0.004085292724358021,0.004085292724358021,0.011113255454164157,0.00928550541317099,0.010961351137403548,0.013606644202399898,0.107664474717406,0.16854704869770895,0.039085896476259374,0.1823433109249715,0.107664474717406,0.1023628049204159,0.1023628049204159,0.047742239807751816,0.0637740925846291,0.09075098995690614,0.25140485735867824,0.36072036315912137,0.11899209153483947,0.06277056761591482,0.19103157794173645,0.2498704732606665,0.16368620543001317,0.16854704869770895,0.43074351130726946,0.43074351130726946,0.1330011387020173,0.09555173667115983,0.1370959238993839,0.16368620543001317
280,24,0.004235567968829154,0.0002744374363344196,0.0140254030111888,0.16712307528574097,0.03582873843657109,0.41399366622919453,13,False,56,0,0,0,0,6192,6168,5241,6265,6600,6462,5671,6171,6183,6280,6706,6489,6417,6035,6527,6620,6358,6697,6610,6666,6731,6470,6143,6590,0.00040933854740283446,0.0006252010832149945,0.0002744374363344196,0.0008133181385080617,0.00040933854740283446,0.0007666176771572467,0.0007666176771572467,0.0006682882743642537,0.001171964060676827,0.0010784930097355752,0.0016441998154406341,0.004088327323069168,0.0013419300372147923,0.0008660759685138977,0.012386390836634965,0.0140254030111888,0.013475186482315639,0.0006252010832149945,0.004360060334107032,0.004360060334107032,0.004088327323069168,0.010911700557075124,0.009021967211678526,0.013475186482315639,0.09869243515762217,0.1545014613062332,0.03582873843657109,0.1671480350145572,0.09869243515762217,0.09383257117704791,0.09383257117704791,0.043763719823772494,0.05845958486924334,0.0831884074604973,0.23045445257878838,0.41399366622919453,0.10907608390693618,0.05753968698125525,0.17511227977992508,0.22904793382227762,0.1500456883108454,0.1545014613062332,0.3948482186983303,0.3948482186983303,0.41399366622919453,0.12191771047684918,0.08758909194856318,0.1500456883108454
281,24,0.004231974094059971,0.00026222505537431857,0.014146528527624845,0.15319615234526257,0.0328430102335235,0.3794941940434283,14,False,56,0,0,0,0,6192,6168,5241,6265,6600,6462,5671,6171,6183,6280,6706,6489,6417,6035,6527,6620,6358,6697,6610,6666,6731,6470,6143,6590,0.00039807085711458757,0.000617570042016507,0.00026222505537431857,0.0008062418166772794,0.00039807085711458757,0.0007445012003570939,0.0007445012003570939,0.0006399704267527495,0.001126932755953629,0.0010442611548691586,0.001659052839693828,0.004342876526455409,0.0013087922318722972,0.0008325834963324234,0.012306043136202455,0.014146528527624845,0.013294110081470172,0.000617570042016507,0.004606758208455125,0.004606758208455125,0.004342876526455409,0.010680592944751663,0.008746380039596872,0.013294110081470172,0.09046806556115365,0.14162633953071377,0.0328430102335235,0.15321903209667742,0.09046806556115365,0.08601319024562724,0.08601319024562724,0.04011674317179145,0.05358795279680639,0.07625604017212252,0.21124991486388933,0.3794941940434283,0.09998641024802483,0.052744713066150646,0.16051958979826464,0.20996060600375446,0.13754188095160827,0.14162633953071377,0.3619442004734694,0.3619442004734694,0.3794941940434283,0.11175790127044508,0.08029000095284958,0.13754188095160827
282,24,0.004643852626669631,0.00025034667401519395,0.014558646497902278,0.14089900955108645,0.030106092714063205,0.3478696778731426,15,False,56,0,0,0,0,6192,6168,5241,6265,6600,6462,5671,6171,6183,6280,6706,6489,6417,6035,6527,6783,6358,6697,6610,6666,6470,6620,6143,6590,0.0003862226056695968,0.0006078361913230358,0.00025034667401519395,0.0007961150245272678,0.0003862226056695968,0.0007214409751329775,0.0007214409751329775,0.0006122268073689449,0.0010821541088903552,0.00100915445096053,0.0016650594721650345,0.004568910984055467,0.001273227033419891,0.0007993120023476018,0.012176346351297012,0.014558646497902278,0.013069613982689422,0.0006078361913230358,0.00482276172029224,0.00482276172029224,0.010424672537456983,0.014558646497902278,0.008461893647547769,0.013069613982689422,0.08292906009772417,0.12982414456982094,0.030106092714063205,0.1404507794219543,0.08292906009772417,0.07884542439182497,0.07884542439182497,0.03677368124080883,0.049122290063739193,0.06990137015777897,0.19364575529189854,0.3478696778731426,0.09165420939402276,0.04834932031063809,0.1471429573150759,0.27579722217010827,0.12608005753897425,0.12982414456982094,0.33178218376734697,0.33178218376734697,0.10244474283124132,0.27579722217010827,0.07359916754011211,0.12608005753897425
283,24,0.004857814263530886,0.00023882321483695087,0.015261620983100521,0.14272297150768876,0.02759725165455794,0.33614745365593257,16,False,56,0,0,0,0,6192,6168,5241,6265,6600,6462,5671,6171,6183,6280,6706,6489,6417,6035,6807,6527,6783,6358,6697,6610,6666,6620,6143,6590,0.000373936561643243,0.0005962813677339206,0.00023882321483695087,0.0007833090719127337,0.000373936561643243,0.000697692896857912,0.000697692896857912,0.0005851377527482858,0.0010378557791096718,0.0009734937283100864,0.0016628683416611335,0.0047643210697110375,0.0012357409608046536,0.0007664259544654835,0.015261620983100521,0.012002960683288221,0.015261620983100521,0.01280772529098768,0.0005962813677339206,0.0050064191121270375,0.0050064191121270375,0.014877920697515224,0.008171332645477139,0.01280772529098768,0.07601830508958049,0.11900546585566919,0.02759725165455794,0.1287465478034581,0.07601830508958049,0.07227497235917289,0.07227497235917289,0.033709207804074756,0.04502876589176093,0.06407625597796406,0.17750860901757365,0.3188805380503807,0.08401635861118753,0.04432021028475158,0.33614745365593257,0.13488104420548624,0.33614745365593257,0.11557338607739305,0.11900546585566919,0.3041336684534014,0.3041336684534014,0.25281412032259926,0.0674659035784361,0.11557338607739305
284,24,0.004893535571996948,0.00023354173191050164,0.015862186999879863,0.14116041947614447,0.03090010715373519,0.3081351658512715,17,False,55,0,0,0,0,6192,6168,5241,6818,6462,5671,6171,6183,6280,6706,6489,6828,6417,6035,6807,6527,6783,6358,6697,6610,6666,6620,6143,6590,0.0003613412383172517,0.0005831763589460513,0.00023354173191050164,0.00023354173191050164,0.0006734859664792415,0.0006734859664792415,0.0005587674848015862,0.0009942302117203535,0.0009375622085994797,0.0016531909325493428,0.004927912967610466,0.0012276607453376982,0.0012276607453376982,0.0007340640589355144,0.015862186999879863,0.011791476839769947,0.015862186999879863,0.012514202771457811,0.0005831763589460513,0.005156979003480118,0.005156979003480118,0.01510663556099008,0.00787720506965018,0.012514202771457811,0.06968344633211544,0.10908834370103009,0.10863081401667812,0.10863081401667812,0.06625205799590848,0.06625205799590848,0.03090010715373519,0.04127636873411418,0.05873656797980038,0.16271622493277585,0.2923071598795156,0.1603483287269219,0.1603483287269219,0.04062685942768895,0.3081351658512715,0.12364095718836239,0.3081351658512715,0.10594227057094363,0.10908834370103009,0.2787891960822846,0.2787891960822846,0.23174627696238265,0.06184374494689975,0.10594227057094363
285,24,0.004717095165768205,0.00022774621463583775,0.016357539502112606,0.12726982514191756,0.02832509822425726,0.2824572353636655,18,False,56,0,0,0,0,6192,6168,5241,6818,6462,5671,6171,6183,6847,6280,6706,6489,6828,6417,6035,6807,6527,6783,6358,6697,6610,6620,6143,6590,0.00034855116416240546,0.0005687772746474948,0.00022774621463583775,0.00022774621463583775,0.0006490231030961823,0.0006490231030961823,0.0005331659751472858,0.000975975412229941,0.000975975412229941,0.0009016074569903304,0.0016367742310463558,0.005059325024178452,0.0012146638223709098,0.0012146638223709098,0.0007023416913287216,0.016357539502112606,0.011547307922133593,0.016357539502112606,0.01219446683429749,0.0005687772746474948,0.005274490973347707,0.015248619104099121,0.007581716109222005,0.01219446683429749,0.06387649247110581,0.09999764839261091,0.09957824618195495,0.09957824618195495,0.060731053162916104,0.060731053162916104,0.02832509822425726,0.12117000467293801,0.12117000467293801,0.05384185398148368,0.14915653952171118,0.26794822988955597,0.1469859679996784,0.1469859679996784,0.03724128780871487,0.2824572353636655,0.11333754408933219,0.2824572353636655,0.09711374802336499,0.09999764839261091,0.2555567630754275,0.21243408721551743,0.0566900995346581,0.09711374802336499
286,24,0.004695462187753879,0.00022153209754278413,0.016747475767660083,0.1166640063800911,0.02596467337223582,0.2589191324166934,19,False,56,0,0,0,0,6192,6168,5241,6818,6462,5671,6171,6183,6847,6280,6706,6489,6828,6417,6035,6807,6527,6783,6358,6697,6610,6620,6143,6590,0.0003356674067179196,0.0005533230286433666,0.00022153209754278413,0.00022153209754278413,0.0006244823562954737,0.0006244823562954737,0.0005083706809307393,0.0009551044048028539,0.0009551044048028539,0.0008658436784958718,0.0016143775410749357,0.005158923010458282,0.0011973149096576484,0.0011973149096576484,0.0006713532682542121,0.016747475767660083,0.011275607683440386,0.016747475767660083,0.0118535523211192,0.0005533230286433666,0.005359690214076173,0.015308903803756347,0.007286785447445423,0.0118535523211192,0.058553451431846995,0.09166451102656,0.09128005900012537,0.09128005900012537,0.05567013206600643,0.05567013206600643,0.02596467337223582,0.11107250428352651,0.11107250428352651,0.04935503281636004,0.1367268278949019,0.24561921073209295,0.13473713733303852,0.13473713733303852,0.03413784715798863,0.2589191324166934,0.1038927487485545,0.2589191324166934,0.08902093568808457,0.09166451102656,0.23426036615247522,0.1947312466142243,0.051965924573436593,0.08902093568808457
287,24,0.004657415091635975,0.0002149872666969065,0.01703403364682314,0.11041422807063905,0.023800950591216168,0.23734253804863562,20,False,56,0,0,0,0,6192,6168,5241,6818,6462,5671,6171,6183,6847,6897,6706,6489,6828,6417,6035,6807,6527,6783,6358,6697,6610,6620,6143,6590,0.00032277827785137837,0.0005370337622798415,0.0002149872666969065,0.0002149872666969065,0.000600018394773504,0.000600018394773504,0.0004844081446751977,0.0009320399597559682,0.0009320399597559682,0.0008518715639726988,0.0015867534525161832,0.0052276842854489455,0.0011761716420555569,0.0011761716420555569,0.0006411745195480382,0.01703403364682314,0.010981212019346284,0.01703403364682314,0.011496080437007498,0.0005370337622798415,0.005413875609802583,0.015293407164595867,0.006994066942721378,0.011496080437007498,0.05367399714585974,0.08402580177434665,0.08367338741678158,0.08367338741678158,0.05103095439383922,0.05103095439383922,0.023800950591216168,0.10181646225989929,0.10181646225989929,0.12857544674833005,0.12533292557032674,0.2251509431710852,0.1235090425552853,0.1235090425552853,0.03129302656148957,0.23734253804863562,0.09523501968617495,0.23734253804863562,0.08160252438074418,0.08402580177434665,0.2147386689731023,0.17850364272970562,0.04763543085898354,0.08160252438074418
288,24,0.004603414800196632,0.00020819175252531275,0.017221104771634372,0.10121304239808582,0.021817538041948154,0.2175639932112493,21,False,56,0,0,0,0,6192,6168,5241,6818,6462,5671,6171,6183,6847,6897,6706,6489,6828,6417,6035,6807,6527,6783,6358,6697,6610,6620,6143,6590,0.0003099601604954875,0.0005201100447316401,0.00020819175252531275,0.00020819175252531275,0.0005757641698219306,0.0005757641698219306,0.0004612954559041635,0.0009071775356429328,0.0009071775356429328,0.0008353854571156932,0.0015546327491350873,0.005267079111538822,0.0011517738190162418,0.0011517738190162418,0.0006118646333032429,0.017221104771634372,0.010668600368826718,0.017221104771634372,0.011126246344779397,0.0005201100447316401,0.005438788697861974,0.015208642073952262,0.00670496962028207,0.011126246344779397,0.04920116405037143,0.07702365162648443,0.07670060513204978,0.07670060513204978,0.04677837486101928,0.04677837486101928,0.021817538041948154,0.09333175707157434,0.09333175707157434,0.1178608261859692,0.11488851510613284,0.20638836457349474,0.11321662234234486,0.11321662234234486,0.028685274348032107,0.2175639932112493,0.08729876804566038,0.2175639932112493,0.07480231401568216,0.07702365162648443,0.19684377989201043,0.16362833916889682,0.043665811620734914,0.07480231401568216
289,24,0.004535044573488078,0.00020121767010535416,0.017314047402584652,0.09277862219824533,0.019999409871785806,0.1994336604436452,22,False,56,0,0,0,0,6192,6168,5241,6818,6462,5671,6171,6183,6847,6897,6706,6489,6828,6417,6035,6807,6527,6783,6358,6697,6610,6620,6143,6590,0.00029727840810143914,0.000502732697521415,0.00020121767010535416,0.00020121767010535416,0.0005518326721725415,0.0005518326721725415,0.00043904157616780963,0.000880882414334232,0.000880882414334232,0.0008167635434262675,0.00151871291552557,0.005278955505256326,0.001124635279460429,0.001124635279460429,0.0005834682562537743,0.017314047402584652,0.010341873735515357,0.017314047402584652,0.01074781922579743,0.000502732697521415,0.005436499064239224,0.015061462872844761,0.006420679162431234,0.01074781922579743,0.04510106704617381,0.07060501399094406,0.07030888803771229,0.07030888803771229,0.04288017695593434,0.04288017695593434,0.019999409871785806,0.08555411064894315,0.08555411064894315,0.10803909067047177,0.10531447218062176,0.18918933419237016,0.10378190381381612,0.10378190381381612,0.02629483481902943,0.1994336604436452,0.08002387070852202,0.1994336604436452,0.06856878784770865,0.07060501399094406,0.18044013156767622,0.14999264423815542,0.04002699398567367,0.06856878784770865
290,24,0.004453932834137063,0.0001941293522658594,0.017319317482858868,0.08504707034839154,0.01833279238247032,0.18281418874000807,23,False,56,0,0,0,0,6192,6168,5241,6818,6462,5671,6171,6183,6847,6897,6706,6489,6828,6417,6035,6807,6527,6783,6358,6697,6610,6620,6143,6590,0.0002847882779974027,0.000485063106153103,0.0001941293522658594,0.0001941293522658594,0.0005283187182173338,0.0005283187182173338,0.00041764853193243626,0.0008534881564817004,0.0008534881564817004,0.0007963629313898326,0.0014796498294266948,0.005265432206521429,0.0010952380906385755,0.0010952380906385755,0.0005560173400142672,0.017319317482858868,0.010004746224596078,0.017319317482858868,0.010364151964108824,0.000485063106153103,0.005409299965189799,0.01485884969796491,0.006142179272808144,0.010364151964108824,0.04134264479232599,0.06472126282503204,0.06444981403456959,0.06444981403456959,0.03930682887627314,0.03930682887627314,0.01833279238247032,0.07842460142819789,0.07842460142819789,0.09903583311459911,0.09653826616556994,0.17342355634300596,0.09513341182933144,0.09513341182933144,0.02410359858411031,0.18281418874000807,0.07335521481614518,0.18281418874000807,0.06285472219373292,0.06472126282503204,0.16540345393703654,0.13749325721830913,0.0366914111535342,0.06285472219373292
291,24,0.004360492769821183,0.0001869836277871477,0.01724413077386775,0.08748354782505414,0.016805059683931124,0.16757967301167406,24,False,56,0,0,0,0,6192,6168,5241,6818,6462,5671,6171,6183,6847,6897,6706,6489,6828,6417,6035,6807,6527,6783,6358,6984,6610,6620,7006,6590,0.0002795645449380169,0.0004672438989986768,0.0001869836277871477,0.0001869836277871477,0.0005053007166845052,0.0005053007166845052,0.00039711248175768586,0.000825296123994516,0.000825296123994516,0.0007745162753085684,0.001438052195232271,0.0052288027421810036,0.0010640287193357278,0.0010640287193357278,0.0005295328298384804,0.01724413077386775,0.00966054726777538,0.01724413077386775,0.009978197989260846,0.0002795645449380169,0.005359616450149949,0.01460773107612587,0.0060216662666034955,0.009978197989260846,0.12123075772629882,0.059327824256279374,0.05907899619835546,0.05907899619835546,0.03603125980325038,0.03603125980325038,0.016805059683931124,0.07188921797584806,0.07188921797584806,0.09078284702171585,0.08849341065177245,0.15897159331442212,0.08720562751022048,0.08720562751022048,0.02209496536876778,0.16757967301167406,0.06724228024813309,0.16757967301167406,0.05761682867758851,0.12123075772629882,0.15161983277561683,0.12603548578345003,0.11696712689073968,0.05761682867758851
292,24,0.0042648824462247084,0.00017983020402832995,0.017096163987242455,0.08019325217296631,0.01540463804360353,0.15361470026070123,25,False,56,0,0,0,0,6192,6168,5241,6818,6462,5671,6171,6183,6847,6897,6706,6489,6828,6417,6035,6807,6527,6783,6358,6984,6610,6620,7006,6590,0.00027359077761251484,0.0004493998911552263,0.00017983020402832995,0.00017983020402832995,0.0004828423795455358,0.0004828423795455358,0.0003774246654686103,0.0007965758404810615,0.0007965758404810615,0.0007515296937256211,0.0013944782751389643,0.005171452210441083,0.0010314158574016117,0.0010314158574016117,0.0005040261971943765,0.017096163987242455,0.009312232036144763,0.017096163987242455,0.009592533190572535,0.00027359077761251484,0.005289927026748205,0.014314842910817058,0.005885961328790996,0.009592533190572535,0.11112819458244058,0.054383838901589425,0.05415574651515917,0.05415574651515917,0.03302865481964618,0.03302865481964618,0.01540463804360353,0.06589844981119405,0.06589844981119405,0.08321760976990619,0.08111895976412474,0.14572396053822026,0.07993849188436877,0.07993849188436877,0.0202537182547038,0.15361470026070123,0.061638756894121995,0.15361470026070123,0.052815426287789465,0.11112819458244058,0.1389848467109821,0.11553252863482918,0.10721986631651137,0.052815426287789465
293,24,0.003609499045411725,0.00017271212007533425,0.016883298759443263,0.07922067522968386,0.014120918206636569,0.15961614228908066,26,False,56,0,0,0,0,6192,6168,5241,6818,6462,5671,6171,6183,6847,6897,7041,6706,6489,6828,6417,6035,6807,6527,6783,6358,6984,6610,7006,6590,0.0002669881048272089,0.0004316392079124011,0.00017271212007533425,0.00017271212007533425,0.00046099435142682747,0.00046099435142682747,0.00035857224377838635,0.0007675659883668754,0.0007675659883668754,0.0007464486033926027,0.0007464486033926027,0.001349434496482445,0.005095787342906172,0.0009977695921032335,0.0009977695921032335,0.00047950082083630295,0.016883298759443263,0.008962397885359916,0.016883298759443263,0.009209381173652198,0.0002669881048272089,0.005202698959966601,0.005737628746064103,0.009209381173652198,0.10186751170057053,0.04985185232645697,0.049642767638895906,0.049642767638895906,0.030276266918009,0.030276266918009,0.014120918206636569,0.06040691232692788,0.06040691232692788,0.15961614228908066,0.15961614228908066,0.07435904645044768,0.13358029716003522,0.07327695089400471,0.07327695089400471,0.01856590840014515,0.1408134752389761,0.05650219381961183,0.1408134752389761,0.048414140763807005,0.10186751170057053,0.1274027761517336,0.09828487745680209,0.048414140763807005
294,24,0.0033442053605393083,0.00016566624274869877,0.016613409160043335,0.08822977677911527,0.012944175022750188,0.22964813043165727,27,False,56,0,0,0,0,6192,6168,5241,6818,6462,5671,6171,6183,7065,6897,7041,6706,6489,7069,6828,6417,6035,6807,6527,6783,6358,6984,7006,6590,0.0002598698389125171,0.00041405451812041145,0.00016566624274869877,0.00016566624274869877,0.0004397957403246372,0.0004397957403246372,0.00034053903715710183,0.00073847587009192,0.000757437837279925,0.000757437837279925,0.0007383947019013673,0.0013033755495240593,0.0050041796007402025,0.0009882682001795579,0.0009882682001795579,0.0009634216395774002,0.0004559532234243523,0.016613409160043335,0.008613305016778393,0.016613409160043335,0.008830640457324254,0.0002598698389125171,0.00557905454200234,0.008830640457324254,0.09337855239218965,0.04569753129925222,0.04550587033565458,0.04550587033565458,0.027753244674841582,0.027753244674841582,0.012944175022750188,0.05537300296635055,0.22964813043165727,0.22964813043165727,0.14631479709832393,0.0681624592462437,0.12244860573003229,0.15050387165283766,0.15050387165283766,0.06717053831950431,0.01701874936679972,0.12907901896906143,0.05179367766797751,0.12907901896906143,0.04437962903348975,0.09337855239218965,0.09009447100206858,0.04437962903348975
295,24,0.0029679943872329313,0.00025234065277247647,0.016294191123827573,0.11195914547634271,0.011865493770854338,0.2938441195623525,28,False,55,0,0,0,0,6192,6168,7084,6462,5671,6171,6183,7065,6897,7089,7090,6706,6489,7069,6828,6417,6035,6807,6527,6783,6358,6984,7041,7006,0.00025234065277247647,0.00039672432177890034,0.0004300886190432765,0.0004300886190432765,0.0004192755392179665,0.00032330617277486016,0.0007094871886933524,0.0007641076296124592,0.0007838138991686057,0.0007838138991686057,0.0007464790903340396,0.0012567056331414905,0.004898920502718995,0.000975113215416403,0.000975113215416403,0.0009286663923526042,0.000433374172304383,0.016294191123827573,0.008266899857037149,0.016294191123827573,0.00845791249996686,0.00025234065277247647,0.0007464790903340396,0.005412432182866585,0.08559700635950718,0.0418894036909812,0.10877380761860479,0.10877380761860479,0.02544047428527145,0.011865493770854338,0.050758586052488,0.21051078622901917,0.2938441195623525,0.2938441195623525,0.21745523067346362,0.062482254309056726,0.11224455525252959,0.1379618823484345,0.1379618823484345,0.061572993459545616,0.01560052025289974,0.11832243405497297,0.047477537862312715,0.11832243405497297,0.040681326614032266,0.08559700635950718,0.21745523067346362,0.08258659841856286
296,24,0.0028950164766806236,0.0002444961355446911,0.01593303064202345,0.10667899762126298,0.010876702623283142,0.26935710959882314,29,False,56,0,0,0,0,6192,6168,7084,6462,5671,6171,6183,7110,7065,6897,7089,7090,6706,6489,7069,6828,6417,6035,7122,6783,6358,6984,6807,7006,0.0002444961355446911,0.0003797142484287328,0.0004194324384937518,0.0004194324384937518,0.0003994539334853689,0.0003068526481563071,0.0006983126680773895,0.0006983126680773895,0.0007667153506098504,0.0008050622667073082,0.0008050622667073082,0.000750484989415243,0.001209780551980365,0.0047821880279750595,0.0009587593724994654,0.0009587593724994654,0.0008937625662980218,0.00041174965399439986,0.008129220883622092,0.01593303064202345,0.008092529696496405,0.0002444961355446911,0.01593303064202345,0.005239755843181013,0.07846392249621491,0.0383986200500661,0.09970932365038772,0.09970932365038772,0.023320434761498827,0.010876702623283142,0.12986203721478068,0.12986203721478068,0.19296822070993422,0.26935710959882314,0.26935710959882314,0.19933396145067497,0.057275399783302,0.10289084231481879,0.1264650588193983,0.1264650588193983,0.056441910671250144,0.014300476898491428,0.12685440970712,0.10846223121705856,0.03729121606286291,0.07846392249621491,0.10846223121705856,0.07570438188368261
297,24,0.0028262001284675865,0.00023642265426582958,0.015536906609872754,0.10274806532444358,0.009970310738009547,0.33024401713225454,30,False,56,0,0,0,0,6192,6168,7084,6462,5671,6171,6183,7110,7065,7137,7090,6706,6489,7142,7069,6828,6417,6035,7122,6783,6358,6984,6807,7006,0.00023642265426582958,0.0003630783334128838,0.00040800308999391373,0.00040800308999391373,0.00038034349309131415,0.0002911558198347812,0.0006850451785162051,0.0006850451785162051,0.0007655610974537802,0.0008424143227098364,0.0007506924600178016,0.001162910414404027,0.00465602274462031,0.0009638825605053246,0.0009638825605053246,0.0009396490918491368,0.0008589352661840144,0.0003910617323699928,0.007968055707299627,0.015536906609872754,0.007735582701437599,0.00023642265426582958,0.015536906609872754,0.00506281971222891,0.071925262288197,0.03519873504589392,0.09140021334618874,0.09140021334618874,0.02137706519804059,0.009970310738009547,0.11904020078021561,0.11904020078021561,0.17688753565077303,0.33024401713225454,0.18272279799645205,0.052502449801360165,0.09431660545525056,0.19925963725111512,0.19925963725111512,0.11592630391778176,0.05173841811531263,0.013108770490283809,0.11628320889819332,0.09942371194897034,0.034183614724291,0.071925262288197,0.09942371194897034,0.06939568339337572
298,24,0.002458647085582305,0.00023408264851104173,0.015112323774455302,0.1087185545558839,0.009139451509842085,0.3027236823712333,0,False,56,0,0,0,0,7152,6168,7084,6462,5671,6171,6183,7110,7065,7137,7090,6706,6489,7142,7069,6828,6417,6035,7122,7170,6783,6358,6192,7006,0.00023408264851104173,0.0003468602478618744,0.0003959625812726297,0.0003959625812726297,0.00036195025152955786,0.00027619182483982726,0.0006699958464445657,0.0006699958464445657,0.0007609733660292776,0.000874117940865585,0.0007474144176367197,0.0011163627238802403,0.0045223122483923975,0.0009641289534743153,0.0009641289534743153,0.0009182053353705607,0.0008243783208180532,0.0003712893006233761,0.007987820822741775,0.007987820822741775,0.015112323774455302,0.00738794661196082,0.00023408264851104173,0.004883221984823083,0.1492648237641806,0.03226550712540276,0.083783528900673,0.083783528900673,0.019595643098203875,0.009139451509842085,0.10912018404853098,0.10912018404853098,0.16214690767987527,0.3027236823712333,0.16749589816341437,0.04812724565124682,0.08645688833397967,0.18265466748018885,0.18265466748018885,0.10626577859129994,0.04742688327236991,0.012016372949426824,0.1899262748233439,0.1899262748233439,0.09113840261988948,0.03133498016393342,0.1492648237641806,0.06361270977726108
299,24,0.002401401649104709,0.00023088659694830245,0.014665271135621341,0.09965867500956023,0.008377830550688577,0.2774967088402972,1,False,56,0,0,0,0,7152,6168,7084,6462,5671,6171,6183,7110,7065,7137,7090,6706,6489,7142,7069,6828,6417,6035,7122,7170,6783,6358,6192,7006,0.00023088659694830245,0.00033109446549227465,0.0003834584632620574,0.0003834584632620574,0.00034427467568555497,0.0002619359423323453,0.0006534589481997693,0.0006534589481997693,0.000753296531790283,0.0009000500886331861,0.0007409836883745313,0.0010703656959536703,0.004382782518436732,0.0009599005819559595,0.0009599005819559595,0.0008948264101797882,0.0007902567675658136,0.0003524087368846848,0.007969002846878489,0.007969002846878489,0.014665271135621341,0.007050305690720564,0.00023088659694830245,0.004702372356353097,0.13682608845049887,0.02957671486495253,0.07680156815895026,0.07680156815895026,0.01796267284002022,0.008377830550688577,0.10002683537782006,0.10002683537782006,0.14863466537321898,0.2774967088402972,0.1535379066497965,0.04411664184697625,0.07925214763948137,0.1674334451901731,0.1674334451901731,0.09741029704202495,0.043474642999672415,0.011015008536974588,0.1740990852547319,0.1740990852547319,0.08354353573489869,0.028723731816938967,0.13682608845049887,0.058311650629155984
300,24,0.0021946112054332854,0.00022694213792291134,0.014201201317345308,0.10450451078401797,0.010097091158893371,0.25437198310360576,2,False,57,0,0,0,0,7152,6168,7084,6462,5671,7205,6171,6183,7110,7065,7137,7090,6706,6489,7142,7214,7069,6828,6417,6035,7122,7170,6783,6358,0.00022694213792291134,0.0003158073551517025,0.00037062371406621414,0.00037062371406621414,0.0003273125322735567,0.0002547681598733931,0.0002547681598733931,0.0006357090135779123,0.0006357090135779123,0.000742880252390161,0.0009202263136338224,0.0007317419224547772,0.0010251116679914412,0.004238994881161809,0.0009516249821139018,0.0009761673079422813,0.0009761673079422813,0.0008698824533644049,0.0007567093915389919,0.0003343944730185887,0.00791506321678872,0.00791506321678872,0.014201201317345308,0.006723176425540424,0.1254239144129573,0.027111988626206486,0.07040143747903774,0.07040143747903774,0.0164657834366852,0.09101301133813121,0.09101301133813121,0.09169126576300173,0.09169126576300173,0.13624844325878407,0.25437198310360576,0.1407430810956468,0.040440255026394895,0.07264780200285792,0.153480658090992,0.23681399142432535,0.23681399142432535,0.08929277228852286,0.03985175608303305,0.010097091158893371,0.1595908281501709,0.1595908281501709,0.07658157442365712,0.02633008749886072
301,24,0.0021385497217267517,0.0002223538072915983,0.013725026758504276,0.09579580155201646,0.009255666895652256,0.23317431784497195,0,False,57,0,0,0,0,7152,6168,7084,6462,5671,7205,6171,6183,7110,7065,7137,7090,6706,6489,7142,7214,7069,6828,6417,6035,7122,7170,6783,6358,0.0002223538072915983,0.00030101819267911134,0.0003575769793115988,0.0003575769793115988,0.00031105565745890554,0.0002472229273318986,0.0002472229273318986,0.0006169990113860528,0.0006169990113860528,0.0007300707798716918,0.0009347805403607726,0.0007200303945423064,0.0009807604992307492,0.004092347394347988,0.0009397409674189531,0.000986741680267985,0.000986741680267985,0.0008437133295594742,0.0007238512467076942,0.00031721948560562194,0.007829607127966735,0.007829607127966735,0.013725026758504276,0.006406928815334362,0.11497192154521085,0.02485265624068928,0.06453465102245126,0.06453465102245126,0.015093634816961432,0.08342859372662027,0.08342859372662027,0.08405032694941825,0.08405032694941825,0.12489440632055206,0.23317431784497195,0.1290144910043429,0.03707023377419532,0.06659381850261975,0.140690603250076,0.2170794921389649,0.2170794921389649,0.08185170793114596,0.036530776409446956,0.009255666895652256,0.14629159247098997,0.14629159247098997,0.07019977655501902,0.024135913540622323
302,24,0.002079264837498745,0.0002172213908532736,0.01324112900124346,0.08781281808934843,0.008484361321014568,0.21374312469122428,0,False,57,0,0,0,0,7152,6168,7084,6462,5671,7205,6171,6183,7110,7065,7137,7090,6706,6489,7142,7214,7069,6828,6417,6035,7122,7170,6783,6358,0.0002172213908532736,0.00028674008925138987,0.00034442308084549366,0.00034442308084549366,0.00029549263681194623,0.00023939206445792663,0.00023939206445792663,0.0005975594280554605,0.0005975594280554605,0.0007152040815310012,0.0009439437987988434,0.0007061826206168538,0.000937442884389276,0.003944079604308388,0.000924686823480996,0.000991932524441336,0.000991932524441336,0.0008166276853495774,0.000691776104770872,0.00030085571753388755,0.00771627681127081,0.00771627681127081,0.01324112900124346,0.006101805842888073,0.10539092808310994,0.02278160155396517,0.05915676343724699,0.05915676343724699,0.01383583191554798,0.07647621091606858,0.07647621091606858,0.07704613303696672,0.07704613303696672,0.11448653912717272,0.21374312469122428,0.11826328342064765,0.03398104762634571,0.061044333627401436,0.12896638631256968,0.19898953446071782,0.19898953446071782,0.07503073227021713,0.03348654504199304,0.008484361321014568,0.1341006264317408,0.1341006264317408,0.0643497951754341,0.022124587412237127
303,24,0.0023262775219948495,0.000211638732807821,0.012753377828956747,0.10398703148123316,0.007777331210930021,0.2062589075624291,0,False,57,0,0,0,0,7152,7084,6462,5671,7205,6171,6183,7110,7065,7137,7280,6489,7142,7214,7069,6828,6417,7290,6035,7292,7122,7170,6783,6358,0.000211638732807821,0.0003312537187149392,0.0003312537187149392,0.0002806094029562469,0.00023135828114224125,0.00023135828114224125,0.000577598063921432,0.0005924942679398594,0.000698600610796352,0.0009480231668771447,0.0005924942679398594,0.0037952797756270135,0.0009068908353372542,0.0009921110278971748,0.0009921110278971748,0.0007889029253850941,0.000677594547058362,0.000677594547058362,0.0002852744379997596,0.007774117671833386,0.007774117671833386,0.007578664569298653,0.012753377828956747,0.005807941148740947,0.09660835074285078,0.05422703315080974,0.05422703315080974,0.012682845922585647,0.07010319333972953,0.07010319333972953,0.07062562195055283,0.15395895528388617,0.10494599419990831,0.19593119763362224,0.15395895528388617,0.05595730582511798,0.11821918745318886,0.182407073255658,0.182407073255658,0.06877817124769903,0.1140293329551603,0.1140293329551603,0.007777331210930021,0.2062589075624291,0.2062589075624291,0.12292557422909574,0.058987312244147924,0.0202808717945507
304,24,0.002276325434486495,0.0002056929367412227,0.012265157486421114,0.1040400105291119,0.01162594209570351,0.18907066526556,0,False,57,0,0,0,0,7152,7084,6462,5671,7205,6171,6183,7110,7065,7137,7280,6489,7142,7214,7069,6828,6417,7290,7292,7122,7170,6783,6358,7297,0.0002056929367412227,0.0003263533210121517,0.00031814830382474187,0.00026638975825176673,0.00022319533710768726,0.00022319533710768726,0.0005573003895868137,0.0005851735125959823,0.000680561536748186,0.0009473818770369208,0.0005851735125959823,0.0036468938365694556,0.0008867639703401134,0.000987691437558292,0.000987691437558292,0.0007607859008240415,0.0006617794291448401,0.0006617794291448401,0.007791364503943898,0.007791364503943898,0.007420244389049641,0.012265157486421114,0.005525374959556155,0.0003263533210121517,0.0885576548476132,0.13304144705490895,0.049708113721575596,0.01162594209570351,0.06426126056141873,0.06426126056141873,0.06474015345467342,0.14112904234356233,0.09620049468324929,0.1796035978308204,0.14112904234356233,0.05129419700635814,0.10836758849875645,0.1672064838176865,0.1672064838176865,0.06304665697705744,0.10452688854223027,0.10452688854223027,0.18907066526556,0.18907066526556,0.1126817763766711,0.05407170289046893,0.018590799145004805,0.13304144705490895
305,24,0.002215600101241662,0.00020460805227925268,0.011779397675833927,0.10061542036599058,0.010657113587728216,0.17331477649343,0,False,57,0,0,0,0,7152,7084,6462,5671,7205,6171,6183,7110,7065,7137,7280,6489,7142,7214,7069,6828,6417,7290,7292,7122,7170,6783,6358,7320,0.00020460805227925268,0.00032043805114858226,0.0003051748701873324,0.00025281582965884286,0.0002149683669231086,0.0002149683669231086,0.0005368303246076623,0.0005758700627744851,0.0006613662275232815,0.0009424212325606396,0.0005758700627744851,0.003499735417628057,0.0008646944878709506,0.000979113999703108,0.000979113999703108,0.0007324941284352207,0.0006446154667727004,0.0006446154667727004,0.00777114676874232,0.00777114676874232,0.007244320398144102,0.011779397675833927,0.005254068351811339,0.00020460805227925268,0.1645111836103121,0.1219546598003332,0.045565770911444294,0.010657113587728216,0.05890615551463384,0.05890615551463384,0.059345140666783966,0.12936828881493212,0.08818378679297852,0.16463663134491868,0.12936828881493212,0.04701968058916163,0.09933695612386008,0.1532726101662126,0.1532726101662126,0.05779276889563598,0.09581631449704442,0.09581631449704442,0.17331477649343,0.17331477649343,0.10329162834528183,0.04956572764959651,0.01704156588292107,0.1645111836103121
306,24,0.0021569455921683013,0.00020267810225753003,0.01129860744804567,0.0951417210679481,0.009769020788750865,0.15887187845231082,0,False,58,0,0,0,0,7152,7084,6462,5671,7205,6171,7348,6183,7110,7065,7137,7280,6489,7142,7214,7069,6828,6417,7290,7292,7122,7170,6783,6358,0.00020267810225753003,0.00031365448405843316,0.0002923910259903128,0.0002398684626137008,0.00021206598408686232,0.00020673432379028183,0.00021206598408686232,0.0005163313209330875,0.0005648507820193521,0.0006412707836117425,0.0009335647174309441,0.0005648507820193521,0.0033544964822626333,0.0008410442221067128,0.0009668303571945903,0.0009668303571945903,0.0007042173863968553,0.000626366615758003,0.000626366615758003,0.007716850946239307,0.007716850946239307,0.007053990132174374,0.01129860744804567,0.0049939159497707246,0.15080191830945278,0.11179177148363875,0.0417686233354906,0.009769020788750865,0.13733064255508104,0.05399730922174768,0.13733064255508104,0.0543997122778853,0.11858759808035443,0.08083513789356364,0.15091691206617544,0.11858759808035443,0.04310137387339816,0.09105887644687173,0.14049989265236154,0.14049989265236154,0.05297670482099965,0.08783162162229072,0.08783162162229072,0.15887187845231082,0.15887187845231082,0.09468399264984168,0.04543525034546347,0.015621435392677649
307,24,0.002094931760873532,0.00019854250332538236,0.010824910489076162,0.08721324431228576,0.008954935723021626,0.14563255524795157,0,False,58,0,0,0,0,7152,7084,6462,5671,7205,6171,7348,6183,7110,7065,7137,7280,6489,7142,7214,7069,6828,6417,7290,7292,7122,7170,6783,6358,0.00019999691912025853,0.00030614183338706775,0.00027984491171370335,0.00022752756035170955,0.0002084725154357984,0.00019854250332538236,0.0002084725154357984,0.0004959276529761917,0.0005523718970055759,0.0006205074275505504,0.0009212444710526654,0.0005523718970055759,0.0032117581560099358,0.0008161462791676539,0.0009512914396929749,0.0009512914396929749,0.0006761195591369919,0.0006072747222730515,0.0006072747222730515,0.00763199785483874,0.00763199785483874,0.006852120472072642,0.010824910489076162,0.0047447571675315724,0.13823509178366503,0.10247579052666886,0.03828790472419971,0.008954935723021626,0.1258864223421576,0.04949753345326871,0.1258864223421576,0.04986640292139486,0.10870529824032489,0.07409887640243333,0.13834050272732748,0.10870529824032489,0.03950959271728164,0.08347063674296575,0.12879156826466473,0.12879156826466473,0.048561979419249675,0.08051231982043315,0.08051231982043315,0.14563255524795157,0.14563255524795157,0.08679365992902154,0.04164897948334151,0.014319649109954511
308,24,0.002046293186575477,0.0001966577742871008,0.010360080634289462,0.08915132608021199,0.00820869107943649,0.18297985672029782,0,False,58,0,0,0,0,7152,7084,6462,5671,7205,7348,6183,7110,7065,7137,7280,7403,6489,7142,7214,7069,6828,6417,7290,7292,7122,7170,6783,6358,0.0001966577742871008,0.0002980304482608186,0.00026757614122417634,0.000215772374672617,0.00020428406708552786,0.00020428406708552786,0.0004757258341773752,0.0005386756025360755,0.0005992845731497328,0.0009058901363908718,0.0005525679996480889,0.0005525679996480889,0.0030720014523512506,0.0007903038992457757,0.0009329377518432578,0.0009329377518432578,0.0006483406276496936,0.0005875589772249033,0.0005875589772249033,0.007520139568880569,0.007520139568880569,0.006641334140052143,0.010360080634289462,0.004506386110159658,0.12671550080169294,0.09393614131611312,0.035097245997183064,0.00820869107943649,0.1153958871469778,0.1153958871469778,0.04571086934461195,0.09964652338696448,0.06792397003556389,0.1268121275000502,0.18297985672029782,0.18297985672029782,0.03621712665750817,0.0765147503477186,0.11805893757594266,0.11805893757594266,0.044515147800978865,0.07380295983539706,0.07380295983539706,0.13349650897728893,0.13349650897728893,0.0795608549349364,0.038178231193063045,0.013126345017458301
309,24,0.0019970309930692717,0.00019772249599941225,0.00990557672633179,0.09472004774473086,0.007524633489483448,0.251064868660273,0,False,59,0,0,0,0,7416,7084,6462,5671,7348,6183,7110,7065,7137,7280,7427,7403,6489,7142,7214,7069,6828,6417,7290,7292,7122,7170,6783,6358,0.00019772249599941225,0.0002894408384552221,0.00025561670822076633,0.0002045817536767183,0.00019959244023748377,0.0004558160960454584,0.0005239877135720435,0.0005777874173648968,0.0008879199730008197,0.0005501947183913204,0.0005643841925030847,0.0005643841925030847,0.002935617671523649,0.0007637902528504726,0.0009121918763580582,0.0009121918763580582,0.0006209987231401699,0.0005674160078148603,0.0005674160078148603,0.007384775567675039,0.007384775567675039,0.006424004766223804,0.00990557672633179,0.004278560249926414,0.19948920906821854,0.08610812953977036,0.03217247549741781,0.007524633489483448,0.10577956321806298,0.04190163023256095,0.09134264643805076,0.06226363919926689,0.11624445020837934,0.16773153532693966,0.251064868660273,0.251064868660273,0.033199032769382485,0.07013852115207538,0.10822069277794744,0.10822069277794744,0.04080555215089729,0.0676527131824473,0.0676527131824473,0.12237179989584818,0.12237179989584818,0.07293078369035837,0.034996711926974455,0.012032482932670108
310,24,0.001932355552591557,0.00019393435153038704,0.009462576170500564,0.09029893265489215,0.00689758069869316,0.3134761296052503,0,False,59,0,0,0,0,7416,7084,6462,5671,7348,6183,7110,7065,7137,7280,7403,7450,6489,7142,7214,7069,6828,6417,7290,7292,7122,7170,6783,6358,0.00019778575639817653,0.0002804831388633991,0.00024399184570901735,0.00019393435153038704,0.00019448402094280075,0.0004362738797550401,0.0005085162032422344,0.0005561789191775464,0.0008677340487950756,0.0005454968627134976,0.0005727796377476254,0.0005875515749725572,0.0028029183128675398,0.0007368489642368107,0.0008894529559801786,0.0008894529559801786,0.0005941921804426914,0.0005470204584041628,0.0005470204584041628,0.007229286927208009,0.007229286927208009,0.006202258719557517,0.009462576170500564,0.004061007991560183,0.18286510831253366,0.07893245207812283,0.02949143587263299,0.00689758069869316,0.09696459961655772,0.03840982771318087,0.08373075923487987,0.05707500259932798,0.10655741269101439,0.15375390738302802,0.23014279627191692,0.3134761296052503,0.030432446705267277,0.06429364438940242,0.09920230171311847,0.09920230171311847,0.03740508947165585,0.06201498708391002,0.06201498708391002,0.1121741499045275,0.1121741499045275,0.0668532183828285,0.03208031926639325,0.011029776021614266
311,24,0.00187947660552675,0.000183808804856767,0.00903200673647837,0.0978986657290083,0.006322782307135397,0.28735311880481273,0,False,60,0,0,0,0,7416,7084,6462,5671,7469,6183,7110,7471,7137,7280,7403,7450,6489,7142,7479,7069,6828,6417,7290,7292,7122,7170,6783,6358,0.000196929936501436,0.0002712569296808316,0.00023272083046274835,0.000183808804856767,0.0004279198562709663,0.0004279198562709663,0.0004924504712880117,0.0005483883656728808,0.0008457092790300045,0.0005387258578661343,0.0005779034442853846,0.0006068070196120251,0.0026741443936621175,0.0007096951814744912,0.000887403563704527,0.000887403563704527,0.0005680015434537739,0.0005265259329799099,0.0005265259329799099,0.0070568868437393675,0.0070568868437393675,0.005977982108800372,0.00903200673647837,0.0038534352361271097,0.16762634928648917,0.07235474773827925,0.02703381621658024,0.006322782307135397,0.11854234207041581,0.11854234207041581,0.07675319596530654,0.13565208571605064,0.09767762830009652,0.14094108176777567,0.21096422991592384,0.28735311880481273,0.027896409479828337,0.058935840690285554,0.1742687765703586,0.1742687765703586,0.034287998682351196,0.05684707149358418,0.05684707149358418,0.1028263040791502,0.1028263040791502,0.06128211685092612,0.029406959327527144,0.010110628019813077
312,24,0.0018005931807407814,0.00017418387990191978,0.008614576312964937,0.09850184397755002,0.00579588378154078,0.3467403589044117,0,False,60,0,0,0,0,7416,7084,6462,5671,7469,6183,7110,7471,7137,7280,7499,6489,7142,7479,7069,6828,6417,7290,7292,7122,7170,6783,6358,7488,0.0002002779835722627,0.0002618513365743503,0.00022181772782649197,0.00017418387990191978,0.0004184607937358892,0.0004184607937358892,0.00047596119877700625,0.0005388425004483592,0.0008221960607414278,0.0005301329512313451,0.0006381693602767359,0.0025494751091851217,0.0006825170393605012,0.0008814389061235288,0.0008814389061235288,0.0005424914879928981,0.0005060661914446188,0.0005060661914446188,0.006870585497230475,0.006870585497230475,0.005752831580908099,0.008614576312964937,0.003655531047376017,0.0002002779835722627,0.23699082017928175,0.06632518542675599,0.024780998198531884,0.00579588378154078,0.10866381356454782,0.10866381356454782,0.07035709630153099,0.12434774523971308,0.08953782594175513,0.12919599162046103,0.3467403589044117,0.02557170868984264,0.05402452063276176,0.15974637852282872,0.15974637852282872,0.03143066545882193,0.052109815535785496,0.052109815535785496,0.09425744540588768,0.09425744540588768,0.056175273780015605,0.02695637938356655,0.009268075684828653,0.23699082017928175
313,24,0.0017499101207401992,0.0001650385942045473,0.00821080044656531,0.09017637416317621,0.005312893466412382,0.3178453289957107,0,False,60,0,0,0,0,7416,7084,6462,5671,7469,6183,7110,7471,7137,7280,7499,6489,7142,7479,7069,6828,7528,6417,7290,7292,7122,7170,6783,6358,0.0002024575301824715,0.0002523453441506676,0.00021129207484722558,0.0001650385942045473,0.00040808013989134515,0.00040808013989134515,0.00045920065972576273,0.0005277890345254381,0.0007975162491652187,0.0005199637570460591,0.0006652530892723243,0.002429035801429875,0.0006554773870374018,0.0008719603166766621,0.0008719603166766621,0.0005177126382817156,0.000498284129057323,0.000498284129057323,0.0004857565107372489,0.006673167164721948,0.006673167164721948,0.005528247762227954,0.00821080044656531,0.0034669725176710037,0.21724158516434158,0.06079808664119298,0.022715915015320894,0.005312893466412382,0.09960849576750216,0.09960849576750216,0.06449400494307007,0.11398543313640365,0.08207634044660887,0.1184296589854226,0.3178453289957107,0.023440732965689087,0.049522477246698275,0.14643418031259298,0.14643418031259298,0.028811443337253433,0.1311006642411367,0.1311006642411367,0.04776733090780337,0.08640265828873037,0.08640265828873037,0.0514940009650143,0.024710014434936003,0.008495736044426265
314,24,0.001675513790678744,0.00015635231610240674,0.007821027593158355,0.10027532756658503,0.0048701523442113495,0.29135821824606817,0,False,60,0,0,0,0,7416,7084,6462,5671,7469,6183,7110,7471,7137,7280,7499,6489,7142,7479,7550,7528,6417,7290,7292,7122,7170,6783,6358,7536,0.00020878088466361446,0.00024280826544590734,0.0002011495017235521,0.00015635231610240674,0.0003969489260593527,0.0003969489260593527,0.0004423033766685098,0.0005154640526093167,0.0007719622339010559,0.000508454038934626,0.0006878963140888635,0.0023129052289394265,0.0006287156758457274,0.0008593733734388882,0.0008815365382733382,0.0004889866673579642,0.0004889866673579642,0.0004656951388869514,0.0064671775284714265,0.0064671775284714265,0.005305470391747622,0.007821027593158355,0.003287428923420596,0.00020878088466361446,0.28247145306731314,0.055731579421093566,0.020822922097377485,0.0048701523442113495,0.09130778778687698,0.09130778778687698,0.05911950453114757,0.10448664704170334,0.07523664540939147,0.10856052073663738,0.29135821824606817,0.02148733855188166,0.04539560414280675,0.13423133195321021,0.21756466528654356,0.12017560888770863,0.12017560888770863,0.04378671999881976,0.0792024367646695,0.0792024367646695,0.04720283421792978,0.022650846565358002,0.007787758040724076,0.28247145306731314
315,24,0.0016141641418743735,0.00014810484504278418,0.007445462083397829,0.0919190502693696,0.00446430631552707,0.26707836672556245,0,False,60,0,0,0,0,7416,7084,6462,5671,7469,6183,7110,7471,7137,7280,7499,6489,7142,7479,7550,7528,6417,7290,7292,7122,7170,6783,6358,7536,0.00021375872150332584,0.00023330031933922285,0.00019139229303514565,0.00014810484504278418,0.0003852246621455731,0.0003852246621455731,0.0004253870238644622,0.0005020892778864472,0.0007457968920947601,0.0004958265995789793,0.0007060526737886718,0.0022011221488785902,0.0006023499241110212,0.0008440781915706888,0.0008862943746249471,0.00047839653814474683,0.00047839653814474683,0.0004459647852262084,0.006254919247893876,0.006254919247893876,0.00508555438065717,0.007445462083397829,0.0031165652525129896,0.00021375872150332584,0.2589321653117037,0.05108728113600244,0.019087678589262694,0.00446430631552707,0.0836988054713039,0.0836988054713039,0.054192879153551934,0.09577942645489472,0.06896692495860884,0.09951381067525093,0.26707836672556245,0.01969672700589152,0.04161263713090619,0.12304538762377602,0.19943427651266493,0.11016097481373291,0.11016097481373291,0.040137826665584776,0.07260223370094704,0.07260223370094704,0.04326926469976896,0.020763276018244833,0.007138778203997069,0.2589321653117037
316,24,0.001498233968620243,0.0001402764753286302,0.0070841848580943945,0.11106884481954847,0.004092280789233148,0.32815516949843226,0,False,60,0,0,0,0,7416,7084,6462,5671,7469,6183,7590,7471,7137,7280,7499,7594,7142,7479,7550,7528,6417,7290,7292,7122,7170,6783,6358,7584,0.00022302420278396448,0.00022387327637154433,0.00018201989126346234,0.0001402764753286302,0.00037305078455646004,0.00037305078455646004,0.0004190900571485196,0.00048787025548311654,0.0007192542201064507,0.000482289132253363,0.0007383396307778188,0.0007383396307778188,0.0005764786940367394,0.0008264617861313339,0.0008865642994515947,0.00046672475013878655,0.00046672475013878655,0.00042663410306311415,0.006038454043585075,0.006038454043585075,0.004869386195551031,0.0070841848580943945,0.0029540451789183265,0.00022302420278396448,0.32068781820239506,0.04683000770800223,0.017497038706824137,0.004092280789233148,0.0767239050153619,0.0767239050153619,0.13301013922408927,0.08779780758365349,0.06321968121205811,0.09122099311898002,0.32815516949843226,0.32815516949843226,0.03814491736999734,0.11279160532179468,0.18281475346994286,0.10098089357925516,0.10098089357925516,0.03679300777678604,0.06655204755920145,0.06655204755920145,0.03966349264145488,0.01903300301672443,0.006543880020330647,0.32068781820239506
317,24,0.0014448349906016232,0.00013284804562596687,0.006737172067623695,0.10528532997347496,0.0037512573901303855,0.3772971666855288,0,False,60,0,0,0,0,7416,7084,6462,5671,7469,6183,7590,7471,7137,7280,7499,7594,7142,7479,7550,7528,6417,7290,7292,7122,7170,6783,6358,7631,0.00023079895920006792,0.00021457114120270173,0.0001730293458217236,0.00013284804562596687,0.0003605565478469047,0.0003605565478469047,0.00041149029259067546,0.0004729953041239579,0.0006925404712854411,0.0004680328859438417,0.0007656783704809506,0.0007656783704809506,0.000551183031642561,0.0008068923128323723,0.0008827156816385229,0.0004541684336660911,0.0004541684336660911,0.0004077591321805139,0.005819609749379622,0.005819609749379622,0.004657700103132328,0.006737172067623695,0.0027995335524888354,0.00023675124435861475,0.29396383335219545,0.04292750706566871,0.016038952147922125,0.0037512573901303855,0.07033024626408174,0.07033024626408174,0.12192596095541516,0.08048132361834903,0.0579513744443866,0.08361924369239834,0.3008089053735629,0.3008089053735629,0.034966174255830894,0.10339230487831179,0.16758019068078095,0.09256581911431723,0.09256581911431723,0.0337269237953872,0.06100604359593466,0.06100604359593466,0.0363582015880003,0.017446919431997394,0.005998556685303093,0.3772971666855288
318,24,0.0014078163139047747,0.00012580097628104046,0.006404311655349162,0.11534350872328036,0.0034386526076195197,0.359074829925766,0,False,59,0,0,0,0,7416,7084,6462,5671,7469,6183,7590,7640,7280,7499,7642,7594,7142,7479,7550,7528,6417,7290,7292,7122,7170,6783,6358,7631,0.00023706362422401918,0.00020543084676100944,0.00016441571125062388,0.00012580097628104046,0.00034785726214182916,0.00034785726214182916,0.0004027759421371323,0.0006830074974634947,0.0004532320009503099,0.0008082924638787662,0.0008082924638787662,0.0007879707661003876,0.0005265283338877842,0.0007857149606626357,0.0008751414863081191,0.00044090947100601557,0.00044090947100601557,0.0003893846777235374,0.005599991004961935,0.005599991004961935,0.004451093932944316,0.006404311655349162,0.0026526984651910504,0.0002489202525028805,0.2694668472395125,0.039350214810196314,0.014702372802261946,0.0034386526076195197,0.0644693924087416,0.0644693924087416,0.11176546420913057,0.13645542657402104,0.07665097338469848,0.359074829925766,0.359074829925766,0.2757414965924327,0.03205232640117832,0.0947762794717858,0.15361517479071587,0.08485200085479079,0.08485200085479079,0.030916346812438263,0.05592220662960677,0.05592220662960677,0.03332835145566694,0.015993009479330945,0.005498676961527835,0.3458557361284014
319,24,0.0013586804501526533,0.00011911729624604701,0.006085418061016021,0.105731549663007,0.0031520982236512263,0.32915192743195215,0,False,59,0,0,0,0,7416,7084,6462,5671,7469,6183,7590,7640,7280,7499,7642,7594,7142,7479,7550,7528,6417,7290,7292,7122,7170,6783,6358,7631,0.00024183330682789477,0.00019648294100586258,0.00015617239846695002,0.00011911729624604701,0.00033505479080097824,0.00033505479080097824,0.00039312575798973047,0.0006712693252883959,0.00043804338240790725,0.0008455122001708725,0.0008455122001708725,0.000805238563285693,0.0005025661179673852,0.0007632492580091953,0.0008642451689727242,0.0004271137770636378,0.0004271137770636378,0.0003715456095357668,0.005380992473377593,0.005380992473377593,0.004250044112974728,0.006085418061016021,0.002513212948615137,0.00025942007222807574,0.24701127663621975,0.036071030242679956,0.013477175068740117,0.0031520982236512263,0.05909694304134646,0.05909694304134646,0.10245167552503635,0.12508414102618595,0.07026339226930693,0.32915192743195215,0.32915192743195215,0.2527630385430633,0.029381299201080124,0.0868782561824703,0.14081391022482287,0.07778100078355822,0.07778100078355822,0.028339984578068408,0.05126202274380621,0.05126202274380621,0.030550988834361362,0.0146602586893867,0.005040453881400515,0.31703442478436794
320,24,0.001331172374188079,0.00011277966118842877,0.0057802451884073364,0.09854656686254505,0.0028894233716802906,0.30172260014595614,0,False,58,0,0,0,0,7416,7084,7682,5671,7469,6183,7590,7640,7280,7499,7642,7594,7142,7479,7693,7550,7528,6417,7290,7292,7122,7170,6783,6358,0.0002451521767636569,0.00018775225216855274,0.0001521159075230468,0.00011277966118842877,0.0003222382354141595,0.0003222382354141595,0.0003827071041232347,0.0006576349704305987,0.00042260699283383203,0.0008770640817071101,0.0008770640817071101,0.0008176056130025489,0.00047933567652203897,0.000758866614051788,0.000758866614051788,0.0008504297981481172,0.0004129311042163003,0.0004129311042163003,0.0003542680720090295,0.005163813665987339,0.005163813665987339,0.0040549198129727106,0.0057802451884073364,0.0023807563516673666,0.22642700358320142,0.03306511105578996,0.09568741047967845,0.0028894233716802906,0.054172197787900916,0.054172197787900916,0.09391403589794999,0.11466046260733712,0.06440810958019802,0.30172260014595614,0.30172260014595614,0.23169945199780803,0.026932857600990113,0.16297173483393113,0.16297173483393113,0.12907941770608763,0.0712992507182617,0.0712992507182617,0.025978319196562707,0.04699018751515569,0.04699018751515569,0.028005073098164582,0.013438570465271141,0.004620416057950472
321,24,0.0012828623302619236,0.00010677136415889648,0.0054884977841054075,0.09033435295733296,0.002648638090706933,0.27657905013379314,0,False,58,0,0,0,0,7416,7084,7682,5671,7469,6183,7590,7640,7280,7499,7642,7594,7142,7479,7693,7550,7528,6417,7290,7292,7122,7170,6783,6358,0.0002470878937031402,0.00017925852242668303,0.00014780421983255274,0.00010677136415889648,0.00030948474733720753,0.00030948474733720753,0.00037167470606646393,0.000642399260763841,0.00040704645991592093,0.0009028304463092946,0.0009028304463092946,0.0008252792627018371,0.00045686560943537715,0.0007513846039139009,0.0007513846039139009,0.0008340893240234934,0.0003984952576251462,0.0003984952576251462,0.0003375705992279478,0.004949474636730353,0.004949474636730353,0.0038659960942106554,0.0054884977841054075,0.0022550154418821407,0.20755808661793462,0.030309685134474126,0.0877134596063719,0.002648638090706933,0.04965784797224251,0.04965784797224251,0.08608786623978748,0.10510542405672568,0.05904076711518152,0.27657905013379314,0.27657905013379314,0.21239116433132402,0.024688452800907604,0.1493907569311035,0.1493907569311035,0.11832279956391366,0.06535764649173989,0.06535764649173989,0.023813459263515812,0.04307433855555938,0.04307433855555938,0.025671317006650866,0.012318689593165212,0.004235381386454599
322,24,0.0014527863602082135,0.00010107634001556469,0.005209841372480582,0.10953696926324351,0.0024279182498146883,0.3368641292893104,0,False,56,0,0,0,0,7416,7084,7682,5671,7732,7590,7640,7280,7499,7642,7594,7738,7479,7693,7550,7528,6417,7290,7292,7747,7122,7170,6783,6358,0.0002477261854601108,0.00017101700328980103,0.0001432943482144029,0.00010107634001556469,0.0003045164205821878,0.00036016996453911435,0.0006258393489251445,0.00039146991109225327,0.0009228317725886237,0.0009466315240383395,0.000828532004529396,0.0009466315240383395,0.0007411517031392204,0.0007411517031392204,0.0008156018311921545,0.0003839246213270951,0.0003839246213270951,0.0003214651338155973,0.004861046031255454,0.004861046031255454,0.004738831965495247,0.003683466014465143,0.005209841372480582,0.002135685268791585,0.1902615793997734,0.027783878039934613,0.08040400463917424,0.0024279182498146883,0.12885302730788897,0.07891387738647185,0.09634663871866521,0.05412070318891639,0.25353079595597705,0.3368641292893104,0.194691900637047,0.3368641292893104,0.13694152718684488,0.13694152718684488,0.10846256626692084,0.059911175950761564,0.059911175950761564,0.021829004324889493,0.12281814367592944,0.12281814367592944,0.0394848103425961,0.02353204058942996,0.011292132127068111,0.0038824329375833824
323,24,0.001410696949093758,9.56791646439872e-05,0.004943910887247043,0.10713216904554163,0.0022255917289967977,0.3087921185152012,0,False,56,0,0,0,0,7416,7084,7682,5671,7732,7590,7640,7280,7759,7499,7642,7594,7738,7479,7693,7550,6417,7290,7292,7747,7122,7170,6783,6358,0.00024716579562824876,0.00016303900862283391,0.00013863795631910658,9.56791646439872e-05,0.00029864639108218374,0.00034832072562846834,0.0006082123806951929,0.00038566721970560285,0.00038566721970560285,0.0009372063655707905,0.0009840803114725656,0.0008276841905563218,0.0009840803114725656,0.000728513446863127,0.000728513446863127,0.0007953245654250177,0.0003693229098204453,0.00030595795060372446,0.004759290222695541,0.004759290222695541,0.004532594586344833,0.003507451675335181,0.004943910887247043,0.002022469823253145,0.1744064477831256,0.025468554869940062,0.07370367091924306,0.0022255917289967977,0.11811527503223156,0.07233772093759919,0.08831775215877644,0.13294397792317336,0.13294397792317336,0.2324032296263123,0.3087921185152012,0.17846757558395973,0.3087921185152012,0.1255297332546078,0.1255297332546078,0.09942401907801077,0.05491857795486477,0.0200099206311487,0.11258329836960199,0.11258329836960199,0.03619440948071309,0.021571037206977464,0.010351121116479102,0.003558896859451434
324,24,0.001553438868180393,0.00013388138228509762,0.0046903181330429375,0.10991857508087453,0.003262322121163814,0.2830594419722678,0,False,58,0,0,0,0,7416,7777,7682,7732,7590,7640,7280,7759,7499,7642,7594,7738,7479,7693,7550,6417,7290,7292,7747,7122,7170,7796,6783,6358,0.0002455139448315249,0.00015933843304187398,0.00013388138228509762,0.0002920099546790478,0.000336241410279249,0.00058975413160022,0.0003786665264781409,0.0003786665264781409,0.00094618902706412,0.0010149984258250794,0.000823088361170361,0.0010149984258250794,0.0007138054717094558,0.0007138054717094558,0.0007735905012642675,0.0003547800737933837,0.0002910504882239913,0.0046463257065394595,0.0046463257065394595,0.004443043991882863,0.003338014227643656,0.004443043991882863,0.0046903181330429375,0.0019150825225397,0.15987257713453182,0.1066795086307784,0.06756169834263946,0.10827233544621226,0.06630957752613259,0.0809579394788784,0.12186531309624224,0.12186531309624224,0.2130362938241196,0.2830594419722678,0.16359527761862974,0.2830594419722678,0.11506892215005715,0.11506892215005715,0.0911386841548432,0.05034202979195937,0.01834242724521964,0.10320135683880181,0.10320135683880181,0.116511542023987,0.019773450773062674,0.116511542023987,0.009488527690105842,0.003262322121163814
325,24,0.0014599709155324666,0.00012906577740752536,0.004524138248313213,0.10451665574523523,0.002990461944400163,0.25947115514124547,0,False,59,0,0,0,0,7416,7777,7682,7732,7590,7640,7280,7759,7499,7642,7594,7738,7479,7693,7550,6417,7290,7292,7820,7122,7170,7796,6783,6358,0.00024288238563503688,0.00015529942605711238,0.00012906577740752536,0.0002847349127250856,0.0003240334174914038,0.000570678433657561,0.0003706410063723704,0.0003706410063723704,0.000950089982548858,0.0010393695828129353,0.0008151155069596467,0.0010393695828129353,0.0006973482126971101,0.0006973482126971101,0.0007507062125529123,0.0003403733015839356,0.00027674009308941555,0.004524138248313213,0.003257050046668861,0.004342360914037406,0.003257050046668861,0.004342360914037406,0.004448658202262283,0.0018132465473178418,0.14654986237332082,0.09778954957821352,0.06193155681408617,0.09924964082569457,0.06078377939895487,0.0742114445223052,0.11170987033822205,0.11170987033822205,0.1952832693387763,0.25947115514124547,0.14996233781707727,0.25947115514124547,0.10547984530421906,0.10547984530421906,0.08354379380860627,0.04614686064262942,0.016813891641451337,0.09460124376890165,0.10145899654197413,0.10680224685532141,0.10145899654197413,0.10680224685532141,0.008697817049263689,0.002990461944400163
326,24,0.001479859741087615,0.00012422732974457147,0.004394565521188463,0.10978736311979166,0.002741256782366816,0.237848558879475,0,False,59,0,0,0,0,7416,7682,7732,7590,7640,7829,7280,7759,7499,7594,7738,7836,7479,7693,7550,6417,7290,7292,7820,7122,7845,7846,6783,6358,0.00023938408010723382,0.00012422732974457147,0.00027694035284118285,0.00031178572770020784,0.0005653920423858518,0.0005653920423858518,0.0003617551160737901,0.0003617551160737901,0.0009492750046309769,0.00080414340199458,0.001057317195242513,0.0006969658435108257,0.0006969658435108257,0.0006794430657210725,0.0007269508164340139,0.0003261680695964831,0.0002630206811311086,0.004394565521188463,0.0031698499420723374,0.004232433623276732,0.004341587719671622,0.004327310098729323,0.004327310098729323,0.0017166950533500835,0.13433737384221076,0.05677059374624566,0.09097883742355335,0.055718464449041966,0.1513604908121131,0.1513604908121131,0.10240071447670354,0.10240071447670354,0.17900966356054493,0.1374654763323208,0.237848558879475,0.18002319152886748,0.18002319152886748,0.09668985819553413,0.07658181099122241,0.0423012889224103,0.015412734004663725,0.08671780678815984,0.09300408016347628,0.09790205961737795,0.18123539295071128,0.09130633229515839,0.09130633229515839,0.002741256782366816
327,24,0.0012970332363612493,0.00011939754728850496,0.004432262667074967,0.11609037518658283,0.002512818717169581,0.24946577687148536,0,False,59,0,0,0,0,7416,7682,7732,7590,7640,7829,7280,7759,7499,7594,7738,7836,7479,7693,7550,7863,6417,7290,7292,7820,7122,7845,7868,6358,0.00023513049068503723,0.00011939754728850496,0.0002687358946889264,0.0002995756446027635,0.0005579998913030141,0.0005579998913030141,0.0003521628230126776,0.0003521628230126776,0.0009441473692313898,0.0007905470072288713,0.0010690803745880676,0.0006933979046796854,0.0006933979046796854,0.0006603698118569323,0.0007025757783321484,0.0003202713113418926,0.0003202713113418926,0.00024988332317897594,0.004259288504032763,0.003077687330620314,0.004115018123684685,0.004432262667074967,0.004432262667074967,0.0016251712778261307,0.12314259268869318,0.052039710934058514,0.08339726763825724,0.051075259078288464,0.13874711657777034,0.13874711657777034,0.09386732160364492,0.09386732160364492,0.16409219159716618,0.12601001997129407,0.21802784563951874,0.16502125890146185,0.16502125890146185,0.08863237001257296,0.07019999340862054,0.12210951484554278,0.12210951484554278,0.01412833950427508,0.07949132288914651,0.08525374014985325,0.08974355464926312,0.24946577687148536,0.24946577687148536,0.002512818717169581
328,24,0.0013101614572792665,0.00011460357975792534,0.0044961801213964986,0.12825989915563088,0.0023034171574054492,0.2831921918362255,0,False,59,0,0,0,0,7416,7682,7732,7590,7877,7280,7759,7499,7880,7738,7882,7836,7479,7693,7550,7863,6417,7290,7292,7820,7122,7845,7868,6358,0.00023022944808806788,0.00011460357975792534,0.0002602213186585974,0.0002874696247083713,0.0005629147606238991,0.00034200645800393697,0.00034200645800393697,0.0009592489938281413,0.0009592489938281413,0.0011027137729075793,0.0011027137729075793,0.0006869556184176235,0.0006869556184176235,0.0006403850998078478,0.0006778053873978951,0.00031350487166543594,0.00031350487166543594,0.0002373167601131459,0.004119828365607882,0.0029817245280227378,0.003991727871850721,0.0044961801213964986,0.0044961801213964986,0.0015384285576268769,0.11288070996463541,0.047703068356220305,0.07644749533506913,0.04681898748843109,0.21051819019628948,0.08604504480334117,0.08604504480334117,0.23375117563073566,0.23375117563073566,0.2831921918362255,0.2831921918362255,0.15126948732634002,0.15126948732634002,0.08124633917819188,0.06434999395790215,0.11193372194174754,0.11193372194174754,0.012950977878918824,0.07286704598171763,0.07814926180403214,0.08226492509515786,0.2286769621321949,0.2286769621321949,0.0023034171574054492
329,24,0.0012810108852469564,0.00010986856209623249,0.004534538625515524,0.13179612747191102,0.0021114657276216616,0.25959284251654,0,False,60,0,0,0,0,7416,7682,7732,7590,7877,7901,7280,7759,7499,7880,7738,7882,7836,7910,7550,7863,6417,7913,7292,7820,7122,7845,7868,6358,0.00022478354280697465,0.00010986856209623249,0.00025148650150435186,0.0002755241538426639,0.0005648370286735591,0.00033996327838350986,0.00033996327838350986,0.00033141608623736036,0.0009688086274164241,0.0009688086274164241,0.0011292330523173589,0.0011292330523173589,0.0006779568178688765,0.0006696743647985699,0.0006696743647985699,0.00030600797092161043,0.00030600797092161043,0.0002311185239664888,0.0039775476773804865,0.0028830112118631737,0.0038640290264580573,0.004534538625515524,0.004534538625515524,0.001456230274522736,0.10347398413424912,0.04372781265986861,0.07007687072381337,0.04291740519772849,0.192975007679932,0.16220795773639607,0.16220795773639607,0.07887462440306274,0.21427191099484102,0.21427191099484102,0.25959284251654,0.25959284251654,0.1386636967158117,0.14232082779474364,0.14232082779474364,0.10260591177993524,0.10260591177993524,0.0952050630556756,0.06679479214990783,0.0716368233203628,0.07540951467056137,0.20962054862117865,0.20962054862117865,0.0021114657276216616
330,24,0.001261217325252114,0.00010521196632472397,0.004548879547677142,0.12428533907147397,0.0019355102503198563,0.23796010564016168,0,False,60,0,0,0,0,7416,7682,7922,7590,7877,7901,7280,7759,7499,7880,7738,7882,7836,7910,7550,7863,6417,7913,7292,7820,7122,7845,7868,6358,0.0002188889772579272,0.00010521196632472397,0.000248868522757363,0.00026378663859152635,0.0005639877657689513,0.00033653942321824226,0.00033653942321824226,0.00032050929789834734,0.0009731395720587525,0.0009731395720587525,0.001148771561740533,0.001148771561740533,0.0006667176975098535,0.0006592474951164824,0.0006592474951164824,0.0002979109900159832,0.0002979109900159832,0.0002245371892377222,0.0038336549335014057,0.002782485785500196,0.0037332401117717152,0.004548879547677142,0.004548879547677142,0.0013783497402767334,0.09485115212306168,0.040083828271546225,0.14757046483016226,0.03934095476458445,0.17689375703993765,0.1486906279250297,0.1486906279250297,0.07230173903614084,0.1964159184119376,0.1964159184119376,0.23796010564016168,0.23796010564016168,0.1271083886561607,0.13046075881184832,0.13046075881184832,0.0940554191316073,0.0940554191316073,0.08727130780103595,0.06122855947074884,0.06566708804366589,0.06912538844801458,0.19215216956941375,0.19215216956941375,0.0019355102503198563
331,24,0.0012380808036194968,0.00010064995147754187,0.004540993374937381,0.11392822748218447,0.0017742177294598682,0.21813009683681486,0,False,61,0,0,0,0,7416,7682,7922,7590,7877,7901,7280,7759,7499,7880,7738,7882,7836,7910,7550,7863,6417,7913,7292,7820,7122,7845,7868,6358,0.00021263481222145552,0.00010064995147754187,0.0002453541248467624,0.0002522962882013641,0.0005606089674855396,0.00033189109460427435,0.00033189109460427435,0.000309391328995995,0.0009726133317761007,0.0009726133317761007,0.0011615885078038477,0.0011615885078038477,0.0006535462326487388,0.0006468306813875618,0.0006468306813875618,0.0002893344893122695,0.0002893344893122695,0.00021765904798355136,0.0036892114989073733,0.0026809789428327434,0.0036005350987886545,0.004540993374937381,0.004540993374937381,0.001304570032835333,0.08694688944613987,0.03674350924891737,0.1352729260943154,0.03606254186753574,0.16215261061994285,0.13629974226461056,0.13629974226461056,0.06627659411646243,0.1800479252109428,0.1800479252109428,0.21813009683681486,0.21813009683681486,0.11651602293481397,0.11958902891086096,0.11958902891086096,0.08621746753730668,0.08621746753730668,0.07999869881761629,0.056126179514853096,0.06019483070669373,0.06336493941068003,0.1761394887719626,0.1761394887719626,0.0017742177294598682
332,24,0.00121224457590314,9.619570395149487e-05,0.004512835201060797,0.10790643074755797,0.0016263662520048792,0.19995258876708027,0,False,62,0,0,0,0,7416,7682,7922,7590,7877,7901,7280,7759,7499,7880,7738,7882,7836,7910,7550,7863,6417,7985,7292,7820,7122,7845,7868,6358,0.0002061025420316424,9.619570395149487e-05,0.00024105761311961986,0.00024108496879920028,0.0005549543312804631,0.0003261729882489223,0.0003261729882489223,0.00029815543367609003,0.0009676409894736276,0.0009676409894736276,0.001168042814997156,0.001168042814997156,0.0006387371322819174,0.0006327181155276581,0.0006327181155276581,0.00028038866774984886,0.00028038866774984886,0.00021599263043638615,0.0035451402460879283,0.002579218834184857,0.0034669490384888293,0.004512835201060797,0.004512835201060797,0.0012346837932209135,0.07970131532562821,0.03368155014484092,0.12400018225312245,0.03305733004524109,0.14863989306828093,0.12494143040922634,0.12494143040922634,0.06075354460675723,0.1650439314433642,0.1650439314433642,0.19995258876708027,0.19995258876708027,0.10680635435691281,0.10962327650162254,0.10962327650162254,0.07903267857586445,0.07903267857586445,0.15666547391614827,0.05144899788861534,0.055178594814469246,0.058084527793123356,0.1614611980409657,0.1614611980409657,0.0016263662520048792
333,24,0.0015040271644995108,9.185976276772455e-05,0.004581640384947863,0.1131444259505024,0.0014908357310044725,0.2313394315375519,0,False,62,0,0,0,0,7416,7682,7922,7590,7877,7901,7759,7499,7880,7738,7882,7836,7910,7550,6417,7985,7292,8010,7820,7122,7845,7868,8013,6358,0.00019936593676611177,9.185976276772455e-05,0.00023608972902122198,0.0002301780170459336,0.0005472814488619555,0.00031953521698170894,0.00028688344041401785,0.000958656827693377,0.000958656827693377,0.0011685681826097416,0.0011685681826097416,0.0006225681556298105,0.0006171882730145615,0.0006171882730145615,0.0002711731785553462,0.0002134856403206462,0.0034899786247244097,0.0034899786247244097,0.002477837330968633,0.003333385512641426,0.004581640384947863,0.004466451000668154,0.004581640384947863,0.0011684929913656635,0.07305953904849252,0.03087475429943751,0.11366683373202892,0.030302552541471,0.13625323531259084,0.1145296445417908,0.05569074922286079,0.15129027048975052,0.15129027048975052,0.18328987303649025,0.18328987303649025,0.09790582482717007,0.10048800345982066,0.10048800345982066,0.07244662202787575,0.14361001775646923,0.13049491473123073,0.13049491473123073,0.05058037857993014,0.05324415047702974,0.2313394315375519,0.14800609820421856,0.2313394315375519,0.0014908357310044725
334,24,0.0014813817818488898,8.765032600665244e-05,0.004624175118247243,0.110660168232405,0.001366599420087433,0.21206114557608924,0,False,61,0,0,0,0,7416,7682,7922,7590,7877,8021,7759,7499,7880,7738,7882,7836,7910,7550,8030,7985,7292,8010,7820,7122,7845,7868,8013,6358,0.00019249109529105538,8.765032600665244e-05,0.00023055596312042395,0.0002195950046000621,0.0005378454053448331,0.00032017054454030623,0.0002756464353300675,0.0009461043745539736,0.0009461043745539736,0.0011636502178449873,0.0011636502178449873,0.0006052976073468534,0.0006005011219428015,0.0006005011219428015,0.00026852843772063743,0.00021023755771903022,0.003424278233994697,0.003424278233994697,0.002377376977398216,0.0032006252923870698,0.004624175118247243,0.004403915316474857,0.004624175118247243,0.0011058086679258871,0.06697124412778481,0.028301858107817716,0.10419459758769317,0.02777733982968175,0.1248987990365416,0.1883188408299749,0.05104985345428906,0.13868274794893798,0.13868274794893798,0.16801571695011605,0.16801571695011605,0.08974700609157256,0.09211400317150227,0.09211400317150227,0.14974273685888612,0.13164251627676346,0.11962033850362816,0.11962033850362816,0.046365347031602624,0.048807137937277256,0.21206114557608924,0.13567225668720034,0.21206114557608924,0.001366599420087433
335,24,0.0014158693906678582,8.357353609017062e-05,0.004641971660170479,0.11046590002065293,0.0012527161350801468,0.22059750878731227,0,False,63,0,0,0,0,7416,7682,7922,7590,7877,8021,7759,7499,7880,7738,7836,7910,7550,8054,8055,7985,7292,8010,7820,7122,7845,7868,8013,6358,0.0001855366595764142,8.357353609017062e-05,0.00022455534501860237,0.00020935044816885895,0.0005268937108914598,0.00031927249751260555,0.00026450552600065645,0.0009304248877290451,0.0009304248877290451,0.001153806188281572,0.0005871628248455031,0.000582896362261467,0.000582896362261467,0.00027172922127681546,0.00021166770583777277,0.00021166770583777277,0.00334959663153131,0.00334959663153131,0.0022782982991458433,0.0030693357092519006,0.004641971660170479,0.004327280256839387,0.004641971660170479,0.001046450658068652,0.06139030711713607,0.025943369932166237,0.09551171445538541,0.0254625615105416,0.11449056578349645,0.17262560409414365,0.04679569899976497,0.12712585228652648,0.12712585228652648,0.15401440720427303,0.08226808891727484,0.08443783624054374,0.08443783624054374,0.22059750878731227,0.20400563992036652,0.20400563992036652,0.10965197696165914,0.10965197696165914,0.04250156811230241,0.04473987644250415,0.19438938344474846,0.1243662352966003,0.19438938344474846,0.0012527161350801468
336,24,0.0013865818778521699,7.963374269409305e-05,0.004636828750219621,0.10126040835226517,0.001148323123823468,0.20221438305503625,0,False,63,0,0,0,0,7416,7682,7922,7590,7877,8021,7759,7499,7880,7738,7836,7910,7550,8054,8055,7985,7292,8010,7820,7122,7845,7868,8013,6358,0.00017855414757816533,7.963374269409305e-05,0.00021817964229304488,0.00019945446258152474,0.0005146624479676346,0.0003169805957198445,0.00025351264829252097,0.000912048167879909,0.000912048167879909,0.001139567660470076,0.0005683794792225211,0.0005645925164817808,0.0005645925164817808,0.000273427972641888,0.00021200344673325352,0.00021200344673325352,0.003267408232007196,0.003267408232007196,0.0021809872104442693,0.0029400803451621023,0.004636828750219621,0.004238535184429274,0.004636828750219621,0.0009902473023116005,0.056274448190708065,0.02378142243781905,0.08755240491743661,0.023340681384663133,0.1049496853015384,0.15824013708629833,0.04289605741645122,0.11653203126264927,0.11653203126264927,0.14117987327058362,0.07541241484083527,0.07740134988716509,0.07740134988716509,0.20221438305503625,0.18700516992700264,0.18700516992700264,0.10051431221485421,0.10051431221485421,0.03895977076961054,0.0410115534056288,0.17819026815768607,0.11400238235521694,0.17819026815768607,0.001148323123823468
337,24,0.0013545204533301342,7.583374292609037e-05,0.0046107239890617,0.09629426321179863,0.0010526295301715122,0.25475473909975244,0,False,63,0,0,0,0,7416,7682,7922,7590,7877,8021,7759,7499,7880,7738,7836,7910,7550,8054,8102,7985,7292,8010,7820,7122,7845,7868,8013,6358,0.00017158836874164976,7.583374292609037e-05,0.00021151290119626124,0.00018991335635060996,0.0005013734932355447,0.0003134396678354018,0.00024271138679906037,0.0008913855122165815,0.0008913855122165815,0.001121466076781779,0.0005491415255072632,0.000545786705627228,0.000545786705627228,0.00027372430899020954,0.00021678123318004733,0.00021133102437373354,0.0031790895150985176,0.0031790895150985176,0.002085762322584056,0.0028133287365977966,0.0046107239890617,0.0041395761421101265,0.0046107239890617,0.0009370351487055303,0.05158491084148239,0.02179963723466746,0.08025637117431689,0.021395624602607872,0.09620387819307687,0.14505345899577346,0.03932138596508029,0.1068210286574285,0.1068210286574285,0.12941488383136832,0.06912804693743232,0.07095123739656799,0.07095123739656799,0.18536318446711655,0.25475473909975244,0.1714214057664191,0.09213811953028303,0.09213811953028303,0.03571312320547633,0.03759392395515973,0.16334107914454557,0.10450218382561552,0.16334107914454557,0.0010526295301715122
338,24,0.0013211059590295664,7.217499904278343e-05,0.004565737073857688,0.0917419634997043,0.0009649104026572194,0.2335251775081064,0,False,64,0,0,0,0,7416,7682,7922,7590,7877,8021,7759,7499,7880,8121,7836,7910,7550,8054,8102,7985,7292,8010,7820,7122,7845,7868,8013,6358,0.00016467789251950268,7.217499904278343e-05,0.00020463126551233893,0.00018073017070078913,0.0004872326632413697,0.0003087956521714224,0.000232137786382263,0.0008688245714564038,0.0008688245714564038,0.001128390616307343,0.0005296216556842143,0.0005266549608447834,0.0005266549608447834,0.00027273066350933157,0.0002202334373765326,0.00020974322625351763,0.003085909689742536,0.003085909689742536,0.0019928820084294313,0.002689465863380993,0.004565737073857688,0.00403218387443128,0.004565737073857688,0.000886658649963666,0.047286168271358855,0.019983000798445172,0.07356834024312381,0.019612655885723883,0.08818688834365379,0.13296567074612567,0.03604460380132359,0.09791927626930945,0.09791927626930945,0.20196364351208762,0.06336737635931296,0.06503863428018732,0.06503863428018732,0.16991625242819017,0.2335251775081064,0.1571362886192175,0.08445994290275945,0.08445994290275945,0.032737029605019966,0.03446109695889642,0.14972932254916677,0.09579366850681423,0.14972932254916677,0.0009649104026572194
339,24,0.0013767968794045806,6.865783444302121e-05,0.004503984644640718,0.0899371850365186,0.0008845012024357845,0.2140647460490975,0,False,65,0,0,0,0,7416,7682,7922,7590,7877,8021,7759,7499,7880,8121,7910,7550,8054,8102,7985,7292,8010,7820,7122,8155,7845,7868,8013,6358,0.00015785554604618146,6.865783444302121e-05,0.00019760301559477645,0.0001719051641331372,0.00047242863361580603,0.0003031921861567427,0.0002218211381589189,0.0008447258520242394,0.0008447258520242394,0.0011295342155839265,0.0005073529397341337,0.0005073529397341337,0.000270567459605056,0.00022241414892914556,0.00020733611188558619,0.002989025868501704,0.002989025868501704,0.0019025511202318951,0.0026350504172636363,0.0026350504172636363,0.004503984644640718,0.003918009228448363,0.004503984644640718,0.0008389698585485174,0.04334565424874562,0.018317750731908073,0.06743764522286348,0.017978267895246893,0.08083798098168264,0.12188519818394852,0.03304088681787996,0.08975933658020033,0.08975933658020033,0.1851333398860803,0.0596187480901717,0.0596187480901717,0.15575656472584098,0.2140647460490975,0.14404159790094936,0.07742161432752949,0.07742161432752949,0.030008943804601635,0.11492267221232172,0.11492267221232172,0.13725187900340285,0.08781086279791304,0.13725187900340285,0.0008845012024357845
340,24,0.0011278256211829782,6.528160899648512e-05,0.004541753284862464,0.10529783366321042,0.0008107927688994691,0.25303889489557363,0,False,65,0,0,0,0,7416,7682,7922,7590,7877,8021,7759,8166,7499,7880,8121,8169,7910,7550,8054,8102,7985,8176,7820,7122,8155,7845,8182,6358,0.00015114892218281162,6.528160899648512e-05,0.00019048877627467106,0.0001634362453414999,0.00045713248923511104,0.00029676793441983965,0.00021724663788195403,0.00021724663788195403,0.0008194206031429352,0.0008194206031429352,0.0011543844217341522,0.0011543844217341522,0.00048801693550985754,0.00048801693550985754,0.0002673589560621796,0.00022339546215572093,0.000204206274890789,0.0029640013589496547,0.0018149272925952575,0.002574192130465342,0.002574192130465342,0.004427566722741087,0.004541753284862464,0.0007938281222154256,0.039733516394683484,0.016791271504249066,0.06181784145429152,0.01648007890397632,0.07410148256654242,0.11172809833528614,0.11362081291638997,0.11362081291638997,0.08227939186518363,0.08227939186518363,0.25303889489557363,0.25303889489557363,0.05465051908265739,0.05465051908265739,0.14277685099868756,0.1962260172116727,0.1320381314092036,0.15430314646690202,0.027508198487551497,0.10534578286129491,0.10534578286129491,0.12581422241978593,0.20914755575311927,0.0008107927688994691
341,24,0.001226728782351426,6.204487497673601e-05,0.004555513461493314,0.10502129776438607,0.0007432267048245134,0.23195232032094248,0,False,66,0,0,0,0,7416,7682,7922,7590,7877,8021,7759,7499,7880,8121,8169,7910,7550,8054,8102,7985,8201,8176,7820,7122,8155,7845,8182,6358,0.0001445808835185768,6.204487497673601e-05,0.00018334184936540145,0.00015531935777647106,0.0004414977750418827,0.00028965458444782074,0.0002121518052093857,0.0007932098396770276,0.0007932098396770276,0.001172204305712438,0.001172204305712438,0.0004687650855087572,0.0004687650855087572,0.0002632297810740305,0.000223262781957345,0.00020044862537951251,0.00300316502738459,0.00300316502738459,0.00173012678995348,0.002508002869812788,0.002508002869812788,0.004338524167977914,0.004555513461493314,0.0007510997820711491,0.03642239002845986,0.015391998878894976,0.05666635466643389,0.015106738995311626,0.06792635901933054,0.1024174234740123,0.10415241184002413,0.07542277587641832,0.07542277587641832,0.23195232032094248,0.23195232032094248,0.050096309159102605,0.050096309159102605,0.13087878008213025,0.17987384911069998,0.12103495379176996,0.22477788426132686,0.22477788426132686,0.02521584861358887,0.09656696762285366,0.09656696762285366,0.11532970388480376,0.19171859277369266,0.0007432267048245134
342,24,0.0012154163959623464,5.894551499023487e-05,0.004547063551431156,0.10884104479443202,0.0006812911460891372,0.21262296029419728,1,False,66,0,0,0,0,7416,7682,7922,7590,7877,8212,7759,7499,7880,8121,8169,7910,8219,8054,8102,7985,8201,8176,7820,7122,8155,7845,8182,6358,0.00013817005160830513,5.894551499023487e-05,0.0001762086334295593,0.0001475488194217715,0.00043663869049199484,0.00043663869049199484,0.0002066277456699297,0.0007663642714421538,0.0007663642714421538,0.0011832898521045123,0.0011832898521045123,0.0004612963931743449,0.0004612963931743449,0.0002583021346513487,0.0002221105540889521,0.0001961546580652674,0.003025480150938735,0.003025480150938735,0.001648229879375325,0.0024375145760702115,0.0024375145760702115,0.004238806217093405,0.004547063551431156,0.0007106578748271559,0.03338719085942154,0.014109332305653728,0.051944158444231066,0.013847844079035656,0.14559916243438634,0.14559916243438634,0.09547304418668878,0.06913754455338346,0.06913754455338346,0.21262296029419728,0.21262296029419728,0.12925495006251073,0.12925495006251073,0.11997221507528605,0.1648843616848083,0.11094870764245579,0.2060463939062163,0.2060463939062163,0.023114527895789796,0.08851972032094918,0.08851972032094918,0.10571889522773678,0.17574204337588492,0.0006812911460891372
343,24,0.001248373486287085,5.598086334817687e-05,0.004518364717905952,0.10197534786814,0.0006245168839150424,0.19490438026968082,2,False,66,0,0,0,0,7416,7682,7922,7590,7877,8212,7759,7499,7880,8121,7910,8219,8054,8102,7985,8201,8176,7820,7122,8252,8155,7845,8182,6358,0.00013193127378733965,5.598086334817687e-05,0.00016912910000526187,0.00014011762145713883,0.00043023507666645,0.00043023507666645,0.00020075887903122137,0.0007391249344328968,0.0007391249344328968,0.0011880307804584967,0.0004524551174286035,0.0004524551174286035,0.00025269361261070453,0.00022003851123350769,0.00019141115826243948,0.003032011678673524,0.003032011678673524,0.0015692857258666477,0.0023636737117019263,0.002424632651909341,0.002424632651909341,0.004130246956396899,0.004518364717905952,0.0006723818406026984,0.03060492495446974,0.012933554613515917,0.047615478573878475,0.012693857072449351,0.13346589889818747,0.13346589889818747,0.08751695717113138,0.06337608250726817,0.06337608250726817,0.19490438026968082,0.11848370422396816,0.11848370422396816,0.10997453048567887,0.15114399821107427,0.10170298200558447,0.18887586108069826,0.18887586108069826,0.021188317237807314,0.08114307696087007,0.1644764102942034,0.1644764102942034,0.09690898729209205,0.16109687309456117,0.0006245168839150424
344,24,0.0012269545592849028,5.3147812332970704e-05,0.004471467370658408,0.10389406887912833,0.0005724738102554555,0.20567707399000518,3,False,67,0,0,0,0,7416,7682,7922,7590,8260,8212,7759,7499,7880,8121,8267,8219,8054,8102,7985,8201,8176,7820,7122,8252,8155,7845,8182,6358,0.0001258760623964782,5.3147812332970704e-05,0.00016213730142569,0.00013301768947184133,0.0004333830445011986,0.00042248713782607725,0.0001946225179369646,0.0007117043462434316,0.0007117043462434316,0.0011868857354742554,0.0004538570976106329,0.0004538570976106329,0.00024651558911078294,0.0002171484760187384,0.0001862992909794483,0.003023978938860967,0.003023978938860967,0.0014933168194793333,0.002287338890819316,0.0024017390948362738,0.0024017390948362738,0.0040145494919482895,0.004471467370658408,0.0006361572373552645,0.028054514541597263,0.011855758395722922,0.04364752202605527,0.011636035649745238,0.20567707399000518,0.12234374065667183,0.08022387740687043,0.05809474229832916,0.05809474229832916,0.17866234858054075,0.19194339553863748,0.19194339553863748,0.10080998627853896,0.13854866502681806,0.09322773350511909,0.17313620599064006,0.17313620599064006,0.019422624134656702,0.07438115388079757,0.15077004276968645,0.15077004276968645,0.08883323835108438,0.1476721336700144,0.0005724738102554555
345,24,0.0013020470350937163,5.0442904779466215e-05,0.004522142580555702,0.11546671027779604,0.0005247676594008342,0.2592814459104177,4,False,68,0,0,0,0,7416,7682,7922,7590,8260,8212,7759,7880,8121,8267,8291,8054,8102,7985,8201,8176,7820,8298,7122,8252,8155,8302,8182,6358,0.00012001300324069618,5.0442904779466215e-05,0.00015526189061402655,0.00012624011079644825,0.00043427372394070805,0.0004135882953174096,0.00018828870226576618,0.0006842880348498367,0.001180359782655719,0.00045304377449458525,0.00046472773418158956,0.00023987208645860977,0.00021354172355966022,0.00018089401618428313,0.0030027006695172486,0.0030027006695172486,0.0014203229522357136,0.002266258203829144,0.002266258203829144,0.002369945868045526,0.002369945868045526,0.004522142580555702,0.004522142580555702,0.0006018754627794307,0.02571663832979749,0.010867778529412678,0.040010228523883994,0.010666366012266467,0.1885373178241714,0.11214842893528251,0.07353855428963121,0.053253513773468396,0.16377381953216236,0.17594811257708434,0.2592814459104177,0.09240915408866071,0.1270029429412499,0.08545875571302583,0.15870818882475338,0.15870818882475338,0.017804072123435308,0.15151605772406446,0.15151605772406446,0.13820587253887923,0.13820587253887923,0.21869945586417985,0.21869945586417985,0.0005247676594008342
346,24,0.0012876877657003697,4.7862414333448976e-05,0.004547994860424828,0.10584448442131304,0.0004810370211174313,0.2376746587512162,5,False,69,0,0,0,0,7416,7682,7922,7590,8260,8212,7759,7880,8121,8267,8291,8054,8102,7985,8201,8176,7820,8298,7122,8252,8155,8302,8182,6358,0.00011434813166534576,4.7862414333448976e-05,0.00014852663776855187,0.00011977533136368548,0.00043308212979234435,0.00040372235916915066,0.00018182023588464698,0.0006570363155369367,0.0011689846724373895,0.0004502103692330056,0.0004727274340621518,0.00023285905867834124,0.0002093168783462228,0.0001752637746306551,0.002969547366655286,0.002969547366655286,0.0013502847688178668,0.002236725739241527,0.002236725739241527,0.0023303582240658655,0.0023303582240658655,0.004547994860424828,0.004547994860424828,0.0005694334843141131,0.0235735851356477,0.009962130318628288,0.03667604281356033,0.009777502177910928,0.17282587467215713,0.10280272652400897,0.06741034143216194,0.048815720959012696,0.1501260012378155,0.16128576986232732,0.2376746587512162,0.08470839124793898,0.11641936436281239,0.07833719273694034,0.1454825064226906,0.1454825064226906,0.016320399446482364,0.13888971958039242,0.13888971958039242,0.12668871649397262,0.12668871649397262,0.20047450120883153,0.20047450120883153,0.0004810370211174313
347,24,0.0012690619526938764,4.540241467504615e-05,0.0045507056691158196,0.09702411071953694,0.0004409506026909787,0.21786843718861484,6,False,69,0,0,0,0,7416,7682,7922,7590,8260,8212,7759,7880,8121,8267,8291,8054,8102,7985,8201,8176,7820,8298,7122,8252,8155,8302,8182,6358,0.00010888527582941058,4.540241467504615e-05,0.00014195093268727649,0.00011361332531263879,0.0004299973637949845,0.0003930615198093205,0.0001752728786062565,0.0006300862142470944,0.0011533020734201564,0.00044556108565603513,0.00047796348046122715,0.00022556401739225215,0.00020456830185516112,0.000169470392249748,0.0029259012598401722,0.0029259012598401722,0.0012831669187325138,0.00219978471562114,0.00219978471562114,0.0022840519015208563,0.0022840519015208563,0.0045507056691158196,0.0045507056691158196,0.000538733577727936,0.021609119707677055,0.009131952792075931,0.0336197059124303,0.008962710329751683,0.15842371844947736,0.09423583264700822,0.061792812979481776,0.0447477442124283,0.1376155011346642,0.1478452890404667,0.21786843718861484,0.07764935864394407,0.10671775066591135,0.0718090933421953,0.1333589642207997,0.1333589642207997,0.0149603661592755,0.1273155762820264,0.1273155762820264,0.11613132345280823,0.11613132345280823,0.18376829277476223,0.18376829277476223,0.0004409506026909787
348,24,0.0012633573458756312,4.305883890917721e-05,0.0045321611240249264,0.09461596847760632,0.008215817802272376,0.1997127340895636,7,False,69,0,0,0,0,7416,7682,7590,8260,8212,7759,7880,8121,8267,8291,8054,8102,7985,8201,8176,7820,8298,7122,8252,8155,8302,8182,6358,8375,0.00010362636764876679,4.305883890917721e-05,0.00010774374033015325,0.0004252158117662196,0.00038176504033017236,0.0001686956526355442,0.0006035534565530856,0.0011338497750184035,0.00043930290745379166,0.0004805840373390913,0.0002180659334649804,0.0001993849164584809,0.00016356915612328508,0.0028731237678494225,0.0028731237678494225,0.0012189208397318922,0.002156451600525307,0.002156451600525307,0.0022320556642885622,0.0022320556642885622,0.0045321611240249264,0.0045321611240249264,0.0005228277569378344,0.0005228277569378344,0.0198083597320373,0.008370956726069603,0.008215817802272376,0.14522174191202092,0.08638284659309087,0.05664341189785829,0.041018765528059276,0.1261475427067755,0.13552484828709446,0.1997127340895636,0.07117857875694872,0.0978246047770854,0.0658250022303457,0.12224571720239973,0.12224571720239973,0.013713668979335875,0.11670594492519085,0.11670594492519085,0.10645371316507421,0.10645371316507421,0.16845426837686536,0.16845426837686536,0.08373753805246674,0.08373753805246674
349,24,0.0012429516475739421,4.082753023412001e-05,0.004494372830959047,0.09714797110447244,0.007531166318749677,0.18307000624876663,8,False,69,0,0,0,0,7416,7682,7590,8260,8212,7759,7880,8121,8267,8291,8054,8102,7985,8201,8176,7820,8298,7122,8252,8394,8302,8182,6358,8399,9.857172252835141e-05,4.082753023412001e-05,0.00010215602149113364,0.00041893543336622236,0.0003699785317291389,0.00016213122917685833,0.0005775344596432846,0.001111150716343582,0.00043164052332279396,0.00048076789681203246,0.0002104353544601572,0.00019384940633991387,0.00015760902076100906,0.002812529968761654,0.002812529968761654,0.0011574872030528445,0.0021076993737845153,0.0021076993737845153,0.0022314403801087838,0.0022314403801087838,0.004494372830959047,0.004494372830959047,0.0005063108363443785,0.0005193685489407842,0.018157663087700858,0.007673376998897135,0.007531166318749677,0.13311993008601916,0.07918427604366662,0.05192312757303676,0.03760053506738767,0.11563524748121087,0.12423111092983659,0.18307000624876663,0.06524703052720299,0.08967255437899495,0.06033958537781688,0.11205857410219974,0.11205857410219974,0.012570863231057884,0.10698044951475827,0.10698044951475827,0.18091590373465138,0.18091590373465138,0.15441641267879325,0.15441641267879325,0.07675940988142785,0.1600927432147612
350,24,0.001219056434322523,3.8704284906457944e-05,0.004439409934923116,0.08905230684576641,0.0069035691255205376,0.16781417239470273,9,False,69,0,0,0,0,7416,7682,7590,8260,8212,7759,7880,8121,8267,8291,8054,8102,7985,8201,8176,7820,8298,7122,8252,8394,8302,8182,6358,8399,9.372028944883127e-05,3.8704284906457944e-05,9.68395161246145e-05,0.00041135112226430205,0.0003578337006725496,0.00015561636688092654,0.0005521082801807715,0.0010857046035760804,0.00042277231777601516,0.0004787150847238956,0.00020273468537909458,0.00018803773566787306,0.00015163290930010948,0.002745369416922256,0.002745369416922256,0.0010987980508604357,0.0020544452997002054,0.0020544452997002054,0.0022205722574382466,0.0022205722574382466,0.004439409934923116,0.004439409934923116,0.0004893583133685375,0.0005138333446424133,0.01664452449705912,0.007033928915655707,0.0069035691255205376,0.1220266025788509,0.07258558637336107,0.0475962002752837,0.034467157145105363,0.10599897685777664,0.1138785183523502,0.16781417239470273,0.059809777983269405,0.0821998415140787,0.05531128659633214,0.1027203595936831,0.1027203595936831,0.011523291295136394,0.09806541205519508,0.09806541205519508,0.16583957842343042,0.16583957842343042,0.1415483782888938,0.1415483782888938,0.07036279239130885,0.14675168128019775
351,24,0.001274738228362364,3.7630988522673925e-05,0.004369342616432436,0.09908195458275382,0.006328271698393826,0.23716299136181085,10,False,69,0,0,0,0,7416,8425,7590,8260,7759,7880,8121,8267,8433,8054,8102,7985,8201,8176,7820,8298,7122,8252,8394,8443,8302,8182,6358,8399,8.906987326210623e-05,3.7630988522673925e-05,9.178356200151507e-05,0.0004026510692555824,0.00014918237927182183,0.0005273384838110689,0.0010579818233849114,0.00041288733212679565,0.0004868794330934474,0.0001950185877585704,0.00018201892687536546,0.0001456780799725963,0.0026728125307441467,0.0026728125307441467,0.00104277865541481,0.001997542598441041,0.001997542598441041,0.002200445452344339,0.002257194749887,0.002257194749887,0.004369342616432436,0.004369342616432436,0.00047212676040463364,0.0005064610821872524,0.01525748078897086,0.08978110150601774,0.006328271698393826,0.11185771903061331,0.04362985025234339,0.03159489404967992,0.09716572878629524,0.10438864182298768,0.23716299136181085,0.054825629817996956,0.07534985472123881,0.050702012713304455,0.09416032962754284,0.09416032962754284,0.010563017020541694,0.08989329438392882,0.08989329438392882,0.15201961355481122,0.23535294688814457,0.23535294688814457,0.12975268009815263,0.12975268009815263,0.06449922635869978,0.13452237450684792
352,24,0.0012495898815640704,3.650390859786564e-05,0.004286196640734186,0.09429734725641321,0.00968276560216322,0.2173994087483266,11,False,68,0,0,0,0,7416,8425,8450,8260,7759,7880,8121,8267,8433,8054,8102,7985,8201,8176,7820,8298,7122,8252,8394,8443,8302,8182,6358,8399,8.461733121560867e-05,3.650390859786564e-05,8.922070467682506e-05,0.0003930140322699025,0.0001428556131209149,0.0005032749126733355,0.0010284193362046373,0.00040216308158767393,0.000492201685978342,0.0001873344595612719,0.00017585504647068626,0.00013977653352117004,0.0025959417379582657,0.0025959417379582657,0.0009893491281324541,0.00193777540107402,0.00193777540107402,0.0021720769515544427,0.0022807123826205206,0.0022807123826205206,0.004286196640734186,0.004286196640734186,0.0004547544985394325,0.0004974876086591401,0.01398602405655662,0.08229934304718294,0.08913424905686101,0.10253624244472886,0.03999402939798144,0.02896198621220659,0.08906858472077063,0.0956895883377387,0.2173994087483266,0.050256827333163875,0.06907070016113558,0.046476844987195745,0.08631363549191426,0.08631363549191426,0.00968276560216322,0.08240218651860141,0.08240218651860141,0.13935131242524362,0.21574020131413252,0.21574020131413252,0.1189399567566399,0.1189399567566399,0.059124290828808136,0.12331217663127726
353,24,0.0012261168736799235,3.5336457471342887e-05,0.004191918148036787,0.10032812387393435,0.008875868468649618,0.19928279135263272,12,False,69,0,0,0,0,8472,8425,8450,8260,7759,7880,8121,8479,8433,8054,8102,7985,8201,8176,7820,8298,8487,8252,8394,8443,8302,8182,6358,8399,8.243119088767299e-05,3.5336457471342887e-05,8.65327898236896e-05,0.000382607401917218,0.000136657923903017,0.00047995533578153323,0.0009974182322216613,0.0004008418795612322,0.0004948352959833221,0.00017972296511800943,0.00016960135149050295,0.00013395544205292728,0.0025157465789316788,0.0025157465789316788,0.0009384258050516688,0.001924234572707483,0.001924234572707483,0.0021364798508862297,0.0022918503844682296,0.0022918503844682296,0.004191918148036787,0.004191918148036787,0.00043736252595620085,0.0004871411519235751,0.09615385538517691,0.07544106445991769,0.08170639496878926,0.09399155557433479,0.03666119361481632,0.026548487361189373,0.08164620266070641,0.17104878930959383,0.19928279135263272,0.046068758388733554,0.06331480848104094,0.0426037745715961,0.07912083253425474,0.07912083253425474,0.008875868468649618,0.15886867097538465,0.15886867097538465,0.1277387030564733,0.19776185120462147,0.19776185120462147,0.10902829369358658,0.10902829369358658,0.054197266593074125,0.11303616191200415
354,24,0.0012001674766078958,3.4140697519627766e-05,0.004088347617676933,0.09543966910666202,0.008136212762928816,0.1869498150860038,13,False,69,0,0,0,0,8472,8425,8450,8260,7759,7880,8121,8479,8433,8054,8102,7985,8201,8176,7820,8298,8487,8252,8394,8443,8302,8182,6358,8519,8.010516409281962e-05,3.4140697519627766e-05,8.37514275268529e-05,0.000371585946043888,0.00013060713799594833,0.0004574069738605851,0.0009653426477632644,0.0003977887070627669,0.0004949649984894323,0.00017221859051580625,0.0001633065558664378,0.00012823758404236293,0.002433122017342498,0.002433122017342498,0.0008899224333652732,0.0019030743291381632,0.0019030743291381632,0.0020946419966491854,0.002291474721540663,0.002291474721540663,0.004088347617676933,0.004088347617676933,0.00042005561844888766,0.0004879055879498448,0.08814103410307883,0.06915430908825788,0.07489752872139015,0.08615892594314022,0.033606094146914955,0.024336113414423592,0.07484235243898087,0.15679472353379434,0.18267589207324664,0.04222969518967242,0.05803857444095419,0.039053460023963094,0.07252742982306684,0.07252742982306684,0.008136212762928816,0.14562961506076927,0.14562961506076927,0.11709381113510052,0.18128169693756968,0.18128169693756968,0.09994260255245435,0.09994260255245435,0.04968082771031795,0.1869498150860038
355,24,0.0011717126550190478,3.2927369198641465e-05,0.003977201813383222,0.09095858556999574,0.007458195032684747,0.1713706638288368,14,False,70,0,0,0,0,8520,8425,8450,8260,7759,7880,8121,8479,8433,8054,8102,7985,8201,8176,7820,8298,8487,8252,8394,8443,8302,8182,6358,8519,7.967336830680409e-05,3.2927369198641465e-05,8.090502234982215e-05,0.0003600911189048097,0.00012471749421150236,0.0004356478954161834,0.0009325197647090417,0.0003931858742795257,0.0004927971646273488,0.0001648502051994616,0.0001570131821482666,0.000122641773819813,0.0023488692774374176,0.0023488692774374176,0.0008437511817488848,0.001875180398567082,0.001875180398567082,0.00204750956380078,0.002280547848272521,0.002280547848272521,0.003977201813383222,0.003977201813383222,0.0004029235346690023,0.0004863505317467735,0.1641292812611556,0.06339144999756972,0.06865606799460763,0.07897901544787853,0.030805586301338707,0.022308103963221627,0.06860548973573245,0.1437284965726448,0.16745290106714275,0.03871055392386639,0.05320202657087467,0.03579900502196617,0.06648347733781126,0.06648347733781126,0.007458195032684747,0.13349381380570516,0.13349381380570516,0.10733599354050881,0.16617488885943887,0.16617488885943887,0.09161405233974981,0.09161405233974981,0.04554075873445811,0.1713706638288368
356,24,0.0012345167414994846,3.1705942456193045e-05,0.0038600624880147628,0.09430264773928881,0.006836678779961018,0.2404231085097671,15,False,70,0,0,0,0,8520,8425,8450,8260,7759,7880,8121,8479,8433,8054,7985,8201,8176,8557,7820,8298,8487,8252,8394,8443,8302,8182,6358,8567,7.891341360614268e-05,3.1705942456193045e-05,7.801884527721892e-05,0.0003482508276081808,0.00011900005963110042,0.0004146882847360041,0.0008992406460921125,0.0003872165875686789,0.0004885512701616891,0.000157641615157533,0.00011718327693149182,0.0022636986079935836,0.002322079198939417,0.002322079198939417,0.0007998234952631159,0.0018414253900245047,0.0018414253900245047,0.001995975032119479,0.002260089689964238,0.002260089689964238,0.0038600624880147628,0.0038600624880147628,0.0003860422723370962,0.000495138085162164,0.1504518411560593,0.05810882916443891,0.06293472899505699,0.07239743082722198,0.028238454109560482,0.020449095299619822,0.06288836559108808,0.13175112185825774,0.15349849264488086,0.035484674430210854,0.032815754603468986,0.06094318755966032,0.14427652089299367,0.14427652089299367,0.006836678779961018,0.12236932932189638,0.12236932932189638,0.09839132741213306,0.15232698145448562,0.15232698145448562,0.08397954797810399,0.08397954797810399,0.041745695506586605,0.2404231085097671
357,24,0.0012035300885718146,3.0484684792787283e-05,0.0037383706660449765,0.08644409376101474,0.006266955548297599,0.22038784946728648,16,False,70,0,0,0,0,8520,8425,8450,8260,7759,7880,8121,8479,8433,8054,7985,8201,8176,8557,7820,8298,8487,8252,8394,8443,8302,8182,6358,8567,7.786185072277431e-05,3.0484684792787283e-05,7.51151597670798e-05,0.0003361795585525541,0.00011346311662805751,0.00039453158539079784,0.0008657616938911698,0.00038006076659299,0.0004824525893108686,0.00015061209692968861,0.0001118742052761962,0.002178233457389097,0.0022871768032667245,0.0022871768032667245,0.0007580508136953211,0.0018026523847129456,0.0018026523847129456,0.0019408689696362067,0.0022311443201891213,0.0022311443201891213,0.0037383706660449765,0.0037383706660449765,0.0003694753335337799,0.0005010078951866501,0.1379141877263877,0.053266426734069,0.0576901682454689,0.06636431159162015,0.02588524960043044,0.018745004024651502,0.057647668458497406,0.12077186170340293,0.14070695159114077,0.03252761822769328,0.030081108386513237,0.05586458859635529,0.1322534774852442,0.1322534774852442,0.006266955548297599,0.11217188521173835,0.11217188521173835,0.09019205012778864,0.1396330663332785,0.1396330663332785,0.07698125231326199,0.07698125231326199,0.03826688754770439,0.22038784946728648
358,24,0.0011709266491682707,2.9270740389952156e-05,0.003613425407137444,0.0827126415031524,0.005744709252606133,0.2020221953450126,17,False,70,0,0,0,0,8520,8425,8450,8260,7759,8597,8121,8479,8433,8054,7985,8201,8176,8557,7820,8298,8487,8252,8394,8443,8302,8182,6358,8567,7.655498942482491e-05,2.9270740389952156e-05,7.221338616882491e-05,0.00032397877818234066,0.00010811251945616416,0.0003848512691009343,0.0008323065477606629,0.0003718917808750186,0.00047472613257912115,0.0001437769048592893,0.00010672388796648989,0.002093015626574213,0.0022452253254213175,0.0022452253254213175,0.0007183451703680089,0.0017596625996871298,0.0017596625996871298,0.001882955025462012,0.0021947523903137474,0.0021947523903137474,0.003613425407137444,0.003613425407137444,0.0003532749673372863,0.0005041104084140753,0.1264213387491887,0.048827557839563246,0.052882654225013155,0.06083395229231847,0.023728145467061236,0.10051625368926388,0.05284369608695595,0.11070753989478602,0.12898137229187903,0.029816983375385506,0.0275743493543038,0.051209206213325684,0.12123235436147384,0.12123235436147384,0.005744709252606133,0.10282422811076015,0.10282422811076015,0.08267604595047291,0.12799697747217195,0.12799697747217195,0.07056614795382349,0.07056614795382349,0.03507798025206235,0.2020221953450126
359,24,0.0011371546088829565,2.8070215772138262e-05,0.003486386065809991,0.07929214360011193,0.005265983481555622,0.20156625793422245,18,False,71,0,0,0,0,8520,8425,8450,8260,7759,8597,8121,8479,8624,8054,7985,8201,8176,8557,7820,8298,8487,8252,8394,8443,8302,8182,6358,8567,7.502815353703744e-05,2.8070215772138262e-05,6.933029145901263e-05,0.00031173753446079477,0.00010295201993451384,0.0003744488637213441,0.0007990682745156781,0.00036287401453886513,0.00047759935383503136,0.00013714774659473247,0.00010173921548825906,0.0020085110437856758,0.0021972500752552014,0.0021972500752552014,0.0006806196867012503,0.0017132066271284931,0.0017132066271284931,0.0018229275584824788,0.002151929074128066,0.002151929074128066,0.003486386065809991,0.003486386065809991,0.00033748336657911734,0.0005046295891415246,0.11588622718675631,0.044758594686266306,0.048475766372928726,0.0557644562679586,0.0217508000114728,0.09213989921515855,0.04844005474637629,0.10148191157022052,0.20156625793422245,0.027332234760770045,0.025276486908111816,0.04694177236221521,0.11112965816468434,0.11112965816468434,0.005265983481555622,0.09425554243486348,0.09425554243486348,0.07578637545460017,0.11733056268282428,0.11733056268282428,0.0646856356243382,0.0646856356243382,0.032154815231057156,0.18518701239959487
360,24,0.0012350214162177339,2.6888268400658335e-05,0.0034448868639246396,0.08169571831605847,0.00482715152475932,0.2530880946996287,0,False,71,0,0,0,0,8520,8425,8450,8260,7759,8597,8121,8624,8054,7985,8201,8176,8557,7820,8298,8487,8252,8394,8443,8302,8660,8182,6358,8663,7.331511110357267e-05,2.6888268400658335e-05,6.648019371382748e-05,0.0002995331972483872,9.798356261960031e-05,0.0003634738648850007,0.0007662117266043682,0.0004780301803683381,0.00013073322389259707,9.692495600140385e-05,0.0019251158745363442,0.002144223862475841,0.002144223862475841,0.0006447889761905243,0.0016639787280902645,0.0016639787280902645,0.0017614113730729207,0.0021036470934859704,0.0021036470934859704,0.0034448868639246396,0.0034448868639246396,0.0033582771862920614,0.00032213380248301185,0.0005157393958595652,0.10622904158785995,0.04102871179574411,0.04443611917518466,0.05111741824562871,0.019938233343850066,0.084461574280562,0.0444033835175116,0.18476906977303723,0.025054548530705874,0.0231701129991025,0.04302995799869727,0.10186885331762731,0.10186885331762731,0.00482715152475932,0.08640091389862485,0.08640091389862485,0.06947084416671681,0.10755301579258893,0.10755301579258893,0.14262849932231003,0.14262849932231003,0.059295165988976675,0.029475247295135724,0.2530880946996287
361,24,0.0012462845126342756,2.5729195408567552e-05,0.003391542029285452,0.08842007299149986,0.018276713898529227,0.23199742014132627,1,False,70,0,0,0,0,8520,8425,8450,8667,7759,8597,8121,8624,8054,7985,8201,8176,8557,8679,8298,8487,8252,8394,8443,8302,8660,8182,6358,8663,7.144766002159532e-05,2.5729195408567552e-05,6.367517292960465e-05,0.0002948451405607566,9.320755048005536e-05,0.00035206256511916223,0.0007338759730497351,0.00047621563272138206,0.00012453923737150478,9.228404359255323e-05,0.0018431627417704493,0.0020870567229381307,0.0020870567229381307,0.0016542028350128675,0.0016126136682452425,0.0016542028350128675,0.0016989630893072284,0.00205082427367011,0.00205082427367011,0.003391542029285452,0.003391542029285452,0.0032299952980370298,0.00030725168659985973,0.0005237079261947677,0.09737662145553828,0.0376096524794321,0.04073310924391927,0.13019096672515967,0.018276713898529227,0.07742310975718183,0.04070310155771897,0.16937164729195078,0.022966669486480382,0.02123927024917729,0.0394441281654725,0.09337978220782503,0.09337978220782503,0.16253417107373946,0.07920083774040611,0.16253417107373946,0.06368160715282374,0.09859026447653985,0.09859026447653985,0.13074279104545086,0.13074279104545086,0.05435390215656195,0.027018976687207746,0.23199742014132627
362,24,0.001165928832764736,2.4596520374969294e-05,0.003327925795264089,0.09233591752132427,0.016753654406985122,0.21266430179621573,2,False,70,0,0,0,0,8520,8425,8450,8667,7759,8597,8694,8121,8624,8054,7985,8201,8176,8679,8487,8252,8704,8394,8443,8302,8660,8182,6358,8663,6.945534782618825e-05,2.4596520374969294e-05,6.0925281704680596e-05,0.0002892699227879163,8.862308252285871e-05,0.0003403379129255715,0.0007202858052195062,0.0007202858052195062,0.00047236639725510045,0.00011856935508020119,8.781783900971656e-05,0.0017629268838785805,0.00202658930891747,0.0016376925737565263,0.0016376925737565263,0.0016782679364276034,0.0016782679364276034,0.0019943150225243283,0.0019943150225243283,0.003327925795264089,0.003327925795264089,0.0031023169989676173,0.0002928555539264764,0.000528667314792208,0.0892619030009101,0.03447551477281276,0.03733868347359266,0.11934171949806303,0.016753654406985122,0.07097118394408335,0.12064450976124239,0.12064450976124239,0.15525734335095487,0.021052780362607017,0.01946933106174585,0.03615711748501645,0.08559813369050627,0.1489896568175945,0.1489896568175945,0.14170813989008843,0.14170813989008843,0.09037440910349485,0.09037440910349485,0.11984755845832995,0.11984755845832995,0.04982441031018179,0.024767395296607098,0.21266430179621573
363,24,0.0011774975704309046,2.3493076612743527e-05,0.0032555527711985144,0.09266832931683848,0.015357516539736361,0.21990718541612828,3,False,70,0,0,0,0,8520,8425,8450,8667,7759,8597,8121,8624,8054,7985,8201,8176,8725,8679,8487,8252,8704,8394,8443,8302,8660,8182,6358,8663,6.736530421029053e-05,2.3493076612743527e-05,5.823875091153182e-05,0.0002829390255942479,8.42281651018136e-05,0.00032840970612991137,0.0007047789185371108,0.0004666996140977285,0.00011282514564266411,8.352636392470671e-05,0.0016846321227967022,0.0019635893201433124,0.0016568638865490366,0.0016568638865490366,0.0016152078169120823,0.0016518537070040196,0.0016518537070040196,0.0019349051191980822,0.0019349051191980822,0.0032555527711985144,0.0032555527711985144,0.0029759078259764407,0.00027895796457103034,0.0005307916012800871,0.08182341108416759,0.031602555208411695,0.03422712651745994,0.10939657620655778,0.015357516539736361,0.06505691861540973,0.11059080061447218,0.14231923140504196,0.01929838199905643,0.017846886806600362,0.03314402436126508,0.07846495588296408,0.21990718541612828,0.21990718541612828,0.13657385208279493,0.12989912823258107,0.12989912823258107,0.08284320834487029,0.08284320834487029,0.10986026192013579,0.10986026192013579,0.04567237611766664,0.022703445688556506,0.19494227664653108
364,24,0.0011485178588525435,2.2421085915255302e-05,0.003175857178703668,0.08494596854043525,0.01407772349475833,0.2015815866314509,4,False,70,0,0,0,0,8520,8425,8450,8667,7759,8597,8121,8624,8054,7985,8201,8176,8725,8679,8487,8252,8704,8394,8443,8302,8660,8182,6358,8663,6.520216584341772e-05,2.2421085915255302e-05,5.562218683448067e-05,0.00027597686293559775,8.001989880280438e-05,0.00031637503781869417,0.0006876666989919606,0.0004594328679244947,0.0001073064773856744,7.940851012202627e-05,0.001608456551267012,0.0018987503924865988,0.0016668996578390305,0.0016668996578390305,0.0015875014995034421,0.0016204863887361255,0.0016204863887361255,0.0018733092227224838,0.0018733092227224838,0.003175857178703668,0.003175857178703668,0.0028513315129900635,0.00026556632396380024,0.0005302856436731015,0.07500479349382029,0.028969008941044053,0.03137486597433828,0.10028019485601129,0.01407772349475833,0.05963550873079225,0.10137490056326616,0.1304592954546218,0.01769018349913506,0.016359646239383664,0.030382022331159657,0.07192620955938374,0.2015815866314509,0.2015815866314509,0.125192697742562,0.11907420087986598,0.11907420087986598,0.07593960764946443,0.07593960764946443,0.1007052400934578,0.1007052400934578,0.041866344774527754,0.020811491881176796,0.17869708692598682
365,24,0.0011084324717703107,2.138223208698952e-05,0.00309017835615257,0.08256426335474541,0.012904579870195136,0.18478312107883,5,False,70,0,0,0,0,8520,8425,8450,8667,7759,8597,8121,8624,8054,7985,8201,8176,8725,8679,8487,8252,8704,8394,8443,8302,8781,8182,6358,8663,6.298807472214506e-05,2.138223208698952e-05,5.308075734971753e-05,0.0002684995442265163,7.599464287350598e-05,0.00030431892506491305,0.0006692402237858077,0.00045077934373355405,0.00010201178529116671,7.546222523692204e-05,0.0015345378782876137,0.0018326929170850914,0.0016684104759521307,0.0016684104759521307,0.0015553045648336668,0.001584902022912815,0.001584902022912815,0.0018101705561459687,0.0018101705561459687,0.00309017835615257,0.002799441528487185,0.002799441528487185,0.00025268362355551177,0.0005273750612055605,0.06875439403600193,0.026554924862623713,0.028760293809810086,0.09192351195134368,0.012904579870195136,0.05466588300322623,0.09292699218299398,0.11958768750006997,0.016216001540873805,0.014996342386101692,0.02785018713689635,0.06593235876276843,0.18478312107883,0.18478312107883,0.11475997293068183,0.10915135080654381,0.10915135080654381,0.06961130701200906,0.06961130701200906,0.09231313675233631,0.12171081604331711,0.12171081604331711,0.01907720089107873,0.1638056630154879
366,24,0.0012091040388391993,2.0377728882536465e-05,0.0030771149174877235,0.08505571804868255,0.01182919821434554,0.16938452765559414,6,False,70,0,0,0,0,8520,8425,8667,7759,8597,8121,8624,8054,7985,8201,8176,8725,8679,8487,8252,8704,8394,8443,8803,8302,8781,8182,6358,8663,6.074273334046694e-05,2.0377728882536465e-05,0.0002606140964967451,7.21481591704996e-05,0.00029231506211665256,0.0006497681982336128,0.00044094406454690805,9.693830789026454e-05,7.168467678925886e-05,0.0014629783956701693,0.0017659663265072758,0.0016620839228534722,0.0016620839228534722,0.0015193145069580152,0.0015457968215414316,0.0015457968215414316,0.001746062279595143,0.001746062279595143,0.0030771149174877235,0.0030771149174877235,0.0027399911367511675,0.0027399911367511675,0.00024030910532661537,0.000522297413753886,0.06302486119966844,0.024342014457405067,0.0842632192887317,0.01182919821434554,0.050110392752957374,0.08518307616774448,0.10962204687506413,0.01486466807913432,0.013746647187259884,0.025529338208821653,0.060437995532537724,0.16938452765559414,0.16938452765559414,0.10519664185312501,0.10005540490599849,0.10005540490599849,0.0638103647610083,0.0638103647610083,0.16795370868964163,0.16795370868964163,0.11156824803970734,0.11156824803970734,0.017487434150155502,0.1501551910975306
367,24,0.0011841344930383338,1.9408382209874154e-05,0.0030510307277053037,0.08491218598907012,0.010843431696483411,0.23860248368429463,7,False,70,0,0,0,0,8520,8425,8667,7759,8597,8121,8624,8054,7985,8201,8176,8725,8819,8487,8252,8704,8394,8443,8803,8302,8781,8182,6358,8663,5.848350218232163e-05,1.9408382209874154e-05,0.0002524180656773461,6.847573755254219e-05,0.0002804266503549476,0.0006294958584028617,0.0004301211001953788,9.208229636467383e-05,6.807239630758879e-05,0.0013938495473129263,0.0016990524505562127,0.0016911739777505836,0.0016911739777505836,0.0014801870952027305,0.0015038203070675696,0.0015038203070675696,0.0016814901286132575,0.0016814901286132575,0.0030510307277053037,0.0030510307277053037,0.0026741954531227666,0.0026741954531227666,0.00022843885436205847,0.0005152947077195869,0.057772789433029395,0.02231351325262131,0.07724128434800406,0.010843431696483411,0.045934526690210926,0.0780844864870991,0.10048687630214212,0.013625945739206459,0.012601093254988226,0.023401893358086515,0.055401495904826244,0.23860248368429463,0.23860248368429463,0.09643025503203126,0.09171745449716527,0.09171745449716527,0.05849283436425761,0.05849283436425761,0.15395756629883817,0.15395756629883817,0.1022708940363984,0.1022708940363984,0.016030147970975878,0.1376422585060697
368,24,0.0011598046615460165,1.8474646628611577e-05,0.0030133315543871115,0.08478061493442539,0.009939812388443128,0.21871894337727008,8,False,70,0,0,0,0,8520,8425,8667,7759,8597,8121,8624,8054,7985,8201,8176,8725,8819,8487,8252,8846,8394,8443,8803,8302,8781,8182,6358,8663,5.6225527250141026e-05,1.8474646628611577e-05,0.00024399942280133068,6.497230456972182e-05,0.0002687072668745545,0.0006086446531109871,0.00041849162239142323,8.743919817425209e-05,6.462140532878704e-05,0.0013271960970945315,0.0016323696085171876,0.001710350263266571,0.001710350263266571,0.0014385308360668784,0.00149721322285166,0.00149721322285166,0.0016168959575983638,0.0016168959575983638,0.0030133315543871115,0.0030133315543871115,0.0026031918695436293,0.0026031918695436293,0.00021706632432317286,0.0005066072286781463,0.05295839031361028,0.020454053814902867,0.07080451065233706,0.009939812388443128,0.04210664946602668,0.07157744594650751,0.09211296994363027,0.012490450260939253,0.011551002150405873,0.02145173557824597,0.05078470457942406,0.21871894337727008,0.21871894337727008,0.08839440044602866,0.1674076666224015,0.1674076666224015,0.053618431500569476,0.053618431500569476,0.14112776910726832,0.14112776910726832,0.0937483195333652,0.0937483195333652,0.014694302306727887,0.12617207029723054
369,24,0.0011336794176078694,1.7576676301848714e-05,0.0029654226911979124,0.08466000813433437,0.0091114946894062,0.20049236476249757,9,False,70,0,0,0,0,8856,8425,8667,7759,8597,8861,8624,8054,7985,8201,8176,8725,8819,8487,8252,8846,8394,8443,8803,8302,8781,8182,6358,8663,5.537407564333962e-05,1.7576676301848714e-05,0.00023543670838279315,6.163251719597659e-05,0.00025720174189696946,0.0006025618554829067,0.0004062226777268129,8.300381751172564e-05,6.132732500861612e-05,0.0012630399019492539,0.0015662771644818572,0.0017201374186587854,0.0017201374186587854,0.0013949037288021097,0.0014842945673078712,0.0014842945673078712,0.0015526618888188216,0.0015526618888188216,0.0029654226911979124,0.0029654226911979124,0.002528031631171685,0.002528031631171685,0.00020618280095151219,0.0004964686369429914,0.13187852445414278,0.018749549330327627,0.0649041347646423,0.0091114946894062,0.03859776201052446,0.14894599211763188,0.08443688911499442,0.011449579405860982,0.010588418637872049,0.019664090946725474,0.04655264586447205,0.20049236476249757,0.20049236476249757,0.0810282004088596,0.15345702773720138,0.15345702773720138,0.04915022887552202,0.04915022887552202,0.12936712168166262,0.12936712168166262,0.08593595957225143,0.08593595957225143,0.013469777114500562,0.11565773110579466
370,24,0.0011053708766669142,1.6714370650455528e-05,0.002908678340557571,0.07760500745647317,0.008352203465289016,0.1837846676989561,10,False,70,0,0,0,0,8856,8425,8667,7759,8597,8861,8624,8054,7985,8201,8176,8725,8819,8487,8252,8846,8394,8443,8803,8302,8781,8182,6358,8663,5.435269388395257e-05,1.6714370650455528e-05,0.0002267993565895998,5.845084323594465e-05,0.00024594702237815716,0.000594281693439444,0.000393466554049588,7.877045481654958e-05,5.818547100007886e-05,0.0012013833043639556,0.001501080326343146,0.0017211713093954026,0.0017211713093954026,0.0013498118933068053,0.0014657488052248148,0.0014657488052248148,0.001489114823265523,0.001489114823265523,0.002908678340557571,0.002908678340557571,0.0024496752351655213,0.0024496752351655213,0.00019577780883513996,0.0004851022198954626,0.12088864741629754,0.017187086886133657,0.05949545686758877,0.008352203465289016,0.03538128184298075,0.13653382610782921,0.07740048168874487,0.010495447788705899,0.009706050418049377,0.018025416701165017,0.04267325870909938,0.1837846676989561,0.1837846676989561,0.07427585037478796,0.14066894209243458,0.14066894209243458,0.04505437646922852,0.04505437646922852,0.11858652820819073,0.11858652820819073,0.07877462960789715,0.07877462960789715,0.012347295688292181,0.10601958684697844
371,24,0.0010783252669187878,1.5887415018540126e-05,0.002844417928480815,0.07808236794621153,0.007656186509848265,0.16846927872404308,11,False,70,0,0,0,0,8856,8425,8667,7759,8597,8861,8624,8054,7985,8201,8176,8725,8819,8487,8252,8846,8394,8920,8803,8302,8781,8182,6358,8663,5.318618259394327e-05,1.5887415018540126e-05,0.00021814814934964519,5.54216299132091e-05,0.00023497300517698867,0.0005840811893970515,0.0003803606243768064,7.473302747557049e-05,5.51909351592537e-05,0.0011422121638237134,0.001437035016454891,0.0017141652396423007,0.0017141652396423007,0.001303709684841215,0.001442259548751278,0.001442259548751278,0.0014633212333419144,0.0014633212333419144,0.002844417928480815,0.002844417928480815,0.002368990922483347,0.002368990922483347,0.00018583946661001054,0.0004727181704607565,0.11081459346493941,0.01575482964562252,0.05453750212862304,0.007656186509848265,0.03243284168939902,0.1251560072655101,0.07095044154801614,0.009620827139647074,0.008897212883211929,0.016523298642734597,0.03911715381667443,0.16846927872404308,0.16846927872404308,0.06808619617688895,0.12894653025139835,0.12894653025139835,0.12463317843012614,0.12463317843012614,0.10870431752417482,0.10870431752417482,0.07221007714057238,0.07221007714057238,0.011318354380934498,0.0971846212763969
372,24,0.001053824952533553,1.5095316695171515e-05,0.002773888622697729,0.08199217061736055,0.007018170967360909,0.19758041356094896,12,False,70,0,0,0,0,8856,8425,8667,7759,8597,8861,8624,8054,7985,8201,8176,8725,8819,8941,8252,8846,8945,8920,8803,8302,8781,8182,6358,8663,5.1898060947830763e-05,1.5095316695171515e-05,0.00020953575875077605,5.2539162020844596e-05,0.00022430332809631612,0.0005722292576129528,0.00036702756410040476,7.088517371082982e-05,5.2338655530067165e-05,0.0010854985501250766,0.0013743526826588632,0.0016998800043293962,0.0016998800043293962,0.001289418899020671,0.001414494788304465,0.001414494788304465,0.0014703859348907968,0.0014703859348907968,0.002773888622697729,0.002773888622697729,0.0022867556025087713,0.0022867556025087713,0.00017635479560115254,0.00045951175047199814,0.10158004400952779,0.014441927175153975,0.04999271028457111,0.007018170967360909,0.0297301048819491,0.11472633999338425,0.06503790475234812,0.008819091544676484,0.008155778476277601,0.01514635708917338,0.035857390998618226,0.15443017216370614,0.15443017216370614,0.14574567982881487,0.11820098606378182,0.11820098606378182,0.19758041356094896,0.19758041356094896,0.09964562439716025,0.09964562439716025,0.06619257071219135,0.06619257071219135,0.01037515818252329,0.08908590283669716
373,24,0.0010273042355024911,1.433743665547966e-05,0.0026982532423600416,0.0751594897325805,0.0064333233867475,0.18111537909753656,13,False,70,0,0,0,0,8856,8425,8667,7759,8597,8861,8624,8054,7985,8201,8176,8725,8819,8941,8252,8846,8945,8920,8803,8302,8781,8182,6358,8663,5.051032094192333e-05,1.433743665547966e-05,0.00020100734370490762,4.979771089051999e-05,0.0002139561111096866,0.0005589824926179426,0.00035357585023277754,6.72203415140824e-05,4.962347594592107e-05,0.0010312031233936517,0.001313204952648666,0.001679098184959876,0.001679098184959876,0.0012705608037692196,0.0013830954851585054,0.0013830954851585054,0.001470070210359135,0.001470070210359135,0.0026982532423600416,0.0026982532423600416,0.0022036576295386173,0.0022036576295386173,0.00016730998666482851,0.0004456621972178251,0.09311504034206713,0.013238433243891142,0.045826651094190186,0.0064333233867475,0.027252596141786673,0.10516581166060222,0.05961807935631911,0.008084167249286777,0.007476130269921134,0.013884160665075598,0.032869275082066704,0.14156099115006396,0.14156099115006396,0.13360020650974697,0.1083509038918,0.1083509038918,0.18111537909753656,0.18111537909753656,0.09134182236406356,0.09134182236406356,0.06067652315284207,0.06067652315284207,0.009510561667313016,0.08166207760030574
374,24,0.000999291129152463,1.3613017388551807e-05,0.002618582729988116,0.07236842114375436,0.0058972131045185415,0.1660224308394085,14,False,70,0,0,0,0,8856,8425,8667,7759,8597,8861,8624,8054,7985,8201,8176,8725,8819,8941,8252,8846,8945,8920,8803,8302,8781,8182,8998,8663,4.9043269917825156e-05,1.3613017388551807e-05,0.00019260117367565717,4.719157531592929e-05,0.0002039446432634316,0.0005445821279373971,0.0003401004647203528,6.373186434064077e-05,4.704019647155401e-05,0.000979277226434667,0.0012537280629497515,0.0016526027743926396,0.0016526027743926396,0.0012477266973182698,0.0013486671687747667,0.0013486671687747667,0.0014629920417338414,0.0014629920417338414,0.002618582729988116,0.002618582729988116,0.002120300932384794,0.002120300932384794,0.00016278324728977075,0.0004313322380869992,0.08535545364689487,0.01213523047356688,0.04200776350300767,0.0058972131045185415,0.02498154646330445,0.0964019940222187,0.05464990607662585,0.007410486645179545,0.006853119414094373,0.012727147276319298,0.030130168825227812,0.1297642418875586,0.1297642418875586,0.12246685596726804,0.09932166190081666,0.09932166190081666,0.1660224308394085,0.1660224308394085,0.08373000383372493,0.08373000383372493,0.05562014622343856,0.05562014622343856,0.09205134819503694,0.07485690446694693
375,24,0.0009344488161684622,1.3254443987077752e-05,0.0025358523846977623,0.08020400033722525,0.005405778679141996,0.17437819007574862,15,False,71,0,0,0,0,8856,9001,8425,8667,7759,8597,8861,8624,8054,7985,9010,8725,8819,8941,8252,9015,8945,8920,8803,8302,8781,8182,8998,8663,4.751544626655931e-05,1.3254443987077752e-05,1.3254443987077752e-05,0.00018434925824144642,4.4715115451817975e-05,0.00019427801321571307,0.0005292520014718095,0.00032668373667450187,6.041302512737224e-05,4.458361579609727e-05,0.0012268724498846963,0.0016211599823014935,0.0016211599823014935,0.0012214879626101442,0.0013117741430060707,0.0013456046844861648,0.0014498060369443116,0.0014498060369443116,0.0025358523846977623,0.0025358523846977623,0.002037210078502381,0.002037210078502381,0.0001580081935920718,0.00041666808935257355,0.0782424991763203,0.09445729460076965,0.09445729460076965,0.038507116544423695,0.005405778679141996,0.022899750924695747,0.08836849452036714,0.050095747236907025,0.006792946091414583,0.006282026129586509,0.11095265475645884,0.11895055506359539,0.11895055506359539,0.11226128463666236,0.09104485674241528,0.17437819007574862,0.1521872282694578,0.1521872282694578,0.07675250351424785,0.07675250351424785,0.05098513403815201,0.05098513403815201,0.08438040251211719,0.06861882909470135
376,24,0.0010151993173793431,1.2874313496003253e-05,0.0025141506732882725,0.07978855342734627,0.0049552971225468295,0.15984667423610288,16,False,71,0,0,0,0,8856,8425,8667,7759,8597,8861,8624,8054,7985,9010,8725,8819,8941,8252,9015,8945,8920,8803,8302,8781,9043,8182,8998,8663,4.594359422743309e-05,1.2874313496003253e-05,0.0001762779663762121,4.236278060248725e-05,0.00018496168325380993,0.0005131973642925957,0.00031339627024918725,5.72571100549639e-05,4.2248566580172955e-05,0.0011972049943396097,0.0015855059143621167,0.0015855059143621167,0.0011923876860948093,0.0012729358977134149,0.0013366012019599414,0.0014311820906731088,0.0014311820906731088,0.0024509411143290114,0.0025141506732882725,0.0019548359288812326,0.0025141506732882725,0.0019548359288812326,0.00015304403034251045,0.0004017998287826088,0.07172229091162693,0.08658585338403885,0.03529819016572172,0.0049552971225468295,0.020991438347637767,0.08100445331033655,0.04592110163383144,0.006226867250463368,0.005758523952120966,0.1017066001934206,0.10903800880829577,0.10903800880829577,0.10290617758360716,0.083457785347214,0.15984667423610288,0.13950495924700299,0.13950495924700299,0.07035646155472719,0.15368979488806053,0.04673637286830601,0.15368979488806053,0.04673637286830601,0.07734870230277409,0.06290059333680957
377,24,0.0009919503004348358,1.2477544952376174e-05,0.0024828990757547508,0.08008395175284518,0.004542355695667927,0.21121287930975274,17,False,72,0,0,0,0,8856,8425,8667,7759,8597,8861,8624,8054,7985,9010,8725,8819,8941,8252,9015,9064,8920,8803,8302,8781,9043,8182,8998,8663,4.4342685058636076e-05,1.2477544952376174e-05,0.00016840862361657948,4.012913171403585e-05,0.0001759980080212517,0.0004966043778507182,0.0003002979155617701,5.4257453335650105e-05,4.002994465753713e-05,0.0011652333628855125,0.0015463367216510607,0.0015463367216510607,0.0011609347020628512,0.0012326253368265712,0.0013222651507522655,0.0014440944584243878,0.0014440944584243878,0.002364633040351257,0.0024828990757547508,0.0018735616075148313,0.0024828990757547508,0.0018735616075148313,0.00014794415966593236,0.00038684204643304814,0.06574543333565802,0.0793703656020356,0.03235667431857824,0.004542355695667927,0.019242151818667952,0.07425408220114184,0.04209434316434548,0.005707961646258087,0.0052786469561108855,0.09323105017730221,0.09995150807427111,0.09995150807427111,0.09433066278497323,0.07650296990161283,0.14652611804976096,0.21121287930975274,0.21121287930975274,0.06449342309183326,0.14088231198072215,0.042841675129280506,0.14088231198072215,0.042841675129280506,0.07090297711087624,0.05765887722540877
378,24,0.0009684025066064318,1.206858892859619e-05,0.002443255560425991,0.07688251132899698,0.004163826054362266,0.2769451393672734,18,False,72,0,0,0,0,8856,8425,8667,7759,8597,8861,8624,8054,7985,9010,8725,8819,8941,8252,9015,9064,9088,8803,8302,8781,9043,8182,8998,8663,4.2725973406125413e-05,1.206858892859619e-05,0.00016075807881416247,3.800885929299775e-05,0.0001673867001785287,0.00047964015780665266,0.0002874387493882203,5.140747417627213e-05,3.792273289609543e-05,0.0011314264134291052,0.0015043017691283478,0.0015043017691283478,0.0011275997095090671,0.001191268462813191,0.0013032115146511195,0.001449307795668637,0.001486685318133314,0.002277620873854313,0.002443255560425991,0.0017937085686844578,0.002443255560425991,0.0017937085686844578,0.00014275626652052146,0.0003718946926098526,0.06026664722435318,0.07275616846853263,0.029660284792030055,0.004163826054362266,0.017638639167112287,0.06806624201771334,0.03858648123398336,0.00523229817573658,0.004838759709768312,0.08546179599586036,0.09162221573474852,0.09162221573474852,0.0864697742195588,0.07012772240981176,0.13431560821228086,0.19361180603394001,0.2769451393672734,0.059118971167513815,0.12914211931566197,0.0392715355351738,0.12914211931566197,0.0392715355351738,0.06499439568496988,0.05285397078995804
379,24,0.0009569560596578478,1.1651431281527229e-05,0.0024581537363411606,0.08009457507112788,0.003816840549832077,0.2538663777533339,19,False,72,0,0,0,0,8856,8425,8667,7759,8597,8861,8624,8054,7985,9010,8725,8819,8941,8252,9015,9064,9088,9114,8302,8781,9043,8182,8998,8663,4.110507929605087e-05,1.1651431281527229e-05,0.00015333923502572648,3.5996797390441056e-05,0.00015912524589421033,0.000462453238623028,0.00027486004035477403,4.870070694391088e-05,3.5922020434588516e-05,0.001096212229570413,0.0014599993611580642,0.0014599993611580642,0.0010928131142153828,0.0011492451948552722,0.0012800470887176457,0.0014473868198256214,0.0015197772068137937,0.0024581537363411606,0.0024581537363411606,0.0017155425963813803,0.0023963520252587604,0.0017155425963813803,0.00013752251365498446,0.00035704405587100345,0.05524442662232375,0.06669315442948824,0.027188594392694217,0.003816840549832077,0.01616875256985293,0.0623940551829039,0.03537094113115141,0.0047962733277585315,0.004435529733954285,0.078339979662872,0.08398703109018614,0.08398703109018614,0.07926395970126224,0.06428374554232744,0.12312264086125745,0.177477488864445,0.2538663777533339,0.20171360937269014,0.20171360937269014,0.03599890757390931,0.1183802760393568,0.03599890757390931,0.05957819604455572,0.048449473224128195
380,24,0.0009364671668314201,1.1229606546720416e-05,0.0024604727019284433,0.07342002714853389,0.0034987705040127374,0.2327108462738894,20,False,72,0,0,0,0,8856,8425,8667,7759,8597,8861,8624,8054,7985,9010,8725,8819,8941,8252,9015,9064,9088,9114,8302,8781,9043,8182,8998,8663,3.949008772858089e-05,1.1229606546720416e-05,0.0001461615413588177,3.4087934214795476e-05,0.00015120927348489382,0.00044517435004347327,0.00026259518005423976,4.613082544796977e-05,3.402301793002172e-05,0.0010599775221188234,0.0014139745770875068,0.0014139745770875068,0.001056964269621316,0.001106891039201973,0.0012533588774192794,0.0014389509076643196,0.0015435952693836073,0.0024604727019284433,0.0024604727019284433,0.0016392796132283075,0.0023432748848616573,0.0016392796132283075,0.00013227981574718138,0.00034236381663789564,0.050640724403796765,0.06113539156036422,0.024922878193303032,0.0034987705040127374,0.014821356522365185,0.05719455058432857,0.03242336270355546,0.0043965838837786535,0.004065902256124761,0.07181164802429933,0.07698811183267062,0.07698811183267062,0.07265862972615705,0.05892676674713348,0.11286242078948598,0.16268769812574124,0.2327108462738894,0.18490414192496596,0.18490414192496596,0.032998998609416866,0.10851525303607706,0.032998998609416866,0.05461334637417607,0.04441201712211751
381,24,0.0009141369178630173,1.0806218408427635e-05,0.002451225764976726,0.06730169155282273,0.003207206295345009,0.2133182757510653,21,False,72,0,0,0,0,8856,8425,8667,7759,8597,8861,8624,8054,7985,9010,8725,8819,8941,8252,9015,9064,9088,9114,8302,8781,9043,8182,8998,8663,3.7889659296099136e-05,1.0806218408427635e-05,0.00013923144435176003,3.2277419868326484e-05,0.00014363287874914104,0.00042791741342859793,0.00025067056703958877,4.369166214865889e-05,3.222106937692767e-05,0.001023068103887596,0.0013667188020695291,0.0013667188020695291,0.0010204018202676559,0.0010644993718826297,0.0012237053425950706,0.0014246502932073394,0.0015585241483472775,0.002451225764976726,0.002451225764976726,0.0015650912118473559,0.0022850507573866268,0.0015650912118473559,0.00012706016741369661,0.0003279161332697763,0.0464206640368137,0.05604077559700053,0.022845971677194446,0.003207206295345009,0.013586243478834753,0.05242833803563452,0.029721415811592506,0.004030201893463765,0.003727077068114364,0.06582734402227439,0.07057243584661474,0.07057243584661474,0.06660374391564396,0.05401620285153902,0.10345721905702882,0.14913038994859612,0.2133182757510653,0.1694954634312188,0.1694954634312188,0.030249082058632127,0.09947231528307064,0.030249082058632127,0.05006223417632807,0.04071101569527438
382,24,0.0008971318831301616,1.0383965084917745e-05,0.002431496909676026,0.0640970561915125,0.002939939104066258,0.19554175277180985,22,False,73,0,0,0,0,8856,8425,8667,7759,8597,8861,8624,8054,7985,9010,8725,8819,8941,8252,9015,9088,9114,8302,8781,9043,8182,9187,8998,8663,3.631114655089866e-05,1.0383965084917745e-05,0.00013255279880538685,3.056057164083934e-05,0.00013638891061929835,0.00041078068184461264,0.00023910643511625487,4.137722300722909e-05,3.0511660992571614e-05,0.0009857901795830132,0.0013186705805334738,0.0013186705805334738,0.0009834348866540926,0.0010223241339815925,0.001191610158708381,0.0015650732500813824,0.002431496909676026,0.002431496909676026,0.0015316170241779711,0.0022226365815223924,0.0014931098505143645,0.0015316170241779711,0.0001218910043986108,0.000313752727243097,0.04255227536707922,0.051370710963917154,0.02094214070409491,0.002939939104066258,0.01245405652226519,0.04805930986599831,0.027244631160626462,0.0036943517356751183,0.003416487312438167,0.06034173202041818,0.06469139952606351,0.06469139952606351,0.06105343192267362,0.04951485261391077,0.09483578413560974,0.19554175277180985,0.1553708414786172,0.1553708414786172,0.11106165855374613,0.09118295567614808,0.027728325220412783,0.11106165855374613,0.04589038132830073,0.03731843105400152
383,24,0.0008401209259494539,9.965167851481187e-06,0.0024024036239454725,0.07095215910550595,0.002694944178727403,0.2625799400408257,23,False,73,0,0,0,0,8856,8425,8667,7759,8597,8861,9198,8054,7985,9010,8725,8819,8941,8252,9015,9207,9114,9210,8781,9043,8182,9187,8998,8663,3.4760711990414786e-05,9.965167851481187e-06,0.00012612723897303867,2.89328772393898e-05,0.00012946922072406975,0.0003938479623229037,0.0002337955965959493,3.918169860771054e-05,2.8890427601895864e-05,0.0009484122294714677,0.0012702174666479093,0.0012702174666479093,0.0009463348669342407,0.000980582776584647,0.0011575581139814167,0.0016041753629036967,0.0024024036239454725,0.001533172336130465,0.001533172336130465,0.0021569134801815402,0.001423433677966663,0.0014946260595667792,0.00011679558139598845,0.00029991594239137776,0.03900625241982262,0.04708981838359072,0.019196962312087,0.002694944178727403,0.011416218478743089,0.044054367377165116,0.1083075785639076,0.003386489091035525,0.003131780036401653,0.05531325435205,0.059300449565558216,0.059300449565558216,0.055965645929117486,0.04538861489608487,0.08693280212430893,0.2625799400408257,0.14242327135539912,0.18513985367426727,0.18513985367426727,0.08358437603646907,0.02541763145204505,0.10180652034093395,0.04206618288427567,0.03420856179950139
384,24,0.0008191316935400825,9.55180127017936e-06,0.002365065918138695,0.06503947918004711,0.002470365497166786,0.24069827837075686,24,False,73,0,0,0,0,8856,8425,8667,7759,8597,8861,9198,8054,7985,9010,8725,8819,8941,8252,9015,9207,9114,9210,8781,9043,8182,9187,8998,8663,3.3243444508939056e-05,9.55180127017936e-06,0.00011995451172041745,2.7389996283992308e-05,0.00012286488034471215,0.00037718987158263625,0.00022797313879671584,3.7099472102873286e-05,2.7353156901941777e-05,0.0009111673013375758,0.001221698593909659,0.001221698593909659,0.0009093376666704838,0.0009394593255231716,0.0011219928006580963,0.0016332974920670077,0.002365065918138695,0.0015275112197228984,0.0015275112197228984,0.00208868371148415,0.0013561309702242869,0.0014547524444045471,0.0001117933535883709,0.00028643976008807683,0.0357557313848374,0.043165666851624825,0.017597215452746416,0.002470365497166786,0.01046486693884783,0.04038317009573469,0.0992819470169153,0.0031042816667825645,0.0028707983667015154,0.05070381648937916,0.05435874543509503,0.05435874543509503,0.051301842101691024,0.04160623032141113,0.07968840194728317,0.24069827837075686,0.13055466540911584,0.169711532534745,0.169711532534745,0.0766190113667633,0.02329949549770796,0.09332264364585612,0.03856066764391936,0.0313578483162096
385,24,0.0007969137560111285,9.145524000893221e-06,0.0023205813427786414,0.059619522581709855,0.0022645017057362203,0.2206400885065271,25,False,73,0,0,0,0,8856,8425,8667,7759,8597,8861,9198,8054,7985,9010,8725,8819,8941,8252,9015,9207,9114,9210,8781,9043,8182,9187,8998,8663,3.1763471989922204e-05,9.145524000893221e-06,0.0001140327737444348,2.5927760356036913e-05,0.0001165663680832059,0.00036086508765255626,0.00022173442724641402,3.512512446811018e-05,2.5895791937236612e-05,0.0008742555586128761,0.001173407731994252,0.001173407731994252,0.0008726462013773193,0.0008991074648448326,0.0010853157582685641,0.0016527874428301323,0.0023205813427786414,0.0015153086457441781,0.0015153086457441781,0.00201867009630915,0.0012912441760340471,0.0014125819082458583,0.0001069003520885198,0.00027335075792147114,0.03277608710276761,0.039568527947322754,0.016130780831684215,0.0022645017057362203,0.009592794693943845,0.03701790592109013,0.09100845143217236,0.0028455915278840175,0.002631565169476389,0.04647849844859756,0.049828849982170444,0.049828849982170444,0.04702668859321677,0.038139044461293535,0.07304770178500958,0.2206400885065271,0.11967510995835617,0.15556890482351624,0.15556890482351624,0.07023409375286635,0.021357870872898962,0.08554575667536811,0.03534727867359275,0.028744694289858798
386,24,0.0008455506196839371,8.747709331334975e-06,0.0022700055793051744,0.06993640769576424,0.002412268072020023,0.28558674779764986,26,False,73,0,0,0,0,8856,8425,8667,8597,8861,9198,8054,7985,9010,8725,8819,8941,8252,9015,9207,9279,9114,9210,8781,9043,8182,9187,8998,8663,3.0324068394281073e-05,8.747709331334975e-06,0.00010835885523844854,0.00011056373136088424,0.0003449215692760522,0.0002151672493466006,3.325343748536392e-05,2.451443207472266e-05,0.0008378469626329717,0.0011255966415355855,0.0011255966415355855,0.0008364330469059559,0.0008596535625273288,0.001047886764290439,0.001706032132128009,0.001706032132128009,0.0022700055793051744,0.0014972607726574689,0.0014972607726574689,0.0019475173747360423,0.0012287935777770785,0.0013686493090506863,0.00010212954607706036,0.0002606690039619375,0.03004474651087031,0.03627115061837919,0.01478654909571053,0.008793395136115191,0.033933080427665956,0.08342441381282466,0.002608458900560349,0.002412268072020023,0.04260529024454776,0.04567644581698957,0.04567644581698957,0.04310779787711537,0.03496079075618574,0.06696039330292544,0.28558674779764986,0.28558674779764986,0.10970218412849315,0.14260482942155656,0.14260482942155656,0.06438125260679416,0.019578048300157382,0.07841694361908744,0.03240167211746001,0.02634930309903723
387,24,0.0008251653312782806,8.35947478572691e-06,0.002214338034210882,0.06758059594333944,0.0022112457326850213,0.2617878521478457,27,False,73,0,0,0,0,8856,8425,8667,8597,8861,9198,8054,7985,9010,8725,8819,8941,8252,9015,9207,9279,9114,9210,8781,9043,8182,9187,9310,8663,2.892775425249742e-05,8.35947478572691e-06,0.00010292849255070679,0.00010484672464556798,0.00032939772284180707,0.00020835151608121437,3.147939482447663e-05,2.320533272877339e-05,0.0008020839933900238,0.0010784785756268122,0.0010784785756268122,0.0008008431394353616,0.0008211995825341656,0.0010100250023266106,0.0017482328202266632,0.0017482328202266632,0.002214338034210882,0.0014740655858585425,0.0014740655858585425,0.0018757950133623728,0.0011687805820402306,0.0013234378691072742,0.00010000547582860784,0.00024840888230839923,0.02754101763496445,0.033248554733514256,0.013554336671067984,0.008060612208105592,0.031105323725360456,0.0764723793284226,0.0023910873255136534,0.0022112457326850213,0.03905484939083544,0.041870075332240436,0.041870075332240436,0.03951548138735576,0.03204739152650359,0.06138036052768165,0.2617878521478457,0.2617878521478457,0.10056033545111873,0.13072109363642684,0.13072109363642684,0.05901614822289464,0.017946544275144267,0.07188219831749681,0.11303486610767169,0.024153527840784127
388,24,0.0008036166208346072,7.981710355735688e-06,0.002154511794590926,0.06194887961472783,0.0020269752549612694,0.2399721978021919,28,False,74,0,0,0,0,8856,8425,8667,8597,8861,9198,8054,7985,9010,8725,8819,8941,8252,9015,9207,9279,9114,9210,8781,9043,8182,9187,9310,8663,2.7576389907883027e-05,7.981710355735688e-06,9.773653243685833e-05,9.940492707545144e-05,0.0003143235029999361,0.00020135920967460455,2.9798181540835148e-05,2.1964904053232803e-05,0.0007670843358197989,0.0010322318101492723,0.0010322318101492723,0.000765996449833398,0.0007838258442255759,0.0009720108753860712,0.0017795753054192002,0.0017795753054192002,0.002154511794590926,0.001446407277933048,0.001446407277933048,0.0018040010561484012,0.0011111906591037219,0.0012773797543742366,9.764413713312341e-05,0.00023657984836774042,0.025245932832050746,0.030477841839054734,0.012424808615145652,0.007388894524096792,0.02851321341491375,0.07009968105105405,0.0021918300483875154,0.0020269752549612694,0.035800278608265824,0.038380902387887064,0.038380902387887064,0.036222524605076106,0.029376775565961626,0.05626533048370818,0.2399721978021919,0.2399721978021919,0.09218030749685883,0.11982766916672459,0.11982766916672459,0.05409813587098675,0.016450998918882243,0.06589201512437208,0.10361529393203238,0.022140733854052116
389,24,0.000781097656289113,7.615105046783265e-06,0.0020913872843932534,0.05678647298016717,0.0018580606503811636,0.21997451465200923,29,False,74,0,0,0,0,8856,8425,8667,8597,8861,9198,8054,7985,9010,8725,8819,8941,8252,9015,9207,9279,9114,9210,8781,9043,8182,9187,9310,8663,2.6271261201307985e-05,7.615105046783265e-06,9.277711048332425e-05,9.422784191714276e-05,0.0002997214382692362,0.00019425452267519475,2.8205182265334703e-05,2.0789708787797782e-05,0.0007329434777403669,0.0009870031135183288,0.0009870031135183288,0.0007319905765544356,0.0007475936037861662,0.0009340882686375499,0.0018004445792040055,0.0018004445792040055,0.0020913872843932534,0.0014149441061565794,0.0014149441061565794,0.0017325666792854493,0.0010559959538242209,0.0012308576744942084,9.508734941495008e-05,0.00022518711440416372,0.023142105096046518,0.02793802168580017,0.011389407897216847,0.006773153313755393,0.026137112297004272,0.06425804096346621,0.0020091775443552224,0.0018580606503811636,0.032816922057577004,0.03518249385556314,0.03518249385556314,0.03320398088798643,0.02692871093546482,0.05157655294339916,0.21997451465200923,0.21997451465200923,0.08449861520545393,0.10984203006949754,0.10984203006949754,0.049589957881737846,0.015080082342308721,0.06040101386400774,0.09498068610436301,0.02029567269954777
390,24,0.0007197473739021257,7.2601715522284224e-06,0.00202574898004186,0.06866676732753868,0.0017032222628494,0.2016433050976751,30,False,74,0,0,0,0,8856,8425,8667,8597,8861,9364,9198,8054,7985,9010,8725,8819,8941,8252,9015,9207,9279,9114,9210,8781,9377,9187,9310,8663,2.5013157549242084e-05,7.2601715522284224e-06,8.804380619811938e-05,8.930498006938825e-05,0.00029297337165037527,0.00029297337165037527,0.00018709414090269566,2.669597832493311e-05,1.9676459420031582e-05,0.0006997371813155538,0.0009429110903101716,0.0009429110903101716,0.0006989032173038195,0.000712547443138541,0.0008964671005145399,0.0018113841909868655,0.0018113841909868655,0.00202574898004186,0.0014158971744922789,0.0013802993732617483,0.0014158971744922789,0.0011842072267449412,9.237383501710276e-05,0.00021423226741689062,0.02121359633804264,0.025609853211983488,0.010440290572448776,0.006208723870942443,0.10729235293892059,0.10729235293892059,0.05890320421651069,0.0018417460823256205,0.0017032222628494,0.030082178552778917,0.03225061936759955,0.03225061936759955,0.030436982480654226,0.024684651690842753,0.04727850686478256,0.2016433050976751,0.2016433050976751,0.07745706393833277,0.18402186089703942,0.10068852756370607,0.18402186089703942,0.05536759604200709,0.08706562892899943,0.01860436664125212
391,24,0.0007498633227359776,7.095664728472038e-06,0.001958304588730963,0.08005341838660712,0.0015612870742786164,0.1848396963395355,31,False,72,0,0,0,0,8856,9385,8667,8597,9388,9198,8054,7985,9010,8725,8819,9396,8252,9015,9207,9279,9114,9210,9403,8781,9377,9187,9310,8663,2.380244256113421e-05,7.095664728472038e-06,8.352977714680301e-05,8.462592960730228e-05,0.00029296141878790567,0.00017992762974837736,2.526634399889497e-05,1.8622014801470873e-05,0.0006675238026938488,0.0009000493528796996,0.0009000493528796996,0.0006839910649480601,0.00067871746019689,0.0008593260323392634,0.0018130573065455572,0.0018130573065455572,0.001958304588730963,0.0014102274173817167,0.0013776924073185056,0.0013776924073185056,0.0014102274173817167,0.0011377197519378372,8.953903271362063e-05,0.00020371382247166324,0.019445796643205754,0.10680903211098487,0.009570266358078044,0.005691330215030573,0.1816846568606772,0.0539946038651348,0.0016882672421318187,0.0015612870742786164,0.02757533034004734,0.02956306775363292,0.02956306775363292,0.11123390060726639,0.022627597383272524,0.043338631292717346,0.1848396963395355,0.1848396963395355,0.07100230861013837,0.16868670582228612,0.17563115026673057,0.17563115026673057,0.16868670582228612,0.050753629705173164,0.07981015985158281,0.01705400275448111
392,24,0.0007330702440344639,6.9160504266085e-06,0.0018896861523080163,0.0733823001877232,0.0014311798180887316,0.1694363883112409,32,False,72,0,0,0,0,8856,9385,8667,8597,9388,9198,8054,7985,9010,8725,8819,9396,8252,9015,9207,9279,9114,9210,9403,8781,9377,9187,9310,8663,2.2639117481403083e-05,6.9160504266085e-06,7.922787436728533e-05,8.018041315715768e-05,0.00029159734491812915,0.00017279789008120935,2.3912242086744694e-05,1.7623376336319496e-05,0.0006363464446448414,0.0008584894909536544,0.0008584894909536544,0.0006675038050085627,0.0006461212606685736,0.0008228152342374813,0.0018062108793707415,0.0018062108793707415,0.0018896861523080163,0.0013985602596730258,0.0013689545681359226,0.0013689545681359226,0.0013985602596730258,0.0010916455119591374,8.661502756220611e-05,0.00019362771531677143,0.017825313589605273,0.09790827943506947,0.00877274416157154,0.005217052697111358,0.1665442687889541,0.04949505354304023,0.0015475783052875005,0.0014311798180887316,0.025277386145043393,0.027099478774163507,0.027099478774163507,0.10196440888999418,0.02074196426799981,0.039727078684990896,0.1694363883112409,0.1694363883112409,0.0650854495592935,0.15462948033709562,0.16099522107783634,0.16099522107783634,0.15462948033709562,0.0465241605630754,0.07315931319728423,0.015632835858274352
393,24,0.0007149074089891445,6.724198171387889e-06,0.0018204526064861425,0.06726710850541293,0.001311914833248004,0.15531668928530415,33,False,73,0,0,0,0,8856,9385,8667,8597,9388,9198,8054,7985,9010,8725,8819,9396,8252,9015,9207,9279,9114,9210,9403,8781,9377,9187,9310,8663,2.1522877836472717e-05,6.724198171387889e-06,7.513074113875113e-05,7.595833470065553e-05,0.0002890114062552957,0.0001657416562494464,2.262981893851159e-05,1.667768384378983e-05,0.0006062349349523603,0.0008182838217709672,0.0008182838217709672,0.0006497248793355647,0.0006147657562911271,0.0007870591289137205,0.0017916438240380942,0.0017916438240380942,0.0018204526064861425,0.0013815393354896387,0.0013547072412893736,0.0013547072412893736,0.0013815393354896387,0.0010461970362385272,8.36305726753413e-05,0.00018396773853622422,0.0163398707904715,0.08974925614881367,0.008041682148107245,0.004782298305685411,0.1526655797232079,0.04537046574778687,0.001418613446513542,0.001311914833248004,0.02317093729962311,0.024841188876316547,0.024841188876316547,0.093467374815828,0.019013467245666493,0.036416488794574986,0.15531668928530415,0.15531668928530415,0.059661662096019044,0.1417436903090043,0.14757895265468332,0.14757895265468332,0.1417436903090043,0.04264714718281912,0.06706270376417721,0.01433009953675149
394,24,0.000696440457377173,6.522744569718348e-06,0.0017701796427407235,0.06513373835218407,0.0012025885971440036,0.14237363184486213,34,False,73,0,0,0,0,8856,9385,8667,8597,9388,9198,8054,7985,9010,8725,9466,9396,8252,9015,9207,9279,9114,9210,9403,8781,9377,9187,9310,8663,2.045316372761786e-05,6.522744569718348e-06,7.123089701496592e-05,7.194981723095172e-05,0.00028533704564119984,0.00015879001424567353,2.1415399075650856e-05,1.5782211179966993e-05,0.0005772076293793586,0.0007794679131233858,0.0007995703230602777,0.0006309161532220079,0.0005846487777117675,0.0007521590549575205,0.0017701796427407235,0.0017701796427407235,0.0017510933934935936,0.0013598088523833175,0.0013355799123490359,0.0013355799123490359,0.0013598088523833175,0.0010015525174429153,8.06111813327847e-05,0.00017472592569664245,0.01497821489126554,0.08227015146974587,0.007371541969098307,0.004383773446878294,0.13994344807960724,0.041589593602137966,0.0013003956593040803,0.0012025885971440036,0.02124002585798785,0.02277108980329017,0.10610442313662351,0.085678426914509,0.01742901164186095,0.033381781395027066,0.14237363184486213,0.14237363184486213,0.05468985692135079,0.12993171611658727,0.13528070660012637,0.13528070660012637,0.12993171611658727,0.03909321825091752,0.06147414511716244,0.01313592457535553
395,24,0.0006769212933205106,6.314085542450327e-06,0.0017426436139886038,0.059705926822835396,0.0011023728807153365,0.13050916252445693,35,False,74,0,0,0,0,8856,9385,8667,8597,9388,9198,8054,7985,9010,8725,9466,9396,8252,9015,9207,9279,9114,9210,9403,8781,9377,9187,9310,8663,1.9429204243674094e-05,6.314085542450327e-06,6.752080886662075e-05,6.814523252082321e-05,0.0002807073494058803,0.0001519689229692889,2.026547951168997e-05,1.4934361691869661e-05,0.00054927304251736,0.0007420628790753712,0.0007791768131322639,0.0006113167954788094,0.0005557605124491129,0.0007181958080121948,0.0017426436139886038,0.0017426436139886038,0.0016820327922903232,0.0013339993974722049,0.001312194802595409,0.001312194802595409,0.0013339993974722049,0.0009578591650416954,7.757927084608223e-05,0.00016589288798430637,0.013730030316993411,0.0754143055139337,0.0067572468050067815,0.004018458992971769,0.1282814940729733,0.03812379413529313,0.0011920293543620736,0.0011023728807153365,0.01947002370315553,0.02087349898634932,0.09726238787523821,0.07853855800496658,0.015976594005039205,0.030599966278774808,0.13050916252445693,0.13050916252445693,0.050132368844571555,0.11910407310687166,0.12400731438344917,0.12400731438344917,0.11910407310687166,0.03583545006334106,0.056351299690732236,0.012041264194075902
396,24,0.0006566488009601381,6.100375769859995e-06,0.0017098444008975303,0.058202655143154654,0.0010105084739890583,0.1349886913831712,36,False,74,0,0,0,0,8856,9385,8667,8597,9388,9198,8054,7985,9010,8725,9466,9396,8252,9015,9207,9279,9114,9210,9403,8781,9377,9187,9526,8663,1.845005648036392e-05,6.100375769859995e-06,6.3992950515427e-05,6.453522411601954e-05,0.0002752522104164905,0.00014529972567390112,1.917672386484541e-05,1.4131663564928073e-05,0.0005224313130606063,0.0007060774536237155,0.0007574252960450849,0.0005911429252425851,0.000528084779754445,0.0006852320316974431,0.0017098444008975303,0.0017098444008975303,0.0016136346916767537,0.0013047169345979871,0.0012851547404986309,0.0012851547404986309,0.0013047169345979871,0.0009152364492492325,7.647709255506853e-05,0.0001574581077482451,0.012585861123910627,0.06912978005443922,0.00619414290458955,0.0036835874102241215,0.11759136956689217,0.03494681129068537,0.0010926935748319007,0.0010105084739890583,0.017847521727892567,0.019134040737486875,0.08915718888563502,0.07199367817121936,0.014645211171285937,0.028049969088876907,0.11963339898075219,0.11963339898075219,0.045954671440857256,0.10917873368129902,0.11367337151816173,0.11367337151816173,0.10917873368129902,0.03284916255806264,0.1349886913831712,0.011037825511236244
397,24,0.0006358160316966774,5.883533722799278e-06,0.0016725597645982576,0.05682465610344733,0.00092629943448997,0.2070729671012403,37,False,74,0,0,0,0,8856,9385,8667,8597,9388,9198,8054,7985,9010,8725,9466,9396,8252,9015,9207,9279,9114,9210,9403,8781,9377,9187,9550,8663,1.7514639650366452e-05,5.883533722799278e-06,6.063985238737029e-05,6.111072453356208e-05,0.0002690961423252946,0.00013879964216372343,1.8145956340278412e-05,1.3371765115183644e-05,0.0004966755122523801,0.0006715098514581909,0.0007346113810109397,0.0005705878612329852,0.0005016001549067253,0.0006533144410114029,0.0016725597645982576,0.0016725597645982576,0.0015462075865793363,0.001272534661421673,0.0012550339769703401,0.0012550339769703401,0.001272534661421673,0.0008737791875593578,7.706952929050664e-05,0.00014941019319931356,0.011537039363584741,0.06336896504990261,0.005677964329207087,0.0033766217927054445,0.10779208876965116,0.03203457701646159,0.0010016357769292421,0.00092629943448997,0.016360228250568185,0.017539537342696303,0.08172742314516543,0.06599420499028441,0.013424776907012109,0.02571247166480383,0.1096639490656895,0.1096639490656895,0.042125115487452486,0.10008050587452409,0.10420059055831492,0.10420059055831492,0.10008050587452409,0.03011173234489075,0.2070729671012403,0.010118006718633223
398,24,0.0006148038440351322,5.665250865003795e-06,0.0016315259627127906,0.055561490317048934,0.0008491078149491392,0.18981688650947026,38,False,72,0,0,0,0,8856,9385,8667,8597,9556,9198,8054,7985,9010,8725,9466,9396,8252,9015,9207,9279,9114,9210,9403,8781,9377,9187,9550,8663,1.6621764754565053e-05,5.665250865003795e-06,5.74541424658421e-05,5.786296752481492e-05,0.0002691228307235741,0.00013248223515979437,1.7170155647041195e-05,1.2652430068946987e-05,0.00047199280565237534,0.0006383494276203876,0.0007110034743394816,0.0005498228290216408,0.0004762809556921214,0.0006224758694265306,0.0016315259627127906,0.0016315259627127906,0.0014800096259026888,0.0012379873556899613,0.0012223715967339187,0.0012223715967339187,0.0012379873556899613,0.0008335604420733317,7.725812134015747e-05,0.00014173709829153137,0.010575619416619346,0.058088217962410725,0.005204800635106496,0.003095236643313324,0.1821427480388469,0.029365028931756458,0.0009181661288518053,0.0008491078149491392,0.01499687589635417,0.016077909230804942,0.07491680454973497,0.060494687907760705,0.012306045498094432,0.023569765692736843,0.1005252866435487,0.1005252866435487,0.03861468919683144,0.09174046371831375,0.09551720801178867,0.09551720801178867,0.09174046371831375,0.027602421316149855,0.18981688650947026,0.009274839492080455
399,24,0.0005961039489837442,5.447003826136834e-06,0.001587430359715273,0.06134803279062819,0.0007783488303700442,0.25733214596701437,39,False,72,0,0,0,0,8856,9385,8667,8597,9556,9198,8054,7985,9010,8725,9466,9396,8252,9015,9207,9279,9114,9210,9403,9594,9377,9187,9598,8663,1.5770160263528326e-05,5.447003826136834e-06,5.4428579688481815e-05,5.4783496155715105e-05,0.0002679041250453169,0.00012635784656184199,1.6246448903865753e-05,1.1971532865264352e-05,0.0004483654791494356,0.0006065781494974937,0.0006868427709644862,0.0005289980024154257,0.0004520981036656392,0.0005927371374009488,0.001587430359715273,0.001587430359715273,0.0014152535815243322,0.0012015678305439938,0.0012182969895386411,0.0012182969895386411,0.0012015678305439938,0.0007946342085513726,7.906147798265112e-05,0.00013442631155210732,0.009694317798567734,0.053247533132209826,0.004771067248847621,0.002837300256370547,0.1669641857022763,0.026917943187443418,0.0008416522847808215,0.0007783488303700442,0.013747136238324655,0.014738083461571197,0.06867373750392372,0.05545346391544731,0.011280541706586562,0.021605618551675438,0.09214817942325297,0.09214817942325297,0.03539679843042882,0.08409542507512094,0.1708907740108063,0.1708907740108063,0.08409542507512094,0.025302219539804032,0.25733214596701437,0.00850193620107375
400,24,0.0005770091241847731,5.230068549029853e-06,0.001540906762320307,0.059707918946964735,0.0007134864278392071,0.31922113380309647,40,False,72,0,0,0,0,8856,9385,8667,8597,9556,9198,8054,7985,9010,8725,9466,9396,8252,9015,9207,9279,9114,9210,9403,9594,9377,9187,9622,8663,1.4958494231870522e-05,5.230068549029853e-06,5.155608080508827e-05,5.1864167360704156e-05,0.0002655595343076251,0.0001204340011566738,1.5372105578552524e-05,1.1327054010187968e-05,0.0004257718404426492,0.0005761718954564568,0.0006623438635536692,0.000508243775048619,0.0004290198723745842,0.0005641087448878076,0.001540906762320307,0.001540906762320307,0.0013521116425784657,0.001163725130876282,0.0012089638346301193,0.0012089638346301193,0.001163725130876282,0.000757037888052823,8.245147903927293e-05,0.0001274650173470588,0.008886457982020422,0.04881023870452567,0.004373478311443652,0.002600858568339668,0.15305050356041994,0.024674781255156465,0.0007715145943824196,0.0007134864278392071,0.0126015415517976,0.013509909839773597,0.06295092604526341,0.05083234192249336,0.010340496564371015,0.019805150339035817,0.08446916447131522,0.08446916447131522,0.032447065227893084,0.07708747298552752,0.15664987617657244,0.15664987617657244,0.07708747298552752,0.023193701244820362,0.31922113380309647,0.007793441517650937
401,24,0.0005845286843158739,5.01553560158413e-06,0.0014925330074190548,0.07567214949112183,0.0006540292255192732,0.29261937265283844,41,False,73,0,0,0,0,8856,9385,8667,9627,9556,9198,8054,7985,9010,9633,9635,8252,9015,9207,9279,9114,9210,9403,9594,9642,9377,9187,9622,8663,1.4185393238749986e-05,5.01553560158413e-06,4.882974159806822e-05,5.0363364877174657e-05,0.0002622115988518778,0.0001147157767397438,1.454453149763598e-05,1.0717075506392087e-05,0.0004041870071575937,0.000561211297427955,0.0005002492001007925,0.0004070125341242573,0.0005365923939396229,0.0014925330074190548,0.0014925330074190548,0.0012907199676582201,0.0011248641290376915,0.0012257434220716342,0.0011949263744183093,0.0012257434220716342,0.0011248641290376915,0.0007207945396123214,8.529074139132774e-05,0.00012084023278258527,0.008145919816852053,0.04474271881248187,0.004009021785490014,0.0857174536876447,0.14029629493038492,0.022618549483893427,0.0007072217115172179,0.0006540292255192732,0.011551413089147798,0.0957174173531258,0.12992964676228558,0.009478788517340096,0.018154721144116166,0.07743006743203895,0.07743006743203895,0.02974314312556866,0.07066351690340023,0.22692905316185807,0.14359571982852473,0.22692905316185807,0.07066351690340023,0.021260892807751997,0.29261937265283844,0.007143988057846691
402,24,0.0005375934953988486,4.804326010341934e-06,0.0014428303630248274,0.0747394447622327,0.0005995267900593337,0.29135163206503656,42,False,73,0,0,0,0,8856,9385,8667,9627,9556,9198,8054,7985,9656,9010,9633,9635,8252,9015,9207,9279,9114,9210,9403,9667,9377,9187,9622,8663,1.344945851695853e-05,4.804326010341934e-06,4.624285326143669e-05,4.879936457094938e-05,0.0002579826164194433,0.00010920614068930581,1.3761262956071237e-05,1.0139776377007514e-05,0.00039347618006281267,0.00039347618006281267,0.0005453084854584853,0.0004907540817652281,0.0003860409161506209,0.0005101823499346325,0.0014428303630248274,0.0014428303630248274,0.001231182950609634,0.001085346212840443,0.0012355956065846308,0.0012674615102114487,0.001085346212840443,0.0006859149180327201,8.757283700978265e-05,0.00011453892315750477,0.007467093165447715,0.04101415891144171,0.0036749366366991792,0.07857433254700764,0.1286049370195195,0.02073367036023564,0.0006482865688907831,0.0005995267900593337,0.09392212866505216,0.09392212866505216,0.08774096590703198,0.11910217619876177,0.00868888947422842,0.016641827715439816,0.07097756181270237,0.07097756181270237,0.027264547865104603,0.06477489049478354,0.20801829873170322,0.29135163206503656,0.06477489049478354,0.01948915174043933,0.2682344249317686,0.006548655719692801
403,24,0.000524285269818903,4.5972071174780375e-06,0.0013922643466541844,0.07198337992093552,0.0005495662242210558,0.27401677383739464,43,False,73,0,0,0,0,8856,9385,8667,9627,9556,9198,8054,7985,9656,9010,9633,9635,8252,9015,9207,9279,9114,9210,9690,9667,9377,9187,9622,8663,1.2749279601991099e-05,4.5972071174780375e-06,4.378891463900541e-05,4.718942517775515e-05,0.00025299201807188194,0.00010390625382247116,1.301996095075181e-05,9.593428298561032e-06,0.0003821342052215436,0.0003821342052215436,0.000528673850464964,0.00047998134198590974,0.00036606887628276504,0.0004848666515227515,0.0013922643466541844,0.0013922643466541844,0.0011735771738884844,0.001045490797383248,0.0012708995011236324,0.0013009125343948738,0.001045490797383248,0.0006523993049194664,8.930395626734173e-05,0.0001085480986056349,0.006844835401660405,0.037596312335488234,0.0033686919169742474,0.07202647150142368,0.11788785893455954,0.019005864496882668,0.0005942626881498844,0.0005495662242210558,0.08609528460963115,0.08609528460963115,0.08042921874811265,0.10917699484886495,0.007964815351376052,0.015255008739153164,0.06506276499497717,0.06506276499497717,0.024992502209679218,0.05937698295355157,0.27401677383739464,0.26707232939295017,0.05937698295355157,0.017865055762069385,0.24588155618745453,0.0060029344097184
404,24,0.0005103679274431321,4.394808086111238e-06,0.001341246614821597,0.06945698714974645,0.0005037690388693012,0.2511820426842784,44,False,73,0,0,0,0,8856,9385,8667,9627,9556,9198,9702,7985,9656,9010,9633,9635,8252,9015,9207,9279,9114,9210,9690,9667,9377,9187,9622,8663,1.2083445802006187e-05,4.394808086111238e-06,4.14616409365773e-05,4.5548985454403164e-05,0.00024735434397948593,9.881574292275365e-05,1.2636096168492485e-05,9.076391354512654e-06,0.00037030647196663183,0.00037030647196663183,0.0005114980508858283,0.00046814184811977866,0.00034705970736773935,0.0004606281802893304,0.001341246614821597,0.001341246614821597,0.001117955037690366,0.00100557743154617,0.0012981230732751427,0.0013261969277178886,0.00100557743154617,0.0006202391438488558,9.05009037636345e-05,0.00010285489430346647,0.006274432451522038,0.03446328630753088,0.0030879675905597266,0.0660242655429717,0.1080638706900129,0.017422042455475777,0.08387807413080407,0.0005037690388693012,0.07892067755882855,0.07892067755882855,0.0737267838524366,0.10007891194479286,0.00730108073876138,0.0139837580108904,0.0596408679120624,0.0596408679120624,0.02290979369220595,0.05442890104075561,0.2511820426842784,0.24481630194353765,0.05442890104075561,0.01637630111523027,0.22539142650516664,0.0055026898755752
405,24,0.0004967995267839428,4.197634781605146e-06,0.0013435711018304618,0.07061334933171202,0.0004617882856301927,0.23025020579392186,45,False,73,0,0,0,0,8856,9385,8667,9627,9556,9198,9702,7985,9728,9010,9633,9731,8252,9015,9207,9279,9114,9210,9690,9667,9377,9187,9622,8663,1.1450555760283365e-05,4.197634781605146e-06,3.9254969446101216e-05,4.389172046390876e-05,0.00024117775488310058,9.39329437053765e-05,1.2237384446959546e-05,8.587109918004062e-06,0.0003673604321259572,0.0003581244340052102,0.0004939520981984667,0.0004671778935864692,0.00032897647891972964,0.000437445601523178,0.0012901376277019284,0.0012901376277019284,0.0010643480638939612,0.0009658483078772078,0.00131747642219089,0.0013435711018304618,0.0009658483078772078,0.0005894184923216256,9.11890432843463e-05,9.744663637071748e-05,0.005751563080561867,0.031591345781903306,0.0028306369580130826,0.06052224341439072,0.09905854813251182,0.015970205584186128,0.07688823461990373,0.0004617882856301927,0.1556772877622595,0.07234395442892616,0.06758288519806688,0.17507233594939348,0.006692657343864598,0.0128184448433162,0.0546707955860572,0.0546707955860572,0.021000644217855455,0.04989315928735931,0.23025020579392186,0.22441494344824284,0.04989315928735931,0.015011609355627746,0.20660880762973607,0.005044132385943933
406,24,0.00048269848694196244,4.006083840728155e-06,0.0013534169628973724,0.06472890355406935,0.0004233059284943433,0.21106268864442837,46,False,73,0,0,0,0,8856,9385,8667,9627,9556,9198,9702,7985,9728,9010,9633,9731,8252,9015,9207,9279,9114,9210,9690,9667,9377,9187,9622,8663,1.0849225354048975e-05,4.006083840728155e-06,3.7163062751177365e-05,4.222962457481558e-05,0.00023456300826492013,8.925511621892695e-05,1.1828073720656376e-05,8.124108669997231e-06,0.0003629960561383092,0.0003457057422283361,0.0004761878671492503,0.00046414222399799844,0.00031178232366482257,0.0004152941874803642,0.0012392498416542617,0.0012392498416542617,0.001012769881868777,0.0009265110196297972,0.0013293019129196153,0.0013534169628973724,0.0009265110196297972,0.0005599153041288798,9.140030280895356e-05,9.231089536103187e-05,0.0052722661571817115,0.028958733633411362,0.002594750544845326,0.05547872312985816,0.09080366912146916,0.014639355118837283,0.07048088173491175,0.0004233059284943433,0.14270418044873787,0.06631529155984897,0.06195097809822797,0.16048297462027736,0.006134935898542548,0.011750241106373183,0.05011489595388576,0.05011489595388576,0.019250590533034167,0.0457353960134127,0.21106268864442837,0.20571369816088925,0.0457353960134127,0.013760641909325433,0.18939140699392473,0.004623788020448605
407,24,0.0004681671361603334,3.820455808280002e-06,0.0013562123882752196,0.059334828257896904,0.000388030434453148,0.19347413125739266,47,False,73,0,0,0,0,8856,9385,8667,9627,9556,9198,9702,7985,9728,9010,9633,9731,8252,9015,9207,9279,9114,9210,9690,9667,9377,9187,9622,8663,1.0278094147617095e-05,3.820455808280002e-06,3.5180309822363435e-05,4.0573112873605955e-05,0.0002276028270484952,8.477863480269115e-05,1.141195456527893e-05,7.685988756932472e-06,0.0003573825575786403,0.0003331546590036743,0.0004583389196863197,0.0004592457911189097,0.0002954406758957078,0.0003941465342615822,0.0011888512273770778,0.0011888512273770778,0.0009632189089166341,0.0008877414401290239,0.001334044715824041,0.0013562123882752196,0.0008877414401290239,0.0005317025561358951,9.117131928595856e-05,8.743552902795212e-05,0.004832910644083236,0.02654550583062708,0.002378521332774882,0.050855496202369975,0.08323669669468006,0.013419408858934176,0.0646074749236691,0.000388030434453148,0.13081216541134305,0.06078901726319489,0.056788396590042305,0.14710939340192092,0.005623691240330669,0.01077105434750875,0.04593865462439528,0.04593865462439528,0.017646374655281318,0.04192411301229497,0.19347413125739266,0.18857088998081514,0.04192411301229497,0.01261392175021498,0.173608789744431,0.004238472352077888
408,24,0.00045596134281822065,3.6409672742580884e-06,0.0013665831118063725,0.06133470368084994,0.0003556945649153856,0.26068462031927664,48,False,73,0,0,0,0,8856,9385,8667,9627,9556,9198,9702,7985,9728,9010,9633,9731,8252,9015,9207,9807,9114,9210,9810,9667,9377,9187,9622,8663,9.735830593808229e-06,3.6409672742580884e-06,3.330132535674557e-05,3.893113417727066e-05,0.00022038159133950253,8.049915475527641e-05,1.0992376330191994e-05,7.271424090317425e-06,0.0003506858333192445,0.0003205626783465133,0.00044052154893385343,0.00045270208277088854,0.00027991546783679485,0.00037397318295169827,0.001139168951943581,0.0011685480205027821,0.0009156807419967741,0.0008496866271089987,0.0013665831118063725,0.001352503824798248,0.0008496866271089987,0.0005047492334234904,9.054177501426193e-05,8.280871585742435e-05,0.004430168090409633,0.02433338034474149,0.0021803112217103084,0.046617538185505805,0.07630030530345672,0.012301124787356328,0.05922351868003,0.0003556945649153856,0.11991115162706446,0.05572326582459532,0.052056030207538774,0.13485027728509416,0.005155050303636446,0.009873466485216354,0.042110433405695674,0.12544376673902902,0.016175843434007874,0.03843043692793705,0.26068462031927664,0.17285664914908053,0.03843043692793705,0.011562761604363732,0.15914139059906174,0.0038852663227380638
409,24,0.00044325396722149973,3.467761985966419e-06,0.0013906535563558385,0.059695700596334667,0.0003260533511724368,0.23896090195933692,49,False,73,0,0,0,0,8856,9385,8667,9627,9556,9198,9822,7985,9728,9010,9633,9731,8252,9015,9207,9807,9114,9210,9810,9667,9377,9187,9622,8663,9.22113615560547e-06,3.467761985966419e-06,3.1520947668554364e-05,3.7311290175984616e-05,0.00021297528895745252,7.64117578439912e-05,1.0844927378296216e-05,6.8791577892268916e-06,0.0003430655135993473,0.0003080092884860844,0.0004228359658906359,0.00044472195356242344,0.0002651712895548596,0.000354743155071145,0.0010903930983930722,0.0011449286083761027,0.0008701302798162769,0.000812467678151532,0.0013906535563558385,0.001342881758879254,0.000812467678151532,0.0004790211863393849,8.95529540513384e-05,7.841898068208839e-05,0.00406098741620883,0.022305598649346364,0.001998618619901116,0.042732743336713654,0.06994194652816865,0.011276031055076633,0.13762155879002752,0.0003260533511724368,0.10991855565814242,0.05107966033921237,0.04771802769024387,0.12361275417800298,0.004725462778333409,0.009050677611448324,0.0386012306218877,0.11499011951077659,0.014827856481173884,0.03522790051727563,0.23896090195933692,0.15845192838665714,0.03522790051727563,0.010599198137333421,0.1458796080491399,0.0035614941291765585
410,24,0.0004307091841412621,3.3009209406561792e-06,0.0014065634277219286,0.061665503324417885,0.00029888223857473374,0.2190474934627255,50,False,73,0,0,0,0,8856,9385,8667,9627,9556,9198,9822,7985,9728,9010,9633,9731,8252,9015,9207,9807,9114,9210,9810,9667,9377,9861,9862,8663,8.732748499967595e-06,3.3009209406561792e-06,2.9834235395604053e-05,3.571995641587045e-05,0.00020545166722202182,7.251107871363924e-05,1.0662028288114424e-05,6.507998765507706e-06,0.00033467276995933684,0.00029556282466810965,0.00040536756640307826,0.00043550954991184587,0.0002511735173361854,0.0003364244117109159,0.001042680326883381,0.0011185068312504246,0.0008265335956768177,0.0007761824830504659,0.0014065634277219286,0.0013279594646752677,0.0007761824830504659,0.00046620292050871806,9.052239880824366e-05,7.425521353372332e-05,0.003722571798191427,0.020446798761900833,0.0018320670682426894,0.03917168139198751,0.0641134509841546,0.010336361800486913,0.1261530955575252,0.00029888223857473374,0.10075867601996388,0.04682302197761134,0.04374152538272355,0.11331169132983605,0.004331674213472291,0.008296454477160964,0.03538446140339706,0.1054076095515452,0.013592201774409392,0.032292242140835994,0.2190474934627255,0.14524760102110237,0.032292242140835994,0.0930492649592223,0.21705630737837825,0.0032647029517451783
411,24,0.00041774884159247763,3.140471487129616e-06,0.0014147424053884798,0.05652671138071639,0.00027397538536017257,0.20079353567416505,51,False,73,0,0,0,0,8856,9385,8667,9627,9556,9198,9822,7985,9728,9010,9633,9731,8252,9015,9207,9807,9114,9210,9810,9667,9377,9861,9862,8663,8.269443897577567e-06,3.140471487129616e-06,2.8236463249429978e-05,3.416240184563155e-05,0.0001978705358366003,6.879141415195161e-05,1.0448596504601936e-05,6.156818450508402e-06,0.0003256487842180279,0.00028328137026786,0.0003881882291144824,0.0004252592293992461,0.00023788841488887042,0.00031898424500490267,0.0009961574068647193,0.0010897659457595166,0.0007848495819254692,0.0007409083351360637,0.0014147424053884798,0.0013083551643870892,0.0007409083351360637,0.00045265391338608667,9.099800917164361e-05,7.030668274750957e-05,0.0034123574816754747,0.018742898865075762,0.0016793948125557985,0.03590737460932188,0.05877066340214171,0.009474998317113004,0.11564033759439811,0.00027397538536017257,0.0923621196849669,0.04292110347947706,0.040096398267496586,0.10386905038568305,0.0039707013623496,0.0076050832707308825,0.0324357562864473,0.09662364208891643,0.01245951829320861,0.029601221962432995,0.20079353567416505,0.13314363426934384,0.029601221962432995,0.08529515954595378,0.1989682817635134,0.00299264437243308
412,24,0.00040447081394983227,2.9863954808242283e-06,0.0014157121564840045,0.05181615209899002,0.00025114410324682485,0.18406074103465128,52,False,73,0,0,0,0,8856,9385,8667,9627,9556,9198,9822,7985,9728,9010,9633,9731,8252,9015,9207,9807,9114,9210,9810,9667,9377,9861,9862,8663,7.830038945970453e-06,2.9863954808242283e-06,2.6723117004652997e-05,3.264290450447515e-05,0.00019028417817323738,6.524681704782339e-05,1.0209331040705756e-05,5.824547661359837e-06,0.0003161237786846743,0.00027121367329152596,0.00037135760645652893,0.00041415335608642977,0.00022528321121769143,0.00030238960986420896,0.000950924570706761,0.0010591545074735388,0.0007450313866814709,0.0007067043766951778,0.0014157121564840045,0.0012846775316690076,0.0007067043766951778,0.00043854517676814416,9.101384295844047e-05,6.656304320414273e-05,0.0031279943582025183,0.017180990626319448,0.0015394452448428153,0.03291509339187839,0.0538731081186299,0.008685415124020254,0.10600364279486493,0.00025114410324682485,0.08466527637788632,0.0393443448561873,0.036755031745205204,0.09521329618687611,0.0036398095821538,0.006971326331503309,0.02973277659591002,0.08857167191484006,0.011421225102107892,0.027134453465563577,0.18406074103465128,0.12204833141356518,0.027134453465563577,0.07818722958379096,0.18238759161655393,0.00274325734139699
413,24,0.000392020997334935,2.838636547591647e-06,0.0014100584957592707,0.054442583868518635,0.0002302154279762561,0.16872234594843033,53,False,74,0,0,0,0,8856,9385,8667,9627,9556,9198,9822,7985,9920,9010,9633,9731,8252,9015,9207,9807,9114,9210,9810,9667,9932,9861,9862,8663,7.413391718845282e-06,2.838636547591647e-06,2.5289887894811393e-05,3.116486163419076e-05,0.0001827378354113249,6.187117674629958e-05,9.948655233255268e-06,5.510173604194066e-06,0.0003141138078929364,0.00025940005308716256,0.00035492438036789414,0.000402360846454034,0.0002133261585567543,0.000286607403179054,0.0009070586561761963,0.001027083948459894,0.0007070276628799645,0.0006736138640149651,0.0014100584957592707,0.0012575143277308548,0.0006909863071978305,0.000424031158893695,9.060790611527641e-05,6.301434048214384e-05,0.0028673281616856416,0.015749241407459494,0.0014111581411059139,0.03017216894255519,0.04938368244207741,0.007961630530351899,0.09717000589529286,0.0002302154279762561,0.16094317001306246,0.03606564945150502,0.03369211243310477,0.08727885483796977,0.0033364921169743164,0.0063903824705446996,0.02725504521291752,0.08119069925527005,0.0104694563435989,0.024873249010099945,0.16872234594843033,0.11187763712910141,0.10820658234343329,0.07167162711847504,0.16718862564850775,0.0025146525629472405
414,24,0.0003802721988848109,2.6971065178567126e-06,0.0013984066951552084,0.05685014632391985,0.00021103080897823476,0.1825227004814805,54,False,75,0,0,0,0,8856,9385,8667,9627,9556,9198,9822,7985,9920,9945,9633,9731,8252,9015,9207,9807,9114,9210,9810,9667,9956,9861,9862,8663,7.0184024312991395e-06,2.6971065178567126e-06,2.393266655721487e-05,2.9730893070699863e-05,0.00017527023456820676,5.8658287367264804e-05,9.67067811756256e-06,5.2127370111816765e-06,0.00031084015219105647,0.0002542659089896557,0.0003389274624132978,0.0003900363419079152,0.00020198657332955297,0.00027160469699992614,0.0008646160186323289,0.0009939275393112377,0.0006707836487285118,0.0006416662456554325,0.0013984066951552084,0.0012274238702860779,0.0006911350715496031,0.0004092499429246981,8.982058792788807e-05,5.965101159178445e-05,0.002628384148211838,0.014436804623504535,0.0012935616293470876,0.02765782153067559,0.04526837557190429,0.00729816131948924,0.08907250540401845,0.00021103080897823476,0.14753123917864058,0.11639351199721294,0.030884436397012705,0.08000561693480561,0.0030584511072264567,0.005857850597999308,0.024983791445174392,0.07442480765066421,0.009597001648298992,0.02280047825925828,0.1546621504527278,0.1025545007016763,0.1825227004814805,0.06569899152526879,0.15325624017779876,0.002305098182701637
415,24,0.0003682055077168919,2.561691096057742e-06,0.001381400280563803,0.05211263413025987,0.00019344490823004851,0.16731247544135713,55,False,76,0,0,0,0,8856,9385,8667,9627,9556,9198,9822,7985,9920,9945,9633,9731,8252,9015,9207,9807,9114,9210,9810,9667,9956,9861,9862,8663,6.644013699102583e-06,2.561691096057742e-06,2.2647536647878108e-05,2.8342937226380245e-05,0.00016791413734641266,5.560190551776495e-05,9.379171438458284e-06,4.931329407872981e-06,0.00030644725475222285,0.0002484958164497039,0.00032339712449040394,0.0003773198907634605,0.0001912348627339903,0.00025734893155086365,0.0008236352042898931,0.0009600204513213235,0.0006362420975231599,0.0006108790536909258,0.001381400280563803,0.0011949289876507045,0.0006880785328958818,0.00039432376959987593,8.869332167653206e-05,5.6463882872734316e-05,0.0024093521358608512,0.013233737571545823,0.0011857648269014969,0.025353003069785957,0.041496010940912265,0.006689981209531803,0.08164979662035024,0.00019344490823004851,0.1352369692470872,0.10669405266411186,0.028310733363928312,0.07333848219023847,0.0028035801816242516,0.005369696381499365,0.022901808824743193,0.0682227403464422,0.008797251510940742,0.020900438404320088,0.14177363791500047,0.09400829230986993,0.16731247544135713,0.06022407556482972,0.14048488682964885,0.0021130066674765005
416,24,0.0003747520526074465,2.432254831028139e-06,0.0013596833897936147,0.06023330026474879,0.0001773244992108778,0.21211114626051145,56,False,77,0,0,0,0,8856,9385,8667,9627,9556,9198,9822,7985,9920,9945,9633,9731,9996,9015,9207,9998,9807,9114,9210,9810,9667,9956,10006,8663,6.289210459837278e-06,2.432254831028139e-06,2.1430768228908988e-05,2.7002339330547402e-05,0.00016069689185383654,5.2695798694231306e-05,9.077559454985185e-06,4.6650905070286915e-06,0.00030107788018640246,0.0002421977808121867,0.00030835605152716424,0.00036433703309326414,0.00018571161061687369,0.00024380807331049188,0.0008043622706318004,0.0008043622706318004,0.0009256606662535947,0.0006033440735030636,0.0005812596121912289,0.0013596833897936147,0.001160513094097551,0.0006821232824302418,8.951809458029957e-05,5.3444165558734675e-05,0.0022085727912057804,0.012130926107250337,0.001086951091326372,0.02324025281397046,0.038038010029169574,0.006132482775404152,0.07484564690198772,0.0001773244992108778,0.12396722180982993,0.0978028816087692,0.025951505583600952,0.0672269420077186,0.08590328183315557,0.004922221683041085,0.10432665808934793,0.10432665808934793,0.06253751198423868,0.008064147218362346,0.01915873520396008,0.12995916808875044,0.0861742679507141,0.15336976915457737,0.21211114626051145,0.0019369227785201253
417,24,0.0003631929804263155,2.308645451932072e-06,0.0013338865725284394,0.058686080798241946,0.0001625474576099713,0.19443521740546882,57,False,77,0,0,0,0,8856,9385,8667,9627,10012,9198,9822,7985,9920,9945,9633,9731,9996,9015,9207,9998,9807,9114,9210,9810,9667,9956,10006,8663,5.953019614616923e-06,2.308645451932072e-06,2.0278811014524026e-05,2.5709931867384053e-05,0.00015760336102775332,4.993378554295061e-05,8.768918930324081e-06,4.413205724906373e-06,0.0002948703341450301,0.00023547222726529133,0.0002938203116672115,0.0003511991941710009,0.0001799538280739068,0.00023095074282423553,0.0007834563288079887,0.0007834563288079887,0.0008911105150850393,0.0005720296291007737,0.0005528065704391231,0.0013338865725284394,0.0011246180291851252,0.0006735839182062875,8.986387130648798e-05,5.05834494432505e-05,0.0020245250586052987,0.01112001559831281,0.000996371833715841,0.02130356507947292,0.11820150919340544,0.005621442544120473,0.06860850966015541,0.0001625474576099713,0.11363661999234409,0.08965264147470509,0.02378888011830087,0.061624696840408714,0.07874467501372594,0.004512036542787661,0.0956327699152356,0.0956327699152356,0.05732605265221879,0.0073921349501654835,0.017562173936963407,0.1191292374146879,0.07899307895482126,0.14058895505836258,0.19443521740546882,0.0017755125469767815
418,24,0.000351641341149653,2.1906976320338753e-06,0.0013046157815994645,0.05726779628727733,0.00014900183614247368,0.18750023499298207,58,False,77,0,0,0,0,8856,9385,8667,9627,10012,9198,9822,7985,10040,9945,9633,9731,9996,9015,9207,9998,9807,9114,9210,9810,9667,9956,10006,8663,5.63450944109389e-06,2.1906976320338753e-06,1.9188287547839794e-05,2.4466107352766277e-05,0.0001541048654439499,4.7309769026475533e-05,8.45598698575859e-06,4.1749038158173356e-06,0.0002953827276568923,0.0002284114164059691,0.00027980024258781916,0.0003380043052428669,0.0001740252758041515,0.00021874631638532028,0.0007612378029899279,0.0007612378029899279,0.0008565986608273527,0.0005422383776171942,0.0005255112705632604,0.0013046157815994645,0.0010876433257782103,0.0006627745967218985,8.976546215650188e-05,4.7873695019177316e-05,0.0018558146370548571,0.010193347631786741,0.0009133408475728541,0.019528267989516845,0.10835138342728831,0.0051529889987771,0.06289113385514246,0.00014900183614247368,0.18750023499298207,0.08218158801847966,0.021806473441775796,0.056489305437041316,0.07218261876258211,0.004136033497555355,0.0876633724222993,0.0876633724222993,0.05254888159786722,0.00677612370431836,0.016098659442216456,0.1092018009634639,0.07241032237525281,0.12887320880349903,0.17823228262167976,0.0016275531680620496
419,24,0.00034001742960286497,2.0782362393744065e-06,0.0012724442246763187,0.05943992437444867,0.0008372291102751163,0.18265543480834762,59,False,78,0,0,0,0,8856,9385,8667,9627,10060,9198,9822,10063,10040,9945,9633,9731,9996,9015,9207,9998,9807,9114,9210,9810,9667,9956,10006,8663,5.3327888214061955e-06,2.0782362393744065e-06,1.8155986368476654e-05,2.3270883736687923e-05,0.0001541442947193139,4.481776343122534e-05,8.141174806225217e-06,4.051310713112237e-06,0.00029448667878186627,0.00022109917561460212,0.0002663012549527661,0.0003248375831508859,0.00016798300493431724,0.00020716500524259416,0.0007380002049071817,0.0007380002049071817,0.0008223223724346126,0.0005139099740505567,0.000499358960624667,0.0012724442246763187,0.0010499466028888141,0.0006500022557165697,8.926114433764202e-05,4.530722441236182e-05,0.0017011634173002856,0.009343901995804512,0.0008372291102751163,0.017900912323723775,0.18265543480834762,0.004723573248879008,0.05765020603388058,0.08346991834979728,0.17187521541023357,0.07533312235027302,0.019989267321627813,0.051781863317287874,0.06616740053236693,0.0037913640394257424,0.08035809138710769,0.08035809138710769,0.048169808131378285,0.006211446728958497,0.014757104488698417,0.10010165088317523,0.06637612884398174,0.11813377473654077,0.16337959240320643,0.001491923737390212
420,24,0.0003284001767397846,1.971079129669306e-06,0.0012379067057147648,0.057958819565466835,0.0007674600177521899,0.16743414857431865,60,False,77,0,0,0,0,8856,9385,8667,9627,10060,9198,9822,10063,10040,9945,9633,9731,10092,9015,9207,9998,9807,9114,9210,9810,9667,9956,10006,8663,5.0470063225397285e-06,1.971079129669306e-06,1.7178855220571895e-05,2.212396281752775e-05,0.00015346829848201433,4.245191604774091e-05,7.826585492922785e-06,3.923029597887222e-06,0.0002923112583688332,0.0002136108823852055,0.0002533245557138417,0.00031177241235566414,0.00016605236980376105,0.0001961779155585357,0.0007140094894869923,0.0007140094894869923,0.0007884499659294359,0.00048698451556172036,0.0004743298649180007,0.0012379067057147648,0.0010118448157064952,0.0006355613809970054,8.839117527460273e-05,4.287671138210483e-05,0.0015593997991919283,0.008565243496154135,0.0007674600177521899,0.016409169630080125,0.16743414857431865,0.004329942144805757,0.052846022197723864,0.0765140918206475,0.1575522807927141,0.06905536215441693,0.018323495044825493,0.04746670804084722,0.14398678382133637,0.0034754170361402637,0.07366158377151538,0.07366158377151538,0.044155657453763424,0.005693826168211955,0.013527345781306882,0.09175984664291062,0.06084478477364992,0.1082892935084957,0.14976462636960589,0.001367596759274361
421,24,0.0003232160581142859,1.8690395326807626e-06,0.0012014960760775143,0.06362609162614155,0.0007035050162728407,0.22061757417213873,61,False,78,0,0,0,0,8856,9385,8667,9627,10060,9198,9822,10063,10040,9945,9633,9731,10092,10117,9015,9207,9998,9807,9114,9210,9810,9667,9956,10126,4.776349161174561e-06,1.8690395326807626e-06,1.6253994341822142e-05,2.102478211780832e-05,0.00015214523078315513,4.0206524260038824e-05,7.514034650619511e-06,3.7914164648477083e-06,0.00028899022358132824,0.00020601364266941045,0.00024086779516468434,0.000298871283822741,0.00016354321958458523,0.0001905477512541387,0.0001905477512541387,0.0006895041811637217,0.0006895041811637217,0.0007551233147130822,0.0004614028718797186,0.0004504001234884444,0.0012014960760775143,0.0009736161328896969,0.00061973015307068,8.944532165310835e-05,0.0014294498159259342,0.007851473204807956,0.0007035050162728407,0.015041738827573446,0.15348130285979208,0.0039691136327386104,0.04844218701458021,0.0701379175022602,0.1444229240599879,0.06330074864154885,0.016796537124423368,0.043511149037443284,0.13198788516955834,0.08651913228312859,0.08651913228312859,0.06752311845722243,0.06752311845722243,0.04047601933261647,0.005219340654194292,0.012400066966197974,0.0841131927560014,0.055774386042512426,0.09926518571612106,0.22061757417213873
422,24,0.0003355137991150068,1.771928079131969e-06,0.0011636614273343314,0.06350977064876993,0.000644879598250104,0.2022327763244605,62,False,78,0,0,0,0,8856,9385,8667,9627,10060,9198,9822,10063,10040,9945,9633,9731,10092,9015,9207,9998,9807,10145,9114,9210,9810,9667,9956,10126,4.520042080364957e-06,1.771928079131969e-06,1.5378649866473403e-05,1.9972560706415456e-05,0.0001502452487824418,3.807604869411307e-05,7.205072564517007e-06,3.6576806424726685e-06,0.0002846581807818001,0.00019836661477574814,0.00022892564242656197,0.00028618675487870204,0.00016053156160709362,0.00018467188179027418,0.0006646960915570832,0.0006646960915570832,0.0007410925433120953,0.0007410925433120953,0.00043710695485145153,0.0004275426127471178,0.0011636614273343314,0.0009355022480092872,0.0006027677915847993,9.000500681870928e-05,0.0013103289979321062,0.00719718377107396,0.000644879598250104,0.013788260591942325,0.14069119428814275,0.003638354163343726,0.04440533809669853,0.06429309104373851,0.13238768038832224,0.05802568625475311,0.015396825697388086,0.039885219950989675,0.1209888947387618,0.07930920459286787,0.06189619191912056,0.06189619191912056,0.12043635105489844,0.12043635105489844,0.004784395599678101,0.011366728052348143,0.07710376002633462,0.051126520538969725,0.0909930869064443,0.2022327763244605
423,24,0.0003033986775415577,1.6795545110690286e-06,0.0011248076840133933,0.06114980789007862,0.000591139631729262,0.18538004496408877,63,False,78,0,0,0,0,8856,9385,8667,9627,10060,9198,9822,10063,10040,9945,10162,9633,9731,10092,9015,9207,9998,9807,9114,9210,9810,9667,9956,10126,4.2773461612918195e-06,1.6795545110690286e-06,1.45502073685864e-05,1.8966339466159167e-05,0.00014783842532747654,3.605512299753874e-05,6.901007058969625e-06,3.5228901050301275e-06,0.00027944747437924487,0.00019072143686305092,0.00022309935034742372,0.00022309935034742372,0.00027376240246379687,0.00015709066243419013,0.0001786161345874121,0.0006397714737550612,0.0006397714737550612,0.0007250954356071589,0.0004140399353227838,0.0004057276586929091,0.0011248076840133933,0.0008977109664456231,0.0005849129121575731,9.010301682915777e-05,0.0012011349147710974,0.006597418456817796,0.000591139631729262,0.012639238875947131,0.12896692809746418,0.003335157983065082,0.04070489325530698,0.058935333456760296,0.12135537368929539,0.05319021240019035,0.09744709022260575,0.09744709022260575,0.036561451621740536,0.11090648684386498,0.07270010421012889,0.056738175925860515,0.056738175925860515,0.11039998846699024,0.004385695966371592,0.010419500714652464,0.07067844669080674,0.046865977160722244,0.0834103296642406,0.18538004496408877
424,24,0.00029298492292628177,1.591729114526731e-06,0.0010852962892008886,0.06299843501034985,0.0005418779957518234,0.17265983270405527,64,False,78,0,0,0,0,8856,9385,8667,9627,10060,9198,9822,10063,10040,9945,10162,10186,9731,10092,9015,9207,9998,9807,9114,9210,9810,9667,9956,10126,4.047557589752688e-06,1.591729114526731e-06,1.3766185566280547e-05,1.8005016303521865e-05,0.00014499323444566538,3.413856075190614e-05,6.602926336311953e-06,3.387978734586672e-06,0.0002734857542133017,0.00018312272320291398,0.00022247590532054536,0.00022247590532054536,0.0002616337492421601,0.00015329001289376444,0.0001724394583379724,0.0006148924826533893,0.0006148924826533893,0.0007074521147877757,0.0003921464146065022,0.0003849236536967181,0.0010852962892008886,0.0008604189401462389,0.0005663827169034447,8.977635820866076e-05,0.0011010403385401726,0.006047633585416313,0.0005418779957518234,0.011585968969618204,0.11821968408934216,0.0030572281511429917,0.037312818817364736,0.05402405566869693,0.1112424258818541,0.048757694700174485,0.17265983270405527,0.17265983270405527,0.03351466398659549,0.10166427960687623,0.06664176219261815,0.05200999459870547,0.05200999459870547,0.10119998942807439,0.004020221302507293,0.009551208988431426,0.0647885761332395,0.04296047906399539,0.07645946885888721,0.16993170788374803
425,24,0.00028248262166095505,1.5082639094899297e-06,0.0010454467144555611,0.05774856542615403,0.0004967214961058381,0.15827151331205067,65,False,78,0,0,0,0,8856,9385,8667,9627,10060,9198,9822,10063,10040,9945,10162,10186,9731,10092,9015,9207,9998,9807,9114,9210,9810,9667,9956,10126,3.830006393954107e-06,1.5082639094899297e-06,1.3024230202874173e-05,1.7087376783863957e-05,0.00014177538147351504,3.232135995694548e-05,6.311721268970803e-06,3.253754896950098e-06,0.0002668941552314377,0.0001756086009288694,0.00022088097674444958,0.00022088097674444958,0.00024982914786612995,0.00014919459974636293,0.00016619412238812453,0.0005901988336080736,0.0005901988336080736,0.0006884617470615705,0.00037137255694454015,0.00036509758713790285,0.0010454467144555611,0.000823774450025836,0.0005473728532849115,8.906466920006392e-05,0.0010092869769951582,0.005543664119964953,0.0004967214961058381,0.010620471555483353,0.10836804374856365,0.0028024591385477425,0.03420341724925101,0.04952205102963885,0.10197222372503292,0.044694553475159944,0.15827151331205067,0.15827151331205067,0.030721775321045867,0.0931922563063032,0.06108828200989997,0.04767582838214668,0.04767582838214668,0.09276665697573484,0.0036852028606316847,0.008755274906062139,0.05938952812213621,0.03938043914199577,0.07008784645397995,0.15577073222676902
426,24,0.00028319657222840197,1.4289736285049676e-06,0.001031471317276977,0.06758930990029934,0.0004553280380970183,0.14508222053604644,66,False,78,0,0,0,0,8856,9385,8667,9627,10060,9198,10230,10231,10040,9945,10162,10186,9731,10092,9015,9207,9998,9807,9114,9210,9810,10244,9956,10126,3.624055167487031e-06,1.4289736285049676e-06,1.2322108116780265e-05,1.6212120653749944e-05,0.00013824694124744846,3.0598705469147286e-05,6.183571114867055e-06,3.201398832395737e-06,0.00025978601330918304,0.0001682112648148784,0.00021841547828175374,0.00021841547828175374,0.00023837061344437032,0.0001448644383959846,0.00015992602056416955,0.0005658095723950657,0.0005658095723950657,0.000668400439796293,0.0003516661886047028,0.0003462154994505375,0.001031471317276977,0.001031471317276977,0.0005280577930997552,8.800885186379984e-05,0.0009251797289122284,0.005081692109967874,0.0004553280380970183,0.009735432259193074,0.09933737343618335,0.0025689208770020974,0.11468646581181344,0.12872854677716894,0.0934745384146135,0.04097000735222995,0.14508222053604644,0.14508222053604644,0.028161627377625377,0.0854262349474446,0.0559975918424083,0.04370284268363445,0.04370284268363445,0.08503610222775694,0.0033781026222457107,0.008025668663890293,0.1377737341119582,0.1377737341119582,0.06424719258281494,0.14278983787453825
427,24,0.00027438285915814083,1.3536765119113444e-06,0.0010141188355827812,0.06195686740860773,0.00041738403492226677,0.1329920354913759,67,False,79,0,0,0,0,8856,9385,8667,9627,10060,9198,10230,10231,10040,9945,10162,10186,9731,10092,9015,9207,9998,9807,9114,9210,9810,10244,9956,10126,3.4290977890468814e-06,1.3536765119113444e-06,1.1657701508588012e-05,1.53778846851758e-05,0.00013446576378315175,2.8965969727881343e-05,6.040357680803674e-06,3.1395774043645445e-06,0.0002522660379156948,0.00016095753268676862,0.0002151811028392017,0.0002151811028392017,0.00022727459806456683,0.0001403543221120105,0.00015367504751058356,0.0005418248878109417,0.0005418248878109417,0.0006475201297361711,0.00033297686856174473,0.0003282428683754886,0.0010141188355827812,0.0010141188355827812,0.000508591602339953,8.664993093562617e-05,0.0008480814181695426,0.004658217767470551,0.00041738403492226677,0.00892414623759365,0.09105925898316806,0.0023548441372519225,0.10512926032749564,0.11800116787907153,0.08568499354672904,0.037555840072877454,0.1329920354913759,0.1329920354913759,0.025814825096156596,0.07830738203515755,0.05133112585554094,0.04006093912666491,0.04006093912666491,0.07794976037544386,0.0030965940703919013,0.007356862941899435,0.12629258960262835,0.12629258960262835,0.058893259867580365,0.1308906847183267
428,24,0.00026552660265422246,1.2821949445445402e-06,0.0009938571016740003,0.06373823956900153,0.0007774079666554141,0.1303868653675792,68,False,78,0,0,0,0,8856,9385,10274,9627,10060,9198,10230,10231,10040,9945,10162,10186,9731,10092,10286,9207,9998,9807,9114,9210,9810,10244,9956,10126,3.2445581484604798e-06,1.2821949445445402e-06,1.131343942736521e-05,1.4583262246452656e-05,0.00013048510608719026,2.7418712057913115e-05,5.884687277550359e-06,3.0697124838681746e-06,0.0002444298640330265,0.00015386938837516154,0.00021127794485075886,0.00021127794485075886,0.00021655270420243146,0.00013571374613338257,0.00015127890218537694,0.0005183279140921236,0.0005183279140921236,0.0006260482697824384,0.0003152559350942237,0.00031114493545042655,0.0009938571016740003,0.0009938571016740003,0.0004891089918281716,8.502813270959001e-05,0.0007774079666554141,0.004270032953514672,0.08371593536534543,0.008180467384460845,0.08347098740123739,0.002158607125814262,0.09636848863353767,0.10816773722248223,0.07854457741783495,0.034426186733471,0.12190936586709457,0.12190936586709457,0.02366358967147688,0.07178176686556109,0.1303868653675792,0.03672252753277617,0.03672252753277617,0.07145394701082354,0.0028385445645259092,0.006743791030074482,0.11576820713574265,0.11576820713574265,0.053985488211948665,0.11998312765846615
429,24,0.000274905666174162,1.2456740907848038e-06,0.0009711332583664966,0.07386071402360216,0.0007126239694341296,0.19508358537817003,69,False,78,0,0,0,0,8856,10297,10274,9627,10060,9198,10230,10231,10040,9945,10306,9731,10092,10286,9207,9998,9807,10313,10314,9210,9810,10244,9956,10126,3.069888886862205e-06,1.2456740907848038e-06,1.0955964451152394e-05,1.3826819972954029e-05,0.0001263534502268073,2.595267679827431e-05,5.718978151936183e-06,2.9931469637319195e-06,0.00023636391069922655,0.0001469645027101216,0.00021213605942640906,0.00020621233613631707,0.00013098696904294616,0.00014842651794033348,0.0004953864837379645,0.0004953864837379645,0.0006197701014012345,0.0006197701014012345,0.0003061537001771968,0.0002948869800232753,0.0009711332583664966,0.0009711332583664966,0.0004697265569220216,8.318216854814562e-05,0.0007126239694341296,0.08724753020738846,0.07673960741823331,0.007498761769089108,0.0765150717844676,0.0019787231986630733,0.08833778124740953,0.0991537591206087,0.0719991959663487,0.03155733783901508,0.19508358537817003,0.02169162386552047,0.06579995296009766,0.11952129325361427,0.03366231690504482,0.03366231690504482,0.14883278475992157,0.14883278475992157,0.08593533251748209,0.006181808444234942,0.10612085654109743,0.10612085654109743,0.04948669752761961,0.1099845336869273
430,24,0.00026667498111021136,1.2075079050527507e-06,0.0009463682911801546,0.07465009896607976,0.0018138295987744839,0.1788266199299892,70,False,77,0,0,0,0,10320,10297,10274,9627,10060,9198,10230,10327,10040,9945,10306,9731,10092,10286,9207,9998,9807,10313,10314,9210,9810,10244,9956,10126,2.9794787700573986e-06,1.2075079050527507e-06,1.0589073279265973e-05,1.3107111879072089e-05,0.000122114470747438,2.4563790473152394e-05,5.545447646410942e-06,2.9862098392541998e-06,0.00022814548048336899,0.00014025672599981772,0.0002119422369238121,0.00019625729019777366,0.00012621317837253538,0.00014518539042661485,0.00047305480245592743,0.00047305480245592743,0.0006112340889320874,0.0006112340889320874,0.0002966644074029057,0.0002794345473588961,0.0009463682911801546,0.0009463682911801546,0.0004505441315281649,8.11487022751405e-05,0.0839865719719813,0.07997690269010609,0.07034464013338053,0.006873864954998349,0.07013881580242863,0.0018138295987744839,0.08097629947679207,0.17422427919389133,0.06599926296915297,0.02892755968576382,0.1788266199299892,0.019883988543393766,0.06031662354675619,0.10956118548247974,0.030857123829624418,0.030857123829624418,0.13643005269659475,0.13643005269659475,0.07877405480769191,0.0056666577405486964,0.0972774518293393,0.0972774518293393,0.04536280606698464,0.10081915587968336
431,24,0.000273620592648333,1.1681298318299195e-06,0.0009436788514448392,0.07735051221355989,0.0016626771322099435,0.18376442002560645,71,False,77,0,0,0,0,10320,10297,10274,9627,10060,9198,10230,10327,10040,9945,10306,9731,10092,10357,9207,9998,10313,10314,9210,9810,10365,10244,9956,10126,2.885553791427775e-06,1.1681298318299195e-06,1.0216153088809023e-05,1.2422691221430578e-05,0.00011780711835318349,2.324815819034344e-05,5.3661067918911125e-06,2.9661011476446784e-06,0.0002198430421346594,0.00013375654780176574,0.00021078659556640977,0.00018668828592755237,0.00012142673212037713,0.00014527175551775877,0.00045137502702370956,0.00045137502702370956,0.0006007251457255712,0.0002868932031987407,0.00026475363673298557,0.000919953334659883,0.0009436788514448392,0.0009436788514448392,0.00043164619683009475,7.896197799053639e-05,0.07698769097431618,0.0733121607992639,0.06448258678893215,0.006301042875415153,0.06429391448555957,0.0016626771322099435,0.07422827452039273,0.15970558926106704,0.060499324388390216,0.026516929711950167,0.16392440160249008,0.01822698949811095,0.05529023825119317,0.18376442002560645,0.028285696843822383,0.028285696843822383,0.12506088163854517,0.07220955024038425,0.005194436262169639,0.0891709975102277,0.17250433084356104,0.17250433084356104,0.04158257222806925,0.09241755955637641
432,24,0.0002661992810941834,1.1279283970273308e-06,0.0009368728164943224,0.07437685841798543,0.0015241207045257816,0.1684507183568059,72,False,77,0,0,0,0,10320,10297,10274,10371,10060,9198,10230,10327,10040,9945,10306,9731,10092,10357,9207,9998,10313,10314,9210,9810,10365,10244,9956,10126,2.7891167352989145e-06,1.1279283970273308e-06,9.840196133913163e-06,1.2075722358147835e-05,0.00011346579098511404,2.2002059426418512e-05,5.1827608021851085e-06,2.9341715348128036e-06,0.00021151664686055245,0.00012747152166248563,0.00020876405302163708,0.00017750344106547388,0.00011665745244945336,0.0001446796027845554,0.0004303787341284787,0.0004303787341284787,0.0005885198010036859,0.00027693417340223344,0.000250810854776687,0.000892247469146925,0.0009368728164943224,0.0009368728164943224,0.0004131032983580975,7.665358411009563e-05,0.07057205005978982,0.0672028140659919,0.05910903788985447,0.0891092893024639,0.0589360882784296,0.0015241207045257816,0.06804258497702666,0.14639679015597812,0.05545771402269103,0.024307185569287654,0.15026403480228256,0.016708073706601705,0.05068271839692707,0.1684507183568059,0.025928555440170517,0.025928555440170517,0.11463914150199973,0.06619208772035223,0.004761566573655502,0.08174008105104205,0.15812896993993095,0.15812896993993095,0.038117357875730146,0.08471609626001171
433,24,0.0002576786611996404,1.0872484295973602e-06,0.0009263783493658786,0.07220560015475826,0.0013971106458152997,0.15826174096345522,73,False,77,0,0,0,0,10320,10297,10274,10371,10060,9198,10230,10327,10040,9945,10306,9731,10092,10357,9207,9998,10313,10314,9210,9810,10411,10244,9956,10126,2.691062551799921e-06,1.0872484295973602e-06,9.463819850786929e-06,1.1711840243091815e-05,0.000109120567708239,2.0821943334676828e-05,4.997014110556616e-06,2.8917858239571624e-06,0.0002032184366825316,0.00012140665394442939,0.00020597132680914558,0.00016869869385984,0.00011193095210641386,0.00014347314925372795,0.00041008827394702475,0.00041008827394702475,0.0005748818787883637,0.0002668706795206861,0.00023757353875300327,0.0008858483066668058,0.0008858483066668058,0.0009263783493658786,0.0003949734363178133,7.425233010916927e-05,0.06469104588814067,0.06160257956049258,0.054183284732366596,0.08168351519392524,0.05402474758856047,0.0013971106458152997,0.06237236956227443,0.13419705764297993,0.05083623785413344,0.022281586771847016,0.13774203190209233,0.015315734231051563,0.04645915853051648,0.15441315849373874,0.02376784248682297,0.02376784248682297,0.10508587971016642,0.06067608041032288,0.004364769359184209,0.15826174096345522,0.15826174096345522,0.14495155577827004,0.03494091138608597,0.0776564215716774
434,24,0.00025062688193505656,1.0463929860642227e-06,0.0009126268023933056,0.0661884668085284,0.0012806847586640246,0.14507326254983394,74,False,77,0,0,0,0,10320,10297,10274,10371,10060,9198,10230,10327,10040,9945,10306,9731,10092,10357,9207,9998,10313,10314,9210,9810,10411,10244,9956,10126,2.59218213329269e-06,1.0463929860642227e-06,9.089290682594027e-06,1.1335322198635558e-05,0.00010479748492032802,1.9704423691825588e-05,4.810278772529006e-06,2.840290369379512e-06,0.00019499321077057628,0.0001155647569475399,0.00020250446508859586,0.0001602681765040336,0.00010726897795016051,0.0001417184482903469,0.0003905180066126939,0.0003905180066126939,0.0005600593792244215,0.0002567758588535333,0.0002250098539125156,0.0008759579699610602,0.0008759579699610602,0.0009126268023933056,0.0003773034035417932,7.178421406237807e-05,0.05930012539746228,0.056469031263784865,0.04966801100466938,0.07487655559443146,0.049522685289513764,0.0012806847586640246,0.05717467209875156,0.12301396950606493,0.04659988469962231,0.020424787874193096,0.12626352924358464,0.014039423045130598,0.04258756198630677,0.14154539528592716,0.02178718894625439,0.02178718894625439,0.09632872306765254,0.0556197403761293,0.0040010385792521915,0.14507326254983394,0.14507326254983394,0.1328722594634142,0.0320291687705788,0.07118505310737094
435,24,0.00024336822051022078,1.0056257661114177e-06,0.0008960426545895234,0.06414498346337325,0.0011739610287753559,0.13298382400401443,75,False,77,0,0,0,0,10320,10297,10274,10371,10444,9198,10230,10327,10040,9945,10306,9731,10092,10357,9207,9998,10313,10314,9210,9810,10411,10244,9956,10126,2.4931675583210407e-06,1.0056257661114177e-06,8.718550166977438e-06,1.095001166645922e-05,0.00010311121030605281,1.8646273581797777e-05,4.623785241079077e-06,2.7809873757420692e-06,0.00018687902238115708,0.00010994676732975591,0.00019845688248338624,0.00015220454364979873,0.00010268975935875907,0.0001394815859226869,0.00037167542299729775,0.00037167542299729775,0.0005442823939360548,0.0002467132377856106,0.00021308886859046518,0.0008629843020634297,0.0008629843020634297,0.0008960426545895234,0.0003601300531916339,6.927246124247169e-05,0.05435844828100709,0.051763278658469455,0.0455290100876136,0.06863684262822883,0.1287291281820543,0.0011739610287753559,0.05241011609052226,0.11276280538055951,0.04271656097465378,0.018722722218010336,0.11574156847328591,0.012869471124703047,0.03903859848744787,0.12974994567876655,0.019971589867399858,0.019971589867399858,0.0883013294786815,0.050984762011451856,0.003667618697647842,0.13298382400401443,0.13298382400401443,0.12179957117479634,0.029360071373030563,0.06525296534842336
436,24,0.00023585081220491984,9.651738445797122e-07,0.000877035630734124,0.05879956817475881,0.0010761309430440762,0.12190183867034655,76,False,77,0,0,0,0,10320,10297,10274,10371,10444,9198,10230,10327,10040,9945,10306,9731,10092,10357,9207,9998,10313,10314,9210,9810,10411,10244,9956,10126,2.3946183299086404e-06,9.651738445797122e-07,8.353242123455955e-06,1.0559327973031087e-05,0.0001011200714686097,1.7644419899889553e-05,4.438594692414127e-06,2.715115534776418e-06,0.00017890778493145524,0.00010455203139165502,0.00019391785862536422,0.00014449925995366807,9.820835218438955e-05,0.00013682723000334337,0.00035356215361774496,0.00035356215361774496,0.0005277618875368886,0.0002367374166210515,0.00020178061026823355,0.0008473287292398889,0.0008473287292398889,0.000877035630734124,0.00034348148460183075,6.673761648413874e-05,0.04982857759092316,0.047449672103597,0.0417349259136458,0.0629171057425431,0.11800170083354976,0.0010761309430440762,0.04804260641631207,0.10336590493217955,0.0391568475600993,0.017162495366509475,0.10609643776717875,0.011797015197644459,0.03578538194682721,0.11893745020553599,0.018307290711783202,0.018307290711783202,0.08094288535545803,0.046736031843830864,0.003361983806177188,0.12190183867034655,0.12190183867034655,0.11164960691022997,0.02691339875861135,0.05981521823605474
437,24,0.00022898243534272687,9.252305790146465e-07,0.0008559947918431264,0.06431627082686224,0.0009864533644570698,0.19235932935507466,77,False,78,0,0,0,0,10320,10297,10274,10371,10444,9198,10230,10327,10040,9945,10306,10499,10092,10501,9207,9998,10504,10314,9210,9810,10411,10244,9956,10126,2.297048221832377e-06,9.252305790146465e-07,7.994740034967444e-06,1.016628341191345e-05,9.886986435250705e-05,1.6695937747193504e-05,4.255612237407875e-06,2.6438362184716105e-06,0.00017110587081763375,9.937855916310315e-05,0.00018897144727278382,0.00014067975275295895,9.383697136695256e-05,0.00013726864817732208,0.0003361748711322101,0.0003361748711322101,0.0005238598158015036,0.00022689479251122732,0.00019105610542728961,0.0008293787909426901,0.0008293787909426901,0.0008559947918431264,0.0003273781406157261,6.419767552270855e-05,0.0456761961250129,0.04349553276163058,0.03825701542084198,0.05767401359733117,0.10816822576408727,0.0009864533644570698,0.044039055881619396,0.09475207952116459,0.03589377693009103,0.015732287419300352,0.09725506795324719,0.09414726393117409,0.03280326678459161,0.19235932935507466,0.016781683152467936,0.016781683152467936,0.1575309782425032,0.042841362523511624,0.003081818488995756,0.11174335211448434,0.11174335211448434,0.10234547300104414,0.02467061552872707,0.054830616716383514
438,24,0.00022188730784018936,8.859585817403059e-07,0.0008332843539036632,0.06590102603573483,0.0009042489174189806,0.17632938524215178,78,False,79,0,0,0,0,10512,10297,10514,10371,10444,9198,10230,10327,10040,9945,10306,10499,10092,10501,9207,9998,10504,10314,9210,9810,10411,10244,9956,10126,2.2576532492096374e-06,8.859585817403059e-07,7.841316520886637e-06,9.77350551296961e-06,9.64038411873697e-05,1.579804477387739e-05,4.075600492824289e-06,2.5682244265348896e-06,0.00016349469085798484,9.442324945486471e-05,0.00018369573956243099,0.00013663326596391893,8.958530733266114e-05,0.00013703862344032844,0.00031950609296895204,0.00031950609296895204,0.0005179049990834523,0.00021722429422657414,0.00018088740566995053,0.0008095025357175873,0.0008095025357175873,0.0008332843539036632,0.0003118338136108219,6.166824293940207e-05,0.12520317978126183,0.0398709050314947,0.11840226413577182,0.05286784579755357,0.09915420695041333,0.0009042489174189806,0.04036913455815111,0.08685607289440087,0.03290262885258344,0.01442126346769199,0.08915047895714326,0.08630165860357625,0.030069661219208975,0.17632938524215178,0.015383209556428941,0.015383209556428941,0.1444033967222946,0.03927124897988565,0.0028250002815794427,0.10243140610494397,0.10243140610494397,0.09381668358429046,0.022614730901333147,0.050261398656684886
439,24,0.00021546336869193055,8.474926711822722e-07,0.000809240980891757,0.06388149608831248,0.0008288948409673989,0.17722878892953198,79,False,79,0,0,0,0,10512,10297,10514,10371,10444,9198,10230,10327,10040,9945,10306,10499,10092,10501,9207,9998,10504,10314,9210,10556,9810,10244,9956,10126,2.2118711160301503e-06,8.474926711822722e-07,7.66768531356908e-06,9.383262733446567e-06,9.376229946140686e-05,1.4948095519990976e-05,3.899193106818666e-06,2.4892636966812377e-06,0.00015609124577269055,8.968208814954577e-05,0.0001781624247498344,0.00013241187708010185,8.546082293848182e-05,0.00013619610669817888,0.00030354489125890136,0.00030354489125890136,0.0005101386707539869,0.00020775810870861923,0.00017124760226580293,0.0008083681541447758,0.000788044553398376,0.000809240980891757,0.00029685656032545516,5.916270659179863e-05,0.11476958146615668,0.03654832961220347,0.10853540879112417,0.048462191981090766,0.0908913563712122,0.0008288948409673989,0.03700504001163851,0.07961806681986745,0.03016074311486815,0.01321949151205099,0.08172127237738132,0.07910985371994489,0.027563856117608226,0.1616352698053058,0.014101275426726529,0.014101275426726529,0.13236978032877006,0.035998644898228516,0.0025895835914478225,0.17722878892953198,0.09389545559619863,0.08599862661893291,0.020730169992888715,0.04607294876862781
440,24,0.00021065415258543228,8.099427389271675e-07,0.000824325494451577,0.06897470474761977,0.0007598202708867822,0.24579305651873765,80,False,79,0,0,0,0,10512,10297,10514,10371,10444,9198,10230,10327,10040,9945,10306,10499,10092,10573,9207,9998,10504,10314,9210,10579,10580,10244,9956,10126,2.1606937922140938e-06,8.099427389271675e-07,7.47720600828466e-06,8.99749213970435e-06,9.098232806725506e-05,1.4143575793981728e-05,3.726907935237862e-06,2.407844232371005e-06,0.00014890864397695263,8.515032203192436e-05,0.00017243659441753151,0.00012806268543412108,8.146902902430972e-05,0.00013827936975614825,0.0002882775175260837,0.0002882775175260837,0.0005007980027185678,0.00019852238455057286,0.0001621108310022362,0.000824325494451577,0.0007850610277389388,0.0007841723030145153,0.00028244952774491704,5.669242042791886e-05,0.10520544967731028,0.03350263547785318,0.09949079139186381,0.044423675982666534,0.08331707667361118,0.0007598202708867822,0.0339212866773353,0.07298322791821182,0.027647347855295802,0.012117867219380074,0.07491116634593287,0.07251736590994948,0.02526686810780754,0.23149899732153031,0.012926169141165985,0.012926169141165985,0.12133896530137254,0.032998757823376135,0.0023737849588271703,0.24579305651873765,0.16940416762984875,0.0788320744006885,0.019002655826814655,0.04223353637124216
441,24,0.00018482885748037734,7.733964870597125e-07,0.0008353532826238337,0.06789897716506334,0.0006965019149795503,0.22531030180884284,81,False,79,0,0,0,0,10512,10297,10514,10371,10444,9198,10230,10591,10040,9945,10306,10499,10092,10573,9207,9998,10504,10314,9210,10579,10244,9956,10606,10126,2.105053919605793e-06,7.733964870597125e-07,7.2730102613025605e-06,8.617827944994352e-06,8.809768283397161e-05,1.3382097121790885e-05,3.559159650100782e-06,2.3847190215553606e-06,0.00014195658224619797,8.08226104213689e-05,0.00016657674056781143,0.00012362785645320438,7.761373764989655e-05,0.00013956935638454094,0.0002736879496142098,0.0002736879496142098,0.000490111747592187,0.0001895379018643849,0.00015345226896915792,0.0008353532826238337,0.0007583564266659537,0.0002755391661351571,0.0002755391661351571,5.426688935140372e-05,0.09643832887086776,0.030710749188032082,0.0911998921092085,0.040721702984110986,0.07637398695081025,0.0006965019149795503,0.031094512787557357,0.15023462559169418,0.025343402200687818,0.0111080449510984,0.06866856915043845,0.06647425208412035,0.023161295765490243,0.21220741421140277,0.011848988379402152,0.011848988379402152,0.1112273848595915,0.03024886133809479,0.0021759695455915726,0.22531030180884284,0.07226273486729778,0.10075243450791344,0.10075243450791344,0.03871407500697198
442,24,0.00017999095149870233,7.379220050225652e-07,0.0008416859126971985,0.06571295129019696,0.0006384600887312544,0.2065344433247726,82,False,80,0,0,0,0,10512,10297,10514,10371,10444,9198,10230,10591,10040,9945,10306,10499,10092,10573,9207,10623,10504,10314,9210,10579,10244,9956,10606,10126,2.045816932713405e-06,7.379220050225652e-07,7.057981687788679e-06,8.245630026014093e-06,8.513876574359079e-05,1.266139129313275e-05,3.396271630936543e-06,2.3527982323359584e-06,0.0001352417875938716,7.669315678685511e-05,0.00016063490346391639,0.00011914476728185177,7.389729286798968e-05,0.00014011224135313487,0.0002597583681632746,0.0002664575139695878,0.00047829697799783296,0.0001808207014911055,0.00014524812468858913,0.0008416859126971985,0.0007320422246171248,0.0002681091670620779,0.0002681091670620779,5.189395132083266e-05,0.08840180146496211,0.028151520089029408,0.08359990110010779,0.037328227735435066,0.07000948803824274,0.0006384600887312544,0.028503303388594244,0.13771507345905298,0.023231452017297167,0.010182374538506867,0.0629461883879019,0.06093473107711032,0.02123118778503272,0.1945234630271192,0.010861572681118639,0.09419490601445198,0.1019584361212922,0.027728122893253555,0.0019946387501256083,0.2065344433247726,0.06624084029502296,0.09235639829892064,0.09235639829892064,0.03548790208972431
443,24,0.0001750050446351044,7.0357016700212e-07,0.0008436182918768662,0.06718131646045832,0.0005852550813369832,0.1893232397143749,83,False,81,0,0,0,0,10512,10297,10514,10635,10444,9198,10230,10591,10040,10641,10306,10499,10092,10573,9207,10623,10504,10314,9210,10579,10244,9956,10606,10126,1.983776441921649e-06,7.0357016700212e-07,6.834745865927046e-06,8.08528815982613e-06,8.213268480881455e-05,1.1979305026197e-05,3.238487045216856e-06,2.313179010261418e-06,0.0001287684200628072,7.463218876803454e-05,0.00015465693094477115,0.00011464622663978027,7.032077946024368e-05,0.00013996226504357727,0.00024646956965265515,0.0002587966319718447,0.00046555678649808855,0.0001723826693000263,0.0001374756228066186,0.0008436182918768662,0.0007054502202978601,0.0002602667391275539,0.0002602667391275539,4.95799531390568e-05,0.08103498467621527,0.02580556008161029,0.0766332426750988,0.11755087542414883,0.06417536403505585,0.0005852550813369832,0.026128028106211388,0.12623881733746523,0.021295497682522403,0.09266717666029797,0.057700672688910076,0.05585683682068446,0.019461922136279994,0.17831317444152592,0.009956441624358752,0.08634533051324764,0.09346189977785117,0.025417445985482425,0.0018284188542818075,0.1893232397143749,0.06072077027043771,0.08466003177401059,0.08466003177401059,0.03253057691558062
444,24,0.0001698278771063253,6.876658006794067e-07,0.0008414887234277432,0.07199954008875346,0.0005364838245589012,0.1735463030715103,84,False,80,0,0,0,0,10656,10657,10658,10635,10444,9198,10230,10591,10040,10641,10306,10499,10092,10573,9207,10623,10504,10314,9210,10579,10244,9956,10606,10126,1.9691599458649875e-06,6.876658006794067e-07,6.776028065426416e-06,7.904369498042485e-06,7.910337453552432e-05,1.1333794767438688e-05,3.0859790678134953e-06,2.2669283728106574e-06,0.00012253843714251435,7.245543862061659e-05,0.00014868281678746963,0.00011016074611957048,6.688421047504597e-05,0.0001391790863176942,0.00023380132264103353,0.00025080398065152045,0.00045207880404475554,0.00016423207350104032,0.00013011298439543872,0.0008414887234277432,0.0006787739063384845,0.00025210965129879407,0.00025210965129879407,4.73299174376915e-05,0.157615402619864,0.10698843007480943,0.1535804724521739,0.10775496913880309,0.058827417032134524,0.0005364838245589012,0.02395069243069377,0.11571891589267645,0.019520872875645537,0.08494491193860647,0.052892283298167565,0.05120210041896075,0.017840095291589992,0.1634537432380654,0.009126738155662189,0.07914988630381033,0.08567340812969691,0.02329932548669222,0.0016760506164249902,0.1735463030715103,0.055660706081234565,0.07760502912617637,0.07760502912617637,0.029819695505948898
445,24,0.00016449466927555395,6.702924276150102e-07,0.0008356635595771042,0.06599957841469067,0.0004917768391789928,0.15908411114888443,85,False,80,0,0,0,0,10656,10657,10658,10635,10444,9198,10230,10591,10040,10641,10306,10499,10092,10573,9207,10623,10504,10314,9210,10579,10244,9956,10606,10126,1.9468221558906002e-06,6.702924276150102e-07,6.691595234902439e-06,7.706325774169997e-06,7.607175987610305e-05,1.0722921639229137e-05,2.938860223049786e-06,2.2150660690169727e-06,0.00011655192125126806,7.019019425047038e-05,0.00014274709124383793,0.00010571284418350098,6.358669468850455e-05,0.00013782546272388634,0.0002217326733927123,0.00024256880976884608,0.00043803439790012514,0.00015637405455972783,0.0001231394037644014,0.0008356635595771042,0.0006521813632037334,0.00024372612474696446,0.00024372612474696446,4.514769921127003e-05,0.14448078573487533,0.09807272756857531,0.14078209974782607,0.09877538837723616,0.053925132279456646,0.0004917768391789928,0.021954801394802624,0.10607567290162008,0.017894133469341742,0.07786616927705593,0.04848459302332027,0.04693525871738068,0.016353420683957492,0.14983259796822662,0.00836617664269034,0.07255406244515947,0.07853395745222216,0.02135771502946787,0.0015363797317229076,0.15908411114888443,0.05102231390779835,0.07113794336566166,0.07113794336566166,0.027334720880453155
446,24,0.00015917408325691955,6.517284355456925e-07,0.0008265238859486947,0.06397183576902199,0.0004507954359140767,0.14582710188647738,86,False,80,0,0,0,0,10656,10657,10658,10635,10444,9198,10230,10591,10040,10641,10306,10499,10092,10573,9207,10623,10504,10314,10722,10579,10244,9956,10606,10126,1.9176698359418518e-06,6.517284355456925e-07,6.584568228670316e-06,7.494371107498275e-06,7.305594943801203e-05,1.0144846544842116e-05,2.7971908581728826e-06,2.1585521277913203e-06,0.00011080737221966798,6.786108852044459e-05,0.0001368792419571211,0.00010132336778656888,6.042658528886802e-05,0.00013596528109291185,0.00021024220661067803,0.0002341710243404266,0.00042357841888288473,0.00014881106854368187,0.00011954045068244773,0.0008265238859486947,0.0006258170677144284,0.0002351949655351987,0.0002351949655351987,4.303613093037254e-05,0.13244072025696904,0.08990000027119403,0.12905025810217388,0.09054410601246649,0.04943137125616859,0.0004507954359140767,0.020125234611902406,0.09723603349315174,0.016402955680229928,0.07137732183730126,0.04444421027137691,0.043023987157598954,0.014990635626961034,0.13734654813754107,0.007668995255799478,0.06650789057472951,0.07198946099787032,0.019577905443678878,0.084741681420746,0.14582710188647738,0.04677045441548182,0.06520978141852318,0.06520978141852318,0.025056827473748725
447,24,0.00015376035108923176,6.322296724191831e-07,0.0008144543277067111,0.058640849454936826,0.0004132291495879036,0.1336748433959376,87,False,80,0,0,0,0,10656,10657,10658,10635,10444,9198,10230,10591,10040,10641,10306,10499,10092,10573,9207,10623,10504,10314,10722,10579,10244,9956,10606,10126,1.8825945986388887e-06,6.322296724191831e-07,6.457997142992695e-06,7.2714621880618455e-06,7.007144634665933e-05,9.59782543746383e-06,2.6609867754579827e-06,2.098278450170561e-06,0.00010530196702926995,6.549013387781817e-05,0.00013110414797962196,9.700981978162548e-05,5.740161118361391e-05,0.00013366193810764114,0.00019930826651869528,0.00022568145945454072,0.00040884938022959995,0.0001415432856198558,0.00011579655037906401,0.0008144543277067111,0.0005998038028996805,0.00022658587948672567,0.00022658587948672567,4.099715578850898e-05,0.12140399356888829,0.08240833358192787,0.11829606992699272,0.08299876384476094,0.04531209031815454,0.0004132291495879036,0.018448131727577206,0.08913303070205576,0.015036042706877433,0.06542921168419283,0.0407405260820955,0.039438654894465706,0.013741415991380948,0.12590100245941266,0.007029912317816188,0.06096556636016872,0.06599033924804779,0.017946413323372302,0.07767987463568383,0.1336748433959376,0.042872916547525,0.05977563296697958,0.05977563296697958,0.022968758517602997
448,24,0.00014829518636468668,6.120286787433747e-07,0.0007998339393756092,0.05722633422258098,0.00037879338712224495,0.1225352731129428,88,False,81,0,0,0,0,10656,10657,10658,10635,10444,9198,10758,10591,10040,10641,10306,10499,10092,10573,9207,10623,10504,10314,10722,10579,10244,9956,10606,10126,1.8424564985417622e-06,6.120286787433747e-07,6.3148091099025195e-06,7.040288722127348e-06,6.713136751713656e-05,9.080204757572493e-06,2.5954803739038335e-06,2.035063798439641e-06,0.00010003178923629636,6.309680822435286e-05,0.00012544251352911243,9.27866830412191e-05,5.450899236643606e-05,0.0001309770536515057,0.000188909143062112,0.0002171622959451135,0.00039396996458341334,0.00013456894603451657,0.00011194825741118733,0.0007998339393756092,0.000574244599662055,0.00021795991906785905,0.00021795991906785905,3.903194903746487e-05,0.11128699410481425,0.07554097245010054,0.10843806409974333,0.07608220019103086,0.04153608279164166,0.00037879338712224495,0.10024412075027911,0.08170527814355111,0.01378303914797098,0.05997677737717676,0.03734548224192088,0.0361521003199269,0.0125962979920992,0.1154092522544616,0.006444086291331505,0.055885102496821326,0.06049114431071047,0.016450878879757942,0.07120655174937685,0.1225352731129428,0.03930017350189792,0.054794330219731284,0.054794330219731284,0.021054695307802747
449,24,0.00014303622039551657,6.065850906101313e-07,0.0007830290507193807,0.05940191748181034,0.0003472272715287245,0.1525792247459255,89,False,81,0,0,0,0,10656,10777,10658,10635,10444,9198,10758,10591,10040,10641,10306,10499,10092,10573,9207,10623,10504,10314,10722,10579,10244,10797,10606,10126,1.798071752204373e-06,6.065850906101313e-07,6.15776982290011e-06,6.803272089915699e-06,6.424666414339177e-05,8.59041704107278e-06,2.5251328994511376e-06,1.9696515651335817e-06,9.499203057972209e-05,6.0698177989521593e-05,0.00011991129144933413,8.866573457395497e-05,5.1745540773980005e-05,0.00012796948870466533,0.0001790232275400989,0.00020866757370846238,0.0003790477703402043,0.00012788467629814342,0.00010803180227417997,0.0007830290507193807,0.0005492246571086707,0.00021476965502385283,0.00020937002034160252,3.714102766194393e-05,0.10201307792941307,0.1525792247459255,0.09940155875809804,0.06974201684177829,0.03807474255900485,0.0003472272715287245,0.09189044402108917,0.07489650496492184,0.01263445255230673,0.05497871259574536,0.0342333587217608,0.03313942529326632,0.0115466064927576,0.10579181456658979,0.005907079100387212,0.05122801062208621,0.05545021561815126,0.01507997230644478,0.06527267243692877,0.11232400035353089,0.036025159043406425,0.13356146936808702,0.05022813603475367,0.019300137365485852
450,24,0.00013776667676428773,5.988587564606304e-07,0.0007643878840984279,0.061396202136103924,0.0003182916655679974,0.1768453214352953,90,False,81,0,0,0,0,10800,10777,10658,10803,10444,9198,10758,10591,10040,10641,10306,10499,10092,10573,9207,10623,10504,10314,10722,10579,10244,10797,10606,10126,1.795341683612183e-06,5.988587564606304e-07,5.989456988422908e-06,6.731818504559939e-06,6.142633796612564e-05,8.12697669893917e-06,2.4509506554623717e-06,1.9027097556395418e-06,9.01771672625418e-05,5.8309046658336225e-05,0.00011452408911276254,8.46563448523877e-05,4.9107748022001303e-05,0.00012469463320029692,0.00016962914154762982,0.00020024376713005752,0.00036417622290730987,0.0001214857685164906,0.00010407923517800033,0.0007643878840984279,0.0005248132021955206,0.00021090759612248835,0.00020086159567347464,3.5324348855956935e-05,0.1768453214352953,0.13986428935043171,0.09111809552825653,0.14726351543829677,0.034901847345754446,0.0003182916655679974,0.08423290701933174,0.06865512955117835,0.011581581506281169,0.05039715321276658,0.031380578828280735,0.03037780651882746,0.0105843892850278,0.09697583001937397,0.005414822508688278,0.04695900973691236,0.050829364316638655,0.013823307947574382,0.05983328306718471,0.10296366699073664,0.033023062456455886,0.12243134692074643,0.04604245803185753,0.017691792585028697
451,24,0.00013263051214095886,5.891289954765246e-07,0.000744236727914019,0.05975207418031748,0.00029176736010399763,0.16210821131568734,91,False,81,0,0,0,0,10800,10777,10658,10803,10444,9198,10758,10591,10040,10641,10306,10499,10092,10573,9207,10623,10504,10841,10722,10579,10244,10797,10606,10126,1.7845617481191362e-06,5.891289954765246e-07,5.812243861206518e-06,6.636184535178485e-06,5.8677649347368973e-05,7.688475967773895e-06,2.3738507596169462e-06,1.8348326803659834e-06,8.558111332680587e-05,5.594211913314545e-05,0.00010929155177247509,8.076575914532048e-05,4.659186134766661e-05,0.00012120392652303151,0.00016070584269801892,0.0001919303940385682,0.00034943558978390535,0.00011834171602394852,0.00010011863067119439,0.000744236727914019,0.0005010652607397557,0.00020647031773855662,0.00019247315472421442,3.3581397907279624e-05,0.16210821131568734,0.1282089319045624,0.08352492090090181,0.1349915558184387,0.031993360066941576,0.00029176736010399763,0.07721349810105409,0.06293386875524681,0.010616449714091071,0.046197390445036034,0.028765530592590672,0.027846322642258503,0.009702356844608816,0.0888945108510928,0.004963587299630921,0.043045758925503,0.04659358395691877,0.09600469895194319,0.05484717614491932,0.09438336140817526,0.03027114058508456,0.1122287346773509,0.042205586529202734,0.016217476536276306
452,24,0.00012787300512782265,5.77668389733808e-07,0.0007228774398983221,0.061717179109735475,0.0002674534134286645,0.1541123732592996,92,False,82,0,0,0,0,10800,10777,10658,10803,10444,9198,10854,10591,10040,10641,10306,10499,10092,10573,9207,10623,10864,10841,10722,10579,10244,10797,10606,10126,1.7665396259385566e-06,5.77668389733808e-07,5.628291087050488e-06,6.519461362600072e-06,5.600631438454541e-05,7.273581029579649e-06,2.353839361745782e-06,1.7665439194036183e-06,8.119735343462743e-05,5.360817422317785e-05,0.00010422172019245475,7.699935890450053e-05,4.419394900684204e-05,0.00011754457326906792,0.0001522327102187167,0.00018376063572425006,0.0003435309389611332,0.00011499756881633552,9.617433381377205e-05,0.0007228774398983221,0.0004780233211178997,0.00020154960787379408,0.00018423693226551384,3.191126618673817e-05,0.1485991937060467,0.11752485424584885,0.07656451082582666,0.12374225950023546,0.029327246728029777,0.0002674534134286645,0.1541123732592996,0.05768937969230958,0.009731745571250148,0.0423476079079497,0.026368403043208116,0.025525795755403625,0.00889382710755808,0.08148663494683507,0.004549955024661678,0.03945861234837775,0.12604411862717554,0.08800430737261458,0.050276578132842704,0.08651808129082732,0.027748545536327513,0.10287634012090498,0.03868845431843584,0.01486602015825328
453,24,0.00012336709039490279,5.647382047910322e-07,0.0007005860575812651,0.07046296973947973,0.0002451656289762758,0.1640039484248967,93,False,83,0,0,0,0,10800,10777,10658,10803,10876,9198,10854,10879,10880,10641,10306,10499,10092,10573,9207,10623,10864,10889,10722,10579,10244,10797,10606,10126,1.7420953229224534e-06,5.647382047910322e-07,5.4395452081019225e-06,6.384642479791964e-06,5.479430105626872e-05,6.881028298149554e-06,2.324855634866676e-06,1.7420992041388675e-06,7.900537204476717e-05,5.1316239233662483e-05,9.93203608219754e-05,7.336090223897251e-05,4.190995628849422e-05,0.00011375941867133924,0.00014418961316534868,0.00017576195082577123,0.00033664388338856377,0.00011437331021739475,9.226723210496219e-05,0.0007005860575812651,0.0004557188793518865,0.00019623146165058015,0.00017617950649556204,3.0312719988089836e-05,0.13621592756387615,0.1077311163920281,0.07018413492367444,0.1134304045418825,0.1102166428340273,0.0002451656289762758,0.1412696754876913,0.13621526471795045,0.0922541001069793,0.03881864058228722,0.024171036122940772,0.02339864610911999,0.008152674848594907,0.0746960820345988,0.004170792105939871,0.0361703946526796,0.1155404420749109,0.1640039484248967,0.046086863288439146,0.07930824118325837,0.025436166741633553,0.09430331177749622,0.035464416458566184,0.013627185145065505
454,24,0.00011884027684815693,5.505850287517071e-07,0.000677612306598676,0.06459105559452309,0.00022473515989491946,0.150336952722822,94,False,83,0,0,0,0,10800,10777,10658,10803,10876,9198,10854,10879,10880,10641,10306,10499,10092,10573,9207,10623,10864,10889,10722,10579,10244,10797,10606,10126,1.7120408083237808e-06,5.505850287517071e-07,5.24774235594037e-06,6.234578375799871e-06,5.3458278198441763e-05,6.5096208687567555e-06,2.287983767086525e-06,1.7120443047265517e-06,7.669219823268869e-05,4.907376206487492e-05,9.459126788809856e-05,6.985274326260372e-05,3.9735753217383286e-05,0.00010988695105289366,0.00013655696368161525,0.00016795667033172183,0.00032892577328272695,0.0001132783976702375,8.841504052257332e-05,0.000677612306598676,0.00043417386005542265,0.00019059542595675807,0.0001683223958478769,2.8784260981787926e-05,0.12486460026688646,0.0987535233593591,0.06433545701336824,0.10397787083005895,0.10103192259785836,0.00022473515989491946,0.1294972025303837,0.12486399265812125,0.0845662584313977,0.03558375386709662,0.022156783112695706,0.02144875893335999,0.007473285277878664,0.06847140853171557,0.0038232260971115483,0.03315619509828963,0.10591207190200166,0.150336952722822,0.04224629134773588,0.0726992210846535,0.023316486179830755,0.08644470246270486,0.032509048420352335,0.012491586382976712
455,24,0.00011476142598241435,5.354384673520453e-07,0.0006541798168457364,0.06962513429497949,0.00020600722990367617,0.1625743105908128,95,False,83,0,0,0,0,10800,10777,10658,10803,10876,9198,10854,10879,10880,10641,10306,10931,10092,10573,9207,10623,10864,10889,10722,10579,10244,10941,10942,10126,1.6771638933166887e-06,5.354384673520453e-07,5.054415845591844e-06,6.071944079836294e-06,5.202083131038919e-05,6.158225127257247e-06,2.2442842041287945e-06,1.677167033060765e-06,7.428661684306305e-05,4.688677744029714e-05,9.003653761494962e-05,6.819044173132052e-05,3.766717492449254e-05,0.00010596140228415177,0.00012931575744487087,0.00016036256461968352,0.00032051905976523867,0.00011176530663959306,8.463258979063128e-05,0.0006541798168457364,0.0004134019121237167,0.0001894779996672497,0.00016482661684194959,2.7324179040067082e-05,0.11445921691131258,0.09052406307941249,0.05897416892892088,0.09531304826088736,0.09261259571470348,0.00020600722990367617,0.11870576898618504,0.11445865993661114,0.07751907022878123,0.03261844104483857,0.020310384519971064,0.10299469568891333,0.006850511504722109,0.06276545782073926,0.0035046239223522524,0.030393178840098827,0.09708606591016819,0.13780887332925348,0.03872576706875789,0.06664095266093237,0.021373445664844858,0.1625743105908128,0.11313329438532298,0.011450620851061985
456,24,0.00011064948736651027,5.195097302248087e-07,0.0006304868789360101,0.06382303977039787,0.00018883996074503648,0.14902645137491172,96,False,84,0,0,0,0,10800,10777,10658,10803,10876,9198,10854,10879,10880,10641,10306,10931,10092,10573,9207,10623,10864,10889,10722,10579,10244,10941,10942,10126,1.6382159779099072e-06,5.195097302248087e-07,4.860906574046244e-06,5.8992177287731794e-06,5.0502800337397774e-05,5.8257675142793175e-06,2.194775319952977e-06,1.6382187891718163e-06,7.18145982804534e-05,4.476006488016081e-05,8.565681538818412e-05,6.639334995876477e-05,3.570005557461117e-05,0.00010201292109433241,0.00012244760317765428,0.0001529933764437986,0.00031155605559340114,0.00010988615610172216,8.093211035657039e-05,0.0006304868789360101,0.0003934095813324082,0.00018758896739107296,0.00016093915214725245,2.5930598168093773e-05,0.10492094883536987,0.08298039115612811,0.054059654851510805,0.08737029423914675,0.08489487940514485,0.00018883996074503648,0.10881362157066962,0.10492043827522687,0.07105914770971612,0.029900237624435354,0.01861785247664014,0.09441180438150387,0.006279635545995266,0.05753500300234432,0.003212571928822898,0.027860413936757256,0.08899556041765418,0.1263248005518157,0.035498619813028064,0.061087539939188,0.019592325192774453,0.14902645137491172,0.10370551985321272,0.01049640244680682
457,24,0.00011647804645443682,5.029909498952801e-07,0.0006067075968731127,0.06570846304902853,0.00017310329734961677,0.1366075804270024,97,False,84,0,0,0,0,10800,10777,10658,10803,10876,9198,10854,10879,10880,10641,10306,10931,10092,10573,9207,10623,10864,10889,10986,10579,10988,10244,10941,10126,1.5959032173100104e-06,5.029909498952801e-07,4.668375309627727e-06,5.718668339173749e-06,4.8923196902465374e-05,5.511231439841814e-06,2.1404198795330066e-06,1.5959057277399698e-06,6.929933841095945e-05,4.269729684421362e-05,8.145151711087271e-05,6.448840187545552e-05,3.3830256653913406e-05,9.80677979465017e-05,0.00011593474287251207,0.0001458593161657198,0.0003021581988524258,0.00010769164135205553,7.931767307883499e-05,0.0006067075968731127,0.00038384788197594284,0.00038384788197594284,0.0001850153649108413,2.46015162415926e-05,0.09617753643242238,0.0760653585597841,0.0495546836138849,0.08008943638588452,0.07782030612138278,0.00017310329734961677,0.09974581977311382,0.09617706841895797,0.06513755206723977,0.027408551155732406,0.017066364770253462,0.08654415401637855,0.005756332583828993,0.052740419418815625,0.0029448576014209898,0.025538712775360815,0.08157926371618299,0.11579773383916438,0.11587373482860908,0.05599691161092233,0.10129296476004326,0.10129296476004326,0.1366075804270024,0.00962170224290625
458,24,0.0001125398495489964,4.860550871935286e-07,0.0005829933157943073,0.060232757794942825,0.00015867802257048204,0.12522361539141888,98,False,84,0,0,0,0,10800,10777,10658,10803,10876,9198,10854,10879,10880,10641,10306,10931,10092,10573,9207,10623,10864,10889,10986,10579,10988,10244,10941,10126,1.5508806275117618e-06,4.860550871935286e-07,4.477816127193562e-06,5.532351066158486e-06,4.729918164749663e-05,5.213654343504178e-06,2.0821156680763524e-06,1.5508828638183368e-06,6.676135196346233e-05,4.0701176109543705e-05,7.741902627997002e-05,6.250022849559083e-05,3.20536903384286e-05,9.414872384378356e-05,0.0001097600641693051,0.0001389675173886799,0.0002924357280604024,0.00010523021802169107,7.750642115947832e-05,0.0005829933157943073,0.00037355385600819016,0.00037355385600819016,0.0001818434388944838,2.3334839209453967e-05,0.08816274172972051,0.06972657867980209,0.04542512664606116,0.0734153166870608,0.07133528061126755,0.00015867802257048204,0.09143366812535433,0.08816231271737814,0.05970942272830312,0.02512450522608804,0.01564416770606567,0.07933214118168033,0.005276638201843244,0.048345384467247655,0.002699452801302574,0.023410486710747413,0.07478099173983441,0.10614792268590068,0.10621759025955832,0.051330502310012134,0.092851884363373,0.092851884363373,0.12522361539141888,0.008819893722664063
459,24,0.00010855462339276133,4.809480553382678e-07,0.000559474225132818,0.06215780575647536,0.00014545485402294185,0.16414878665759663,99,False,84,0,0,0,0,10800,11017,10658,10803,10876,9198,10854,11023,10880,10641,10306,10931,10092,10573,9207,10623,10864,10889,10986,10579,10988,10244,10941,10126,1.503748651764671e-06,4.809480553382678e-07,4.290070395020516e-06,5.342108384486659e-06,4.564608865280161e-05,4.932124894989393e-06,2.0206896468586046e-06,1.542532238100657e-06,6.421860467422436e-05,3.877356194953499e-05,7.355686848197743e-05,6.045111381047379e-05,3.036633858769141e-05,9.02750687775785e-05,0.00010390710613888698,0.00013232245258133107,0.0002824876847123649,0.0001025475090290947,7.553196856039041e-05,0.000559474225132818,0.00036267740817326873,0.00036267740817326873,0.0001781569213505113,2.2128410373496258e-05,0.08081584658557713,0.14724936378981857,0.04163969942555606,0.06729737362980573,0.06539067389366192,0.00014545485402294185,0.0838141957815748,0.16414878665759663,0.054733637500944524,0.023030796457247368,0.014340487063893532,0.0727211294165403,0.00483691835168964,0.04431660242831035,0.0024744984011940262,0.021459612818185127,0.06854924242818154,0.09730226246207561,0.09736612440459512,0.04705296045084446,0.0851142273330919,0.0851142273330919,0.11478831410880064,0.008084902579108724
460,24,0.00010454802564244919,4.7411370254719073e-07,0.0005362610569961594,0.05697798861010241,0.0001333336161876967,0.1504697211027969,100,False,84,0,0,0,0,10800,11017,10658,10803,10876,9198,10854,11023,10880,10641,10306,10931,10092,10573,9207,10623,10864,10889,10986,10579,10988,10244,10941,10126,1.455051734227446e-06,4.7411370254719073e-07,4.105840850892939e-06,5.149575807988866e-06,4.397748550927283e-05,4.665780330123925e-06,1.956895017408416e-06,1.527827329572642e-06,6.168667184026177e-05,3.691558506104859e-05,6.986186508855522e-05,5.83610138780305e-05,2.876426853698032e-05,8.646316849755387e-05,9.836005956264762e-05,0.0001259263093415024,0.00027240216855745834,9.968590385047612e-05,7.342554987101205e-05,0.0005362610569961594,0.00035135533628827265,0.00035135533628827265,0.0001740357161693344,2.098003530918025e-05,0.0740811927034457,0.13497858347400035,0.038169724473426384,0.06168925916065525,0.05994145106919009,0.0001333336161876967,0.07682967946644356,0.1504697211027969,0.05017250104253248,0.02111156341914342,0.013145446475235738,0.06666103529849526,0.00443384182238217,0.040623552225951154,0.002268290201094524,0.019671311750003032,0.06283680555916642,0.08919374059023598,0.08925228070421219,0.043131880413274086,0.07802137505533424,0.07802137505533424,0.10522262126640058,0.00741116069751633
461,24,0.00010054488871182961,4.657728726464973e-07,0.0005134468166944215,0.05222982289259387,0.00012222248150538863,0.13793057767756384,101,False,84,0,0,0,0,10800,11017,10658,10803,10876,9198,10854,11023,10880,10641,10306,10931,10092,10573,9207,10623,10864,10889,10986,10579,10988,10244,10941,10126,1.4052784861571034e-06,4.657728726464973e-07,3.9257054173167946e-06,4.9561909539648076e-06,4.230525926653753e-05,4.4138039168957105e-06,1.8914106207592579e-06,1.5074757735663204e-06,5.917891319223804e-05,3.512775146931862e-05,6.633026794923766e-05,5.624762415646764e-05,2.7243644696524068e-05,8.272661085708164e-05,9.310376265201982e-05,0.00011977932871666216,0.0002622567808555196,9.668431936963386e-05,7.121584338228731e-05,0.0005134468166944215,0.0003397111572810119,0.0003397111572810119,0.0001695549502802046,1.9887502942426392e-05,0.06790775997815855,0.12373036818450031,0.03498891410064085,0.05654848756393398,0.05494633014675758,0.00012222248150538863,0.07042720617757327,0.13793057767756384,0.0459914592889881,0.019352266467548136,0.012049992602299426,0.061105949023620654,0.004064355003850322,0.037238256207121886,0.0020792660176699802,0.018032035770836112,0.05760040509590254,0.08176092887438298,0.08181459064552785,0.03953755704550124,0.07151959380072305,0.07151959380072305,0.09645406949420053,0.006793563972723303
462,24,9.656694916297555e-05,4.5613942602486067e-07,0.0004911084971084967,0.04787733765154439,0.00011203727471327291,0.1264363628711002,102,False,85,0,0,0,0,10800,11017,10658,10803,10876,9198,10854,11023,10880,10641,10306,10931,10092,10573,9207,10623,10864,10889,10986,10579,10988,10244,10941,10126,1.3548630768443993e-06,4.5613942602486067e-07,3.7501304998992874e-06,4.763204946749497e-06,4.06397200768833e-05,4.175422546432836e-06,1.8248421571937654e-06,1.4821805624026875e-06,5.670665601468892e-05,3.341003584210984e-05,6.295787684655134e-05,5.4126482221556255e-05,2.5800738406823296e-05,7.90765151729039e-05,8.812369302381972e-05,0.00011388010752573193,0.00025211920077963416,9.35780929859891e-05,6.892889171314844e-05,0.0004911084971084967,0.0003278552736157689,0.0003278552736157689,0.00016478433849594236,1.884860325004863e-05,0.06224877997997867,0.11341950416912529,0.03207317125892078,0.051836113600272814,0.05036746930119445,0.00011203727471327291,0.06455827232944215,0.1264363628711002,0.04215883768157243,0.017739577595252458,0.011045826552107807,0.0560137866049856,0.003725658753529462,0.03413506818986173,0.0019059938495308152,0.016529366123266435,0.05280037133791066,0.07494751813485107,0.07499670809173385,0.0362427606250428,0.0655596276506628,0.0655596276506628,0.08841623036968381,0.0062274336416630275
463,24,9.266903268577229e-05,4.454170031134875e-07,0.0004693087410388094,0.05083200395836013,0.00010270083515383349,0.14251174963532198,103,False,85,0,0,0,0,10800,11017,10658,10803,10876,9198,11118,11023,10880,11121,10306,10931,10092,10573,9207,10623,10864,10889,10986,10579,10988,10244,10941,10126,1.3041875313392328e-06,4.454170031134875e-07,3.579483590288338e-06,4.571695331037774e-06,3.898971583736837e-05,3.949904443743911e-06,1.8030563466884449e-06,1.4526256173502606e-06,5.427938020727827e-05,3.2581103101810806e-05,5.9740141412751254e-05,5.201109505472284e-05,2.443193494561302e-05,7.55217998575707e-05,8.340595663450357e-05,0.00010822586696572686,0.00024204784953972154,9.039898106248888e-05,6.658810015152769e-05,0.0004693087410388094,0.000315885397780313,0.000315885397780313,0.00015978781121886692,1.786114200558723e-05,0.05706138164831378,0.10396787882169818,0.029400406987344044,0.04751643746691674,0.046170180192761576,0.00010270083515383349,0.14251174963532198,0.1158999992985085,0.03864560120810806,0.0995946127956481,0.010125341006098822,0.05134597105457013,0.00341518719073534,0.03129047917403992,0.0017471610287365805,0.015151918946327565,0.04840034039308477,0.06870189162361347,0.06874698241742269,0.0332225305729559,0.060096325346440896,0.060096325346440896,0.08104821117221016,0.005708480838191109
464,24,8.8886522173123e-05,4.4498428598825593e-07,0.0004480974259844299,0.057012670295163444,9.414243222434736e-05,0.17863722225322334,104,False,84,0,0,0,0,10800,11137,10658,11139,10876,9198,11118,11023,11144,11121,10306,10931,10092,10573,9207,10623,10864,10889,10986,10579,10988,10244,10941,10126,1.253584666370383e-06,4.4498428598825593e-07,3.414045057496186e-06,4.495606179713203e-06,3.736275246610015e-05,3.736556993129378e-06,1.775077573295198e-06,1.4194647519087404e-06,5.32435233790166e-05,3.1692264169740086e-05,5.667224911814897e-05,4.991308200640183e-05,2.313373863370722e-05,7.206943507117312e-05,7.893727427745605e-05,0.00010281268997839491,0.00023209260540471015,8.71752387487281e-05,6.421429504491885e-05,0.0004480974259844299,0.0003038871643401236,0.0003038871643401236,0.00015462335673478622,1.692295294909127e-05,0.0523062665109543,0.17863722225322334,0.02695037307173204,0.12689006767800703,0.04232266517669811,9.414243222434736e-05,0.13063577049904515,0.10624166602363279,0.11875846777409907,0.0912950617293441,0.00928156258892392,0.04706714013335595,0.0031305882581740617,0.028682939242869923,0.0016015642763418654,0.013889259034133601,0.04436697869366104,0.06297673398831234,0.0630180672159708,0.030453986358542906,0.055088298234237484,0.055088298234237484,0.07429419357452598,0.005232774101675183
465,24,8.516365740729208e-05,4.425344773445397e-07,0.0004275131541845323,0.05226161443723316,8.629722953898507e-05,0.16375078706545473,105,False,84,0,0,0,0,10800,11137,10658,11139,10876,9198,11118,11023,11144,11121,10306,10931,10092,10573,9207,10623,10864,10889,10986,10579,10988,10244,10941,10126,1.203341442470033e-06,4.425344773445397e-07,3.2540190608762075e-06,4.406522932330603e-06,3.576511561741096e-05,3.5347246732653338e-06,1.7417296676225342e-06,1.3833136456348628e-06,5.2069740426910884e-05,3.07560933878856e-05,5.3749200837244706e-05,4.78423262747997e-05,2.1902776243691475e-05,6.872467833350304e-05,7.470496616078818e-05,9.763572993138138e-05,0.000222295540442631,8.393176039421246e-05,6.182582691642855e-05,0.0004275131541845323,0.0002919348705389148,0.0002919348705389148,0.00014934303392718343,1.6031907719032392e-05,0.04794741096837477,0.16375078706545473,0.024704508649087704,0.11631589537150644,0.038795776411973265,8.629722953898507e-05,0.11974945629079138,0.09738819385499672,0.10886192879292414,0.08368713991856541,0.008508099039846926,0.04314487845557629,0.002869705903326223,0.026292694305964096,0.00146810058664671,0.012731820781289134,0.040669730469189286,0.05772867282261964,0.05776656161463989,0.027916154161997664,0.050497606714717695,0.050497606714717695,0.0681030107766488,0.004796709593202251
466,24,8.181400276600264e-05,4.3826695159549876e-07,0.000407584637444458,0.05137870212301928,7.910579374406965e-05,0.1501048881433335,106,False,84,0,0,0,0,10800,11137,10658,11139,10876,9198,11118,11023,11144,11121,10306,10931,10092,10573,9207,10623,10864,10889,10986,10579,11204,10244,10941,10126,1.1537025527813275e-06,4.3826695159549876e-07,3.0995435563896e-06,4.306431456745497e-06,3.4201990642424836e-05,3.343787097072942e-06,1.7038051298395246e-06,1.3447444157758797e-06,5.0780876984319364e-05,2.9784041383042468e-05,5.096587538720611e-05,4.5807129269566436e-05,2.0735798976802864e-05,6.549129197862716e-05,7.069693500744308e-05,9.26893931639325e-05,0.00021269165642495268,8.06902629408462e-05,5.9438705320246235e-05,0.000407584637444458,0.0002873158531620431,0.00028009229709067066,0.00014399311620006994,1.5185923847211647e-05,0.04395179338767687,0.1501048881433335,0.02264579959499706,0.10662290409054756,0.03556279504430882,7.910579374406965e-05,0.10977033493322542,0.08927251103374699,0.0997901013935138,0.07671321159201828,0.007799090786526348,0.0395494719176116,0.0026305637447157043,0.024101636447133753,0.0013457588710928173,0.011670835716181705,0.03728058626342351,0.052917950087401334,0.05295268148008656,0.025589807981831192,0.1296228061551579,0.04628947282182455,0.06242775987859474,0.00439698379376873
467,24,7.901622883699768e-05,4.32384792417255e-07,0.00039834701939999036,0.05404158805721212,7.251364426539718e-05,0.13759614746472237,107,False,85,0,0,0,0,10800,11137,10658,11139,10876,9198,11118,11023,11144,11121,10306,10931,10092,10573,9207,11223,10864,10889,10986,11204,11227,10244,10941,10126,1.1048741066469787e-06,4.32384792417255e-07,2.9506993968808714e-06,4.197202882081406e-06,3.267757844322336e-05,3.1631571516128903e-06,1.6620542937018234e-06,1.304282372066737e-06,4.9398238173627065e-05,2.8786426465821403e-05,4.8317084318639925e-05,4.381436354685927e-05,1.9629683238986724e-05,6.237174205936871e-05,6.69016480534428e-05,9.023617202958113e-05,0.0002033096029688777,7.746949769738821e-05,5.7066754670940125e-05,0.00028183815184833026,0.00039834701939999036,0.00026841357041043287,0.00013861433268371826,1.4382971083308231e-05,0.0402891439387038,0.13759614746472237,0.020758649628747305,0.09773766208300193,0.03259922879061642,7.251364426539718e-05,0.1006228070221233,0.08183313511426807,0.09147425961072098,0.0703204439593501,0.007149166554315819,0.03625368259114396,0.002411350099322729,0.02209316674320594,0.0012336122985017492,0.09403159940649991,0.034173870741471546,0.04850812091345122,0.04853995802341268,0.11882090564222807,0.1067906573166786,0.04243201675333917,0.057225446555378506,0.004030568477621336
468,24,7.646741192125648e-05,4.250896216194741e-07,0.00038826156533287095,0.053010344608000005,6.647084057661407e-05,0.12612980184266218,108,False,85,0,0,0,0,10800,11137,10658,11139,10876,9198,11118,11023,11144,11121,10306,10931,10092,10573,9207,11223,10864,10889,10986,11204,11227,11253,10941,10126,1.057027298623057e-06,4.250896216194741e-07,2.8075185485048322e-06,4.080576847364473e-06,3.1195205562997765e-05,2.992279233382151e-06,1.6171777671185572e-06,1.262404558998541e-06,4.794144958486844e-05,2.7772453625658627e-05,4.5797618124739804e-05,4.1869621113581576e-05,1.8581430416674243e-05,5.9367378855025845e-05,6.330811826272848e-05,8.763779598211585e-05,0.00019417236567898224,7.428547865638013e-05,5.472178231341057e-05,0.0002756296940220534,0.00038826156533287095,0.00026357060037474056,0.00013324217804314037,1.3621076284575286e-05,0.03693171527714515,0.12612980184266218,0.01902876215968503,0.08959285690941843,0.029882626391398385,6.647084057661407e-05,0.09223757310361302,0.07501370718807907,0.08385140464316089,0.06446040696273758,0.006553402674789501,0.0332325423752153,0.0022104042577125015,0.020252069514605443,0.0011308112736266034,0.08619563278929158,0.03132604817968225,0.044465777503996946,0.04449496152146162,0.10891916350537573,0.09789143587362205,0.12222934869056092,0.052456659342430295,0.003694687771152891
469,24,6.95022009084947e-05,4.1657748750728854e-07,0.00026881144123333436,0.05993905561631363,6.093160386189623e-05,0.19537690296634752,109,False,86,0,0,0,0,10800,11137,10658,11139,10876,9198,11118,11023,11144,11121,10306,10931,10092,10573,9207,11223,10864,10889,11274,11204,11277,11253,10941,10126,1.0103019811398707e-06,4.1657748750728854e-07,2.6699914606524197e-06,3.958151417824228e-06,2.9757427416745422e-05,2.8306275745364077e-06,1.5698216534155053e-06,1.2195397221690233e-06,4.642838731735389e-05,2.6750254294385726e-05,4.3402284924378784e-05,3.9977354818815985e-05,1.7588165825921616e-05,5.647859953395939e-05,5.9905885027234424e-05,8.492763734680779e-05,0.0001852979158834832,7.115171796546e-05,5.3765498027266783e-05,0.00026881144123333436,0.000264664823322354,0.000264664823322354,0.00012790726716876353,1.2898327078009416e-05,0.03385407233738305,0.11561898502244032,0.01744303197971128,0.08212678550030023,0.02739240752544852,6.093160386189623e-05,0.08455110867831193,0.0687625649224058,0.07686378758956415,0.059088706382509446,0.006007285785223709,0.030463163843947358,0.0020262039029031263,0.018564397055054988,0.0010365770008243865,0.07901266339018395,0.02871554416470873,0.04076029604533053,0.12412038139467316,0.09984256654659442,0.19537690296634752,0.19537690296634752,0.04808527106389444,0.0033867971235568167
470,24,6.78532351107418e-05,4.0703572355384305e-07,0.0002644447316781983,0.061888578759398606,5.585397020673821e-05,0.17909549438581857,110,False,86,0,0,0,0,10800,11137,10658,11139,10876,9198,11118,11023,11144,11121,10306,10931,10092,10573,9207,11295,10864,10889,11274,11204,11277,11253,11302,10126,9.648100819582095e-07,4.0703572355384305e-07,2.5380736369546955e-06,3.831378466296993e-06,2.836612401392002e-05,2.6777046557134777e-06,1.520575071830887e-06,1.1760693751072261e-06,4.487516347869467e-05,2.572694105835553e-05,4.1125942569341585e-05,3.8141011298722537e-05,1.6647136984843894e-05,5.370499380170388e-05,5.668499457768463e-05,8.425415097228271e-05,0.00017669981663917045,6.807946129206773e-05,5.2659233835897834e-05,0.00026149620726023746,0.0002644447316781983,0.0002644447316781983,0.00012579848003010943,1.2212874476959167e-05,0.031032899642601128,0.10598406960390362,0.015989445981402006,0.07528288670860854,0.025109706898327807,5.585397020673821e-05,0.07750518295511927,0.06303235117887199,0.07045847195710046,0.054164647517300324,0.005506678636455067,0.027924566856951744,0.001857353577661199,0.01701736396713374,0.0009501955840890209,0.15576160810766865,0.026322582150983,0.03736360470821965,0.1137770162784504,0.09152235266771154,0.17909549438581857,0.17909549438581857,0.12741149847523658,0.003104564029927082
471,24,6.637574499376416e-05,4.068699961696376e-07,0.0002698059519844236,0.06367564164055983,5.119947268951002e-05,0.24750420318700037,111,False,85,0,0,0,0,10800,11305,10658,11139,10876,9198,11118,11023,11144,11121,10306,10931,10092,10573,9207,11295,10864,10889,11274,11204,11277,11325,11302,10126,9.206388262832502e-07,4.068699961696376e-07,2.4116914612645237e-06,3.701563413790694e-06,2.7022587872578264e-05,2.533039701288676e-06,1.469969529163266e-06,1.1323296858303548e-06,4.329615492712117e-05,2.4708672466967376e-05,3.896352502681493e-05,3.636315453844294e-05,1.5755711338439088e-05,5.104547354933393e-05,5.3635980293292623e-05,8.325514716900093e-05,0.00016838778210445822,6.507791762771986e-05,5.1426528017494676e-05,0.00025378791986887736,0.00026302262137074426,0.0002698059519844236,0.0001233237144694238,1.1562934611416473e-05,0.028446824672384366,0.18048539713691164,0.014656992149618506,0.0690093128162245,0.023017231323467155,5.119947268951002e-05,0.07104641770885932,0.05777965524729932,0.0645869326273421,0.04965092689085863,0.005047788750083811,0.02559751961887243,0.001702574112856099,0.015599250303205926,0.0008710126187482691,0.14278147409869626,0.024129033638401083,0.034249970982534676,0.10429559825524619,0.08389548994540225,0.16417086985366702,0.24750420318700037,0.1167938736023002,0.0028458503607664914
472,24,6.482724502701695e-05,4.04839536304445e-07,0.00027354647728440113,0.06531378261495763,4.6932849965384185e-05,0.226878852921417,112,False,85,0,0,0,0,10800,11305,10658,11139,11332,9198,11118,11023,11144,11121,10306,10931,11340,10573,9207,11295,10864,10889,11274,11204,11277,11325,11302,10126,8.778537383961962e-07,4.04839536304445e-07,2.290747335812086e-06,3.5698683431977406e-06,2.639111676981002e-05,2.3961872530506537e-06,1.4184797391752881e-06,1.0886139452095885e-06,4.170406458669834e-05,2.370072397904228e-05,3.6910063796142343e-05,3.464557958202634e-05,1.5295936578291828e-05,4.849838762656395e-05,5.074984306636084e-05,8.196943488758379e-05,0.000160368189250826,6.215447958413486e-05,5.0089480579337685e-05,0.00024578124855863985,0.000260516846848382,0.00027354647728440113,0.00012053862806805722,1.0946789710962435e-05,0.026076255949685666,0.16544494737550233,0.013435576137150296,0.06325853674820578,0.10443246204651156,4.6932849965384185e-05,0.06512588289978771,0.05296468397669104,0.05920468824173025,0.04551334964995374,0.004627139687576827,0.023464392983966395,0.0848940262701181,0.014299312777938765,0.00079842823385258,0.1308830179238049,0.022118280835200992,0.03139580673399012,0.09560429840064233,0.07690419911661872,0.1504899640325281,0.226878852921417,0.10706105080210851,0.0026086961640359504
473,24,5.7663957923463106e-05,4.0112581476449366e-07,0.00027574129059613936,0.06862889085004929,4.3021779134935504e-05,0.20797228184463223,113,False,83,0,0,0,0,10800,11305,10658,11139,11332,9198,11118,11023,11144,11121,10306,10931,11340,10573,9207,11295,10864,10889,11370,11204,11325,11302,11374,10126,8.36501409453294e-07,4.0112581476449366e-07,2.175124189737037e-06,3.437317629886108e-06,2.5705954843287606e-05,2.2667258184442384e-06,1.366525536482047e-06,1.0451754198928084e-06,4.0110006234838547e-05,2.2707561888573384e-05,3.496070503400566e-05,3.2989416279308704e-05,1.4817513745978509e-05,4.606162291666614e-05,4.8018031850069464e-05,8.043506723748592e-05,0.00015264454229092992,5.93149314658614e-05,4.992373199477308e-05,0.0002375615262416364,0.00027574129059613936,0.00012052590163179193,0.00012052590163179193,1.0362788461316607e-05,0.023903234620545194,0.1516578684275438,0.01231594479238777,0.05798699201918863,0.09572975687596892,4.3021779134935504e-05,0.059698725991472065,0.04855096031196678,0.05427096422158606,0.04172057051245759,0.004241544713612091,0.021509026901969194,0.07781952408094159,0.013107703379777201,0.0007318925476981983,0.11997609976348783,0.020275090765600908,0.028779489506157607,0.17097060686725546,0.07049551585690049,0.20797228184463223,0.1814726299019328,0.1814726299019328,0.0023913048170329542
474,24,5.628996703444808e-05,3.9591431858171586e-07,0.0002764856755436606,0.06638203883476741,3.943663087369088e-05,0.24005638962831752,114,False,83,0,0,0,0,10800,11305,10658,11139,11332,9198,11118,11023,11144,11121,10306,10931,11340,10573,9207,11295,10864,10889,11394,11204,11325,11302,11374,10126,7.966120271733287e-07,3.9591431858171586e-07,2.0646894155142067e-06,3.304805362824296e-06,2.4977622181163193e-05,2.1442565896840845e-06,1.3144745829622364e-06,1.0022304297620602e-06,3.852360517118818e-05,2.1732917769852345e-05,3.311072298465244e-05,3.139522322564393e-05,1.4325640291136386e-05,4.3732692899897534e-05,4.543242449394969e-05,7.868866381537611e-05,0.00014521789122957457,5.6563643394167764e-05,5.0820076780309817e-05,0.0002292049001629339,0.0002764856755436606,0.00011995759015863773,0.00011995759015863773,9.809345839470147e-06,0.021911298402166428,0.1390197127252485,0.01128961605968879,0.05315474268425624,0.08775227713630485,3.943663087369088e-05,0.05472383215884939,0.04450504695263621,0.04974838386978722,0.03824385630308612,0.0038880826541444168,0.01971660799347176,0.07133456374086312,0.012015394764795767,0.0006709015020566817,0.10997809144986384,0.018585499868467498,0.026381198713977805,0.24005638962831752,0.06462088953549211,0.19064125835757953,0.16634991074343838,0.16634991074343838,0.0021920294156135413
475,24,5.4854763873375774e-05,3.893897059151713e-07,0.00027588956587948707,0.0677946467096479,3.615024496754997e-05,0.22005169049262438,115,False,83,0,0,0,0,10800,11305,10658,11139,11332,9198,11118,11023,11144,11121,10306,10931,11412,10573,9207,11295,10864,10889,11394,11204,11325,11302,11374,11423,7.582016699419187e-07,3.893897059151713e-07,1.959298288891576e-06,3.1731039535217007e-06,2.4215756552838617e-05,2.0284022301984405e-06,1.2626456142968874e-06,9.59961523006496e-07,3.695310857192562e-05,2.077986157861914e-05,3.135553024138605e-05,2.986307224302537e-05,1.4181504978677878e-05,4.150881487020603e-05,4.298530895114995e-05,7.676490697144463e-05,0.00013808720666426335,5.390375053734439e-05,5.14172618481559e-05,0.00022077865553588133,0.00027588956587948707,0.00011888731208478936,0.00011888731208478936,9.52440038126237e-06,0.020085356868652558,0.12743473666481112,0.01034881472138139,0.04872518079390155,0.08043958737494611,3.615024496754997e-05,0.050163512812278606,0.040796293039916526,0.045602685213971615,0.03505686827782894,0.0035640757662990484,0.018073557327349114,0.14872335009579118,0.011014111867729453,0.0006149930435519582,0.10081325049570852,0.01703670821276187,0.024182765487812986,0.22005169049262438,0.059235815407534434,0.17475448682778122,0.15248741818148517,0.15248741818148517,0.08534269363097909
476,24,5.334873560634957e-05,3.8173193714483046e-07,0.00027407246541762055,0.06908953726162168,3.3137724553587475e-05,0.201714049618239,116,False,84,0,0,0,0,10800,11305,10658,11427,11332,9198,11430,11023,11144,11121,10306,10931,11412,10573,9207,11295,10864,10889,11394,11204,11325,11302,11374,11423,7.212743728116671e-07,3.8173193714483046e-07,1.8587969252297277e-06,3.1213488858163664e-06,2.3429091941443227e-05,1.918805725015328e-06,1.2425516522325981e-06,9.185206506215412e-07,3.5405500583238954e-05,1.9850872045635892e-05,2.96906853019807e-05,2.839262388397007e-05,1.3985756271467184e-05,3.93869769257264e-05,4.0669364924183516e-05,7.469618981849186e-05,0.0001312497134378615,5.1337317104865695e-05,5.173079450786686e-05,0.0002123416636760654,0.00027407246541762055,0.00011736997533143124,0.00011736997533143124,9.227657900237469e-06,0.018411577129598178,0.11681517527607685,0.009486413494599607,0.12799808239440977,0.07373628842703393,3.3137724553587475e-05,0.1293165534112554,0.037396601953256815,0.041802461446140644,0.03213546258800986,0.003267069452440794,0.01656742755007002,0.13632973758780859,0.010096269212085332,0.0005637436232559617,0.09241214628773281,0.015616982528365048,0.022167535030495237,0.201714049618239,0.05429949745690656,0.1601916129254661,0.13978013333302808,0.13978013333302808,0.07823080249506416
477,24,5.178513167909658e-05,3.731133037022453e-07,0.0002711590291963529,0.07027652026759766,3.0376247507455183e-05,0.20066490886154228,117,False,84,0,0,0,0,10800,11305,10658,11451,11332,9198,11430,11455,11144,11121,10306,10931,11412,10573,9207,11295,10864,10889,11394,11204,11325,11302,11374,11423,6.858239763291727e-07,3.731133037022453e-07,1.7630248218689218e-06,3.1393757227437824e-06,2.262546242775766e-05,1.8151292918532115e-06,1.2187577502540224e-06,9.006766426300785e-07,3.388661829935522e-05,1.8947903410005722e-05,2.8111897823595162e-05,2.6983194525002662e-05,1.3744913063122168e-05,3.736399579423822e-05,3.847764600100324e-05,7.251239309381565e-05,0.00012470118603009195,4.886548521646656e-05,5.177960253219884e-05,0.00020394491441064636,0.0002711590291963529,0.00011546032359835392,0.00011546032359835392,8.922369768576271e-06,0.016877279035464994,0.10708057733640378,0.008695879036716305,0.20066490886154228,0.0675915977247811,3.0376247507455183e-05,0.11854017396031744,0.11761355179048542,0.03831892299229559,0.02945750737234237,0.0029948136647373943,0.015186808587564184,0.12496892612215786,0.009254913444411554,0.0005167649879846316,0.0847111340970884,0.01431556731766796,0.020320240444620632,0.18490454548338572,0.04977453933549768,0.14684231184834393,0.12813178888860907,0.12813178888860907,0.07171156895380881
478,24,5.017295891538992e-05,3.636962560070398e-07,0.0002672753393704049,0.06442014357863118,2.7844893548500582e-05,0.1839428331230804,118,False,85,0,0,0,0,10800,11305,10658,11451,11332,9198,11430,11455,11144,11121,10306,10931,11412,10573,9207,11295,10864,10889,11394,11204,11325,11302,11374,11423,6.518357713806818e-07,3.636962560070398e-07,1.671817032582702e-06,3.1414144640572896e-06,2.1811825535188252e-05,1.7170533498243512e-06,1.191816688006862e-06,8.805383088728453e-07,3.240126570338645e-05,1.8072447871332275e-05,2.6615031931703618e-05,2.563381566515588e-05,1.3465301421534309e-05,3.543656648599189e-05,3.6403562320642426e-05,7.024076862405579e-05,0.00011843620871142507,4.6488609088635444e-05,5.158501050401305e-05,0.00019563209992721827,0.0002672753393704049,0.00011321177295206176,0.00011321177295206176,8.611443033815249e-06,0.01547083911584291,0.09815719589170346,0.00797122245032328,0.1839428331230804,0.06195896458104934,2.7844893548500582e-05,0.10866182613029098,0.10781242247461163,0.03512567940960429,0.02700271509131384,0.0027452458593426113,0.013921241205267169,0.11455484894531137,0.008483670657377257,0.00047370123898591226,0.07765187292233103,0.013122603374528962,0.018626887074235578,0.16949583335977025,0.045626661057539535,0.1346054525276486,0.11745413981455831,0.11745413981455831,0.06573560487432474
479,24,4.857269222701728e-05,3.536319226528386e-07,0.0002625458662293483,0.06252402050263413,2.55244857527922e-05,0.16861426369615704,119,False,85,0,0,0,0,10800,11305,10658,11451,11332,9198,11430,11455,11144,11121,10306,10931,11412,10573,9207,11295,10864,11513,11394,11204,11325,11302,11374,11423,6.192879545779158e-07,3.536319226528386e-07,1.5850060164788744e-06,3.1287658642101763e-06,2.0994299950063034e-05,1.6242755428010669e-06,1.1622509379831074e-06,8.584902647603833e-07,3.0953323430985803e-05,1.722559340269582e-05,2.519610789207898e-05,2.4343286065304237e-05,1.315295595282922e-05,3.360130469244583e-05,3.444086379699069e-05,6.79059086691831e-05,0.00011244840350884497,4.5346453799825905e-05,5.116983038219439e-05,0.0001874402238457317,0.0002625458662293483,0.00011067551597494247,0.00011067551597494247,8.297451376543285e-06,0.014181602522856,0.08997742956739484,0.00730695391279634,0.16861426369615704,0.05679571753262856,2.55244857527922e-05,0.09960667395276672,0.09882805393506065,0.03219853945880393,0.02475248883370435,0.0025164753710640603,0.012761137771494905,0.10500861153320208,0.007776698102595818,0.00043422613573708624,0.07118088351213678,0.012029053093318214,0.10040797981804929,0.15537118057978938,0.04182443930274457,0.12338833148367788,0.10766629483001178,0.10766629483001178,0.06025763780146434
480,24,4.7134610788271705e-05,3.5190667922616595e-07,0.0002570910744385891,0.0642581299051924,2.3397445273392847e-05,0.16581264377011196,120,False,86,0,0,0,0,10800,11521,10658,11451,11332,9198,11430,11455,11144,11121,10306,10931,11412,10573,9207,11295,10864,11513,11394,11539,11325,11302,11374,11423,5.881529093210004e-07,3.5190667922616595e-07,1.502423200008161e-06,3.1028178575661492e-06,2.0178213326174632e-05,1.5365098146328372e-06,1.1305476084878507e-06,8.348906771749693e-07,2.954585285984455e-05,1.640807677050732e-05,2.385130241448716e-05,2.3110217363496547e-05,1.2813548649237864e-05,3.185478277375374e-05,3.258362392027837e-05,6.552978247629794e-05,0.00010673062897754307,4.411941579735033e-05,5.0557579215328834e-05,0.0001840269310811725,0.0002570910744385891,0.00010789986453320912,0.00010789986453320912,7.982651041623584e-06,0.012999802312617999,0.16581264377011196,0.006698041086729978,0.15456307505481062,0.05206274107157618,2.3397445273392847e-05,0.09130611779003615,0.09059238277380559,0.029515327837236933,0.022689781430895655,0.002306769090142055,0.01169770962387033,0.09625789390543524,0.0071286399273794996,0.0003980406244256624,0.06524914321945871,0.011026632002208362,0.09204064816654518,0.14242358219814025,0.12167240269418253,0.11310597052670472,0.09869410359417746,0.09869410359417746,0.05523616798467564
481,24,4.564931527506948e-05,3.4871443949694514e-07,0.0002510256151545963,0.05890328574642636,2.1447658167276776e-05,0.15199492345593596,121,False,86,0,0,0,0,10800,11521,10658,11451,11332,9198,11430,11455,11144,11121,10306,10931,11412,10573,9207,11295,10864,11513,11394,11539,11325,11302,11374,11423,5.583983277544199e-07,3.4871443949694514e-07,1.4239002871301836e-06,3.064998566782859e-06,1.936815663118354e-05,1.4534855335352779e-06,1.0971552968516113e-06,8.100690496746334e-07,2.8181193547459845e-05,1.562033176208441e-05,2.2576947821019504e-05,2.193307378551378e-05,1.2452341367171378e-05,3.019356010268896e-05,3.0826224148294034e-05,6.313182368458187e-05,0.0001012751526594839,4.2825096659570346e-05,4.9771827150304334e-05,0.00018011690181836661,0.0002510256151545963,0.00010492979931134644,0.00010492979931134644,7.669000185429931e-06,0.011916485453233166,0.15199492345593596,0.006139870996169147,0.14168281880024305,0.047724179315611494,2.1447658167276776e-05,0.08369727464086647,0.08304301754265513,0.027055717184133854,0.02079896631165435,0.002114538332630217,0.010722900488547802,0.08823640274664897,0.006534586600097874,0.0003648705723901905,0.05981171461783715,0.010107746002024331,0.08437059415266641,0.13055495034829523,0.11153303580300065,0.10368047298281266,0.09046959496132934,0.09046959496132934,0.05063315398595267
482,24,4.414304586384932e-05,3.4421637576486273e-07,0.000244457033962287,0.057466900823113044,1.966035332000371e-05,0.16421670251776155,122,False,86,0,0,0,0,10800,11521,10658,11451,11332,9198,11430,11455,11144,11121,10306,10931,11580,10573,9207,11295,10864,11513,11394,11539,11325,11302,11374,11423,5.299881885187616e-07,3.4421637576486273e-07,1.3492703492297986e-06,3.0167372129197445e-06,1.8568042173567504e-05,1.3749466631004752e-06,1.0624825173345924e-06,7.843251520032592e-07,2.6861053451327565e-05,1.48625327358972e-05,2.1369530280461975e-05,2.0810206543246298e-05,1.2385549585694266e-05,2.8614208459798987e-05,2.9163338893057102e-05,6.072905459166349e-05,9.607379995772071e-05,4.14795412680961e-05,4.883567168810433e-05,0.00017579000271117126,0.000244457033962287,0.00010180669380460718,0.00010180669380460718,7.35818036220408e-06,0.010923444998797069,0.13932867983460795,0.005628215079821718,0.12987591723355613,0.043747164372643865,1.966035332000371e-05,0.07672250175412759,0.07612276608076719,0.02480107408545603,0.019065719119016486,0.0019383268049110323,0.009829325447835484,0.16421670251776155,0.005990037716756384,0.00033446469135767464,0.05482740506635072,0.00926543383518897,0.07733971130661088,0.11967537115260396,0.1022386161527506,0.09504043356757827,0.08293046204788522,0.08293046204788522,0.046413724487123276
483,24,4.261790470859589e-05,3.3857303661370014e-07,0.00023748492057435773,0.05962243686563141,1.8021990543336735e-05,0.2023862574640931,123,False,86,0,0,0,0,10800,11521,11594,11595,11332,9198,11430,11455,11144,11121,10306,10931,11580,10573,9207,11295,10864,11513,11394,11539,11325,11302,11374,11423,5.028836046110571e-07,3.3857303661370014e-07,1.3113377417120208e-06,3.0357561719818587e-06,1.7781163051301717e-05,1.3006509775018173e-06,1.0268973927623042e-06,7.579288656282849e-07,2.558659168550902e-05,1.4134633690490488e-05,2.02256872823532e-05,1.9739883479773763e-05,1.2267711916526376e-05,2.711333310511646e-05,2.758992110343749e-05,5.833623558250402e-05,9.111808197888041e-05,4.00972217505771e-05,4.777132922155256e-05,0.00017112098821506634,0.00023748492057435773,9.856818172627831e-05,9.856818172627831e-05,7.051619125487263e-06,0.010013157915563979,0.12771795651505727,0.08849253048983659,0.2023862574640931,0.040101567341590205,1.8021990543336735e-05,0.07032895994128362,0.06977920224070326,0.022734317911668026,0.017476909192431778,0.0017767995711684462,0.009010214993849193,0.15053197730794807,0.0054908679070266855,0.0003065926337445351,0.05025845464415482,0.008493314348923222,0.07089473536439331,0.10970242355655363,0.0937187314733547,0.08712039743694674,0.07601959021056146,0.07601959021056146,0.04254591411319633
484,24,4.112086126475524e-05,3.3194096357917947e-07,0.000230200427086532,0.06159834490460656,1.652015799805867e-05,0.2213209791989524,124,False,86,0,0,0,0,10800,11521,11594,11595,11332,9198,11430,11455,11144,11121,10306,10931,11628,10573,11630,11295,10864,11513,11394,11539,11325,11302,11374,11423,4.770435548907965e-07,3.3194096357917947e-07,1.2716030387791581e-06,3.0391925757316763e-06,1.7010252284084148e-05,1.2303693185853127e-06,9.90728330908666e-07,7.311207410389284e-07,2.4358493810198227e-05,1.3436403102716986e-05,1.9142204500026238e-05,1.8720314482043105e-05,1.2416684130784811e-05,2.5687590086463904e-05,2.6774335828047247e-05,5.596603014743586e-05,8.639930470655642e-05,3.8691060694921114e-05,4.65998318675583e-05,0.00016617894782149973,0.000230200427086532,9.524813916962453e-05,9.524813916962453e-05,6.750512942494765e-06,0.00917872808926698,0.11707479347213583,0.08111815294901686,0.18552073600875202,0.03675977006312435,1.652015799805867e-05,0.06446821327950998,0.06396426872064466,0.020839791419029023,0.01602050009306246,0.0016287329402377424,0.00825936374436176,0.2213209791989524,0.005033295581441128,0.0836143765809325,0.04607025009047525,0.00778553815317962,0.06498684075069386,0.10056055492684082,0.08590883718390847,0.07986036431720119,0.06968462435968133,0.06968462435968133,0.03900042127042997
485,24,3.9614893040753025e-05,3.2447009003646906e-07,0.00022268608574649035,0.05646514949588936,1.5143478164887114e-05,0.20287756426570636,125,False,86,0,0,0,0,10800,11521,11594,11595,11332,9198,11430,11455,11144,11121,10306,10931,11628,10573,11630,11295,10864,11513,11394,11539,11325,11302,11374,11423,4.524255118779323e-07,3.2447009003646906e-07,1.2305280398973982e-06,3.0282936480261053e-06,1.625754033160677e-05,1.1638848926534605e-06,9.54265442033128e-07,7.041130888539838e-07,2.3177039829943948e-05,1.2767454819743496e-05,1.8116012170596413e-05,1.7749673141909186e-05,1.249684077001894e-05,2.433370028371055e-05,2.5927599583265244e-05,5.362917782649036e-05,8.190866167384344e-05,3.7272484024728716e-05,4.534081608381116e-05,0.00016102700438768073,0.00022268608574649035,9.187675589055039e-05,9.187675589055039e-05,6.455849809754074e-06,0.008413834081828064,0.10731856068279116,0.07435830686993213,0.17006067467468935,0.03369645589119732,1.5143478164887114e-05,0.059095862172884144,0.058633912993924266,0.01910314213410994,0.014685458418640588,0.0014930051952179305,0.007571083432331613,0.20287756426570636,0.004613854282987701,0.07664651186585479,0.042231062582935644,0.007136743307081318,0.05957127068813604,0.09218050868293742,0.07874976741858276,0.07320533395743442,0.06387757232970788,0.06387757232970788,0.035750386164560805
486,24,3.810925767091023e-05,3.16301836905877e-07,0.00021501586341391934,0.05175972037123191,1.388152165114652e-05,0.18597110057689747,126,False,86,0,0,0,0,10800,11521,11594,11595,11332,9198,11430,11455,11144,11121,10306,10931,11628,10573,11630,11295,10864,11513,11394,11539,11325,11302,11374,11423,4.2898597753755887e-07,3.16301836905877e-07,1.1885273662038788e-06,3.0043958157964894e-06,1.5524810066367943e-05,1.1009926048570463e-06,9.177624899156916e-07,6.770914533531311e-07,2.204216520348424e-05,1.2127275307035926e-05,1.7144181101215906e-05,1.6826115105623896e-05,1.2512708669238953e-05,2.3048460632464e-05,2.505868783030986e-05,5.133466909052854e-05,7.763731211009238e-05,3.5851495326179676e-05,4.4012389165486035e-05,0.000155722215640419,0.00021501586341391934,8.848067338818714e-05,8.848067338818714e-05,6.168431118535812e-06,0.0077126812416757244,0.09837534729255856,0.06816178129743777,0.1558889517851319,0.030888417900264205,1.388152165114652e-05,0.05417120699181046,0.05374775357776391,0.017511213622934108,0.013461670217087204,0.0013685880956164362,0.006940159812970645,0.18597110057689747,0.004229366426072059,0.07025930254370022,0.038711807367691004,0.006542014698157875,0.05460699813079137,0.08449879962602597,0.07218728680036753,0.06710488946098155,0.05855444130223222,0.05855444130223222,0.03277118731751407
487,24,3.6616739924198074e-05,3.1549995875503484e-07,0.00020725539719605544,0.05786307700696258,0.0012545390876483999,0.22623153913637092,127,False,83,0,0,0,0,10800,11689,11594,11691,11332,11693,11430,11455,11144,11121,10306,10931,11628,10573,11630,11295,10864,11513,11394,11539,11325,11302,11374,11423,4.066809377740396e-07,3.1549995875503484e-07,1.1459695965401442e-06,3.0454456228146642e-06,1.4813448567978825e-05,1.0683585834562666e-06,8.814392032609812e-07,6.502163424641114e-07,2.0953515254069324e-05,1.1515247560085183e-05,1.6223918394659943e-05,1.5947793511794286e-05,1.2469409357785044e-05,2.1828752919624e-05,2.4175606806991195e-05,4.9089917603244436e-05,7.357644634956442e-05,3.4436764767907395e-05,4.263106012548016e-05,0.00015031563547010588,0.00020725539719605544,8.508317079973121e-05,8.508317079973121e-05,5.888892450880548e-06,0.007069957804869414,0.1735107350181787,0.062481632855984626,0.22623153913637092,0.028314383075242186,0.08334605806151356,0.04965693974249292,0.04926877411295025,0.01605194582102293,0.01233986436566327,0.0012545390876483999,0.006361813161889758,0.170473508862156,0.003876919223899387,0.06440436066505853,0.035485823420383415,0.005996846806644718,0.050056414953225416,0.0774572329905238,0.06617167956700357,0.06151281533923308,0.053674904527046194,0.053674904527046194,0.030040255041054564
488,24,3.515168527921399e-05,3.1331280462981203e-07,0.00019946236342199074,0.059985598367493474,0.0011499941636776998,0.20737891087500668,128,False,83,0,0,0,0,10800,11689,11594,11691,11332,11693,11430,11719,11144,11721,10306,10931,11628,10573,11630,11295,10864,11513,11394,11539,11325,11302,11374,11423,3.8546624539495755e-07,3.1331280462981203e-07,1.1031791798939256e-06,3.0693243592977884e-06,1.4124495344866554e-05,1.0344940787577363e-06,8.45483806222869e-07,6.397083492264573e-07,1.9910493422484824e-05,1.1212573067484607e-05,1.53525629731637e-05,1.5112871879198732e-05,1.2372437360454727e-05,2.067155049688124e-05,2.3285428307922252e-05,4.6900926512055054e-05,6.971734011103738e-05,3.30357270071212e-05,4.12117224008112e-05,0.00014485249684067467,0.00019946236342199074,8.17043828186513e-05,8.17043828186513e-05,5.61772309426292e-06,0.00648079465446363,0.15905150709999713,0.057274830117985905,0.20737891087500668,0.025954851152305336,0.0764005532230541,0.04551886143061851,0.1284963762702044,0.01471428366927102,0.09464487566852467,0.0011499941636776998,0.005831662065065611,0.156267383123643,0.003553842621907771,0.059037330609636986,0.032528671468684794,0.005497109572757658,0.04588504704045663,0.07100246357464682,0.060657372936419936,0.056386747394296985,0.04920199581645901,0.04920199581645901,0.027536900454300017
489,24,3.370613477901846e-05,3.178751271357915e-07,0.00019168693966788527,0.058459020725757906,0.001054161316704558,0.22913054817499737,129,False,82,0,0,0,0,10800,11737,11594,11691,11332,11693,11430,11719,11144,11721,10306,10931,11628,10573,11630,11295,10864,11513,11394,11539,11325,11302,11374,11423,3.652979403735386e-07,3.178751271357915e-07,1.0604388956776037e-06,3.0770987852066577e-06,1.3458686776909313e-05,9.99756197611786e-07,8.10055655345731e-07,6.273143030204033e-07,1.8912303833119774e-05,1.0891574590834812e-05,1.4527580967144496e-05,1.4319534769204091e-05,1.2227469095236925e-05,1.9573923216414636e-05,2.239433743573284e-05,4.477244640835819e-05,6.605139908950676e-05,3.1654683598863184e-05,3.97676770824791e-05,0.00013937248354648597,0.00019168693966788527,7.836153678281125e-05,7.836153678281125e-05,5.355284148273543e-06,0.005940728433258327,0.22913054817499737,0.052501927608153746,0.1900973349687561,0.023791946889613225,0.07003384045446626,0.041725622978066965,0.11778834491435404,0.013488093363498434,0.0867578026961476,0.001054161316704558,0.0053456902263101435,0.14324510119667275,0.0032576890700821235,0.0541175530588339,0.029817948846294393,0.005039017108361186,0.04206129312041858,0.06508559161009292,0.05560259185838494,0.051687851778105566,0.04510182949842076,0.04510182949842076,0.025242158749775014
490,24,3.476642763474883e-05,3.2062776427952407e-07,0.00018871695699645472,0.06038235878721185,0.0009663145403125115,0.21003633582708092,130,False,82,0,0,0,0,10800,11737,11594,11691,11332,11693,11430,11719,11144,11721,10306,10931,11628,10573,11630,11295,10864,11513,11394,11780,11325,11302,11374,11423,3.4613251535156574e-07,3.2062776427952407e-07,1.0179926727575021e-06,3.069996741061048e-06,1.281649671673356e-05,9.644633679344178e-07,7.752878951389901e-07,6.133181358464444e-07,1.7957988652447958e-05,1.055641972237198e-05,1.3746561024797157e-05,1.3565996513211724e-05,1.2040203264393496e-05,1.8533040855472966e-05,2.1507689106125148e-05,4.2708123401007686e-05,6.257019514504965e-05,3.029890640837508e-05,3.83106867723461e-05,0.00018871695699645472,0.00018871695699645472,7.506919870154533e-05,7.506919870154533e-05,5.101825163269986e-06,0.005445667730486799,0.21003633582708092,0.04812676697414093,0.1742558903880264,0.02180928464881212,0.06419768708326073,0.03824848772989472,0.10797264950482453,0.012364085583206898,0.07952798580480197,0.0009663145403125115,0.0049002160407842985,0.13130800943028334,0.002986214980908613,0.049607756970597744,0.027333119775769858,0.004619099015997754,0.038556185360383695,0.05966179230925184,0.1307138641299301,0.1307138641299301,0.041343343706885693,0.041343343706885693,0.023138645520627096
491,24,3.369126431553125e-05,3.216792411958388e-07,0.0001851756325904616,0.06229493999938864,0.0008857883286198023,0.19253330784149084,131,False,82,0,0,0,0,10800,11737,11594,11691,11332,11693,11430,11719,11144,11721,10306,10931,11628,10573,11630,11295,11800,11513,11394,11780,11325,11302,11374,11807,3.27927133492469e-07,3.216792411958388e-07,9.760486141765081e-07,3.0493508399729123e-06,1.219817329544656e-05,9.288967506395513e-07,7.412900657897008e-07,5.979879282596127e-07,1.704646071417518e-05,1.0210880051549418e-05,1.3007209589342556e-05,1.2850508263764747e-05,1.1816231857808831e-05,1.7546175262933294e-05,2.0630069867020295e-05,4.071063638512199e-05,6.079394721668829e-05,2.8972739367937917e-05,3.685105160934497e-05,0.0001851756325904616,0.0001851756325904616,7.183952027468344e-05,7.183952027468344e-05,4.982773787799311e-06,0.004991862086279566,0.19253330784149084,0.04411620305962918,0.1597345661890242,0.01999184426141111,0.058847879826322336,0.03506111375240349,0.09897492871275582,0.011333745117939656,0.0729006536544018,0.0008857883286198023,0.004491864704052273,0.12036567531109306,0.002737363732499562,0.04547377722304793,0.025055359794455702,0.08756750743133128,0.03534316991368505,0.05468997628348085,0.11982104211910259,0.11982104211910259,0.037898065064645214,0.037898065064645214,0.10454375839390818
492,24,3.2590025463724084e-05,3.1063980502144763e-07,0.00018114723811894616,0.06404813944388403,0.000811972634568152,0.2598221988546999,132,False,82,0,0,0,0,10800,11809,11594,11691,11332,11813,11430,11719,11144,11721,10306,10931,11628,10573,11630,11295,11800,11513,11394,11780,11325,11302,11374,11807,3.1063980502144763e-07,3.2943842567227435e-07,9.347821064631401e-07,3.0165495401720315e-06,1.1603772057002985e-05,9.163403483072138e-07,7.081506143493644e-07,5.815733804863972e-07,1.617653187004499e-05,9.85833412054654e-06,1.2307346182762001e-05,1.2171363598744067e-05,1.1560939665669883e-05,1.6610701431005976e-05,1.9765362287893632e-05,3.878182308534113e-05,5.8936564427270147e-05,2.7679696625546623e-05,3.539770039674223e-05,0.00018114723811894616,0.00018114723811894616,6.868248090336108e-05,6.868248090336108e-05,4.853563115721419e-06,0.004575873579089602,0.2598221988546999,0.04043985280466008,0.14642335233993886,0.01832585723962685,0.13727722317412883,0.03213935427303653,0.09072701798669283,0.01038926635811135,0.06682559918320165,0.000811972634568152,0.00411754264538125,0.11033520236850197,0.0025092500881245985,0.04168429578779393,0.022967413144917726,0.080270215145387,0.032397905754211295,0.05013247825985744,0.10983595527584404,0.10983595527584404,0.03473989297592478,0.03473989297592478,0.09583177852774917
493,24,3.147026151726574e-05,2.9422952807839734e-07,0.00017671156953568426,0.058710794490227015,0.0007443082483541393,0.23817034895014158,133,False,83,0,0,0,0,10800,11809,11594,11691,11332,11813,11430,11719,11144,11721,10306,10931,11628,10573,11630,11295,11800,11513,11394,11780,11325,11302,11374,11807,2.9422952807839734e-07,3.3516005109788913e-07,8.943389200879188e-07,2.972995952647142e-06,1.1033185599939092e-05,9.007994373174336e-07,6.759392753933887e-07,5.643042553316627e-07,1.534693750306246e-05,9.501778587502036e-06,1.1644898728006126e-05,1.152690288145244e-05,1.1279429439977858e-05,1.572409766869497e-05,1.891680978273988e-05,3.6922794830906336e-05,5.7019266722672205e-05,2.642255571427859e-05,3.395829105000912e-05,0.00017671156953568426,0.00017671156953568426,6.560612031991787e-05,6.560612031991787e-05,4.716180773978546e-06,0.004194550780832135,0.23817034895014158,0.03706986507093841,0.1342214063116106,0.016798702469657947,0.12583745457628476,0.02946107475028349,0.08316643315446842,0.00952349416160207,0.061256799251268174,0.0007443082483541393,0.003774414091599479,0.1011406021711268,0.0023001459141142153,0.03821060447214444,0.021053462049507914,0.07358103054993809,0.029698080274693686,0.04595477173820265,0.10068295900285704,0.10068295900285704,0.03184490189459771,0.03184490189459771,0.08784579698377007
494,24,3.0352114837792975e-05,2.786563988601077e-07,0.00017194314128331293,0.06076267272715254,0.0006822825609912943,0.2183228198709631,134,False,83,0,0,0,0,10800,11809,11594,11691,11860,11813,11862,11719,11144,11721,10306,10931,11628,10573,11630,11295,11800,11513,11394,11780,11325,11302,11374,11807,2.786563988601077e-07,3.3891941903521463e-07,8.548382310919034e-07,2.9200742637993316e-06,1.0756607354895167e-05,8.826892523573704e-07,6.613362959456017e-07,5.463896206386231e-07,1.4556357613171046e-05,9.143845417307397e-06,1.1017898935786225e-05,1.0915516555259058e-05,1.09764694554008e-05,1.4883945030119863e-05,1.808708024880349e-05,3.5134040300009755e-05,5.5061083026642846e-05,2.5203444841517482e-05,3.253931574145565e-05,0.00017194314128331293,0.00017194314128331293,6.261675879982774e-05,6.261675879982774e-05,4.5724479386531646e-06,0.003845004882429457,0.2183228198709631,0.033980709648360204,0.12303628911897639,0.0987321439305198,0.11535100002826103,0.1103393185210932,0.07623589705826271,0.00872986964813523,0.05615206598032916,0.0006822825609912943,0.003459879583966189,0.09271221865686623,0.0021084670879380307,0.035026387432799067,0.019299006878715587,0.06744927800410991,0.027223240251802543,0.04212520742668576,0.09229271241928562,0.09229271241928562,0.0291911600700479,0.0291911600700479,0.08052531390178923
495,24,2.9229079997915428e-05,2.6388169543914197e-07,0.0001669106764509902,0.055699116666556504,0.0006254256809086864,0.20012925154838285,135,False,83,0,0,0,0,10800,11809,11594,11691,11860,11813,11862,11719,11144,11721,10306,10931,11628,10573,11630,11295,11800,11513,11394,11780,11325,11302,11374,11807,2.6388169543914197e-07,3.408210045918872e-07,8.163755134342568e-07,2.859123320110552e-06,1.0460631085474296e-05,8.624063999160225e-07,6.452334241006713e-07,5.280177321043493e-07,1.3803434856113337e-05,8.786823265783031e-06,1.0424477777015187e-05,1.0335647529735515e-05,1.0656460109227454e-05,1.4087926130069665e-05,1.7278327337587516e-05,3.3415518671000515e-05,5.307890908883718e-05,2.402392377051085e-05,3.114620713014059e-05,0.0001669106764509902,0.0001669106764509902,5.9719202994921045e-05,5.9719202994921045e-05,4.42401521695582e-06,0.003524587808893669,0.20012925154838285,0.031148983844330184,0.11278326502572836,0.09050446526964315,0.1057384166925726,0.1011443753110021,0.06988290563674082,0.008002380510790628,0.05147272714863506,0.0006254256809086864,0.0031715562853023398,0.08498620043546071,0.001932761497276528,0.03210752181339914,0.01769075630548929,0.06182850483710075,0.024954636897485664,0.03861477347446195,0.08460165305101182,0.08460165305101182,0.026758563397543907,0.026758563397543907,0.07381487107664013
496,24,2.81187664926559e-05,2.4986793911541156e-07,0.00016167684168654045,0.054529745833232356,0.0005733068741662959,0.18345181391935095,136,False,83,0,0,0,0,10800,11809,11594,11691,11908,11813,11862,11719,11144,11721,10306,10931,11628,10573,11630,11295,11800,11513,11394,11780,11325,11302,11374,11807,2.4986793911541156e-07,3.409911731003664e-07,7.790252675532911e-07,2.791416708995451e-06,1.041113418063858e-05,8.403240681823463e-07,6.279034319779427e-07,5.093564139280718e-07,1.308678988576926e-05,8.432681547361093e-06,9.86286105765573e-06,9.785792795714914e-06,1.032341628811618e-05,1.3333823460911373e-05,1.6492248531754822e-05,3.176674275409866e-05,5.108760007108566e-05,2.288505805714454e-05,2.978344293232014e-05,0.00016167684168654045,0.00016167684168654045,5.6916936278240114e-05,5.6916936278240114e-05,4.272363328756638e-06,0.00323087215815253,0.18345181391935095,0.028553235190636,0.10338465960691766,0.1662957598305062,0.09692688196819155,0.09271567736841858,0.06405933016701242,0.007335515468224743,0.04718333321958214,0.0005733068741662959,0.0029072599281938115,0.07790401706583898,0.0017716980391701506,0.029431894995615878,0.01621652661336518,0.056676129434009015,0.02287508382269519,0.03539687568492345,0.07755151529676083,0.07755151529676083,0.024528683114415247,0.024528683114415247,0.06766363182025345
497,24,2.5288338909484036e-05,2.365789366794054e-07,0.00015629817920189448,0.0727614261939248,0.0005255313013191045,0.23577111317796404,137,False,83,0,0,0,0,10800,11809,11594,11691,11932,11908,11813,11862,11719,11936,11937,10306,10931,11628,10573,11630,11295,11800,11513,11394,11780,11325,11949,11807,2.365789366794054e-07,3.39571500536254e-07,7.428435634263764e-07,2.718148553678179e-06,1.058419071338499e-05,1.058419071338499e-05,8.167888035040248e-07,6.09598048325207e-07,4.905538130779839e-07,1.272495907995109e-05,8.291558314891919e-06,9.331365109059535e-06,9.26450438929134e-06,9.980962449519642e-06,1.2619517308959072e-05,1.5730139489803436e-05,3.0186852762790024e-05,4.9100087465893145e-05,2.1787486625585588e-05,2.8454646815221327e-05,0.00015629817920189448,0.00015629817920189448,5.561042349283194e-05,4.118807474032538e-06,0.002961632811639819,0.16816416275940502,0.026173798924749664,0.09476927130634118,0.23577111317796404,0.23577111317796404,0.08884964180417558,0.08498937092105037,0.05872105265309471,0.09005755584587269,0.1265847221179503,0.0005255313013191045,0.002664988267510994,0.07141201564368573,0.0016240565359059713,0.026979237079314555,0.014865149395584748,0.05195311864784159,0.020968826837470592,0.032447136044513165,0.07108888902203075,0.07108888902203075,0.10581795952154732,0.06202499583523233
498,24,3.056438041846571e-05,2.239798065396195e-07,0.00015471496161172088,0.07429691683847528,0.0004817370262091791,0.299456853746467,138,False,83,0,0,0,0,10800,11809,11594,11955,11956,11813,11862,11719,11936,11937,10306,10931,11628,10573,11630,11295,11800,11513,11394,11780,11973,11325,11949,11807,2.239798065396195e-07,3.3671285708079825e-07,7.078703864775754e-07,2.708520508666367e-06,1.0971561374081036e-05,7.921186014967817e-07,5.905469494815363e-07,4.7173942146417816e-07,1.2344791650961382e-05,8.126560848407677e-06,8.828392603758312e-06,8.770389809282222e-06,9.632337665147254e-06,1.1942983354382538e-05,1.4992944348761447e-05,2.8674681430414757e-05,4.712751176125816e-05,2.0731482829673854e-05,2.716268419634188e-05,0.0001508251929547433,0.00015471496161172088,0.00015471496161172088,5.4187699036866425e-05,3.964504424448183e-06,0.0027148300773365006,0.1541504825294546,0.023992649014353856,0.1702051653641461,0.299456853746467,0.08144550498716095,0.07790692334429616,0.05382763159867015,0.0825527595253833,0.11603599527478776,0.0004817370262091791,0.002442905911885078,0.06546101434004524,0.0014887184912471404,0.024730967322705008,0.013626386945952685,0.047623692093854794,0.019221424601014708,0.029743208040803732,0.06516481493686152,0.14849814827019486,0.14849814827019486,0.09699979622808504,0.056856246182296295
499,24,2.973837446778288e-05,2.1203699128703702e-07,0.00015256979178498707,0.07157772932415789,0.0004415922740250809,0.27450211593426144,139,False,83,0,0,0,0,10800,11809,11594,11955,11956,11813,11862,11719,11936,11937,10306,10931,11628,10573,11990,11295,11800,11513,11394,11780,11973,11325,11949,11807,2.1203699128703702e-07,3.3257033240305306e-07,6.741317824327711e-07,2.6872549248328465e-06,1.1286718567128947e-05,7.666020729755134e-07,5.709574777393176e-07,4.530252780223214e-07,1.1950834473285238e-05,7.94134837508259e-06,8.352428504023135e-06,8.302111978936197e-06,9.280408212199353e-06,1.1302290026477467e-05,1.4649615389665116e-05,2.7228811194019875e-05,4.5179363920381794e-05,1.9717009263360937e-05,2.5909752015428064e-05,0.0001453025514154759,0.00015256979178498707,0.00015256979178498707,5.26711199343097e-05,3.8104615273479045e-06,0.002488594237558459,0.14130460898533337,0.021993261596491034,0.15602140158380057,0.27450211593426144,0.07465837957156421,0.07141467973227147,0.0493419956321143,0.07567336289826802,0.10636632900188878,0.0004415922740250809,0.002239330419227988,0.06000592981170813,0.0013646586169765453,0.1060033867124796,0.012490854700456628,0.04365505108603356,0.017619639217596815,0.027264607370736754,0.05973441369212306,0.13612330258101196,0.13612330258101196,0.08891647987574461,0.05211822566710494
500,24,2.9045775229287354e-05,2.0071825893258107e-07,0.00015380055698375678,0.07950180743603362,0.0004047929178563241,0.2516269396064063,140,False,85,0,0,0,0,10800,12001,11594,12003,11956,11813,11862,11719,11936,12009,10306,10931,11628,10573,11990,11295,11800,11513,11394,11780,12020,11325,11949,11807,2.0071825893258107e-07,3.3574003174112214e-07,6.416418030452066e-07,2.7240726133431533e-06,1.153005541217229e-05,7.404984648625965e-07,5.510149296361674e-07,4.3450727903059024e-07,1.1547178243396847e-05,7.938964964473745e-06,7.902036148276894e-06,7.858388830522391e-06,8.92768564593658e-06,1.0695595675432176e-05,1.4275564361340204e-05,2.5847624161996798e-05,4.326363020754464e-05,1.874376666241819e-05,2.469746193135536e-05,0.00013976937478310595,0.00015380055698375678,0.000149933777845211,5.108120331348086e-05,3.657546951884307e-06,0.002281211384428587,0.2128625582365556,0.02016048979678345,0.2263529514518172,0.2516269396064063,0.06843684794060052,0.06546345642124884,0.04523016266277144,0.06936724932341236,0.18083580158506474,0.0004047929178563241,0.002052719550958989,0.05500543566073245,0.0012509370655618332,0.0971697711531063,0.011449950142085242,0.040017130162197434,0.016151335949463747,0.024992556756508688,0.05475654588444614,0.20811302736592763,0.1247796940325943,0.08150677321943256,0.04777504019484619
