generation,parent_idx,lineage_id,m_active,A_delta_fro,condition_number_after,shrink_applied,psd_fallback,active_js,v_norms
1,1,1,1,0.016378662789691106,1.0254766864284572,True,False,[7],[0.02988755411421021]
1,2,2,3,0.01622474657246419,1.025476686428458,True,False,"[7, 8, 16]","[0.037368112271989655, 0.037368112271989655, 0.037368112271989655]"
1,3,3,2,0.016390741764778713,1.0254766864284577,True,False,"[11, 12]","[0.02846824329835245, 0.02846824329835245]"
1,4,4,1,0.01634920789379221,1.0254766864284577,True,False,[5],[0.03251399963395315]
1,5,5,1,0.016358176106392387,1.0254766864284575,True,False,[5],[0.035526575568402365]
1,6,6,2,0.01649201644792841,1.0254766864284581,True,False,"[7, 15]","[0.039372730693130895, 0.039372730693130895]"
1,7,7,2,0.015762998906463245,1.0254766864284575,True,False,"[7, 15]","[0.03518967559479175, 0.03518967559479175]"
1,10,10,1,0.015886075550110186,1.0254766864284581,True,False,[5],[0.023071444437709834]
1,11,11,1,0.01623767969019576,1.025476686428458,True,False,[8],[0.04090826018665498]
1,12,12,1,0.015965100068862963,1.0254766864284572,True,False,[8],[0.04575253383933063]
1,13,13,1,0.015649798907090732,1.0254766864284568,True,False,[8],[0.025225635675591482]
1,14,14,1,0.016289241500497906,1.0254766864284575,True,False,[5],[0.035858521066285544]
1,15,15,1,0.015582186618697478,1.0254766864284572,True,False,[5],[0.02532969707682614]
1,16,16,1,0.015302375213914277,1.0254766864284564,True,False,[5],[0.029067659428981544]
1,17,17,3,0.016232579622190938,1.0254766864284577,True,False,"[7, 15, 16]","[0.030940750623106517, 0.030940750623106517, 0.030940750623106517]"
1,21,21,2,0.016490491227661868,1.025476686428457,True,False,"[7, 9]","[0.04009051791514645, 0.04009051791514645]"
1,22,22,1,0.015259967502818777,1.0254766864284575,True,False,[7],[0.03360528574207381]
2,1,0,1,0.016503087006921876,1.0254766864284572,True,False,[15],[0.018666899318331428]
2,2,7,1,0.015920654156767678,1.0269127047751647,True,False,[8],[0.04903043689600817]
2,4,4,1,0.01607963577896675,1.0478776282984998,True,False,[5],[0.03237347595436545]
2,5,12,1,0.015879605894573413,1.0313130383988864,True,False,[5],[0.04558637360990657]
2,6,23,2,0.015941817885984727,1.0254766864284572,True,False,"[6, 16]","[0.02732005249109023, 0.02732005249109023]"
2,7,17,2,0.013406186687421124,1.0333155853782283,True,False,"[15, 16]","[0.03844304257516002, 0.02709250810887176]"
2,8,8,1,0.01662604101895274,1.0254766864284586,True,False,[7],[0.023992436613312833]
2,9,2,1,0.014994233525241795,1.0317656197477985,True,False,[8],[0.04230400731470666]
2,10,11,1,0.016208841297535897,1.032804607494881,True,False,[5],[0.04760301522307822]
2,11,13,1,0.015863249289676425,1.0404332759787163,True,False,[16],[0.014984664519248424]
2,12,16,1,0.016251273745684247,1.0308215097398052,True,False,[7],[0.04913730130681205]
2,13,5,1,0.016331390478471174,1.0255932179639635,True,False,[5],[0.03483272449819633]
2,14,21,3,0.01657828316465406,1.0321271155129994,True,False,"[7, 9, 16]","[0.021074360230223074, 0.021074360230223074, 0.021074360230223074]"
2,15,6,1,0.016305512859350803,1.0270038116256925,True,False,[7],[0.022086104059862485]
2,16,32,2,0.034777958895094066,1.110335996409584,True,False,"[7, 16]","[0.021757326027097644, 0.021757326027097644]"
2,17,47,1,0.015474871724641803,1.0381058071503948,True,False,[5],[0.01389617955411035]
2,18,18,1,0.01557975203763622,1.0254766864284566,True,False,[5],[0.024171237612423638]
2,20,22,1,0.01611149342632419,1.0290183192727869,True,False,[16],[0.023654483341131096]
2,21,42,2,0.030874432622428928,1.0994709515497416,True,False,"[6, 11]","[0.05144931698905895, 0.05144931698905895]"
2,22,10,1,0.01611367960423815,1.0334731932128989,True,False,[5],[0.0338626903801217]
2,23,33,1,0.024561001362387706,1.0980631080692596,True,False,[6],[0.01160499061062868]
3,0,43,2,0.03743345608568138,1.1243326732994827,True,False,"[15, 16]","[0.0300789106804041, 0.0300789106804041]"
3,1,0,2,0.012939156471686416,1.035384735920623,True,False,"[7, 15]","[0.047886799127645395, 0.03644181812263571]"
3,2,51,1,0.020444624122202708,1.0567430531676796,True,False,[5],[0.04773719697580722]
3,3,19,1,0.016316774461987725,1.0254766864284577,True,False,[5],[0.024386738764172685]
3,4,7,1,0.016282478621860223,1.044424533984919,True,False,[8],[0.026581463704429285]
3,5,23,1,0.015436370796171262,1.0398567621688815,True,False,[7],[0.019992563192523224]
3,6,17,2,0.012510843325160899,1.034709965996332,True,False,"[7, 16]","[0.0369985311365434, 0.04439254727888219]"
3,7,4,2,0.012552428430676757,1.0643911112640274,True,False,"[7, 8]","[0.035829929955241153, 0.026757059596809185]"
3,9,11,1,0.016347298883615538,1.0387026121791076,True,False,[5],[0.03996060932882193]
3,10,8,1,0.014014503375389217,1.0275913401082506,True,False,[7],[0.02821532138319096]
3,12,16,1,0.016180263157028654,1.0393591908257538,True,False,[12],[0.026571854590680358]
3,13,5,1,0.01623418962581389,1.0504371833143973,True,False,[5],[0.0362141861452287]
3,14,13,2,0.01516866340863039,1.0488851417408815,True,False,"[8, 16]","[0.03168131915692962, 0.03367620976531925]"
3,16,32,1,0.015569720549106037,1.1339194144981088,True,False,[5],[0.023455658339663385]
3,17,21,2,0.016096991403419594,1.038874902728989,True,False,"[9, 12]","[0.03292056494672441, 0.03292056494672441]"
3,18,18,1,0.016052302672371108,1.0320510667935985,True,False,[7],[0.02881416787022009]
3,19,47,1,0.015900260763688508,1.0479965055583864,True,False,[5],[0.013696580600663819]
3,20,42,1,0.016012781259125298,1.101976852439208,True,False,[7],[0.037789211936567285]
3,21,44,1,0.021545386685888474,1.0686948201644415,True,False,[7],[0.04594767098091873]
3,22,22,1,0.015815528016841728,1.0364062489494987,True,False,[5],[0.04988668159069749]
3,23,10,1,0.014183629912551976,1.0360672390332593,True,False,[16],[0.03130237390655401]
4,3,19,1,0.01627073332318776,1.0262743035971156,True,False,[7],[0.026869640317290014]
4,4,7,2,0.013134827405864634,1.0552935454427692,True,False,"[7, 8]","[0.028870012866024072, 0.019667487136291954]"
4,5,23,1,0.01411158348809395,1.039864321420562,True,False,[5],[0.060751473549832076]
4,6,17,1,0.015874533068892666,1.0566397902123175,True,False,[7],[0.04761985840420235]
4,7,87,2,0.014396442598059707,1.0288229095144314,True,False,"[7, 15]","[0.057251656893431126, 0.07423008520765319]"
4,9,4,1,0.015343687018162215,1.0832115327042424,True,False,[7],[0.014483459523074754]
4,10,12,1,0.015977847858350457,1.0383262032126115,True,False,[5],[0.05341848702003844]
4,11,16,1,0.01645444568888889,1.0502756367663175,True,False,[5],[0.024322703354743826]
4,12,5,1,0.01599490012937534,1.0695029953221225,True,False,[5],[0.010939900772057755]
4,13,8,2,0.01621364729450658,1.0424360130269548,True,False,"[7, 17]","[0.0326266118084023, 0.0326266118084023]"
4,14,2,1,0.016175519862310844,1.0431089211419617,True,False,[5],[0.07113510222150661]
4,16,32,2,0.014555936872151815,1.1312609530476763,True,False,"[7, 15]","[0.03377211778621994, 0.03008209120041073]"
4,17,13,1,0.01636115516695188,1.04985688832917,True,False,[12],[0.06226614213598052]
4,18,6,2,0.011449263818891196,1.0323521440193824,True,False,"[7, 15]","[0.024975413356402285, 0.01605915016226208]"
4,19,21,1,0.016479451619150452,1.0392409861122975,True,False,[5],[0.041495203743055216]
4,20,18,1,0.016379318331076535,1.0452334384088262,True,False,[5],[0.020092069398683864]
4,21,47,1,0.01567366188600214,1.0721318543923697,True,False,[7],[0.05413581260542858]
4,22,42,1,0.015528403577701737,1.1055298628364347,True,False,[7],[0.06088917689553158]
4,23,22,1,0.01500812383514703,1.0477436107124012,True,False,[16],[0.04542958840572903]
5,0,43,3,0.013771311640391247,1.1260353394429707,True,False,"[8, 12, 15]","[0.03144004253472594, 0.03144004253472594, 0.04075581124609194]"
5,1,0,1,0.014146302600055699,1.0401922551178318,True,False,[6],[0.02882260225435081]
5,4,7,1,0.016148652334923106,1.0649802996265088,True,False,[7],[0.03177851928842682]
5,5,23,1,0.013712763270007006,1.0523695343883837,True,False,[5],[0.05562817766776706]
5,6,17,1,0.016234671958754707,1.0596824016795594,True,False,[16],[0.044230788775991924]
5,7,87,1,0.015504737252669524,1.0384440353773283,True,False,[5],[0.013225543624532845]
5,8,11,1,0.015543325575432683,1.0630724874974213,True,False,[5],[0.03885600276456477]
5,9,4,1,0.016670899748877716,1.0893875107916067,True,False,[5],[0.05222433031855058]
5,10,12,1,0.015313497643709865,1.0595166597090622,True,False,[5],[0.0671207644932301]
5,11,16,1,0.015487811244307186,1.0612339174464749,True,False,[16],[0.04192158882354908]
5,13,8,1,0.014339511220095693,1.05152778362953,True,False,[16],[0.03769182063395955]
5,14,2,1,0.01525479350133691,1.0476773732880047,True,False,[7],[0.02900890678818697]
5,16,5,1,0.016548379295047697,1.0807266142973238,True,False,[7],[0.026816566107949177]
5,17,13,2,0.01385304838636057,1.0621908436037821,True,False,"[7, 8]","[0.05881991513328272, 0.04346628855620715]"
5,18,6,1,0.015766525968182777,1.0436909974227144,True,False,[7],[0.035574545003342554]
5,19,32,2,0.015915672162722307,1.1376038348221535,True,False,"[7, 15]","[0.03567659712192187, 0.03567659712192187]"
5,20,21,2,0.015267863960163573,1.048297245553149,True,False,"[9, 16]","[0.016670005076894957, 0.034093599344660934]"
5,21,18,1,0.01516239523270285,1.06051752333127,True,False,[5],[0.03408107239784877]
5,22,47,1,0.015393598085055355,1.0727168629788064,True,False,[7],[0.07619201002385691]
5,23,42,1,0.016085279928594976,1.1184242226558387,True,False,[7],[0.038929299386420535]
6,0,43,2,0.013575503692820342,1.132362441578927,True,False,"[7, 15]","[0.04594814738541032, 0.055796086152120894]"
6,1,132,1,0.016015430016348062,1.0668178113379778,True,False,[7],[0.04514168114207986]
6,2,0,1,0.016583936315626345,1.0563814737471842,True,False,[6],[0.02853282774738146]
6,4,123,1,0.033514176690197406,1.1283940435064503,True,False,[8],[0.02879665917814556]
6,6,7,1,0.015474843934845352,1.0660816222070593,True,False,[8],[0.022104985418408506]
6,8,17,2,0.015651551735180593,1.0596972837867988,True,False,"[15, 16]","[0.03287385920312385, 0.03287385920312385]"
6,9,87,1,0.013567984652774801,1.057451504307953,True,False,[5],[0.03525283540126691]
6,10,23,1,0.014808073700878064,1.0696298529344281,True,False,[7],[0.04128261784961974]
6,11,11,1,0.016426111673543898,1.0687836413848424,True,False,[5],[0.03959393939802953]
6,12,4,1,0.01641318200863614,1.0999856189962642,True,False,[5],[0.031737154164867325]
6,13,12,1,0.015446064971653815,1.0691932549243794,True,False,[7],[0.03765905946011351]
6,14,16,1,0.015736253653881496,1.066081311733642,True,False,[12],[0.030532846119801164]
6,15,98,1,0.016669229665391454,1.0680292371247904,True,False,[5],[0.04053476601484541]
6,16,8,1,0.01646929699630019,1.0532647679920755,True,False,[17],[0.048353819519924596]
6,18,80,2,0.04526929199817907,1.150723110519525,True,False,"[15, 16]","[0.05666824999330271, 0.0453967944513278]"
6,19,5,1,0.01498772544494991,1.1011838851990046,True,False,[7],[0.04256684157877508]
6,20,13,1,0.015755779295866676,1.0768667525581468,True,False,[16],[0.042048290216411]
6,21,6,1,0.01598870839507633,1.0549805325402755,True,False,[5],[0.04890095607157577]
6,22,32,1,0.015442326764414097,1.1578104771249478,True,False,[7],[0.08106591266387429]
6,23,21,1,0.016438454231090017,1.0526981479657753,True,False,[12],[0.02341668286674802]
7,0,43,1,0.01614222247004655,1.1353085743824458,True,False,[7],[0.06445863647173597]
7,1,132,1,0.0145112608973159,1.0830482574798794,True,False,[5],[0.028067609815207693]
7,2,0,1,0.01572719624446113,1.0562913471572704,True,False,[5],[0.042527783431623944]
7,3,51,1,0.016127355500241893,1.0605403761467647,True,False,[15],[0.04320920777928022]
7,5,19,1,0.01629070860643979,1.0370826403569395,True,False,[15],[0.03977860156317813]
7,7,122,2,0.022197668678196232,1.0907515769809448,True,False,"[7, 8]","[0.09005944135590002, 0.06228703270076303]"
7,9,87,1,0.01558517123638979,1.074266895816414,True,False,[15],[0.038799467655560374]
7,10,149,1,0.07035424294002675,1.2183168026408224,True,False,[7],[0.05561081379511297]
7,11,17,2,0.011636631604168893,1.064097554543473,True,False,"[8, 16]","[0.060572340946194084, 0.04994688392393952]"
7,12,4,1,0.016095162330555322,1.1156136676291362,True,False,[5],[0.044595239033609416]
7,13,12,1,0.01410981838815991,1.086032848539964,True,False,[7],[0.04158430905193214]
7,14,23,1,0.01631595077108435,1.0757239760462831,True,False,[7],[0.043978804930500964]
7,15,11,1,0.016094282575725864,1.0718473054529412,True,False,[7],[0.01834131967788564]
7,16,8,1,0.016361455517137375,1.0667165595727153,True,False,[17],[0.06508851141421201]
7,17,2,1,0.014346629801675297,1.0663667756941162,True,False,[7],[0.06696069494366631]
7,18,16,1,0.01476638849424651,1.0664547023990556,True,False,[5],[0.03945272360835288]
7,20,13,2,0.01520211007123864,1.0857268124870691,True,False,"[8, 15]","[0.03403608107459666, 0.03403608107459666]"
7,22,5,3,0.014214984930948958,1.1088873084408677,True,False,"[7, 8, 11]","[0.11187110434642572, 0.058472585240966025, 0.058472585240966025]"
7,23,21,1,0.015421338793657015,1.0534681576136165,True,False,[16],[0.04940780141568345]
8,0,43,3,0.01149352215788236,1.1480741760824404,True,False,"[7, 8, 15]","[0.06647398798889828, 0.04986586892504953, 0.0627087910436281]"
8,1,132,1,0.013871323680273813,1.0848311893290041,True,False,[15],[0.050823319442880266]
8,2,0,1,0.015008308454925528,1.0680327705483907,True,False,[8],[0.05716070325692971]
8,3,51,1,0.014117375273847842,1.0747534800584688,True,False,[7],[0.04993975598228433]
8,4,123,1,0.014764423352396285,1.1321948328711406,True,False,[7],[0.04849386223676245]
8,5,19,1,0.0156308138315449,1.0550798572679776,True,False,[15],[0.03596910787922217]
8,8,151,1,0.020466862623703706,1.1105928535207499,True,False,[7],[0.052116938901188424]
8,9,87,1,0.014191483882909427,1.0954051746372053,True,False,[5],[0.051736529024130756]
8,10,149,1,0.015234958519881017,1.2151104585225978,True,False,[17],[0.04031894083797092]
8,11,17,1,0.015815907243765907,1.0740035818869853,True,False,[7],[0.028573122128529804]
8,12,4,1,0.016222352038039786,1.115201772489784,True,False,[7],[0.038443214967941154]
8,13,12,1,0.015655945012150018,1.0971091270926498,True,False,[5],[0.05730484283229608]
8,14,23,1,0.01629570168046328,1.0787022085556237,True,False,[5],[0.08517065686558933]
8,15,11,2,0.01586375584517635,1.089284144999764,True,False,"[7, 8]","[0.04966412217559364, 0.04330109073192293]"
8,16,8,3,0.012771931502734542,1.0696832186519565,True,False,"[7, 12, 17]","[0.054393502204964195, 0.05404498427331039, 0.09731689223321009]"
8,17,2,1,0.013772403202904938,1.0899418957140494,True,False,[7],[0.07527633421068333]
8,19,98,1,0.015606895555370991,1.0869006505683219,True,False,[7],[0.04299571210368733]
8,20,189,2,0.0501820055245817,1.219592821805568,True,False,"[6, 15]","[0.049283052316898036, 0.05230481585883897]"
8,21,13,2,0.015808653099314084,1.0955204628023825,True,False,"[12, 16]","[0.03192926377675092, 0.03192926377675092]"
8,22,80,2,0.012100379928460784,1.1509431431787605,True,False,"[7, 16]","[0.10970893971489398, 0.04519245831341852]"
8,23,5,1,0.016303177110774003,1.1136454385631456,True,False,[5],[0.024735472083916358]
9,0,43,2,0.013433460761434285,1.1693244267268013,True,False,"[7, 15]","[0.06397864608566821, 0.06924426105986109]"
9,1,132,3,0.01388715281001728,1.0828521104725757,True,False,"[8, 12, 15]","[0.04037686489941698, 0.04037686489941698, 0.07117867354439897]"
9,2,0,2,0.013699590514136528,1.0776459516487762,True,False,"[6, 15]","[0.035607961881050594, 0.024980435626916136]"
9,3,51,1,0.015786140435752792,1.0626879575423083,True,False,[5],[0.05966227744052639]
9,5,19,2,0.014982986106528444,1.056927699963616,True,False,"[15, 16]","[0.06610397957765755, 0.05612139517242256]"
9,6,198,1,0.052459668203594476,1.2113232423559037,True,False,[5],[0.02761284128915961]
9,7,7,2,0.013690891055562343,1.0688512624613602,True,False,"[7, 8]","[0.09448751234509278, 0.06776488530233919]"
9,8,122,2,0.015108737591649067,1.0988676918164848,True,False,"[7, 8]","[0.09531658734358787, 0.06647435888959806]"
9,9,151,3,0.015462328090937037,1.1208115811623443,True,False,"[7, 8, 15]","[0.061672715352227354, 0.06940649259171075, 0.06174620267027771]"
9,10,87,2,0.013689018258261923,1.092049476474705,True,False,"[7, 15]","[0.06447126763008298, 0.02971724985140761]"
9,11,149,1,0.01594131248865975,1.2348196327316938,True,False,[8],[0.09788563550389964]
9,12,17,2,0.012140241479507409,1.0676677294827366,True,False,"[8, 16]","[0.04851069760476623, 0.028542123775878392]"
9,13,210,1,0.02619856098035978,1.1133329259870994,True,False,[7],[0.052363135932177424]
9,14,12,1,0.015342493693310722,1.1116885282031945,True,False,[7],[0.053821353882998434]
9,15,23,1,0.013598786223627002,1.1015009699920406,True,False,[5],[0.05680835259770981]
9,18,8,2,0.013473766900985593,1.0686379599467344,True,False,"[16, 17]","[0.07334726323322442, 0.04220877270520344]"
9,19,2,1,0.016133065125932072,1.104551808122866,True,False,[5],[0.04553085522892874]
9,20,16,1,0.016229096038081894,1.0700684342347302,True,False,[7],[0.06990771000210433]
9,23,13,1,0.013243574973782087,1.1054148266142256,True,False,[16],[0.06054231323925964]
10,0,43,2,0.0125957921124146,1.1719639486120152,True,False,"[7, 16]","[0.07311057600870612, 0.058167059631602194]"
10,1,237,1,0.015312052678655867,1.100547791629575,True,False,[7],[0.046322909727894344]
10,2,132,1,0.015008290151082708,1.0898505684411168,True,False,[15],[0.03629481912533696]
10,4,51,1,0.015331602235954912,1.0850897585687538,True,False,[5],[0.04711640790822193]
10,5,123,1,0.015814467590844945,1.1359324734934613,True,False,[8],[0.03619291429987259]
10,6,19,1,0.01461452618683474,1.0763039380673831,True,False,[15],[0.03540872403462527]
10,8,198,1,0.015444772091574103,1.2089698718386477,True,False,[8],[0.056689876507093]
10,9,7,1,0.015004125509805958,1.0802269264396476,True,False,[8],[0.07644550192977755]
10,10,122,1,0.014966217150044253,1.1141080819360036,True,False,[5],[0.09374643486808645]
10,11,151,1,0.018167600409326398,1.1365549536262118,True,False,[8],[0.15322523128327772]
10,12,87,1,0.01532164747371427,1.1084664623387843,True,False,[7],[0.05242590669641193]
10,13,149,2,0.015197274138408962,1.247151692076119,True,False,"[7, 17]","[0.07439963322464965, 0.06319228230163595]"
10,14,17,2,0.0125903639760229,1.0693575988688686,True,False,"[15, 16]","[0.014482059342752289, 0.03386005857021978]"
10,15,210,1,0.015049195698416978,1.1330478963823098,True,False,[7],[0.06894702051376463]
10,16,12,1,0.013818706263857923,1.1093542131437608,True,False,[6],[0.03796152454094315]
10,17,23,1,0.016119206338866047,1.095009211669714,True,False,[6],[0.03528662846709046]
10,19,4,2,0.013267103281163909,1.1244095524218718,True,False,"[7, 12]","[0.050412332082191605, 0.02848918158745011]"
10,20,8,1,0.015234338415097545,1.0740799478247476,True,False,[15],[0.0774846683265304]
10,21,16,1,0.016028068405401205,1.0701973772461464,True,False,[5],[0.05246819233683451]
10,22,98,1,0.013091114738088487,1.0913413120959254,True,False,[8],[0.06923441724188592]
10,23,189,1,0.015723093287506065,1.215997026450877,True,False,[15],[0.02482986890410733]
11,0,43,1,0.01337898978885657,1.194283987967972,True,False,[15],[0.06191453193034596]
11,1,237,2,0.010920448575023266,1.1145599142214122,True,False,"[7, 15]","[0.0760102585656255, 0.07055317535311745]"
11,2,132,1,0.01456622198055048,1.100681681973331,True,False,[7],[0.05031582977582834]
11,3,0,1,0.016402302757343327,1.0824262976686059,True,False,[5],[0.06427077008804076]
11,4,51,2,0.013900242325376753,1.0821876302372122,True,False,"[7, 8]","[0.07286491759947547, 0.07019189535603729]"
11,5,123,1,0.016070803190617607,1.1435994828540073,True,False,[7],[0.034242642932528496]
11,6,19,1,0.01578603606492539,1.0769163769923886,True,False,[5],[0.03882953271221202]
11,7,247,2,0.03461517443732199,1.3113067427010892,True,False,"[8, 12]","[0.06947024484154807, 0.032581791325786875]"
11,8,198,1,0.014490653485503026,1.2176425727222027,True,False,[8],[0.061528015448151244]
11,9,7,1,0.014146164542496438,1.0915730638674823,True,False,[8],[0.07777472345996328]
11,10,122,3,0.013798933825863648,1.1116769638092758,True,False,"[7, 12, 15]","[0.07742291586105285, 0.04519204258246389, 0.06298279204479006]"
11,11,151,2,0.012002579007036903,1.1510337846694316,True,False,"[7, 8]","[0.05672258286788084, 0.12677674672276387]"
11,12,233,1,0.06240981106883898,1.319337588182739,True,False,[7],[0.06625783372007972]
11,13,243,2,0.08121505017173249,1.3129858392039628,True,False,"[6, 8]","[0.020754898088810793, 0.019341353615650488]"
11,14,87,1,0.016183623603126057,1.1111043015927644,True,False,[5],[0.09703177489935043]
11,16,17,2,0.01341928103946409,1.0701097736538396,True,False,"[8, 15]","[0.056177890242866055, 0.06040641437891968]"
11,18,12,1,0.01569194629602641,1.1334862211961854,True,False,[5],[0.06755471547465586]
11,19,258,1,0.05131803344764287,1.26552643128865,True,False,[8],[0.02897238070426051]
11,20,23,2,0.013661195351882639,1.0992014119491205,True,False,"[6, 7]","[0.07605269084221966, 0.07615176099214847]"
11,21,11,1,0.015887977821819922,1.0952766618080183,True,False,[7],[0.06431816364919499]
11,22,4,1,0.015708506088220213,1.1220306961055122,True,False,[12],[0.02868097905862472]
11,23,189,1,0.015597270998042662,1.2224385419339145,True,False,[5],[0.06397339082547804]
12,0,43,2,0.011079804340857638,1.2134292666517297,True,False,"[7, 15]","[0.0838025166356905, 0.06784322006499717]"
12,1,237,1,0.01495232094818233,1.134111709567236,True,False,[7],[0.08511108100662619]
12,2,132,2,0.012845526470288911,1.1122373183001406,True,False,"[7, 8]","[0.07123967413535502, 0.07910684497798143]"
12,3,0,2,0.015692075920042174,1.0931593331882385,True,False,"[6, 8]","[0.04534421732879766, 0.04534421732879766]"
12,4,51,2,0.010192903291865316,1.0820725547611405,True,False,"[8, 12]","[0.0587627021943719, 0.03956427586154532]"
12,5,123,1,0.015124968511531686,1.133459302994911,True,False,[15],[0.0875598040930411]
12,6,19,1,0.016045644731421314,1.0867875958604438,True,False,[8],[0.028321787118308173]
12,7,247,1,0.015281054858566324,1.3282150860160695,True,False,[8],[0.06763858134884178]
12,8,198,1,0.01305415839052558,1.2351473448643497,True,False,[8],[0.06553312951750545]
12,9,7,1,0.015541381063623887,1.1089341185938062,True,False,[7],[0.05943173438931732]
12,10,122,1,0.015329154225290182,1.1226682712555702,True,False,[7],[0.09657719287281782]
12,11,151,1,0.018590598013388516,1.1624595947381606,True,False,[15],[0.05142708103993912]
12,12,233,1,0.014505649225018345,1.3445253288440175,True,False,[5],[0.057363285087315266]
12,14,87,2,0.01211532181571496,1.1217384352408817,True,False,"[7, 15]","[0.05462464439998481, 0.031268076010604044]"
12,15,279,1,0.034816383979626324,1.3376019830687402,True,False,[7],[0.07040094398144604]
12,16,149,1,0.01567822054751217,1.2517278947490837,True,False,[7],[0.0689759621629378]
12,17,17,1,0.015437980742426409,1.08429413017985,True,False,[8],[0.03964367825261906]
12,19,12,1,0.01603332936430579,1.1543142242109645,True,False,[5],[0.0627190201472616]
12,21,23,1,0.0143153629532934,1.1154869070541371,True,False,[7],[0.07418400049374949]
12,23,189,1,0.015577290933295079,1.2258647171740764,True,False,[6],[0.03349831266852923]
13,0,43,1,0.013978566657568026,1.2361304496016858,True,False,[15],[0.07662895650521724]
13,1,237,3,0.011090375039609014,1.151523552038411,True,False,"[7, 8, 15]","[0.08826677297103722, 0.04397509133961559, 0.07083564100440833]"
13,2,132,1,0.013939048109914672,1.1171695482512094,True,False,[8],[0.08086971002604695]
13,3,0,2,0.011375792211959803,1.101662033423333,True,False,"[6, 7]","[0.054115957050698216, 0.05777984365968143]"
13,4,51,2,0.01292213608372743,1.0949246911110624,True,False,"[7, 8]","[0.08250100590998041, 0.07390648648906832]"
13,5,123,1,0.015104171393431808,1.1451291746716896,True,False,[5],[0.06900773208252037]
13,6,19,2,0.011633634179068781,1.088821880880077,True,False,"[7, 15]","[0.07463011038261463, 0.05092170041498425]"
13,7,247,2,0.013043867273126128,1.3355691281313467,True,False,"[8, 12]","[0.07384930203166239, 0.04341492390659381]"
13,8,198,1,0.01468483062590202,1.2571720996770068,True,False,[8],[0.07746855196920119]
13,9,7,1,0.014762094654411289,1.1222602614079646,True,False,[8],[0.07859935661386036]
13,11,151,2,0.016788586323059945,1.181682415362851,True,False,"[8, 12]","[0.16623874281468326, 0.07292921234138564]"
13,13,243,1,0.015257177700993628,1.3151502989479689,True,False,[7],[0.06537693511208084]
13,15,279,2,0.01692317594722311,1.3431785826312277,True,False,"[8, 17]","[0.06958535139813589, 0.04567727505605363]"
13,16,149,1,0.015332147421037157,1.278545892727847,True,False,[7],[0.07233653998427575]
13,17,17,1,0.01578994051366553,1.087782086890657,True,False,[16],[0.0357708701889867]
13,18,210,1,0.01549574287760014,1.1423148249411912,True,False,[7],[0.04629365092156191]
13,19,12,1,0.01583125021462625,1.154155650180441,True,False,[15],[0.058411603943652544]
13,20,258,1,0.01610285511524902,1.2872300013192577,True,False,[7],[0.08363081015250691]
13,21,23,1,0.016235113696329965,1.127463846785771,True,False,[5],[0.0622668721852425]
13,23,189,2,0.010888646452547076,1.2403421716026035,True,False,"[6, 7]","[0.047130884228216645, 0.04092101401685979]"
14,0,43,1,0.014483684680601941,1.2349197646529428,True,False,[5],[0.03552018230951723]
14,1,237,1,0.013310887233463976,1.1685213156096346,True,False,[15],[0.08325685443459778]
14,2,132,1,0.014173530711861056,1.1213728969042973,True,False,[8],[0.09599162103280996]
14,3,0,1,0.015835080135557903,1.1256072407055193,True,False,[6],[0.067540717781106]
14,4,51,1,0.015562527135434859,1.1138218759049061,True,False,[7],[0.08330480747235043]
14,5,123,1,0.01501937271091327,1.1515871112030678,True,False,[8],[0.04236294698221824]
14,6,19,1,0.014721005977102698,1.1029127225451798,True,False,[15],[0.04566275374811482]
14,7,247,1,0.014486869227904868,1.3365867988599243,True,False,[12],[0.05547431994232886]
14,8,198,1,0.016485605998507256,1.2397734613213014,True,False,[7],[0.09614827547366189]
14,9,7,2,0.012606195536030535,1.143403729073332,True,False,"[7, 8]","[0.06859575362094218, 0.10344971258426858]"
14,10,122,2,0.01166967488636432,1.119729635747203,True,False,"[8, 12]","[0.04392219685369746, 0.05869233263631042]"
14,11,151,1,0.017041616615175722,1.1904341443225945,True,False,[7],[0.07270117612981951]
14,12,233,1,0.015269079473631585,1.354489964667625,True,False,[7],[0.07966110120209226]
14,13,243,2,0.011399439664244193,1.3166809983962748,True,False,"[6, 7]","[0.022482281587629358, 0.06610763849622436]"
14,14,87,1,0.01478545602742685,1.128145677389265,True,False,[15],[0.04751292411907043]
14,15,279,1,0.018316556420587587,1.3624938923459422,True,False,[5],[0.07225196931547401]
14,16,149,1,0.015287942799261937,1.3063466672853281,True,False,[7],[0.08126651942429258]
14,17,17,2,0.012032414388435464,1.0945097554571064,True,False,"[8, 15]","[0.03794230878009886, 0.026667907935741173]"
14,20,258,2,0.011146460394964109,1.30095864344366,True,False,"[7, 8]","[0.08451684173435925, 0.03707210430895301]"
14,21,23,1,0.015332512401871915,1.1490881561965793,True,False,[5],[0.07766089793346688]
14,22,11,1,0.01576024368432025,1.1095445144859764,True,False,[11],[0.0688043239654681]
15,1,237,2,0.011863786104782864,1.1820808593248038,True,False,"[7, 8]","[0.0917673764257068, 0.045278101639429455]"
15,2,132,1,0.014594104473188462,1.1353032852408194,True,False,[8],[0.11287691234501902]
15,3,354,2,0.02825797327953952,1.1645677415765323,True,False,"[8, 12]","[0.058919551692039634, 0.04897817052788881]"
15,4,51,2,0.014412911038032297,1.134826342630442,True,False,"[7, 8]","[0.11095246934480894, 0.10134796474933763]"
15,6,19,2,0.01142514389227579,1.1083531205821593,True,False,"[8, 15]","[0.053464125886889834, 0.05405336106015007]"
15,7,247,1,0.014926794962410212,1.3335269259860676,True,False,[12],[0.061979926391610464]
15,8,359,2,0.03314357240998975,1.3089064728236275,True,False,"[7, 15]","[0.09800998542115806, 0.03787975511533732]"
15,9,198,1,0.014106310433055217,1.2573437294159395,True,False,[7],[0.06320603792215601]
15,10,0,1,0.01596659913006171,1.1377263063341816,True,False,[7],[0.09937946652504684]
15,11,7,1,0.01623204231404981,1.144061448866367,True,False,[8],[0.1445910027257619]
15,12,122,2,0.013374864201399808,1.1256710362407132,True,False,"[8, 15]","[0.06687361802437362, 0.05259196640115621]"
15,13,151,1,0.01600292256754262,1.1896764082782665,True,False,[7],[0.08301866601233976]
15,14,233,1,0.016241485470920337,1.3688094465737057,True,False,[5],[0.08317452598267634]
15,15,243,3,0.011614189548801732,1.3046033150184542,True,False,"[7, 8, 17]","[0.07735619004981485, 0.06952410596931691, 0.054948295695616746]"
15,16,87,1,0.015487761463441191,1.1220963675432916,True,False,[15],[0.06489074936949976]
15,17,279,2,0.017142199131462997,1.369273448170609,True,False,"[7, 8]","[0.0941617447224276, 0.06837979340593905]"
15,18,149,1,0.015243172975959987,1.3268149928032387,True,False,[7],[0.06881185404741902]
15,19,17,2,0.011756889335611264,1.0947562678206344,True,False,"[7, 16]","[0.049227717442039805, 0.01714319695913091]"
15,20,210,1,0.01564853697148391,1.1581439536025133,True,False,[5],[0.03274350148253288]
15,21,12,1,0.012845204403943293,1.175197240099413,True,False,[7],[0.07459163794340978]
15,22,23,1,0.015733587812176097,1.1527199313054102,True,False,[7],[0.12467554509928477]
15,23,11,2,0.012907682248843479,1.115623927102573,True,False,"[7, 8]","[0.04631466220265061, 0.02636669002856581]"
16,0,43,2,0.014751907358639077,1.2353728199178102,True,False,"[8, 12]","[0.05944825733691117, 0.05004565222276789]"
16,1,237,2,0.010139784113795748,1.201668154781386,True,False,"[7, 15]","[0.08818460000019246, 0.07634739816079705]"
16,2,132,1,0.014568216977665242,1.1522522872330816,True,False,[8],[0.1241766052502506]
16,3,354,1,0.01547511450871393,1.170426524276735,True,False,[5],[0.0744722414871763]
16,4,51,1,0.0154103008140812,1.1338663994879772,True,False,[12],[0.07563592967244293]
16,5,123,2,0.010133153858017628,1.1594602312433977,True,False,"[7, 8]","[0.04101453348821027, 0.04955210934670128]"
16,6,19,2,0.010831702965630751,1.107113499151728,True,False,"[7, 8]","[0.07475658058793024, 0.060197802424309395]"
16,7,247,3,0.010736879427772652,1.3437926538190652,True,False,"[7, 8, 12]","[0.09377680076209505, 0.08477643818930601, 0.07769537114889076]"
16,8,359,2,0.014287276280981243,1.3014502609172263,True,False,"[15, 16]","[0.054948826549538005, 0.06123080265187574]"
16,10,0,1,0.015293155415686238,1.1408325513706332,True,False,[5],[0.08430408107167922]
16,11,7,1,0.01577707114677796,1.149304436680749,True,False,[8],[0.14388261262925597]
16,12,122,2,0.011973646046267779,1.1285001098961074,True,False,"[7, 8]","[0.11050840823292825, 0.07326887252173325]"
16,13,151,2,0.016671595654315394,1.1916995625336313,True,False,"[12, 15]","[0.08115412637571694, 0.08115412637571694]"
16,14,233,1,0.0143859928892549,1.3864501515590428,True,False,[7],[0.06468126754528501]
16,15,243,3,0.015865259326224034,1.287177450613424,True,False,"[6, 8, 17]","[0.03753311245566546, 0.09322944311369438, 0.08364167194554355]"
16,16,87,1,0.015540318390508913,1.1306156249193222,True,False,[7],[0.08189683713839906]
16,17,279,1,0.01901552148095929,1.3843706093027046,True,False,[5],[0.03512362079332196]
16,18,149,1,0.015772142453701635,1.323144115357319,True,False,[12],[0.03220808230076562]
16,19,17,3,0.012121458648602196,1.104086030184941,True,False,"[7, 15, 16]","[0.06336969757091823, 0.06114078813924317, 0.03334066523856592]"
16,20,210,1,0.015502850615199636,1.1727391743566027,True,False,[5],[0.04200991587148561]
16,21,12,1,0.01336801989829463,1.1938974488146794,True,False,[7],[0.07869069331127752]
16,22,23,1,0.015599861573739571,1.168676958100014,True,False,[5],[0.06983032779700334]
16,23,11,1,0.015602010749379298,1.1185415732961796,True,False,[7],[0.059870137924590776]
17,0,43,1,0.014873671670248268,1.2533493027275269,True,False,[15],[0.08526140987924336]
17,1,237,1,0.015212790074999772,1.2101106933865429,True,False,[8],[0.05406519260263963]
17,2,132,1,0.014449041482403764,1.1739446708548906,True,False,[8],[0.13117668835950366]
17,3,354,1,0.014630126794861116,1.166055985565539,True,False,[8],[0.07923312211413959]
17,4,51,1,0.015361666094397132,1.1505885480600668,True,False,[5],[0.06354229667658076]
17,10,0,1,0.015901772296374694,1.1500565954206308,True,False,[7],[0.10807239384991231]
17,11,7,2,0.010681225215550146,1.1551919771054742,True,False,"[7, 8]","[0.08073992331009865, 0.14182427208051715]"
17,12,122,1,0.014915937497927719,1.1370742596582033,True,False,[8],[0.08889312646042381]
17,13,151,2,0.011969492216161625,1.197460458760737,True,False,"[7, 15]","[0.09648021975182501, 0.09831847920999971]"
17,15,243,4,0.013634919304307038,1.288398403828158,True,False,"[6, 7, 8, 17]","[0.05155947964480043, 0.08259146846632412, 0.10031913506690954, 0.09030879508395469]"
17,16,87,1,0.015239042832230765,1.1311945633336529,True,False,[15],[0.07931066993124271]
17,17,279,1,0.01796447056257498,1.4047732210975858,True,False,[7],[0.11151999976261634]
17,18,149,1,0.015776984026387844,1.3238885974382866,True,False,[12],[0.055039477297270156]
17,19,17,1,0.014578152203454419,1.1039898505881358,True,False,[8],[0.04472288252180736]
17,20,210,2,0.01342287386658231,1.180552459524759,True,False,"[7, 12]","[0.08805407895532263, 0.02198332996282328]"
17,21,12,1,0.015084486115962597,1.1980972045041391,True,False,[8],[0.034800173296998575]
17,22,23,1,0.01543412461003178,1.173422252464448,True,False,[7],[0.1361073143040364]
17,23,11,1,0.0156693338022275,1.1321932555859135,True,False,[7],[0.07177568047754034]
18,0,43,1,0.015085790866619046,1.270749063710049,True,False,[15],[0.09923929951580021]
18,1,237,2,0.011533349883600403,1.2250206876886498,True,False,"[7, 8]","[0.08331523989341402, 0.06694927585196979]"
18,2,132,1,0.014513992775275734,1.1834910955828746,True,False,[7],[0.08130823166987527]
18,3,354,1,0.013767164820820972,1.1835762375926773,True,False,[7],[0.06439745089769676]
18,4,51,1,0.015168175461507635,1.171525572863743,True,False,[5],[0.08471573961411592]
18,5,123,1,0.014687405749454567,1.1727875214159262,True,False,[8],[0.07248079781570851]
18,6,19,1,0.015009352961786161,1.1207757651898365,True,False,[15],[0.06230185911212845]
18,7,247,1,0.014996829720175249,1.3400301176890992,True,False,[12],[0.09687930992602371]
18,8,359,1,0.015319643974463684,1.3074421788591675,True,False,[5],[0.04975060505969047]
18,9,198,1,0.014412884442669463,1.2796908665152373,True,False,[8],[0.10291761791797123]
18,10,0,3,0.012226465746881614,1.1529855136185299,True,False,"[6, 7, 16]","[0.030016392382315002, 0.10365151171290453, 0.030016392382315002]"
18,11,7,1,0.01312398393533807,1.1549459926932253,True,False,[7],[0.0699780723627831]
18,12,122,2,0.012149446670977476,1.1454535943533508,True,False,"[8, 15]","[0.08784572199712187, 0.0821940308492018]"
18,13,151,1,0.014878210943963074,1.215775478943177,True,False,[17],[0.08808544242247528]
18,14,422,2,0.04158576913900168,1.479361328759206,True,False,"[7, 15]","[0.05950872446202016, 0.07055062735454014]"
18,15,233,1,0.015189835209161546,1.3916652850119131,True,False,[12],[0.03798047903033553]
18,16,243,2,0.009583723525408637,1.2943549289368776,True,False,"[7, 8]","[0.07207212386905375, 0.0670344667076585]"
18,17,87,1,0.014636074447963346,1.152873298845662,True,False,[7],[0.09992324049477838]
18,18,279,1,0.016926279601126474,1.4225976606459947,True,False,[7],[0.09834705632744732]
18,19,149,1,0.013927518767390502,1.3516115717696149,True,False,[7],[0.06115889428214235]
18,20,17,1,0.015195473062014742,1.1174987141728954,True,False,[16],[0.05556556922162513]
18,21,210,1,0.014501410531639619,1.2041572839351986,True,False,[5],[0.08331945508278543]
18,23,11,1,0.015798548410061466,1.1505190904668179,True,False,[7],[0.08578258215735883]
19,0,43,1,0.014632456883968128,1.2924136204595267,True,False,[15],[0.1014688956285598]
19,1,237,2,0.009743291912912011,1.2250704274939912,True,False,"[8, 15]","[0.06168634790387148, 0.08411414484813003]"
19,2,132,1,0.014451761475334298,1.1863252954430257,True,False,[15],[0.058524911108124265]
19,3,354,1,0.01532666375596323,1.171374148761704,True,False,[12],[0.05964852555423588]
19,4,51,2,0.010309441864040049,1.1812504609905479,True,False,"[7, 12]","[0.12571349446822824, 0.08100725284422201]"
19,5,123,1,0.013928552498638462,1.1868105469706547,True,False,[7],[0.054836246037376773]
19,6,19,2,0.01251899631443926,1.1171036734530426,True,False,"[7, 8]","[0.08873453227476502, 0.08249039241912176]"
19,7,247,2,0.013723753533364995,1.3643476869673283,True,False,"[8, 12]","[0.09974312162663942, 0.0960116607133016]"
19,8,359,1,0.015505736723786356,1.3105389112649861,True,False,[6],[0.0196855938427943]
19,9,198,1,0.015612162371716863,1.2844927495588276,True,False,[7],[0.07754775437822513]
19,10,0,1,0.01553172887353023,1.1644810237726728,True,False,[7],[0.11104855126073998]
19,11,7,1,0.015660011110325913,1.1742096790767873,True,False,[5],[0.05662713666057322]
19,12,122,2,0.013065664898667896,1.1553887352337362,True,False,"[8, 15]","[0.11548349935723425, 0.11252298397340244]"
19,13,151,1,0.015757531020986287,1.2283763904913065,True,False,[7],[0.11313976817442663]
19,14,422,1,0.014563683158456587,1.5054727975223017,True,False,[7],[0.06263384107897324]
19,16,243,4,0.010008401504264347,1.2909143602265842,True,False,"[6, 7, 8, 17]","[0.07084117546324853, 0.09508601976872932, 0.0835679286031898, 0.09813153451889665]"
19,17,87,1,0.01311511302375643,1.1510353281984864,True,False,[15],[0.06060175116743677]
19,18,279,2,0.012185844032650757,1.4294456642777544,True,False,"[7, 17]","[0.10441764607121659, 0.05012457641059199]"
19,19,149,1,0.015130797362059223,1.35527884490683,True,False,[5],[0.061968049865256246]
19,20,17,1,0.014891051432138702,1.1399671414943462,True,False,[16],[0.07090176697142195]
19,21,210,1,0.014554676691580315,1.2300295474295762,True,False,[5],[0.08703093822514793]
20,0,43,2,0.010372220734593925,1.304878103807069,True,False,"[12, 15]","[0.06828635651318311, 0.09583434158762222]"
20,1,237,3,0.00905201627686079,1.2360499193866294,True,False,"[7, 8, 15]","[0.08849396553959997, 0.07067132891962237, 0.08841839130092487]"
20,2,132,1,0.015072152659911334,1.186209935615783,True,False,[5],[0.06513673750097544]
20,3,354,1,0.014450039340330019,1.1709682816903846,True,False,[8],[0.08890498877378718]
20,4,51,1,0.01568694782359925,1.1758803706287855,True,False,[15],[0.04326171532748717]
20,6,19,1,0.013670503516175934,1.118447496462328,True,False,[8],[0.09154250400332305]
20,7,247,1,0.014174960968932657,1.3817628359872918,True,False,[12],[0.08546045251871061]
20,8,359,1,0.014780172591648896,1.3025451927760854,True,False,[15],[0.07703726387174127]
20,9,198,2,0.010741199982445146,1.3027376258340302,True,False,"[7, 8]","[0.08539073792905372, 0.10482809019177386]"
20,10,0,1,0.015861346965745603,1.1635613160135028,True,False,[6],[0.033224660322519764]
20,11,7,2,0.009990197730476576,1.182543155293985,True,False,"[7, 8]","[0.08076355269003228, 0.13164965934933603]"
20,12,122,1,0.014566469885583007,1.172372571166241,True,False,[5],[0.08765193200277252]
20,13,151,1,0.01756694216200063,1.230943432568971,True,False,[5],[0.07502161059626072]
20,15,233,2,0.012444315984414155,1.400717986234129,True,False,"[7, 15]","[0.08782167277546027, 0.056077850926031826]"
20,16,243,2,0.013952696201250269,1.289473459971595,True,False,"[6, 7]","[0.07765398113044929, 0.09741187372017991]"
20,17,87,1,0.01525379846174937,1.16539712473378,True,False,[5],[0.038930875210984185]
20,18,279,1,0.016973542344538,1.4438883136023575,True,False,[7],[0.10616265272095426]
20,19,149,1,0.016249838484344113,1.337283689022723,True,False,[12],[0.06068050339266872]
20,20,17,2,0.010269842892595747,1.1509098288919497,True,False,"[7, 15]","[0.08116140148447278, 0.07495180762029575]"
20,21,210,1,0.015353950019023264,1.231303745060009,True,False,[12],[0.049310445125342245]
20,23,11,1,0.015161597448688103,1.176257514575121,True,False,[7],[0.08224951643209581]
21,0,43,3,0.00983723912146169,1.3195167103801877,True,False,"[7, 8, 15]","[0.08636306615721054, 0.08346352049902953, 0.10875879615079738]"
21,1,237,1,0.014111676887853834,1.2393653393019748,True,False,[15],[0.08757522473078304]
21,2,132,2,0.013155606348489229,1.2022230719828897,True,False,"[8, 12]","[0.15311279343072556, 0.05118390490595869]"
21,3,354,1,0.014445343398991936,1.1941856355652427,True,False,[7],[0.08293039695190461]
21,4,51,3,0.009792509548187498,1.1766587273214062,True,False,"[7, 12, 15]","[0.11737824577323111, 0.10803251960525416, 0.07271663648196329]"
21,7,247,1,0.014838446054155541,1.411056437096844,True,False,[8],[0.10559295604299254]
21,11,7,2,0.009889250813623693,1.1943980975662856,True,False,"[7, 8]","[0.08453555254829748, 0.12023574223369109]"
21,12,122,2,0.009914082769912924,1.1758689915586429,True,False,"[7, 15]","[0.1272211654785277, 0.12862097751546014]"
21,13,494,1,0.023512405255870124,1.5796975966290279,True,False,[15],[0.10207624967658038]
21,14,151,1,0.013951065457927642,1.248110549165661,True,False,[7],[0.10213331804429067]
21,15,422,1,0.015483122309386305,1.5299336782719817,True,False,[5],[0.08180899947341277]
21,16,485,1,0.03974964472679321,1.2813560488176263,True,False,[8],[0.08705017992895893]
21,17,243,2,0.013612237135386644,1.307806769533971,True,False,"[7, 8]","[0.10349756850068427, 0.06575837353971523]"
21,18,87,2,0.010130141264041837,1.1686885195265526,True,False,"[7, 15]","[0.10673860795647964, 0.056621857987965346]"
21,20,149,1,0.013096080549025332,1.3601482560110145,True,False,[5],[0.04936880439280973]
21,21,17,3,0.011557286932413983,1.1624731469119773,True,False,"[7, 8, 15]","[0.07819008584992235, 0.05035763240593639, 0.02316765303045518]"
21,23,210,1,0.01571676110019424,1.2522787156659436,True,False,[5],[0.07197739930867547]
22,0,43,1,0.014653113217467182,1.3233022669298367,True,False,[8],[0.10582256814657046]
22,1,237,2,0.0105919110636028,1.251736779496103,True,False,"[7, 8]","[0.08639458165660893, 0.07143057997389046]"
22,2,132,1,0.014569970128396238,1.2128565946755958,True,False,[15],[0.07615666229275769]
22,3,354,2,0.011998631836703563,1.1975952023912115,True,False,"[8, 12]","[0.10315607454708543, 0.07565932950059506]"
22,5,123,1,0.01433309540205857,1.2072247041398827,True,False,[7],[0.08214678541731485]
22,6,19,2,0.012544593077923652,1.1226051604126959,True,False,"[8, 15]","[0.10411452456848207, 0.09600766857335365]"
22,7,247,3,0.011490047355295543,1.4274231967934625,True,False,"[7, 8, 12]","[0.09486351142954046, 0.11641384932752172, 0.09399376401553551]"
22,8,359,2,0.011537063791001447,1.3172267382681362,True,False,"[7, 16]","[0.0924347856623446, 0.05364046439479618]"
22,9,198,2,0.010719677625271285,1.324849279628195,True,False,"[7, 8]","[0.09162556277435102, 0.09696171965457631]"
22,10,523,1,0.024601681143662582,1.5047133791533822,True,False,[5],[0.11930370208563541]
22,11,0,2,0.012505407639878499,1.1684609647614461,True,False,"[6, 16]","[0.021548596014372937, 0.0555700673741929]"
22,12,7,1,0.014310525683318432,1.1959524937443866,True,False,[7],[0.12149274355616745]
22,13,122,1,0.013941383032819447,1.1988932908680359,True,False,[5],[0.10936809505633519]
22,16,485,2,0.01177587239177466,1.2864575340784643,True,False,"[7, 8]","[0.10119282312344495, 0.09969661052159115]"
22,17,243,3,0.009861925853236541,1.3125730434649003,True,False,"[6, 7, 17]","[0.04005632295136304, 0.0925389340207008, 0.03188470397348759]"
22,18,87,2,0.01035964482380892,1.1788032652553837,True,False,"[7, 15]","[0.099082698205751, 0.0609186459989532]"
22,19,279,1,0.018159940690458752,1.4574127488124782,True,False,[5],[0.10240708882816946]
22,20,151,2,0.013456701024828191,1.2664642448259766,True,False,"[7, 8]","[0.08367919525338015, 0.048026151296040355]"
22,21,422,1,0.014791550417224745,1.5585413285592575,True,False,[7],[0.09770968711349591]
22,22,233,1,0.015617152220388926,1.4107721508849163,True,False,[12],[0.047876952582335326]
22,23,210,1,0.015231185661943356,1.2740472594505512,True,False,[5],[0.06786507475931654]
23,0,43,2,0.011613892664311282,1.3395028775588143,True,False,"[8, 15]","[0.11731957771893982, 0.11147848370090399]"
23,1,237,2,0.008958409734689574,1.2654765699410198,True,False,"[7, 15]","[0.07676429986281523, 0.08267747508826048]"
23,2,132,1,0.014512966585583069,1.2198297611409208,True,False,[5],[0.07235784424607043]
23,4,51,2,0.010410190050245023,1.1844988688633884,True,False,"[8, 15]","[0.09186959859377647, 0.07913720210234126]"
23,5,123,3,0.00940929316556254,1.209236522055431,True,False,"[7, 8, 15]","[0.09133704338525843, 0.08481563151014648, 0.1039275236108271]"
23,6,19,1,0.013942009215347367,1.1232680671529536,True,False,[12],[0.03677629939425126]
23,7,247,2,0.013881240771367091,1.428264481466941,True,False,"[7, 12]","[0.11383257359816909, 0.11120836484408206]"
23,8,359,2,0.012281751969970571,1.3303893096651875,True,False,"[15, 16]","[0.08615459740027674, 0.06685501367563175]"
23,9,198,1,0.01470395389657391,1.340786075791414,True,False,[7],[0.09394884181836305]
23,10,523,1,0.02231921041532802,1.5056242460604132,True,False,[15],[0.08399096375727111]
23,11,0,1,0.013186721950562752,1.1690329871389695,True,False,[7],[0.09818924097730297]
23,12,7,1,0.014641824350458847,1.2142225964095887,True,False,[8],[0.09729886227946498]
23,13,122,3,0.011573277405428826,1.2023177370347593,True,False,"[8, 12, 15]","[0.028408057508873916, 0.09667376273660175, 0.1177667983200048]"
23,14,494,1,0.015102217528945003,1.604239555293353,True,False,[5],[0.09538114479263217]
23,15,526,1,0.016956151678411132,1.461458271311679,True,False,[8],[0.1018112548235582]
23,17,243,2,0.01068410467170383,1.3147663587030616,True,False,"[8, 17]","[0.0727692153558169, 0.031082439193622677]"
23,18,87,1,0.013599435059605225,1.1779313494257024,True,False,[15],[0.07384877658238403]
23,19,279,2,0.016591135055659057,1.4623386810110595,True,False,"[7, 15]","[0.08836026160706291, 0.0913139670936727]"
23,20,151,2,0.014150115175395071,1.270702634279564,True,False,"[7, 15]","[0.10903153759941592, 0.09512438973603701]"
23,21,422,1,0.014376435041583114,1.5864770585079475,True,False,[7],[0.09358351697752278]
23,22,233,1,0.014944377973061506,1.4283052602989634,True,False,[7],[0.12946350307789303]
23,23,210,1,0.015065145769398674,1.2834652579891215,True,False,[7],[0.08975290269635725]
24,0,43,2,0.011960985474039279,1.3574193735088238,True,False,"[8, 15]","[0.12004042899336444, 0.10974966261355293]"
24,1,237,2,0.010672003538561358,1.2839148407089722,True,False,"[7, 15]","[0.101213011024153, 0.11873937005162874]"
24,2,132,2,0.010865441821921371,1.2370143495451287,True,False,"[8, 15]","[0.1325587521160182, 0.07744419225337625]"
24,3,354,1,0.014776388674177594,1.1971011498969883,True,False,[5],[0.08122197269990968]
24,4,51,1,0.013742364445536552,1.1779256802537397,True,False,[12],[0.12289806704613851]
24,6,19,1,0.01579500363114914,1.1275996081882182,True,False,[15],[0.07929034527066174]
24,7,247,1,0.01415472330955836,1.4566741447206581,True,False,[8],[0.09591237546941364]
24,8,359,1,0.015208270344220043,1.3421146604172352,True,False,[5],[0.04333639428448965]
24,9,198,1,0.01522933373967078,1.35410183088826,True,False,[7],[0.08877763987919642]
24,10,523,2,0.01637184848365024,1.5076802121484572,True,False,"[7, 17]","[0.11916455170150433, 0.07623856806734428]"
24,11,0,1,0.014691662319923672,1.1624334364405071,True,False,[8],[0.1308552518954398]
24,12,7,1,0.014949477584668708,1.2339034241089843,True,False,[8],[0.10979546710785586]
24,13,122,1,0.013579535898922124,1.202262983735651,True,False,[12],[0.10626858370087529]
24,14,494,1,0.014982956372441973,1.6324204066574395,True,False,[5],[0.09752963550625733]
24,15,526,1,0.014788164069487315,1.4795703919750685,True,False,[7],[0.10112064155527284]
24,17,243,1,0.015476996748658841,1.3099199619811177,True,False,[17],[0.036135218795995114]
24,18,87,1,0.015019795418494034,1.1968476434456699,True,False,[5],[0.07488660427893468]
24,19,279,1,0.016802382043231277,1.4878664528067838,True,False,[5],[0.1177379493335494]
24,20,151,1,0.016769611310224402,1.2696786950258954,True,False,[15],[0.12342456329663515]
24,21,422,1,0.01281979513602795,1.624287854807296,True,False,[5],[0.07940900604304889]
24,22,233,1,0.015597235086179852,1.4446738056662523,True,False,[12],[0.0637321055610007]
24,23,210,1,0.014434836820629113,1.2993390238038793,True,False,[7],[0.0853832617315733]
25,0,43,1,0.015267851294602695,1.358388233901065,True,False,[5],[0.03941454241787228]
25,1,237,2,0.00913583839581768,1.291761470052797,True,False,"[8, 15]","[0.07786207794637094, 0.11974978662777563]"
25,3,354,1,0.014994658954572875,1.205416364815732,True,False,[12],[0.08390108722884765]
25,6,19,1,0.015357837493732646,1.1436509258621839,True,False,[15],[0.07646660819744687]
25,7,247,1,0.014044253615269262,1.482589781986079,True,False,[8],[0.09137685702776065]
25,8,359,1,0.015062631136085929,1.3436622198848502,True,False,[6],[0.03704792471006237]
25,10,523,2,0.014353553799671785,1.5018805966426971,True,False,"[12, 17]","[0.09092672015449614, 0.08846097272782688]"
25,11,0,1,0.014940822999616691,1.168225819649673,True,False,[6],[0.03371295460073215]
25,12,7,1,0.014462577025200356,1.2596877369319401,True,False,[8],[0.09632027439468026]
25,13,122,1,0.014509153230641175,1.20861172935445,True,False,[8],[0.02486980155157879]
25,14,494,1,0.012466248452538178,1.6607922872170555,True,False,[7],[0.11411570449492377]
25,15,526,1,0.014420942221654716,1.5019856382142287,True,False,[7],[0.09841650251015038]
25,16,485,1,0.015187102158582468,1.276586001583206,True,False,[17],[0.09957645386134704]
25,17,243,2,0.011529201208992394,1.3112791665141204,True,False,"[6, 17]","[0.05543325488223079, 0.046020012685593324]"
25,18,87,1,0.014810095928074191,1.210558974455915,True,False,[7],[0.10123592729324919]
25,19,279,1,0.01558012056769056,1.4845169095175743,True,False,[8],[0.07151485636820287]
25,20,151,1,0.015481786877081133,1.2895408397479877,True,False,[5],[0.07982639142263392]
25,21,422,1,0.014579329338458916,1.6523158137820813,True,False,[7],[0.09687754289393388]
25,23,210,1,0.015223864613077558,1.2939592005777782,True,False,[12],[0.053449479950818043]
26,1,237,1,0.011428199146446159,1.3014061564810004,True,False,[15],[0.11622215394197474]
26,2,132,2,0.009668465482600808,1.2520843895682363,True,False,"[8, 15]","[0.11737117841624715, 0.09702630323284649]"
26,5,123,1,0.014828131706896164,1.2072984726612035,True,False,[12],[0.032748435354290915]
26,9,198,1,0.012057388876814838,1.3784111926391158,True,False,[8],[0.09175814847713781]
26,10,523,1,0.01862318913521073,1.496349346769589,True,False,[12],[0.12536491850147377]
26,11,0,2,0.012123044465946581,1.1726979865507232,True,False,"[6, 7]","[0.050022174159054834, 0.11262927120765341]"
26,12,7,1,0.014272998226381065,1.2863908691052468,True,False,[8],[0.09037305321374658]
26,14,494,1,0.012887953623326398,1.689597887617323,True,False,[7],[0.12136473797526268]
26,15,526,2,0.010718017489629656,1.5209456381833675,True,False,"[7, 12]","[0.07342690191335405, 0.060975021394349724]"
26,16,485,3,0.011488208718766397,1.2938412450038075,True,False,"[8, 15, 17]","[0.09312322163965436, 0.09640356921439142, 0.11248197361251697]"
26,17,243,1,0.013948248206766907,1.3285208959777393,True,False,[7],[0.087289567389285]
26,18,87,2,0.011557142439262633,1.21445938014127,True,False,"[7, 15]","[0.10554845722676584, 0.0954573235065317]"
26,19,279,1,0.01569622178252957,1.5172668302534154,True,False,[5],[0.10927758694683246]
26,20,151,1,0.016619998404187097,1.3055923376625906,True,False,[7],[0.11788800660027157]
26,21,422,1,0.013749202729354539,1.6870193983503579,True,False,[7],[0.0916413408030113]
26,22,233,1,0.014935267577260202,1.4646837428463766,True,False,[7],[0.11932905103323381]
26,23,210,1,0.014336666583844077,1.2959359994805952,True,False,[12],[0.06948303785729061]
27,1,631,1,0.053419974054161525,1.4530599493665717,True,False,[5],[0.05419677543768652]
27,2,354,1,0.014353196491906431,1.2190418120637874,True,False,[7],[0.09981152046682959]
27,3,51,2,0.01226379051584737,1.182124364074381,True,False,"[8, 12]","[0.10763727835062592, 0.10638246191995808]"
27,4,123,1,0.01472962639249117,1.20818545895841,True,False,[5],[0.09375984940129953]
27,5,19,1,0.013497855144932958,1.146625905832923,True,False,[7],[0.0877811843585283]
27,6,237,2,0.008827144193760366,1.3175835939066578,True,False,"[7, 15]","[0.07181963483344557, 0.08900301348501352]"
27,8,523,2,0.017041560104142695,1.4878826317363176,True,False,"[8, 15]","[0.1257752122183454, 0.11791260558452407]"
27,9,0,1,0.01475673783215866,1.1765435993174167,True,False,[6],[0.02774952626843953]
27,11,122,3,0.010237819513973408,1.2241562881337156,True,False,"[7, 8, 15]","[0.1498814191404841, 0.13649699838873497, 0.09768852923529792]"
27,13,526,1,0.013130652612184083,1.5418059198708798,True,False,[5],[0.1266964670693081]
27,15,359,1,0.014522430944337299,1.3633030988581034,True,False,[5],[0.08956065277480903]
27,16,198,1,0.011781032828649425,1.4050012571282189,True,False,[8],[0.0952635593141979]
27,17,243,2,0.0122379002809924,1.3338314623134688,True,False,"[6, 17]","[0.052261973123107, 0.049764762196881224]"
27,18,87,1,0.014686040656284866,1.2146264439295014,True,False,[15],[0.10932293785677373]
27,19,279,2,0.014369519676524911,1.54725201824403,True,False,"[7, 17]","[0.10534634835273636, 0.044696904140449994]"
27,20,627,2,0.03542750119933869,1.3102848595752146,True,False,"[7, 8]","[0.11031313426378822, 0.05891351220112019]"
27,21,151,2,0.013327821933798428,1.3289951836415845,True,False,"[7, 15]","[0.10060679498352948, 0.049040241954735685]"
27,22,422,1,0.015275215414350627,1.6841565836412111,True,False,[15],[0.0449393786279275]
27,23,485,2,0.013389981647513666,1.2907133902434806,True,False,"[7, 8]","[0.10788074764609604, 0.06524226903824652]"
28,0,43,1,0.012699304871264503,1.389528788018577,True,False,[15],[0.10671312178537767]
28,1,631,2,0.01091262388897155,1.4537193649440043,True,False,"[7, 15]","[0.11698854103737305, 0.1310779968487839]"
28,2,354,1,0.014227191918917545,1.241524647120611,True,False,[7],[0.10773451648480525]
28,3,51,1,0.015359768894314788,1.195181807235086,True,False,[5],[0.09105707618512075]
28,4,123,1,0.014838746319200161,1.2106783877536795,True,False,[8],[0.09234049726896287]
28,6,237,1,0.013951540115017097,1.3204246473126005,True,False,[8],[0.10695347958863229]
28,7,132,1,0.014434698700709408,1.2550896237869609,True,False,[7],[0.1047710013460096]
28,8,523,2,0.019076168730843307,1.4794329075054262,True,False,"[8, 15]","[0.13534142532177668, 0.1433150251581275]"
28,9,0,1,0.014715087831363848,1.1772349906670803,True,False,[7],[0.08521902347862582]
28,10,7,1,0.015294909210111497,1.2863124327024282,True,False,[8],[0.052652372343690204]
28,11,122,2,0.012235034209123658,1.247032187230577,True,False,"[7, 8]","[0.16130072585351912, 0.14817709509989957]"
28,12,494,3,0.008393457750309728,1.7049906475222936,True,False,"[7, 8, 12]","[0.11147094806794812, 0.09125865091549519, 0.047628590360978176]"
28,13,526,1,0.01575166497644227,1.515008897089672,True,False,[11],[0.05947702261521434]
28,14,19,2,0.013221356345184503,1.156641132137316,True,False,"[8, 15]","[0.051277316746307595, 0.10136203856859137]"
28,15,247,1,0.015314687801208891,1.4946328328742722,True,False,[8],[0.1204867566870445]
28,16,359,2,0.01332645679204011,1.3798066165727958,True,False,"[6, 7]","[0.09300250501734186, 0.11616121925153942]"
28,17,198,1,0.015245744594948886,1.411931934180286,True,False,[5],[0.06271881010852139]
28,18,243,3,0.01246098339044673,1.3220781609600012,True,False,"[7, 8, 17]","[0.10823318154132179, 0.029290877817947016, 0.06593032671387168]"
28,19,87,1,0.012827387103819183,1.2426922184968061,True,False,[5],[0.11714342148458821]
28,23,485,2,0.01082222137184856,1.2873569397021731,True,False,"[7, 17]","[0.10308439415394328, 0.02704254244649465]"
29,0,43,1,0.014016303678381954,1.3885518810105772,True,False,[16],[0.06650172858116928]
29,1,631,1,0.011533234779615898,1.4574195945472694,True,False,[15],[0.14009415773977268]
29,2,354,1,0.014818533400718118,1.2439603565814266,True,False,[5],[0.07517624173234731]
29,3,51,1,0.01293461629700358,1.202741072281442,True,False,[8],[0.1293994037946951]
29,4,123,1,0.014903418888461667,1.2115006760596803,True,False,[5],[0.10686126703648931]
29,5,662,1,0.030530180795452982,1.5331513666703465,True,False,[5],[0.08649692252685236]
29,6,237,1,0.014118473136771557,1.331226321365128,True,False,[5],[0.05863474342247139]
29,7,132,1,0.014772884303240101,1.2652340221045644,True,False,[5],[0.04541354641441157]
29,8,523,3,0.01602984710835324,1.4725345556606482,True,False,"[7, 8, 15]","[0.0778769726354308, 0.1256822827144412, 0.13351987121244377]"
29,9,0,1,0.013944514210014147,1.176400606548501,True,False,[6],[0.028258860438497575]
29,10,7,1,0.014669552744654412,1.2888736589074616,True,False,[7],[0.1238808884970857]
29,11,122,2,0.010689791269899001,1.2470254683504998,True,False,"[12, 15]","[0.08140137729631162, 0.12898502255166253]"
29,12,494,1,0.011860682677810005,1.702250328698325,True,False,[15],[0.17426283615117824]
29,13,526,1,0.013718903297313859,1.5140876011700437,True,False,[8],[0.038411075383363455]
29,14,19,1,0.014121068501529065,1.1568951624092447,True,False,[7],[0.12116791417756226]
29,15,677,1,0.02271162550260476,1.6055150366214008,True,False,[12],[0.09610960965339851]
29,16,359,3,0.010248844373495226,1.3914271403614633,True,False,"[6, 7, 15]","[0.09638959267531572, 0.11747455040454784, 0.10690560030858301]"
29,17,198,1,0.01381374634428518,1.4240053354218325,True,False,[7],[0.0899350478907635]
29,18,243,2,0.015421609148973472,1.3023586339183084,True,False,"[8, 17]","[0.055557847851558415, 0.08188496301894442]"
29,19,87,1,0.013667807681056549,1.2429438973877514,True,False,[15],[0.088409040969183]
29,20,279,1,0.01607615297911563,1.5675545212701698,True,False,[7],[0.1038205492477809]
29,21,658,1,0.04540055971475152,1.3966368087838932,True,False,[8],[0.06246269948268889]
29,22,627,2,0.009198487319031735,1.3126537865772343,True,False,"[8, 12]","[0.07955453223481394, 0.07255092531397762]"
29,23,247,2,0.013965884866051334,1.4907545474756072,True,False,"[7, 8]","[0.10945691006469327, 0.0819559298614189]"
30,1,631,1,0.01323081604486408,1.465541544186113,True,False,[8],[0.07432305741900724]
30,2,354,1,0.014336683978794312,1.2551791623119242,True,False,[12],[0.061952251885758924]
30,3,51,3,0.00885360599680756,1.216328288453241,True,False,"[7, 8, 12]","[0.08044064039706636, 0.1326858729478351, 0.1142297636405502]"
30,4,123,2,0.012876241048180793,1.217598237640066,True,False,"[7, 17]","[0.13792857557017216, 0.056142879050624886]"
30,5,662,1,0.014553094617850199,1.530530988758135,True,False,[5],[0.08115845166638411]
30,6,237,1,0.013385980670379698,1.3495850767926383,True,False,[5],[0.07752533270161138]
30,7,132,2,0.012096504741871012,1.2713943669783259,True,False,"[7, 8]","[0.11746092967621166, 0.09830279182447413]"
30,8,523,2,0.021521952963240592,1.456250973316501,True,False,"[8, 15]","[0.16324848357651317, 0.17021042287872565]"
30,9,0,1,0.014730295386526093,1.1802149640068065,True,False,[7],[0.09556793606215318]
30,11,122,1,0.012100653945076143,1.2701434838589436,True,False,[7],[0.16292030247367034]
30,13,526,1,0.012586995853203173,1.5363855407159246,True,False,[7],[0.1228750917493974]
30,14,19,1,0.013334629286177995,1.1650735490508677,True,False,[7],[0.13557747638576156]
30,15,677,2,0.012182178296018068,1.6156655294459656,True,False,"[7, 8]","[0.08737125280092806, 0.12036336121910107]"
30,16,359,1,0.014049000920975397,1.4155898726966996,True,False,[7],[0.10758419812306534]
30,18,243,3,0.010020007535867018,1.3042723075599694,True,False,"[6, 7, 15]","[0.03560770109734062, 0.1099183364050683, 0.11513262524215516]"
30,19,87,1,0.013350843284450499,1.2431849084693138,True,False,[15],[0.07900963539978366]
30,20,279,2,0.01463045419296939,1.5497177127763762,True,False,"[8, 15]","[0.07997447650186736, 0.15821208524008362]"
30,21,658,1,0.014149013751122506,1.3946841092325573,True,False,[7],[0.10814329101928231]
30,22,627,2,0.01335835171332262,1.3023373051363496,True,False,"[7, 8]","[0.12499555263302622, 0.08494929033201234]"
30,23,247,1,0.01466735000215805,1.4945664670625702,True,False,[5],[0.07970991265513254]
31,0,43,1,0.015345853722750042,1.3858259139593094,True,False,[5],[0.04718879895455462]
31,1,631,1,0.013261870659707943,1.4703920736495686,True,False,[8],[0.07664476852898461]
31,2,354,3,0.009447206765460374,1.2635057787611899,True,False,"[7, 8, 12]","[0.11172466079506149, 0.1417025751167775, 0.07029901921696158]"
31,3,51,1,0.014975092940638816,1.220376511224418,True,False,[12],[0.12546964707012193]
31,5,662,1,0.013437727130613987,1.539750265495919,True,False,[8],[0.09055680252069294]
31,6,237,1,0.012907717219745776,1.3559775120793556,True,False,[15],[0.09457589225479163]
31,8,523,1,0.020939536247347384,1.4392060210065494,True,False,[15],[0.17531822299754685]
31,9,0,2,0.010956631453698892,1.1780035351993623,True,False,"[6, 15]","[0.057035791988394216, 0.0645648509329486]"
31,12,494,2,0.012032074659272269,1.725997017282562,True,False,"[7, 8]","[0.13962231083961044, 0.11469256083360492]"
31,13,526,1,0.011920567947688032,1.5597975106846833,True,False,[7],[0.1205421270105819]
31,14,19,1,0.014943610187164717,1.1665532957382445,True,False,[16],[0.08870057953876548]
31,15,677,4,0.011993322603715903,1.6209238719992105,True,False,"[7, 8, 12, 15]","[0.11536199607292558, 0.14452784686755824, 0.10864763823459218, 0.08396808390517396]"
31,16,359,1,0.014179494398289968,1.425740279544501,True,False,[5],[0.03141732090906425]
31,17,198,1,0.0136504767914867,1.4351662437425565,True,False,[7],[0.0968453958471388]
31,18,243,4,0.011581565126451534,1.3103580935228696,True,False,"[6, 7, 8, 17]","[0.07225276924767772, 0.12199258150604919, 0.06077316974517005, 0.08951055062195809]"
31,19,87,1,0.012982206642662503,1.2702585692942148,True,False,[7],[0.09975742591981725]
31,20,279,2,0.01641916502282626,1.5562572437696636,True,False,"[8, 12]","[0.10240342743845476, 0.1023454674403363]"
31,22,627,1,0.014794931176447118,1.3016710581603634,True,False,[7],[0.11640148628651406]
31,23,247,2,0.009621771782151489,1.49513198165636,True,False,"[7, 12]","[0.09758544800661614, 0.09367625494517927]"
32,0,43,1,0.01434726761740498,1.3882495430634412,True,False,[7],[0.08301111432534848]
32,1,631,1,0.01398035103225339,1.470986182391786,True,False,[7],[0.10065250957347742]
32,2,354,2,0.010645648784686072,1.2738974109811174,True,False,"[7, 12]","[0.11992639389809552, 0.08337623268105303]"
32,3,51,2,0.009655228050913275,1.2302070920581747,True,False,"[7, 12]","[0.09277848144045657, 0.11372116278464567]"
32,4,123,1,0.01564982667735889,1.2022408617484064,True,False,[15],[0.10542079381157196]
32,5,662,1,0.011430457585141225,1.539754833643002,True,False,[7],[0.07936975400534413]
32,6,237,2,0.011418176229876259,1.3583530491747857,True,False,"[8, 15]","[0.13730405511866295, 0.1395122540202107]"
32,7,132,1,0.015084390622072294,1.2598328168313069,True,False,[15],[0.09867728483561025]
32,8,523,2,0.01467063055253819,1.440471919528208,True,False,"[7, 8]","[0.1139575516975725, 0.15526224767998573]"
32,9,0,2,0.013019450669948827,1.1932280123038366,True,False,"[6, 16]","[0.06847185091176532, 0.04053851676410873]"
32,10,7,1,0.015603750432613014,1.2966273992605875,True,False,[8],[0.056205120413609186]
32,11,122,3,0.009525385576750924,1.282006501603981,True,False,"[7, 8, 12]","[0.165612086410023, 0.16213546657823366, 0.09723850695575997]"
32,13,526,1,0.012303685145083721,1.5898473349118665,True,False,[7],[0.11638163852032789]
32,14,19,2,0.010348888792399945,1.1816944596427004,True,False,"[7, 15]","[0.13129303090535474, 0.09751696757673209]"
32,15,677,2,0.014579842540676926,1.6342115578505896,True,False,"[8, 12]","[0.14316073476961297, 0.12300754998105926]"
32,18,243,1,0.014981181513697843,1.337021088373746,True,False,[5],[0.09377192009410579]
32,19,279,1,0.014869908687775863,1.5877352628039234,True,False,[5],[0.1302448836717425]
32,20,658,2,0.009807539805199429,1.4018910088637175,True,False,"[7, 8]","[0.10047885299147123, 0.09327250665098212]"
32,21,627,1,0.012687056689988933,1.3252188319800509,True,False,[5],[0.08405422668623647]
32,23,359,1,0.013996167176898368,1.4316182116286051,True,False,[16],[0.0681408098872692]
33,0,43,3,0.009070409275308536,1.3962598276266875,True,False,"[8, 15, 16]","[0.12516511628849528, 0.11110558100180025, 0.07954809829152851]"
33,2,354,2,0.012604152347875828,1.2725396120618466,True,False,"[8, 12]","[0.14984955454682997, 0.10266170094084891]"
33,3,51,1,0.015212278781577259,1.2392729377482432,True,False,[15],[0.05284696766174929]
33,4,123,1,0.013820701515511312,1.2268240596304323,True,False,[7],[0.15191954879538636]
33,5,662,1,0.013378518804139998,1.5397048199755285,True,False,[7],[0.09801955947130925]
33,6,237,2,0.008613210919798305,1.3752221656295713,True,False,"[7, 15]","[0.07750620055631699, 0.11680728665935355]"
33,9,0,2,0.011058521160492583,1.2004513763241667,True,False,"[6, 15]","[0.07419915647814179, 0.06613291429689244]"
33,10,7,1,0.01536155795207084,1.310991392948466,True,False,[8],[0.055477566932360854]
33,11,122,1,0.015048300759785383,1.2881333642849606,True,False,[5],[0.1002682713013937]
33,12,494,1,0.01168141632583172,1.7227735233764392,True,False,[15],[0.17111385056891223]
33,14,19,2,0.00929609654403999,1.1959472590023421,True,False,"[7, 15]","[0.12572128279934122, 0.1032263962061364]"
33,16,751,1,0.04037287282262833,1.3762348947452323,True,False,[8],[0.11969815708720674]
33,17,780,1,0.03259797583749591,1.7697822689304692,True,False,[11],[0.05106151136300018]
33,18,243,1,0.014221339947616679,1.329531664151253,True,False,[17],[0.08483073767101827]
33,19,279,2,0.01635630077790738,1.5914138690165258,True,False,"[7, 15]","[0.15369432699361635, 0.13754838080756865]"
33,20,658,1,0.013844981003226777,1.401837324975866,True,False,[7],[0.10390434062925338]
33,21,627,1,0.013774084266556689,1.3460504825350845,True,False,[7],[0.11192033455747097]
33,22,247,1,0.01428989828822552,1.5146266281255938,True,False,[8],[0.10607509610542902]
33,23,198,1,0.015158982011238904,1.4563107637631612,True,False,[8],[0.10077224815101506]
34,0,43,2,0.01318303731613293,1.4140041855287613,True,False,"[8, 15]","[0.14352288089452192, 0.128982263990879]"
34,1,631,1,0.013610544101865938,1.4815754513677561,True,False,[8],[0.08468281029231282]
34,2,354,2,0.011935867884985149,1.2818691027788975,True,False,"[7, 12]","[0.13011205338899623, 0.1080839321934735]"
34,3,51,2,0.00980644561134984,1.2478842822682976,True,False,"[7, 15]","[0.09507200940856196, 0.07145285407257358]"
34,4,123,1,0.014415429368496966,1.2420060085492204,True,False,[5],[0.11493594178015323]
34,6,237,1,0.012704391725287393,1.3853591485286372,True,False,[15],[0.1190485457395634]
34,7,132,2,0.00976380763409054,1.2551096493286846,True,False,"[8, 15]","[0.10897127469935332, 0.09895327730661059]"
34,8,523,1,0.020387759172416114,1.4620152476210666,True,False,[7],[0.13034185499754652]
34,9,0,2,0.00979251678970535,1.2087785081765026,True,False,"[7, 15]","[0.08293798910616111, 0.07552951323343517]"
34,11,122,2,0.010252742534912748,1.2943575527708104,True,False,"[8, 15]","[0.13966830708307174, 0.1479753167022866]"
34,12,807,1,0.020533250456301753,1.6618460216770452,True,False,[7],[0.15885405098546013]
34,14,19,2,0.010034266837157423,1.1989440229217494,True,False,"[7, 12]","[0.12467648548427858, 0.05808021551216057]"
34,17,780,2,0.009939886329387616,1.803842634180301,True,False,"[7, 8]","[0.0884269775619939, 0.07458700785767161]"
34,18,243,2,0.010158931280972169,1.334335875697481,True,False,"[6, 17]","[0.060713103223248494, 0.07862959852451055]"
34,21,627,2,0.009687665958093452,1.3581961241338967,True,False,"[7, 12]","[0.09727077536528105, 0.0597930716664205]"
34,22,247,2,0.009334511578677618,1.5256717455363031,True,False,"[7, 12]","[0.1204738243870555, 0.06762213594990944]"
34,23,198,1,0.013543140987465462,1.4684581174471258,True,False,[7],[0.09530611853170066]
35,1,631,1,0.013180629376205179,1.48142076559917,True,False,[7],[0.09533660051810727]
35,2,354,1,0.013439533446890884,1.3076072447019909,True,False,[7],[0.12815768754461376]
35,3,51,1,0.012674577366583324,1.2579576490135056,True,False,[7],[0.10290234808884607]
35,4,123,1,0.01439821598640979,1.2647761365984924,True,False,[5],[0.13270651813592432]
35,5,662,1,0.01494806242179505,1.5519126869926132,True,False,[8],[0.11006445646748339]
35,6,237,2,0.011685922132152401,1.3893122275617293,True,False,"[8, 15]","[0.14096567163520143, 0.12739587725109244]"
35,7,132,1,0.01450818521865756,1.2631698701303655,True,False,[15],[0.09814991294401822]
35,8,523,2,0.018184744801022033,1.4600439850705291,True,False,"[8, 17]","[0.16358370610612288, 0.050251873869845774]"
35,9,0,1,0.014580008448457282,1.2363582380662985,True,False,[6],[0.07097954066832673]
35,11,122,3,0.010858853268969394,1.3037622134697167,True,False,"[7, 8, 12]","[0.16995788434820175, 0.15257088802163615, 0.11501801636132622]"
35,13,526,1,0.01513949988976415,1.5816156168902054,True,False,[8],[0.0782799620686043]
35,14,19,1,0.012726977744395226,1.2199350143928398,True,False,[7],[0.14226717184309026]
35,15,677,1,0.015794350466967814,1.6431368441356862,True,False,[5],[0.09979576860784595]
35,16,751,2,0.009158142158077214,1.3771481733905493,True,False,"[7, 8]","[0.10635635921176402, 0.11480484718453546]"
35,17,780,2,0.00939279490168187,1.8213658651656361,True,False,"[7, 12]","[0.1036369827826593, 0.0750258607383991]"
35,18,243,2,0.012861493672289124,1.3502115740261742,True,False,"[6, 7]","[0.06961404223178723, 0.11301430813231853]"
35,19,279,1,0.01759213392774089,1.6098252761509542,True,False,[17],[0.06691727632190332]
35,22,247,2,0.009613042080438755,1.5366497354386914,True,False,"[8, 12]","[0.10408635923547564, 0.0799577733892579]"
36,0,43,2,0.009333394881883096,1.4291253819386953,True,False,"[7, 15]","[0.0772004661057046, 0.11548539693321656]"
36,1,631,1,0.012916539261537258,1.4995167121911248,True,False,[8],[0.08448774624003452]
36,2,354,3,0.010775499403327823,1.3183253066966416,True,False,"[7, 8, 12]","[0.12563914735908752, 0.14503767858819752, 0.1109719409675717]"
36,3,51,1,0.012945370770821949,1.2729989184433272,True,False,[7],[0.11219104725692453]
36,4,123,1,0.014867888963568545,1.2694523761910521,True,False,[8],[0.10124728986131255]
36,8,523,2,0.016570784018639696,1.4779279565825467,True,False,"[7, 16]","[0.20401967847670702, 0.11763800039180315]"
36,9,0,1,0.01467832040091226,1.2614510062165343,True,False,[6],[0.07527443139717493]
36,10,7,1,0.0151905133194509,1.3211739396660727,True,False,[8],[0.07161271731944001]
36,11,122,1,0.013122172289727193,1.326985877470283,True,False,[7],[0.17104399998200834]
36,12,807,2,0.016640830304995923,1.6624922285193413,True,False,"[7, 12]","[0.1691916251183505, 0.06687188052812225]"
36,13,526,1,0.013468006662034042,1.6001077580036527,True,False,[5],[0.13799641333887896]
36,14,19,1,0.01340917826350966,1.2470053516458068,True,False,[7],[0.15057851450467447]
36,15,677,1,0.01598767051708436,1.6602853872782928,True,False,[5],[0.1063657940724323]
36,16,751,2,0.012741201093684167,1.3767505125149664,True,False,"[8, 15]","[0.16348753651344114, 0.15264987175453568]"
36,17,780,1,0.012350381874754322,1.854506197684093,True,False,[5],[0.08980414916591002]
36,18,243,2,0.013191387367556649,1.3500425495644175,True,False,"[8, 17]","[0.0629134534138806, 0.07840457224574654]"
36,20,658,2,0.014371400411469518,1.4002044234717475,True,False,"[7, 11]","[0.13375049348574922, 0.054674432164207185]"
36,21,627,2,0.010660952965747077,1.3749325830518522,True,False,"[7, 8]","[0.1155140126120075, 0.10537574566624755]"
36,22,247,1,0.01360849693519272,1.5362178313629475,True,False,[12],[0.08317325379619457]
36,23,198,1,0.013921993604313442,1.4995683669579754,True,False,[5],[0.08933067349884581]
37,0,43,1,0.013453683889397574,1.4339837244736993,True,False,[7],[0.08609564688855222]
37,1,631,2,0.009594432618232498,1.5126084029412499,True,False,"[7, 8]","[0.10891393934339604, 0.08563602956162816]"
37,2,354,1,0.01324062886400599,1.3481637392063952,True,False,[7],[0.12834082193822505]
37,3,51,1,0.014372208634974813,1.2857401625586742,True,False,[7],[0.12834711128889656]
37,4,123,1,0.014881677916308934,1.2754116348185751,True,False,[8],[0.12594257664793782]
37,5,662,1,0.01341763864356428,1.5498150074257417,True,False,[7],[0.11139667651376321]
37,6,237,2,0.012196577474847568,1.3931038588625004,True,False,"[8, 15]","[0.1443695861514426, 0.1342182456198826]"
37,7,132,1,0.014082261614465822,1.2798219546539384,True,False,[5],[0.07236304838939654]
37,8,523,1,0.019906573178936706,1.4754851403852633,True,False,[5],[0.08583164006338809]
37,9,0,1,0.014648631224016505,1.289315580838858,True,False,[6],[0.08862421397614662]
37,10,7,1,0.015158667958353685,1.337750752931277,True,False,[8],[0.07280563198782061]
37,11,122,2,0.009466890025695293,1.3374154551925481,True,False,"[7, 15]","[0.16839909942649064, 0.14597721213116735]"
37,12,807,1,0.01954314657239584,1.6705285688951734,True,False,[5],[0.11270470986408324]
37,13,526,3,0.008349436361812814,1.609632876295023,True,False,"[7, 8, 12]","[0.10864753483655924, 0.09620355129899917, 0.12495817919936528]"
37,14,19,1,0.015310271237951081,1.2613482079904488,True,False,[8],[0.05495782223240477]
37,15,677,3,0.013499325462853843,1.6710040207678334,True,False,"[7, 12, 15]","[0.14733584699008284, 0.12861041140655838, 0.11921676211307057]"
37,16,751,1,0.013608719029914527,1.3761683585425935,True,False,[15],[0.13687596507164804]
37,17,780,2,0.010517278109987885,1.8670421458596018,True,False,"[7, 11]","[0.1147988401869385, 0.08536999412188982]"
37,18,243,3,0.011076486110258904,1.3498081251320302,True,False,"[6, 8, 17]","[0.06099714159526078, 0.08035993551135243, 0.09178456103800854]"
37,19,279,2,0.014465267623377394,1.5941598770660415,True,False,"[12, 17]","[0.09906039464040253, 0.07667006081740595]"
37,20,658,1,0.014595686150834165,1.4182227419507922,True,False,[8],[0.10044415753830775]
37,21,870,2,0.013540293166833176,1.405882758799778,True,False,"[7, 15]","[0.1476670079343147, 0.09264611474317264]"
37,22,247,1,0.0135725292761244,1.5558436485189011,True,False,[8],[0.09821696734698307]
37,23,198,1,0.01415683330044333,1.5222538431960102,True,False,[8],[0.09268390690866425]
38,0,43,2,0.013253838832252894,1.454474920402772,True,False,"[8, 15]","[0.14771299778066668, 0.12291870298439396]"
38,1,631,3,0.011472970334409272,1.5289678812124037,True,False,"[7, 8, 12]","[0.12423610305046756, 0.10812676268422469, 0.06454998299101404]"
38,3,51,1,0.012871822992306806,1.2866540287573474,True,False,[12],[0.12002846214833461]
38,4,123,2,0.011261439212236801,1.2755453577876297,True,False,"[7, 12]","[0.16311766695836571, 0.14957342005792715]"
38,6,237,2,0.008525775619438106,1.4089039542126907,True,False,"[7, 15]","[0.09133390790663236, 0.12644423510558978]"
38,7,132,3,0.009105447144895492,1.2836050163613777,True,False,"[7, 8, 15]","[0.13404285474869776, 0.12085327411769559, 0.08194614859907311]"
38,8,523,1,0.018515688333833876,1.4765457404457272,True,False,[16],[0.132978308723156]
38,9,0,3,0.009826185095106257,1.3052293598941813,True,False,"[6, 7, 16]","[0.08876070101413025, 0.08006638006978997, 0.05648161612333975]"
38,10,7,1,0.014099990658163917,1.3518555142100925,True,False,[7],[0.12394644440740683]
38,11,122,2,0.012335447963373722,1.345050579439527,True,False,"[8, 12]","[0.156693019081674, 0.1178399069209741]"
38,12,807,2,0.016386631571565922,1.687018597061081,True,False,"[7, 12]","[0.15938463248124313, 0.09535854111383425]"
38,14,19,1,0.015543445005554631,1.2698731645784886,True,False,[8],[0.07796791093295663]
38,15,677,1,0.015063304866662809,1.6999966207439803,True,False,[5],[0.10313787611113095]
38,16,751,1,0.013372027668766053,1.3767358758166623,True,False,[7],[0.09947330386556097]
38,17,780,1,0.013081239604127621,1.8868292777226685,True,False,[8],[0.08952929711856225]
38,18,243,1,0.013661159076221284,1.3726820019144323,True,False,[7],[0.09811433319889343]
38,19,279,1,0.017949026519484244,1.6099637840979024,True,False,[7],[0.15837178737991897]
38,21,870,2,0.01271667906674636,1.4278202582515627,True,False,"[8, 15]","[0.11986949244453803, 0.08723354431869318]"
38,22,247,1,0.013423771788755954,1.5561855602903625,True,False,[5],[0.07602523051122151]
38,23,198,2,0.010717774495410844,1.5460597132618197,True,False,"[7, 8]","[0.09124250539252872, 0.0821915555121654]"
39,0,43,2,0.009173351858126077,1.4722795910769553,True,False,"[7, 15]","[0.08942476980579399, 0.11184553081885183]"
39,2,631,2,0.012061148165371233,1.5482566167508973,True,False,"[7, 12]","[0.1315962032982861, 0.11835034653244313]"
39,3,354,1,0.013079967603470858,1.3520331466169766,True,False,[12],[0.11640651922662129]
39,4,51,1,0.013530601195450985,1.291414353143993,True,False,[7],[0.1835873295829966]
39,5,932,1,0.023902093193526198,1.4087055881972537,True,False,[8],[0.11767557240779034]
39,6,123,2,0.011664793865979052,1.274957209789151,True,False,"[8, 12]","[0.15724883053590022, 0.07903332885392515]"
39,7,662,1,0.015978969615885887,1.5362933121340985,True,False,[7],[0.16201812382403863]
39,8,237,1,0.012026945485911917,1.4139844235430583,True,False,[15],[0.1982982946067806]
39,9,132,2,0.00862661624888599,1.2889562762670816,True,False,"[8, 15]","[0.10659997347788094, 0.07640329377494195]"
39,10,523,3,0.013139390468410044,1.4738415232961914,True,False,"[7, 8, 15]","[0.11563400957616869, 0.08947119018867165, 0.13214838492148004]"
39,11,0,2,0.010350006219478795,1.3194347294954627,True,False,"[7, 15]","[0.1597595268524854, 0.13900554738127444]"
39,12,7,1,0.013312713856779648,1.3699825324261288,True,False,[8],[0.0985427854450805]
39,13,122,2,0.011491022975713945,1.353845866752077,True,False,"[7, 15]","[0.1273187744703915, 0.12263794756835475]"
39,14,807,1,0.018972264213068607,1.7031778153973829,True,False,[5],[0.07787221906331006]
39,16,19,1,0.013880765796751699,1.280194743682402,True,False,[7],[0.09170683124138133]
39,17,677,1,0.016716265644042622,1.706976186718742,True,False,[15],[0.08784140562997515]
39,18,751,3,0.009734821271763845,1.3756924159197217,True,False,"[7, 8, 15]","[0.10641946000726919, 0.090299945288975, 0.12421482045892503]"
39,19,780,2,0.0121022248585231,1.8909932083098788,True,False,"[7, 11]","[0.15068176711661369, 0.020414058122026804]"
39,20,914,1,0.046630420903963056,1.4648312661646907,True,False,[7],[0.1269801612008475]
39,21,243,3,0.010067373091385792,1.3722790062188546,True,False,"[6, 8, 17]","[0.056979912908485884, 0.10708065028167262, 0.023225416467709203]"
39,22,870,1,0.01548447870905881,1.4257948498189068,True,False,[8],[0.1261274515357042]
39,23,198,1,0.012665952483758859,1.5772668439386544,True,False,[8],[0.0807815485644029]
40,0,43,1,0.01239229533724863,1.4770661660999969,True,False,[7],[0.08450985397040396]
40,1,925,1,0.01773056067591816,1.6511904075289263,True,False,[7],[0.15103938679579454]
40,2,631,1,0.014012546299233208,1.5690786342391505,True,False,[5],[0.081604625994347]
40,3,354,1,0.012291500984874451,1.3630146861096541,True,False,[12],[0.10384687556917005]
40,4,51,1,0.012933537201242944,1.3037705534564437,True,False,[7],[0.16595967701144457]
40,5,932,1,0.01304112218611185,1.411475116428444,True,False,[7],[0.10917278858880743]
40,6,123,1,0.01391594536997214,1.2853060481453842,True,False,[7],[0.11219610831148771]
40,7,662,1,0.013644913173792454,1.560977836983659,True,False,[5],[0.06661863375233038]
40,8,237,2,0.008961668780637068,1.4181131715282658,True,False,"[7, 15]","[0.192798171628174, 0.1790173762497289]"
40,9,132,1,0.014039556614223892,1.2956175501666698,True,False,[15],[0.103674419572238]
40,10,523,3,0.012379884764645847,1.477744634418803,True,False,"[7, 8, 17]","[0.12773256430808738, 0.07710314404314224, 0.10189043151388218]"
40,11,0,2,0.011433792369704498,1.3343082889524298,True,False,"[6, 7]","[0.059966148678533414, 0.16095948959185874]"
40,12,7,1,0.013521771028459582,1.3950603686578624,True,False,[8],[0.10639421203977949]
40,13,122,1,0.014672576463505033,1.3539885036077062,True,False,[15],[0.1486197579396801]
40,14,807,1,0.017832316588522506,1.7027036248866918,True,False,[12],[0.06536429199918806]
40,16,19,1,0.014236345112246716,1.29623401420785,True,False,[15],[0.13509648124215506]
40,17,677,1,0.01626136630149239,1.709143835151607,True,False,[5],[0.098386503779391]
40,20,937,1,0.06688304072279141,1.8798599444369555,True,False,[8],[0.09612076775483379]
40,21,914,1,0.01181059691698778,1.4970424400151394,True,False,[5],[0.08678119257378]
40,22,243,1,0.01427050168306145,1.364748572291904,True,False,[8],[0.114011328097683]
40,23,198,2,0.010613283201276568,1.606004650154001,True,False,"[7, 8]","[0.10310579405188752, 0.08374887083155366]"
41,1,925,1,0.015568180227202789,1.6409674657785236,True,False,[5],[0.09149120543406597]
41,2,631,1,0.012348860663013403,1.5914007641958827,True,False,[8],[0.137472718740011]
41,3,354,2,0.010095024610546125,1.3691835017720295,True,False,"[7, 12]","[0.1338170472024376, 0.12358599621145651]"
41,5,932,2,0.009344283099922515,1.4133853710519295,True,False,"[7, 15]","[0.11089439647583114, 0.10917036025326284]"
41,6,123,1,0.014827731580413749,1.292211123055932,True,False,[8],[0.16346921767283584]
41,7,662,1,0.014049222798060722,1.580297704819469,True,False,[12],[0.11426761070431644]
41,8,237,2,0.00877654122352329,1.421304004488035,True,False,"[7, 15]","[0.2128413099162488, 0.17807795103889146]"
41,9,132,2,0.011203231693658807,1.2979368037551147,True,False,"[8, 15]","[0.11974793150576994, 0.1155899824529341]"
41,10,523,3,0.017088676633020192,1.4766337174674424,True,False,"[8, 16, 17]","[0.10183753725609719, 0.08884981356789118, 0.14197940111461166]"
41,11,0,1,0.015151043886751,1.3365823505801595,True,False,[15],[0.13184868024585922]
41,12,7,1,0.013551962780571436,1.3922545998698457,True,False,[7],[0.15377781528771736]
41,13,122,2,0.011902169819082244,1.3607499853268294,True,False,"[7, 15]","[0.14860347793130188, 0.16748207214194957]"
41,14,807,2,0.015752465188597308,1.7119525837094693,True,False,"[7, 12]","[0.18358031986589599, 0.06926015286403413]"
41,15,526,1,0.01415859802186425,1.634674956751351,True,False,[7],[0.14254955654551055]
41,16,19,2,0.010022978459619688,1.3051640010139123,True,False,"[15, 16]","[0.12409303861159303, 0.07594392233384038]"
41,17,677,1,0.01822655242687344,1.7052712486479387,True,False,[12],[0.08867992367335539]
41,18,751,2,0.012460707806728994,1.3786022522801322,True,False,"[8, 15]","[0.12027121320189103, 0.13932733828847943]"
41,20,937,3,0.008287896398739966,1.8808662157639353,True,False,"[7, 12, 15]","[0.1449029693156462, 0.09461595994709342, 0.15628947000934126]"
41,23,198,1,0.011512186865005965,1.6277455938773118,True,False,[7],[0.08967112946314161]
42,0,43,1,0.015590916530042328,1.474496713392427,True,False,[5],[0.06745054103418331]
42,3,354,1,0.013935510606815363,1.3882161847414132,True,False,[5],[0.08888567053276608]
42,4,51,1,0.014853330135962578,1.3041499268364545,True,False,[8],[0.15555426727278107]
42,5,932,1,0.0129735832821266,1.433755989622244,True,False,[7],[0.11605619634666212]
42,6,123,1,0.014573866709582268,1.317135127975329,True,False,[8],[0.16604291589973674]
42,7,662,1,0.013391430134146055,1.6039496398419484,True,False,[5],[0.0868942100602869]
42,8,237,2,0.008580200647487114,1.42731728038598,True,False,"[7, 15]","[0.17821321082659036, 0.15346088116851345]"
42,10,523,1,0.02062226010564928,1.4998686693584233,True,False,[5],[0.13225137900897085]
42,11,0,1,0.013913005728410073,1.3471916234522594,True,False,[16],[0.07519471390954167]
42,12,7,1,0.01391571539883639,1.4168960597564721,True,False,[8],[0.10882168554970682]
42,13,122,1,0.012407307363642088,1.3875808237311476,True,False,[5],[0.13983594770020413]
42,14,807,1,0.020674590006762947,1.7275960267161112,True,False,[16],[0.13601451351690447]
42,15,526,1,0.012627361030187365,1.6563237365551202,True,False,[7],[0.13237704822678212]
42,16,19,1,0.014913868338844068,1.3107610679474169,True,False,[5],[0.06363298239975225]
42,17,677,2,0.010062784174966286,1.7126653500044726,True,False,"[7, 15]","[0.12307678908260448, 0.0987157594399014]"
42,18,751,2,0.01225595535958778,1.3726622710049843,True,False,"[7, 15]","[0.12290982338807761, 0.14477515172385078]"
42,19,780,1,0.013989666278863859,1.9015961624416944,True,False,[7],[0.14810189144617292]
42,21,914,1,0.01291122559981411,1.5295122739259528,True,False,[5],[0.08783142737199394]
42,22,243,1,0.014182238939443176,1.3612404215519642,True,False,[8],[0.10542742777964408]
42,23,198,2,0.01049196861096088,1.657971475617615,True,False,"[7, 8]","[0.0835134784935648, 0.0812297483998229]"
43,0,43,3,0.009817493715783313,1.490383251243599,True,False,"[7, 8, 15]","[0.08249201479292564, 0.1539535554164681, 0.11863967628229416]"
43,1,925,2,0.011848085545551827,1.6520684463033402,True,False,"[7, 15]","[0.18917936374500097, 0.169081626918106]"
43,2,631,1,0.012506011602582452,1.606532484320967,True,False,[7],[0.13023559759851103]
43,3,354,2,0.008965839885391721,1.3910871307140737,True,False,"[8, 12]","[0.13196006567640653, 0.11433866594352454]"
43,4,51,2,0.010323639155014332,1.308374702672296,True,False,"[7, 15]","[0.1697283296282517, 0.12300519766267752]"
43,6,1010,1,0.052421880647794655,1.7088597027249302,True,False,[8],[0.16276708690031522]
43,7,662,1,0.01553005505353493,1.598808846814436,True,False,[7],[0.1550997628811194]
43,8,237,1,0.013168369064961855,1.4240211554968132,True,False,[8],[0.16276685514933556]
43,9,132,1,0.014212243212797985,1.3014203754229072,True,False,[15],[0.12722298918383232]
43,10,523,4,0.01472585841855632,1.5088458529890756,True,False,"[7, 8, 12, 17]","[0.16921514112582867, 0.13184631472123012, 0.16021851285650157, 0.17101781017825585]"
43,11,0,1,0.015396547105249384,1.3497810459493966,True,False,[5],[0.10635707861378059]
43,12,7,1,0.013045003847084005,1.4425549640795525,True,False,[8],[0.09197293930043697]
43,13,122,2,0.008962475621641633,1.39064520505618,True,False,"[8, 15]","[0.11069381171942126, 0.1649028114805351]"
43,15,123,1,0.013043467231230102,1.3178284355527983,True,False,[12],[0.12926076595036862]
43,16,19,1,0.01488791394028829,1.3156381692851642,True,False,[5],[0.08381998939274277]
43,17,677,2,0.012453408141113582,1.720373774774716,True,False,"[7, 12]","[0.120098972411059, 0.10780813170489166]"
43,18,751,1,0.013874090368695299,1.3824535799162703,True,False,[5],[0.11455732127166081]
43,19,780,2,0.013536754374763498,1.902485961398904,True,False,"[7, 11]","[0.15268844276372473, 0.04631698151034217]"
43,20,937,1,0.013832351359560858,1.8995086363696858,True,False,[7],[0.16132855718668526]
43,22,526,1,0.012667088466091636,1.6972154216874917,True,False,[5],[0.07346673532537834]
44,0,43,1,0.011744983945443902,1.4944161823187703,True,False,[7],[0.08086657874182292]
44,1,925,1,0.013680356011498026,1.6423824252903105,True,False,[12],[0.08438625183454726]
44,3,354,2,0.010546784141094974,1.39457519818886,True,False,"[7, 12]","[0.13599089556254354, 0.10901998202772532]"
44,5,932,1,0.013494347531216944,1.429571968260166,True,False,[15],[0.12242864440096445]
44,6,1010,3,0.00865238400686996,1.7115824268280597,True,False,"[7, 8, 15]","[0.12025910670405983, 0.15981237564819165, 0.1459711796686232]"
44,7,662,1,0.014179390493111926,1.6285929103709846,True,False,[5],[0.10544777901920552]
44,8,237,3,0.007493659787580641,1.4300288785419064,True,False,"[7, 8, 15]","[0.17402029509905728, 0.1527184846439405, 0.13643136300558997]"
44,9,132,1,0.012524885404400537,1.302195791732085,True,False,[7],[0.07952937350708388]
44,10,523,1,0.019560039824431823,1.5205398711069966,True,False,[8],[0.10879093209107768]
44,12,7,1,0.013423788133051317,1.4406437208057892,True,False,[7],[0.16372138469917238]
44,13,122,2,0.010599590533289903,1.389907021197583,True,False,"[8, 15]","[0.13492930332012903, 0.1697145574858022]"
44,14,807,2,0.01537563152846907,1.7289614698966338,True,False,"[7, 11]","[0.20010390455462068, 0.07739612186673292]"
44,15,123,3,0.011147986946901924,1.32485358136884,True,False,"[8, 12, 15]","[0.1386996741038214, 0.14973539278257292, 0.13788170821870782]"
44,16,19,2,0.008586663694189893,1.3280626609701065,True,False,"[7, 15]","[0.09646971668506982, 0.11890918722399668]"
44,17,677,2,0.0156154763466832,1.7269212821494078,True,False,"[7, 12]","[0.17626897173481113, 0.16851066869243195]"
44,18,751,1,0.012659642916555669,1.3735365952883192,True,False,[15],[0.13977322021750255]
44,19,780,1,0.013947154899181568,1.9136763271539678,True,False,[7],[0.16671620618282004]
44,20,937,2,0.011359067402389244,1.8985771548034194,True,False,"[8, 15]","[0.1215387536405164, 0.17110817215228918]"
44,21,914,1,0.011215468671794028,1.567438010729412,True,False,[7],[0.15730183803978454]
44,23,198,1,0.011926066080648149,1.672474612220878,True,False,[7],[0.07659446454602006]
45,0,43,1,0.011437865126049019,1.5002133301598768,True,False,[7],[0.09154946471106198]
45,2,631,3,0.009053314570133421,1.625985534915616,True,False,"[8, 12, 15]","[0.14641463628734377, 0.12287035460117779, 0.10142633458360197]"
45,3,354,2,0.010766789459037845,1.398387759246854,True,False,"[7, 12]","[0.1277540761377856, 0.11036718717930558]"
45,4,51,1,0.014940405408766975,1.3241343557035579,True,False,[5],[0.15913122229251556]
45,6,1010,1,0.012391376700443964,1.7113503930621747,True,False,[7],[0.1322269041873224]
45,7,662,1,0.015274402639052265,1.625534618603009,True,False,[8],[0.13696033912912892]
45,8,237,1,0.012581494322716958,1.4286921600116063,True,False,[8],[0.1420975675479066]
45,9,132,2,0.009591167708571182,1.3034787957370886,True,False,"[7, 15]","[0.10997826024717496, 0.08928297998161992]"
45,10,523,2,0.015242810127209103,1.5284373431745144,True,False,"[7, 12]","[0.16449856123007287, 0.17974385917017477]"
45,11,0,2,0.010987752525235322,1.3503117646978822,True,False,"[6, 15]","[0.05613020324590405, 0.11886621286649102]"
45,12,7,1,0.011920508547719363,1.461834201244929,True,False,[8],[0.08289780888536577]
45,13,122,1,0.01378646562275876,1.3975221372131281,True,False,[7],[0.14371969467881743]
45,14,807,1,0.01855282277615641,1.764855922977002,True,False,[5],[0.08439563083169152]
45,15,123,1,0.013111168737655724,1.348894930590814,True,False,[8],[0.12759489959616696]
45,16,19,1,0.01353483903881109,1.3413537481712599,True,False,[7],[0.11219589597015568]
45,17,677,1,0.015412762888612317,1.740464613461394,True,False,[7],[0.15816531695346073]
45,18,751,1,0.013281005406843188,1.3849815339120117,True,False,[8],[0.11012352421215457]
45,19,780,1,0.013675878160409083,1.9140910606745045,True,False,[15],[0.14826542836042084]
45,20,937,1,0.01410368266713599,1.9153632473224003,True,False,[12],[0.10679644176958326]
45,21,914,1,0.012187104212985241,1.5710430647887044,True,False,[8],[0.11992059683745084]
45,22,526,1,0.013058800467197547,1.7210832649468706,True,False,[7],[0.10481114141938057]
45,23,198,1,0.01307613109497502,1.70888649425842,True,False,[5],[0.1010972757988635]
46,2,631,1,0.0121267680713338,1.6518174578588758,True,False,[8],[0.1310526885902404]
46,3,354,1,0.013665126807021363,1.4228594882623167,True,False,[5],[0.09471422714293573]
46,4,51,1,0.014226072573868662,1.326913175275231,True,False,[8],[0.15892682339965486]
46,5,932,1,0.013415659424007983,1.4298875328596874,True,False,[5],[0.0886230141214033]
46,6,1010,3,0.00846038495814754,1.7162173133330672,True,False,"[7, 8, 15]","[0.1291593450975009, 0.14103770527412068, 0.1367713425578627]"
46,7,662,1,0.01400861276543349,1.6342676397166958,True,False,[12],[0.13585940904744628]
46,8,237,1,0.013278586681015189,1.4398493192252804,True,False,[5],[0.11347344562212167]
46,9,132,2,0.0086455034921366,1.3107560829704388,True,False,"[7, 8]","[0.11742014147246438, 0.14158067770314922]"
46,10,523,1,0.019830340375074026,1.5564304019402695,True,False,[5],[0.1587001110164377]
46,11,0,1,0.014184238416899387,1.3562622327039002,True,False,[15],[0.11243286727819168]
46,12,7,1,0.01345769152711993,1.460441038166651,True,False,[7],[0.1587693515931653]
46,13,122,1,0.01331805767595163,1.4235477577743236,True,False,[5],[0.15328601415772208]
46,14,807,2,0.014593028182903365,1.7728826805840343,True,False,"[7, 12]","[0.18186845472763388, 0.07983153698818209]"
46,15,123,1,0.012190069390759858,1.374962841854894,True,False,[8],[0.12069554105847492]
46,16,1081,2,0.019159230021453973,1.6765182701810175,True,False,"[7, 12]","[0.10299477473317369, 0.07531017028861572]"
46,17,751,1,0.012556000892780379,1.4068911785114768,True,False,[8],[0.08634347615489735]
46,18,780,2,0.010122777229042024,1.9278679198389947,True,False,"[7, 12]","[0.1338445465878024, 0.07794232826240904]"
46,20,914,1,0.013357753265733721,1.5979440585794165,True,False,[5],[0.08187744503287367]
46,21,526,1,0.011019507200513147,1.7586165417737576,True,False,[7],[0.16128553336140733]
46,22,677,1,0.01616827373589323,1.7568974699875834,True,False,[5],[0.08963942547440897]
46,23,198,1,0.01173179624167533,1.7219643457698086,True,False,[7],[0.07746735014416668]
47,0,43,2,0.0111361940263748,1.510699044744268,True,False,"[12, 15]","[0.0787988589967853, 0.10582759704360066]"
47,1,925,2,0.01111813862846993,1.6489453463266261,True,False,"[7, 12]","[0.19657785786784904, 0.13772067206427144]"
47,2,631,1,0.012230390051179154,1.681068517176494,True,False,[12],[0.12204864912915053]
47,3,354,2,0.010075554077921968,1.4239783626185323,True,False,"[8, 12]","[0.1337649844279095, 0.11219175506543037]"
47,4,51,2,0.009391248432154109,1.3378854742833501,True,False,"[7, 8]","[0.17363438473446158, 0.18529835733853856]"
47,5,932,1,0.013063875752640916,1.4394492567641604,True,False,[5],[0.08466237278334279]
47,6,1010,1,0.012568137704431877,1.7154738330737873,True,False,[15],[0.14812043272395944]
47,8,237,2,0.009368703671221374,1.4400564722245408,True,False,"[7, 8]","[0.17422824201875506, 0.13662362494466293]"
47,10,523,1,0.018086180646014794,1.5548762904123752,True,False,[8],[0.1039299340727008]
47,11,0,2,0.009957186779292205,1.3759875122032719,True,False,"[7, 15]","[0.15500543812092626, 0.11370207833605259]"
47,13,122,1,0.013023738025349446,1.4234575339924114,True,False,[15],[0.16587891982431677]
47,14,807,2,0.01367324812077222,1.7748784629674206,True,False,"[8, 12]","[0.10383071791726366, 0.07009040615432507]"
47,15,123,1,0.012357553772694261,1.4072041262715034,True,False,[8],[0.12342017933958092]
47,16,1081,2,0.009055629782025917,1.6739131728660632,True,False,"[8, 12]","[0.15770108685897197, 0.08907694996783135]"
47,17,751,2,0.008649757931677061,1.401082503069627,True,False,"[7, 15]","[0.14544299168416938, 0.11022928016110353]"
47,18,1105,3,0.015288715579006146,1.6541970677855191,True,False,"[7, 8, 12]","[0.17390160100749258, 0.16343346310565934, 0.14466514280930595]"
47,19,937,2,0.009649319908073968,1.9223405459099174,True,False,"[7, 12]","[0.15302686168648758, 0.09297661662711203]"
47,20,914,1,0.012899747189476911,1.618869606376069,True,False,[7],[0.14797655469522522]
47,21,526,2,0.010059129113354826,1.761173733031668,True,False,"[8, 12]","[0.1336113304239214, 0.06988274346600738]"
47,22,677,1,0.01675107680500828,1.7644743570730794,True,False,[12],[0.11811667958168032]
47,23,780,1,0.010450297406641433,1.9676052155002175,True,False,[7],[0.0906855879576372]
48,1,925,1,0.014406898727174567,1.6634804437168906,True,False,[7],[0.1953261844224731]
48,2,631,1,0.012240087296202646,1.6825582925871692,True,False,[15],[0.1027887590906068]
48,3,354,1,0.012258151570266756,1.4296202739485409,True,False,[12],[0.09800212139715402]
48,4,51,1,0.014686452860005098,1.3564029428840942,True,False,[5],[0.16322523745056655]
48,6,1010,1,0.011334947373896351,1.7374936666324017,True,False,[8],[0.125269293694032]
48,7,662,1,0.014926308477550257,1.6344705893055782,True,False,[8],[0.1349861521223373]
48,8,237,1,0.013215660140810504,1.4406584997269205,True,False,[7],[0.16704846555017402]
48,9,132,2,0.010725484008389364,1.3143263431322503,True,False,"[8, 15]","[0.1442253231245202, 0.1234625147074653]"
48,10,523,1,0.018417668668845116,1.5546786126678585,True,False,[8],[0.11637820407810015]
48,11,0,2,0.01179402304458115,1.3896708789590027,True,False,"[6, 7]","[0.07554181519876275, 0.15905872541646526]"
48,12,7,1,0.011923420375344787,1.4878927686287298,True,False,[8],[0.08959781141427321]
48,13,122,2,0.01092091924846235,1.4246997878214365,True,False,"[7, 15]","[0.16296094787054743, 0.1647189854276932]"
48,14,807,2,0.01638496741035687,1.7818709650816984,True,False,"[12, 16]","[0.11585962191215707, 0.19894279012886248]"
48,16,1081,2,0.009310859573615222,1.6715335797946158,True,False,"[8, 12]","[0.14768063807288523, 0.09663360228162081]"
48,19,937,3,0.00902115001397402,1.9283611031339307,True,False,"[7, 12, 15]","[0.1680849530547474, 0.11852248939127685, 0.17085298699080514]"
48,20,914,1,0.012745519536494386,1.638699170316003,True,False,[7],[0.13722839817003568]
48,21,526,3,0.009138848221218314,1.7799627471081456,True,False,"[7, 12, 15]","[0.14942961010608596, 0.096935991587579, 0.11779004101610764]"
48,22,677,1,0.01598296574620069,1.7750384471143938,True,False,[12],[0.11645698405293481]
48,23,780,1,0.014193822021549306,1.9607429442101192,True,False,[11],[0.03512388022495651]
49,0,43,1,0.013671795689410043,1.5220373186338991,True,False,[8],[0.15459004291333425]
49,1,925,2,0.010416477981103855,1.6665187009298355,True,False,"[7, 11]","[0.17313855983532808, 0.056135195435609526]"
49,2,631,1,0.011412078058764076,1.7062568370846751,True,False,[12],[0.11898342660680651]
49,3,354,2,0.009742756665601699,1.4339961096723675,True,False,"[7, 12]","[0.12750123363724938, 0.10520156424162169]"
49,4,51,1,0.013920206720101008,1.3581440954289181,True,False,[15],[0.12334960192421045]
49,5,932,1,0.012576111759984939,1.4715753561246845,True,False,[5],[0.093122695826871]
49,6,1010,1,0.012237061672088236,1.7372926047122486,True,False,[7],[0.11892625482327907]
49,7,662,2,0.012012501529583008,1.6389900908379642,True,False,"[7, 8]","[0.17694063572984697, 0.1261707610693192]"
49,8,237,2,0.009521514856910355,1.4406684111703592,True,False,"[7, 8]","[0.16342517085399078, 0.13511687136253897]"
49,9,132,1,0.01318753670648728,1.3245794345085895,True,False,[15],[0.11508979206095742]
49,10,523,2,0.013633523695522197,1.540525407496303,True,False,"[15, 16]","[0.16783543927564046, 0.12257513241914404]"
49,11,0,1,0.013443068054912848,1.4204701002405027,True,False,[7],[0.15440160425327212]
49,12,7,1,0.011646738844053763,1.509647084703235,True,False,[8],[0.0906511416809268]
49,14,807,2,0.011850460991455324,1.7881554037971448,True,False,"[7, 15]","[0.17770841934990517, 0.13086689041821709]"
49,15,123,1,0.013988775621792337,1.3972276615857402,True,False,[17],[0.10429648677587336]
49,16,1081,1,0.01302638970758615,1.6687851785028862,True,False,[8],[0.14393546628038598]
49,17,751,2,0.010525297123518122,1.4095487321842306,True,False,"[8, 15]","[0.10408767947453473, 0.13167944645445384]"
49,18,1105,1,0.0159513873264638,1.6878231284453564,True,False,[5],[0.11750580807422936]
49,19,937,1,0.013273871253764526,1.9519892718909566,True,False,[7],[0.15572913640587838]
49,20,914,2,0.00842404225833358,1.6540931662202472,True,False,"[7, 8]","[0.11740985813306298, 0.12119433696302193]"
49,21,1152,1,0.033136979281404036,1.5342798573935539,True,False,[5],[0.08789762310329474]
49,22,526,1,0.013511543145864217,1.8179614919008666,True,False,[5],[0.10438649028132514]
49,23,780,3,0.009788065586100415,1.961487304894726,True,False,"[8, 11, 12]","[0.11483457253447107, 0.08356885244775648, 0.11278162262895529]"
50,0,43,1,0.012710220179661797,1.550787878467307,True,False,[15],[0.10554603553057121]
50,1,925,1,0.013593787899388022,1.6866406271096968,True,False,[7],[0.21346169142589067]
50,3,354,1,0.012301773219434963,1.4486213897645124,True,False,[12],[0.10424588432162138]
50,4,51,2,0.008878614230383816,1.3734640919074776,True,False,"[7, 8]","[0.1517102054307473, 0.17038999545012323]"
50,6,1010,1,0.011563830802218759,1.7382974995737661,True,False,[15],[0.13005199266232523]
50,8,237,1,0.013401139819209403,1.4627690399424165,True,False,[5],[0.12571605088331322]
50,9,132,1,0.01378851963182991,1.3392533178066823,True,False,[5],[0.07909194408514031]
50,10,523,2,0.01388582537850611,1.5275615320767069,True,False,"[12, 15]","[0.19643273084137566, 0.170568814040639]"
50,11,0,1,0.014408333972480408,1.430039324870682,True,False,[15],[0.1188346007933594]
50,12,7,1,0.01253038879259749,1.535698854171659,True,False,[8],[0.08948276468435647]
50,13,122,1,0.013477016452157898,1.424539458498528,True,False,[15],[0.1796342488646261]
50,14,807,1,0.01508296408170319,1.8047850506868683,True,False,[7],[0.19240106952095576]
50,15,123,1,0.012894010258032183,1.3989519891923248,True,False,[7],[0.1573865707194434]
50,16,1081,1,0.012415907340499294,1.6845042773249979,True,False,[7],[0.13661536548785716]
50,17,751,1,0.012392322823295892,1.4330046768676055,True,False,[8],[0.11328101466025602]
50,18,1105,1,0.015184061157881994,1.721800016567501,True,False,[5],[0.14929061940975866]
50,19,937,2,0.010555381137463906,1.9594836664288977,True,False,"[7, 12]","[0.1592367560845466, 0.13639237680224928]"
50,20,914,1,0.010735859494789876,1.6887749713510891,True,False,[7],[0.11067190151019679]
50,21,1152,1,0.012275341418483618,1.5535646612997387,True,False,[5],[0.07894593896243828]
50,23,780,1,0.013897805668648967,1.9611977987873963,True,False,[8],[0.11295950268541648]
51,0,43,1,0.011863624128277964,1.55144807629891,True,False,[7],[0.09655032400666685]
51,1,925,2,0.011305902458185768,1.6856891175869002,True,False,"[8, 12]","[0.1437101686371392, 0.13497752128707333]"
51,3,354,1,0.01181060334754597,1.468886905125357,True,False,[12],[0.10570141734038942]
51,4,51,1,0.013004463677729967,1.3702175094808713,True,False,[12],[0.1628110032927645]
51,6,1010,1,0.01246380447470202,1.7621990418164268,True,False,[12],[0.08933162977973018]
51,8,237,3,0.007534342509258496,1.462406925370336,True,False,"[7, 8, 12]","[0.1332961192236123, 0.12219879747190766, 0.04333688097135173]"
51,10,523,1,0.020123527761949315,1.55107368853482,True,False,[5],[0.1727675877836591]
51,11,0,1,0.01525478724383965,1.4310519418560537,True,False,[5],[0.1066291435504003]
51,12,7,1,0.011092526852687497,1.5708759002205956,True,False,[8],[0.08988038794032657]
51,13,122,2,0.008700466974575822,1.4256558842194837,True,False,"[12, 15]","[0.13558323463911826, 0.18393768837449126]"
51,14,807,1,0.018556369650842414,1.840365620089285,True,False,[5],[0.09355789225079669]
51,15,123,2,0.01221936058937916,1.4010379368616122,True,False,"[7, 15]","[0.16458482729753346, 0.14217876627540343]"
51,17,751,2,0.010095298682236744,1.4418441115643283,True,False,"[8, 15]","[0.10553215404447262, 0.14604184905200737]"
51,18,1105,2,0.01668424970944121,1.6955143018304326,True,False,"[11, 16]","[0.06523524744665923, 0.12394957370882449]"
51,19,937,1,0.012300291943640919,1.9405281553362446,True,False,[10],[0.04784682099053767]
51,20,914,1,0.011693939365331016,1.7284714629396882,True,False,[5],[0.09040667828309527]
51,22,526,1,0.011427486849252443,1.8567517290861275,True,False,[7],[0.12458208406840406]
51,23,780,2,0.011013869448004967,1.9581442121722048,True,False,"[11, 15]","[0.08565500505369841, 0.05711417588381836]"
52,0,43,1,0.01178793293656212,1.5517490783240502,True,False,[7],[0.09456058325084112]
52,1,1233,1,0.02078645616455027,1.3424733233697246,True,False,[8],[0.14674870809162724]
52,3,354,2,0.010012541379779836,1.478601317206546,True,False,"[8, 12]","[0.1499604832885241, 0.11671399975065541]"
52,4,51,1,0.013143477535589162,1.3755945080274459,True,False,[15],[0.1262418227320206]
52,5,932,1,0.012502377896232778,1.5062729747495471,True,False,[5],[0.0980515484305014]
52,6,925,1,0.014190263404470008,1.7050671896154512,True,False,[5],[0.10297825574671846]
52,8,132,1,0.01233689923618322,1.3345369509084175,True,False,[15],[0.1269525971839596]
52,9,523,1,0.020416303322363518,1.55230348450146,True,False,[17],[0.08948897722166371]
52,10,0,1,0.014160301084589306,1.4607057123074507,True,False,[5],[0.15258589684519375]
52,11,7,1,0.013456817055213982,1.5695605365124832,True,False,[7],[0.15332368346865988]
52,12,122,1,0.01301120335095228,1.4287861025953548,True,False,[12],[0.12251484173382061]
52,13,1010,2,0.010228081270652825,1.769588418344305,True,False,"[8, 15]","[0.14205465895564748, 0.1681262944749514]"
52,14,662,1,0.01334464387528673,1.6376358991438398,True,False,[12],[0.13568665464950277]
52,15,751,2,0.011886143631821833,1.4431988281598227,True,False,"[7, 15]","[0.16667006927916433, 0.14577468394945425]"
52,16,1105,1,0.016324154977863006,1.7106217213801351,True,False,[11],[0.07334541010996444]
52,17,937,1,0.014533414667795055,1.936908395172749,True,False,[12],[0.15553380624538496]
52,18,914,1,0.014166009366326357,1.729927573098109,True,False,[7],[0.17883325966282196]
52,20,807,2,0.01229123419920817,1.8459233220327413,True,False,"[7, 12]","[0.12240422663256252, 0.09138036374983327]"
52,21,123,1,0.011350850217198376,1.432964243612188,True,False,[8],[0.12764683804819]
52,22,1081,1,0.013525371655862936,1.694119573775879,True,False,[8],[0.12254491757945872]
52,23,780,1,0.01214897909935897,1.983443134322284,True,False,[7],[0.10537561464931164]
53,0,43,1,0.012391404470545197,1.5838840485318086,True,False,[15],[0.10947439313645614]
53,1,1233,1,0.012946327566041077,1.3616928028446484,True,False,[8],[0.11320738777132977]
53,2,631,1,0.010932067284225262,1.7182750857732796,True,False,[12],[0.13487517187653253]
53,3,354,2,0.009927039122260657,1.4900813086102003,True,False,"[8, 12]","[0.1412678341967352, 0.10276722901673059]"
53,4,51,2,0.008962125796928433,1.3812809061682132,True,False,"[8, 12]","[0.15889893187918513, 0.17522955004629595]"
53,5,932,1,0.012832231944633279,1.5050728821538997,True,False,[15],[0.1337456454958019]
53,6,925,1,0.014374304281963205,1.7237052895380165,True,False,[5],[0.11776306670846681]
53,7,237,1,0.01383982941798265,1.4633538211593164,True,False,[7],[0.14145920262676068]
53,8,132,2,0.010494119000123517,1.3546459488680496,True,False,"[7, 8]","[0.13612892285638817, 0.13765644551623604]"
53,9,523,2,0.016206068250551313,1.5521785257087204,True,False,"[8, 17]","[0.16410772335794363, 0.15138428658111341]"
53,10,0,2,0.010039754551991983,1.4584797156330822,True,False,"[6, 15]","[0.03635260604979871, 0.1654701539681758]"
53,11,7,1,0.012966974350237885,1.5692468656229137,True,False,[7],[0.15103154578738928]
53,12,122,2,0.00896982008905892,1.4375673648110374,True,False,"[8, 15]","[0.10580308858324292, 0.19221029127489248]"
53,14,662,1,0.010966045806899192,1.641577929081172,True,False,[7],[0.1844273731256568]
53,15,751,1,0.011965969607305116,1.44862575653366,True,False,[15],[0.1240231618329449]
53,16,1105,2,0.01148406261769458,1.7194528255137413,True,False,"[7, 11]","[0.15790419798669375, 0.08549190993781815]"
53,17,937,2,0.009787842970425335,1.9411391143108605,True,False,"[8, 12]","[0.10807628409886069, 0.14522238607922522]"
53,19,1152,1,0.011299671204301833,1.5695259801267696,True,False,[5],[0.12325000091368228]
53,20,807,1,0.014962581672601637,1.8831858102773962,True,False,[5],[0.12119300038329173]
53,21,123,1,0.01072929503267501,1.4658867714414892,True,False,[8],[0.13085883409179716]
53,22,1081,1,0.013675270854730677,1.714201108447856,True,False,[5],[0.12222531626408076]
53,23,780,1,0.01291492967347246,1.9858112239006251,True,False,[8],[0.10633781149407165]
54,1,1233,1,0.013353840357597239,1.3848494435468042,True,False,[8],[0.12452125816454647]
54,2,631,1,0.01299596546242717,1.7347999555917306,True,False,[8],[0.1397944748193188]
54,5,932,1,0.013207416509915694,1.5091662176103402,True,False,[7],[0.11370398395901248]
54,6,925,1,0.011829402518864668,1.7577599184142991,True,False,[7],[0.14612094904039052]
54,7,237,1,0.01235496070078874,1.4633830516404498,True,False,[8],[0.12781094181666575]
54,8,132,1,0.01397471198025743,1.3539377269071442,True,False,[5],[0.14187180881479133]
54,9,523,1,0.020035612890748393,1.574895713408768,True,False,[5],[0.07773067458987104]
54,10,0,1,0.013239150142606952,1.4870841810806508,True,False,[7],[0.16728406241972596]
54,11,7,2,0.011172079845048909,1.5753447295587766,True,False,"[7, 8]","[0.16047690847905893, 0.1631529455322458]"
54,12,122,1,0.011452188226353695,1.45226715038674,True,False,[8],[0.10293274523217982]
54,14,662,2,0.008537119817860966,1.6463924371742622,True,False,"[7, 12]","[0.17511069541955177, 0.14162537878269957]"
54,15,751,2,0.008434134109728271,1.4627370392400578,True,False,"[7, 8]","[0.15758126227307243, 0.11141495581402465]"
54,16,1105,2,0.010977700916336075,1.7245062413382732,True,False,"[7, 8]","[0.16598770905526863, 0.15450630649769068]"
54,17,937,3,0.007809037752074831,1.9493532072652757,True,False,"[7, 8, 12]","[0.13360944046258058, 0.11874901454810216, 0.13769439839660327]"
54,18,914,1,0.012520205441075752,1.7504460340921344,True,False,[7],[0.1375604396740467]
54,20,807,1,0.016075112900646997,1.8984076875243672,True,False,[7],[0.12455967591921602]
54,22,1081,1,0.012711337182658843,1.7382416800164415,True,False,[5],[0.1371017555141942]
54,23,780,2,0.010189913424761736,1.9916861675700746,True,False,"[7, 12]","[0.11987788725818165, 0.14074186355913165]"
55,1,1317,2,0.024487435998865714,1.5842867479204397,True,False,"[7, 15]","[0.189538793207153, 0.16994842354925765]"
55,2,1233,1,0.011660655073186222,1.403317971120992,True,False,[7],[0.13939715094472477]
55,3,631,1,0.013522606203785948,1.7542793030320858,True,False,[15],[0.10653314194051154]
55,4,354,2,0.009423982397897832,1.499518471696048,True,False,"[7, 12]","[0.16319408434545785, 0.2028259318565718]"
55,5,51,1,0.012833125561599885,1.4120958972731008,True,False,[5],[0.09714307379530356]
55,6,932,2,0.009022226568379877,1.5228831981996103,True,False,"[7, 8]","[0.16050541732729315, 0.12728394303640947]"
55,7,925,1,0.013931736002195182,1.7577559449889142,True,False,[15],[0.10838128147961934]
55,8,237,2,0.008163900270026243,1.4701805992744377,True,False,"[8, 15]","[0.14153774949213682, 0.1355972373009035]"
55,9,132,2,0.008815105986324854,1.3629250280187177,True,False,"[7, 8]","[0.11945888326507464, 0.1639711261889634]"
55,10,523,1,0.018152494060249616,1.5743909647701446,True,False,[8],[0.12984857914242715]
55,11,0,1,0.014387110731404593,1.4866982137724796,True,False,[6],[0.08217306064317365]
55,12,7,1,0.01031448796918837,1.6095232280877079,True,False,[8],[0.08888517536323852]
55,13,122,2,0.00994807771386716,1.4575158083786766,True,False,"[8, 12]","[0.13248999776172324, 0.14093899275118782]"
55,16,751,1,0.012335329459883821,1.4608073072562908,True,False,[15],[0.15251670825566607]
55,17,1105,1,0.015498975057031666,1.759937467239658,True,False,[5],[0.11198705003664601]
55,18,937,2,0.009637714472043767,1.951178712377359,True,False,"[8, 15]","[0.1549482923025145, 0.15947562841721818]"
55,20,1152,1,0.011092048171022188,1.594147347981942,True,False,[5],[0.11424796683156734]
55,21,807,2,0.013363145841680241,1.9336925422780231,True,False,"[7, 12]","[0.17176231243948295, 0.11393178462513691]"
55,22,123,1,0.012847498821467473,1.4941493913046702,True,False,[8],[0.11756897892778283]
55,23,780,2,0.010594038764876919,1.996910942898182,True,False,"[7, 11]","[0.1056288997812546, 0.08026100853296728]"
56,0,43,1,0.011105116911406664,1.5847413300989563,True,False,[7],[0.10600448357199739]
56,1,1317,1,0.01389482449848904,1.59282353898091,True,False,[5],[0.10599921207721834]
56,2,1233,3,0.0079236532884119,1.413525028349203,True,False,"[7, 8, 15]","[0.15977929276203456, 0.15806168890932923, 0.12372491328413503]"
56,3,631,4,0.009585026012802792,1.7638956705299134,True,False,"[8, 12, 15, 16]","[0.15119372632663355, 0.12376155237684562, 0.1365269725087448, 0.07003792313087519]"
56,4,354,2,0.010156399251578475,1.504454011282792,True,False,"[7, 12]","[0.1587566660782877, 0.20069230535317237]"
56,5,51,2,0.010020405298833683,1.4122020512007376,True,False,"[7, 15]","[0.13487093785852478, 0.13565157221003957]"
56,7,925,1,0.013285832145028823,1.775608543834356,True,False,[7],[0.12387120643644835]
56,8,237,1,0.012384136453683343,1.4701760974670186,True,False,[8],[0.13625396262536238]
56,9,132,2,0.009536738832065197,1.365572959595138,True,False,"[8, 12]","[0.14184209419439536, 0.03913802552542586]"
56,10,523,1,0.020554193984767138,1.5647872413160624,True,False,[17],[0.17952220937057747]
56,11,0,1,0.014445098654088766,1.4873197999019294,True,False,[6],[0.08201380227385846]
56,12,7,1,0.01069924144448233,1.6390437907216016,True,False,[8],[0.08854284238543146]
56,13,122,2,0.009032238643926011,1.459116496210687,True,False,"[7, 12]","[0.1310677699603043, 0.145991554647929]"
56,14,1010,1,0.012885901555655728,1.7634690148623624,True,False,[15],[0.15562559462002257]
56,15,662,1,0.013006353743471217,1.6824639919795554,True,False,[5],[0.11678891513939195]
56,16,751,1,0.011690186160419306,1.4607366180376202,True,False,[15],[0.1601289885027499]
56,17,1105,2,0.010574165619851972,1.768544729044297,True,False,"[7, 8]","[0.1413164643755843, 0.12714191458842333]"
56,19,914,1,0.011115011693764143,1.747896804652263,True,False,[8],[0.08559871672195246]
56,20,1152,1,0.012206045802748273,1.6065588296707725,True,False,[7],[0.12231754658553601]
56,21,807,1,0.02062381993512589,1.9419864266545876,True,False,[11],[0.09760160457698878]
56,22,123,1,0.013229670291621877,1.5076492797129608,True,False,[5],[0.1405132005931523]
56,23,780,2,0.009977994771710406,1.9941632896351247,True,False,"[7, 11]","[0.1236019824747822, 0.10854280839105908]"
57,0,43,1,0.011696077486337277,1.6177219002363084,True,False,[15],[0.09829671227356274]
57,1,1317,2,0.009027934104436476,1.6011984044708854,True,False,"[8, 15]","[0.12053400935937834, 0.16958711968489773]"
57,3,631,1,0.012650531219477495,1.773706387436476,True,False,[7],[0.1136502680275234]
57,4,354,1,0.012660923439031233,1.5105525394856614,True,False,[12],[0.18288240656412294]
57,5,51,1,0.011345417439724035,1.4136148478847974,True,False,[15],[0.13859962565052936]
57,6,932,3,0.009365264705197747,1.537819249560515,True,False,"[7, 8, 15]","[0.1782551143274611, 0.1446576815050985, 0.14801126411045917]"
57,7,925,1,0.013154186100793297,1.7971110560015635,True,False,[5],[0.12528084423895064]
57,8,237,2,0.008600290616771988,1.4775836798326156,True,False,"[7, 15]","[0.11831705378937055, 0.14549194706750535]"
57,9,132,3,0.008088988143779879,1.3714476764516281,True,False,"[7, 8, 15]","[0.13874964487780975, 0.14288146711699876, 0.11508413381238476]"
57,10,523,1,0.02073874688357148,1.5392175596045032,True,False,[17],[0.19646893286289335]
57,11,0,1,0.014587766183241709,1.4925810462417985,True,False,[5],[0.08737722561090061]
57,12,7,1,0.012754180511321515,1.6390281140423892,True,False,[7],[0.15013380155902464]
57,13,122,2,0.011716131252762323,1.4602880107950826,True,False,"[8, 15]","[0.165737193241562, 0.19710458176358725]"
57,14,1010,3,0.007806653721672104,1.7633140484245247,True,False,"[8, 12, 15]","[0.08935117982403717, 0.15346825969562833, 0.16685882266900778]"
57,15,662,2,0.009464832989666407,1.6945937187999918,True,False,"[7, 12]","[0.15667693667100321, 0.15082657681758216]"
57,16,751,1,0.013206315030161257,1.462779237690294,True,False,[7],[0.1585220583371583]
57,17,1105,1,0.014051601070151108,1.7889724488676721,True,False,[7],[0.1258191727483208]
57,18,937,2,0.012650465496713687,1.9471448592034062,True,False,"[7, 12]","[0.15397505740938106, 0.16997628962142114]"
57,19,914,1,0.012596352723519366,1.7450834865210085,True,False,[8],[0.09928988226129101]
57,21,807,1,0.016781477948600007,1.9850696258746945,True,False,[5],[0.09820432388607132]
57,22,123,1,0.013489538798208793,1.5071474656756372,True,False,[12],[0.11713284888453013]
58,0,43,2,0.007639539195585974,1.632702985496851,True,False,"[7, 15]","[0.10212532848886233, 0.08578211978101158]"
58,1,1317,1,0.011710796384924376,1.614151548088101,True,False,[7],[0.18490558123004988]
58,2,1233,1,0.011110903633522396,1.4303170950073756,True,False,[7],[0.18506558915736482]
58,4,354,1,0.014036663432151484,1.5113552764226497,True,False,[5],[0.1483646565208414]
58,5,51,1,0.013779279855377415,1.4167662030065271,True,False,[8],[0.11967894758985077]
58,6,932,1,0.014036896545295462,1.55753677516338,True,False,[7],[0.17434203233112053]
58,7,925,1,0.013485893794651689,1.8183531732041138,True,False,[5],[0.15699029385445099]
58,8,237,1,0.0122888370977325,1.4775672524945191,True,False,[8],[0.14133700584770795]
58,9,132,1,0.013816061442036433,1.3788574722811164,True,False,[15],[0.12487288571890738]
58,10,523,2,0.016531145886420268,1.538196723082042,True,False,"[8, 16]","[0.17252200339241835, 0.17938415537625954]"
58,11,0,1,0.013788065445142985,1.494149963237667,True,False,[6],[0.08554076072464634]
58,12,7,1,0.01091035222310641,1.672608384942513,True,False,[8],[0.09193849532410815]
58,13,122,2,0.0126712928603872,1.4597707669534408,True,False,"[8, 15]","[0.175351869520467, 0.215103137813985]"
58,14,1010,1,0.011557006611692077,1.7633753912807248,True,False,[7],[0.16781259519165379]
58,15,662,3,0.01055672174509001,1.7101109575781421,True,False,"[7, 8, 15]","[0.17796769011603053, 0.11713549146888226, 0.1540823687901514]"
58,16,751,1,0.013287316208576094,1.4718704388488917,True,False,[5],[0.10597672232894667]
58,17,1105,2,0.014641896171996906,1.7878683042570438,True,False,"[8, 15]","[0.1745384414416136, 0.19246693445980045]"
58,18,937,4,0.010021232356768809,1.939433352378199,True,False,"[8, 10, 12, 15]","[0.1923217781047172, 0.07630339662721519, 0.19279936717584484, 0.15338164742630564]"
58,19,914,1,0.010636224404708081,1.7859732092266825,True,False,[5],[0.12047963859568254]
58,20,1152,2,0.010401397057186576,1.6122943153142493,True,False,"[8, 15]","[0.13345070187967562, 0.17241278362385581]"
58,21,807,2,0.013257661476605627,1.99590719609093,True,False,"[7, 11]","[0.18421470199550002, 0.13683112349773563]"
58,22,123,1,0.012265133157554177,1.506402586782582,True,False,[7],[0.12388310962761276]
58,23,780,2,0.01041532931375362,1.9951679429165339,True,False,"[8, 15]","[0.1192610957449663, 0.1050416709828609]"
59,0,43,1,0.011544174538537549,1.6327097848141054,True,False,[7],[0.10572331819908491]
59,2,1233,1,0.012791968697042308,1.446382860024331,True,False,[5],[0.1301062590066866]
59,3,631,2,0.00855645726500086,1.7946046689695323,True,False,"[7, 8]","[0.10926232048864136, 0.15196819486591803]"
59,5,51,2,0.011036928670587257,1.4059793814005914,True,False,"[8, 12]","[0.127817711936301, 0.0607349225182488]"
59,6,932,1,0.014059333183672371,1.5874142968770641,True,False,[5],[0.12451019490843628]
59,8,237,1,0.01278893911893341,1.470154430212274,True,False,[7],[0.13511585442555293]
59,9,132,1,0.013097997172251128,1.3998905727719169,True,False,[5],[0.08342246611833345]
59,10,523,2,0.01740112798140279,1.5397901741648958,True,False,"[7, 17]","[0.20659661234409105, 0.22866500427434752]"
59,11,0,2,0.009516500124025253,1.5000815178492,True,False,"[6, 15]","[0.07819709051379525, 0.12510923231750146]"
59,12,7,1,0.010089829131600813,1.7092160155535456,True,False,[8],[0.09491845731492742]
59,15,662,1,0.014533236299994748,1.726519397747013,True,False,[8],[0.13361182211252814]
59,16,751,1,0.0128543083892057,1.473059105814788,True,False,[7],[0.1555225975026497]
59,17,1105,2,0.012101128922740453,1.7901749730428966,True,False,"[7, 11]","[0.134018676279044, 0.10186922365263015]"
59,18,937,2,0.011662195381756675,1.939090960528951,True,False,"[7, 12]","[0.14130223439136946, 0.16057065383780017]"
59,21,807,1,0.018148196437617094,2.0203066645990617,True,False,[12],[0.12850593255672654]
59,22,123,2,0.008284043537549456,1.5193850140843757,True,False,"[7, 8]","[0.12227073237320446, 0.1128415775930989]"
59,23,780,2,0.010713071851624473,1.9922203021375418,True,False,"[7, 8]","[0.11263502188129608, 0.11093604204553231]"
60,0,43,1,0.012674464446894585,1.6353303491327598,True,False,[12],[0.08192876978435551]
60,1,1317,1,0.013417063734904146,1.6190377781415481,True,False,[5],[0.09533015736679537]
60,2,1233,1,0.012932639061856736,1.4601207000018999,True,False,[5],[0.13724733731690217]
60,3,631,3,0.007715849486995453,1.8103092166551071,True,False,"[7, 8, 15]","[0.1058856143638105, 0.15732577836402808, 0.1371471319504288]"
60,4,354,1,0.013267686782489432,1.518330863980222,True,False,[7],[0.16185962299832554]
60,5,51,1,0.014143760962928395,1.4059526004740368,True,False,[8],[0.14047326650311995]
60,7,925,1,0.013415298885741809,1.8324776135857226,True,False,[7],[0.11693521562355255]
60,8,237,1,0.012885180753073414,1.4697474535738864,True,False,[8],[0.14457670460760802]
60,9,132,3,0.007847843237090445,1.4081594906886388,True,False,"[7, 8, 15]","[0.137045059459415, 0.1324396967303065, 0.1138432724057296]"
60,10,523,2,0.014903470337531912,1.53249453470233,True,False,"[12, 15]","[0.21104984615870517, 0.1816043125500887]"
60,11,0,2,0.009186757028741159,1.5110787472748073,True,False,"[6, 16]","[0.07100100188165058, 0.08331763138801877]"
60,13,122,4,0.008114430400406504,1.4608152888233248,True,False,"[7, 8, 15, 17]","[0.12000571334841684, 0.1772828922061177, 0.20107486571980504, 0.12300225289532156]"
60,14,1010,1,0.01135372627330916,1.7633145965643515,True,False,[7],[0.15979815588607169]
60,15,662,1,0.01201125377634266,1.7458478393381194,True,False,[7],[0.15705037488582654]
60,16,751,1,0.01172156337624046,1.4821806606242856,True,False,[8],[0.1492976332440141]
60,17,1105,2,0.01308703616626174,1.7830598595467197,True,False,"[8, 16]","[0.18360986186866157, 0.06357579211654622]"
60,18,937,2,0.011661945991235722,1.9403181565179741,True,False,"[7, 12]","[0.13970318532505796, 0.15336988981767458]"
60,19,914,1,0.013017652707105414,1.7841996169762941,True,False,[8],[0.12268417612485472]
60,21,807,3,0.016265728565748486,2.0473277459935493,True,False,"[7, 12, 15]","[0.19832820345198443, 0.15066942069546949, 0.14513384624233863]"
60,22,1417,1,0.028759335906840308,1.6517737747522714,True,False,[7],[0.12647822521405713]
60,23,780,1,0.012066567928805338,1.9914162162168143,True,False,[12],[0.16090166776482182]
61,0,43,1,0.015115984622081425,1.6358321098297615,True,False,[5],[0.07812653407448251]
61,1,1317,1,0.011519755006848076,1.6357985288601549,True,False,[7],[0.18858971994922552]
61,4,354,2,0.010456223826936945,1.5177054719236887,True,False,"[8, 16]","[0.15896271093000808, 0.04804983537336435]"
61,5,51,2,0.009050013381260694,1.4053216268998343,True,False,"[8, 15]","[0.14508707321256328, 0.13940602821106643]"
61,6,932,1,0.011214798796358215,1.5934851356495514,True,False,[15],[0.14725681296095278]
61,7,925,1,0.012575170113615863,1.8365807968059789,True,False,[8],[0.1684853486155498]
61,10,523,3,0.011450236746693472,1.5279453624185066,True,False,"[8, 12, 17]","[0.1763695584437509, 0.2247928172440456, 0.24999945618501723]"
61,11,0,1,0.012909423168775894,1.526221751217336,True,False,[6],[0.06836746049169391]
61,13,122,3,0.009851302474052148,1.4595669160561677,True,False,"[7, 15, 17]","[0.14025000868241363, 0.20396008467462567, 0.1619700577525079]"
61,15,662,1,0.012338946985998018,1.7671759859281964,True,False,[7],[0.16494667363381868]
61,16,751,2,0.008860995499565726,1.4873882273250851,True,False,"[7, 8]","[0.16573871900896414, 0.15918608452672509]"
61,17,1105,2,0.010335151132573807,1.7985116054419845,True,False,"[7, 8]","[0.1261023261801043, 0.1526083015924728]"
61,18,937,1,0.012251049340571337,1.9784651625681648,True,False,[5],[0.1413096596303837]
61,20,1152,1,0.01168473299370852,1.6314087452312362,True,False,[7],[0.11925439404077054]
61,21,807,1,0.016175802687856684,2.081464874641059,True,False,[7],[0.2144649923006657]
61,22,1417,1,0.0124933946762847,1.666113126531892,True,False,[5],[0.1291589755105153]
61,23,780,1,0.01429910964035734,1.9932368760465735,True,False,[7],[0.09760748526145195]
62,0,43,2,0.010477399816728314,1.65599332846631,True,False,"[12, 15]","[0.09473521655722729, 0.08682470333231992]"
62,1,1317,3,0.008358802681355677,1.6423266704468182,True,False,"[7, 12, 15]","[0.1989984868162146, 0.14251231966181716, 0.19886952359226032]"
62,2,1233,1,0.011969800044252604,1.4692421599194243,True,False,[8],[0.1619694713165571]
62,3,631,3,0.011964773965728835,1.8100794847146793,True,False,"[8, 15, 16]","[0.18254477027904728, 0.16179853370110914, 0.1145691437764015]"
62,5,51,1,0.012880002656710037,1.4321938867677713,True,False,[5],[0.10439325379668261]
62,6,932,1,0.014002759788730201,1.6138563881028212,True,False,[7],[0.18347594001426556]
62,8,237,1,0.012521201087941842,1.469831450313932,True,False,[8],[0.15585937200519562]
62,9,132,2,0.01227116057328186,1.4113430701311982,True,False,"[12, 15]","[0.06335652864436496, 0.13474729806950606]"
62,10,523,2,0.012799795493999242,1.5336832720893299,True,False,"[7, 15]","[0.18387351530007148, 0.21839861420854143]"
62,11,0,1,0.013115223121451622,1.55176159677951,True,False,[7],[0.15667671756646473]
62,12,7,2,0.007984672587767026,1.7268558141429446,True,False,"[7, 8]","[0.1475955788298752, 0.08609983363275156]"
62,13,122,2,0.010084094019995361,1.4661063783023671,True,False,"[7, 8]","[0.14395566462689377, 0.1675648702216503]"
62,14,1010,3,0.008415442783071936,1.7655821047908493,True,False,"[8, 12, 15]","[0.10440243123253357, 0.15609916094264484, 0.1629581890740452]"
62,15,662,3,0.009864503052181887,1.7905042003146572,True,False,"[7, 8, 12]","[0.1633577420932123, 0.13194099826294783, 0.16613341790649785]"
62,16,751,1,0.012574871932478289,1.4978820487252744,True,False,[5],[0.14093546142256727]
62,17,1105,1,0.012688688418070835,1.8280483318978116,True,False,[7],[0.1476022851616215]
62,18,937,2,0.010418815117126725,1.9878528810015474,True,False,"[7, 12]","[0.1302445440626792, 0.12789673167508084]"
62,20,1152,1,0.011024857438862848,1.660879669024916,True,False,[5],[0.10971278221353431]
62,21,807,1,0.019445861853209966,2.1080860481867787,True,False,[16],[0.06536182648568965]
62,22,1417,1,0.01254015301836805,1.6653958992824678,True,False,[7],[0.1311497652786162]
63,0,43,1,0.0130928438799297,1.6532233352054944,True,False,[12],[0.1083939996287332]
63,1,1317,1,0.012220942932155136,1.6411185379094178,True,False,[12],[0.14492987419186087]
63,2,1492,1,0.03441639708271107,1.6195563564974715,True,False,[5],[0.11830640280554934]
63,3,631,1,0.012359085759215854,1.8318217508609145,True,False,[8],[0.1727216853979862]
63,4,354,1,0.012257031614579656,1.5307858854673373,True,False,[7],[0.15335994005802855]
63,5,51,2,0.009740374523535253,1.433207657247407,True,False,"[8, 15]","[0.14244819603648043, 0.16102592378575775]"
63,6,1233,1,0.012458130632735298,1.477958432393548,True,False,[7],[0.15256548777181234]
63,7,132,2,0.011579806264823583,1.403732279573729,True,False,"[7, 12]","[0.17498113625798992, 0.17575415196072344]"
63,8,523,1,0.0197511163869663,1.5478270166906822,True,False,[5],[0.11662653336488976]
63,9,0,2,0.011144070564936815,1.550821514600937,True,False,"[7, 16]","[0.1567843081590272, 0.08117262794742276]"
63,10,7,1,0.013649308690224692,1.7307684214367243,True,False,[5],[0.14725750697650805]
63,11,122,1,0.013393532260035163,1.483959461423517,True,False,[8],[0.17354849493791838]
63,12,932,1,0.012673289039291807,1.6404637028471627,True,False,[5],[0.12935947665803157]
63,14,237,3,0.009601052620625316,1.4731396435683999,True,False,"[7, 15, 17]","[0.16306585620168337, 0.1911937656207181, 0.07811688162916663]"
63,15,937,2,0.010550512565357651,2.0017974255202198,True,False,"[7, 12]","[0.17650256798889327, 0.16828294747110065]"
63,16,914,1,0.012027316026810616,1.7755142021106058,True,False,[8],[0.14609190667846242]
63,18,1010,1,0.011844060754119813,1.765003634355204,True,False,[15],[0.15370301269539732]
63,19,662,1,0.013722006550147796,1.7958152692620166,True,False,[7],[0.16042972708653186]
63,20,751,1,0.011726717120606956,1.5274076336751596,True,False,[8],[0.12354790241590023]
63,21,1105,3,0.01028495756445959,1.8311758171790715,True,False,"[7, 8, 16]","[0.2049199871025886, 0.17014987354982966, 0.13051994594099903]"
63,22,807,2,0.015389519402255207,2.097927325349443,True,False,"[11, 12]","[0.10211619680359847, 0.13571374446059264]"
63,23,780,1,0.01287722432645731,1.9977890670635352,True,False,[11],[0.11443298053126752]
64,0,1525,1,0.01833432786879223,1.8378585925389446,True,False,[12],[0.1448247622166427]
64,1,43,1,0.01327330462543941,1.657630332214469,True,False,[8],[0.11487599644953918]
64,2,1317,1,0.011282033807598176,1.6437121659882803,True,False,[7],[0.17558521689291853]
64,3,1492,1,0.013032658917435762,1.6088180654170192,True,False,[16],[0.11405286984682925]
64,4,631,2,0.008968045935721172,1.852004890211991,True,False,"[8, 12]","[0.151384304023869, 0.19959800796558658]"
64,5,354,1,0.013686408146469802,1.5272094782462202,True,False,[8],[0.15539957107072166]
64,6,51,1,0.013683616318863638,1.4596267534635963,True,False,[5],[0.11366838679443035]
64,7,1233,1,0.012194089056236115,1.494285174235241,True,False,[8],[0.1693162548733773]
64,8,132,1,0.011474512669527523,1.4182505823511982,True,False,[15],[0.13813975381541524]
64,9,523,2,0.013797557959346467,1.5530143232516196,True,False,"[8, 12]","[0.12857544695705037, 0.08216777971150804]"
64,10,0,2,0.008837139010191042,1.5655220690125784,True,False,"[7, 16]","[0.18154678932280666, 0.1789701909095007]"
64,12,122,1,0.01327370874121961,1.5067893040543412,True,False,[5],[0.15016652504912428]
64,14,925,1,0.012255492807308165,1.8641136171567572,True,False,[7],[0.19596900515239493]
64,15,237,2,0.010809546095062643,1.494946667251164,True,False,"[8, 15]","[0.1437574421239706, 0.1446798382303658]"
64,16,937,3,0.007671239786909821,2.0107626399040566,True,False,"[7, 8, 15]","[0.14400399403855707, 0.1420230274474909, 0.15708632214012944]"
64,17,914,1,0.012401574165332862,1.8044918335173847,True,False,[5],[0.10774371692469417]
64,19,1010,2,0.010404747419650341,1.7677907846246883,True,False,"[7, 15]","[0.17818835357724885, 0.16595875240208208]"
64,20,662,1,0.01370795173288472,1.794861041636878,True,False,[12],[0.11437994056501732]
64,21,751,2,0.009641356507419914,1.5310625934517847,True,False,"[7, 15]","[0.1849075715787905, 0.1417069450773354]"
64,22,1105,1,0.01674744494175877,1.837431899051483,True,False,[8],[0.14073892038363917]
64,23,807,1,0.020110576298113258,2.10926061845499,True,False,[7],[0.1272098876102121]
65,0,1525,1,0.016093198066398886,1.8557963136920526,True,False,[5],[0.14196429409693828]
65,1,43,1,0.012111051443997786,1.6585674700931279,True,False,[7],[0.17779355352759543]
65,2,1549,1,0.02840322044634502,1.7122377476223598,True,False,[5],[0.12046965779442723]
65,3,1317,1,0.012261343739821906,1.6529909271009757,True,False,[12],[0.12935597640180643]
65,5,631,1,0.012083116744717574,1.8744987599739802,True,False,[5],[0.11640708540906372]
65,6,354,1,0.013359885790973192,1.542345882483814,True,False,[5],[0.11405923536641978]
65,7,51,1,0.013518951376368283,1.4565113778741536,True,False,[7],[0.18655910010850082]
65,8,1547,2,0.01778266766890895,1.7535903772771575,True,False,"[7, 8]","[0.12934288015968362, 0.13281968972315558]"
65,9,1233,1,0.01177640253057328,1.5036552568402701,True,False,[7],[0.15324682911972337]
65,10,132,1,0.012277493177231273,1.435822794454609,True,False,[5],[0.14926051236316626]
65,11,523,1,0.018354326204124295,1.5553223897330872,True,False,[5],[0.08952001870225443]
65,12,0,2,0.011809638138607536,1.5638742417757172,True,False,"[6, 15]","[0.023856385367028964, 0.1854934250979705]"
65,13,7,2,0.01004997507317336,1.7450617856667099,True,False,"[7, 8]","[0.13258817589875896, 0.150516721130038]"
65,14,122,1,0.014231387497651985,1.5237476188313026,True,False,[5],[0.10410371132607506]
65,15,932,1,0.013403137046121375,1.6688190749452685,True,False,[5],[0.12779247937838994]
65,16,925,1,0.012813527216045461,1.8930764720851971,True,False,[7],[0.13562210264132543]
65,17,237,2,0.0075939555870376055,1.4959087580652894,True,False,"[7, 8]","[0.13983188652948988, 0.15864730409742278]"
65,20,1152,1,0.011479624282715142,1.6817471988552812,True,False,[7],[0.1235959716532222]
65,21,1010,2,0.01087108984165311,1.7672180272682165,True,False,"[7, 15]","[0.18913445100219972, 0.16217544179578658]"
65,22,662,1,0.013078880215777067,1.8255965251931963,True,False,[5],[0.15200305871910652]
65,23,1105,2,0.011138260293066393,1.8398631096979443,True,False,"[7, 15]","[0.1321557421888425, 0.13471060264499946]"
66,0,1525,2,0.0098688014593944,1.8737134060608924,True,False,"[7, 8]","[0.10938557259893043, 0.15156031196491113]"
66,1,43,2,0.011880270620446182,1.6613390122459852,True,False,"[8, 16]","[0.12610719044269145, 0.03747737582523922]"
66,3,1317,1,0.01255817030212399,1.6767897728559864,True,False,[8],[0.18225306442458936]
66,4,1492,1,0.013971693199807745,1.6212639406401241,True,False,[5],[0.15766280958629209]
66,5,631,1,0.013788682206254529,1.8681425394531528,True,False,[7],[0.15914689039742294]
66,6,354,2,0.009028708732034083,1.5480712343697098,True,False,"[8, 12]","[0.13962156970457315, 0.09907107371952978]"
66,7,51,1,0.01338476977121497,1.468077844214614,True,False,[15],[0.10952341536345599]
66,8,1547,1,0.01075178649319284,1.7906344669729393,True,False,[8],[0.12829741593059718]
66,9,1233,1,0.01114657308292657,1.5322645429949975,True,False,[8],[0.12535317915551106]
66,10,132,1,0.013192612605841335,1.4482086137569536,True,False,[8],[0.18972226111444832]
66,11,523,2,0.018430582129139995,1.5570153386138645,True,False,"[8, 17]","[0.19664885167974092, 0.04973830150708254]"
66,12,0,2,0.008187171905495309,1.5691082119162647,True,False,"[7, 15]","[0.1344532333551849, 0.17743727200474163]"
66,13,7,1,0.013203605899177342,1.744448084234495,True,False,[7],[0.14397018500050485]
66,15,932,1,0.011087355164984195,1.7018610404378998,True,False,[7],[0.1597807853613291]
66,16,925,1,0.012244849095105568,1.9349184314526366,True,False,[5],[0.12283571784381062]
66,17,237,3,0.008706909971423054,1.495903468343444,True,False,"[7, 8, 12]","[0.1850561959828578, 0.16359149814818708, 0.1632535578253073]"
66,18,937,1,0.010633677273884345,2.0475846944367557,True,False,[7],[0.10408812782376015]
66,19,914,1,0.012807242069661197,1.799424509419552,True,False,[8],[0.12107791048279254]
66,20,1152,1,0.011042349759524986,1.7142510179551211,True,False,[5],[0.11402546316035439]
66,21,1010,2,0.008504355679017602,1.7832595237362698,True,False,"[8, 15]","[0.15595407139527323, 0.16281475027711623]"
66,22,662,2,0.008803064680840286,1.8376836462475814,True,False,"[7, 8]","[0.12401011871381737, 0.14175672643638704]"
66,23,1105,1,0.014359318583271406,1.8746914527256495,True,False,[5],[0.14092769776066125]
67,0,1525,1,0.012567247210170496,1.9108685816741515,True,False,[7],[0.11112408897994834]
67,1,43,2,0.008949449837394591,1.6572174271727882,True,False,"[7, 12]","[0.1671708164147316, 0.1423357955846702]"
67,3,1317,1,0.01334186150347281,1.6764769636680772,True,False,[5],[0.08636873211142426]
67,4,1492,1,0.01214296575311843,1.6304186382893957,True,False,[7],[0.1520271855445519]
67,5,631,3,0.009721908175500638,1.8620315688329097,True,False,"[7, 12, 15]","[0.1790996577873336, 0.09073025713853222, 0.15796174206609748]"
67,6,354,1,0.01268517774165075,1.5571396497573033,True,False,[12],[0.07974978384992079]
67,7,51,1,0.013302456687714214,1.4876673607439825,True,False,[5],[0.1513591799419081]
67,8,1547,2,0.008784797868936418,1.787987025635886,True,False,"[7, 15]","[0.10930797843416024, 0.14148221046054918]"
67,9,1233,1,0.011862404091880397,1.5381059164518172,True,False,[15],[0.13430319122906106]
67,10,132,1,0.01324340301051769,1.464398893159645,True,False,[8],[0.188901474633296]
67,11,523,2,0.018493271041997734,1.560722762563143,True,False,"[8, 17]","[0.1906450305296349, 0.06781557877568646]"
67,12,0,2,0.01335346497903631,1.5597710850178568,True,False,"[6, 17]","[0.041696059001992164, 0.034501304226457134]"
67,13,7,1,0.013566203491994647,1.7735977037042425,True,False,[8],[0.13529099692523766]
67,14,122,1,0.01227362234353972,1.5240872032464574,True,False,[15],[0.17502320171847197]
67,15,932,1,0.011812833758434694,1.7040521044528525,True,False,[8],[0.14105609986212211]
67,16,925,1,0.01229029250173772,1.9796878193699183,True,False,[5],[0.13510958570926476]
67,18,937,3,0.009265646616812426,2.0571107226950436,True,False,"[7, 8, 12]","[0.11522502049253609, 0.23367043631884266, 0.17429165826593887]"
67,20,1152,1,0.010549262902444833,1.7520035480737863,True,False,[5],[0.10660396348997471]
67,21,1010,2,0.008621560123664754,1.8015104528958066,True,False,"[7, 8]","[0.17591660440731344, 0.1457287940826424]"
67,22,662,1,0.010510757447296184,1.8732402412240914,True,False,[7],[0.11752970945433554]
67,23,1105,2,0.010765619744489438,1.880699522342797,True,False,"[7, 8]","[0.1345792619183196, 0.13461656055730062]"
68,0,1525,1,0.01628769245000906,1.931154273417934,True,False,[5],[0.16277755004708294]
68,1,43,2,0.008785086026244553,1.6600780250103657,True,False,"[7, 8]","[0.14675305356769883, 0.12868739458734121]"
68,3,1317,1,0.01481549501376047,1.6580128889824786,True,False,[15],[0.18291323493035389]
68,4,1492,1,0.013066400074853324,1.6240576841463545,True,False,[12],[0.20035767052964074]
68,5,631,1,0.01437634134847244,1.858654244341935,True,False,[7],[0.18799631771961076]
68,6,354,2,0.009485893384425494,1.5654580603781436,True,False,"[8, 12]","[0.13068929774681834, 0.09608376605445199]"
68,7,51,1,0.01302202398455532,1.5004514344700313,True,False,[15],[0.1246424060086277]
68,9,1233,1,0.010691937447121248,1.5631556073922923,True,False,[8],[0.1336315454979982]
68,10,132,2,0.00914991525660399,1.4829112542760878,True,False,"[7, 8]","[0.17385500446773947, 0.2071206804148344]"
68,11,523,1,0.01765662062694213,1.5856366696017463,True,False,[5],[0.0931279076166392]
68,12,0,1,0.011357338285476568,1.5692419408840907,True,False,[7],[0.1313327037222896]
68,13,7,1,0.014619409241902614,1.7759813706357848,True,False,[15],[0.1964042213980051]
68,14,122,1,0.012762803917228756,1.5233407731234412,True,False,[15],[0.17990823561995656]
68,15,932,2,0.010717940939713245,1.7315486182129012,True,False,"[7, 15]","[0.15767772393621252, 0.15235696538676274]"
68,16,925,2,0.009815799376753392,1.9997949795042993,True,False,"[7, 8]","[0.14938239472250833, 0.16727549660529978]"
68,18,937,1,0.012867294737710965,2.053393547991034,True,False,[8],[0.23081131695681195]
68,19,914,1,0.014228105980640164,1.8074958004353623,True,False,[16],[0.06498334481926588]
68,20,1152,1,0.010848449455372796,1.7817230914680342,True,False,[7],[0.11591212198099844]
68,21,1010,1,0.011564941751691718,1.8020105074899357,True,False,[15],[0.15241339612420102]
68,22,662,1,0.011442011277087494,1.8968536852897542,True,False,[7],[0.11523530619152583]
68,23,1105,1,0.014668188840281607,1.9188257562389681,True,False,[5],[0.13845906311979184]
69,0,1525,1,0.016589028864816373,1.9300669357020663,True,False,[8],[0.2202557848260242]
69,1,43,1,0.012776291088545909,1.6643634736883262,True,False,[5],[0.09402342655668065]
69,4,1492,1,0.012104162446523249,1.6349885444945775,True,False,[7],[0.14068905003038665]
69,5,631,2,0.009345012385288084,1.8640647939835921,True,False,"[7, 8]","[0.17995714378898794, 0.14114236550771567]"
69,6,354,1,0.012628830343668934,1.5755788054662407,True,False,[5],[0.13676370459671808]
69,7,51,2,0.009206174439373205,1.514446222766343,True,False,"[7, 8]","[0.17574440044443138, 0.17318824492165807]"
69,8,1547,2,0.00725409075800941,1.808843803602211,True,False,"[7, 8]","[0.11174598696408068, 0.11999155471029509]"
69,9,1233,1,0.012493420291223892,1.5918479942516428,True,False,[5],[0.09072688595648334]
69,10,132,2,0.00870136131271736,1.4945910174220924,True,False,"[7, 15]","[0.16980280384110974, 0.23962795748619123]"
69,12,0,3,0.009539305796844791,1.5705821964337316,True,False,"[6, 7, 16]","[0.038520344650663875, 0.13233085323029553, 0.04781286715487663]"
69,14,122,1,0.013147571049507898,1.5232903485664018,True,False,[15],[0.18468992450994007]
69,15,932,1,0.012816736741467437,1.7636617451383159,True,False,[5],[0.13164967009323875]
69,16,925,1,0.012055981702958948,2.0382921171986217,True,False,[7],[0.17154439346252998]
69,17,237,2,0.008706418827199108,1.5125068086788114,True,False,"[8, 15]","[0.15048282543410854, 0.18302563909090436]"
69,18,937,1,0.011851139660561612,2.054327421974315,True,False,[8],[0.21703981577246081]
69,19,914,1,0.011856517156407844,1.83965732492939,True,False,[7],[0.16919231757437103]
69,20,1152,1,0.011356178422536108,1.8219691746836566,True,False,[5],[0.10677717139554717]
69,22,662,1,0.013470805807175378,1.9026233096017575,True,False,[7],[0.14064891313196987]
69,23,1105,1,0.015508533252920387,1.9316277318328776,True,False,[7],[0.1550357570778099]
70,0,1525,1,0.015381590146629284,1.9519585504204742,True,False,[7],[0.14921146619021883]
70,1,43,1,0.011417446914413916,1.6684681365799068,True,False,[7],[0.14848894182902567]
70,2,1549,1,0.012365428721837676,1.7453413398506692,True,False,[5],[0.11175028590119458]
70,3,1317,1,0.014876180312303545,1.638608113705149,True,False,[15],[0.216727044255562]
70,5,631,3,0.009392069294466615,1.8614075115253497,True,False,"[8, 11, 12]","[0.1370895657321477, 0.06486944088325605, 0.09445506588588633]"
70,7,51,1,0.013528375098652417,1.5208933550868111,True,False,[7],[0.18081128959455822]
70,8,1547,1,0.009909175136557962,1.8518263430271114,True,False,[8],[0.11281133518789264]
70,9,1233,2,0.0075315070300463124,1.6141425236795297,True,False,"[7, 8]","[0.1403482310978891, 0.1239664996149142]"
70,10,132,3,0.007510082153630462,1.503578363442619,True,False,"[8, 12, 15]","[0.19257875534843513, 0.21992061986296452, 0.2327006839608577]"
70,11,523,3,0.01618098451762205,1.5778043235684516,True,False,"[7, 12, 17]","[0.18617630621065887, 0.1423158459466512, 0.10710687452498215]"
70,12,0,1,0.013663683283390763,1.5990302865344428,True,False,[5],[0.15168280501760445]
70,14,122,1,0.013134568524659811,1.5220723562537648,True,False,[7],[0.20843630564339846]
70,15,932,1,0.011956078078502439,1.8027622638435183,True,False,[5],[0.13649661080995767]
70,16,925,3,0.008570367543565745,2.053304084807897,True,False,"[7, 12, 15]","[0.18215426194269452, 0.15331020458217168, 0.17630832944292973]"
70,17,237,3,0.007898631395057702,1.5283192229102482,True,False,"[7, 8, 15]","[0.1920205841834409, 0.1640224479247841, 0.17326778605219828]"
70,18,937,1,0.012557495320862668,2.0502601713030444,True,False,[12],[0.18320737773086693]
70,20,1152,1,0.011109222925158656,1.8649647230883242,True,False,[5],[0.12057784834223424]
70,21,1010,2,0.009541245829623768,1.8193434955707197,True,False,"[7, 8]","[0.17124254514514797, 0.14544889885836745]"
70,22,662,1,0.01368120344466931,1.9017571071243464,True,False,[8],[0.1674469857661749]
70,23,1105,1,0.015127900148991612,1.9493660690511667,True,False,[7],[0.17285048027257804]
71,0,1525,2,0.011079601748478298,1.9670296430522598,True,False,"[7, 8]","[0.1656009859586173, 0.21700077086249864]"
71,2,1549,1,0.010601857148764524,1.7815528635870326,True,False,[7],[0.16397684319100864]
71,3,1317,1,0.014519179507131306,1.6297381379721396,True,False,[15],[0.19344509092835788]
71,4,1492,1,0.012763739055100124,1.6347391034125929,True,False,[16],[0.07577381047877993]
71,5,631,1,0.012148268023816014,1.883089092660349,True,False,[5],[0.11785400939052376]
71,6,354,1,0.011791570348052711,1.6040397418904546,True,False,[7],[0.14984666605170976]
71,7,51,2,0.011186327780954032,1.5194984647503293,True,False,"[7, 12]","[0.18097424008162583, 0.18036579454205864]"
71,8,1547,1,0.01171526941197354,1.880845454016427,True,False,[5],[0.11659393487653034]
71,9,1233,1,0.010527260222269009,1.6447317902704566,True,False,[8],[0.12571892314048305]
71,10,132,2,0.0086567934106946,1.5128173323588805,True,False,"[7, 15]","[0.1470351227471955, 0.20763430930413534]"
71,11,523,1,0.019249415118079375,1.5621065202349278,True,False,[15],[0.14718775891444477]
71,12,0,1,0.01446737200922512,1.6028296822249728,True,False,[6],[0.04767487644672173]
71,13,7,1,0.012481043201768571,1.8099663387753846,True,False,[8],[0.11654582301891254]
71,14,122,2,0.009549534587549256,1.5281924644109433,True,False,"[7, 8]","[0.20435432885695287, 0.10303866404540861]"
71,15,932,1,0.011609974508622327,1.8379736721623552,True,False,[7],[0.15380800653988033]
71,16,925,1,0.011453920689782847,2.094664066156916,True,False,[7],[0.17858572921525914]
71,18,937,3,0.009048621038984375,2.048664837274881,True,False,"[8, 12, 15]","[0.2154969708324204, 0.18395025163209253, 0.16343811441710873]"
71,19,914,1,0.010235014258780697,1.8811148817405203,True,False,[5],[0.11703522423724785]
71,20,1152,1,0.011079152527224518,1.8991608659666288,True,False,[7],[0.11499766442103995]
71,21,1010,2,0.007957330227027598,1.8342918987003511,True,False,"[8, 15]","[0.14164902808753582, 0.14618310768914353]"
71,22,662,1,0.01224963202425433,1.916542429318299,True,False,[7],[0.1231387071516076]
71,23,1105,1,0.014235421630455674,1.9802100988042188,True,False,[5],[0.17160006694994145]
72,0,1525,1,0.014383296742773558,1.9724094816924793,True,False,[8],[0.21799566661630426]
72,1,43,2,0.008729415039714451,1.6783743434058673,True,False,"[7, 15]","[0.14377757533844732, 0.18426583748860198]"
72,2,1549,1,0.010293707650790358,1.8193107781654672,True,False,[7],[0.1485545237816349]
72,3,1317,2,0.008842335106975843,1.6329022037168932,True,False,"[7, 12]","[0.11783324306325071, 0.13372124093674978]"
72,4,1492,1,0.011461159598564391,1.6280379003431704,True,False,[16],[0.07226985093326434]
72,5,631,1,0.012745322443682315,1.8866148076794247,True,False,[7],[0.18373961238264616]
72,6,354,1,0.013053533369138351,1.6308208731906109,True,False,[12],[0.10462841116102817]
72,7,51,2,0.00915676228925865,1.5406606911700071,True,False,"[7, 8]","[0.16507017672902038, 0.16953688173450213]"
72,8,1547,1,0.009797655656702065,1.9217614501700198,True,False,[8],[0.11255612262339794]
72,9,1233,1,0.011496484593220726,1.649828529536999,True,False,[7],[0.14197867200878173]
72,10,132,1,0.01199150042571427,1.533928911477832,True,False,[8],[0.205568287072036]
72,11,523,2,0.013840188476519948,1.5763611019974662,True,False,"[7, 8]","[0.16063548115036044, 0.20604181957227505]"
72,12,0,2,0.008303432628649013,1.6056334022224497,True,False,"[7, 15]","[0.11780478004051483, 0.1731348091893208]"
72,13,7,1,0.013435164836305065,1.840623477396466,True,False,[8],[0.1232660759750759]
72,14,122,1,0.013767562227288857,1.5514617974610174,True,False,[5],[0.1058300548306931]
72,16,925,1,0.011721586626227522,2.1347005455447583,True,False,[7],[0.17179322604517125]
72,17,237,1,0.012245705493716777,1.5417366408736306,True,False,[15],[0.15675850856531467]
72,20,1152,1,0.011111257907508212,1.9428459532384619,True,False,[5],[0.11136498417951933]
72,21,1010,2,0.00940682439831033,1.8517299271586796,True,False,"[7, 8]","[0.1653562789947111, 0.1509571044539336]"
72,22,662,2,0.00964011993986474,1.924477353051314,True,False,"[7, 8]","[0.1378297115283, 0.15460264398312243]"
72,23,1105,3,0.011850908615870754,1.97573718651013,True,False,"[7, 11, 16]","[0.18247966155422646, 0.13565473143524043, 0.10539175745099726]"
73,0,1525,1,0.016610651822229438,1.9781588234025445,True,False,[12],[0.18828697014227572]
73,2,1549,1,0.010774268989306175,1.855747934361021,True,False,[7],[0.15022732329143293]
73,3,1317,2,0.01056101009951157,1.6414244422565243,True,False,"[8, 15]","[0.19521246589980898, 0.19738655799534968]"
73,4,1492,1,0.011555560561841066,1.6224874980032375,True,False,[16],[0.0757952732210638]
73,5,631,3,0.009210871556171209,1.8959583877892194,True,False,"[8, 12, 15]","[0.14272188456050589, 0.11697168621256226, 0.17391359646506244]"
73,6,354,1,0.012907492816000383,1.641575169108908,True,False,[5],[0.12520472060210358]
73,7,51,2,0.009825715878056543,1.5468814459069784,True,False,"[8, 12]","[0.15697994255939546, 0.1784750801162788]"
73,8,1547,1,0.011580589599979782,1.9533739491812327,True,False,[8],[0.12583877029007365]
73,9,1233,1,0.010193945735800215,1.6785586282573337,True,False,[8],[0.17018228445448927]
73,10,132,2,0.008691105704695161,1.5346620657958363,True,False,"[7, 12]","[0.1483261075634101, 0.22783561624803128]"
73,11,523,1,0.017231825849579014,1.5730032903067965,True,False,[16],[0.11580192652297809]
73,12,0,1,0.011672439190758563,1.6050943270229134,True,False,[15],[0.17164993194381944]
73,13,7,1,0.011560223877552272,1.8771878469462457,True,False,[5],[0.14938962579203335]
73,14,122,3,0.006696333999546015,1.5598985890753647,True,False,"[7, 8, 15]","[0.18013602022477485, 0.106754566057985, 0.1620699428173804]"
73,17,237,2,0.009000824558073937,1.5533535631066104,True,False,"[7, 8]","[0.169572289854764, 0.1618810899881209]"
73,18,937,2,0.010234898249143127,2.0602006705690457,True,False,"[7, 12]","[0.13647653674497798, 0.1784047037896127]"
73,19,914,1,0.010016698364020112,1.9236533559498616,True,False,[5],[0.11083988652451071]
73,21,1010,1,0.012490376200527157,1.882710716481342,True,False,[8],[0.1445188817169546]
73,22,662,1,0.013386576444595292,1.9245187570163536,True,False,[8],[0.17249410066699347]
73,23,1105,2,0.011081190139717123,1.9602649907562342,True,False,"[8, 16]","[0.13914190095586723, 0.11637260434855262]"
74,0,1525,1,0.016170412311631126,1.9844654700494164,True,False,[12],[0.18107274198522463]
74,2,1549,1,0.010969341173750131,1.8902233787724798,True,False,[7],[0.13821343601692057]
74,4,1492,1,0.013634190301916881,1.6350630290571415,True,False,[5],[0.14886533446408748]
74,5,631,2,0.010570602391397807,1.9033863775385362,True,False,"[8, 15]","[0.1458663448835497, 0.1840855089229258]"
74,6,354,2,0.008468405898779157,1.6618809731717967,True,False,"[7, 12]","[0.15481652509351804, 0.10184858991867306]"
74,8,1547,1,0.010623471203175151,1.949996166833617,True,False,[7],[0.12118704823341488]
74,9,1233,1,0.011494341642042865,1.6888441518789263,True,False,[15],[0.16140020269006994]
74,10,132,1,0.011675059710475885,1.5377302558689996,True,False,[7],[0.15851507272357993]
74,11,523,2,0.016906164823662032,1.5678614868446015,True,False,"[7, 17]","[0.18628258957182436, 0.15672920668348056]"
74,12,0,3,0.008560753559778112,1.6083332233600502,True,False,"[6, 7, 15]","[0.06074117487040978, 0.11945007534716302, 0.16424992108447414]"
74,13,7,1,0.01306426103296855,1.9133025948798317,True,False,[8],[0.12776325287070675]
74,14,122,1,0.011952696630555386,1.573285160437999,True,False,[8],[0.11731211532743327]
74,15,932,2,0.007852221793534193,1.8623024031158235,True,False,"[7, 8]","[0.13726182435369869, 0.1380091617395956]"
74,16,925,1,0.012462147714482561,2.171745706312913,True,False,[7],[0.17362906064051123]
74,17,1753,1,0.054443115157340446,1.8483169113059903,True,False,[15],[0.1505368412939831]
74,18,914,2,0.008665278208644392,1.9348769699849186,True,False,"[7, 8]","[0.13451219846544518, 0.21055149794205108]"
74,20,1010,2,0.00833871203687438,1.9069825652358692,True,False,"[8, 12]","[0.12236791960875616, 0.12455700802517078]"
74,21,662,1,0.012179797569116422,1.9675251204753044,True,False,[5],[0.11807459195107234]
74,22,237,1,0.01252180745793964,1.5540657355124434,True,False,[8],[0.18263022781882945]
74,23,937,1,0.011352293886356911,2.0654225933673156,True,False,[12],[0.15597917584401813]
75,0,1525,3,0.011611249498484145,1.9917139961125345,True,False,"[7, 11, 12]","[0.19569520257129552, 0.11009728758148413, 0.21246256112714143]"
75,1,43,1,0.011460636209080197,1.7092099892681598,True,False,[7],[0.1363010324556008]
75,2,1549,1,0.012679005684415295,1.929135333499876,True,False,[5],[0.10998514236084614]
75,3,1317,1,0.013866287249165669,1.6375630783354538,True,False,[15],[0.20040993137349697]
75,4,1492,2,0.013406153482071548,1.6221522132444854,True,False,"[11, 16]","[0.04971987455282577, 0.10518231370717922]"
75,5,631,1,0.010963884916783746,1.9033011642890125,True,False,[15],[0.18255174275232025]
75,6,354,3,0.007636829651649497,1.6706135599217693,True,False,"[7, 8, 12]","[0.16593020425412935, 0.1366111910459362, 0.11906023159095162]"
75,8,1547,1,0.010846077933806465,1.951210468634533,True,False,[7],[0.13010517899748666]
75,9,1233,1,0.012289298552392058,1.690515901577192,True,False,[7],[0.16355124068205737]
75,10,132,1,0.011899455421172206,1.5542350645078904,True,False,[8],[0.20077809601401872]
75,11,523,1,0.01979951171047807,1.5828570024401485,True,False,[5],[0.12424293439221365]
75,12,0,3,0.009758514086810733,1.610987079657489,True,False,"[6, 7, 15]","[0.07046109935852439, 0.1235614508580381, 0.16430858173342675]"
75,13,7,2,0.009628024191835647,1.9300215910566036,True,False,"[7, 8]","[0.14281704962271843, 0.12913479527473665]"
75,14,122,1,0.011144948514514518,1.5730402248088091,True,False,[15],[0.16155067708458676]
75,15,932,1,0.012138319059592749,1.903657657169171,True,False,[7],[0.14314515355380478]
75,16,925,1,0.013052368799565173,2.168745003777618,True,False,[15],[0.21137412580987439]
75,19,1152,1,0.011053561375205655,1.9872418518853288,True,False,[7],[0.1539287676503471]
75,20,1010,1,0.011836659820045479,1.9405689122421268,True,False,[8],[0.12713847479215473]
75,22,237,2,0.00865898298470233,1.5560202875564606,True,False,"[7, 8]","[0.12455726370222639, 0.1787087598919191]"
75,23,937,1,0.011745696404152125,2.074259174130534,True,False,[12],[0.1639739491836386]
76,0,1525,1,0.014774773168451815,2.0131079325884387,True,False,[7],[0.17381415980526482]
76,2,1549,2,0.011067327960225956,1.9393866589586197,True,False,"[7, 11]","[0.15346845485558894, 0.05946228113152578]"
76,4,1492,1,0.01113322756153785,1.628389346455192,True,False,[8],[0.15346412609895532]
76,5,631,1,0.012625607335490315,1.9188711132865395,True,False,[8],[0.14060693610197483]
76,6,354,2,0.00974909773240136,1.673760274282013,True,False,"[8, 12]","[0.14772674556322726, 0.12459219427506293]"
76,7,1817,1,0.039395569438569984,1.7861255796119435,True,False,[16],[0.04103364676155746]
76,8,51,1,0.01215908429496242,1.5578713591455973,True,False,[8],[0.12665250081275306]
76,9,1547,1,0.013683015647258347,1.9513441081639837,True,False,[15],[0.17314146643609313]
76,10,1233,2,0.007718463570613409,1.7027134061037534,True,False,"[7, 8]","[0.15998177618687925, 0.18281677883344769]"
76,11,132,2,0.009169302380758422,1.5614976782966907,True,False,"[7, 15]","[0.17666399110592074, 0.14542979353121852]"
76,13,0,1,0.014090734054630186,1.6096633205195532,True,False,[8],[0.12689032833262093]
76,14,7,1,0.01124954783093488,1.966873490456747,True,False,[8],[0.11505216830862905]
76,15,122,2,0.010073011735576926,1.5870932272872185,True,False,"[8, 15]","[0.13514297632625946, 0.1357297032715537]"
76,17,925,1,0.010299735635548802,2.215216317977788,True,False,[7],[0.15416669924826204]
76,18,1753,2,0.008950370356703291,1.8547999598418814,True,False,"[8, 16]","[0.1904587561902667, 0.121218160054549]"
76,19,914,1,0.009900336303306364,1.9785480787756178,True,False,[5],[0.12301735664037558]
76,21,1010,2,0.009160785648845428,1.9484295711402113,True,False,"[7, 12]","[0.17321316455108168, 0.16186706234353745]"
76,22,237,1,0.01235026021149808,1.5737707450626408,True,False,[5],[0.15454320937290592]
76,23,1807,3,0.03368009327628327,1.635947022039334,True,False,"[7, 15, 17]","[0.17457100296692807, 0.13465129294322728, 0.058405505238718236]"
77,0,1525,1,0.01384857003001384,2.0189727102755373,True,False,[8],[0.23108524021179758]
77,3,1317,1,0.011829602161449152,1.6669000323481007,True,False,[8],[0.2022238571349664]
77,4,1492,1,0.011591698080553511,1.6423906884406667,True,False,[7],[0.1278029642569839]
77,5,631,1,0.01252034830415495,1.921277831828733,True,False,[7],[0.17256722359490514]
77,6,354,1,0.012316249782659902,1.6835138238508411,True,False,[5],[0.12550983987962777]
77,8,51,1,0.012601077460666235,1.587683531775434,True,False,[5],[0.1180243312545809]
77,10,1233,1,0.010382793211146407,1.7226461277931149,True,False,[8],[0.1681331160249032]
77,11,132,2,0.008633987155624433,1.5700794983649868,True,False,"[7, 15]","[0.1629760951998423, 0.1588732969564413]"
77,12,523,2,0.01517603200145181,1.5874100409128034,True,False,"[7, 17]","[0.14017173621939666, 0.0919466910363733]"
77,14,7,1,0.01301328523598414,1.9635610913849648,True,False,[15],[0.17722109934430744]
77,15,122,1,0.011913301995100786,1.595320242599994,True,False,[12],[0.16095181722890026]
77,17,925,2,0.008310560352897648,2.2386276695842806,True,False,"[7, 15]","[0.13808618582081283, 0.1906358033580659]"
77,18,1753,1,0.01295506553526508,1.8622724504478816,True,False,[12],[0.17576862840283866]
77,20,1152,1,0.010705407136582632,2.034824453156688,True,False,[5],[0.10451760186574229]
77,21,1010,1,0.010753717399304908,1.9492570386380486,True,False,[15],[0.1444565176027889]
77,22,237,1,0.01244524532935746,1.5748059116663828,True,False,[7],[0.12731855583581614]
77,23,1807,2,0.009719383435941977,1.6394817670771984,True,False,"[7, 15]","[0.1840916802004876, 0.1414158531109313]"
78,0,1525,1,0.01603609701014791,2.0364268145057456,True,False,[5],[0.17808712333130353]
78,3,1317,1,0.011854394412111835,1.6674580809250528,True,False,[7],[0.1239245086299113]
78,4,1492,1,0.013082428472896783,1.6536901481089314,True,False,[7],[0.13537151641206555]
78,5,631,1,0.010892960338562234,1.9215644581469489,True,False,[15],[0.1875231321248815]
78,6,354,2,0.008755278687543562,1.691218265397385,True,False,"[7, 12]","[0.15676459740485635, 0.13449289416520693]"
78,8,51,3,0.0068749662578818285,1.6001654018235838,True,False,"[7, 8, 15]","[0.1383883386390673, 0.14711489398051872, 0.14996732852962774]"
78,9,1547,1,0.010291420848181708,1.9899369252647425,True,False,[8],[0.15802822221379648]
78,10,1233,1,0.010867660325043051,1.754479691142156,True,False,[5],[0.1572511013891569]
78,11,132,2,0.008654126691475915,1.5753876934343467,True,False,"[12, 15]","[0.16951136107035789, 0.16009670977483256]"
78,13,0,1,0.013517216594853653,1.608786179154871,True,False,[15],[0.1834048961319558]
78,14,7,1,0.010775773211163076,2.000650585794626,True,False,[8],[0.1062248413920119]
78,15,122,1,0.011903466469832865,1.6076224180663279,True,False,[8],[0.14888171740609255]
78,16,932,1,0.010421083956411515,1.9138114571449407,True,False,[8],[0.16804055843235755]
78,17,925,1,0.013151499616797312,2.2315564148220712,True,False,[12],[0.20076806228844338]
78,18,1753,1,0.013194349276867311,1.8702857462772264,True,False,[12],[0.17063922007259813]
78,19,914,2,0.009636995810562883,2.0039779079234337,True,False,"[7, 16]","[0.1447462014861264, 0.10145332596214762]"
78,20,1152,1,0.01005044463928625,2.078042131546841,True,False,[7],[0.11234523965609586]
78,21,1010,1,0.010696769400174132,1.9540821586985615,True,False,[7],[0.16897253496105338]
78,22,237,3,0.008440108411252627,1.5726321858029997,True,False,"[7, 12, 15]","[0.12351035179991633, 0.16110035989936333, 0.09258377014895552]"
78,23,1807,1,0.012275219907417501,1.6414890744064274,True,False,[7],[0.1831457378237725]
79,0,1525,1,0.01360612322218244,2.059409965521523,True,False,[7],[0.1895692145054757]
79,1,43,1,0.012599390712072004,1.728566435336456,True,False,[5],[0.09017748476104731]
79,2,1549,1,0.012320551491298399,1.9665267820225785,True,False,[7],[0.1510595868669384]
79,3,1317,1,0.012287782534432096,1.674753795727762,True,False,[12],[0.1476781693839329]
79,4,1492,1,0.013609433036034383,1.6499184623065155,True,False,[16],[0.12290415296583694]
79,5,631,1,0.012674840396237886,1.932094469946062,True,False,[8],[0.13079114053214946]
79,6,354,1,0.01212826897924051,1.7003905956531131,True,False,[12],[0.1296034629485498]
79,8,51,2,0.010380387387668897,1.6136452285143046,True,False,"[7, 12]","[0.1429176840679529, 0.07317488240349135]"
79,9,1547,2,0.00823697312921293,2.009104223833905,True,False,"[7, 8]","[0.16794334244337397, 0.14922787818681682]"
79,10,1233,1,0.0104571453442416,1.7753558827326772,True,False,[8],[0.15537128446294868]
79,11,132,1,0.01175687663192879,1.599249620836182,True,False,[15],[0.1525858392006554]
79,12,523,1,0.018302729998560356,1.596533598756976,True,False,[7],[0.159999489917597]
79,13,0,1,0.012863621703319573,1.6190776800212534,True,False,[5],[0.13476369256492596]
79,14,7,2,0.008075897413320465,2.0223934105229633,True,False,"[7, 8]","[0.1739743363419352, 0.09030179837196381]"
79,15,122,2,0.009184445966060734,1.62176802912654,True,False,"[8, 12]","[0.18281637917486337, 0.18665134132119054]"
79,16,932,1,0.010774454332762145,1.9239481370833598,True,False,[8],[0.17266367927767384]
79,17,925,2,0.010573712210481864,2.2357981350426708,True,False,"[8, 15]","[0.20156202026499673, 0.2366454603790922]"
79,19,914,1,0.010040913292781981,2.0505072798475794,True,False,[5],[0.13340798667218834]
79,20,1152,1,0.013142033689412825,2.086383958352223,True,False,[8],[0.13064306681600774]
79,22,237,1,0.012346957748258896,1.5765356612473302,True,False,[8],[0.16928823024211298]
79,23,1807,4,0.007877914471439162,1.6407256375473944,True,False,"[7, 12, 15, 17]","[0.1611611933595997, 0.16365174458759127, 0.14503633280743988, 0.07879853122408605]"
80,0,1525,1,0.015291219868056028,2.0611106086458415,True,False,[11],[0.12053176729612515]
80,1,43,1,0.012860386131171365,1.7553598165705495,True,False,[5],[0.090377543349232]
80,2,1549,1,0.011537443440671634,2.004532061143466,True,False,[7],[0.12903703773577943]
80,3,1317,1,0.012598070999489307,1.6998125744100199,True,False,[8],[0.20794096762874814]
80,4,1492,2,0.009103319684881825,1.6600893387496458,True,False,"[7, 16]","[0.13305115344809432, 0.12061952577797365]"
80,5,631,2,0.00856303774115361,1.9433375133983586,True,False,"[7, 8]","[0.1557936527736197, 0.11651660093196138]"
80,6,354,1,0.0121058256099216,1.7130497138626357,True,False,[5],[0.12123311237494015]
80,7,1817,1,0.011818730234579106,1.8085940179203785,True,False,[7],[0.15553465479070697]
80,8,51,2,0.009791619486404326,1.6220324100304666,True,False,"[8, 12]","[0.15385100904175816, 0.12637476981877804]"
80,10,1547,1,0.010399071412024665,2.0538826651725994,True,False,[8],[0.1383403486369908]
80,11,1233,1,0.01014575438052905,1.8093454975271408,True,False,[8],[0.17191211758024577]
80,12,132,2,0.008156688728312978,1.6058233772110435,True,False,"[8, 12]","[0.0895686277492089, 0.13567830807545705]"
80,13,523,1,0.016342966400786082,1.5974383792686015,True,False,[17],[0.15461521216278407]
80,14,0,1,0.014689571766619508,1.6187033440549317,True,False,[6],[0.025524617922917936]
80,15,7,2,0.008235165010612298,2.0441438535509846,True,False,"[7, 8]","[0.14996500966044518, 0.17045970365338886]"
80,16,122,1,0.012337892949707463,1.6225889544652488,True,False,[15],[0.20149623754032542]
80,18,925,1,0.01507344352574456,2.2062453532015547,True,False,[11],[0.10196008867651518]
80,19,1753,2,0.00911800171416881,1.8676858496433022,True,False,"[8, 12]","[0.11343467139361924, 0.1329625453413892]"
80,20,914,1,0.01012990391198716,2.090019229465184,True,False,[7],[0.12303314932507507]
80,21,1152,1,0.010178946878594684,2.125218875025267,True,False,[7],[0.15667625629650458]
80,22,1010,2,0.011102496507697145,1.9622158602892952,True,False,"[8, 15]","[0.1441613190946297, 0.06039050613611698]"
81,0,1525,3,0.012262103037557252,2.069912224409955,True,False,"[7, 11, 12]","[0.20758096333645898, 0.1704739879415911, 0.2296787955274878]"
81,2,1549,2,0.007690551368610221,2.028042675980326,True,False,"[7, 8]","[0.1360050433352815, 0.16046784313680584]"
81,3,1317,1,0.013489786593846531,1.6952117433377816,True,False,[15],[0.2053564814102425]
81,5,631,2,0.008308588891113194,1.9438811907349594,True,False,"[7, 15]","[0.15893979558187082, 0.18143524371019842]"
81,6,1929,3,0.019912215973653943,1.926083554759071,True,False,"[7, 8, 12]","[0.15487796789093217, 0.14506810374930476, 0.13422235537289126]"
81,7,354,1,0.01259444118696203,1.7081844364489192,True,False,[12],[0.16098775516682748]
81,9,51,1,0.012323456582719668,1.6392801353047828,True,False,[15],[0.1678903198763727]
81,12,1233,1,0.010657712545200523,1.8325439402311794,True,False,[8],[0.08835873240241443]
81,13,132,3,0.007962858549388439,1.6090683691628644,True,False,"[7, 8, 15]","[0.1329090182809212, 0.12870857317421588, 0.16925387973983616]"
81,14,523,1,0.018117276168567134,1.618358733494426,True,False,[5],[0.12232166787894401]
81,15,0,3,0.009437008411598221,1.632145778395332,True,False,"[6, 7, 15]","[0.0518925239351239, 0.1565733569865814, 0.12863487528590611]"
81,16,7,1,0.011709731754934812,2.063239020718272,True,False,[5],[0.14014534980232998]
81,17,122,2,0.01000922641246424,1.6313859827145394,True,False,"[8, 15]","[0.18232573543383182, 0.21284388385085784]"
81,18,932,1,0.012536079780674255,1.935476007617712,True,False,[7],[0.12909465175603063]
81,19,925,1,0.01044095019277849,2.2417390742224406,True,False,[7],[0.16291430481771005]
81,21,914,1,0.011375857925964222,2.088976922415365,True,False,[8],[0.14788655214550256]
81,22,1010,3,0.00891122729119615,1.9609199072092258,True,False,"[7, 12, 15]","[0.12304288923047244, 0.15989397859711435, 0.08816061219274567]"
81,23,1807,2,0.011701123897313025,1.6348714240766038,True,False,"[12, 17]","[0.17365366036813273, 0.09566130568663771]"
82,0,1525,2,0.012711521597249113,2.0814400177908152,True,False,"[7, 12]","[0.231925158480534, 0.24731188663283207]"
82,3,1317,3,0.011040074128105254,1.7065903421019255,True,False,"[8, 15, 17]","[0.22392114412174358, 0.24575895721292898, 0.07885218967270892]"
82,4,1492,1,0.012713323050497204,1.6582122951505922,True,False,[16],[0.11631695809251852]
82,5,631,1,0.011886743854166687,1.9730181088360599,True,False,[5],[0.12054538308018861]
82,6,1929,1,0.011362802049356597,1.9446232163772064,True,False,[8],[0.12887898557125413]
82,7,354,1,0.013351903697658677,1.7008519542616967,True,False,[12],[0.15637371764218938]
82,10,1914,1,0.01911638269630847,1.8953288642038197,True,False,[5],[0.16818582455877884]
82,11,1547,1,0.012584033807151675,2.0591752573860087,True,False,[7],[0.1544933651182582]
82,12,1233,2,0.008196700660528106,1.8431926430110606,True,False,"[7, 8]","[0.1739196686974458, 0.12022991344224854]"
82,13,132,2,0.009140817700521888,1.6117293588736064,True,False,"[7, 15]","[0.14324940327533492, 0.16693257211516052]"
82,14,523,3,0.012214848476800544,1.6140545633010532,True,False,"[7, 15, 16]","[0.22580560188218976, 0.2556997437213022, 0.21179825961461438]"
82,15,0,1,0.012769204934221902,1.658662424349502,True,False,[7],[0.15246874450851128]
82,16,7,1,0.0123176061558602,2.07714920380826,True,False,[5],[0.15445563151146538]
82,17,122,2,0.008367992990628834,1.6429164816065358,True,False,"[8, 12]","[0.15476895458452403, 0.20587936097489282]"
82,18,932,1,0.012861916165719122,1.9339661807420472,True,False,[7],[0.12579617486255074]
82,19,925,2,0.0090074265055438,2.249309745044296,True,False,"[11, 12]","[0.0820680280544306, 0.13426862679819315]"
82,20,1753,1,0.012618260447200009,1.8663448065970574,True,False,[8],[0.12157775259802057]
82,21,914,1,0.008994644761705283,2.1364934726933824,True,False,[7],[0.1483981379596527]
82,22,1010,1,0.011567059634761323,1.9923435964137541,True,False,[5],[0.14841106029496118]
82,23,1807,2,0.010732329060929937,1.6361701596506584,True,False,"[7, 15]","[0.165103939329911, 0.14838735193488087]"
83,0,1525,1,0.014485416884524784,2.107752887799396,True,False,[7],[0.2382301132805327]
83,1,43,1,0.011765487828077202,1.791671603886839,True,False,[5],[0.09209483055665144]
83,2,1549,1,0.010833809880938646,2.071871372154896,True,False,[7],[0.12359747854314608]
83,3,1317,1,0.012574410822228828,1.7063562154036036,True,False,[7],[0.1262556599601514]
83,5,631,2,0.009509537275727646,1.9837759415782577,True,False,"[8, 15]","[0.1379217872659694, 0.18634123619720586]"
83,6,1929,1,0.012340341982863691,1.9581315501707803,True,False,[12],[0.1385902068701317]
83,7,354,1,0.013660323284368548,1.6935456197552967,True,False,[12],[0.17548336954747898]
83,8,1817,2,0.007889119961814498,1.8323740075737285,True,False,"[7, 15]","[0.12895711474329621, 0.14963177775589429]"
83,9,51,2,0.008236603653620809,1.6569269147472756,True,False,"[8, 15]","[0.13580202251677378, 0.17564077204325057]"
83,10,1914,2,0.009557630846650754,1.9068150613768506,True,False,"[7, 15]","[0.15033875987593964, 0.19670494224036492]"
83,11,1547,1,0.014114276974352274,2.0613475267394854,True,False,[15],[0.16168943602375485]
83,13,132,1,0.01263306173450377,1.62052162233081,True,False,[8],[0.1298422818302875]
83,14,523,2,0.013998117834855456,1.5952145091216712,True,False,"[8, 15]","[0.14396738751893862, 0.28174144924299577]"
83,15,0,1,0.012564169146329992,1.6551794895225538,True,False,[8],[0.17483662945751938]
83,16,7,1,0.013113103040211193,2.0792400531284017,True,False,[7],[0.1572022262605654]
83,19,925,1,0.009872763567797146,2.2971285782166606,True,False,[5],[0.14572834385770383]
83,20,1753,1,0.012820360895539618,1.8649377786977113,True,False,[8],[0.12508145484904393]
83,21,914,1,0.011282585533607463,2.135494335082297,True,False,[8],[0.15737534119586852]
83,22,1010,2,0.008977807850753795,1.9967533955802763,True,False,"[7, 8]","[0.1314637308989456, 0.14623223682794786]"
83,23,1807,2,0.00885318711396772,1.6345093632605263,True,False,"[8, 15]","[0.1373164596451115, 0.15270357567228324]"
84,0,1525,2,0.00963172038343767,2.108028159841498,True,False,"[8, 12]","[0.2347522540479299, 0.22936041556214587]"
84,1,43,1,0.011141488028078534,1.8147619591042423,True,False,[15],[0.1721162315025782]
84,2,1549,1,0.010223215142556013,2.113956178991245,True,False,[7],[0.11714936625469938]
84,3,1317,1,0.011650579332465823,1.705895693205257,True,False,[5],[0.10236385806803383]
84,4,1492,2,0.009013466320642663,1.6671653491861462,True,False,"[7, 12]","[0.12674524357714856, 0.19197753921410202]"
84,5,631,3,0.007965824127068743,2.006078635699003,True,False,"[7, 8, 12]","[0.15440528121339206, 0.12848450356549698, 0.13110081334124316]"
84,6,2004,1,0.040959103797413285,2.076878067288034,True,False,[5],[0.15810111930658413]
84,9,51,2,0.00872133728821941,1.66524908051534,True,False,"[7, 12]","[0.16036611984943763, 0.08719230071510403]"
84,10,1914,1,0.010986570248924318,1.90940381022781,True,False,[12],[0.22890654203276814]
84,11,1547,1,0.012512958833099969,2.067970726801753,True,False,[7],[0.16197440327776447]
84,13,132,1,0.012155953858952902,1.6252129107313287,True,False,[12],[0.17687236163054484]
84,14,1929,2,0.00989063510164514,1.9672923774237887,True,False,"[7, 15]","[0.22552382889307826, 0.27519830701417813]"
84,15,7,1,0.013313113612314275,2.0764360272415323,True,False,[7],[0.1433709946675255]
84,16,122,2,0.009610184101027899,1.649513823102133,True,False,"[12, 15]","[0.1609896784869305, 0.1939188767670191]"
84,17,932,1,0.011558547528056719,1.9777228129596505,True,False,[5],[0.10946147170740149]
84,18,925,1,0.012463612608544589,2.297003586531292,True,False,[8],[0.22076722305906987]
84,20,523,2,0.01611084882288428,1.6034234281961066,True,False,"[8, 17]","[0.1451800737352368, 0.06621993878662165]"
84,21,0,1,0.011974428747098809,1.687389627526431,True,False,[5],[0.12245796161400285]
84,22,1010,1,0.013177593256592948,1.9915192295363364,True,False,[7],[0.14153881994898965]
84,23,1807,3,0.00893669270690812,1.6338484210639725,True,False,"[7, 15, 17]","[0.16407595922704069, 0.14814540027048173, 0.11083397634887297]"
85,0,1525,3,0.008531287531709024,2.1184189073033135,True,False,"[7, 8, 12]","[0.21913431844938228, 0.24431496901081062, 0.22648529958310812]"
85,1,43,2,0.00849995682472581,1.8293786718220524,True,False,"[8, 15]","[0.1289829549563254, 0.15625164163800176]"
85,3,1317,1,0.012571760466887552,1.7080652509387368,True,False,[5],[0.11299628669554364]
85,4,1492,2,0.008440492368370798,1.684514865882453,True,False,"[7, 16]","[0.12767437977814958, 0.1444133515893335]"
85,5,631,2,0.009522829797066762,2.022399245164719,True,False,"[8, 15]","[0.13234718018152625, 0.1801605231548696]"
85,7,354,2,0.009025695067084321,1.6987161875964496,True,False,"[7, 12]","[0.15894328197598664, 0.1566950074686132]"
85,8,1817,1,0.012154179505281996,1.8285921640881757,True,False,[16],[0.13150101168462577]
85,10,1914,1,0.012116914910607787,1.9095270803019693,True,False,[8],[0.13181896253487252]
85,11,1547,1,0.009659222508341291,2.104555030702212,True,False,[8],[0.14946096465074132]
85,12,1233,3,0.006765612824570762,1.8515031264926058,True,False,"[7, 8, 15]","[0.17870995798341088, 0.10598286438391366, 0.19009094444856936]"
85,13,132,1,0.011997279889940956,1.6361809747087368,True,False,[8],[0.11307600472838872]
85,14,1929,1,0.01190262965063629,1.954557410732189,True,False,[12],[0.13982620616106062]
85,15,7,1,0.010208315799466345,2.111202097908983,True,False,[8],[0.1763828837551739]
85,17,932,1,0.011260383219847117,1.9903514156554887,True,False,[8],[0.15912478515542788]
85,18,925,2,0.012122183847041867,2.2931493478598255,True,False,"[7, 11]","[0.18039772650237132, 0.1588032179400286]"
85,19,1753,1,0.012454376524599813,1.8585904456304705,True,False,[8],[0.1153759127598097]
85,20,523,3,0.011241537250624108,1.5968996827296895,True,False,"[7, 15, 16]","[0.12933356278098052, 0.19450214960222176, 0.09483739601987]"
85,22,1010,1,0.011453333545953787,2.0309921875025694,True,False,[5],[0.14452398789750787]
85,23,1807,2,0.009277761325510921,1.6339348840193773,True,False,"[8, 15]","[0.1491498243307171, 0.14932961948394602]"
86,0,1525,2,0.008807907632045872,2.1408918248600206,True,False,"[7, 8]","[0.2070755813561699, 0.2507393144410812]"
86,1,43,2,0.008530848105793997,1.8362682787961724,True,False,"[12, 15]","[0.14301245400815854, 0.14189065946769916]"
86,3,1317,2,0.008420400020046811,1.7065317179814348,True,False,"[7, 15]","[0.12630495403221878, 0.25096329921504074]"
86,4,1492,2,0.008513341045556752,1.6992449309880346,True,False,"[7, 12]","[0.14655651784125998, 0.19626531319193907]"
86,5,631,1,0.012496369363836662,2.04922441736227,True,False,[8],[0.12899076008496788]
86,6,2004,1,0.009430606691916692,2.1200505106509544,True,False,[8],[0.13899088970155804]
86,7,354,2,0.008917915885235432,1.6994773610454184,True,False,"[8, 12]","[0.15029308633794727, 0.1539864254976948]"
86,8,1817,1,0.012816337141687896,1.8511627379543465,True,False,[5],[0.12706865246040638]
86,9,51,1,0.011376839936971968,1.7002278903381725,True,False,[5],[0.09351656414191181]
86,12,1233,2,0.010284585112591192,1.852415515222357,True,False,"[8, 12]","[0.14310231907926887, 0.16344436143899307]"
86,13,132,2,0.008673395545249572,1.6531936614033282,True,False,"[8, 12]","[0.12338870540023048, 0.18524765733710044]"
86,14,1929,1,0.011883009466847977,1.9545044065149342,True,False,[7],[0.2105925297370548]
86,15,7,2,0.007763368589358238,2.1312356313744436,True,False,"[7, 8]","[0.13562177093923425, 0.15951750624856303]"
86,16,122,2,0.009507805323023321,1.663593217944868,True,False,"[8, 12]","[0.17214837227474764, 0.17057206834143934]"
86,17,932,1,0.010592357848690757,2.027386664710582,True,False,[7],[0.14119340084760654]
86,19,1753,1,0.011490046551370998,1.8815542106281584,True,False,[15],[0.15008177219884383]
86,20,523,3,0.012295123273247305,1.588660548559832,True,False,"[12, 15, 17]","[0.15986023977511227, 0.2101745944307309, 0.08413998988685194]"
86,21,0,1,0.010540197696654251,1.703813575479549,True,False,[7],[0.1375941702936091]
86,22,1010,2,0.009835644703633344,2.0288209850474415,True,False,"[8, 15]","[0.13822544596563816, 0.07876211791650792]"
86,23,1807,3,0.007885144583012668,1.6338268948846701,True,False,"[7, 8, 12]","[0.13865289936261327, 0.1366935263230317, 0.16628651656234403]"
87,0,1525,1,0.013637632894100742,2.177492897165993,True,False,[7],[0.2679020815602695]
87,2,1549,1,0.012009981886880822,2.155128494117348,True,False,[5],[0.10736199347813487]
87,3,1317,2,0.00836971535833737,1.7050522448257792,True,False,"[7, 15]","[0.12787005268281837, 0.23559609261126688]"
87,4,1492,1,0.013455050543507239,1.7118171723316755,True,False,[5],[0.15895465287079877]
87,5,631,1,0.010086364433620579,2.052938907764791,True,False,[15],[0.19552754996350083]
87,6,2004,2,0.008994884848650632,2.1201353599756025,True,False,"[8, 11]","[0.13676729938096172, 0.0625776474792299]"
87,7,354,1,0.012736350160740878,1.7059775564738926,True,False,[12],[0.14857951328317942]
87,8,1817,1,0.011927976454051477,1.8456378569286127,True,False,[16],[0.13011876903366587]
87,9,51,2,0.008847472634299986,1.7147428954183408,True,False,"[7, 12]","[0.15303866101321012, 0.10319166547856706]"
87,10,1914,2,0.00944568360339618,1.9042217931488383,True,False,"[8, 16]","[0.13056095234629692, 0.1746743059603604]"
87,12,1233,1,0.011270702321969098,1.8518108859138878,True,False,[7],[0.1761208756896507]
87,13,132,2,0.010973597777561673,1.6531794764991408,True,False,"[7, 15]","[0.16665005515815043, 0.18488272387020227]"
87,14,1929,1,0.01180432542218016,1.9792395110310972,True,False,[8],[0.14058783761785623]
87,16,122,3,0.006397742579583387,1.6804247159294474,True,False,"[7, 8, 15]","[0.15579812651571692, 0.15884399728554366, 0.18092370597087065]"
87,18,925,1,0.014055740172409275,2.297114249568058,True,False,[7],[0.18113414012319612]
87,19,1753,1,0.01266817449538145,1.8743904468369776,True,False,[8],[0.11547211645012478]
87,21,0,2,0.009137449008081278,1.7157011679247134,True,False,"[6, 7]","[0.04993874035063767, 0.13117465949869586]"
87,22,1010,2,0.009114523904571193,2.0240716233987563,True,False,"[8, 15]","[0.12935972268854723, 0.06076268004747561]"
87,23,1807,1,0.012373491765794014,1.6477632165906044,True,False,[8],[0.1382366392601812]
88,0,1525,1,0.015449400510801145,2.196142668075014,True,False,[5],[0.1956551326649809]
88,2,1549,1,0.011277285408935803,2.1922679631656754,True,False,[7],[0.13521557164945744]
88,3,1317,1,0.012722138016065287,1.7166106981546347,True,False,[7],[0.13300961077794513]
88,4,1492,2,0.009093772338658076,1.7315362295576349,True,False,"[7, 16]","[0.16303183708585806, 0.15616808225293483]"
88,6,2004,1,0.010924789904973238,2.11404322615799,True,False,[12],[0.1426467264571483]
88,7,354,2,0.009046160060867791,1.7124136807736365,True,False,"[7, 12]","[0.14858528951926114, 0.14153833142986627]"
88,8,1817,1,0.011580742326139527,1.8392915039797617,True,False,[16],[0.1288533447012005]
88,9,51,1,0.013437030833353111,1.72299239929125,True,False,[7],[0.16696460095300927]
88,10,1914,1,0.011817630576428645,1.9072305674535703,True,False,[8],[0.12874133910452673]
88,11,1547,2,0.00879591956236336,2.109483109496409,True,False,"[7, 15]","[0.14097746134619948, 0.17038952575290015]"
88,12,1233,1,0.010798737311324694,1.853321213550953,True,False,[7],[0.1797546685330217]
88,13,132,2,0.008399023217189928,1.6628007490973045,True,False,"[8, 15]","[0.13283521652416028, 0.17428180790578815]"
88,14,1929,1,0.011402527524325844,2.007445032636956,True,False,[8],[0.13485711803345002]
88,15,7,1,0.010293687316710922,2.1707366226430564,True,False,[8],[0.15971227602775726]
88,16,122,3,0.00800478031521225,1.6988485996826646,True,False,"[7, 8, 12]","[0.16299952312201918, 0.1474646014582039, 0.1699913763271519]"
88,17,932,1,0.009793169807086942,2.0660784470280755,True,False,[7],[0.1295741167188369]
88,18,925,1,0.013538630645515075,2.3057206188549766,True,False,[7],[0.21902578621338434]
88,19,1753,3,0.007789240499640886,1.8807160080584706,True,False,"[12, 15, 16]","[0.12107873351099403, 0.16073083708093458, 0.10798114171513287]"
88,20,523,1,0.0163682445413842,1.62527694294787,True,False,[5],[0.09837558286272786]
88,21,0,1,0.01155302958914932,1.7514225915351722,True,False,[5],[0.11507832442562083]
88,22,1010,2,0.008959467277426334,2.0262590267586615,True,False,"[7, 8]","[0.1307076907607999, 0.12379829886613568]"
88,23,2099,1,0.02843825732954754,2.232082385530356,True,False,[15],[0.15330000168724298]
89,0,1525,2,0.009720390698724816,2.218189036163169,True,False,"[7, 15]","[0.25636079227255115, 0.14964654052834572]"
89,1,2113,1,0.06500261277076876,2.066350265371815,True,False,[12],[0.14250594411083636]
89,2,43,2,0.008483099905858361,1.8479340752353717,True,False,"[12, 15]","[0.13373156258163346, 0.1151792322943913]"
89,3,1549,1,0.011272110861313215,2.2447507085773837,True,False,[7],[0.12089041063075517]
89,4,1317,2,0.009893913101528564,1.7371724660611245,True,False,"[7, 12]","[0.18311830053399963, 0.2145499050421885]"
89,5,1492,2,0.008294788012854298,1.7466698640801113,True,False,"[7, 12]","[0.14173950813198308, 0.1285220940034425]"
89,6,631,1,0.009300441931391765,2.0870953956477556,True,False,[8],[0.12703508240699005]
89,7,2004,2,0.010203782490992094,2.086876544578228,True,False,"[11, 12]","[0.05840324037138027, 0.1449975136879985]"
89,8,354,2,0.007824008856204243,1.7242044663218499,True,False,"[7, 12]","[0.12251043747059427, 0.11271046687597933]"
89,9,1817,1,0.01191392409118241,1.8692297484327822,True,False,[7],[0.15824389285061705]
89,10,51,2,0.010885342406324293,1.723189124014772,True,False,"[7, 15]","[0.15744272414451715, 0.2105514192399501]"
89,11,1914,1,0.012092374496723691,1.9108039029057113,True,False,[8],[0.15779404820070692]
89,12,1547,1,0.010708523974818123,2.125826099742799,True,False,[7],[0.1825044588121544]
89,13,1233,1,0.013105116115993345,1.8520979432236253,True,False,[7],[0.17197854921905828]
89,14,132,2,0.0094005437890255,1.6660678710149914,True,False,"[8, 15]","[0.14900305052101054, 0.24850879540971826]"
89,15,1929,1,0.011956618629370934,2.0137274165017365,True,False,[12],[0.16568023904221754]
89,16,7,1,0.01172786724096163,2.1865448197195336,True,False,[5],[0.15161624723475434]
89,17,122,2,0.00990280495824098,1.7114444756219716,True,False,"[8, 15]","[0.15120383521951195, 0.1971045927693536]"
89,18,932,1,0.011574639061010507,2.1034194544728555,True,False,[5],[0.13609991704038257]
89,19,925,2,0.008746852303122055,2.3166675972986175,True,False,"[7, 12]","[0.1679871236019928, 0.1554196967528732]"
89,20,1753,2,0.008469442411539603,1.881412697017612,True,False,"[7, 8]","[0.12486827074185017, 0.13921360425940568]"
89,21,523,2,0.015613076329757229,1.6309757398476739,True,False,"[8, 17]","[0.19310314331878545, 0.13293636996466443]"
89,22,1010,3,0.008033043429716169,2.0231743469948893,True,False,"[7, 8, 15]","[0.13547910993803872, 0.12485487971376845, 0.08648941602345099]"
89,23,2099,1,0.010775051455914125,2.244077093621729,True,False,[7],[0.1325927268404374]
90,0,1525,1,0.012029537728810834,2.263747731960869,True,False,[7],[0.22355653521083974]
90,1,2113,2,0.008547490435944953,2.0758677490510817,True,False,"[7, 16]","[0.13094323262643032, 0.049445312858727]"
90,4,1317,2,0.009114308968605345,1.7567348480588203,True,False,"[7, 15]","[0.17514768355907925, 0.1393485270891221]"
90,5,1492,1,0.011465941608413186,1.7719859295814913,True,False,[7],[0.14602330332307512]
90,6,631,1,0.010804417191987745,2.128594232761378,True,False,[5],[0.15267239578470274]
90,7,2004,1,0.01158623770700798,2.0837319817753928,True,False,[12],[0.15276975402985024]
90,8,354,2,0.00845007240818534,1.7318272131212533,True,False,"[7, 12]","[0.12948259166641793, 0.1062573913040331]"
90,10,51,1,0.012191310455051218,1.7548761015856238,True,False,[5],[0.15765247429017712]
90,11,1914,2,0.008881445857796759,1.9193869316398453,True,False,"[15, 16]","[0.1849554116928428, 0.1317826583773167]"
90,13,1233,2,0.008900334013017154,1.8621993273037352,True,False,"[8, 15]","[0.12309835292804297, 0.1690005228832042]"
90,14,132,1,0.01151068906335275,1.68761821518861,True,False,[5],[0.12908337683096982]
90,17,122,1,0.012953475037395116,1.7072082086154443,True,False,[15],[0.198350563681317]
90,18,932,1,0.01242488500779937,2.135391839751988,True,False,[5],[0.14531741809226417]
90,19,925,1,0.009064591196718562,2.371040918046026,True,False,[5],[0.14871587236791287]
90,20,1753,1,0.013616470022452802,1.8672467738704104,True,False,[16],[0.10637049525558456]
90,21,523,2,0.012524685802170218,1.6313937519045367,True,False,"[8, 12]","[0.170631310983106, 0.20282357162598116]"
90,22,1010,1,0.013482974200734323,2.029439250715506,True,False,[8],[0.11227343686628741]
90,23,2099,1,0.009885526686768958,2.277610630950668,True,False,[5],[0.17630133689515734]
91,0,1525,2,0.009327628136834633,2.2627800263067805,True,False,"[8, 12]","[0.26918375133251543, 0.20979645576918238]"
91,1,2113,1,0.011493123783635224,2.1182522372616552,True,False,[5],[0.09563209612087886]
91,2,43,1,0.01095321028778299,1.850006141994924,True,False,[8],[0.16384525666772012]
91,3,1549,1,0.011333471740334174,2.292739416563648,True,False,[5],[0.10289104548273542]
91,5,1492,2,0.00838548321795174,1.7889288779985417,True,False,"[7, 8]","[0.14434756160593606, 0.12580951675894642]"
91,6,631,1,0.014254120370960962,2.1275995054191044,True,False,[16],[0.08243387572827265]
91,7,2004,1,0.012695231441756756,2.0780702052370814,True,False,[11],[0.10178762900585848]
91,8,354,1,0.012713235196299895,1.7432180544562192,True,False,[12],[0.1133685655954712]
91,9,1817,1,0.01247786184995452,1.880797982819835,True,False,[5],[0.09737823277090775]
91,10,51,1,0.01252287333873528,1.7681946626609204,True,False,[8],[0.14738988441999681]
91,13,1233,1,0.009200273176184394,1.894191282348815,True,False,[8],[0.13517227635687104]
91,14,132,2,0.010662559684013806,1.6890392326194148,True,False,"[7, 15]","[0.23712653937345338, 0.25699984729542197]"
91,15,1929,1,0.012005859312746172,2.0159337889911293,True,False,[12],[0.16415357779276116]
91,17,122,2,0.009862579175813227,1.7208569043703883,True,False,"[8, 15]","[0.15358314855998786, 0.1733947910891168]"
91,19,925,1,0.01157561354991259,2.365767115158025,True,False,[12],[0.20150774684636355]
91,20,1753,1,0.01360546063936483,1.864578866209047,True,False,[8],[0.13697805802348625]
91,21,523,2,0.011650256988224073,1.6344324982879352,True,False,"[7, 15]","[0.13413853107458565, 0.1571907174642769]"
91,22,1010,1,0.012653369742356585,2.028978382612861,True,False,[12],[0.20247161753996304]
92,0,1525,2,0.00895365362364946,2.2856120263024122,True,False,"[7, 12]","[0.21746829218443714, 0.20025369607051743]"
92,1,2195,3,0.012110697430234265,1.9376537183069338,True,False,"[7, 8, 15]","[0.1262349492454873, 0.13184894815397352, 0.14239584225418256]"
92,2,2113,1,0.01157553368315428,2.1126809132192874,True,False,[12],[0.12953478838509785]
92,3,43,1,0.012468788385356592,1.8446551336401367,True,False,[12],[0.14453913279763905]
92,4,1549,1,0.012075900586262135,2.33316238074925,True,False,[5],[0.13559689259483845]
92,5,1317,1,0.010586606223191769,1.756697148078632,True,False,[8],[0.1495171807268318]
92,6,1492,2,0.008760355283081157,1.7919063527566594,True,False,"[12, 16]","[0.13598080682750763, 0.10462792231149175]"
92,7,631,1,0.011452901056348849,2.128838203083637,True,False,[12],[0.15229857636370667]
92,9,354,1,0.009340324396491474,1.777106807982387,True,False,[12],[0.10797522653819505]
92,10,1817,1,0.012199523126679646,1.9103299715855255,True,False,[5],[0.1527519866723206]
92,11,51,1,0.011899935321794826,1.7845573081783643,True,False,[15],[0.1839433680160756]
92,12,1914,1,0.012677526156914467,1.9185638709270019,True,False,[16],[0.05925048896304535]
92,13,1547,1,0.013259693803031328,2.120594505319771,True,False,[7],[0.1523628241325679]
92,14,1233,1,0.012181508478144398,1.894194979019626,True,False,[15],[0.24828823887860135]
92,15,132,2,0.008883465205501465,1.6901951960317765,True,False,"[7, 15]","[0.14095679408458558, 0.12245466789648599]"
92,16,1929,1,0.011035836081672452,2.015792170327179,True,False,[7],[0.14980305484193657]
92,17,7,1,0.0118381760980512,2.2056762170092723,True,False,[5],[0.11760731446202843]
92,18,122,1,0.012121270232967806,1.7420440930961065,True,False,[5],[0.13523030309269876]
92,19,932,1,0.011343593556743279,2.158525887435713,True,False,[7],[0.15584881496275296]
92,20,925,1,0.009888581244352787,2.422730996888354,True,False,[5],[0.10961110466693776]
92,21,1753,1,0.012112721691122251,1.8773134426308755,True,False,[8],[0.1699531204742969]
92,22,523,3,0.016507376431011467,1.6373321135631809,True,False,"[8, 15, 17]","[0.15530089429114996, 0.13625648645551755, 0.09296318459655414]"
92,23,2099,2,0.00991464064539801,2.2805565388167715,True,False,"[7, 15]","[0.13617513910415688, 0.1630021303805225]"
93,0,1525,2,0.00981872283587095,2.2871126169558984,True,False,"[8, 12]","[0.2794517885854239, 0.1994874974283695]"
93,3,43,2,0.008423516180453033,1.8623563482235757,True,False,"[7, 8]","[0.1305195028345895, 0.19824350405095129]"
93,4,1549,1,0.01021048907549712,2.3779056667468987,True,False,[7],[0.16301022618901548]
93,5,1317,2,0.008748637228658322,1.771147903225744,True,False,"[7, 8]","[0.14865432967846293, 0.181732978257293]"
93,6,1492,1,0.010921613069256594,1.8200422481148242,True,False,[7],[0.1493996855130405]
93,7,631,1,0.01128224366518743,2.1317081688923563,True,False,[7],[0.14014376665972175]
93,8,2004,1,0.009982586532764853,2.10599272589452,True,False,[8],[0.15860922192242935]
93,9,354,3,0.00786337888591367,1.7893065516542344,True,False,"[7, 8, 12]","[0.16124407238400182, 0.1534462711309726, 0.10735120952696871]"
93,10,1817,1,0.012261080081547785,1.9391733940084142,True,False,[5],[0.15129608264918254]
93,11,51,2,0.007934522773073719,1.8033467812180566,True,False,"[7, 8]","[0.12453974977396365, 0.14865492159667298]"
93,12,1914,1,0.010771308819166495,1.9178162139930635,True,False,[7],[0.17714936560563277]
93,13,1547,1,0.01011809522506991,2.154263321114771,True,False,[5],[0.13540821574332904]
93,14,1233,2,0.011055297126172457,1.894812767430672,True,False,"[7, 15]","[0.25558391758972415, 0.27050884756820426]"
93,15,132,1,0.011655007090416739,1.7046659764266971,True,False,[5],[0.15192590935384062]
93,18,122,1,0.011234080225945402,1.7662278734056949,True,False,[8],[0.20428957796838543]
93,19,932,1,0.010399345300359833,2.2048394738083923,True,False,[5],[0.16008359508035763]
93,20,925,1,0.010919675036815657,2.4765932828229644,True,False,[5],[0.11235805226133234]
93,21,1753,2,0.009402428311425097,1.8947826870467819,True,False,"[8, 12]","[0.16466992958358126, 0.2053158224111074]"
93,22,523,2,0.012159554258999169,1.6587507479023182,True,False,"[7, 17]","[0.1601868855600637, 0.09765578237574594]"
93,23,2099,2,0.007145909501374204,2.3074804377954203,True,False,"[7, 8]","[0.11695739124357134, 0.12512722296744658]"
94,0,1525,2,0.01022317880068306,2.309068015972263,True,False,"[7, 12]","[0.24482329795876792, 0.2327110604883727]"
94,1,2195,1,0.009066915218523063,1.9492668392688883,True,False,[7],[0.12535588752264373]
94,2,2113,2,0.008994122054074067,2.1195755410947,True,False,"[7, 12]","[0.125956638069722, 0.12593922319650808]"
94,4,1549,1,0.009931719036939063,2.421565922564494,True,False,[7],[0.14739331186793078]
94,5,1317,1,0.011991168225731983,1.810604336633366,True,False,[5],[0.13472696970678286]
94,6,1492,3,0.007378827713406839,1.829169832836741,True,False,"[7, 12, 16]","[0.15231221406792592, 0.14380427580929708, 0.10596796775417483]"
94,7,631,1,0.010932523591828737,2.1333404594959413,True,False,[7],[0.13400848840590654]
94,8,2004,1,0.009677717937635581,2.1410123771426828,True,False,[8],[0.14841608453805263]
94,9,354,1,0.011038945739716918,1.8223372602756547,True,False,[12],[0.10987760214239871]
94,10,1817,1,0.011602554033046952,1.9730485365848838,True,False,[5],[0.15579496784147004]
94,11,51,1,0.011699122466241234,1.8020009152905057,True,False,[12],[0.1637470922763149]
94,13,1547,2,0.008169333399981518,2.1784420906410897,True,False,"[7, 8]","[0.14257260095213725, 0.13330150530374452]"
94,14,1233,1,0.012318189458391287,1.8944968526274577,True,False,[7],[0.2694636599958156]
94,15,132,1,0.010494486854664066,1.7272761846532136,True,False,[8],[0.16245276276195103]
94,16,1929,1,0.011074303655456768,2.0500543109148848,True,False,[15],[0.19126037415602862]
94,17,7,1,0.012985392101518943,2.2462651390945325,True,False,[8],[0.14364479436944932]
94,18,122,1,0.011329645150624602,1.7922191227741382,True,False,[8],[0.19796959419760027]
94,20,925,1,0.01216181725081818,2.4765410544357542,True,False,[15],[0.22013259122159942]
94,21,1753,3,0.0069756583933145,1.8988605179930922,True,False,"[8, 15, 16]","[0.13848262794054755, 0.16517453737087381, 0.12035549687665985]"
94,22,523,1,0.017151812333963772,1.678534569052548,True,False,[7],[0.18653453654113725]
94,23,2099,1,0.010794205071225322,2.3155132301049957,True,False,[7],[0.11158682997967706]
95,0,1525,1,0.011352434954559117,2.3558717950921664,True,False,[7],[0.2353657721109655]
95,1,2195,1,0.012406551742323857,1.9363180542339062,True,False,[12],[0.14730341354219245]
95,2,2113,1,0.010788665201928007,2.1230466146766105,True,False,[8],[0.15729494314964618]
95,3,43,1,0.010271688762616955,1.8799279149767114,True,False,[15],[0.22087542259453927]
95,4,1549,1,0.009489878571021468,2.4698041393747707,True,False,[7],[0.13512025394052793]
95,5,1317,1,0.01112845242737171,1.8182791804426757,True,False,[12],[0.13121499803252923]
95,7,631,1,0.010457930412780245,2.1627961587176303,True,False,[8],[0.13394688115064138]
95,8,2004,1,0.009312383211628387,2.174210986758402,True,False,[8],[0.193861893883816]
95,9,354,1,0.011163037779909136,1.8621258505960407,True,False,[12],[0.10932676594920221]
95,11,51,1,0.01358284120625613,1.8089059799844696,True,False,[5],[0.15433775150656637]
95,12,1914,1,0.011613818044276799,1.9624023187832857,True,False,[5],[0.14207342702836817]
95,15,132,3,0.007149715526444249,1.7360299368905932,True,False,"[7, 8, 15]","[0.13163613838403965, 0.1569867550156276, 0.11989891461297156]"
95,16,1929,2,0.008770891003576255,2.04917899575559,True,False,"[7, 12]","[0.14835590013609032, 0.16064003838347712]"
95,17,7,1,0.01292263558989959,2.286577040895277,True,False,[8],[0.1371718415617999]
95,18,122,1,0.01193071041815359,1.7939080293142533,True,False,[15],[0.1815505576778236]
95,19,932,1,0.010120567162629901,2.2363632196349696,True,False,[7],[0.13887545741275342]
95,20,925,2,0.008431655361881417,2.505196902076555,True,False,"[7, 8]","[0.12800150117799278, 0.1534738028474678]"
95,21,1753,1,0.014134081896472885,1.9002968785553653,True,False,[12],[0.19336626491688474]
95,22,523,1,0.01917684176925787,1.6792676011305796,True,False,[16],[0.09758170339767988]
95,23,2099,1,0.009195865808660237,2.3666371013557046,True,False,[8],[0.12792694709022817]
96,0,1525,1,0.01406822700522518,2.39167958964988,True,False,[5],[0.17967678109498697]
96,1,2195,1,0.011074067628907428,1.972545191408403,True,False,[5],[0.1202739753017444]
96,2,2113,1,0.012188140791852662,2.115005543120417,True,False,[12],[0.11657296854531532]
96,3,43,1,0.011839070640780165,1.871924008359956,True,False,[12],[0.14554271181877848]
96,4,1549,1,0.00903923543111867,2.5160213966899923,True,False,[7],[0.12702758007737744]
96,5,1317,1,0.012432698413999334,1.8581120948880199,True,False,[5],[0.13950537646826447]
96,6,1492,1,0.011263195069162731,1.8596845581081547,True,False,[7],[0.1717226154758477]
96,7,631,1,0.011418132535592072,2.163902463024851,True,False,[12],[0.16563226192706587]
96,8,2004,1,0.009926863998773124,2.217974885704562,True,False,[5],[0.1375208030909055]
96,9,354,1,0.010516868769065437,1.9072618402308432,True,False,[12],[0.10691103347770009]
96,10,1817,1,0.010971985846774685,2.013981774248184,True,False,[7],[0.1376210890981005]
96,11,51,1,0.010775160062983437,1.821210415256496,True,False,[7],[0.1251668747367947]
96,12,1914,1,0.011358456630808172,2.0092768382603086,True,False,[5],[0.1439259799107027]
96,14,1233,1,0.010861703742637981,1.915327480365863,True,False,[8],[0.1661689352419725]
96,16,1929,1,0.011365293421522208,2.0683216237227016,True,False,[5],[0.14993882828628494]
96,17,7,1,0.011273929989320804,2.285918872348634,True,False,[7],[0.12844652626802827]
96,18,122,1,0.012426626525644469,1.8112970623102982,True,False,[8],[0.2040168909254395]
96,19,932,2,0.008381200406174726,2.2640655328201693,True,False,"[7, 15]","[0.13065560509111496, 0.15900326465229633]"
96,21,1753,2,0.009404451432167425,1.9064039274957378,True,False,"[8, 16]","[0.1359478585981445, 0.1251439987158021]"
96,22,523,1,0.016227428129517305,1.699650552068489,True,False,[7],[0.17101632344988266]
96,23,2099,2,0.007249147519576996,2.395513060697658,True,False,"[7, 8]","[0.10668075899623775, 0.12067759194858826]"
97,0,1525,2,0.01056438069239521,2.393703978975064,True,False,"[8, 12]","[0.28119392085579564, 0.24397269971401597]"
97,1,2195,1,0.011894719331842222,1.964950713731011,True,False,[12],[0.13876652713247078]
97,6,1492,1,0.010375459022635248,1.8965656774532433,True,False,[7],[0.1671875523646215]
97,8,2004,1,0.010087157884616232,2.222157207834067,True,False,[7],[0.1448399546182084]
97,9,354,2,0.009295531770985022,1.9268845265105075,True,False,"[7, 12]","[0.1703162574671894, 0.1118082929096549]"
97,11,51,3,0.0072241764594962714,1.8373304380553286,True,False,"[7, 8, 15]","[0.15308605045958834, 0.1635745109848141, 0.187934886778546]"
97,12,1914,1,0.011069615999571285,2.0583630877363794,True,False,[5],[0.14681050667065693]
97,13,1547,1,0.008571966599186189,2.232005795204114,True,False,[8],[0.12248945924524388]
97,15,132,1,0.011921205251546003,1.7506967995818274,True,False,[5],[0.1757564864364752]
97,16,1929,1,0.011183444923233303,2.094107816542935,True,False,[5],[0.13602903138143674]
97,17,7,1,0.011386882521614359,2.306321222914051,True,False,[5],[0.12020077577635181]
97,18,122,3,0.007304508836671892,1.82052724197314,True,False,"[7, 8, 15]","[0.18863112587570668, 0.17723217620098483, 0.18179039645874256]"
97,19,932,1,0.01006338847618668,2.3141834253536615,True,False,[5],[0.15077499130274796]
97,20,925,1,0.009752255866993775,2.5609494330787266,True,False,[7],[0.13154090658577597]
97,21,1753,2,0.008831136142791402,1.9246325786143852,True,False,"[8, 12]","[0.14345414399884648, 0.17899602319502367]"
97,22,523,3,0.013311023380775246,1.7162090054674382,True,False,"[7, 15, 17]","[0.15708388187378416, 0.17169107042427653, 0.13508043807451597]"
97,23,2099,1,0.011737901415224836,2.4036819175943553,True,False,[7],[0.11934111996163915]
98,0,1525,3,0.010230570540528481,2.3896027778677,True,False,"[8, 11, 12]","[0.29462203156624056, 0.19754255383834848, 0.25363578932593794]"
98,1,2195,1,0.009095590597017762,1.9870409623348742,True,False,[7],[0.121846358707565]
98,2,2113,2,0.007679831093897834,2.131473785907062,True,False,"[7, 8]","[0.10760323119641269, 0.1582272828076]"
98,3,43,1,0.012521551077356141,1.9012152786587277,True,False,[5],[0.09995667057653636]
98,5,1317,2,0.008127098174925042,1.8744045856950848,True,False,"[7, 12]","[0.13131782531568206, 0.13898465531446436]"
98,6,1492,3,0.007765277861868163,1.908201757697432,True,False,"[7, 12, 16]","[0.16226857959655844, 0.1441184655180373, 0.11027069136842922]"
98,7,631,1,0.010166462842866887,2.193794456603174,True,False,[8],[0.14414191869533416]
98,8,2004,2,0.008489964309152165,2.241446522106325,True,False,"[8, 12]","[0.19397018878686204, 0.12043523187498896]"
98,9,354,1,0.011215942463234454,1.967838469319847,True,False,[12],[0.10658351652372855]
98,10,1817,1,0.011026251743254242,2.0553994316977797,True,False,[7],[0.138426331266303]
98,11,51,1,0.012559742762191845,1.8495515810560834,True,False,[7],[0.1632338849790094]
98,12,1914,1,0.010769273811591635,2.0693586886728284,True,False,[7],[0.17236801564652784]
98,14,1233,1,0.010336117311581232,1.9344355722590243,True,False,[8],[0.16119709020648712]
98,15,132,2,0.008872362195237163,1.7674905301713983,True,False,"[8, 12]","[0.15517735537612454, 0.17429013946275518]"
98,17,7,1,0.013153335718967327,2.3072221885729807,True,False,[15],[0.1594677596911945]
98,18,122,1,0.011630912584776618,1.8449281850451669,True,False,[8],[0.169777048824677]
98,19,932,1,0.010619735368229029,2.355510901245394,True,False,[7],[0.12122682529732892]
98,20,925,3,0.007832236766162945,2.5626349819372307,True,False,"[8, 11, 15]","[0.15757631227241498, 0.09552591187232948, 0.22632837151712892]"
98,22,523,2,0.01266694599039639,1.7270500081468723,True,False,"[7, 15]","[0.16766064994779853, 0.14229132769991432]"
98,23,2099,3,0.006684127769353318,2.421573919017223,True,False,"[7, 8, 15]","[0.10628934231239277, 0.11950576315314816, 0.14916969514818323]"
99,0,1525,2,0.008327765325736309,2.415590371116672,True,False,"[7, 8]","[0.2128922271513092, 0.2795051229459811]"
99,1,2195,1,0.01009977911130738,2.0144048079407995,True,False,[15],[0.14837299547531652]
99,2,2113,2,0.008040616596078506,2.1315132265585106,True,False,"[8, 12]","[0.15049941213255508, 0.1079174887832425]"
99,3,43,1,0.01048115146973521,1.9329003747621682,True,False,[7],[0.12910911089836552]
99,5,1317,2,0.009915885785154385,1.8949220456724083,True,False,"[7, 8]","[0.18098680512061488, 0.19385811156864438]"
99,6,1492,2,0.009052846799897424,1.9272883976467734,True,False,"[7, 16]","[0.1601796667597489, 0.13585901573529674]"
99,7,631,2,0.009003049769555614,2.1942063140772015,True,False,"[7, 12]","[0.15597541935400855, 0.17852317405964835]"
99,8,2004,1,0.010983448421561766,2.247925710331279,True,False,[12],[0.11864553911969827]
99,9,354,1,0.010631340261472087,2.008477477557094,True,False,[12],[0.10207638672872968]
99,11,51,3,0.007723306966848624,1.852002061392872,True,False,"[7, 12, 15]","[0.1634247615553697, 0.16753512889366953, 0.19960470633663183]"
99,12,1914,3,0.007419021889544091,2.0683169525098015,True,False,"[7, 8, 16]","[0.16700965671745036, 0.13651665324483483, 0.07409906414731396]"
99,14,1233,2,0.007964941592592673,1.9510147113207392,True,False,"[7, 8]","[0.2904108149719918, 0.17309798656065895]"
99,15,132,1,0.010903041551753364,1.7752762881661477,True,False,[12],[0.1894605029184705]
99,16,1929,1,0.010555932050624162,2.1003368329714673,True,False,[7],[0.14453526315941384]
99,18,122,3,0.007343070769930666,1.8576490660720104,True,False,"[7, 8, 15]","[0.16275940577115114, 0.13630978322625673, 0.17815880948481616]"
99,19,932,1,0.011370332859452197,2.39961327868959,True,False,[7],[0.12172739475139052]
99,20,925,1,0.008391393323639163,2.6160728340087136,True,False,[7],[0.1527112506591353]
99,21,1753,1,0.011630105470285075,1.9646311140671548,True,False,[8],[0.12117726123507534]
99,22,523,2,0.014208817375607757,1.7410563206455696,True,False,"[7, 15]","[0.18096398232683603, 0.1601438012115442]"
99,23,2099,1,0.009066417094627712,2.4757062663620046,True,False,[8],[0.10965235861515926]
100,0,1525,2,0.009421175328962663,2.4397573098199206,True,False,"[7, 12]","[0.22335114175529247, 0.2625749020258771]"
100,1,2195,1,0.00904913475690621,2.0419302230651963,True,False,[7],[0.12471677341774506]
100,2,2113,1,0.010858747882553633,2.161113987100583,True,False,[7],[0.10633864437705312]
100,3,43,1,0.01045617683221484,1.968759673752943,True,False,[7],[0.1278273656236986]
100,4,1549,1,0.008687639507890367,2.566089923831714,True,False,[7],[0.11409946457931205]
100,5,1317,1,0.011440350981176227,1.8953950398714805,True,False,[15],[0.22987975234598437]
100,6,1492,1,0.012008292027036845,1.9530728532674677,True,False,[5],[0.1724066931508883]
100,7,631,2,0.007565572713090829,2.213310212289611,True,False,"[7, 8]","[0.14873458804271558, 0.1446935789797623]"
100,8,2004,2,0.00691364114262322,2.2692714301793107,True,False,"[7, 8]","[0.1363235513456313, 0.1813669116655219]"
100,9,354,1,0.011507349120871157,2.008446233640999,True,False,[5],[0.10740236496315275]
100,10,1817,1,0.012286812182450483,2.0601197676828624,True,False,[8],[0.13893725928643574]
100,11,51,2,0.00984441347194777,1.8522440228858623,True,False,"[12, 15]","[0.1791616840936598, 0.2129896052068118]"
100,13,1547,1,0.010204337994651225,2.2839822144236495,True,False,[8],[0.11958552361894548]
100,14,1233,2,0.009110287870138753,1.9662761367608173,True,False,"[7, 8]","[0.2944839586488211, 0.18318200994548411]"
100,15,132,1,0.012067857365001562,1.7853520114381776,True,False,[5],[0.1866265102497909]
100,17,7,2,0.008156053571949594,2.308117168133038,True,False,"[7, 15]","[0.1261868675585031, 0.15749224731602665]"
100,20,925,1,0.01181102190993753,2.616069344261163,True,False,[8],[0.17523862326006287]
100,22,523,4,0.010453984273926605,1.755051944133849,True,False,"[7, 8, 16, 17]","[0.18249194367532728, 0.14565655467533573, 0.11657002958435209, 0.13745222359995957]"
101,0,1525,2,0.008912881827710111,2.4639405044841642,True,False,"[7, 8]","[0.20192389597440227, 0.254781324912219]"
101,1,2195,1,0.009769628808791751,2.071273397047135,True,False,[15],[0.14346327331428405]
101,3,43,1,0.01047528071194675,1.9805228864094295,True,False,[15],[0.20325765235943727]
101,4,1549,1,0.009363849461712417,2.6159228213935473,True,False,[7],[0.1151168686328054]
101,6,1492,2,0.009089596887161041,1.9395926551946954,True,False,"[11, 16]","[0.09043617610101444, 0.13585835207075933]"
101,8,2004,1,0.009760987176100805,2.298410577150862,True,False,[8],[0.17763498481877238]
101,9,354,1,0.010542863114549519,2.0494340461176446,True,False,[12],[0.09410345623147794]
101,10,1817,1,0.010994059810015232,2.102308965924538,True,False,[7],[0.1450709842201892]
101,12,1914,1,0.010576906352887074,2.103333687164103,True,False,[15],[0.17772093627551486]
101,14,1233,1,0.01352059454592443,1.9609156791235676,True,False,[16],[0.23552190497476494]
101,15,132,3,0.007571365826417036,1.7945684793150587,True,False,"[7, 8, 15]","[0.14157182045546118, 0.13390987068078494, 0.1364406822748761]"
101,18,122,2,0.008133219960859679,1.8732224788649596,True,False,"[7, 8]","[0.15102628187197478, 0.1494768069083131]"
101,20,925,1,0.010667437562136815,2.6324177773292865,True,False,[12],[0.17707877451867934]
101,21,1753,1,0.010675643877249593,2.002458463043675,True,False,[7],[0.1398997480944867]
101,22,523,2,0.017426399815443482,1.766005665843654,True,False,"[8, 17]","[0.2156346490904303, 0.19145876637333734]"
101,23,2099,1,0.011393757525603721,2.4864841518368106,True,False,[7],[0.10650198897389894]
102,0,1525,1,0.013900688442874653,2.502593621489068,True,False,[5],[0.18411986685417359]
102,1,2195,2,0.007556704573906781,2.0789000332205303,True,False,"[7, 12]","[0.11916436527261325, 0.13464692120000635]"
102,2,2113,1,0.0111433310600699,2.167330916162632,True,False,[8],[0.14781993387400927]
102,3,43,1,0.011963812780754954,2.018034563904939,True,False,[5],[0.10015949237016689]
102,4,1549,1,0.009479547383712974,2.6666091554885063,True,False,[7],[0.11820370067356148]
102,5,1317,1,0.010808432385004908,1.9120412624727603,True,False,[8],[0.1970642075650949]
102,6,1492,1,0.010162180891063504,1.9399925431978327,True,False,[12],[0.15744961919234754]
102,7,631,1,0.009971572128983336,2.2460178731526583,True,False,[8],[0.13734728239613547]
102,8,2004,1,0.010204578273509653,2.3376703579546407,True,False,[5],[0.15060861250544025]
102,10,1817,2,0.009622668864341192,2.1323170917623235,True,False,"[7, 15]","[0.13887130978538006, 0.20102857646489916]"
102,11,51,2,0.008182769070574783,1.865473165268914,True,False,"[8, 15]","[0.16915500983697027, 0.19483741795734136]"
102,12,1914,2,0.010088504191008688,2.088542601517294,True,False,"[12, 17]","[0.1785672384406366, 0.1290067813494674]"
102,14,1233,1,0.010380013658126937,1.9976062681765638,True,False,[8],[0.17985363510212332]
102,15,132,1,0.01232026682491115,1.8078029796508934,True,False,[5],[0.19301901768655727]
102,16,1929,1,0.01011353542609376,2.1310809298544826,True,False,[15],[0.19486291428741384]
102,20,925,1,0.009533883861509456,2.6793885905472745,True,False,[7],[0.17030626263420373]
102,21,1753,1,0.011324631725365197,2.0412488073509705,True,False,[8],[0.13357358617170742]
102,22,523,1,0.017329633181965863,1.7704014044378815,True,False,[8],[0.20369829800317873]
102,23,2099,3,0.006624243783338345,2.5065630141204425,True,False,"[7, 8, 15]","[0.10321819413014714, 0.09399467539048605, 0.1256230854707822]"
103,0,1525,2,0.01115283179756113,2.5247387632302436,True,False,"[7, 12]","[0.2558952253938586, 0.26644934038964363]"
103,1,2195,1,0.010556953337202258,2.123672892314913,True,False,[5],[0.1318037721410587]
103,2,2113,1,0.011096273671372737,2.1969345973884473,True,False,[7],[0.10921398356684638]
103,3,43,1,0.010317724547097248,2.030653099581107,True,False,[15],[0.18975452299085638]
103,5,1317,1,0.012077498249759537,1.953755076344689,True,False,[5],[0.14264407545808205]
103,6,1492,1,0.010112386936752163,1.9818522595392432,True,False,[7],[0.16189835103297306]
103,7,631,1,0.009754378162081124,2.2756656075132375,True,False,[8],[0.13387488376662107]
103,8,2004,1,0.0092898673807036,2.3670027803690856,True,False,[8],[0.1619167073048975]
103,9,354,1,0.014198207302359938,2.048590562321501,True,False,[7],[0.17607395304717374]
103,11,51,1,0.011197094256446842,1.8828249267371786,True,False,[15],[0.2001151364162266]
103,12,1914,2,0.009644172073419856,2.08042490506514,True,False,"[8, 16]","[0.1423779801201476, 0.09485091843664707]"
103,14,1233,2,0.008374835621861355,2.0219040711774037,True,False,"[7, 8]","[0.262350704811952, 0.17023936749982188]"
103,15,132,2,0.007206058343249169,1.8309159994503958,True,False,"[7, 8]","[0.13799957674602, 0.12213381042008303]"
103,16,1929,1,0.0120432733665141,2.13060934534703,True,False,[12],[0.14437195428951596]
103,17,7,1,0.010407094546136609,2.3078512919047673,True,False,[7],[0.11935433337805212]
103,18,122,1,0.013076786993124267,1.8655138334334638,True,False,[15],[0.18326950997115724]
103,19,932,1,0.009564754767188504,2.4540723981805224,True,False,[5],[0.13584366593289582]
103,21,1753,1,0.010882538049926515,2.0806063323192707,True,False,[8],[0.12107056829001851]
103,22,523,3,0.013084758283053912,1.7759311835405636,True,False,"[7, 12, 15]","[0.21636519289881467, 0.2573208582109102, 0.1917349167200666]"
103,23,2099,1,0.011036806820561523,2.5143001149498554,True,False,[7],[0.10314900004861659]
104,0,1525,1,0.015242809292943471,2.5075565381993687,True,False,[11],[0.1895776920034585]
104,1,2195,2,0.008671848185607255,2.1297371276324912,True,False,"[12, 15]","[0.15281098985265368, 0.14342130051206323]"
104,2,2113,2,0.00898215980895123,2.2118956874449385,True,False,"[7, 12]","[0.10917663947164771, 0.10725861618431833]"
104,3,43,1,0.009924165780101784,2.04683257712038,True,False,[15],[0.17266670854939825]
104,4,1549,1,0.00939586062518788,2.7187456063855313,True,False,[7],[0.11127658257324137]
104,5,1317,2,0.008098195820896936,1.9716055339877385,True,False,"[7, 15]","[0.16377998704104513, 0.2205506295739939]"
104,6,1492,1,0.011299000288054821,2.0175803473442886,True,False,[5],[0.15858136126811956]
104,7,631,2,0.009264117464000661,2.277128546508541,True,False,"[12, 15]","[0.19018055755852747, 0.1378966987938842]"
104,8,2004,1,0.009110013300487158,2.394218274593754,True,False,[8],[0.18520653098622777]
104,9,354,1,0.010370476964468717,2.0900697914160262,True,False,[12],[0.09539373277120813]
104,10,1817,1,0.01183643115810531,2.1225856098106615,True,False,[16],[0.17188616461332343]
104,11,51,1,0.013739850505164313,1.8867962051951501,True,False,[5],[0.16625910772080799]
104,12,1914,2,0.007097648173756534,2.1045247436629393,True,False,"[7, 15]","[0.1491834093305879, 0.16763498901660395]"
104,14,1233,1,0.008476516167002509,2.0652909080620807,True,False,[8],[0.1504880092769222]
104,15,132,1,0.010898291264336108,1.8281364587301407,True,False,[15],[0.14386028289999847]
104,16,1929,1,0.011241953566324823,2.1650166107788276,True,False,[5],[0.13499921833581507]
104,18,122,1,0.011006494406721226,1.8918566047304113,True,False,[8],[0.15773320549968461]
104,20,925,2,0.007645755427893939,2.7073467364915786,True,False,"[7, 15]","[0.16233339331463825, 0.23336309081186318]"
104,21,1753,1,0.010772539747961494,2.1202451970271143,True,False,[8],[0.11646540790688763]
104,22,523,1,0.016739372126047123,1.7821740865581557,True,False,[8],[0.1836219093702794]
104,23,2099,2,0.007739149494479902,2.540108662312342,True,False,"[8, 15]","[0.0866082109390725, 0.11740754438018933]"
105,0,1525,2,0.012884458242499315,2.50100084307933,True,False,"[8, 16]","[0.30100085541430344, 0.17756851087853487]"
105,1,2195,1,0.010890487443098456,2.131232965957553,True,False,[8],[0.143001502068288]
105,2,2113,1,0.011321089793053,2.222007708791799,True,False,[15],[0.12189716443833189]
105,3,43,2,0.007843807445473005,2.054864496633564,True,False,"[7, 12]","[0.12241514013769834, 0.14565139122606846]"
105,5,1317,1,0.012439925760386725,1.9947922599522334,True,False,[7],[0.15806564611645163]
105,6,1492,1,0.009462338402692208,2.066608913476742,True,False,[7],[0.16441730639810262]
105,7,631,1,0.01081273359636175,2.3274389782271387,True,False,[5],[0.14994700190800642]
105,8,2004,2,0.010179841741119999,2.394925477135564,True,False,"[7, 11]","[0.15537764297045253, 0.08888101568549395]"
105,9,354,1,0.012448033067188028,2.091068475148213,True,False,[7],[0.16348389769353197]
105,10,1817,1,0.01134045194054422,2.159385467147271,True,False,[5],[0.14563374009532581]
105,11,51,1,0.013400679786043694,1.8923026133567151,True,False,[5],[0.16820975523722756]
105,12,1914,2,0.008952840774388113,2.1096571084563505,True,False,"[7, 8]","[0.14940822915578789, 0.1432881257049149]"
105,13,1547,1,0.012811310745281688,2.28178180483046,True,False,[7],[0.1381379801276703]
105,14,1233,2,0.008921578572172609,2.0804075633349677,True,False,"[8, 15]","[0.1563975948374645, 0.29012893164071385]"
105,16,1929,1,0.011424286915144856,2.19720820722048,True,False,[5],[0.13083713448120984]
105,17,7,1,0.010231851086460072,2.308701446126901,True,False,[7],[0.11857408388377695]
105,18,122,1,0.011167018025410357,1.9153135006414261,True,False,[5],[0.14669405060033505]
105,19,932,1,0.011918473569920953,2.5011514157242876,True,False,[7],[0.1296995685931296]
105,20,925,1,0.01099304140736808,2.731356379291769,True,False,[12],[0.2157317255760157]
105,21,1753,1,0.010347596276721818,2.1542597391035803,True,False,[8],[0.10564012444379253]
105,22,523,2,0.011900202140812631,1.7957071935788498,True,False,"[7, 8]","[0.18903095562480918, 0.19817486211056062]"
105,23,2099,3,0.006598555727546135,2.555018457110274,True,False,"[7, 8, 15]","[0.10289261473122666, 0.08794897676076685, 0.11476324513876127]"
106,1,2195,3,0.007964264104861125,2.121413539028551,True,False,"[8, 12, 16]","[0.13382873632439587, 0.16070993733276978, 0.0661785210373126]"
106,2,2113,1,0.011624177783451274,2.219673305243392,True,False,[12],[0.09778402596985171]
106,4,1549,1,0.010884492286851441,2.760298563253836,True,False,[7],[0.11695421504119287]
106,5,1317,1,0.01237222674590209,2.0241396657414907,True,False,[7],[0.1458390637817342]
106,7,631,1,0.009879657195370989,2.357592978680341,True,False,[8],[0.134130287245078]
106,8,2004,1,0.01134129593922352,2.3928398129673245,True,False,[12],[0.13721413458572]
106,11,51,3,0.007250246912238305,1.9047693507252315,True,False,"[7, 8, 15]","[0.15969597298691737, 0.18079937522607883, 0.18634817838415133]"
106,12,1914,2,0.008072691712705945,2.117445958946293,True,False,"[15, 16]","[0.17290771906529986, 0.1021726099610467]"
106,14,1233,1,0.01224208150760887,2.0961516765685317,True,False,[8],[0.19113820500590023]
106,15,132,4,0.007262723281055029,1.841800964717515,True,False,"[7, 8, 12, 15]","[0.14566756330686018, 0.13976862525654332, 0.1983813980040134, 0.15578261394391105]"
106,16,1929,1,0.010152520468445099,2.2108830426662816,True,False,[7],[0.1501021358758545]
106,17,7,1,0.013093543712186325,2.34843559729926,True,False,[8],[0.13345490018122863]
106,18,122,1,0.010629593105812357,1.9415026479455144,True,False,[8],[0.18548905775916796]
106,19,932,1,0.010883889345973164,2.549715564733947,True,False,[7],[0.10846323138804248]
106,20,925,1,0.011758153247226224,2.731248079269898,True,False,[8],[0.19312673661022697]
106,21,1753,2,0.008938520315713787,2.1410793587340935,True,False,"[12, 16]","[0.15649983838733214, 0.13069498629884113]"
106,22,523,1,0.016395527370885947,1.82557344816085,True,False,[5],[0.15988161243748159]
106,23,2099,2,0.00713612307529489,2.5760584827580155,True,False,"[7, 8]","[0.11138104132657657, 0.0881003060362937]"
107,0,1525,1,0.013566135180349808,2.4984243361309235,True,False,[8],[0.2802330762154213]
107,2,2113,1,0.011462654314171742,2.2218747305812223,True,False,[12],[0.0936598065068466]
107,3,43,1,0.011689708533177247,2.093612263864601,True,False,[5],[0.09829863295096163]
107,5,1317,1,0.011413401015564551,2.0239471529960786,True,False,[15],[0.216634574416245]
107,6,1492,1,0.010207674073198055,2.0677878609331914,True,False,[12],[0.1658796364506798]
107,7,631,1,0.010446527394553906,2.3798325342205198,True,False,[8],[0.1418322708857208]
107,11,51,3,0.008649621054222727,1.917743339187691,True,False,"[7, 8, 12]","[0.17515660214830606, 0.18880344284783315, 0.17759632767497127]"
107,13,1547,1,0.013206934454469554,2.280822949600451,True,False,[7],[0.1403171256652131]
107,14,1233,1,0.009871713639831388,2.1374249176029467,True,False,[5],[0.1277478457101923]
107,15,132,2,0.00841122153911368,1.862069547847011,True,False,"[7, 8]","[0.1479532628205979, 0.11749104798840057]"
107,16,1929,1,0.011841054493379332,2.2523514117645376,True,False,[5],[0.13826595126855618]
107,17,7,1,0.012304233722989654,2.3958476246932023,True,False,[8],[0.12345686352289355]
107,18,122,1,0.010447005167173402,1.9677819205967597,True,False,[8],[0.17213052576282695]
107,19,932,2,0.007990121607648452,2.575748133162659,True,False,"[7, 8]","[0.10140161374211981, 0.11501907853501289]"
107,20,925,3,0.010951024040044185,2.7224213681907865,True,False,"[11, 12, 16]","[0.13635388799090664, 0.26927965750358024, 0.18707556529295483]"
107,21,1753,1,0.010648511045705307,2.1538550265529186,True,False,[5],[0.12813787884397207]
107,22,523,1,0.01534464980395411,1.8503860762374806,True,False,[7],[0.21884017017269466]
107,23,2099,1,0.01185853835663054,2.5778960039273167,True,False,[15],[0.11799056206708708]
108,0,1525,2,0.009792751344867363,2.515534928555144,True,False,"[7, 8]","[0.24803117104211395, 0.2910118496488896]"
108,1,2195,2,0.007588374913274919,2.127854463604752,True,False,"[7, 8]","[0.12492708710281236, 0.13723378160537955]"
108,3,43,1,0.010035274030666482,2.1237959066869214,True,False,[7],[0.11668266897201124]
108,4,1549,1,0.010233165591601251,2.8076180446005736,True,False,[7],[0.10214049008889206]
108,5,1317,1,0.01011065309848175,2.0397575671734205,True,False,[8],[0.19890448047181514]
108,6,1492,2,0.01041000540167401,2.0668361404179816,True,False,"[12, 16]","[0.17810493340603473, 0.14766847862002705]"
108,8,2004,1,0.00982701997628784,2.433192143211109,True,False,[5],[0.1520523171963944]
108,9,354,1,0.01292762374536061,2.091927630701482,True,False,[7],[0.17014625537300815]
108,12,1547,1,0.012748377722860374,2.309139149851067,True,False,[8],[0.13839397534181302]
108,14,132,1,0.012609643160810821,1.8622184456562803,True,False,[8],[0.18114411047099105]
108,16,51,1,0.01227480436424734,1.9173010994065787,True,False,[12],[0.1487263501967547]
108,17,1914,2,0.007426111226764879,2.1272506637697357,True,False,"[7, 8]","[0.11976466456872761, 0.12569971919510178]"
108,18,932,1,0.01146126046314975,2.5983853076493544,True,False,[7],[0.15188263922965184]
108,19,925,3,0.010330119489405421,2.73283592169402,True,False,"[7, 12, 15]","[0.1821882141449959, 0.25258800026366357, 0.2184288075330494]"
108,20,1753,2,0.007636199011223221,2.174307888946963,True,False,"[7, 15]","[0.1649664240493433, 0.2261057147199312]"
108,21,523,1,0.015142782434621648,1.8492700424112645,True,False,[8],[0.10947376062207409]
108,22,122,2,0.0069419457391726004,1.987481272338761,True,False,"[8, 15]","[0.17727322438814241, 0.1890544291605435]"
108,23,2099,1,0.010072648008622507,2.581500199081444,True,False,[7],[0.09599889934665387]
109,0,1525,1,0.01374532151415392,2.5579212170320487,True,False,[7],[0.25142035654570194]
109,1,2195,2,0.007969285352760423,2.1374259711742756,True,False,"[7, 8]","[0.12024249012648767, 0.1258500804181712]"
109,2,2113,1,0.012540658683483369,2.2518963477529232,True,False,[5],[0.10442805846188284]
109,3,43,1,0.011708395984433581,2.165864964197638,True,False,[5],[0.0992509596654255]
109,5,1317,3,0.009685357303092649,2.0362779205273283,True,False,"[10, 12, 15]","[0.07780715870211562, 0.15992580459021957, 0.22842930608894627]"
109,6,1492,1,0.011541876302949854,2.1003197418636663,True,False,[5],[0.16152252423101998]
109,7,631,2,0.009405082881822999,2.382899777816701,True,False,"[7, 12]","[0.1514502941910317, 0.20201359185832113]"
109,8,2004,1,0.010689545266373985,2.433751286560163,True,False,[7],[0.1911317522240613]
109,9,354,1,0.012597541938299173,2.0957299040818906,True,False,[7],[0.16662601171559707]
109,10,2602,1,0.04802731737979882,2.485998739310293,True,False,[5],[0.13903426267835334]
109,13,1547,2,0.00822286621973087,2.333509749649106,True,False,"[7, 8]","[0.12879296838471302, 0.1128750340080245]"
109,14,1233,1,0.011670760528640878,2.157407346531274,True,False,[8],[0.17857762154392004]
109,15,132,1,0.01223286028102396,1.8759558308303015,True,False,[5],[0.2012348337777012]
109,17,51,1,0.00994850610197588,1.938073971028314,True,False,[8],[0.13233899076595373]
109,18,1914,1,0.01196690182298778,2.1369427985091316,True,False,[8],[0.1720857955493959]
109,19,932,1,0.011516550871738607,2.5927975133004875,True,False,[8],[0.1208066321421301]
109,20,925,2,0.007408281790074543,2.767255706884625,True,False,"[7, 8]","[0.16464571046846863, 0.20836492171828702]"
109,21,1753,1,0.010859297197568145,2.1873597062836825,True,False,[5],[0.13380586772491568]
109,22,523,1,0.015918088807833908,1.8709291701702089,True,False,[7],[0.2278041484161342]
109,23,2099,1,0.010079748809283832,2.5912714247246815,True,False,[7],[0.08804768905114982]
110,0,1525,1,0.0132651186072373,2.561337228408511,True,False,[12],[0.2672906280931656]
110,2,2113,3,0.00744295697959171,2.263313074959731,True,False,"[7, 12, 16]","[0.10363672843560347, 0.0914500836343866, 0.04099048216883871]"
110,3,43,1,0.010904859628758734,2.1896503046882487,True,False,[7],[0.118230416885362]
110,4,1549,1,0.011860211886485563,2.850864301130207,True,False,[5],[0.13343414906095563]
110,5,1317,1,0.011482967124832093,2.0849816913014667,True,False,[5],[0.14273963302837628]
110,6,1492,2,0.007278969398903379,2.1260340443032617,True,False,"[7, 8]","[0.15610323968378037, 0.13982230322023306]"
110,7,631,1,0.01002502955603183,2.405345749460396,True,False,[8],[0.13067587469706263]
110,8,2004,1,0.011853284096148277,2.4327432599024563,True,False,[11],[0.14995901015240476]
110,9,354,2,0.008508786000612698,2.1099480187447224,True,False,"[7, 12]","[0.15982604373671214, 0.09882274869664522]"
110,10,2602,1,0.00980200678644719,2.5439008442945488,True,False,[7],[0.1291722775774868]
110,15,132,2,0.007971091241390104,1.8856589699198862,True,False,"[8, 15]","[0.11233579726451172, 0.15299152776657318]"
110,17,51,1,0.011232533884497402,1.9676704316667686,True,False,[5],[0.12278090906329464]
110,18,1914,1,0.011723946534825681,2.1396943684323504,True,False,[7],[0.1643356157262484]
110,20,925,1,0.011868671424147983,2.768172424980413,True,False,[8],[0.21825485643148557]
110,21,1753,1,0.01049451856993526,2.2043137698805215,True,False,[8],[0.11810810847819385]
110,22,523,3,0.010004747381048538,1.8819914115969922,True,False,"[7, 8, 12]","[0.2406550616289208, 0.1746056638745095, 0.2999554190634555]"
110,23,2099,2,0.007449207656582353,2.610362684978146,True,False,"[7, 8]","[0.09130508312035446, 0.10379828812403741]"
111,0,1525,4,0.008606923636093807,2.566001794154395,True,False,"[7, 8, 10, 12]","[0.24534204835424653, 0.260315480023413, 0.07600854996956236, 0.2624524730073208]"
111,1,2195,2,0.0086925349660503,2.133705986038516,True,False,"[7, 12]","[0.12429018800243287, 0.17617667363606712]"
111,2,2113,1,0.010723663066622972,2.295962437661693,True,False,[7],[0.10210221811717378]
111,5,1317,1,0.012584440209789279,2.1093597152396164,True,False,[7],[0.15320243789720117]
111,6,1492,1,0.013428761419291314,2.1082456536590732,True,False,[11],[0.1141280954545122]
111,7,631,1,0.010642928531723848,2.4242625885159144,True,False,[8],[0.1349422511006281]
111,8,2004,2,0.006977856694126505,2.4530252136587785,True,False,"[7, 8]","[0.1904281509016651, 0.18002080721293723]"
111,9,354,1,0.011768214189418334,2.1093524822236662,True,False,[5],[0.1216750876041853]
111,11,1817,1,0.012506879343421907,2.1676997488664784,True,False,[8],[0.16893836091046888]
111,13,1547,1,0.013123600127871095,2.3332462575166795,True,False,[7],[0.12742188389980777]
111,14,1233,2,0.009903251088285022,2.163924260413972,True,False,"[8, 15]","[0.196824844862612, 0.286945634527402]"
111,15,132,2,0.008901411608463512,1.908636276647275,True,False,"[7, 8]","[0.15549263608968095, 0.11107485589212279]"
111,16,1929,1,0.010775157516280717,2.2699799360391855,True,False,[8],[0.13256684409957473]
111,18,1914,2,0.009639494791148027,2.156501538191481,True,False,"[12, 15]","[0.1943745096593553, 0.17429631472970913]"
111,19,932,1,0.01135241387849978,2.5913783364064056,True,False,[8],[0.12372265201352303]
111,20,925,1,0.01152964288435711,2.767490745744015,True,False,[15],[0.23064243712341384]
111,21,1753,3,0.007227836767915797,2.2250474842491537,True,False,"[7, 12, 17]","[0.1480943232054799, 0.167977778508905, 0.11493636099857801]"
111,22,523,3,0.010901416601238677,1.8808797962504489,True,False,"[12, 15, 17]","[0.28869016955074805, 0.19983848976628893, 0.19453089468246987]"
111,23,2099,2,0.008480662322396802,2.6127711862603564,True,False,"[7, 15]","[0.09749389802764002, 0.12153208541112463]"
112,0,1525,2,0.009600412024535668,2.590377317368285,True,False,"[7, 8]","[0.24009096665972307, 0.28865794863838046]"
112,1,2195,2,0.009414790315457486,2.141503147312275,True,False,"[7, 8]","[0.12777656680659205, 0.13207487619476882]"
112,2,2113,1,0.011599885631255191,2.289910928615038,True,False,[12],[0.0945573295983312]
112,3,43,1,0.013504160600742242,2.189952751316429,True,False,[8],[0.18918247436718624]
112,4,1549,1,0.011755770812789518,2.8958024332457244,True,False,[5],[0.12379385677834961]
112,5,1317,1,0.012153955016600822,2.101664548066839,True,False,[12],[0.158443840167162]
112,6,1492,1,0.009327677647237046,2.158689474595878,True,False,[7],[0.15108487141578336]
112,7,631,1,0.010181410507171763,2.425194384217944,True,False,[7],[0.13830735460385077]
112,8,2004,1,0.012179159147172944,2.4499305272581946,True,False,[12],[0.17247701079323632]
112,9,354,2,0.008628374834050167,2.1122252070636365,True,False,"[7, 8]","[0.15245921094047973, 0.16108258013928506]"
112,10,2602,1,0.011041353706014416,2.5900083590201426,True,False,[5],[0.12444471374574444]
112,12,2572,1,0.033100082050936536,3.0167020771912156,True,False,[7],[0.14000562317269044]
112,13,1547,1,0.009319732742133947,2.3749628166259837,True,False,[5],[0.13892165348498917]
112,14,1233,1,0.011009344378894715,2.164496356877199,True,False,[15],[0.27248809758450176]
112,15,132,2,0.008858787369125596,1.9226613040780365,True,False,"[8, 15]","[0.12293424148623726, 0.166853237673785]"
112,16,1929,1,0.01078625200488142,2.316754807028749,True,False,[5],[0.132798956447492]
112,17,51,1,0.010661127568250427,1.9783050088282668,True,False,[15],[0.15868916951829778]
112,20,925,1,0.008906384843206737,2.830041445426956,True,False,[7],[0.16031918707888707]
112,22,523,3,0.011745710839483565,1.8790331084995722,True,False,"[7, 15, 16]","[0.2531801203366433, 0.22558809597046384, 0.14679594804881663]"
112,23,2099,1,0.009224604273254104,2.6418690057943572,True,False,[5],[0.1708807104988936]
113,0,1525,1,0.014441626455394195,2.626003032124298,True,False,[7],[0.26938610675216546]
113,1,2195,1,0.012440485950315333,2.1245656565780084,True,False,[12],[0.18316862664357622]
113,2,2113,1,0.010804868252520725,2.2792303341274556,True,False,[12],[0.08807736283936672]
113,3,43,1,0.012840772218410826,2.190859789080861,True,False,[8],[0.17194923550521185]
113,4,1549,1,0.011507909094364766,2.9469431901436076,True,False,[5],[0.11693382893951794]
113,5,1317,1,0.012100844390061058,2.1001594633416047,True,False,[15],[0.22065265212586926]
113,6,1492,1,0.010754239958842244,2.15771722235793,True,False,[8],[0.15009502633379201]
113,9,354,2,0.008722320665840824,2.1218332282220516,True,False,"[7, 12]","[0.14324078209126376, 0.09962305370857684]"
113,11,1817,1,0.011514896662371866,2.1954921811140196,True,False,[5],[0.15486896757850885]
113,13,1547,1,0.009711922942502246,2.4285795446101615,True,False,[8],[0.10994199320658726]
113,14,1233,3,0.00631145226458211,2.169506329022482,True,False,"[7, 8, 17]","[0.2163676742390695, 0.15150768988933058, 0.15957103718325838]"
113,15,132,1,0.010435573502061419,1.931730068844267,True,False,[12],[0.19693752340403742]
113,16,1929,2,0.009125396605381104,2.3243394535211293,True,False,"[8, 12]","[0.12714224917360478, 0.14351571214493877]"
113,18,1914,2,0.008080893556539763,2.169374310333069,True,False,"[8, 15]","[0.1882743961193069, 0.16830803997682361]"
113,20,925,1,0.009634736020966317,2.892934130815979,True,False,[7],[0.17921035689465273]
113,21,1753,1,0.010817697527467595,2.2369675079573863,True,False,[8],[0.10975326719797643]
113,22,523,4,0.012229595028664846,1.8787998574253213,True,False,"[8, 12, 15, 17]","[0.20903927679877587, 0.3247735367318946, 0.2671377947223465, 0.2538970165379735]"
114,0,1525,1,0.013038886085907996,2.6291055852027965,True,False,[12],[0.26100471969747846]
114,2,2113,2,0.00825037989492867,2.29543530676826,True,False,"[7, 12]","[0.10010806006167988, 0.08670114962019866]"
114,3,43,1,0.011647762785321055,2.233925244166706,True,False,[5],[0.09583351792766458]
114,5,1317,1,0.011621178361196024,2.1327672546924727,True,False,[7],[0.14371034644836383]
114,6,1492,1,0.011410917068933404,2.1942033354033827,True,False,[5],[0.17115007348695738]
114,8,2004,2,0.0076503667891270645,2.459800530564983,True,False,"[8, 12]","[0.18316015289549864, 0.19385378596655733]"
114,9,354,1,0.013429523426534005,2.122510363634499,True,False,[16],[0.10543911181749714]
114,14,1233,2,0.008184968758902388,2.1787912306233723,True,False,"[7, 8]","[0.21455466660702496, 0.14788234668366457]"
114,15,132,1,0.010683608776668416,1.9283216409241553,True,False,[15],[0.16911852617397335]
114,17,51,1,0.010993306498643161,1.9994183924274356,True,False,[15],[0.17519395245685038]
114,18,1914,2,0.00841202511798902,2.1736675909208665,True,False,"[7, 8]","[0.1602280548868793, 0.17110855395963548]"
114,20,925,1,0.010077048772983736,2.949412918412729,True,False,[7],[0.20227070312278242]
114,22,523,1,0.016669284187152845,1.9031266309472787,True,False,[5],[0.224162645425921]
114,23,2099,2,0.007585372512885585,2.6611893979297183,True,False,"[7, 8]","[0.09291696886013635, 0.09594255064750583]"
115,0,2752,2,0.009718183037547845,2.377275173133245,True,False,"[8, 15]","[0.2593381577241614, 0.14727909663527627]"
115,1,1525,2,0.011731495844194636,2.6526540959522182,True,False,"[7, 8]","[0.16265154791334174, 0.16727490101176856]"
115,2,2195,1,0.010448348111864913,2.141525882875941,True,False,[15],[0.12075643440981165]
115,3,2113,2,0.007704765552391909,2.2941898390777693,True,False,"[12, 15]","[0.13502549927600727, 0.17002717925719044]"
115,4,43,1,0.01062378662192025,2.2531419798283863,True,False,[7],[0.09290767011536107]
115,6,1317,1,0.008861753498851054,2.175527624710695,True,False,[7],[0.14526434171317207]
115,7,1492,1,0.010848595750507763,2.2173400379075936,True,False,[5],[0.16046302408455254]
115,8,631,1,0.010468591475794174,2.4566600027156036,True,False,[5],[0.15255961970245407]
115,10,354,1,0.00806171686075103,2.169123995260976,True,False,[12],[0.20354756493876117]
115,11,2602,1,0.011121712573447814,2.633257770775104,True,False,[7],[0.15850521517579655]
115,12,1817,1,0.010144843763122389,2.2132597827214986,True,False,[15],[0.17772708533686446]
115,13,2572,1,0.011812216527132912,3.0597210020601784,True,False,[7],[0.12252512792712206]
115,15,1233,2,0.008068815735588453,2.2122514607934147,True,False,"[7, 8]","[0.15942550731219404, 0.12764691472351372]"
115,17,1929,3,0.0065647897755992885,2.3432774031007977,True,False,"[8, 12, 15]","[0.14963867119957677, 0.18341954558682375, 0.17891193947141965]"
115,18,51,3,0.006432774403036793,2.0122420126079046,True,False,"[7, 8, 15]","[0.14293431692912384, 0.16027602771477412, 0.18392884197221493]"
115,19,1914,2,0.010333427372466692,2.2215401538658788,True,False,"[7, 15]","[0.19454278045099202, 0.21654677438021522]"
115,20,932,1,0.009985480996611971,2.6438592694028538,True,False,[7],[0.17829264096718186]
115,21,925,2,0.007713244822841253,2.958387760794472,True,False,"[12, 15]","[0.16725729483633886, 0.18543861765020805]"
115,22,1753,3,0.007505348166257505,2.231407145895636,True,False,"[8, 12, 16]","[0.20974610250625642, 0.30158308029891445, 0.1479456367601266]"
115,23,523,1,0.017581009173303182,1.9001859504454046,True,False,[8],[0.1190917162681478]
116,0,2752,1,0.009493822930613575,2.3896238006428328,True,False,[8],[0.23810864179224842]
116,1,1525,2,0.012184102991624441,2.6596011552292116,True,False,"[8, 11]","[0.19791334565300522, 0.12513858548308285]"
116,2,2195,2,0.007396912457092216,2.155534307149771,True,False,"[7, 8]","[0.11815201313076786, 0.1390129401620694]"
116,3,2113,1,0.011665986321550532,2.3340421907747766,True,False,[5],[0.09979851603781519]
116,4,43,1,0.010825610129785695,2.252336262525336,True,False,[8],[0.14857473295937534]
116,5,1549,1,0.010816530183211142,3.0126965227034335,True,False,[5],[0.13178464220874422]
116,6,1317,1,0.010105602099713519,2.1776122216209104,True,False,[15],[0.15999681203621033]
116,7,1492,1,0.012626659852793244,2.2177451878741623,True,False,[16],[0.06302643624759263]
116,8,631,1,0.009979287945059926,2.491333942261099,True,False,[8],[0.16675888241679115]
116,9,2004,1,0.009733631120511932,2.512228385003193,True,False,[5],[0.13170001885302163]
116,12,1817,1,0.011058035916863008,2.255119920125848,True,False,[5],[0.1475620416828443]
116,13,2572,1,0.011031511653855346,3.10916594861488,True,False,[7],[0.10792812130197887]
116,15,1233,1,0.010472639548554019,2.219931831573137,True,False,[7],[0.21027526222487092]
116,16,132,1,0.010542428527763204,1.9451564675959432,True,False,[7],[0.16494904804727922]
116,17,1929,2,0.009013138427861972,2.3649244884982674,True,False,"[8, 12]","[0.141155570950255, 0.18947797170496875]"
116,18,51,2,0.00748764445958596,2.021804307606218,True,False,"[8, 12]","[0.159528824416871, 0.183258747474063]"
116,19,1914,1,0.011080362803842957,2.269961191351327,True,False,[7],[0.17133550919468493]
116,20,932,1,0.010173624809252262,2.6961395357062354,True,False,[7],[0.16680125434479948]
116,21,925,3,0.008925478259385881,2.963706057758369,True,False,"[8, 11, 12]","[0.18739342888618837, 0.17828870877750874, 0.20057219511987553]"
116,22,1753,2,0.008575955940718732,2.240602622547215,True,False,"[7, 12]","[0.22838553393579372, 0.2757552759808587]"
116,23,523,1,0.017775027840835386,1.8997918877663562,True,False,[17],[0.11458053924793879]
117,0,2752,2,0.008077175432381054,2.3960524590422345,True,False,"[7, 8]","[0.26540025040009146, 0.22399854696353944]"
117,1,1525,3,0.008770140173973892,2.679529726586287,True,False,"[7, 8, 12]","[0.14236930889047417, 0.17113752381315178, 0.17599504022135162]"
117,2,2195,1,0.009720182827856031,2.157195717839126,True,False,[8],[0.13560890536756412]
117,3,2113,3,0.0075248879193112045,2.3454228928635277,True,False,"[7, 12, 16]","[0.10671949653496775, 0.1298719183279129, 0.11951799059891419]"
117,4,43,2,0.007801897459966035,2.2722136544400064,True,False,"[7, 15]","[0.09745126833655644, 0.13237148636151805]"
117,6,1317,1,0.010428753652998973,2.1786599783693803,True,False,[15],[0.16797434684187487]
117,7,1492,2,0.007513991759707411,2.2395422938228893,True,False,"[7, 16]","[0.12727468346146553, 0.07019120411383194]"
117,8,631,2,0.007513316597506988,2.508076539798567,True,False,"[7, 8]","[0.18297739988196843, 0.1513456558156339]"
117,9,2004,2,0.00949051919669837,2.514276931434966,True,False,"[7, 12]","[0.14890435102358987, 0.12305202229801997]"
117,11,2602,2,0.009009760495278712,2.6638772857623314,True,False,"[7, 8]","[0.13435440089795417, 0.15673458670795942]"
117,12,1817,1,0.011142814987438143,2.2969769550137014,True,False,[5],[0.1432938834496528]
117,13,2572,1,0.011312236507403345,3.1617829172078222,True,False,[7],[0.10611025582657578]
117,14,1547,1,0.011624535035276364,2.4285563182894427,True,False,[7],[0.19651573742033873]
117,15,1233,1,0.010375704807983903,2.2555508227914776,True,False,[8],[0.12753144186434232]
117,16,132,2,0.006977214809472982,1.9529888257060224,True,False,"[7, 15]","[0.1602565717844761, 0.17329377586489206]"
117,17,1929,1,0.010582772651788828,2.406786216105689,True,False,[5],[0.12964255166508262]
117,18,51,1,0.00917506968997268,2.044427070439168,True,False,[8],[0.15471101578235322]
117,19,1914,1,0.010348172539622247,2.3156287894972793,True,False,[15],[0.19885554537710523]
117,20,932,1,0.01018085046558926,2.7506367621567005,True,False,[7],[0.1486864319520858]
117,21,925,2,0.00815760008253144,2.99717622636664,True,False,"[7, 12]","[0.16277026004893613, 0.21718825408972822]"
117,23,523,2,0.010875118548090548,1.904568303508413,True,False,"[8, 17]","[0.12325115951068671, 0.13281701395750992]"
118,1,1525,1,0.012453672414427928,2.731262365611083,True,False,[5],[0.16642046521664558]
118,2,2195,1,0.01045304150658353,2.1531622986037786,True,False,[8],[0.15330924976385588]
118,6,1317,1,0.010637916257907543,2.1798387483677444,True,False,[15],[0.1931900240494765]
118,7,1492,1,0.00928800495012042,2.2889707736176854,True,False,[7],[0.12382728045073031]
118,9,2004,1,0.008841226147281521,2.5573073153134005,True,False,[8],[0.2057141967719331]
118,10,354,1,0.008097928022852804,2.219886145497166,True,False,[12],[0.19354740946827628]
118,11,2602,1,0.009649196131121212,2.7186740089357713,True,False,[7],[0.14033541438167704]
118,12,1817,1,0.009282972103290536,2.327940536261116,True,False,[7],[0.12943409066880346]
118,16,132,2,0.009587632952312157,1.9404309412747434,True,False,"[15, 16]","[0.1872721571060252, 0.11767072341653201]"
118,17,1929,1,0.010609270107837248,2.454913557653494,True,False,[5],[0.12416971477423268]
118,18,51,2,0.008685825882942347,2.0519303685746384,True,False,"[7, 12]","[0.1461258175640231, 0.1774488155208826]"
118,19,1914,3,0.007460858507118819,2.3463180425420522,True,False,"[7, 8, 15]","[0.17144512286366267, 0.13663995494986494, 0.19320260297082517]"
118,20,932,1,0.009967151721452286,2.8049098570803355,True,False,[7],[0.13330420581001384]
118,21,925,1,0.009909139600705925,3.063695704448641,True,False,[5],[0.13036519351741283]
118,22,1753,1,0.011299789488117854,2.2537296027369322,True,False,[8],[0.1936482713843176]
118,23,523,1,0.017623188075526302,1.8880115614193973,True,False,[17],[0.20993262132138776]
119,0,2752,1,0.011310916432870992,2.383870985860387,True,False,[17],[0.04606618792715528]
119,1,1525,1,0.015114239285272092,2.731023421425625,True,False,[8],[0.22351373068608216]
119,2,2195,1,0.01097763427144792,2.152513493971595,True,False,[12],[0.0979287401491643]
119,3,2113,1,0.011553545168779695,2.3844365367121156,True,False,[5],[0.09786805696415288]
119,4,43,1,0.011653580507015504,2.317311918644249,True,False,[5],[0.10791023042968631]
119,6,1317,1,0.008858447866988452,2.2177331988220588,True,False,[7],[0.15389893698246737]
119,7,1492,1,0.012969980758604392,2.288964640880585,True,False,[16],[0.08220724864072532]
119,9,2004,2,0.010548705286839521,2.5580058368865624,True,False,"[7, 12]","[0.18837857697557597, 0.16599252260014574]"
119,14,1547,1,0.011331619645767798,2.4286123429631905,True,False,[7],[0.1814930136183439]
119,15,1233,2,0.008536139287095207,2.28048457025207,True,False,"[7, 8]","[0.20903043751388586, 0.13176105799058555]"
119,16,132,1,0.010100302563671646,1.937722232932028,True,False,[15],[0.1782719252329512]
119,17,1929,2,0.009372246351975547,2.4586739353998883,True,False,"[8, 16]","[0.13301008286942315, 0.09105405121515533]"
119,18,51,1,0.010660992745012799,2.102529275246508,True,False,[5],[0.1543426138679961]
119,19,1914,3,0.007846942644254198,2.378860295726152,True,False,"[7, 8, 15]","[0.17034814648019786, 0.13476347172924225, 0.18597694584883956]"
119,20,932,1,0.011226526564201087,2.799139900622608,True,False,[8],[0.20977598735972858]
119,21,925,3,0.008321225921482043,3.0842252811283317,True,False,"[7, 11, 12]","[0.16586481669841713, 0.20610706001035423, 0.23804680790473562]"
119,22,1753,1,0.011929414152129648,2.2896684500477043,True,False,[7],[0.21698293448820968]
119,23,523,1,0.0148021641234362,1.8911604898256114,True,False,[8],[0.13891808189304605]
120,0,2752,2,0.007293238191426486,2.399627056222269,True,False,"[7, 15]","[0.24530735187342445, 0.1376668808242769]"
120,1,1525,2,0.010026707866334576,2.7539651843116566,True,False,"[7, 11]","[0.15023127762425956, 0.16248553913102495]"
120,2,2195,1,0.011037674419690991,2.1610620499507776,True,False,[15],[0.12442458365889973]
120,3,2113,1,0.011658862285924446,2.4245499014744234,True,False,[5],[0.10068512596686353]
120,5,1492,2,0.007825178007773898,2.3045184030784935,True,False,"[7, 16]","[0.13799986290721208, 0.06273516185237941]"
120,6,631,1,0.008879671821165714,2.557271945196046,True,False,[8],[0.13804703888493958]
120,7,2004,3,0.00772439384240147,2.559406759507519,True,False,"[8, 11, 12]","[0.1583477253150931, 0.15413552518326468, 0.21389837623024052]"
120,8,43,1,0.011869210587751162,2.3461862685867483,True,False,[7],[0.1749946302604754]
120,10,1317,1,0.010392844200898544,2.2696051843245724,True,False,[5],[0.1306008471444424]
120,12,132,1,0.01046920231279382,1.9513543603075105,True,False,[7],[0.14997923179377198]
120,13,1929,1,0.010577195984238733,2.4596400489898347,True,False,[8],[0.11863648420134974]
120,15,2602,1,0.011999115240918146,2.7733458273693334,True,False,[5],[0.187946168937726]
120,16,1817,1,0.00930899299274021,2.3658100112391836,True,False,[7],[0.14644421566941465]
120,18,1547,2,0.00691422713076856,2.4597488835467507,True,False,"[7, 8]","[0.13842549994148215, 0.13940653078496462]"
120,19,925,1,0.010168783148901649,3.1541631726534356,True,False,[5],[0.15001889829517415]
120,20,1753,3,0.008161205020556866,2.2868680262530723,True,False,"[8, 16, 17]","[0.2091133776938521, 0.17406064271177987, 0.10116682929303582]"
120,21,523,3,0.012101115651613707,1.8829131440380622,True,False,"[7, 8, 17]","[0.22858008882847802, 0.2085894555901078, 0.14904593480130376]"
120,22,51,1,0.011012500111478599,2.110609877264105,True,False,[15],[0.24519198523520291]
121,1,1525,1,0.012630056722079413,2.806358709016156,True,False,[5],[0.1826959618539881]
121,2,2195,1,0.00957515950995828,2.160859573755435,True,False,[8],[0.1689976155131525]
121,3,2113,1,0.011630629843022313,2.422995909702815,True,False,[12],[0.11986559104803467]
121,5,1492,2,0.008848765433143592,2.315927524596048,True,False,"[7, 16]","[0.14703627242843192, 0.07967209629905218]"
121,6,631,1,0.00940382694855212,2.557258184787313,True,False,[7],[0.1464052170045708]
121,7,2004,1,0.011022762758598037,2.5647698064505677,True,False,[7],[0.13287280878092597]
121,8,43,1,0.010932219680397568,2.3808397432995574,True,False,[7],[0.1498967441176377]
121,9,1549,1,0.009669184849036928,3.069339117279799,True,False,[7],[0.16269614913911404]
121,10,1317,1,0.010143452209553377,2.299845171143593,True,False,[7],[0.11976782784076931]
121,11,1233,1,0.007892521589124585,2.3330321421921556,True,False,[8],[0.1722214044329255]
121,12,132,3,0.0067282308773837915,1.9719764570669682,True,False,"[7, 8, 15]","[0.1509500952801782, 0.14366949575089918, 0.16431188280075124]"
121,14,354,1,0.011492036576065867,2.2254792523790212,True,False,[5],[0.12881672221519525]
121,15,2602,1,0.01186652888748584,2.8297746159235273,True,False,[5],[0.17167280027284187]
121,18,1547,2,0.006551537785738193,2.488547951771656,True,False,"[7, 8]","[0.13551905592146754, 0.13073266259021923]"
121,19,925,2,0.011224677136777621,3.1678845219519154,True,False,"[7, 12]","[0.20405189437254134, 0.2847482743096495]"
121,20,1753,1,0.010917268753241512,2.300846461452015,True,False,[5],[0.13600959417779349]
121,21,523,2,0.011532136390352143,1.8685859408063452,True,False,"[8, 15]","[0.19623442350476325, 0.1872181050019317]"
121,22,51,1,0.01203166422295185,2.1140292138688803,True,False,[7],[0.20078206823190958]
121,23,932,1,0.008901771239664071,2.841975722479953,True,False,[7],[0.09042408882657922]
122,0,2752,1,0.00913676938527737,2.414847415728777,True,False,[8],[0.20304391894316579]
122,1,1525,2,0.009942742711326965,2.834254328718349,True,False,"[7, 12]","[0.1467351543402013, 0.2073056308980179]"
122,2,2195,1,0.010411137750663851,2.157810633258774,True,False,[8],[0.1707130660550381]
122,5,1492,2,0.010466463391330394,2.334790278071675,True,False,"[7, 16]","[0.16009481429874858, 0.1005092041539894]"
122,6,631,2,0.007778488508442145,2.56031413632572,True,False,"[7, 12]","[0.15326887356565586, 0.18123620075677072]"
122,7,2004,1,0.011723947269410142,2.558749870914225,True,False,[12],[0.22179091725162386]
122,8,43,1,0.009644343691582189,2.409094680152165,True,False,[15],[0.137430727952528]
122,10,1317,1,0.010960494520409153,2.2978540152919242,True,False,[12],[0.21562821741263657]
122,11,1233,1,0.011594024393909901,2.3621736647966283,True,False,[5],[0.14275185573541674]
122,12,132,1,0.010379342352712246,1.992442432556614,True,False,[7],[0.14829568220907483]
122,13,1929,2,0.009032819055392998,2.4617982921285186,True,False,"[7, 12]","[0.12264368927447844, 0.18705838659169188]"
122,14,354,3,0.007490086680091283,2.23595282686675,True,False,"[7, 12, 16]","[0.1961387908373221, 0.1439738312483371, 0.22413389707630707]"
122,17,2572,1,0.008368427319529456,3.2291726689522013,True,False,[7],[0.11034026801253927]
122,20,1753,2,0.0116499502681152,2.288879984273734,True,False,"[12, 16]","[0.26064104442503994, 0.18330254042848595]"
122,21,523,2,0.010970788262226201,1.8684483510168786,True,False,"[7, 15]","[0.21630414158231231, 0.2179556346354324]"
123,1,1525,2,0.013467552954003554,2.831839470350809,True,False,"[8, 11]","[0.22778001773508874, 0.2117350281974459]"
123,2,2195,2,0.00889609481877577,2.153155696901425,True,False,"[8, 16]","[0.17990380652251295, 0.08172469842403708]"
123,3,2932,1,0.1105179512518565,4.714302943149931,True,False,[7],[0.09846017759826506]
123,5,1492,1,0.011086518056037428,2.38414330993241,True,False,[5],[0.14084606931821306]
123,7,2004,1,0.011517547919624853,2.565625254573122,True,False,[7],[0.1371811494193411]
123,9,43,1,0.010725599966716078,2.409772627411214,True,False,[15],[0.16065074445409405]
123,10,1549,1,0.009050147651767168,3.1368448864774576,True,False,[7],[0.10860355119672735]
123,11,1317,1,0.009662741361986108,2.346985785754103,True,False,[7],[0.1295351008794533]
123,12,1233,1,0.009965152144522722,2.411538076346216,True,False,[5],[0.13237519826171684]
123,13,132,2,0.008731408348761063,1.9944446899091208,True,False,"[7, 15]","[0.14210384153436656, 0.19113826504384782]"
123,15,354,1,0.01077214565052743,2.250573310604149,True,False,[7],[0.21987679143373126]
123,19,1547,1,0.008862615126062888,2.5453412191358007,True,False,[8],[0.12450676112842178]
123,20,925,1,0.014444586075030715,3.1257466116260786,True,False,[11],[0.1897132284645552]
123,21,1753,1,0.009331763371349142,2.2918945796702674,True,False,[15],[0.2073182533418262]
123,22,523,1,0.015958525936287955,1.8571564347461482,True,False,[15],[0.2664503847014958]
123,23,2931,1,0.07352835283811958,2.7688708678909544,True,False,[8],[0.13774566670837862]
124,0,2752,1,0.0093885135046981,2.4252555129678233,True,False,[8],[0.20584684244200577]
124,1,1525,1,0.013404978455409784,2.8316729611410683,True,False,[12],[0.22769106555703464]
124,2,2195,2,0.007216205248633318,2.1644191446288454,True,False,"[12, 15]","[0.11760972425162379, 0.11805663124759465]"
124,5,1492,1,0.010772955946146053,2.423528216657685,True,False,[7],[0.14124536037146587]
124,6,631,1,0.010945493140008275,2.5614437369605954,True,False,[15],[0.19679378497134598]
124,7,2004,1,0.012411950040089506,2.5650573404734462,True,False,[11],[0.1877135585334282]
124,9,43,2,0.006640712710831122,2.4342500930694113,True,False,"[7, 15]","[0.14930166309665546, 0.1479826983393107]"
124,11,1317,2,0.007361890710490454,2.3735959376428966,True,False,"[7, 15]","[0.13074479223800659, 0.18682516786349157]"
124,12,1233,1,0.01080589685702966,2.4103658918410082,True,False,[7],[0.15723696465800238]
124,13,2966,1,0.0260969375451144,2.514682668245934,True,False,[5],[0.13333876190078583]
124,15,1929,1,0.00934301670089764,2.487295590135023,True,False,[7],[0.21632904391548702]
124,16,354,1,0.010783792078896676,2.256137294944053,True,False,[8],[0.12421533993906951]
124,20,1547,1,0.00902869522700808,2.5961374655298965,True,False,[8],[0.18496463176004105]
124,21,925,1,0.011172217835254778,3.1291537436692165,True,False,[12],[0.21595971588993612]
124,22,1753,1,0.0109337647293401,2.3075448101855045,True,False,[8],[0.17248381013179465]
124,23,523,1,0.014534857306676517,1.8881368561015128,True,False,[5],[0.17714312057217094]
125,0,2752,1,0.010808697506515152,2.426901206414886,True,False,[7],[0.2164799697961309]
125,1,1525,3,0.009983959633045728,2.8277239285536027,True,False,"[8, 11, 15]","[0.21020779986840885, 0.19912301846747962, 0.1921579260365436]"
125,2,2195,1,0.010077045873923515,2.1621007834332273,True,False,[8],[0.19449938166419678]
125,4,2861,1,0.05596847467111518,3.349898165762306,True,False,[5],[0.11453967552115886]
125,5,1492,1,0.011612823465544776,2.466931620247056,True,False,[5],[0.14618379730597622]
125,8,2113,1,0.01178500322573363,2.4349277997099845,True,False,[12],[0.17250798390401292]
125,10,1549,1,0.008917308473847035,3.209805207438262,True,False,[7],[0.10007642096512669]
125,11,1317,2,0.009020752557428076,2.3623776838108066,True,False,"[15, 17]","[0.19401123018514474, 0.19806183732652907]"
125,12,1233,1,0.010247002587161554,2.4113965820481287,True,False,[7],[0.15360604300643255]
125,14,2966,1,0.010139075046605783,2.571262102497992,True,False,[5],[0.1340550669258906]
125,15,132,1,0.008825124381250297,1.999343730065744,True,False,[15],[0.15690925163765662]
125,16,1929,1,0.010308382092107495,2.5031943092747566,True,False,[15],[0.1724167499835533]
125,17,354,1,0.011571155895003507,2.2987644576310458,True,False,[12],[0.18809052939405838]
125,18,2602,1,0.008723642207660757,2.8807943631218613,True,False,[7],[0.13067565349810997]
125,19,1817,1,0.011414899319062448,2.3986823581461607,True,False,[5],[0.14218383673220722]
125,20,2572,1,0.009617791638481244,3.302793709862112,True,False,[5],[0.12302922462175918]
125,22,925,1,0.010587189353310938,3.1750592961505877,True,False,[5],[0.25482289055491747]
125,23,1753,1,0.012335858700386594,2.2892644141171368,True,False,[12],[0.15456321508704043]
126,0,2752,1,0.009203777780476298,2.4405023210428465,True,False,[8],[0.1880403669277938]
126,1,1525,2,0.010490245394022482,2.8280588634347854,True,False,"[8, 12]","[0.19396964444093692, 0.22969681016820032]"
126,2,2195,2,0.0071834612777177806,2.1610952162957737,True,False,"[8, 12]","[0.18347571205355473, 0.11031790939525317]"
126,3,2932,1,0.008839739149823054,4.824982254846576,True,False,[7],[0.10141265486826834]
126,5,1492,1,0.011116886352057195,2.5197842133002952,True,False,[5],[0.15728722551345292]
126,6,631,1,0.00939718066552407,2.6094125347525456,True,False,[8],[0.13275478887279762]
126,8,2113,2,0.00773484258881176,2.447183125237018,True,False,"[12, 15]","[0.15657574921768044, 0.14043565049168574]"
126,9,43,1,0.010116077573175815,2.4377370559950493,True,False,[15],[0.1385841068331836]
126,11,1317,1,0.009435351819565816,2.385719592881996,True,False,[8],[0.16530679887461333]
126,12,1233,3,0.006055790497351924,2.4329453611507166,True,False,"[7, 8, 15]","[0.16672109359885498, 0.13239170161003908, 0.19574592411191344]"
126,13,2990,1,0.03251416290966973,2.1827623738720354,True,False,[5],[0.14283734007878024]
126,14,2966,1,0.011607330884481867,2.580512850483335,True,False,[8],[0.13520582183527755]
126,15,132,1,0.008913262278584393,2.0096499343148873,True,False,[15],[0.1753355708614946]
126,16,1929,2,0.006481426043743394,2.529663930733641,True,False,"[7, 8]","[0.1356808155324787, 0.11282510411089294]"
126,17,354,1,0.010714407754727293,2.3019288112827465,True,False,[8],[0.1449686991333902]
126,21,1547,2,0.007701005324853867,2.6227873890595044,True,False,"[7, 8]","[0.1911555580494413, 0.1683126368379281]"
126,22,925,1,0.01152430515520464,3.2218602755922623,True,False,[5],[0.2662316110417846]
126,23,1753,1,0.010666231627950626,2.3098948343036683,True,False,[8],[0.1439212941240507]
127,1,1525,1,0.013206733744790493,2.884954623490275,True,False,[5],[0.18375625240081023]
127,2,2195,3,0.007459269438294654,2.1618961218377137,True,False,"[7, 8, 16]","[0.1186083554435709, 0.18081046614797203, 0.10131005511063422]"
127,3,2932,1,0.010254808702895857,4.91731477856108,True,False,[5],[0.09983672140347907]
127,4,2861,1,0.010575785710389996,3.3973572474860205,True,False,[7],[0.10079074261667754]
127,5,1492,1,0.013216396336741387,2.49065624865833,True,False,[11],[0.09546553462747288]
127,6,631,2,0.007081980617308762,2.6364176468743117,True,False,"[7, 8]","[0.1587604923641452, 0.11726570097637946]"
127,7,2004,1,0.01080019216709243,2.567894253582046,True,False,[8],[0.18889090520626836]
127,8,2113,1,0.011636742931191374,2.462391857541909,True,False,[12],[0.14430484297663554]
127,11,1317,1,0.01152419573953987,2.429965572145426,True,False,[5],[0.13894621585536737]
127,12,1233,1,0.010947258771590453,2.4336342775517403,True,False,[15],[0.2100596583454432]
127,13,2990,1,0.010235554642057934,2.209951559012117,True,False,[5],[0.16436580192537104]
127,14,2966,2,0.0077306899582096225,2.6047292393146844,True,False,"[7, 8]","[0.1772261690968875, 0.1354622932729592]"
127,15,132,2,0.007125765680874469,2.017965575503512,True,False,"[7, 12]","[0.1861218015586298, 0.22354507015826863]"
127,16,1929,2,0.010072764839976283,2.5396648762572163,True,False,"[8, 12]","[0.1307692315499593, 0.15302337977530503]"
127,21,1547,2,0.008079532334704669,2.649125342601784,True,False,"[7, 8]","[0.18257269762586578, 0.1567694383075845]"
127,22,925,1,0.011536094232639118,3.2218376775519255,True,False,[12],[0.31903160063655517]
127,23,1753,1,0.010782565436756224,2.3380099648140047,True,False,[8],[0.14272056596853655]
128,0,2752,1,0.00921910195046502,2.4550128739988772,True,False,[8],[0.1947492024441086]
128,1,1525,1,0.014267530380566319,2.939642067284618,True,False,[5],[0.19833760034806866]
128,5,1492,1,0.010905728289951925,2.5445106690687282,True,False,[5],[0.1481829898836966]
128,6,631,1,0.008571084388211563,2.682682843433136,True,False,[8],[0.12814906749863392]
128,7,2004,4,0.006624879118407087,2.5663827003693136,True,False,"[7, 8, 15, 16]","[0.16237447645838274, 0.1784233452870366, 0.1707510116768239, 0.13205969303229603]"
128,8,2113,1,0.011317459073406196,2.477901652454965,True,False,[12],[0.1272805793068209]
128,9,43,1,0.01058529022185882,2.481261895748814,True,False,[7],[0.14342713922274689]
128,11,1317,1,0.00937018403793744,2.480708667293266,True,False,[7],[0.1260918126856023]
128,12,1233,1,0.008675784295528087,2.442925029866241,True,False,[7],[0.16467736205252134]
128,13,2990,3,0.010335797534880628,2.196698071203283,True,False,"[7, 15, 16]","[0.18584436938652235, 0.23385799992675366, 0.11248853056862701]"
128,14,2966,1,0.011466483594870997,2.6114797455876975,True,False,[8],[0.13685991777160042]
128,15,132,2,0.007672667909477589,2.0362779262906474,True,False,"[7, 8]","[0.1814521933794088, 0.1325070526732584]"
128,16,1929,1,0.010886891454663015,2.5482318066881584,True,False,[15],[0.17890825057352644]
128,17,354,1,0.011802589070733876,2.3400300107075167,True,False,[12],[0.17682145056525073]
128,19,1817,1,0.011260234303893378,2.433649831373299,True,False,[5],[0.13044935182963485]
128,21,1547,1,0.011741479590169263,2.6483344771840183,True,False,[7],[0.16782718952575493]
128,22,925,1,0.011073257194427458,3.2620708986384104,True,False,[7],[0.21665478527813675]
128,23,1753,2,0.007849129559161066,2.3553160136984124,True,False,"[8, 16]","[0.12954378811450104, 0.12139420564262239]"
129,1,1525,2,0.00866691339996543,2.9747715270309327,True,False,"[7, 12]","[0.13263961131580065, 0.2385521401270829]"
129,2,2195,1,0.010039984778489068,2.1597099897823226,True,False,[8],[0.17177312191339258]
129,4,2861,1,0.010141982086696108,3.444305918003104,True,False,[7],[0.1022020515012372]
129,5,1492,1,0.010462859275761356,2.549183390962819,True,False,[8],[0.21134132867648864]
129,7,2004,1,0.01106816899660034,2.5865974607858626,True,False,[7],[0.16183214580558908]
129,8,2113,1,0.011704707205514761,2.480228732012131,True,False,[8],[0.14837168803884535]
129,10,1549,1,0.009232359319224491,3.2824068203722434,True,False,[7],[0.09429907580238366]
129,11,1317,1,0.01145945643606576,2.478111802815696,True,False,[12],[0.1777080766913036]
129,12,1233,2,0.00782756902848437,2.4806286861942235,True,False,"[7, 8]","[0.1739547472692727, 0.1533239249135939]"
129,13,2990,1,0.008800645441312146,2.2265919429551073,True,False,[8],[0.11858646027391771]
129,14,2966,2,0.009388664216492757,2.6159127787968255,True,False,"[7, 12]","[0.1770922199497872, 0.1588375370753299]"
129,15,132,1,0.008601389211957407,2.0511078999942396,True,False,[7],[0.18131822329076608]
129,16,1929,1,0.012125730954865565,2.5510938607625637,True,False,[12],[0.1456084782264751]
129,17,354,2,0.007679761281250713,2.359120013363289,True,False,"[7, 12]","[0.11989913923553537, 0.17633876121146397]"
129,20,2572,1,0.009010868189865275,3.369557413627883,True,False,[7],[0.12139245090357806]
129,21,1547,1,0.011257538651306449,2.647603763416087,True,False,[7],[0.1530725175332326]
129,22,925,1,0.011693615025472304,3.261202150223784,True,False,[12],[0.34908268190503045]
129,23,1753,2,0.008837545439964843,2.3564863383840153,True,False,"[7, 12]","[0.09442902241566653, 0.15243188295352897]"
130,0,2752,2,0.006245246541878544,2.475866208085238,True,False,"[8, 15]","[0.17577812896362188, 0.132176733616482]"
130,1,1525,2,0.008885926924814031,2.999756863376152,True,False,"[7, 11]","[0.13703025954180428, 0.24935927293052074]"
130,3,2932,1,0.00934656090056687,5.027021309252035,True,False,[7],[0.0978648860926877]
130,5,1492,1,0.010450261436821094,2.594210419138608,True,False,[7],[0.13403057028789775]
130,6,631,1,0.009019883344405946,2.731796184697406,True,False,[8],[0.12337533666174075]
130,7,2004,3,0.008954034487164968,2.597801222933332,True,False,"[7, 8, 16]","[0.217128790881771, 0.20117497677401322, 0.20904579506625318]"
130,9,43,1,0.010407085173446516,2.481766111854434,True,False,[15],[0.13444430249832023]
130,11,1317,1,0.011467569708043713,2.5225425708079094,True,False,[5],[0.14212842986952054]
130,12,1233,2,0.008370144409780157,2.489641336163908,True,False,"[8, 16]","[0.13738138059033247, 0.14089209994357305]"
130,13,2990,2,0.007522916616955581,2.2337729347219297,True,False,"[8, 15]","[0.12245755656027062, 0.2208919217567931]"
130,15,132,1,0.010984042446541997,2.0765790915619156,True,False,[5],[0.1744385551968293]
130,16,1929,2,0.00859830895983714,2.5532003065345283,True,False,"[8, 16]","[0.1096412448700149, 0.13029911524231555]"
130,17,354,2,0.008268890050479892,2.363734544526942,True,False,"[7, 8]","[0.1292928290318242, 0.16429248753037903]"
130,23,1753,1,0.01091435762305962,2.3577724947644323,True,False,[5],[0.16858980136136426]
131,0,2752,1,0.010419086119020345,2.47878565290134,True,False,[7],[0.20868660914225676]
131,1,1525,2,0.008612525280614975,3.0298149214666603,True,False,"[7, 8]","[0.16499633716369577, 0.21892350103447322]"
131,2,2195,1,0.010750006051883526,2.191353562355186,True,False,[5],[0.09831764764836141]
131,5,1492,1,0.011883999356710261,2.600256817209124,True,False,[16],[0.09748097730449828]
131,6,631,1,0.011098924006569276,2.749767607756666,True,False,[5],[0.16798455476736956]
131,7,2004,1,0.009932871553064835,2.640523560055428,True,False,[5],[0.16254894868668177]
131,8,2113,2,0.007416515937821259,2.5087592570435375,True,False,"[7, 12]","[0.1397923407452982, 0.12037675025159937]"
131,9,43,1,0.011592392814129292,2.501740797256278,True,False,[12],[0.15269312849068645]
131,11,1317,1,0.008234586914464045,2.5714965856733687,True,False,[7],[0.11794524031704863]
131,12,1233,2,0.007149119844123542,2.498836685843547,True,False,"[7, 12]","[0.17678031292138985, 0.21118158511556073]"
131,13,2990,1,0.008636265995801787,2.2565520347839536,True,False,[8],[0.15922070729569623]
131,14,2966,1,0.013087286143463455,2.5863574735376407,True,False,[12],[0.16680935337051445]
131,15,132,2,0.008064844660560786,2.0871662201418006,True,False,"[8, 15]","[0.1428443876532984, 0.1772977339217315]"
131,16,1929,2,0.007948010756193663,2.5621831183804753,True,False,"[12, 15]","[0.13700325448742842, 0.17893750518297877]"
131,17,354,1,0.012167405091310762,2.3951712682081854,True,False,[12],[0.16448899204151543]
131,18,2602,1,0.01119522529908621,2.9266065991856745,True,False,[5],[0.14026502015001863]
131,21,1547,1,0.00941178861083793,2.705257944369371,True,False,[8],[0.13630877522905968]
131,22,925,1,0.012038939102187387,3.2608894923071245,True,False,[12],[0.38618736844032764]
131,23,1753,1,0.012186219265232211,2.34085567096125,True,False,[12],[0.14305523392391098]
132,0,2752,1,0.01058552624279661,2.480329976321963,True,False,[7],[0.20497934024965306]
132,2,2195,2,0.009164316636228107,2.1964194742317495,True,False,"[7, 16]","[0.11246818035089576, 0.10878899726449906]"
132,5,1492,1,0.010676579455359493,2.5995372192514767,True,False,[12],[0.1624024186520351]
132,6,631,2,0.007191790871119843,2.773390057751669,True,False,"[7, 8]","[0.15260360492268357, 0.11452052790824684]"
132,7,2004,2,0.007862643781793164,2.649443637473141,True,False,"[7, 11]","[0.2022928752714234, 0.1963081086617398]"
132,10,1549,1,0.008557301745400753,3.3552029557501144,True,False,[7],[0.08560451395864632]
132,11,1317,1,0.009364894757836093,2.6058089547163696,True,False,[7],[0.12626878937149616]
132,12,1233,1,0.011046452286745983,2.545109467937253,True,False,[5],[0.1754530549499441]
132,13,2990,2,0.00714951871041915,2.281585621470332,True,False,"[7, 8]","[0.17500173355702672, 0.17536476722037267]"
132,15,132,1,0.011651663778241533,2.1148778949387794,True,False,[5],[0.17684840458906545]
132,17,354,1,0.01164584896325638,2.391898422507715,True,False,[5],[0.13655373776242116]
133,0,2752,1,0.009117573081926927,2.497275878745798,True,False,[8],[0.16008448478783868]
133,1,1525,1,0.010860322390689386,3.0894462507320597,True,False,[7],[0.15308145521011865]
133,2,2195,1,0.010704685738074302,2.192529658245054,True,False,[8],[0.16883358373914029]
133,5,1492,1,0.010100934510869092,2.65834336572275,True,False,[5],[0.13181001430416361]
133,6,631,2,0.007582731028486157,2.7937878324955014,True,False,"[8, 15]","[0.11220830858337157, 0.20523453826070912]"
133,12,1233,1,0.00980596984426005,2.5969779579935808,True,False,[8],[0.14191493921268872]
133,14,2966,1,0.011735185068740137,2.5891269803630617,True,False,[8],[0.1436608589206398]
133,15,132,3,0.006140916526919479,2.129282674909381,True,False,"[7, 8, 15]","[0.1680779035946114, 0.14141569740844126, 0.1638443726851613]"
133,16,1929,1,0.00996395158280341,2.584349867621066,True,False,[8],[0.11697716608262244]
133,17,354,2,0.009384120898526999,2.4007337572859573,True,False,"[7, 12]","[0.14870130411901625, 0.19327101266284397]"
133,18,2602,1,0.011174096570004687,2.9733602943680317,True,False,[5],[0.12969611799039127]
133,22,925,1,0.011303604749541746,3.262279033196996,True,False,[12],[0.35005238971045416]
133,23,1753,2,0.008030294276614806,2.3626865239371653,True,False,"[7, 15]","[0.09278264009911229, 0.123817863451812]"
134,0,2752,2,0.006333599516788215,2.5179762739502043,True,False,"[8, 15]","[0.14952718698352133, 0.12931458391760478]"
134,1,1525,2,0.009296778847633805,3.1198208827068057,True,False,"[7, 12]","[0.1597772082146595, 0.24960348222511056]"
134,2,2195,1,0.010035774710174033,2.1913315959646944,True,False,[8],[0.17425106202629825]
134,3,2932,1,0.00978358433682585,5.138591501024843,True,False,[7],[0.09532223227533354]
134,5,1492,1,0.00884661090471429,2.704959517178999,True,False,[7],[0.11121892218374536]
134,6,631,1,0.009794985571553493,2.8323902607546363,True,False,[8],[0.10902349819540902]
134,7,2004,1,0.011294189182561719,2.6625059043968213,True,False,[7],[0.2049050603386121]
134,8,2113,1,0.010352752354768036,2.5599612707267045,True,False,[7],[0.13495407841092313]
134,11,1317,2,0.008904224655542388,2.6055357215599018,True,False,"[12, 15]","[0.20386057424907703, 0.2058997891959527]"
134,12,1233,1,0.010373227979935005,2.635634803191997,True,False,[8],[0.13381107245336663]
134,13,2990,2,0.009396096072639653,2.28230767830587,True,False,"[7, 15]","[0.1581305036895883, 0.20984946343421135]"
134,14,2966,1,0.010331349481551849,2.643767138573738,True,False,[5],[0.13274049038023256]
134,15,132,2,0.007700267197892201,2.1552031366990345,True,False,"[7, 8]","[0.17370857274219945, 0.153476146744658]"
134,16,1929,2,0.007211588885859983,2.597576131903986,True,False,"[7, 12]","[0.142780580413015, 0.1442864435711055]"
134,18,354,1,0.009820920888916252,2.442099071384372,True,False,[12],[0.18443015191089887]
134,22,925,1,0.011477715168452696,3.1994006591974116,True,False,[16],[0.2331632595229888]
134,23,1753,1,0.010150383664970784,2.400801208810321,True,False,[8],[0.13369622485448268]
135,0,2752,1,0.01088916566807328,2.512573738392734,True,False,[12],[0.25035020266357494]
135,1,1525,2,0.009885045474707005,3.1527536993311918,True,False,"[7, 12]","[0.14892193801721576, 0.2742709218128232]"
135,2,2195,1,0.01034222458588438,2.18958021608115,True,False,[8],[0.17204558394320152]
135,3,2932,1,0.009016590332566953,5.256545994709584,True,False,[7],[0.08858522622746653]
135,5,1492,1,0.010949167460835359,2.756853290471979,True,False,[5],[0.13038871464929788]
135,6,631,1,0.011166437872955673,2.8304421629412166,True,False,[7],[0.16309827367463156]
135,7,2004,1,0.010119013706025045,2.707540164720342,True,False,[5],[0.193430982445577]
135,11,1317,1,0.011786149113960717,2.604956290168673,True,False,[15],[0.20635154578069795]
135,12,1233,1,0.009487385100897314,2.6699788727519396,True,False,[8],[0.13059131722803607]
135,13,2990,1,0.010270813150188692,2.3110109092510074,True,False,[5],[0.1712243276856726]
135,14,2966,1,0.00897662883610781,2.681275936801025,True,False,[7],[0.17156473112313034]
135,16,1929,1,0.00967294894128625,2.6201091135745895,True,False,[8],[0.1134941500926352]
135,17,3201,1,0.028578021989763665,2.6461365685682954,True,False,[12],[0.17218923474272793]
135,21,1547,1,0.009549681350826067,2.7628132487860393,True,False,[8],[0.12592368759239317]
135,22,925,2,0.009584233574362316,3.2232681543765977,True,False,"[7, 11]","[0.23975057898156246, 0.132014117932928]"
135,23,1753,2,0.00828216209697439,2.418375851366206,True,False,"[8, 16]","[0.13309130066974842, 0.1267995248426432]"
136,0,2752,1,0.010164518878491914,2.5232941449909387,True,False,[15],[0.13397728916948426]
136,1,1525,3,0.008801850786348087,3.1493000968877896,True,False,"[8, 11, 12]","[0.2125887670881562, 0.24405817542316235, 0.2616490638630058]"
136,2,2195,1,0.010504573063621398,2.2088680194604136,True,False,[7],[0.12418828362819388]
136,3,2932,1,0.009004000438562506,5.37569539347402,True,False,[7],[0.08438717056012686]
136,4,2861,1,0.010293649262532399,3.4910599269256863,True,False,[7],[0.09818429280619721]
136,5,1492,2,0.007309302646384528,2.7891666564147264,True,False,"[7, 8]","[0.1060880632832626, 0.2112843341342379]"
136,6,631,1,0.010844267868104367,2.8657094542466908,True,False,[8],[0.10926067504572402]
136,8,2004,1,0.011496238413977046,2.7094553537613653,True,False,[11],[0.17554036184253147]
136,9,2113,1,0.01187497582895507,2.5878489437547114,True,False,[5],[0.11766588373767813]
136,10,43,1,0.009190678640555689,2.5366926509780705,True,False,[7],[0.08593083734304274]
136,12,1317,1,0.008338651364157535,2.660241585734921,True,False,[7],[0.17016677506466982]
136,13,1233,3,0.007256681528481907,2.6830964549947427,True,False,"[7, 8, 11]","[0.16092358972654963, 0.19151999894226346, 0.09993947717567453]"
136,14,2990,1,0.010043760410510137,2.352891094329267,True,False,[5],[0.1423129195458894]
136,15,2966,1,0.011299090573404046,2.7372397366303898,True,False,[5],[0.17410459189775312]
136,16,132,4,0.00545541039284156,2.171359741932876,True,False,"[7, 8, 12, 15]","[0.1613248373857788, 0.11462140737643084, 0.16656835138845288, 0.1680486479933184]"
136,17,1929,1,0.010745616871894903,2.6431885349361575,True,False,[8],[0.15136319166333653]
136,18,354,2,0.008236763149639144,2.443077776434133,True,False,"[7, 8]","[0.1304048252559211, 0.1429960093692524]"
136,20,2572,1,0.009307585188830047,3.448198763252863,True,False,[5],[0.112357317541383]
136,22,925,1,0.00948732673350645,3.2844657956571166,True,False,[7],[0.23352341757779682]
136,23,1753,2,0.008349453198160356,2.4175808618350847,True,False,"[15, 17]","[0.13541692105103742, 0.21127090973950424]"
137,0,2752,1,0.010289793367297073,2.5233061608188447,True,False,[7],[0.1941346271046827]
137,1,1525,3,0.010414215039413413,3.155481004452529,True,False,"[7, 15, 16]","[0.16113053951989406, 0.22885848459791683, 0.12997563673333917]"
137,2,2195,1,0.009173067667160095,2.2433488954119505,True,False,[7],[0.13116129649576497]
137,5,1492,3,0.0062500602867039635,2.8116564710770193,True,False,"[7, 12, 16]","[0.0983418372121546, 0.14997222668473734, 0.11578745412833039]"
137,7,3248,2,0.09431584997668511,3.085796462744115,True,False,"[12, 17]","[0.20360435495599585, 0.021286395691183135]"
137,8,2004,1,0.010043370915833282,2.7471595819515247,True,False,[5],[0.1816582075016679]
137,9,2113,1,0.010489553416005265,2.64130599722384,True,False,[7],[0.1340887715041029]
137,11,1549,1,0.00809438724510489,3.42321668144993,True,False,[7],[0.11990636890640115]
137,12,1317,2,0.00783603133473081,2.660059803211289,True,False,"[8, 12]","[0.14173736093937547, 0.20889735327325454]"
137,13,1233,3,0.006513252235298618,2.71390069196298,True,False,"[7, 8, 12]","[0.14883943694019305, 0.1648061295061966, 0.2101750525963256]"
137,14,2990,2,0.009448192105044417,2.3535035504429977,True,False,"[7, 12]","[0.18551235754149434, 0.19822033900530564]"
137,15,2966,2,0.0070634850945128416,2.743892700531478,True,False,"[12, 15]","[0.21323378355427422, 0.16828402096529843]"
137,16,132,2,0.007099597651755543,2.177940327729815,True,False,"[8, 15]","[0.1086454726091527, 0.1598385521640752]"
137,17,1929,2,0.007647694289710691,2.6509500728697217,True,False,"[8, 12]","[0.13663533134428668, 0.17799318842727305]"
137,18,354,1,0.010889610384247586,2.443173574222451,True,False,[5],[0.1250032244749662]
137,20,2572,1,0.008780292514431909,3.5216897686514304,True,False,[7],[0.11174972388528363]
137,21,1547,1,0.010502331712873314,2.7591733911499325,True,False,[7],[0.13511730781881173]
137,22,925,2,0.00859409127177646,3.2868900183126706,True,False,"[8, 12]","[0.20650453522406967, 0.3316043872971141]"
138,0,2752,1,0.010177054580961107,2.5235180236043773,True,False,[7],[0.20113189046032645]
138,1,1525,1,0.011978998317656989,3.1528008974249153,True,False,[12],[0.26353073606299304]
138,2,2195,2,0.006833554349687429,2.264442292025829,True,False,"[7, 8]","[0.1250404199862681, 0.1672405277699877]"
138,4,2861,1,0.01129335871795698,3.5296633033630687,True,False,[7],[0.102159276809937]
138,5,1492,1,0.011388273278419967,2.8201276095672103,True,False,[16],[0.12434490231118082]
138,6,631,1,0.011719414510761663,2.8999530300808822,True,False,[8],[0.11260878982872889]
138,8,2004,2,0.008581097845047271,2.746791581493516,True,False,"[11, 12]","[0.19571325239254184, 0.1337098929779771]"
138,11,1549,1,0.008572264431414222,3.490317271185847,True,False,[7],[0.11252304795030683]
138,12,1317,1,0.008173504733649892,2.711984179368046,True,False,[7],[0.16367239046473753]
138,13,1233,3,0.007802310945150653,2.726033039436882,True,False,"[7, 8, 16]","[0.17666882231823525, 0.15271110407841765, 0.16537954695483456]"
138,14,2990,1,0.009716252116848454,2.400748905061383,True,False,[5],[0.1450129117110226]
138,15,2966,1,0.007960965274959493,2.7882077394944718,True,False,[7],[0.16764346908081926]
138,16,132,1,0.008264812146743936,2.1829128914588685,True,False,[15],[0.16049179887950668]
138,17,1929,2,0.008749145424383653,2.6499104068355384,True,False,"[7, 12]","[0.14032655780173997, 0.16608908914088466]"
138,18,354,1,0.011789543534248046,2.4392144408257437,True,False,[8],[0.14887815703388016]
138,21,1547,1,0.010443500065181561,2.7566441676074165,True,False,[7],[0.13213401210140832]
138,22,925,2,0.00791971402123379,3.311252017697897,True,False,"[7, 12]","[0.2659081110884095, 0.37961094133275775]"
139,0,2752,1,0.00985002193235516,2.52369197865824,True,False,[7],[0.18488589339904762]
139,1,1525,1,0.01406302342591023,3.198338296398226,True,False,[7],[0.17966745282439528]
139,2,2195,1,0.009512467887987174,2.2664122099029114,True,False,[8],[0.1575106858404098]
139,4,2861,1,0.010466109037635942,3.584319871422579,True,False,[7],[0.08927644150833298]
139,5,1492,2,0.00714526617279935,2.8220760927733646,True,False,"[12, 16]","[0.14891454800550144, 0.13216760570584316]"
139,6,631,2,0.007725379828428455,2.9177950152758303,True,False,"[7, 8]","[0.15923982672002235, 0.11740535181564285]"
139,7,3248,2,0.008696764963830522,3.0787348689194225,True,False,"[12, 17]","[0.18032331018120573, 0.032351300352377335]"
139,9,2113,1,0.011010839616936469,2.6569239296879967,True,False,[12],[0.14591201645509322]
139,10,43,3,0.006898912471225207,2.5635922579160453,True,False,"[7, 8, 15]","[0.08145036645292976, 0.13120630271730035, 0.1818301519630214]"
139,11,1549,1,0.008683664041832947,3.559179760989818,True,False,[7],[0.11129888804699885]
139,12,1317,1,0.008387998815438063,2.7600481284270995,True,False,[7],[0.16515739515374672]
139,13,1233,2,0.007504713015858792,2.772891279988527,True,False,"[7, 8]","[0.16711810806403232, 0.1565975491530434]"
139,14,2990,1,0.011245608891188459,2.4106403645308134,True,False,[8],[0.16054277705562842]
139,15,2966,1,0.011118020364749038,2.8161539200096417,True,False,[8],[0.1499437148981558]
139,16,132,1,0.008900862371683794,2.2184219786764765,True,False,[7],[0.1541094298290417]
139,17,1929,2,0.007655667230076991,2.6610323824465745,True,False,"[8, 12]","[0.12700918159411548, 0.1604582825801818]"
139,18,354,3,0.0066440029884706955,2.4510244185074948,True,False,"[7, 12, 16]","[0.12745049038183479, 0.18242812396778182, 0.14915184526117664]"
139,21,1547,1,0.010011428011959724,2.813514832475554,True,False,[8],[0.11681934166596493]
139,22,925,1,0.011162501668726968,3.3053472571463636,True,False,[15],[0.27181154986318196]
139,23,1753,1,0.009486065022494968,2.4526943919403954,True,False,[8],[0.12458683830740719]
140,0,2752,1,0.010751272626787337,2.5324410191679823,True,False,[15],[0.14877307073414672]
140,1,1525,1,0.014539995266794609,3.2259259228269133,True,False,[7],[0.18658392034585358]
140,2,2195,1,0.010305762316033733,2.2887158210713734,True,False,[5],[0.10159122909766083]
140,5,1492,1,0.009375281870400761,2.8265944618655188,True,False,[12],[0.15436472282923466]
140,6,631,1,0.011016668895741561,2.947655025768226,True,False,[8],[0.12164186297739482]
140,8,2004,1,0.008514902728918186,2.770531999229035,True,False,[8],[0.16319156012262814]
140,10,43,1,0.00870635451847647,2.607302675360355,True,False,[7],[0.08040598431495216]
140,11,1549,1,0.012089401776596726,3.6126297771244764,True,False,[5],[0.13090318334366619]
140,12,1317,1,0.01093327753763601,2.8108245455547225,True,False,[5],[0.15371881627695191]
140,13,1233,1,0.008300920478237269,2.8326784807233776,True,False,[8],[0.15542895089382988]
140,16,132,1,0.009969394653364902,2.26136984336817,True,False,[5],[0.14379266804538193]
140,18,354,1,0.009043141287497173,2.4993965238320235,True,False,[12],[0.16374687929427997]
140,19,1817,1,0.011233269210922185,2.471286731391778,True,False,[5],[0.12018309740791107]
140,22,925,1,0.010864209032493669,3.3063839218870483,True,False,[12],[0.3734447088466154]
140,23,1753,1,0.01030632789721108,2.4558751005211055,True,False,[5],[0.17777837856909826]
141,0,2752,2,0.00771806452197966,2.5395829415386397,True,False,"[8, 12]","[0.1524295707166369, 0.2658817708189177]"
141,1,1525,3,0.007006693849555355,3.2495139856717223,True,False,"[7, 8, 12]","[0.16781061756072718, 0.2455422236100252, 0.24848582350281703]"
141,2,2195,4,0.006156495565140925,2.2851613133939312,True,False,"[8, 12, 15, 16]","[0.1561009144687045, 0.11575684212508146, 0.11940417678691503, 0.12196638236443545]"
141,3,2932,1,0.00797729834959999,5.490356370149009,True,False,[7],[0.0872996226480658]
141,7,3248,1,0.014023550584816339,3.065344269472016,True,False,[17],[0.04259688860956387]
141,8,2004,1,0.0098715533098212,2.8134869250940704,True,False,[5],[0.1795615181221614]
141,9,2113,1,0.0113879400904216,2.681995776399772,True,False,[5],[0.12072027120696606]
141,11,1549,1,0.008938059738034122,3.680732753792059,True,False,[7],[0.10643690640999817]
141,12,1317,1,0.009397899005143005,2.853253883562426,True,False,[7],[0.1644239852162217]
141,13,1233,1,0.008218103621507666,2.8941331394100405,True,False,[8],[0.15160642289287682]
141,14,2990,1,0.010364515925843283,2.4565559665248773,True,False,[5],[0.1417589694731815]
141,15,2966,1,0.011159576856017083,2.8148566778280917,True,False,[12],[0.24363324389620306]
141,16,132,1,0.010493007861614034,2.2675444140464642,True,False,[12],[0.1684683525881611]
141,18,354,1,0.009613882891165715,2.502438333595528,True,False,[7],[0.12832834832775247]
141,22,925,1,0.013232312836783762,3.306737944663178,True,False,[10],[0.09066363008118375]
142,1,1525,3,0.009103289223162392,3.262747507608862,True,False,"[7, 10, 11]","[0.1815630338014349, 0.08697475122216927, 0.23037414025080663]"
142,3,2932,1,0.007822835549463681,5.618964649615951,True,False,[7],[0.07242524787118068]
142,6,631,2,0.007808150805897388,2.966383223594679,True,False,"[7, 8]","[0.15333033380711547, 0.11450141629232545]"
142,7,3248,1,0.012217807409342144,3.097724267129002,True,False,[5],[0.1805075076632192]
142,8,2004,1,0.008102786055865783,2.8226774337832605,True,False,[7],[0.12177639992572824]
142,9,2113,1,0.010791391668206524,2.6943879712303738,True,False,[12],[0.13738455227820684]
142,10,43,1,0.011243784068014552,2.651886931256089,True,False,[5],[0.12171954927444534]
142,12,1317,3,0.008158350922948443,2.852024922211394,True,False,"[8, 12, 17]","[0.15896798527605627, 0.21948537038615462, 0.15380056887510507]"
142,15,2966,1,0.010847452367523575,2.8287257328927655,True,False,[8],[0.15685396523214135]
142,16,132,1,0.008573164141130856,2.27985623301046,True,False,[15],[0.16338563502544645]
142,17,1929,3,0.009651111042878802,2.655872127546157,True,False,"[8, 16, 17]","[0.14629721016721262, 0.12185436283197876, 0.09683590812937394]"
142,18,354,1,0.009021404706087095,2.549368607265905,True,False,[12],[0.1470779368063535]
142,19,1817,1,0.01134349237470337,2.5094505860855154,True,False,[5],[0.11189005733070989]
142,22,925,1,0.010877355914959442,3.3059909397653477,True,False,[8],[0.24860277316409693]
142,23,1753,2,0.007615007989318913,2.4678390640968653,True,False,"[8, 12]","[0.12371791206103634, 0.13257368593747965]"
143,1,1525,2,0.008519365426104125,3.2641087671225595,True,False,"[11, 12]","[0.23272442944897542, 0.2597147935317789]"
143,2,2195,1,0.009013411836835078,2.2890380871184766,True,False,[8],[0.14735062841819385]
143,5,1492,1,0.008446172502898128,2.8855406615196153,True,False,[7],[0.09724073740889139]
143,6,631,1,0.011191964815017226,3.0017328934555305,True,False,[8],[0.12129621229616798]
143,7,3248,1,0.014582763590474676,3.0572048569018753,True,False,[17],[0.04581012976309052]
143,8,2004,1,0.009247811620871594,2.8358246876580107,True,False,[7],[0.14716031055286263]
143,9,2113,1,0.012659955862330137,2.6895766887715586,True,False,[16],[0.10877123621925673]
143,12,1317,1,0.010514876486712635,2.907852207592985,True,False,[5],[0.15224512768633475]
143,13,1233,2,0.0073511649841025845,2.9417295447737084,True,False,"[8, 12]","[0.1413522520491085, 0.21982349853536703]"
143,14,2990,2,0.007613731089272465,2.458873852189163,True,False,"[8, 15]","[0.14637789818587219, 0.26785346095488033]"
143,15,2966,2,0.008309836759290843,2.8524667823465752,True,False,"[7, 8]","[0.1699315613058553, 0.17466515459902854]"
143,16,132,2,0.006996324478058438,2.3096204160917426,True,False,"[7, 8]","[0.1463581816842387, 0.10352243618919518]"
143,17,1929,2,0.008391070169270513,2.6558986640783973,True,False,"[8, 12]","[0.13943424422230377, 0.16458923994979885]"
143,18,354,2,0.007818895753066452,2.556860447997433,True,False,"[7, 8]","[0.1254304371344202, 0.14593026336909495]"
143,22,925,1,0.009297296912730471,3.3615880345111764,True,False,[7],[0.25353146507668906]
143,23,1753,1,0.010882968390380835,2.4825846293757032,True,False,[15],[0.14379488681833635]
144,0,2752,1,0.009512014899542563,2.546229762128475,True,False,[7],[0.17844322021666223]
144,1,1525,1,0.013693734239969405,3.326765358963099,True,False,[5],[0.21772466041685767]
144,2,2195,1,0.010981765736938062,2.3146458924922477,True,False,[5],[0.12026933197182683]
144,3,2932,1,0.008101872564009202,5.7488434569065605,True,False,[7],[0.06766640789186983]
144,5,1492,1,0.011068737251661557,2.884985619462551,True,False,[16],[0.14777536306628325]
144,6,631,1,0.010263869135659595,3.0034325731147424,True,False,[7],[0.16609007324053762]
144,7,3248,3,0.007313103063589598,3.051000672577787,True,False,"[8, 12, 17]","[0.1744817342171985, 0.15680179545323966, 0.05871660946186638]"
144,8,2004,1,0.009122111350091387,2.8493301851427693,True,False,[8],[0.1731967868182793]
144,9,2113,1,0.010889814385458534,2.699981585341241,True,False,[12],[0.12972998813386644]
144,12,1317,2,0.007797752915683596,2.950242696762685,True,False,"[7, 15]","[0.1459813866794834, 0.2011334375960724]"
144,13,1233,1,0.009705543981186084,2.967594719860089,True,False,[7],[0.17279266463987852]
144,14,2990,1,0.009482146228401774,2.4758638233012986,True,False,[8],[0.14488909169016695]
144,15,2966,2,0.008196864976878953,2.869161081654336,True,False,"[7, 17]","[0.1725174922570535, 0.13205944192797858]"
144,16,132,1,0.00832352037226753,2.3229937015066535,True,False,[15],[0.1670605808341757]
144,17,1929,1,0.009994311463589096,2.709839000499213,True,False,[5],[0.14701758572877646]
144,18,354,1,0.010354912236314883,2.556834385295978,True,False,[5],[0.1337017101920505]
144,21,925,1,0.01122511267533737,3.3607107767652806,True,False,[12],[0.25311078407634435]
144,22,1753,1,0.008839558193346001,2.5296501735040278,True,False,[8],[0.21312472844368688]
144,23,2572,1,0.007552217626336342,3.5912149480834294,True,False,[7],[0.0852832135484794]
145,0,2752,1,0.009458877823821401,2.560044350376686,True,False,[8],[0.14524714130209265]
145,1,1525,3,0.009508901371581663,3.341523260047295,True,False,"[7, 8, 16]","[0.19012814770657466, 0.24745359397366476, 0.18670440296705443]"
145,2,2195,1,0.010781093582455731,2.308593319782524,True,False,[12],[0.12433096008209923]
145,3,2932,1,0.007817756887816912,5.877703897980996,True,False,[7],[0.06284940033599201]
145,4,2861,1,0.011063318360084673,3.639320085317229,True,False,[5],[0.11191921468968392]
145,5,1492,1,0.00813489483809468,2.94148931083353,True,False,[7],[0.10348416754644553]
145,6,631,1,0.011418142119512684,3.0334220299643095,True,False,[8],[0.12648995637767813]
145,7,3248,1,0.013190787531467909,3.0468068834992725,True,False,[8],[0.16879924680844727]
145,8,2004,1,0.009496301046212336,2.860430002275433,True,False,[8],[0.17198003007357043]
145,12,1317,1,0.009605564744478629,2.957488136434971,True,False,[12],[0.22553900377637065]
145,13,1233,1,0.008619072429948244,2.9866942646419545,True,False,[7],[0.15551350380407314]
145,14,2990,2,0.007236686467319324,2.501013003121141,True,False,"[7, 8]","[0.1956570455402872, 0.13001330806008607]"
145,15,2966,2,0.007935299745175341,2.872479793856885,True,False,"[8, 12]","[0.16809229295312186, 0.23535913179098214]"
145,17,1929,3,0.00858949237856348,2.700118573536732,True,False,"[8, 12, 17]","[0.15348337873918838, 0.1767644326701495, 0.12455558652093594]"
145,21,925,3,0.007794165130729229,3.3761602387027145,True,False,"[7, 11, 12]","[0.14733327374615884, 0.216988516916534, 0.23631306418888925]"
145,22,1753,1,0.009594880291687254,2.5326483090583145,True,False,[15],[0.2583277769232969]
146,0,2752,1,0.009855535736058591,2.5742105042151753,True,False,[8],[0.14477327149784502]
146,1,1525,2,0.011462628334671378,3.37866634992321,True,False,"[7, 8]","[0.23900712497273996, 0.2741748768762857]"
146,2,2195,2,0.007648646649335654,2.331443265681763,True,False,"[7, 15]","[0.13470384638963145, 0.1330116276757002]"
146,5,1492,1,0.010485475313351948,2.9417767114643776,True,False,[16],[0.1393495246388286]
146,7,3248,1,0.013807312202516705,3.03710825974063,True,False,[17],[0.060414996569398534]
146,8,2004,1,0.008242462448042748,2.8679448808388877,True,False,[7],[0.14741884518267767]
146,9,2113,1,0.010669846823691638,2.7110142996179265,True,False,[12],[0.11799346074430803]
146,10,43,1,0.010008316184787118,2.688211516521132,True,False,[15],[0.17051152315135953]
146,11,1549,1,0.008934448131854423,3.7475108045306924,True,False,[7],[0.10148554631101675]
146,12,1317,1,0.011595261656263088,2.9567259440077494,True,False,[8],[0.15620139644267644]
146,13,1233,2,0.007852820420209542,3.0272444472455384,True,False,"[7, 8]","[0.17178622507434044, 0.15637733351812125]"
146,14,2990,1,0.010017466975129638,2.529761745677689,True,False,[8],[0.1297437920291713]
146,15,2966,2,0.007232101330951369,2.883736169367882,True,False,"[8, 12]","[0.15053016869344332, 0.22186125092962883]"
146,16,132,2,0.006856447785299217,2.3448072626101353,True,False,"[7, 15]","[0.15685093572554334, 0.1776916799556328]"
146,17,1929,3,0.008285730752936612,2.697556043604122,True,False,"[8, 15, 16]","[0.14481464173510494, 0.18464626728200065, 0.13329936735828116]"
146,18,354,2,0.007272305312313982,2.5828282012623607,True,False,"[8, 12]","[0.15359556661755608, 0.14607146673542937]"
146,21,925,1,0.010370903307753445,3.4427580517572083,True,False,[5],[0.17269482345084763]
146,22,1753,1,0.008745941412048529,2.5861544934701297,True,False,[8],[0.19033360806104116]
147,1,1525,1,0.014068932699062658,3.4343512522927533,True,False,[7],[0.25493733112084305]
147,2,2195,1,0.009651456606956956,2.3379022501372755,True,False,[15],[0.13021668394118277]
147,5,1492,2,0.006844292305596455,2.9439507939991842,True,False,"[12, 16]","[0.1515053968033956, 0.13952594246610361]"
147,6,631,1,0.011441976689671542,3.073073257665638,True,False,[8],[0.12073982190643585]
147,7,3248,1,0.013808761546468977,3.0192846847693553,True,False,[17],[0.053054987545900816]
147,8,2004,1,0.008429509924402657,2.872018423423523,True,False,[7],[0.1529044578208251]
147,11,1549,1,0.00816404508493146,3.822340560081655,True,False,[7],[0.08989305014563735]
147,12,1317,1,0.010271990170744188,3.0185519691898146,True,False,[5],[0.15444453002349684]
147,13,1233,1,0.01067562146694069,3.032550181107782,True,False,[7],[0.1811839608310547]
147,14,2990,1,0.010366798392835726,2.5717772612343084,True,False,[5],[0.17034572199813702]
147,16,132,1,0.009667313592330374,2.3914909055754308,True,False,[5],[0.14751518249257484]
147,17,1929,1,0.012737634792090457,2.6967143893244274,True,False,[8],[0.14219685530276763]
147,18,2113,1,0.011000289133286491,2.720714227186271,True,False,[12],[0.1281825723686818]
147,20,925,1,0.009416733085639008,3.5053248762408065,True,False,[7],[0.10665506515222932]
147,22,354,2,0.007331694346643462,2.6143293797384097,True,False,"[8, 12]","[0.18956035046604797, 0.3453669230018085]"
148,0,2752,2,0.006645241545365318,2.601499199022023,True,False,"[8, 15]","[0.13939822402579446, 0.13516878393151593]"
148,1,1525,4,0.010391070211132497,3.450037752886656,True,False,"[7, 8, 12, 16]","[0.28761780143875043, 0.30231242352142296, 0.2592537994681336, 0.2523229667089056]"
148,2,2195,3,0.007373781237615937,2.335036283725118,True,False,"[8, 15, 16]","[0.14285637079498575, 0.1327792920655896, 0.13066159028933005]"
148,4,2861,1,0.010106777396029575,3.6930794806684064,True,False,[7],[0.08264990688044692]
148,6,1492,1,0.009988470610550611,2.946455610624052,True,False,[12],[0.18213799353424928]
148,8,3248,2,0.010874322622976617,3.0221002060093514,True,False,"[8, 17]","[0.15971903974504464, 0.05010395776891827]"
148,9,2004,3,0.006570720773814609,2.8959677979727436,True,False,"[7, 8, 12]","[0.1551131182997757, 0.20902144097926553, 0.15270214493113504]"
148,11,43,1,0.01021114704038509,2.692943012852943,True,False,[15],[0.18735023914398632]
148,13,1317,1,0.01156890746100075,3.04670828365217,True,False,[7],[0.1896467418197824]
148,14,1233,3,0.006413584922478591,3.0532402236867378,True,False,"[7, 8, 15]","[0.18596108497655198, 0.14750073789018298, 0.26095354414892186]"
148,15,2990,2,0.010682661731150667,2.580250518546089,True,False,"[8, 10]","[0.1997601108592154, 0.09092353526728479]"
148,16,2966,1,0.009572233700995969,2.9100847851817457,True,False,[8],[0.0988870563712597]
148,17,132,2,0.00937911651122158,2.406985461540977,True,False,"[7, 8]","[0.16255689434514348, 0.17707020931818745]"
148,18,1929,2,0.007033101016963276,2.707404786937383,True,False,"[7, 12]","[0.12248020839606316, 0.1263813521321968]"
148,19,2113,2,0.008968602892303947,2.7246282499381986,True,False,"[12, 16]","[0.2484105522932138, 0.10992581934353954]"
148,21,925,4,0.010727054995748712,3.488117656983177,True,False,"[10, 11, 12, 15]","[0.173800643170154, 0.3161979461032596, 0.32608151662433055, 0.2978014849875582]"
148,22,1753,1,0.011527451763782162,2.5861101599460246,True,False,[5],[0.2447042295615189]
148,23,354,1,0.010053294785719067,2.614281649060336,True,False,[5],[0.17184701331139968]
149,0,2752,2,0.0064961508329374005,2.618274263097829,True,False,"[7, 8]","[0.17336804181641746, 0.12583065203721958]"
149,1,1525,1,0.013682831417251452,3.5161367729491464,True,False,[7],[0.29395632814747363]
149,2,2195,3,0.0059562648536864785,2.3524641476378774,True,False,"[7, 8, 15]","[0.13665294258664126, 0.14644699833669544, 0.13607054067036423]"
149,5,3531,1,0.06340979220828823,6.824709770621975,True,False,[7],[0.09967559932403512]
149,6,1492,1,0.009828302260921044,2.9496359137916777,True,False,[12],[0.17178587116466046]
149,7,631,1,0.01287370403352056,3.0702371686461034,True,False,[7],[0.19510830400712872]
149,8,3248,1,0.011284425755177394,3.024349004619729,True,False,[8],[0.144211008181568]
149,9,2004,1,0.008204802119231606,2.9659572113381842,True,False,[5],[0.11769305218952118]
149,11,43,1,0.010240950400109573,2.7019656952641706,True,False,[8],[0.15578069649126142]
149,14,1233,1,0.00836176669378668,3.0961141453233014,True,False,[8],[0.1156303694646308]
149,16,2966,1,0.00935407602723085,2.9374116923085016,True,False,[8],[0.09704340797840062]
149,18,1929,2,0.007623019415104143,2.7199592588496064,True,False,"[7, 8]","[0.12425764302946544, 0.15501014102781852]"
149,21,3557,1,0.05763157689316406,7.392596731962498,True,False,[7],[0.130105095888467]
149,22,925,2,0.0067625478870319295,3.5231043090926573,True,False,"[7, 8]","[0.24761051468486917, 0.19794088142946897]"
149,23,1753,3,0.006406343595042615,2.5942399648289407,True,False,"[8, 12, 16]","[0.11272940371386789, 0.1317579230686161, 0.11797901904455504]"
150,1,1525,1,0.0144082007422693,3.509222502573566,True,False,[8],[0.2839669387994837]
150,2,2195,2,0.006895232064476993,2.3505890878948157,True,False,"[8, 12]","[0.13773655120909778, 0.127550354387611]"
150,3,2932,1,0.011601079477055756,5.8730151784443345,True,False,[8],[0.16729514347898508]
150,5,3531,1,0.013741311013487212,6.76563960827868,True,False,[10],[0.09409278633943328]
150,8,3248,2,0.010987317090467012,3.0290907429190996,True,False,"[8, 17]","[0.1344284971502721, 0.05353479161394033]"
150,9,2004,1,0.008502018141470669,2.970605168244396,True,False,[7],[0.17674340603907446]
150,12,1549,1,0.007487305111202344,3.9065235220451373,True,False,[7],[0.13451884685677976]
150,13,1317,2,0.0079660416342278,3.05149063005719,True,False,"[8, 15]","[0.14520322586789117, 0.1919903085872357]"
150,14,1233,1,0.007854729691629321,3.1609599551909864,True,False,[5],[0.1550998039014552]
150,15,2990,1,0.009882293006122202,2.6049546247276476,True,False,[7],[0.17309490596256774]
150,16,2966,1,0.011175002992943937,2.9600494879911934,True,False,[8],[0.12475441226235177]
150,17,132,2,0.006882359060670507,2.4355630369795933,True,False,"[7, 15]","[0.1239393370554678, 0.17214882015976746]"
150,18,1929,1,0.01187195421850571,2.7196843157507664,True,False,[12],[0.13380022355804644]
150,19,2113,1,0.011220033708864489,2.737296947249601,True,False,[12],[0.2239638222104751]
150,22,925,1,0.011069881102050014,3.580554154789016,True,False,[5],[0.24604900854671485]
150,23,1753,1,0.009347161410961528,2.6389979807439823,True,False,[7],[0.0882541682758584]
151,1,1525,2,0.010415334298839916,3.5506692774262167,True,False,"[7, 8]","[0.24307174859223074, 0.2510846146141442]"
151,2,2195,1,0.010697991198186624,2.385060283242092,True,False,[7],[0.14014746113406978]
151,6,1492,1,0.010914654120038732,2.9523670906353057,True,False,[16],[0.14538143584806437]
151,8,3248,1,0.01173600932650164,3.0373189466534276,True,False,[12],[0.12950664175136187]
151,9,2004,2,0.007174710603981993,3.0061108257315943,True,False,"[8, 12]","[0.20647810558966306, 0.15169942418177632]"
151,13,1317,1,0.011220139779359282,3.0757361358625652,True,False,[7],[0.16922963971609134]
151,14,1233,1,0.008769958303493938,3.2020544060891174,True,False,[8],[0.10604226990470349]
151,15,2990,1,0.01011704823753478,2.621694775902857,True,False,[7],[0.19407421655320534]
151,22,925,2,0.007716839582736314,3.579419315592773,True,False,"[8, 12]","[0.20811721786713455, 0.35188690097878744]"
151,23,1753,1,0.010084622627222347,2.642567639149395,True,False,[5],[0.1606242608622153]
152,0,2752,2,0.00631686848095109,2.6521946447508604,True,False,"[8, 15]","[0.11542442447576762, 0.1411774567148752]"
152,1,1525,3,0.0076138464668408035,3.553623580626018,True,False,"[8, 11, 12]","[0.23237744320764905, 0.24099272027133278, 0.25680062608933]"
152,5,3531,1,0.006200931436830855,6.910455496936721,True,False,[7],[0.08918653832262635]
152,7,631,1,0.00988328227429581,3.1214694022264537,True,False,[8],[0.14215009400384412]
152,8,3248,1,0.01399547538690916,3.0320847044145376,True,False,[17],[0.046603981828948704]
152,9,2004,2,0.007841266286297813,3.0097925959711294,True,False,"[11, 12]","[0.05373804954069868, 0.1384041633253076]"
152,13,1317,1,0.012015672649980507,3.098088533709915,True,False,[7],[0.1907277071631276]
152,14,1233,1,0.011398991124897858,3.174359075115244,True,False,[16],[0.24885715906301908]
152,15,2990,1,0.009793128428324015,2.6698935942659423,True,False,[5],[0.1764207995434855]
152,17,132,1,0.011221037844647109,2.44190297425726,True,False,[12],[0.19309566611100937]
152,18,1929,4,0.007297879517316553,2.7197957907285177,True,False,"[7, 8, 12, 17]","[0.15251544867705666, 0.1682938503098454, 0.1299674021976625, 0.13536521132045964]"
152,19,2113,2,0.010436366864821892,2.7721653150200254,True,False,"[7, 12]","[0.19084544661980324, 0.20911439089479825]"
152,22,925,2,0.00670639992569861,3.612023516813524,True,False,"[7, 12]","[0.2364267466137805, 0.33198973264992526]"
152,23,1753,1,0.00875503973129072,2.6849657223804746,True,False,[8],[0.11368823992525533]
153,1,1525,2,0.009928643748814612,3.560025078830475,True,False,"[8, 12]","[0.26759470141240477, 0.2699322465185631]"
153,2,2195,1,0.010555232071438107,2.425958322848677,True,False,[7],[0.13771623471119077]
153,6,1492,1,0.00962803617405735,2.955010257751557,True,False,[12],[0.18065465125697144]
153,8,3248,3,0.00806926383630404,3.0341875991909055,True,False,"[8, 12, 17]","[0.128961459737392, 0.11374969380552548, 0.0545449011022375]"
153,11,43,1,0.009937433680731616,2.711350322648071,True,False,[15],[0.16840525217158916]
153,12,1549,1,0.01122652358930016,3.9768715505068117,True,False,[5],[0.14471247231634307]
153,13,1317,2,0.008689847644845504,3.122015973423053,True,False,"[7, 8]","[0.17633892415474792, 0.15361953599673642]"
153,14,1233,2,0.005601574355148118,3.2176103406944505,True,False,"[7, 8]","[0.1624467446360112, 0.09683940319361412]"
153,15,2990,1,0.009632126992641635,2.684792798709747,True,False,[7],[0.17573892524827858]
153,16,2966,1,0.00963616346690676,2.968332346960814,True,False,[12],[0.18050631460715041]
153,17,132,2,0.00626039655970056,2.469544817130244,True,False,"[7, 15]","[0.11791529410981826, 0.16726433066081517]"
153,18,1929,1,0.010512088353910706,2.7324077783152405,True,False,[8],[0.16237197673181025]
153,19,2113,1,0.011434516939423864,2.82830766777994,True,False,[7],[0.17218786819632156]
153,22,925,2,0.009565905636150247,3.645474994020465,True,False,"[7, 11]","[0.2525564037816709, 0.16968456217120045]"
154,1,1525,1,0.013210555186104036,3.6315638910108374,True,False,[5],[0.2109788372976929]
154,2,2195,1,0.010237203986612408,2.4300001986625244,True,False,[12],[0.12635002815490315]
154,6,1492,1,0.010889838272652623,2.957543902707762,True,False,[16],[0.1407484081927977]
154,7,631,1,0.012307621659617457,3.119239332160197,True,False,[7],[0.17079946632291176]
154,8,3248,1,0.0138628327263283,3.0269143528583986,True,False,[17],[0.04987230978480416]
154,9,2004,1,0.008337830901374823,3.012088380340503,True,False,[7],[0.18342022332718405]
154,13,1317,1,0.011321536691386174,3.164633455908164,True,False,[5],[0.17318394407551857]
154,14,1233,1,0.007322808019394954,3.246163766155921,True,False,[7],[0.13906058719010037]
154,16,2966,2,0.007453066361458259,2.9776572108310484,True,False,"[7, 12]","[0.14861930362109477, 0.17708660135776716]"
154,17,132,1,0.012564606687500762,2.4758261749714046,True,False,[8],[0.15788089575316272]
154,19,2113,1,0.010674972607706681,2.8461330927346626,True,False,[12],[0.1868196763593334]
154,21,3557,1,0.008588263259966408,7.5408010824271114,True,False,[7],[0.11489679331781052]
154,22,925,1,0.010801149267020502,3.706327462191085,True,False,[5],[0.24090317849443388]
155,0,2752,1,0.010530942869794932,2.6466909587509297,True,False,[12],[0.2509793344509022]
155,1,1525,3,0.008084518443436113,3.657210389938008,True,False,"[7, 8, 10]","[0.22472805274013852, 0.2647469383876857, 0.1367744685229307]"
155,2,2195,1,0.008956556668445062,2.439492590529921,True,False,[8],[0.13279312683414277]
155,6,1492,1,0.00869315306156403,3.0244704629724404,True,False,[7],[0.15966261377733176]
155,7,631,1,0.00918414543774921,3.1779974131747113,True,False,[8],[0.12903786521527372]
155,9,2004,1,0.008062454755086134,3.0201528866676424,True,False,[7],[0.17482117602967948]
155,11,43,1,0.00987736583888705,2.721401466340395,True,False,[15],[0.15463375442065855]
155,13,1317,2,0.008340678424362188,3.194035573904445,True,False,"[7, 12]","[0.17683634155627106, 0.2369552896583335]"
155,14,1233,2,0.007101013006719401,3.260459131403344,True,False,"[7, 15]","[0.15773445879919912, 0.25880345916522135]"
155,15,2990,1,0.009762396996961985,2.685144539884277,True,False,[12],[0.23071146778830376]
155,16,2966,1,0.01223289977514962,2.9881156402858498,True,False,[8],[0.14254900721328725]
155,17,132,1,0.008914384702805792,2.5085496126112528,True,False,[7],[0.12262019909301784]
155,18,1929,4,0.0062444067719496085,2.7600080563056317,True,False,"[7, 8, 12, 15]","[0.15219549385319678, 0.15209810128561327, 0.1289400090618503, 0.18191710191955096]"
155,19,2113,1,0.012230493657257254,2.8382865644928112,True,False,[16],[0.1133749554837153]
155,22,925,1,0.01117508951709464,3.7037412069141142,True,False,[15],[0.27489846740171214]
155,23,1753,2,0.007328624246279057,2.6995659392769626,True,False,"[8, 12]","[0.12072647704546756, 0.1270642950117534]"
156,0,2752,1,0.010649726427179587,2.6716610486024535,True,False,[5],[0.17148049263217116]
156,1,1525,2,0.00898901233610693,3.661706818895067,True,False,"[8, 11]","[0.26566635012574014, 0.2703140588885357]"
156,2,2195,1,0.009824699454008904,2.455033518434208,True,False,[8],[0.13393522689008117]
156,7,631,1,0.012247596522888083,3.177449382297141,True,False,[7],[0.16086174896211386]
156,8,3248,1,0.01114983944049092,3.034617321794254,True,False,[12],[0.11498932943220148]
156,9,2004,1,0.008273823954467935,3.0250555564636508,True,False,[7],[0.17221423712162198]
156,13,1317,1,0.00923395020305228,3.2028909895929885,True,False,[8],[0.15027117871448495]
156,14,1233,2,0.007603630915881301,3.2868242658638986,True,False,"[8, 15]","[0.10238727201492391, 0.2656050487452514]"
156,15,2990,1,0.010165158883416646,2.694675813671702,True,False,[7],[0.20625152643072478]
156,16,2966,2,0.0075289131669484515,2.9971586471496083,True,False,"[8, 17]","[0.12756250785818726, 0.14771816784512815]"
156,17,132,1,0.009655732850018686,2.5486521485754223,True,False,[5],[0.14475968349431995]
156,18,1929,1,0.012564040186212853,2.7410391314750266,True,False,[17],[0.15204779333510954]
156,19,2113,1,0.011370058593824162,2.8997444945663604,True,False,[7],[0.15561059831414856]
156,22,925,1,0.009166698247603898,3.7661264585430128,True,False,[7],[0.22616789143978538]
156,23,1753,1,0.009830571847440373,2.705942929795124,True,False,[5],[0.15719228581600947]
157,0,2752,2,0.006563685152691998,2.7091915571875678,True,False,"[8, 15]","[0.11303285755216913, 0.14537973927702902]"
157,1,1525,2,0.008361880347794084,3.710175737505721,True,False,"[7, 8]","[0.22437079494041418, 0.24660365970643464]"
157,2,2195,1,0.008587836808556445,2.458218235380994,True,False,[15],[0.12646897575627036]
157,3,2932,1,0.0070771587069869656,6.005821242045128,True,False,[7],[0.05874634015962582]
157,7,631,1,0.009973701460161698,3.2250077936764927,True,False,[5],[0.17750047529740468]
157,8,3248,1,0.013935844133478415,3.020302431170341,True,False,[17],[0.05470006848961487]
157,9,2004,2,0.008108228595995897,3.0178449501877704,True,False,"[7, 11]","[0.17541707407731663, 0.08858722153382957]"
157,13,1317,1,0.010059097442823366,3.2514915786757754,True,False,[5],[0.15873212866063455]
157,15,2990,1,0.00938604493203972,2.74942259438465,True,False,[5],[0.1731253991944434]
157,16,2966,1,0.011200927429755468,2.9976173256846783,True,False,[15],[0.1878179726390954]
157,17,132,2,0.007501695173103852,2.55659325491658,True,False,"[8, 15]","[0.16349601858742172, 0.15956460250490812]"
157,19,2113,2,0.009900812098706035,2.944380186449146,True,False,"[7, 12]","[0.15019770944902433, 0.1727823838556869]"
157,21,3557,1,0.008683803144314576,7.67833768615959,True,False,[7],[0.11356298222966618]
157,22,925,1,0.010741778706460096,3.7637856011332476,True,False,[15],[0.2794411095019523]
158,0,2752,1,0.009641142951355593,2.747425589931655,True,False,[8],[0.11721587266669518]
158,1,1525,3,0.009913230254017807,3.7437505245804306,True,False,"[7, 8, 10]","[0.258558827261746, 0.26670565754386605, 0.20287720917108512]"
158,2,2195,2,0.006679864131747337,2.4616870225913896,True,False,"[12, 15]","[0.12327597597167987, 0.12039335169054648]"
158,6,1492,1,0.009494062950691171,3.0880055764241843,True,False,[7],[0.15733835400380194]
158,8,3248,1,0.010441493863973228,3.0197463844168086,True,False,[8],[0.12203856015275748]
158,9,2004,1,0.008588837014771858,3.0912889302959483,True,False,[5],[0.12160194754225398]
158,13,1317,3,0.00660076136563973,3.27381653742495,True,False,"[7, 8, 15]","[0.15732876464051673, 0.15401344742159578, 0.20620225332714517]"
158,14,1233,1,0.007913116065911692,3.340152879157625,True,False,[8],[0.12897902654786023]
158,15,2990,1,0.010301771499976773,2.754531304522614,True,False,[7],[0.22160724387860287]
158,16,2966,1,0.009210725554571845,3.008848334446105,True,False,[8],[0.11521056230698014]
158,17,132,2,0.006685714849291796,2.5930500514836243,True,False,"[7, 8]","[0.12136373370744541, 0.13441061752370934]"
158,18,1929,2,0.007813417567049221,2.747494585375566,True,False,"[7, 16]","[0.1429455133009182, 0.1563753667597839]"
158,19,2113,1,0.010212717872082108,2.9705418160014982,True,False,[12],[0.16186739855213575]
158,22,925,2,0.009870470368888662,3.804655192266518,True,False,"[7, 11]","[0.2584241168316519, 0.22186988265792554]"
159,0,2752,1,0.008797570090712243,2.753724951097253,True,False,[7],[0.16574149102394303]
159,1,1525,1,0.010275286205822564,3.7630439967510054,True,False,[8],[0.2963747580339911]
159,2,2195,1,0.01045409360583532,2.508160989999612,True,False,[7],[0.1334439748607355]
159,7,1492,1,0.010711339790036457,3.1249562100068724,True,False,[5],[0.17462595033663483]
159,8,631,1,0.008746582489711791,3.234137193184862,True,False,[7],[0.143456879640226]
159,9,3248,2,0.00786155320473428,3.0425875125155932,True,False,"[7, 17]","[0.16365601200863444, 0.13617962767824418]"
159,12,43,1,0.010372142577619968,2.7801562212502837,True,False,[5],[0.12994756566982993]
159,14,1317,1,0.0076579149898033496,3.3427629251636817,True,False,[7],[0.1498771425046578]
159,15,1233,1,0.009293499631697111,3.3843568883142976,True,False,[8],[0.1991602410049518]
159,16,2990,3,0.008408091622099729,2.73985347573661,True,False,"[8, 11, 15]","[0.14521143297284209, 0.13396215993559715, 0.21837650060031774]"
159,18,132,2,0.0063670680618822025,2.6137511071399007,True,False,"[8, 15]","[0.15377710575030215, 0.15923271926463745]"
159,19,1929,2,0.007663181451684699,2.737313734765195,True,False,"[12, 16]","[0.15184079726024502, 0.1357561422698962]"
159,20,2113,1,0.010501765131952724,3.009002500929553,True,False,[7],[0.1013910503814641]
159,22,925,1,0.009696370286614252,3.8592352738395133,True,False,[7],[0.25622635773844177]
159,23,1753,1,0.011486811301190532,2.7001594417978816,True,False,[16],[0.12012656207184451]
160,0,2752,1,0.00872603332451318,2.7666655546362455,True,False,[7],[0.15785870795161155]
160,1,1525,2,0.009258411015275374,3.7742129577230505,True,False,"[8, 12]","[0.28216105273350545, 0.27989622968808386]"
160,2,2195,2,0.007775701346765335,2.535078114561464,True,False,"[7, 12]","[0.12062394281559086, 0.12438566817315548]"
160,3,2932,1,0.007278325205405253,6.1409433819556005,True,False,[7],[0.05792502208577019]
160,8,631,1,0.007693252151996405,3.3092096288422463,True,False,[8],[0.1102852374965254]
160,10,2004,2,0.006278093965513459,3.1154455926373346,True,False,"[8, 12]","[0.14192479829530721, 0.21980971683659184]"
160,12,43,1,0.008643215208957715,2.8279775413549206,True,False,[7],[0.12370127695104907]
160,16,2990,1,0.010051450414332117,2.7593307346467997,True,False,[7],[0.14883786465573892]
160,18,132,1,0.00885244921726444,2.6755066851629015,True,False,[5],[0.13504874262538463]
160,19,1929,1,0.009737773297205099,2.749143459263649,True,False,[8],[0.13182862831571485]
160,20,2113,1,0.009617356975868028,3.053883373103359,True,False,[7],[0.09119157605307597]
160,22,925,1,0.010327876708378824,3.859748417868086,True,False,[15],[0.2889106444459989]
161,2,2195,1,0.010355863634653016,2.540056990646067,True,False,[12],[0.12425746054803588]
161,9,3248,3,0.007733727091616817,3.0440447926507517,True,False,"[8, 12, 17]","[0.19345738093046577, 0.13673274467479526, 0.12133077561399215]"
161,13,1549,1,0.010976839266515711,4.0505872684810615,True,False,[7],[0.14274967912619688]
161,14,1317,2,0.007258327611521775,3.3873534393702958,True,False,"[7, 15]","[0.14054699504255647, 0.2515657748624023]"
161,15,1233,1,0.009688366139468704,3.4264612070640426,True,False,[8],[0.18716054976150512]
161,16,2990,1,0.009404593446725763,2.782918019926441,True,False,[7],[0.141472718855671]
161,17,2966,2,0.007505479856663948,3.0285446541652608,True,False,"[8, 15]","[0.12646186075287266, 0.17714980347971612]"
161,18,132,2,0.007041794803606536,2.6949308938624634,True,False,"[8, 12]","[0.14503663743894774, 0.13422370449244728]"
161,19,1929,1,0.013441963291368464,2.732127084941499,True,False,[17],[0.11286517083908368]
161,20,2113,1,0.009619437652740639,3.1295007235686434,True,False,[5],[0.10831367795936805]
161,22,925,1,0.010901422471865116,3.8660285468444964,True,False,[15],[0.3153109051503908]
161,23,1753,2,0.008491044052213806,2.692936933652722,True,False,"[12, 16]","[0.12871080909871266, 0.12166925920465488]"
162,0,2752,1,0.008726478614005906,2.7999472254595097,True,False,[15],[0.14489843829048618]
162,1,1525,2,0.011734733710344163,3.811140036421195,True,False,"[7, 9]","[0.28292902534054926, 0.09639015270214221]"
162,2,2195,1,0.010659508929460023,2.551898556221913,True,False,[5],[0.12654983167767656]
162,5,3531,1,0.006266981773519503,7.056724877829164,True,False,[7],[0.08573200910048981]
162,7,1492,2,0.0068422816847159545,3.1433101258342866,True,False,"[12, 16]","[0.17187449756295045, 0.17960108326293292]"
162,8,631,1,0.010379862859940275,3.3117076411863104,True,False,[15],[0.1421887630837599]
162,9,3248,2,0.008789086040170625,3.0463724839030264,True,False,"[8, 17]","[0.17864490792797708, 0.11817452764797544]"
162,10,2004,1,0.007065079281001731,3.162353468740664,True,False,[8],[0.12793715868774347]
162,14,1317,1,0.006869038709388682,3.4559033831623274,True,False,[7],[0.12398832570732625]
162,15,1233,1,0.010664440422220877,3.449267491382352,True,False,[8],[0.1826932737265208]
162,17,2966,2,0.00653407013983045,3.0558855477097038,True,False,"[7, 8]","[0.12056010232356572, 0.10637763237598917]"
162,18,132,4,0.005468686752908864,2.721894689529955,True,False,"[7, 8, 12, 15]","[0.1433464776451287, 0.13413308744146676, 0.1444630950417947, 0.15871387219395827]"
162,19,1929,2,0.0074217716204701915,2.7668683655704127,True,False,"[7, 8]","[0.14081120278845524, 0.12411257380067635]"
162,20,2113,1,0.010020079813330033,3.173994398876266,True,False,[7],[0.0970984290451356]
162,22,925,1,0.010101521304625905,3.937597762081505,True,False,[5],[0.19957699309277752]
162,23,3872,2,0.025127687628638404,3.3882683265977924,True,False,"[7, 8]","[0.09380216444566092, 0.10698276259363963]"
163,0,2752,1,0.008731527748759665,2.8293224753869413,True,False,[8],[0.12132858536496403]
163,1,1525,3,0.007480244554047264,3.8413016632238315,True,False,"[7, 11, 15]","[0.23947092864451489, 0.2981165587537473, 0.27817579404390674]"
163,2,2195,1,0.009573565564571687,2.560985011632698,True,False,[12],[0.11597651415192632]
163,7,1492,1,0.009309411101580702,3.148541403283928,True,False,[12],[0.17256239847674595]
163,8,631,1,0.008545611861615017,3.321738842743998,True,False,[7],[0.13694496907227122]
163,9,3248,3,0.0075803608195172045,3.0457119972352493,True,False,"[8, 12, 17]","[0.1700372615638127, 0.13220115529800552, 0.10468077248688162]"
163,10,2004,2,0.008669783282902962,3.166289461184025,True,False,"[7, 15]","[0.11203905050432313, 0.18737850990760366]"
163,14,1317,1,0.00953618407045897,3.4679359662280236,True,False,[8],[0.13044313237056476]
163,15,1233,1,0.009985770252233052,3.461532844446547,True,False,[8],[0.16156216148076974]
163,16,2990,2,0.008506704754684633,2.790527342389953,True,False,"[7, 12]","[0.15555472009303076, 0.20221676010516018]"
163,17,2966,1,0.009359965787076307,3.085044442763502,True,False,[7],[0.11219057003938437]
163,18,132,1,0.00927593567298345,2.7820659000047603,True,False,[5],[0.15439485607727826]
163,19,1929,1,0.009410363497511478,2.780029544244058,True,False,[8],[0.11221792688905949]
163,20,2113,2,0.008103517107184705,3.1785245519451975,True,False,"[8, 12]","[0.1784722577918074, 0.2370296883027539]"
163,22,925,1,0.010451290361112434,3.986103579070658,True,False,[7],[0.25912208978602835]
164,0,2752,1,0.008481941969025646,2.8449844956801265,True,False,[7],[0.14713452028287666]
164,1,1525,2,0.0076698352099619505,3.8996798025407085,True,False,"[7, 8]","[0.22558527986368435, 0.2613730307360415]"
164,2,2195,1,0.008686787587766923,2.5638641345181985,True,False,[15],[0.12675017936672445]
164,3,2932,1,0.009514173340339452,6.26594174007967,True,False,[5],[0.09628277496885874]
164,7,1492,1,0.009024294536151327,3.2127035607956036,True,False,[7],[0.1465102806532083]
164,8,631,1,0.008573441587795784,3.3978136730213997,True,False,[8],[0.11061877503307993]
164,9,3248,1,0.009621336140160329,3.046647027967591,True,False,[12],[0.12582748344152545]
164,10,2004,2,0.005777309602876444,3.2103375067182083,True,False,"[7, 8]","[0.10076642019954074, 0.1363679069105616]"
164,16,1233,1,0.009630960644914702,3.4859315987054478,True,False,[8],[0.16066216326216728]
164,17,2990,1,0.009417424467731195,2.794814970203907,True,False,[15],[0.1771655958663551]
164,18,2966,2,0.006646126692038689,3.1374745082683244,True,False,"[7, 15]","[0.13171376730732776, 0.15972626869592232]"
164,19,132,1,0.009587831809017792,2.7875250892215084,True,False,[15],[0.1625667406010431]
164,20,1929,1,0.010084673447687724,2.7909384155894266,True,False,[8],[0.1715296480929155]
164,21,2113,1,0.010773860459398257,3.2357927676156084,True,False,[7],[0.10352981282040219]
164,23,3872,1,0.007998242936937983,3.4638381462202537,True,False,[8],[0.10985299820513804]
165,1,1525,2,0.010548041087204352,3.90309041377819,True,False,"[8, 12]","[0.27377975205939137, 0.30420856671014596]"
165,2,2195,1,0.009671602165156536,2.5768832309763234,True,False,[8],[0.12989921401547133]
165,3,2932,1,0.006963862291081216,6.4099151403719405,True,False,[7],[0.05429901437186908]
165,7,1492,1,0.010271368842932569,3.2501928542443355,True,False,[5],[0.17996994592165153]
165,8,631,1,0.008266398593585673,3.477169401873549,True,False,[8],[0.10154131864181332]
165,10,2004,2,0.008157347986759477,3.1751545325760584,True,False,"[15, 16]","[0.21517525551257186, 0.21780032597359847]"
165,14,1317,1,0.008762889120647505,3.5488730672647764,True,False,[5],[0.15261204249838325]
165,16,1233,1,0.009231333527677363,3.485912954187694,True,False,[7],[0.13064694710930735]
165,17,2990,1,0.008248744394906707,2.825785620583504,True,False,[8],[0.1017774073842221]
165,18,2966,2,0.006803297809690679,3.1841100436496395,True,False,"[7, 8]","[0.1327671387126581, 0.12993832807160455]"
165,19,132,2,0.00836742756256031,2.8076087164907437,True,False,"[7, 15]","[0.1427279262178142, 0.177510035633786]"
165,20,1929,2,0.007653042061827991,2.7858592827569413,True,False,"[7, 12]","[0.09518492385305632, 0.2148452031266576]"
166,0,2752,1,0.008608520110412759,2.862103276677343,True,False,[7],[0.15133538953792958]
166,1,1525,3,0.007512274176158732,3.934045226650088,True,False,"[7, 8, 11]","[0.21806130262714674, 0.25577619586857947, 0.30086547939615255]"
166,2,2195,1,0.01068581686327778,2.587715799110282,True,False,[5],[0.1212838648580534]
166,7,1492,1,0.00892868287155634,3.3140744936694437,True,False,[7],[0.13540558712517764]
166,10,2004,1,0.0088507952684567,3.2449965694391367,True,False,[5],[0.12590135612916667]
166,15,1233,1,0.010435013964999545,3.499649576853874,True,False,[8],[0.16548422779724647]
166,16,2990,1,0.009610116381217185,2.831570329712187,True,False,[7],[0.14046455497018118]
166,17,2966,1,0.012219853399995437,3.1761253900892776,True,False,[17],[0.14069671981638876]
166,18,132,1,0.008408163604264957,2.857580416761022,True,False,[8],[0.14467373461896535]
166,19,1929,1,0.009446305953816979,2.803553396185447,True,False,[8],[0.1118232880888445]
166,22,1317,1,0.010196265745801073,3.5484596301945635,True,False,[15],[0.30885718110289717]
167,0,2752,1,0.009831356055910411,2.872602317336597,True,False,[5],[0.1742180268420205]
167,1,1525,1,0.00942795171545384,4.016993397510037,True,False,[7],[0.22812177073626907]
167,2,2195,1,0.012699877235996039,2.5593706174864503,True,False,[16],[0.1318879137900418]
167,7,1492,1,0.00816614569204415,3.3806152966288523,True,False,[7],[0.11930280638543052]
167,8,631,1,0.008848921190893382,3.5553323392394565,True,False,[8],[0.10265288939631978]
167,9,3248,1,0.014967530901080339,3.052357273590615,True,False,[17],[0.10448530820172701]
167,10,2004,2,0.007077947871518839,3.2615844058066408,True,False,"[8, 12]","[0.14265410114703764, 0.2181556383165047]"
167,16,1233,1,0.010521052412500492,3.4955863929538857,True,False,[12],[0.2250113408258184]
167,17,2990,2,0.010192903403426337,2.8299773531754404,True,False,"[7, 11]","[0.1363662404191524, 0.13602820010650254]"
167,18,2966,1,0.009376981460288546,3.2409566454021506,True,False,[5],[0.16276138255582978]
167,19,132,1,0.00878606100879305,2.8884166947268692,True,False,[7],[0.13766888239803268]
167,20,1929,2,0.007096984875163869,2.805772549805389,True,False,"[8, 12]","[0.1558106164047214, 0.19690094580302628]"
167,21,2113,1,0.012667455894074826,3.2451023478607226,True,False,[12],[0.2911898295552653]
167,22,1317,1,0.010468320196930505,3.5746058596147536,True,False,[7],[0.2370953633546239]
168,0,2752,1,0.008942183286045733,2.88815382180163,True,False,[7],[0.15820135601992766]
168,1,1525,2,0.009464782676676917,4.011792461288401,True,False,"[11, 12]","[0.29674893001850416, 0.3061932630998765]"
168,2,2195,3,0.0060011190361661795,2.5558006094117935,True,False,"[8, 12, 16]","[0.1247415794230528, 0.11927274541886182, 0.14000180545654273]"
168,7,1492,1,0.010061950222330661,3.401333486522601,True,False,[16],[0.18483894820526622]
168,16,1233,1,0.009625390605002695,3.50840083054249,True,False,[8],[0.1735168408415853]
168,17,2990,1,0.011168217078457833,2.841323018801354,True,False,[7],[0.1463792680174186]
168,18,2966,1,0.008878330478092347,3.271974489164899,True,False,[8],[0.14703891152032675]
168,20,1929,2,0.009508560141951736,2.7958534171270166,True,False,"[8, 17]","[0.17162171644038668, 0.12248999818153272]"
168,21,2113,1,0.010848684416255097,3.3028842040666233,True,False,[5],[0.15890579466267138]
168,22,1317,2,0.007888381850577495,3.588862714677978,True,False,"[7, 15]","[0.21643041432388246, 0.2859670467791449]"
169,0,2752,1,0.010733567817482187,2.8804160916649075,True,False,[12],[0.25411018246557965]
169,1,1525,2,0.008014900569122277,4.01406523123042,True,False,"[8, 15]","[0.22972986810323423, 0.2784771895585136]"
169,8,631,1,0.009229951475973351,3.633832665881891,True,False,[8],[0.09531384325413783]
169,10,2004,1,0.007914347613349892,3.2873616384777025,True,False,[7],[0.10809735322101376]
169,17,1233,1,0.010378220336014342,3.5109867234289083,True,False,[15],[0.20112639496933432]
169,18,2990,2,0.00603780139625266,2.872729162850246,True,False,"[8, 15]","[0.14139225706544903, 0.16380491172987352]"
169,19,2966,1,0.009778179948888428,3.284874461954266,True,False,[8],[0.10877864529565266]
169,20,132,1,0.008455596256786378,2.890527257499878,True,False,[15],[0.21356389956164518]
169,21,1929,1,0.009644094800578222,2.799301585559966,True,False,[7],[0.10492463669750574]
169,22,1317,1,0.011071072777228786,3.587526992442101,True,False,[15],[0.29236815265264915]
170,0,2752,1,0.008806887646118014,2.904465926104356,True,False,[8],[0.12643197234509268]
170,1,1525,3,0.00819856239857341,4.046799958760913,True,False,"[7, 8, 12]","[0.2240876411833117, 0.24325939446251119, 0.3521711605541104]"
170,2,2195,1,0.013151812649365392,2.517835524009307,True,False,[16],[0.16960749394405314]
170,6,1492,1,0.010976098872578182,3.4038378020590434,True,False,[16],[0.15176093787779285]
170,8,3248,1,0.01380032167379375,3.0381599292540313,True,False,[17],[0.05595079859718599]
170,9,2004,1,0.009293741325574171,3.2861532094216352,True,False,[7],[0.16145089949063668]
170,14,3531,1,0.00618339098605395,7.224141984975299,True,False,[7],[0.11179935385766998]
170,17,1233,1,0.00744145420925209,3.571683563732374,True,False,[8],[0.10279524963606605]
170,19,2966,1,0.009525374519216128,3.341326953955689,True,False,[5],[0.12717008671227792]
170,20,132,1,0.009231567183259497,2.9232710786150484,True,False,[5],[0.12822307676645542]
170,21,1929,1,0.00905629866700482,2.867114333270049,True,False,[5],[0.155600053765253]
170,23,3872,1,0.010286640993600764,3.4677144594997045,True,False,[7],[0.09733246172580602]
171,0,2752,2,0.0063113427159502645,2.9208663422643846,True,False,"[7, 8]","[0.14895415234257464, 0.130206486560839]"
171,1,1525,2,0.009006558185905207,4.085307416818014,True,False,"[7, 11]","[0.2388700489213161, 0.3118222424500243]"
171,2,2195,1,0.012444835187933153,2.4918123005156705,True,False,[16],[0.16788492530705484]
171,6,1492,2,0.006513120557301948,3.437715725527967,True,False,"[7, 12]","[0.15262391551927865, 0.17802331604273378]"
171,8,3248,1,0.008653702852941005,3.086263369522411,True,False,[7],[0.1315900029003715]
171,9,2004,1,0.00963460201836902,3.290797991625089,True,False,[12],[0.1271346950928128]
171,18,1233,1,0.006932426858522488,3.596168193547054,True,False,[7],[0.13681836845610199]
171,20,2966,1,0.00991238841843687,3.350937224144924,True,False,[12],[0.19736132287206784]
171,22,1929,1,0.010021608958658964,2.852641298872636,True,False,[12],[0.3040489667863922]
172,0,2752,1,0.008378198384363864,2.944974841436284,True,False,[8],[0.12180317085714151]
172,1,1525,2,0.011908898385095859,4.052778958267689,True,False,"[12, 16]","[0.36596573816494493, 0.30467281133674207]"
172,2,2195,1,0.007877333073957042,2.504842777649036,True,False,[8],[0.12233852956536875]
172,3,2932,1,0.006655816982851696,6.557881361667836,True,False,[7],[0.0492081206766445]
172,6,1492,1,0.009166008793219929,3.51526424457519,True,False,[5],[0.16908010071598134]
172,7,631,1,0.009599274746338454,3.7013360685598338,True,False,[8],[0.1292904466749943]
172,9,2004,2,0.006018296335965414,3.3229199208904685,True,False,"[7, 8]","[0.17019372094049393, 0.1641524318315625]"
172,15,3531,1,0.008023192970373502,7.363039441074504,True,False,[7],[0.20184837334017985]
172,18,1233,2,0.005630919085904682,3.6534433551654866,True,False,"[7, 8]","[0.13635656261387832, 0.13212403533463676]"
172,19,2990,2,0.007141808420265082,2.8649566777789017,True,False,"[7, 11]","[0.137015494557707, 0.11701817218040972]"
172,20,2966,1,0.00879511519080885,3.4303832037912203,True,False,[5],[0.12626235681471182]
172,21,132,1,0.008727043080511069,2.9862903849469915,True,False,[5],[0.16305001015773965]
172,22,1929,1,0.010492155813266008,2.8343280206739396,True,False,[16],[0.25343608330842526]
172,23,3872,1,0.007460170991663336,3.5490525737127667,True,False,[8],[0.10996240244833663]
173,0,2752,1,0.009704521582509585,2.975492480260745,True,False,[8],[0.12409646945293555]
173,1,1525,1,0.012510347508368744,4.138170222755878,True,False,[5],[0.21096351777329092]
173,2,2195,3,0.006893728115633296,2.5050611344057625,True,False,"[8, 15, 16]","[0.12517080596224026, 0.13759795542272857, 0.18057515298700086]"
173,7,1492,2,0.005971876272246512,3.5531931982465546,True,False,"[7, 12]","[0.11215265567581244, 0.16621892230640176]"
173,9,3248,1,0.014692591411981272,3.0898686325319407,True,False,[17],[0.09833261669562197]
173,10,2004,2,0.006379791291224959,3.330549955104628,True,False,"[7, 12]","[0.10887708191550362, 0.21788496396355767]"
173,19,1233,1,0.010369383093250112,3.6872751008582427,True,False,[8],[0.14135600694234937]
173,20,2990,1,0.009197323518620315,2.8649311368801174,True,False,[15],[0.22239064470218745]
173,21,2966,1,0.009701228087947445,3.4554502409363796,True,False,[8],[0.10334702907860144]
173,22,132,1,0.009184313622934948,3.04667178294895,True,False,[5],[0.18531861847531567]
173,23,1929,1,0.010674828624948448,2.824580586282895,True,False,[12],[0.12327027235299139]
174,2,2195,2,0.007306034699664921,2.5261363839244066,True,False,"[7, 12]","[0.14311408191810945, 0.1304920982466954]"
174,7,1492,1,0.009934243325405077,3.57507781632208,True,False,[16],[0.1848684474557131]
174,8,631,1,0.008136367494315653,3.7211224599554305,True,False,[7],[0.12631273720470262]
174,10,2004,3,0.005860927198891928,3.338820957169243,True,False,"[8, 12, 15]","[0.12989939254256347, 0.21318354299490677, 0.2239936900856627]"
174,18,1233,1,0.008523425492593233,3.764496436227607,True,False,[8],[0.15324110041727518]
174,19,2990,1,0.009914927927543645,2.876290938147229,True,False,[8],[0.13070909196998295]
174,20,2966,1,0.00904261136958393,3.466966117979755,True,False,[15],[0.21911197769016263]
174,21,132,1,0.008952919469721033,3.0679087625939077,True,False,[7],[0.09516708768444888]
175,1,1525,2,0.009662025976516766,4.129893791083226,True,False,"[11, 12]","[0.30946649080422417, 0.3593202329230047]"
175,2,2195,1,0.00850893565373496,2.5256295824384605,True,False,[15],[0.13643374872677796]
175,3,2932,1,0.006571255059410629,6.7115631486018215,True,False,[7],[0.04516484940257758]
175,7,1492,2,0.008378757053829263,3.58552201692226,True,False,"[8, 16]","[0.15261597122959608, 0.17073131097860966]"
175,8,631,2,0.005798883201571407,3.772437995319688,True,False,"[7, 8]","[0.1165331522788801, 0.08630571520600078]"
175,9,3248,1,0.010724520898137973,3.093752867298634,True,False,[8],[0.1509853990796422]
175,10,2004,3,0.005665356497756188,3.377487573265875,True,False,"[7, 8, 12]","[0.11323369672166148, 0.14710570063861123, 0.2141559167786126]"
175,13,43,1,0.011587930352183168,2.846841655152851,True,False,[15],[0.1833733426067047]
175,18,1233,1,0.008766361883507877,3.826366306661561,True,False,[8],[0.13942873766803274]
175,20,2966,1,0.011567415343745823,3.434710083256812,True,False,[17],[0.1456975341612891]
175,21,132,1,0.010345615658572992,3.084210085174318,True,False,[7],[0.1266660377462516]
175,22,1929,1,0.00826025169046565,2.846616414697218,True,False,[8],[0.20600615397440428]
176,1,1525,1,0.011456915402899923,4.132312624565647,True,False,[8],[0.25099142229377924]
176,2,2195,2,0.009488123877464243,2.523981525251711,True,False,"[8, 16]","[0.13186342391963357, 0.18647685746452183]"
176,7,1492,1,0.009473925881055022,3.5969579299778056,True,False,[16],[0.1687463490743055]
176,9,3248,1,0.009566186431704982,3.1006630569396516,True,False,[12],[0.12014158660312588]
176,10,2004,1,0.0067934938795895135,3.418842898723391,True,False,[7],[0.11185146280397736]
176,18,1233,1,0.007364566887994364,3.841930655355349,True,False,[7],[0.15086686968658608]
176,19,2990,1,0.009797080710684717,2.9097973267387944,True,False,[7],[0.13605881344367937]
176,20,2966,1,0.009735925119973345,3.445243961576928,True,False,[15],[0.23093307931966764]
176,21,132,1,0.00960045653704023,3.094778008055121,True,False,[7],[0.13006285644899998]
176,22,1929,2,0.006519686963073206,2.8533417036359094,True,False,"[8, 12]","[0.19950143306812415, 0.27260113782762485]"
177,0,2752,2,0.006483458191725202,2.989789460502737,True,False,"[12, 15]","[0.24529587536105896, 0.1390997865802893]"
177,1,1525,1,0.011298673798244667,4.229521000954338,True,False,[5],[0.20290102140132574]
177,2,2195,1,0.008431076534356789,2.5546625172985054,True,False,[8],[0.145997127434552]
177,7,1492,1,0.008861701601908236,3.660084523331885,True,False,[7],[0.11609012405119604]
177,10,2004,1,0.012540621760514318,3.4144540510865795,True,False,[11],[0.04850654169617295]
177,18,1233,1,0.007628416308989655,3.8586591001878476,True,False,[7],[0.15207878467409958]
177,19,2990,2,0.008119270175351155,2.921780178270669,True,False,"[7, 12]","[0.1608468354610981, 0.1857005959596714]"
177,20,2966,2,0.007845813746488873,3.4296661480438955,True,False,"[7, 16]","[0.11520922742647409, 0.21260612308928095]"
178,1,1525,3,0.008027626514549673,4.250752672485341,True,False,"[7, 10, 12]","[0.21859828956875482, 0.2469432212063643, 0.33454510733981524]"
178,2,2195,3,0.005547576961998138,2.5669244826903976,True,False,"[8, 12, 15]","[0.14113965918487326, 0.12494842752902612, 0.13663263514270418]"
178,7,1492,1,0.008423596112465176,3.727181413726124,True,False,[7],[0.11842545443390395]
178,8,631,1,0.008521998262157769,3.8582553463744165,True,False,[8],[0.08426145368387669]
178,9,3248,2,0.008957130860456795,3.102043733676835,True,False,"[8, 17]","[0.14046695967941852, 0.09529827953695676]"
178,19,1233,1,0.00818392443833559,3.940979773269432,True,False,[5],[0.13505214015614364]
178,20,2990,1,0.010880919186872682,2.927626848703891,True,False,[7],[0.11959260904749539]
178,21,2966,1,0.011992730838444475,3.432626799262459,True,False,[12],[0.25731969092030216]
178,22,132,1,0.008561794830268225,3.117854366148276,True,False,[8],[0.20268816084924385]
178,23,1929,2,0.009487633296292068,2.8443043229954337,True,False,"[12, 16]","[0.1422550725833727, 0.1381467663923348]"
179,0,2752,1,0.009267231376624146,3.0214743827859785,True,False,[8],[0.12037714173560922]
179,1,1525,3,0.008055646837822616,4.260240009035803,True,False,"[7, 8, 16]","[0.20678291036655952, 0.28071890544601824, 0.33483872534668874]"
179,2,2195,2,0.006570435397149734,2.5914452108154533,True,False,"[8, 12]","[0.12940731125010974, 0.12733581898064686]"
179,7,1492,1,0.007412502339328961,3.8013787775917316,True,False,[7],[0.10556638719867698]
179,10,2004,1,0.007607247930547601,3.4747054998177567,True,False,[8],[0.14108187436904224]
179,19,1233,1,0.00915466059678817,3.97097837260463,True,False,[8],[0.14552747162881727]
179,20,2990,1,0.008740216723564792,2.9357868056983953,True,False,[8],[0.16418546421761104]
179,22,132,2,0.006359731115291338,3.149482912985555,True,False,"[7, 8]","[0.22630268485856098, 0.1861059323570287]"
179,23,1929,1,0.011606640789952317,2.834765976692528,True,False,[16],[0.1450314121056839]
180,0,2752,1,0.008903765827839279,3.0555419099035257,True,False,[8],[0.10863954318873338]
180,1,1525,1,0.01244674917220589,4.259598305314316,True,False,[8],[0.2880583491271669]
180,2,2195,1,0.00847784656492364,2.6354235966970254,True,False,[8],[0.12861759621449442]
180,10,3248,1,0.015191093525293502,3.0562790396162325,True,False,[17],[0.22192800154529438]
180,11,2004,1,0.009377670516401827,3.4925703863679063,True,False,[7],[0.1014695418864566]
180,20,1233,1,0.007991050752942949,4.018733505732581,True,False,[8],[0.175220131511329]
180,21,2990,1,0.009011599283777056,2.9404863575706677,True,False,[7],[0.14235222521009838]
180,22,2966,1,0.0075637977233033084,3.463732307240957,True,False,[8],[0.16870915293285546]
180,23,132,3,0.006211821649948655,3.1486373157667646,True,False,"[7, 15, 16]","[0.09359721159140438, 0.1341649891044813, 0.1928277697369171]"
181,0,2752,1,0.009084402318037756,3.0980770288374786,True,False,[5],[0.1615960410531483]
181,1,1525,3,0.007698383804646042,4.297436218904087,True,False,"[7, 8, 15]","[0.23653143709743019, 0.27292121924136464, 0.32997112759529335]"
181,2,2195,3,0.005368185584860058,2.6565393862003486,True,False,"[7, 8, 15]","[0.13612325263333244, 0.13985603146106423, 0.14366011674013615]"
181,8,1492,1,0.008656641271882521,3.8904458238750115,True,False,[5],[0.15857126715710243]
181,11,2004,1,0.009591226747746168,3.508341436218825,True,False,[7],[0.1356062885944481]
181,19,1233,1,0.007922142123145124,4.100659593667495,True,False,[5],[0.13341416308795834]
181,21,2966,1,0.008603100651101337,3.5425262577736207,True,False,[5],[0.1603346271620948]
181,22,132,1,0.007818109486919505,3.1835414466414624,True,False,[8],[0.15601200749089422]
182,0,2752,1,0.009303248364303978,3.1298420596715744,True,False,[8],[0.10505921906680862]
182,2,2195,1,0.011034008706557902,2.6461295140905143,True,False,[5],[0.1303999401614753]
182,3,2932,1,0.0068632210111040344,6.864429156670943,True,False,[7],[0.04304136321608106]
182,12,2004,1,0.00821468675700967,3.5881956457964344,True,False,[5],[0.12363342786652097]
182,23,132,3,0.006262193552570949,3.216520586971732,True,False,"[7, 8, 17]","[0.09573061612817378, 0.12496234860299525, 0.2326583815913534]"
183,1,1525,2,0.007683360752314688,4.345177971099239,True,False,"[7, 12]","[0.19696941848344304, 0.34010404028615965]"
183,10,1492,2,0.006086665586612062,3.9316118432644296,True,False,"[7, 12]","[0.11849852103093084, 0.199584392357506]"
183,13,2004,2,0.007055623697575473,3.6423335418694824,True,False,"[7, 8]","[0.15474356013371782, 0.16379677663593037]"
183,20,1233,2,0.006299339070720068,4.122281772767172,True,False,"[8, 15]","[0.15407620080213746, 0.2786138733511852]"
183,21,2990,1,0.009315037535530148,2.9977805971610194,True,False,[5],[0.16720571162615275]
183,22,2966,1,0.011532575148759544,3.5403465252348303,True,False,[17],[0.2460142495093872]
183,23,132,1,0.009057552992908629,3.2058534760721495,True,False,[15],[0.1226350662776004]
184,0,2752,1,0.008480031459046281,3.1714504425223318,True,False,[8],[0.10110857726139698]
184,1,1525,2,0.009362444269595267,4.3524847856001205,True,False,"[8, 11]","[0.2965602276895505, 0.3499480957799335]"
184,2,2195,2,0.006322804519597845,2.667764837272797,True,False,"[8, 12]","[0.12559341713392197, 0.12815453426550272]"
184,5,1492,1,0.009775583801948835,4.013862970234688,True,False,[5],[0.13082691196663448]
184,6,631,1,0.010461409359852581,3.8571467335225775,True,False,[7],[0.14390625685677919]
184,7,3248,2,0.00844311592026089,3.0386961616038324,True,False,"[8, 17]","[0.14127876935746186, 0.05592263274475172]"
184,8,2004,1,0.0076807588256254085,3.719973584198949,True,False,[5],[0.14466460643345677]
184,17,1233,1,0.00666545854806239,4.200533646260495,True,False,[8],[0.08705420101238986]
184,18,2990,3,0.005855414614245916,3.0163041693278427,True,False,"[7, 8, 11]","[0.1764809095993147, 0.12058417138138929, 0.16415078890913085]"
184,20,132,2,0.0070011273899063765,3.225257482430528,True,False,"[7, 8]","[0.1354499011384985, 0.1455197595837075]"
185,0,2752,2,0.0055046770196093405,3.2048262042465367,True,False,"[8, 15]","[0.08947573500123834, 0.1346387091077669]"
185,1,1525,2,0.009599057259327779,4.386076552693582,True,False,"[7, 11]","[0.22624012093181478, 0.34636839748662496]"
185,2,2195,1,0.008355263853686713,2.6921473723498233,True,False,[7],[0.1433244817012982]
185,8,3248,1,0.010190235260472118,3.0384077739130446,True,False,[8],[0.07856129054401423]
185,9,2004,1,0.007281854646123871,3.809443389881362,True,False,[5],[0.12050617803599095]
185,18,1233,1,0.008267159725357602,4.2770228424361685,True,False,[8],[0.1278017304508237]
185,19,2990,1,0.01031270181298369,3.042335290544128,True,False,[7],[0.15677020769383818]
185,21,132,1,0.010197899561681708,3.234552258661987,True,False,[7],[0.1519853733398514]
186,0,2752,1,0.008732021026976901,3.26386654688866,True,False,[5],[0.15055392251234717]
186,1,1525,1,0.009958697663270602,4.387625082480625,True,False,[12],[0.3340394665818241]
186,2,2195,2,0.006354096875715858,2.7181720722557174,True,False,"[7, 8]","[0.13848114169954892, 0.1264205388311303]"
186,6,1492,1,0.008898036958463426,4.018208435368623,True,False,[12],[0.16619347935116138]
186,8,3248,1,0.012140908848123647,3.0131798790372954,True,False,[17],[0.0580528473707486]
186,9,2004,1,0.0093786250982743,3.809670240722129,True,False,[7],[0.17115167136777804]
186,19,2990,2,0.006554671361779891,3.067619053136218,True,False,"[7, 8]","[0.13306511548766367, 0.14394419905848846]"
186,21,132,2,0.0069633203740860575,3.234781953633486,True,False,"[7, 15]","[0.159322130009288, 0.2830983508976038]"
187,0,2752,2,0.0060043942301269805,3.2985110975885803,True,False,"[8, 15]","[0.08328913377032396, 0.1389485784384254]"
187,1,1525,1,0.011015305081707132,4.450442879908263,True,False,[7],[0.24069570545306615]
187,2,2195,3,0.0063633757790977396,2.734669926036839,True,False,"[8, 12, 15]","[0.13010125418681512, 0.1288097749790682, 0.1477428520415638]"
187,6,1492,1,0.009202971820130565,4.0233565494311305,True,False,[12],[0.16849883972654367]
187,9,2004,1,0.00820273433757486,3.8667548984238698,True,False,[8],[0.15236436988082622]
187,17,1233,1,0.00890972179278116,4.279986132344519,True,False,[7],[0.12267678644063924]
187,18,2990,2,0.006172387628518009,3.096200466070542,True,False,"[7, 15]","[0.1642518472430088, 0.16525395751184327]"
188,0,2752,1,0.00720534339593249,3.352129173387974,True,False,[8],[0.08211183001680374]
188,1,1525,2,0.00890178502306844,4.500294250057144,True,False,"[7, 8]","[0.22751911102529362, 0.2913483289668844]"
188,2,2195,1,0.008809763969691886,2.742527768530296,True,False,[15],[0.13191097295739485]
188,8,3248,1,0.010600140371769031,3.013027828357489,True,False,[12],[0.10711335885310773]
188,9,2004,1,0.009033499691564414,3.913896410563933,True,False,[8],[0.16998763740984707]
188,17,1233,1,0.008305428139836382,4.354743776905266,True,False,[5],[0.16356879157362963]
188,18,2990,1,0.00892411701071582,3.102916204372553,True,False,[15],[0.16156407100591735]
188,19,2966,2,0.006433773818264981,3.5446760619939117,True,False,"[8, 12]","[0.12724371843696256, 0.18219245952251376]"
188,20,132,1,0.008540248273187006,3.25086253044113,True,False,[8],[0.13383473657804668]
188,21,4507,1,0.020634722501112656,3.4986553703407552,True,False,[7],[0.16914438464322837]
189,0,2752,1,0.008099440861049287,3.4175350818061725,True,False,[5],[0.14047082478691023]
189,1,1525,1,0.01053575559593074,4.525683865641073,True,False,[8],[0.3040124334576785]
189,2,2195,1,0.010682744042355662,2.733122492741904,True,False,[5],[0.1506258397646653]
189,10,2004,3,0.006065682405650267,3.934952316195322,True,False,"[8, 12, 15]","[0.15588708836282786, 0.21839383047438804, 0.22545810725985407]"
189,19,2990,1,0.009343297574971961,3.112657224585647,True,False,[15],[0.16631462790530613]
189,20,2966,2,0.006233220844828471,3.563594900464769,True,False,"[7, 8]","[0.12669215414761262, 0.12249889104117584]"
189,21,132,1,0.010035672339796733,3.248511616131879,True,False,[15],[0.291997710207663]
190,1,1525,2,0.009635120729269312,4.487837004701815,True,False,"[8, 10]","[0.2872306947066766, 0.271900100512502]"
190,2,2195,2,0.006035945910610213,2.7585481830615537,True,False,"[7, 8]","[0.13350945042507684, 0.11067038043068307]"
190,7,1492,1,0.008937408990955317,4.027926224421766,True,False,[12],[0.16617387079735293]
190,8,631,1,0.0074305928311060795,3.9473017949183697,True,False,[8],[0.07051449043386425]
190,9,3248,1,0.014171372305400838,3.007520729270825,True,False,[17],[0.08847985491048743]
190,10,2004,1,0.01091244781139131,3.934137215558438,True,False,[12],[0.21382441342641023]
190,17,1233,1,0.006262869946257263,4.441191368838868,True,False,[8],[0.10472776148043711]
190,18,2990,1,0.007097639103247693,3.161361370649951,True,False,[7],[0.1568617175271698]
190,20,132,2,0.005480528613863545,3.2599175782403247,True,False,"[8, 15]","[0.1328218313463767, 0.2418499512220547]"
190,21,4507,1,0.010253206205348801,3.5166868935513858,True,False,[8],[0.10790056006113356]
191,0,2752,1,0.006925133187205075,3.4799050218385355,True,False,[8],[0.07889813726126388]
191,1,1525,1,0.010418840957624144,4.592334825158317,True,False,[5],[0.1952106202918614]
191,2,2195,2,0.006965259494551426,2.7662097039283227,True,False,"[7, 12]","[0.13281595373059285, 0.13541277873934845]"
191,10,2004,1,0.006214090328441481,3.9980083759894725,True,False,[8],[0.1473613286792566]
191,18,2990,1,0.009309962021500105,3.2279316026144227,True,False,[5],[0.16839978533427516]
191,19,2966,1,0.009402284573100075,3.5826764833236937,True,False,[8],[0.13074947951752938]
191,20,132,2,0.006011532632822988,3.2765901654750045,True,False,"[7, 15]","[0.12078130684491352, 0.2290765453223132]"
191,21,4507,1,0.008059141538218519,3.548941954588986,True,False,[8],[0.09272933154750324]
192,1,1525,1,0.010911034726352027,4.695810460929645,True,False,[5],[0.20596143725199773]
192,2,2195,2,0.007882110699465395,2.785793044714099,True,False,"[8, 16]","[0.1034728966947344, 0.18912532421851394]"
192,7,4588,1,0.057928715841600545,3.2535130697955967,True,False,[15],[0.1497684967359339]
192,8,1492,2,0.005542210272885581,4.073306557545853,True,False,"[7, 12]","[0.11379114675754602, 0.113611901309565]"
192,18,1233,2,0.006349357510550371,4.489756095275535,True,False,"[7, 8]","[0.16589317443090898, 0.14209152834541608]"
192,19,2990,1,0.008377213535347507,3.278099521423363,True,False,[7],[0.1257657231406958]
192,20,2966,2,0.006288270409221853,3.60016012627545,True,False,"[8, 12]","[0.13738463963765588, 0.1900380168977558]"
192,21,132,2,0.006950831414980758,3.2891995622334154,True,False,"[7, 8]","[0.14544038254897385, 0.09243148850430337]"
192,22,4507,1,0.007223228083198559,3.5941695166571654,True,False,[8],[0.14168627159718478]
193,1,1525,3,0.00943226979089746,4.703257743177034,True,False,"[7, 8, 16]","[0.2906228984827837, 0.28168650257416394, 0.3993890928271175]"
193,2,2195,1,0.012275252847486054,2.7803197707183904,True,False,[16],[0.178463344644933]
193,8,1492,1,0.009612713450506039,4.082837343562612,True,False,[12],[0.12286160210060404]
193,10,3248,1,0.01474563702767391,2.9654154252913245,True,False,[17],[0.19954015818541018]
193,18,1233,2,0.00592091200584405,4.554363952250001,True,False,"[7, 8]","[0.16774436135118573, 0.1342356926382604]"
193,19,2990,1,0.007011925216078399,3.3325824429446755,True,False,[7],[0.11103267866288402]
193,21,132,2,0.0077771999545803135,3.2766961455380303,True,False,"[8, 15]","[0.10999025700633522, 0.27902081802261824]"
194,1,1525,1,0.0135343221911839,4.63300030308406,True,False,[10],[0.29614694761099497]
194,2,2195,2,0.00643350358893842,2.804530263923867,True,False,"[7, 8]","[0.1325383759185725, 0.1069956643486549]"
194,8,1492,1,0.010230433826574476,4.087071526998475,True,False,[12],[0.127676510361403]
194,10,3248,3,0.007445301003544409,2.959173109431133,True,False,"[8, 12, 17]","[0.13516908840429184, 0.19226275187460318, 0.1856402220384975]"
194,11,2004,1,0.009479347626066349,4.014313240406616,True,False,[7],[0.14142881679786123]
194,18,1233,1,0.007642880039924187,4.6558094737215905,True,False,[8],[0.12337441309008274]
194,19,2990,1,0.008710995235899913,3.374657752258244,True,False,[7],[0.12719581254844092]
194,20,2966,1,0.008274698725376064,3.63026155313506,True,False,[8],[0.1346812773724981]
194,21,132,3,0.0074556119564257225,3.2757430792588846,True,False,"[7, 12, 17]","[0.1571452008308211, 0.2363872472920748, 0.1738048946678905]"
195,0,2752,2,0.005450680189774404,3.51162402818912,True,False,"[7, 8]","[0.1425719358291951, 0.08038293283311604]"
195,1,1525,1,0.010134499822706578,4.658815433518728,True,False,[8],[0.2662973528023151]
195,2,2195,2,0.00830668309788792,2.806883232462132,True,False,"[7, 12]","[0.13761212979218004, 0.15303946911006944]"
195,10,3248,1,0.014419609236008504,2.9155847949705653,True,False,[17],[0.1587316588134213]
195,18,1233,1,0.009971424857288367,4.65368322148052,True,False,[15],[0.1742526503205928]
195,19,2990,2,0.0077379625614914715,3.409572359852353,True,False,"[7, 15]","[0.1524537974253019, 0.1882857505125293]"
195,21,132,2,0.006713596706810596,3.2781968939752018,True,False,"[8, 15]","[0.09031745751480155, 0.24075108799579306]"
195,22,4507,1,0.007128543943340914,3.644169817821458,True,False,[8],[0.14122765515881994]
196,0,2752,1,0.008759557555602166,3.52581766264781,True,False,[15],[0.13475050679094144]
196,1,1525,1,0.00947987286561987,4.659325039580333,True,False,[12],[0.3633762574544479]
196,2,2195,1,0.010965327614977153,2.7948718283584206,True,False,[5],[0.17727941099502537]
196,8,1492,1,0.007044219343990184,4.156651311750456,True,False,[7],[0.11431084865009465]
196,10,3248,1,0.01055431212695939,2.9385064535763106,True,False,[12],[0.1754840575101184]
196,11,2004,1,0.009069103276662212,4.0931461021210716,True,False,[5],[0.12693183441748299]
196,19,1233,1,0.008715749734733704,4.6657912542503315,True,False,[7],[0.1440836728236506]
196,20,2990,1,0.008884733177902431,3.4216533606354833,True,False,[8],[0.16270079020472253]
196,21,2966,1,0.008744410723928123,3.6504354585696643,True,False,[8],[0.09637174299856614]
196,22,132,1,0.0077152922748432206,3.29699459145782,True,False,[8],[0.15044718483857697]
197,1,1525,1,0.010502586548518385,4.6821197753830095,True,False,[8],[0.26938934707244006]
197,8,4588,1,0.009119387374545703,3.270526766369839,True,False,[15],[0.1259991883973718]
197,12,2004,1,0.008793962486019224,4.102236079358149,True,False,[12],[0.21715503366417746]
197,20,1233,1,0.007793627400281444,4.736989006892336,True,False,[8],[0.15419736198945933]
197,21,2990,2,0.005345670010727819,3.45293191414021,True,False,"[7, 8]","[0.14140331098370176, 0.08923511457179821]"
197,22,2966,1,0.00799180942382073,3.6788272802755575,True,False,[8],[0.1512321698730612]
197,23,132,2,0.005364089131811622,3.314920050959791,True,False,"[8, 15]","[0.13443000004737815, 0.1342690982908772]"
198,1,1525,1,0.01113516084609411,4.697502585553891,True,False,[8],[0.3121855577706722]
198,2,2195,2,0.007908989336037894,2.819837256125013,True,False,"[8, 16]","[0.10556955314581186, 0.18897665103325545]"
198,9,1492,1,0.008556908279487475,4.177923980615241,True,False,[16],[0.11071108804773212]
198,12,2004,1,0.008373147922848686,4.110448681024436,True,False,[12],[0.21524470761636774]
198,20,1233,1,0.008056385461550254,4.797459686495879,True,False,[8],[0.14320518799915832]
198,21,2990,1,0.009768273811841843,3.473359751636567,True,False,[7],[0.1500211133975083]
198,22,2966,1,0.009478612709037477,3.6756396414458234,True,False,[7],[0.2047582476240883]
198,23,132,1,0.008009283619049444,3.3479403881352536,True,False,[8],[0.15251377534740687]
199,7,1492,2,0.006482062345351881,4.192971580130005,True,False,"[7, 11]","[0.10976593898466479, 0.19992408180736496]"
199,11,1525,1,0.013820522571475766,4.7043535492536215,True,False,[11],[0.09399463587606254]
199,20,1233,3,0.0053696113081661235,4.822807820667023,True,False,"[7, 8, 15]","[0.1274113685324428, 0.12357529343048246, 0.24350546284878807]"
199,21,2990,2,0.006458669253464129,3.489118400811105,True,False,"[7, 15]","[0.14702092115475635, 0.23115605355592533]"
199,23,132,1,0.008850765000339059,3.3380351850741325,True,False,[15],[0.13944517118160996]
200,8,1492,1,0.00841322507643096,4.292163065786492,True,False,[5],[0.14554029487991815]
200,10,3248,1,0.014255771054230787,2.896397265273396,True,False,[17],[0.142610754652174]
200,12,1525,2,0.010635011980035426,4.758750023957427,True,False,"[7, 15]","[0.15779903332303738, 0.24166375714696825]"
200,13,2195,1,0.010551900568963775,2.820407652264798,True,False,[12],[0.2545658438413569]
200,21,2990,1,0.009031692137494409,3.4964284490377446,True,False,[8],[0.10573999897563331]
200,22,2966,1,0.00835723530800749,3.696593984730807,True,False,[8],[0.14865491549158028]
200,23,132,2,0.0067378892632870965,3.3489595237979555,True,False,"[8, 15]","[0.15600312157024204, 0.1617928817772291]"
201,0,4752,1,0.018860829431331827,3.9748294839059675,True,False,[7],[0.13309402033875897]
201,8,1492,1,0.009498853328109217,4.291947051098133,True,False,[16],[0.14188633024041641]
201,10,3248,1,0.014160332233037315,2.852119102120821,True,False,[17],[0.12832638727834839]
201,12,1525,2,0.009945330560125877,4.783904120706309,True,False,"[8, 15]","[0.1839695562482271, 0.2968900300912895]"
201,13,2195,2,0.008209001535669391,2.8173842568504663,True,False,"[7, 12]","[0.15209230947502494, 0.2553038066039573]"
201,20,1233,1,0.008334600535364778,4.889292727253051,True,False,[5],[0.12663350954599245]
201,21,2990,2,0.00552824942549816,3.538745674327212,True,False,"[7, 8]","[0.1409440942651928, 0.11837784812123082]"
201,22,2966,1,0.009558705353324006,3.695165957446176,True,False,[7],[0.20068810343931137]
201,23,132,2,0.006968787296979277,3.3459696667796712,True,False,"[12, 15]","[0.13403366027656705, 0.16960215473609241]"
202,9,1492,1,0.011615138492895503,4.28655795308526,True,False,[8],[0.16316016175864834]
202,12,2752,1,0.009200377458821794,3.587309976354287,True,False,[8],[0.16150337924753086]
202,13,1525,1,0.009219409229618444,4.877305913605957,True,False,[7],[0.14702428450530255]
202,14,2195,2,0.008565675456347795,2.806096601243036,True,False,"[12, 16]","[0.19845342698391155, 0.2399427253405161]"
202,20,1233,1,0.009675840004584163,4.949367044858261,True,False,[5],[0.14519719770591127]
202,21,2990,1,0.007754054914669807,3.588407366219037,True,False,[7],[0.1478901779644243]
202,22,2966,1,0.00916861069581657,3.694003993257151,True,False,[7],[0.1846103094153508]
202,23,132,1,0.009684880696289176,3.371697602318209,True,False,[8],[0.17612391045963624]
203,13,1525,2,0.01068524929487592,4.912720781388469,True,False,"[7, 11]","[0.19181521400213727, 0.15923529009191809]"
203,14,2195,1,0.007589085089871384,2.8717269601166686,True,False,[8],[0.13315987951822367]
203,20,1233,1,0.008648694406924963,5.022129776254442,True,False,[8],[0.14858658163184332]
203,23,132,1,0.01084905053087829,3.3683214898924785,True,False,[12],[0.16140423084165317]
204,9,1492,2,0.0066747644278622,4.29282626521081,True,False,"[12, 16]","[0.1262941525500202, 0.11720798862635351]"
204,13,1525,3,0.010129433540834358,4.94902201350539,True,False,"[7, 8, 16]","[0.2321954868438661, 0.2132866015470929, 0.2622802773320789]"
204,14,2195,1,0.006945436826615626,2.890370235154589,True,False,[7],[0.11445915230675568]
204,20,1233,2,0.006213679152075603,5.034470762310814,True,False,"[7, 12]","[0.14643709367321422, 0.20725187194678676]"
204,21,2990,2,0.006000358499665231,3.6108937687209965,True,False,"[7, 15]","[0.14454403820852682, 0.2186871143602278]"
204,22,2966,1,0.009007564786762476,3.692460370656395,True,False,[7],[0.17260785461262854]
204,23,132,2,0.006205002555578708,3.3750424332214934,True,False,"[8, 15]","[0.15949080838904747, 0.153823923606934]"
205,8,4588,1,0.009022733107103673,3.289175322396275,True,False,[15],[0.111701915624651]
205,9,1492,2,0.009665891275508794,4.289592508073723,True,False,"[7, 11]","[0.17226892963778132, 0.10731693413746521]"
205,13,1525,1,0.011439193919913625,5.017933652374862,True,False,[7],[0.22919453623951713]
205,14,2195,2,0.0049532203372713865,2.92936142624048,True,False,"[7, 8]","[0.11867299372307313, 0.12135998429305235]"
205,21,2990,1,0.008040638265698013,3.6350422775138123,True,False,[8],[0.11134982832556986]
206,0,4752,1,0.006973418099521313,4.043850791587375,True,False,[8],[0.07989403961591113]
206,8,4588,1,0.008939747812334527,3.3068728328391854,True,False,[15],[0.09876895284014837]
206,13,1525,1,0.012454739447712564,5.053099625717999,True,False,[8],[0.22024121576100203]
206,14,2195,2,0.005784735280982903,2.96234814417408,True,False,"[8, 15]","[0.12382948822409046, 0.23522907748578548]"
206,21,2990,1,0.006962018913267245,3.6798819310868667,True,False,[7],[0.13714542729246673]
206,23,132,1,0.009834392893779643,3.3881305189499638,True,False,[8],[0.17068057225013486]
207,8,4588,1,0.008747808599642285,3.326762346568578,True,False,[15],[0.08781612372097385]
207,13,1525,2,0.008266106577691505,5.101498036977793,True,False,"[8, 12]","[0.20489716672306327, 0.24102615152912338]"
207,20,2990,2,0.006313826439153513,3.7128617306382474,True,False,"[7, 8]","[0.1397116226703787, 0.1316883984822451]"
207,22,132,1,0.008712412287582131,3.402698956293696,True,False,[15],[0.2758763083981451]
208,8,4588,1,0.008815272946486423,3.3487282749709646,True,False,[15],[0.07885452580792895]
208,9,1492,1,0.009480776148140403,4.348675289012805,True,False,[7],[0.16264205936967713]
208,11,3248,1,0.012557439542284375,2.832737968697099,True,False,[17],[0.17583629239874193]
208,13,1525,1,0.012788427898795297,5.143307348710837,True,False,[7],[0.29223386722044203]
208,14,2195,2,0.006519448295449202,2.996030103137907,True,False,"[8, 15]","[0.1354878784470658, 0.22334947096177277]"
208,21,2990,1,0.009415035728110826,3.7136295388852316,True,False,[15],[0.22945094271401265]
208,22,2966,1,0.008670990499340853,3.7114852458673857,True,False,[8],[0.13941728774834825]
208,23,132,1,0.008516385582273724,3.4150135924438776,True,False,[8],[0.14447039653711408]
209,12,1525,1,0.009362035963728008,5.142578120440454,True,False,[12],[0.2258964504138049]
209,13,2195,1,0.008314226586452199,3.0327633329929786,True,False,[5],[0.14798681914959352]
209,21,1492,1,0.009257402991454399,4.348121231495997,True,False,[16],[0.1342396326115197]
209,23,132,1,0.008598421915138632,3.4407687937492897,True,False,[7],[0.1031781983283708]
210,10,3248,1,0.013812350649837705,2.7893058462511955,True,False,[17],[0.11777951138415829]
210,13,1525,1,0.012259836628537715,5.144666634049599,True,False,[11],[0.21302274225046972]
210,14,2195,2,0.005111196089365628,3.0672439903420754,True,False,"[7, 8]","[0.11256294841300889, 0.13187043460362108]"
210,21,1492,1,0.007247016218093818,4.4214350108091525,True,False,[7],[0.13549965698865654]
210,23,132,1,0.008249391826314786,3.4402014004436006,True,False,[15],[0.16989251719891124]
211,9,3248,1,0.013596864589776414,2.784677675765,True,False,[17],[0.08219404963449023]
211,11,5026,2,0.10417735702180679,3.214490333779215,True,False,"[12, 17]","[0.18278514733940346, 0.15831848194983383]"
211,12,1525,1,0.009290710341282317,5.2208182407561985,True,False,[7],[0.16081268681522254]
211,19,4588,1,0.009385868653456128,3.4118958088143505,True,False,[15],[0.16721744441892117]
211,21,2966,1,0.008210561442241129,3.7167334089728628,True,False,[7],[0.13386529398940433]
212,11,5026,1,0.013529289077159992,3.170107138972282,True,False,[17],[0.14250288791109963]
212,12,1525,2,0.00709034631429769,5.282685984335745,True,False,"[7, 8]","[0.13668366106552587, 0.1484483474670023]"
212,13,2195,1,0.009519779584552695,3.07474468050511,True,False,[12],[0.2271754005301813]
212,20,1492,1,0.007284608610804753,4.512310692997876,True,False,[7],[0.1304768249719561]
213,12,5026,1,0.013209501886072748,3.1149709549826055,True,False,[17],[0.13902064227741068]
213,13,1525,2,0.0073501014519758365,5.3371012318448,True,False,"[7, 12]","[0.2450564462990919, 0.2354388577218365]"
213,22,2966,1,0.00834856443728773,3.716823016517538,True,False,[7],[0.1582298081941352]
213,23,132,3,0.0063296952955774356,3.4422651350773292,True,False,"[8, 12, 15]","[0.12227140367367204, 0.20371249342005254, 0.2027852887260132]"
214,11,2752,1,0.006683854407216089,3.667713815610138,True,False,[8],[0.14002507133275816]
214,12,5026,1,0.008767054807492401,3.1188955128619877,True,False,[12],[0.2014431531009066]
214,13,1525,2,0.008326365198057793,5.375539175857995,True,False,"[7, 15]","[0.23362822861579471, 0.20856081348863198]"
214,14,2195,2,0.00666844429178295,3.0693229917272484,True,False,"[7, 12]","[0.11507150378321263, 0.18990334523440777]"
214,22,2966,1,0.008449005236245997,3.806844086886236,True,False,[5],[0.17422653816785472]
214,23,132,2,0.0054471508011901815,3.4609086577378707,True,False,"[7, 15]","[0.08757273283523098, 0.18338614677879214]"
215,12,5026,1,0.013075038224919405,3.0672010515727948,True,False,[17],[0.12395316715739652]
215,13,1525,1,0.009797563540466458,5.488310747287912,True,False,[5],[0.14826685127398836]
215,20,4588,1,0.008401474300577198,3.4365608559080703,True,False,[15],[0.2147511836879356]
215,23,132,1,0.007362174394573486,3.540671429157624,True,False,[5],[0.1663917513835082]
216,10,3248,1,0.01358933052109688,2.7438937195853788,True,False,[17],[0.10887123292365616]
216,13,1525,1,0.008756412800616311,5.5647195854973415,True,False,[7],[0.2425373877703413]
216,14,2195,2,0.005251053349567948,3.1030396931120956,True,False,"[7, 8]","[0.11624376820458966, 0.12629214910489864]"
216,21,1492,1,0.010405253026402309,4.591222864867243,True,False,[5],[0.16166036988133614]
216,22,2966,1,0.00883473630297021,3.823360612302185,True,False,[8],[0.13464988880410042]
216,23,132,1,0.007568454098661998,3.5847619252769576,True,False,[7],[0.10430058003949158]
217,8,4996,1,0.08471223695036884,3.3876905051414217,True,False,[15],[0.07191086833428471]
217,14,2195,1,0.01155166404675817,3.0861176042369967,True,False,[12],[0.1954760521218622]
217,21,1492,1,0.010475921273643291,4.6763039006149505,True,False,[5],[0.14877142602351007]
217,22,2966,1,0.008668509138623449,3.8495585035153277,True,False,[8],[0.12763724777025853]
217,23,132,1,0.007330028971099293,3.665529247908276,True,False,[5],[0.17398953953276047]
218,10,3248,1,0.01343998014031082,2.7068815444363286,True,False,[17],[0.10107127357108621]
218,13,1525,1,0.014044220443586034,5.5402538328280055,True,False,[16],[0.3219395732375736]
218,14,2195,3,0.0050535211148110635,3.102776025401111,True,False,"[7, 8, 16]","[0.13121329895776232, 0.11917118260353718, 0.2296539293241421]"
219,9,1525,2,0.00874523297740133,5.528979082654452,True,False,"[8, 11]","[0.18613834571594945, 0.15560605547117465]"
219,10,2195,1,0.0069828369760359795,3.1752518343804104,True,False,[8],[0.12989317428253705]
219,18,2966,1,0.0066984900021630905,3.880057499013436,True,False,[7],[0.15920249321202443]
219,19,132,2,0.005175516017155634,3.6920424846632662,True,False,"[8, 15]","[0.1271708377873795, 0.16030268883430113]"
220,8,5026,1,0.011698906530523414,3.039507774488283,True,False,[17],[0.05328092142710573]
220,9,1525,2,0.008283258466880898,5.551003003110836,True,False,"[7, 8]","[0.17543443798742733, 0.1890020097206799]"
220,16,4588,1,0.01223842753902129,3.4462626796280444,True,False,[15],[0.19288166210663787]
220,21,5272,1,0.07276688136166494,3.7820221576463124,True,False,[15],[0.2015566998102163]
221,17,1492,1,0.009491083362225832,4.778841231212875,True,False,[5],[0.14851878685873313]
221,19,132,3,0.005370420383503002,3.734864760371122,True,False,"[7, 8, 15]","[0.14774030705570537, 0.12649152846776301, 0.15726850033277703]"
221,20,1525,2,0.00821531782452181,5.560603576461113,True,False,"[8, 12]","[0.15304286345856208, 0.25639522625915556]"
221,23,5286,1,0.060285365075903735,2.866076248967926,True,False,[17],[0.20621932794897202]
222,20,132,2,0.005848192497265501,3.7562886378338294,True,False,"[7, 15]","[0.1339822817510579, 0.20990876425901497]"
222,22,1525,1,0.013222885508632444,5.546383722558125,True,False,[8],[0.1921070533775571]
223,0,5312,1,0.0480211412583251,3.331379713359461,True,False,[17],[0.04206680890813561]
223,19,132,2,0.006434380332633586,3.785688945458502,True,False,"[8, 15]","[0.1397408340601088, 0.16449994078745458]"
223,21,1525,1,0.008684177390959119,5.571427373509781,True,False,[8],[0.11285597078961788]
224,9,5026,1,0.013585857306157365,3.036658332868547,True,False,[17],[0.0749697974036108]
224,18,4996,1,0.009402414080718931,3.4138155876233323,True,False,[15],[0.15473445922465387]
224,19,132,2,0.00726150246818628,3.7982135575373146,True,False,"[8, 15]","[0.1449820346101802, 0.17252972139944034]"
224,20,3248,1,0.011561844643825576,2.6850564628924234,True,False,[17],[0.13292076146557816]
224,21,1525,1,0.009333466368628529,5.603687728183973,True,False,[8],[0.1434336163573248]
225,10,5026,1,0.01400501674549871,2.973469825439217,True,False,[17],[0.09263615193038063]
225,20,132,1,0.009186751812101912,3.836478991115632,True,False,[8],[0.14911115780115963]
225,22,1525,2,0.007249872982712115,5.650606178040837,True,False,"[7, 8]","[0.1299149202349227, 0.17976105594476677]"
226,6,5333,1,0.074432326634164,3.9355397951683067,True,False,[15],[0.1804673218738282]
226,21,132,1,0.007132165526114656,3.8797400146019925,True,False,[8],[0.1363560234375747]
226,23,1525,4,0.008586629821100832,5.686632949630288,True,False,"[7, 8, 11, 15]","[0.14175816000569713, 0.16504467570994577, 0.1606725810428082, 0.23218163460815536]"
227,6,5333,1,0.009432548860683319,3.946362508795067,True,False,[15],[0.15827896865097535]
227,22,132,2,0.005014975464834882,3.9064323944806993,True,False,"[7, 15]","[0.12665115906642693, 0.23723317943704986]"
228,0,5312,1,0.011315029297103528,3.2875519663841013,True,False,[17],[0.0391601807502669]
228,20,132,1,0.006362635835314974,3.9094765249631527,True,False,[15],[0.19081330757326492]
229,6,5333,1,0.009358340225032706,3.9582293987335992,True,False,[15],[0.13975417767278075]
229,22,5439,1,0.01406189013870806,3.238461153071261,True,False,[15],[0.21125042111722145]
230,0,5312,1,0.01083092932400927,3.245661989470232,True,False,[17],[0.03584072826547835]
230,12,5026,1,0.009867576530230699,2.97528822225293,True,False,[8],[0.13381370960067554]
230,21,132,2,0.005925633677091401,3.9193571471553974,True,False,"[8, 15]","[0.15489422838894748, 0.19839256535310637]"
231,0,5312,1,0.010662799223860521,3.202214324548371,True,False,[17],[0.03245631084171466]
231,12,5282,1,0.138692648814848,4.077586068092976,True,False,[12],[0.18440145326206103]
231,13,5527,1,0.08190165047439547,4.457192457323026,True,False,[15],[0.18304236047144576]
231,21,132,2,0.00615907205990562,3.9267324940711434,True,False,"[8, 15]","[0.16165480340428492, 0.18290621128897247]"
232,14,5527,1,0.009121870666866394,4.4970337308607515,True,False,[15],[0.19652244692106322]
232,22,132,1,0.0077887847485896364,4.002595544737925,True,False,[5],[0.1827032620044384]
233,0,5312,1,0.010749699318918091,3.16988655338662,True,False,[17],[0.030368981940827242]
233,1,5555,1,0.10061418785945385,4.278308934593167,True,False,[15],[0.2931332254810018]
233,22,132,1,0.007942178026089982,4.028809163877413,True,False,[15],[0.20887216456052937]
234,22,132,1,0.006487197314751137,4.063028719565915,True,False,[7],[0.12564627224391106]
235,0,5312,1,0.010697907783032345,3.1316778382706008,True,False,[17],[0.03160128710811408]
236,0,5312,1,0.010847956293472027,3.0889595961048952,True,False,[17],[0.028903334794952492]
236,8,5333,1,0.008959922154418988,3.972065267279872,True,False,[15],[0.06457687861969963]
237,0,5312,1,0.010253748355260375,3.0491837500912977,True,False,[17],[0.027439708340629244]
237,13,5527,1,0.008751659315970294,4.526572420975795,True,False,[15],[0.1609442766516349]
238,6,5333,1,0.00919794291928802,3.985604067274764,True,False,[15],[0.12365999943531049]
239,23,5697,1,0.024629942366028633,4.446682660727071,True,False,[15],[0.20523415363121178]
240,13,5754,1,0.06326080325990707,3.4807523363211508,True,False,[15],[0.14275204942169784]
241,5,5774,1,0.060188157429694224,4.765306998806485,True,False,[15],[0.1941287048492843]
242,0,5312,1,0.010108113272149517,3.011449326452332,True,False,[17],[0.026634505983889684]
242,9,5712,1,0.05068848285155496,3.277908306417961,True,False,[17],[0.06796031621454089]
243,0,5312,1,0.01020980263927878,2.977311821885817,True,False,[17],[0.025234052802435722]
243,5,5774,1,0.009599539521993562,4.765759479317652,True,False,[15],[0.1705168576515382]
244,3,5764,1,0.0916203095410905,4.2669529265654464,True,False,[15],[0.1498634598912289]
244,12,5816,1,0.04553289255561951,4.827626960632003,True,False,[15],[0.2613866451788045]
244,14,5750,1,0.0759238775434613,4.153102167559983,True,False,[15],[0.17316778364461433]
245,20,5856,1,0.06695548836930117,3.2052051858017783,True,False,[17],[0.11955668753465597]
246,20,5856,1,0.011248242950025193,3.1839945080725434,True,False,[17],[0.10645162449325418]
247,1,5312,1,0.012549349026029987,2.9844117153818526,True,False,[17],[0.0037541517754363014]
247,5,5774,1,0.009486513191768527,4.7671294954636965,True,False,[15],[0.14922222672309857]
247,8,5768,1,0.051176801970348365,4.677393788699686,True,False,[8],[0.06608165483210442]
248,0,5712,1,0.010491805640046521,3.245120825957878,True,False,[17],[0.02665718874353027]
248,11,5312,1,0.011788484654038634,2.947416563816617,True,False,[17],[0.1265728942288272]
248,23,5942,1,0.051521789999843595,5.163079798946859,True,False,[15],[0.1794876589962956]
249,21,5312,1,0.012591413369606707,2.9113195060699124,True,False,[17],[0.1533114836102715]
250,6,5999,1,0.017200306191754704,5.220765076749242,True,False,[15],[0.10922310400938763]
251,3,5774,1,0.008109562168793893,4.763015854098983,True,False,[15],[0.13159607530585218]
251,21,5908,1,0.062027215485913965,5.123733647657338,True,False,[15],[0.16033639169899577]
253,6,5999,1,0.008614476851297856,5.249414765718023,True,False,[15],[0.09648687652695989]
253,8,5768,1,0.010153386569294919,4.660431354843415,True,False,[8],[0.06446083567817852]
253,14,6059,1,0.058419568305112246,5.185643016700983,True,False,[15],[0.15273591253850521]
254,1,5764,1,0.008111582078768456,4.2897180835311035,True,False,[15],[0.25751903640369544]
254,5,5999,1,0.00894938092882172,5.256542887199892,True,False,[15],[0.13270784796399462]
256,4,5999,1,0.007428550753189974,5.288697272767523,True,False,[15],[0.11615404577244973]
258,18,6153,1,0.08133526262922754,4.390483101289381,True,False,[15],[0.135032308755044]
259,20,6153,1,0.00800393511957884,4.402008773020224,True,False,[15],[0.1674525246094122]
260,7,5999,1,0.007515086112944014,5.323117705384911,True,False,[15],[0.13093557306886677]
261,0,5712,1,0.010230908501236188,3.20986428435576,True,False,[17],[0.025558748415046906]
261,1,6240,1,0.030948681912635362,3.5166993463500003,True,False,[17],[0.004900379489736816]
261,14,5764,1,0.008782142438166463,4.326598860438114,True,False,[15],[0.13479543475450098]
262,10,6120,1,0.06607067349125575,3.7494398231166564,True,False,[17],[0.08225326616870342]
263,1,6240,1,0.011493851037534976,3.5423038592059144,True,False,[17],[0.0063029669113678875]
263,12,6120,1,0.011020316373537667,3.7183344938388485,True,False,[17],[0.11053946437071452]
263,22,5999,1,0.008520421311164176,5.337767597226543,True,False,[15],[0.18365396970042105]
264,22,5999,1,0.008477640878346857,5.354321463648083,True,False,[15],[0.16146546637224454]
266,22,5999,1,0.00842322905579929,5.373351706411901,True,False,[15],[0.1416628827632872]
267,0,6120,1,0.009641439039719592,3.690632847580124,True,False,[17],[0.023346022776896232]
267,2,6240,1,0.010373853257155763,3.5706924028344673,True,False,[17],[0.0022229023485623774]
267,14,6385,1,0.030983567020698453,3.688333961735528,True,False,[17],[0.1407224160559844]
267,20,5999,1,0.0067342961572597615,5.422253451750455,True,False,[15],[0.1477123938913223]
268,14,6120,1,0.009991784665882615,3.6773817126702117,True,False,[17],[0.12423525635679372]
269,13,6240,1,0.010105530055030893,3.5472587407369494,True,False,[17],[0.1366997104241123]
269,19,5999,1,0.008252455561129007,5.528444833747224,True,False,[15],[0.15184979342305913]
269,21,6385,1,0.0100389851641573,3.734146831130446,True,False,[12],[0.20929237081574883]
270,11,6120,1,0.01114668754515248,3.6385669337581033,True,False,[17],[0.11174376454206084]
271,22,5999,1,0.008181868271075697,5.5575161386016285,True,False,[15],[0.1239908873474464]
274,9,6120,1,0.011096415371489962,3.669777857962762,True,False,[17],[0.059417782183127245]
274,11,6240,1,0.011544699521222347,3.5020957892630737,True,False,[17],[0.09893287390702293]
275,5,5999,1,0.00836406741517142,5.586497709451766,True,False,[15],[0.11633342173929516]
276,6,5999,1,0.007997013104257955,5.649219456404004,True,False,[15],[0.08430402717345745]
277,9,6120,1,0.01100759103304618,3.7075574477565696,True,False,[17],[0.0529942212975439]
278,7,5999,1,0.006686284396843098,5.717383977820198,True,False,[15],[0.11559527747025132]
278,22,6240,1,0.011061106701818263,3.47912193464107,True,False,[17],[0.21757286596678935]
279,22,6240,1,0.010933440125546185,3.457538815844025,True,False,[17],[0.19131381020562346]
280,0,6669,1,0.036126371358478106,3.8140252837880313,True,False,[17],[0.02330781421726561]
281,0,6669,1,0.009547677339980049,3.781023419880246,True,False,[17],[0.02121304626679474]
281,16,6520,1,0.015119261933692764,5.793238414175437,True,False,[15],[0.17001475426854679]
281,19,6640,1,0.056310616736896864,5.977747280437654,True,False,[15],[0.13319854354132762]
281,23,6240,1,0.010532987655475301,3.4250959202841593,True,False,[17],[0.18151832540453128]
282,19,6640,1,0.008561579701220531,6.067659774410027,True,False,[15],[0.11621258610325808]
283,19,6640,1,0.008334972860723908,6.1614974978517845,True,False,[15],[0.10210366376582748]
284,11,6120,1,0.010766935436015606,3.6740575259983568,True,False,[17],[0.0872566499340669]
284,16,6520,1,0.01090064068016918,5.795865569491041,True,False,[15],[0.15379653317548939]
286,0,6669,1,0.010062748725579381,3.7387445728428625,True,False,[17],[0.019861657367324523]
287,2,6840,1,0.02229537884613471,3.745510398524169,True,False,[17],[0.002821963075892599]
287,12,6120,1,0.010203679555963473,3.6508536126137567,True,False,[17],[0.0978380333561114]
287,20,6640,1,0.006777309036498992,6.193333304566463,True,False,[15],[0.12967629816173454]
288,0,6669,1,0.009679718202616733,3.6993024830790953,True,False,[17],[0.018369455947601095]
288,21,6640,1,0.009531751298309063,6.17914920765769,True,False,[15],[0.14056134119234057]
289,0,6669,1,0.010099242700270707,3.6499851673126202,True,False,[17],[0.018037148168185933]
289,21,6640,1,0.009388844807074321,6.167410161552892,True,False,[15],[0.1226511372892134]
290,0,6669,1,0.01042666408281719,3.6046173181547143,True,False,[17],[0.019097709905681645]
290,21,6640,1,0.009301466791976746,6.157757660185613,True,False,[15],[0.10880556066073797]
292,0,6669,1,0.010196031462078136,3.5783517021867013,True,False,[17],[0.017761124385420185]
292,13,6973,1,0.06633465198101686,4.116757071969968,True,False,[17],[0.12017576738855801]
292,23,6120,1,0.009788261301930772,3.6366539375872424,True,False,[17],[0.1595951683196084]
293,0,6669,1,0.010212479285691006,3.551777192054328,True,False,[17],[0.016106525688829688]
293,9,5999,1,0.007350366484265443,5.7268053745797864,True,False,[15],[0.11853703618507025]
293,19,6640,1,0.007985072627848004,6.2601710897343015,True,False,[15],[0.09142813750016467]
294,2,6840,1,0.009236520253221386,3.7704181185205297,True,False,[17],[0.0043582258683229685]
294,13,6973,1,0.008810372899907205,4.178563736445015,True,False,[17],[0.10563337788479814]
295,12,6973,1,0.009477070297446846,4.192667646760116,True,False,[17],[0.08607775273293694]
296,12,6973,1,0.009317533142748193,4.210423544556882,True,False,[17],[0.07539649804624207]
297,12,6973,1,0.009155902866913214,4.231886395197227,True,False,[17],[0.06663839517621796]
297,16,6640,1,0.010418297110196395,6.271516846676897,True,False,[15],[0.13277831731125786]
298,16,6640,1,0.010387184771957526,6.283600766668972,True,False,[15],[0.11821062231535628]
299,12,6973,1,0.00897377449335092,4.258713292472974,True,False,[17],[0.059245748162787916]
299,14,6987,1,0.02315040351098151,3.634102791687994,True,False,[17],[0.11087521251391863]
299,18,6640,1,0.007728070473162197,6.356467719581302,True,False,[15],[0.11825943332152146]
300,0,6669,1,0.009851249282337162,3.5237685679666466,True,False,[17],[0.015146017318261772]
300,18,6640,1,0.007538426597202566,6.433710653315261,True,False,[15],[0.10297649917591058]
302,1,7237,1,0.06623556565351962,3.8196019717866068,True,False,[17],[0.0065353242892313415]
302,9,5999,1,0.007269498807843839,5.738695898127945,True,False,[15],[0.10427569960637884]
302,19,6640,1,0.007493733527484348,6.551292061858823,True,False,[15],[0.08025783506487401]
303,0,6669,1,0.010024653316821794,3.4916540211096985,True,False,[17],[0.01373448901007056]
303,17,7202,1,0.049928675455823905,3.8319296331520416,True,False,[17],[0.12409678216594869]
304,2,7237,1,0.009057732448950216,3.8781900676031236,True,False,[17],[0.005349111987986572]
304,3,6840,1,0.00965360472739127,3.7681340383210595,True,False,[17],[0.06999624207917012]
304,21,6640,1,0.008786098939341335,6.557053045560533,True,False,[15],[0.09524138151176331]
305,0,6669,1,0.010384214803404257,3.4507977910574414,True,False,[17],[0.012999937270376608]
305,1,7248,1,0.02048112433923696,3.754863161310902,True,False,[17],[0.006366511823087328]
305,18,7202,1,0.009964609711080872,3.8099118680190487,True,False,[17],[0.13418382390059694]
306,1,7248,1,0.010095897932904583,3.795991687186895,True,False,[17],[0.006505969755276348]
307,14,6669,1,0.008761907664153641,3.466464214907773,True,False,[17],[0.09786812748603455]
307,15,7248,1,0.009089300001356179,3.8047243118888225,True,False,[17],[0.11601771112169934]
310,14,6669,1,0.008636417284071664,3.486038482721122,True,False,[17],[0.08612319813587328]
311,0,7346,1,0.09728044026170371,4.867076994218179,True,False,[17],[0.013111107057888498]
311,10,6669,1,0.010453963212462291,3.4473902182730547,True,False,[17],[0.07285516100560313]
311,13,7385,1,0.0408633250304046,3.863167612120708,True,False,[17],[0.09351159008043065]
311,14,7202,1,0.008843647264361317,3.820993965678667,True,False,[17],[0.07622222747383608]
312,1,7237,1,0.009868416955012694,3.908198311148392,True,False,[17],[0.006816306363504128]
312,10,6669,1,0.010462647292196073,3.409321171646906,True,False,[17],[0.0656668464126097]
313,1,7237,1,0.010143161661248526,3.931199701428815,True,False,[17],[0.007158647477361484]
313,11,6669,1,0.009577955154184614,3.390071149706384,True,False,[17],[0.0769887972044277]
314,0,7346,1,0.010454942438375737,4.857202577490964,True,False,[17],[0.012880504540079118]
314,1,7237,1,0.010240047800530755,3.951039219704121,True,False,[17],[0.007490049837764722]
314,14,7385,1,0.008515260320434868,3.878129250254876,True,False,[17],[0.06778315180753064]
315,0,7346,1,0.009967332328047923,4.849564863772214,True,False,[17],[0.01157198083195216]
317,0,7346,1,0.010186712015737098,4.8353222395131255,True,False,[17],[0.011275185472027048]
317,12,7385,1,0.009313021072406434,3.8469785034824153,True,False,[17],[0.05342725991765303]
318,9,6669,1,0.009732765086813538,3.441847705161472,True,False,[17],[0.04717955793963377]
319,1,7237,1,0.010334405618544276,3.9409316383297117,True,False,[17],[0.009109640654969525]
320,0,7346,1,0.00947632110197666,4.843169851547639,True,False,[17],[0.010076519729932409]
320,1,7237,1,0.010251537721046065,3.9421709926224096,True,False,[17],[0.009199974012032684]
321,1,7237,1,0.01020334684057171,3.9418135383472417,True,False,[17],[0.009278225644011834]
321,14,7385,1,0.008247662265743964,3.867918608211103,True,False,[17],[0.06038830589262138]
321,15,6852,1,0.05943148486045871,3.5017865413816422,True,False,[17],[0.10339299174832509]
323,1,7237,1,0.009513077555482285,3.973414746240272,True,False,[17],[0.008037289842158818]
323,11,6669,1,0.009380623980559185,3.425622518887467,True,False,[17],[0.06821620741626963]
323,12,7393,1,0.04604242837842165,3.8246148058361684,True,False,[17],[0.0490593526726026]
325,0,7346,1,0.009456941060790997,4.852190542557326,True,False,[17],[0.00944939071538709]
325,1,7237,1,0.00921004911391666,4.005306588109282,True,False,[17],[0.00806988362136438]
326,13,6669,1,0.008015478547101284,3.455896876586788,True,False,[17],[0.08206663296940477]
327,1,7237,1,0.009056733692226966,4.031712153178607,True,False,[17],[0.007923306592417327]
327,13,6669,1,0.007903068618592171,3.4891903289245665,True,False,[17],[0.07285508261648016]
328,14,7393,1,0.008346201345800417,3.848197333650091,True,False,[17],[0.054798703541449785]
329,13,6669,1,0.007775934137111373,3.5272529615287285,True,False,[17],[0.0640905934057194]
331,0,7896,1,0.04765322272751911,4.885441944320536,True,False,[17],[0.009795186352039076]
331,1,7346,1,0.00928071568700852,4.888233391629373,True,False,[17],[0.007545088700855512]
331,2,7237,1,0.007715555660435884,4.05996650601028,True,False,[17],[0.006246365027181676]
332,1,7346,1,0.00945177590192954,4.919161764878797,True,False,[17],[0.007105854840832935]
333,10,6669,1,0.00960713223993029,3.511390218717345,True,False,[17],[0.05809679096421694]
334,10,6669,1,0.009456276293069889,3.5020386034931645,True,False,[17],[0.052693040793824975]
335,2,7237,1,0.008044665020683074,4.067642742842598,True,False,[17],[0.006309938531500836]
336,1,7346,1,0.009053086842323137,4.965564425563518,True,False,[17],[0.006809945223656867]
339,1,7346,1,0.009170904940305046,5.006017346734145,True,False,[17],[0.007182879553298031]
340,1,7346,1,0.008765748861768513,5.058156866164633,True,False,[17],[0.006334326099792641]
341,0,7896,1,0.010057453431213441,4.869771336479935,True,False,[17],[0.01048719361053854]
341,1,7346,1,0.008785264475428501,5.105456023742423,True,False,[17],[0.006181183883489311]
342,1,7346,1,0.008502334852904395,5.132672733568279,True,False,[17],[0.006026206331906707]
343,2,7237,1,0.008122138376429486,4.07203179392416,True,False,[17],[0.006461205589921016]
347,2,7346,1,0.007638643620943136,5.160619806615342,True,False,[17],[0.006138588756280404]
347,13,8270,1,0.08779445334960964,4.961671173935694,True,False,[17],[0.056810147138477866]
348,2,7346,1,0.007755892456837379,5.192093093087992,True,False,[17],[0.005790129123676232]
349,0,7896,1,0.010111456884069874,4.851576705745383,True,False,[17],[0.010441067063634424]
349,13,8270,1,0.008401389384916929,5.039149133818948,True,False,[12],[0.20703590190221025]
352,2,7346,1,0.008150457081768798,5.205294340698724,True,False,[17],[0.005448040111962885]
357,17,8270,1,0.010903692590340755,4.999573488117132,True,False,[12],[0.16985650030224425]
361,0,8546,1,0.035292989997224716,5.510135502756929,True,False,[12],[0.21530358134973626]
361,1,8510,2,0.047739155068665336,5.5339095574597845,True,False,"[12, 17]","[0.31837038787891075, 0.006210250610092805]"
361,18,8270,1,0.007769121538424236,5.042782826166966,True,False,[12],[0.12681846369918295]
363,1,8510,1,0.007975118384763112,5.5341358293575675,True,False,[17],[0.006056107787643382]
364,1,8510,2,0.0058191928785484535,5.546123977169586,True,False,"[12, 17]","[0.27961708784104744, 0.006238293990807524]"
365,3,7346,1,0.008768439968559315,5.20902892399171,True,False,[17],[0.06184977427556116]
366,0,8753,1,0.06066050539483245,5.2839493138653335,True,False,[12],[0.18913737168338485]
366,1,8546,1,0.008032934088411848,5.4964416914957726,True,False,[17],[0.006158283558694355]
367,0,8753,1,0.008222230790256139,5.287836006887033,True,False,[12],[0.1662157437177266]
367,2,8788,1,0.060550515907390585,5.2894260265868045,True,False,[12],[0.13439039708322695]
367,5,8789,1,0.037351463825815945,6.046775782221747,True,False,[17],[0.0012479465051713204]
368,2,8788,1,0.010544836053332137,5.2613562981211945,True,False,[12],[0.11876517399649184]
368,5,8789,1,0.010436526663446091,6.047291971264462,True,False,[17],[0.0013554948618921682]
369,2,8788,1,0.01043648148772099,5.236164402300434,True,False,[12],[0.10430149158017728]
370,2,8788,1,0.01032777943433992,5.213805587146683,True,False,[12],[0.09168818266650089]
370,5,8789,1,0.010099802919670968,6.054506199690403,True,False,[17],[0.001442453825257188]
371,0,8753,1,0.008141783839352728,5.294288685457398,True,False,[12],[0.14621360068862774]
372,2,8788,1,0.010122081953621336,5.196910066750962,True,False,[12],[0.08080039131387184]
373,0,8753,1,0.008014481347996769,5.3044439339013065,True,False,[12],[0.1286352571077885]
374,2,8788,1,0.009975436604816933,5.184023311213776,True,False,[12],[0.07145380772778281]
374,5,8789,1,0.010096607948685306,6.06491741457962,True,False,[17],[0.002104589208220892]
375,2,8788,1,0.010053101669435587,5.167261342876895,True,False,[12],[0.06351600949587675]
376,2,8788,1,0.010013838840259498,5.152192121766683,True,False,[12],[0.057040689714050734]
376,5,8789,1,0.009188498316694419,6.063478931144946,True,False,[17],[0.0018483758123608687]
377,2,8788,1,0.010041593615149565,5.136852582205589,True,False,[12],[0.050425142299450526]
377,17,8993,1,0.10616311107640687,5.61631692900017,True,False,[17],[0.10923064365647]
378,2,8788,1,0.009968244305788026,5.125108396192946,True,False,[12],[0.044270791276662384]
378,5,8789,1,0.009486836654429566,6.044219683980322,True,False,[17],[0.0019147358195638472]
378,18,9042,1,0.09392813011559117,6.2069979840999014,True,False,[17],[0.11818866174161377]
379,2,8788,1,0.009960826858074923,5.111595867650004,True,False,[12],[0.039955494892891956]
380,5,8789,1,0.008325285180185115,6.056713377283202,True,False,[17],[0.0022095776970970905]
382,5,8789,1,0.009028663396083087,6.038438715839498,True,False,[17],[0.0026315809135339673]
383,2,8788,1,0.010157349588038487,5.0934683988155705,True,False,[12],[0.03585359227025869]
384,5,8789,1,0.010852323670683155,5.978341481362091,True,False,[17],[0.003609852104992287]
384,18,9042,1,0.013309710002007901,6.165268749879544,True,False,[17],[0.10354120363532372]
385,18,9042,1,0.013170995393506713,6.124715966832477,True,False,[17],[0.0914606646728648]
386,1,8546,1,0.007683231755311483,5.544817515182966,True,False,[12],[0.24548053296865546]
387,2,8788,1,0.010215581967888153,5.075644389550948,True,False,[12],[0.032396537668770556]
387,5,8789,1,0.009429371154574418,5.951882672393266,True,False,[17],[0.0031099531649224498]
389,5,9269,1,0.04584058706542458,6.087922170372559,True,False,[17],[0.0030965757870291388]
389,18,9307,1,0.07919138864770625,6.966368979078694,True,False,[17],[0.08036145149114857]
390,6,9269,1,0.010074025477767225,6.086420992648624,True,False,[17],[0.0008360285654674228]
390,18,9307,1,0.013140812957736838,6.933853075664479,True,False,[17],[0.07065470574668652]
393,5,8789,1,0.008448124952594466,5.956148432036828,True,False,[17],[0.002860414383076561]
393,6,9269,1,0.01026797437379486,6.083484235079826,True,False,[17],[0.0012061525765306193]
393,9,9416,1,0.11935241401010079,5.239442168527761,True,False,[17],[0.04146868608134169]
394,5,8789,1,0.008826100052143815,5.945249148903,True,False,[17],[0.0033559467789250888]
394,19,9307,1,0.01654713240476918,6.80043446383109,True,False,[17],[0.09914368441141508]
395,5,8789,1,0.007722632651167196,5.967033720412517,True,False,[17],[0.002938641383623543]
396,5,8789,1,0.008858402989878243,5.94631504951172,True,False,[17],[0.003330795359638806]
396,6,9269,1,0.009679276353654714,6.079728923921034,True,False,[17],[0.0015997528031715792]
397,9,9416,1,0.009240416970875605,5.2938933796337375,True,False,[17],[0.036430982356882545]
398,5,8789,1,0.008086478490484158,5.943658597843064,True,False,[17],[0.0028732206817873775]
398,9,9416,1,0.009113104336608833,5.3550939616371664,True,False,[17],[0.03208366537371437]
398,10,9513,1,0.1041729814514518,5.84137339323639,True,False,[17],[0.04642291494208884]
401,5,8789,1,0.007653030165508184,5.956746207614306,True,False,[17],[0.003103416302108885]
403,11,9586,1,0.12269558758452552,6.851763143755847,True,False,[17],[0.0597906945983439]
403,18,9307,1,0.012877831162016786,6.7706830960015,True,False,[17],[0.062320062670900685]
405,5,8789,1,0.007218630697637478,5.98333890308568,True,False,[17],[0.0027686254922540125]
405,9,9586,1,0.00939543647557607,6.867734520142403,True,False,[17],[0.028118515981608732]
406,5,8789,1,0.007361456529644617,6.005567962988079,True,False,[17],[0.0028079585794790543]
406,9,9586,1,0.00927625886225103,6.8858186737233815,True,False,[17],[0.02473823190738464]
406,17,9307,1,0.01327664043899424,6.750216559327526,True,False,[17],[0.09616545160491985]
407,9,9586,1,0.009178737385349694,6.908699179281706,True,False,[17],[0.021760684414795856]
410,6,8789,1,0.009303102924020704,6.0061564832662615,True,False,[17],[0.0017132021257297441]
410,16,9307,1,0.01105234589136411,6.759962442047097,True,False,[17],[0.1297305528311335]
411,6,8789,1,0.009408904935399011,6.010447025055394,True,False,[17],[0.0015603311524256367]
412,17,9307,1,0.013092965941172232,6.74017712967309,True,False,[17],[0.08464738129160923]
414,17,9307,1,0.013036782388251138,6.723660975257894,True,False,[17],[0.07495544101572454]
420,17,9307,1,0.01291566118842598,6.710842674960108,True,False,[17],[0.0660533765981964]
421,17,9307,1,0.012766485168683719,6.700725795026339,True,False,[17],[0.05810088130480963]
422,6,9919,1,0.07587487498448388,6.940137760597853,True,False,[17],[0.0015807850462370926]
423,5,9919,1,0.007750763565593529,6.950334382894061,True,False,[17],[0.002614192850503047]
424,6,9919,1,0.008589518127229943,6.949901964251521,True,False,[17],[0.001360533064150761]
425,6,9919,1,0.008662341301838189,6.95008404566431,True,False,[17],[0.00131358164057426]
426,0,10128,1,0.08242384324624026,9.218478645820188,True,False,[12],[0.112577704504352]
426,6,9919,1,0.008776891459465438,6.950327340784912,True,False,[17],[0.0012075639450890051]
428,0,10128,1,0.009352236631300876,9.197307364632099,True,False,[12],[0.09860408949008392]
428,7,9943,1,0.02580141476168903,6.0798837422569685,True,False,[17],[0.0491379687709414]
430,0,10128,1,0.009304740796164439,9.178638653541446,True,False,[12],[0.08641021248815889]
430,6,10254,1,0.0967135073226703,8.666760386944121,True,False,[17],[0.0011864947382022534]
431,0,10128,1,0.009243804815589106,9.161623373376196,True,False,[12],[0.07575097663327335]
433,0,10128,1,0.009194984879151477,9.14738510811007,True,False,[12],[0.06648457893191474]
436,0,10128,1,0.009153674596780516,9.136276367735853,True,False,[12],[0.058266067144816476]
441,8,10568,1,0.021556494029077194,5.875660635075249,True,False,[17],[0.04664063117259201]
442,8,10568,1,0.006100618874342574,5.9515218749478205,True,False,[17],[0.040836728394402395]
443,0,10128,1,0.009083074796113371,9.129375015517663,True,False,[12],[0.05102289942345998]
444,0,10128,1,0.009017610534469998,9.126497236236174,True,False,[12],[0.04474249506504739]
446,8,10568,1,0.006024166632615531,6.03292866561905,True,False,[17],[0.03577950886749321]
447,8,10568,1,0.005939727642425327,6.119601539018493,True,False,[17],[0.03132687270457789]
449,8,10568,1,0.005858690983436276,6.211702170395212,True,False,[17],[0.027503478721724314]
450,0,10128,1,0.008958615189554243,9.129458105146394,True,False,[12],[0.03927689961475532]
450,9,10568,1,0.00629785151570094,6.328512150631585,True,False,[17],[0.01912975108822328]
451,1,10752,1,0.043330736180188796,9.19765176508387,True,False,[12],[0.2150461253559743]
452,0,10128,1,0.008918139752213622,9.139224678375468,True,False,[12],[0.03448706025827345]
453,8,10568,1,0.0057125008297006655,6.430794066524221,True,False,[17],[0.024192964725823923]
455,7,10568,1,0.0058867991264228816,6.488346116238924,True,False,[17],[0.04306594994384892]
456,0,10128,1,0.008812991201393755,9.156919874552417,True,False,[12],[0.030314424283179743]
459,7,10568,1,0.005808448612392303,6.550137303054517,True,False,[17],[0.03775219322293441]
460,0,10128,1,0.008758246603803106,9.184385913616188,True,False,[12],[0.026608637656798318]
463,0,10128,1,0.00867445204604041,9.222406166668222,True,False,[12],[0.02351405878507721]
472,8,10568,1,0.0055019987521752875,6.666379017844228,True,False,[17],[0.021204393497971902]
473,8,10568,1,0.005429500163219765,6.787994690416555,True,False,[17],[0.018585926180295323]
476,0,11232,1,0.040243637610020894,10.565123568065996,True,False,[12],[0.020625998857699484]
478,7,11432,1,0.022394450600281172,6.535246536306465,True,False,[17],[0.03304822585219644]
482,0,11232,1,0.008653796204466598,10.636434880602279,True,False,[12],[0.018140197212628446]
483,7,11432,1,0.005660146787113842,6.597909409887535,True,False,[17],[0.028961335669743418]
485,8,11432,1,0.005367363432641468,6.71460515181351,True,False,[17],[0.016279562926265805]
487,8,11432,1,0.005297778633618548,6.836630643237854,True,False,[17],[0.01427180811753809]
494,8,11432,1,0.005226678392826521,6.9640800379027334,True,False,[17],[0.012503082748257231]
499,0,11232,1,0.008593690913851433,10.722423216504927,True,False,[12],[0.015938428366554073]
