generation,parent_idx,lineage_id,m_active,A_delta_fro,condition_number_after,shrink_applied,psd_fallback,active_js,v_norms
1,1,1,1,0.015985883311260635,1.0254766864284577,True,False,[9],[0.04453852542141989]
1,2,2,1,0.015574398833156668,1.0254766864284572,True,False,[5],[0.024080155966924983]
1,3,3,2,0.01566897892566129,1.0254766864284584,True,False,"[11, 15]","[0.031220402733634824, 0.031220402733634824]"
1,5,5,1,0.01605904821788198,1.025476686428458,True,False,[5],[0.031807706935102105]
1,6,6,1,0.015458630103025176,1.0254766864284584,True,False,[15],[0.03095109487314272]
1,7,7,1,0.016145394172306003,1.0254766864284581,True,False,[8],[0.02148850821595207]
1,11,11,1,0.016314553213563284,1.0254766864284575,True,False,[5],[0.029590192022966946]
1,12,12,1,0.016180776707804847,1.0254766864284568,True,False,[15],[0.03271291607293303]
1,14,14,1,0.016546568687340387,1.025476686428458,True,False,[7],[0.02095527496368528]
1,15,15,1,0.016113657801722348,1.0254766864284572,True,False,[7],[0.024585777888034552]
1,16,16,1,0.015056698232192326,1.0254766864284575,True,False,[12],[0.03439175177042605]
1,17,17,1,0.014639807494936836,1.0254766864284581,True,False,[16],[0.03941731005533753]
1,18,18,1,0.016735582361438874,1.0254766864284572,True,False,[7],[0.021971612850618247]
1,19,19,1,0.016428877153270963,1.0254766864284577,True,False,[15],[0.032321240834166765]
1,20,20,1,0.01624727255041392,1.0254766864284577,True,False,[7],[0.030506246713795298]
1,21,21,2,0.01561647911199327,1.0254766864284572,True,False,"[9, 16]","[0.039406891519543095, 0.039406891519543095]"
1,22,22,1,0.016022848815713343,1.0254766864284564,True,False,[5],[0.026379677778574556]
1,23,23,1,0.015928727373370085,1.0254766864284586,True,False,[6],[0.027309524993426898]
2,0,0,2,0.0162926358232554,1.0254766864284577,True,False,"[6, 7]","[0.02943065992940701, 0.02943065992940701]"
2,1,7,1,0.015859447754997782,1.0258028268225445,True,False,[7],[0.03056608971604814]
2,2,19,2,0.015577411741448331,1.0376007531372322,True,False,"[7, 8]","[0.028985187252940598, 0.028985187252940598]"
2,3,4,1,0.015913846002663965,1.025476686428458,True,False,[5],[0.028069022196856263]
2,4,12,2,0.01606778474042823,1.0281691274737434,True,False,"[7, 8]","[0.03642465748863144, 0.03642465748863144]"
2,5,23,1,0.016662750564275096,1.0459997744603384,True,False,[6],[0.021167887482732795]
2,6,11,1,0.016326959518609997,1.0311338575239026,True,False,[7],[0.028849977848726387]
2,8,8,1,0.016138011884255905,1.0254766864284575,True,False,[7],[0.018368841629106895]
2,9,2,1,0.01667951992216167,1.032328291328265,True,False,[7],[0.04534199124507906]
2,11,5,2,0.016022582575176757,1.0308860085223188,True,False,"[7, 11]","[0.029153275826146983, 0.029153275826146983]"
2,14,33,1,0.04376554495177916,1.1415610905619835,True,False,[6],[0.046546990311382666]
2,15,6,1,0.013897356518694138,1.0498282749413304,True,False,[15],[0.027724451593023267]
2,16,24,1,0.04477567668421184,1.1941691430536825,True,False,[16],[0.03390851570710064]
2,17,21,1,0.016704150854160306,1.0353007289279699,True,False,[9],[0.022011904342379134]
2,18,18,1,0.016633586910083382,1.0482634389848455,True,False,[7],[0.036424746413315126]
2,20,22,1,0.016086897650993307,1.0385913669131586,True,False,[7],[0.03268107982708583]
2,21,3,1,0.01581814677414196,1.031734680523553,True,False,[11],[0.019948790093295976]
2,22,15,1,0.015733194944853184,1.0309811547172387,True,False,[7],[0.029847806154102815]
3,0,0,2,0.016775533377473936,1.0378189883347593,True,False,"[6, 7]","[0.033678402419364255, 0.033678402419364255]"
3,1,7,2,0.01367628280312742,1.0325511049291034,True,False,"[7, 8]","[0.030074508750367334, 0.03565710126090218]"
3,3,4,2,0.01687495370246798,1.0314768981004692,True,False,"[7, 8]","[0.041638311906213726, 0.041638311906213726]"
3,4,12,1,0.015624173000192799,1.04352743192407,True,False,[8],[0.04484873501470924]
3,5,23,1,0.016090279865341353,1.065058170779312,True,False,[7],[0.03232024436358968]
3,7,17,2,0.0160787506608866,1.0315362606426703,True,False,"[7, 15]","[0.02153512193657874, 0.02153512193657874]"
3,8,8,1,0.015877075690464232,1.0316264642922646,True,False,[5],[0.01651716880982935]
3,9,2,1,0.016053883873952186,1.057235008545788,True,False,[7],[0.06960171317485866]
3,10,16,1,0.015861714466436836,1.0263398610640386,True,False,[7],[0.030677427458461904]
3,11,5,1,0.016381068932390986,1.03874008357222,True,False,[5],[0.04437380273222237]
3,14,13,1,0.016699051446232963,1.025476686428457,True,False,[16],[0.03317752137011508]
3,15,33,1,0.015880697600167616,1.1553792555789995,True,False,[5],[0.04101810376454283]
3,16,6,1,0.01622674638603596,1.0564570051170024,True,False,[5],[0.04245480588230213]
3,17,24,1,0.01582203966337915,1.1870610965551593,True,False,[5],[0.026653643966993327]
3,18,21,2,0.01660904995696924,1.041109722350991,True,False,"[12, 16]","[0.03864578271507461, 0.03864578271507461]"
3,19,18,1,0.016190959233389465,1.0484370970152244,True,False,[7],[0.023813126188852247]
3,23,14,1,0.016447712824565103,1.0294100103466994,True,False,[5],[0.03899069378480866]
4,0,0,2,0.016444214736592147,1.0585872303775277,True,False,"[6, 7]","[0.06778240540136107, 0.06778240540136107]"
4,2,19,2,0.013338942818162244,1.043846267279968,True,False,"[7, 15]","[0.039124086291054315, 0.03012751353872588]"
4,3,4,1,0.016391633054610933,1.0468472393050934,True,False,[5],[0.04603757749704895]
4,4,94,1,0.07753108213189387,1.3368382787836977,True,False,[16],[0.04150728276203014]
4,5,12,1,0.01592189811740719,1.0449335223074263,True,False,[7],[0.050048194551363605]
4,6,93,1,0.019683152446867733,1.0731285331883775,True,False,[5],[0.02571184627913741]
4,7,11,1,0.015934305174886844,1.0472990558141833,True,False,[7],[0.05285799444879321]
4,8,17,2,0.01590365328030184,1.0361520386239855,True,False,"[7, 16]","[0.0464055707293186, 0.031606254206251155]"
4,9,8,1,0.015536204730072034,1.0415323907239522,True,False,[5],[0.015954207405111248]
4,11,23,1,0.016030794164077964,1.0693046859147517,True,False,[5],[0.04420328025458049]
4,12,32,1,0.05508445129810851,1.1721283023155327,True,False,[5],[0.03375783574427256]
4,13,60,1,0.04908222148174308,1.2979130585875158,True,False,[7],[0.035709057277590855]
4,14,13,1,0.016269963745097576,1.0358904254228565,True,False,[8],[0.02097779443329108]
4,15,16,1,0.015315186696553204,1.0333645812715286,True,False,[7],[0.042830527123559975]
4,17,74,4,0.08959551102463392,1.3946214455210033,True,False,"[7, 8, 12, 17]","[0.04506232884626257, 0.04506232884626257, 0.04506232884626257, 0.04506232884626257]"
4,19,21,1,0.014423470648825277,1.06007334686818,True,False,[5],[0.010890664608370966]
4,20,33,1,0.017009729080964892,1.139261344271211,True,False,[6],[0.023497396027779657]
4,21,6,1,0.01659249601576507,1.0673613731347034,True,False,[5],[0.021874048421561126]
4,22,10,2,0.01616272704524903,1.0254766864284572,True,False,"[8, 16]","[0.02386892708090422, 0.02386892708090422]"
4,23,18,1,0.015281549216510044,1.0531041514659694,True,False,[7],[0.038114692919221274]
5,0,0,2,0.016226377893912573,1.0827371497042548,True,False,"[6, 7]","[0.06872002083341364, 0.06872002083341364]"
5,1,7,1,0.015695585231345014,1.0537503431847044,True,False,[8],[0.03126859982434593]
5,2,19,1,0.014858435916737155,1.0614494029533963,True,False,[8],[0.05249873364728406]
5,4,4,1,0.015493715045497977,1.0630929367478275,True,False,[7],[0.03609107510279604]
5,6,12,1,0.015719507982229822,1.0474022483885665,True,False,[7],[0.03677335760829834]
5,7,93,2,0.012531098743728061,1.0912669118745941,True,False,"[7, 8]","[0.05023227908348876, 0.03595670316672264]"
5,8,11,1,0.016422884266225308,1.0479496310010967,True,False,[8],[0.052612756218142424]
5,9,17,1,0.015761589728027426,1.0397435853668233,True,False,[8],[0.014483007120487322]
5,10,8,1,0.0157811510870073,1.0496588235680009,True,False,[5],[0.02078386763909343]
5,12,23,1,0.015814516049511958,1.0792372000810395,True,False,[6],[0.03300749339953869]
5,13,32,1,0.01315245500616028,1.1821727906702537,True,False,[5],[0.02720602550515595]
5,15,13,1,0.016811267133631128,1.036358367830932,True,False,[5],[0.05288258740579624]
5,16,16,1,0.016092593669854556,1.0429120679125883,True,False,[5],[0.05101322313276272]
5,17,5,1,0.015382776308681215,1.0394481641089084,True,False,[11],[0.02541410946480101]
5,18,74,2,0.010918404429005001,1.4017532849926313,True,False,"[7, 17]","[0.038584761245379746, 0.027057680222095672]"
5,20,21,1,0.014309237802988987,1.0603375533359953,True,False,[7],[0.03690998087719535]
5,21,33,1,0.01537359560391996,1.1409264239327832,True,False,[5],[0.032869809136873825]
5,22,6,2,0.01589464820794353,1.0873220593886364,True,False,"[7, 15]","[0.0641898119714651, 0.04263075803314488]"
5,23,18,1,0.01554715948631653,1.0540998313780845,True,False,[7],[0.033840459771990475]
6,1,7,1,0.016069143768065747,1.0721468153206606,True,False,[8],[0.04345908927081334]
6,2,19,2,0.013365394285078441,1.0708126086617835,True,False,"[8, 15]","[0.0751428695607199, 0.03918488134810403]"
6,3,114,1,0.06021383319998235,1.4260745001100306,True,False,[7],[0.04538901453285711]
6,4,4,2,0.013924519801936205,1.0712588387749766,True,False,"[7, 11]","[0.05661855697843674, 0.03952768641686831]"
6,5,94,1,0.01608748657087726,1.3319830757903246,True,False,[16],[0.030355250926091298]
6,6,12,1,0.01630780351564049,1.0657048188319884,True,False,[8],[0.03074273418183436]
6,7,93,1,0.015174809095236618,1.0927499632596784,True,False,[5],[0.045515144318609764]
6,8,11,2,0.011440890403207093,1.0511374394121262,True,False,"[7, 8]","[0.04151066732661322, 0.06377370631608373]"
6,10,8,1,0.015868978035381318,1.051059055239544,True,False,[7],[0.05212342821177836]
6,11,2,1,0.015621677095288366,1.0578314577221215,True,False,[5],[0.07172041187220579]
6,13,32,1,0.013645460243227868,1.209263111754949,True,False,[5],[0.05181334276005561]
6,14,60,1,0.015030786938106347,1.2806303255577791,True,False,[7],[0.055693718689761966]
6,15,13,2,0.01666765745398475,1.038208836560661,True,False,"[8, 16]","[0.024519021121106172, 0.024519021121106172]"
6,16,16,1,0.015178953624085596,1.0679536576988842,True,False,[5],[0.05285684648940707]
6,17,134,2,0.05322720939227075,1.3116638301999328,True,False,"[7, 8]","[0.07010756173978147, 0.07010756173978147]"
6,18,5,1,0.014786775508806164,1.0423934213283457,True,False,[7],[0.04723748001069196]
6,19,74,2,0.01685840553703044,1.39809821376833,True,False,"[7, 17]","[0.057085254716556455, 0.038090028014347896]"
6,20,24,1,0.015996928495926693,1.190942376099928,True,False,[8],[0.030363366211880922]
6,21,21,3,0.012138908739842287,1.0695253492129466,True,False,"[7, 12, 16]","[0.028824556878175856, 0.028824556878175856, 0.03321748592598351]"
6,22,33,1,0.015142532656486117,1.1607210715825262,True,False,[7],[0.07242400053132982]
6,23,6,1,0.015596993433021289,1.0964243207558082,True,False,[7],[0.059139301295732645]
7,0,0,1,0.01654739181867289,1.0918864235340962,True,False,[15],[0.022003308536663546]
7,1,7,2,0.011393315331805069,1.0839645286474011,True,False,"[7, 8]","[0.04745446004791635, 0.04266995882633737]"
7,2,19,1,0.015315580391649439,1.0747276742109084,True,False,[7],[0.04666459208422491]
7,4,4,1,0.01570608231123585,1.0723998100033303,True,False,[5],[0.04959047595863292]
7,5,94,1,0.014497635345845495,1.3392630171847895,True,False,[7],[0.053310236093495035]
7,6,12,1,0.015001010738201918,1.064570207131361,True,False,[7],[0.03736399977924908]
7,7,93,1,0.015580789483933974,1.1003735541997215,True,False,[5],[0.059144724991606]
7,8,11,2,0.011231883466939872,1.0620989828131835,True,False,"[7, 8]","[0.057327464326137285, 0.06306843955206494]"
7,10,153,1,0.07264100121809089,1.2662467569476161,True,False,[7],[0.07363586834598283]
7,11,8,1,0.016226252903549402,1.0519900574136316,True,False,[5],[0.07616776379602487]
7,12,2,1,0.016821780138471316,1.0624431614737013,True,False,[16],[0.03069862248972631]
7,13,23,1,0.012784462997585094,1.0899272874081927,True,False,[5],[0.0578869186683137]
7,14,32,1,0.015173278797828971,1.213379773329515,True,False,[7],[0.07536438817954272]
7,15,60,1,0.01471753475205223,1.2783915055839281,True,False,[8],[0.036974056319615145]
7,16,13,1,0.015827746333861064,1.0485749812747083,True,False,[16],[0.0649149219925164]
7,17,16,1,0.015957311262797615,1.0852952802473717,True,False,[5],[0.03735320415832819]
7,19,5,1,0.015177561051402432,1.0561611756629117,True,False,[5],[0.024771409799548647]
7,20,74,1,0.01742934055426305,1.383214304290544,True,False,[5],[0.04094295657647856]
7,21,24,1,0.014771988966388481,1.19954496154645,True,False,[7],[0.04457495707866393]
7,22,21,1,0.01585587885090438,1.072820026615189,True,False,[16],[0.052515814652081064]
7,23,156,1,0.05644530051987494,1.2460749927030204,True,False,[7],[0.05983418639730681]
8,0,0,1,0.0159353347958429,1.1141119189747735,True,False,[7],[0.06737047134899547]
8,1,7,1,0.015315785035563356,1.0840210116588764,True,False,[7],[0.06061282773149784]
8,2,19,2,0.013452368842084117,1.0829489725207948,True,False,"[7, 15]","[0.06115145280683864, 0.05267271018718673]"
8,4,4,1,0.016391807331344106,1.071735695611974,True,False,[12],[0.03973750824985723]
8,5,94,1,0.015714031777159715,1.351456531545004,True,False,[5],[0.03912310497063707]
8,6,186,1,0.025746933584489845,1.348779896788923,True,False,[7],[0.08544173536097634]
8,7,93,1,0.012681637724383889,1.118581821005397,True,False,[7],[0.06338009688844991]
8,9,17,1,0.01635060080943538,1.0556001663903696,True,False,[16],[0.015326433540968775]
8,10,153,2,0.01061258897312667,1.2710890980362397,True,False,"[7, 8]","[0.05583393077090343, 0.02646618438333709]"
8,12,23,1,0.016152830273573685,1.0901414627322001,True,False,[16],[0.03857985842247363]
8,13,32,1,0.014198583580830997,1.2391485433837268,True,False,[5],[0.06243139842643612]
8,14,8,2,0.014604134404283181,1.0635342179520713,True,False,"[15, 17]","[0.036218144776512896, 0.036218144776512896]"
8,15,2,1,0.01629866781432921,1.0634446326728932,True,False,[5],[0.05924206644846889]
8,16,16,2,0.015109192967347302,1.0948023491209775,True,False,"[7, 12]","[0.03927462580139857, 0.062102077644695115]"
8,18,5,1,0.015372501870019942,1.0669749019433015,True,False,[7],[0.0559276860489567]
8,19,74,2,0.011675839050203989,1.389466244368128,True,False,"[7, 15]","[0.04880171961599195, 0.043099893811461294]"
8,20,24,1,0.014033963481663397,1.2180686572049735,True,False,[7],[0.042374475021705355]
8,21,60,1,0.016025200847703897,1.2791114377652864,True,False,[17],[0.025211086890753864]
8,22,13,2,0.0143265266524491,1.0496959294013315,True,False,"[12, 16]","[0.03152432682421034, 0.06438210328981647]"
9,0,0,3,0.012431675326693986,1.130261554302973,True,False,"[6, 7, 16]","[0.07251110494183173, 0.06883786073917288, 0.031304807040658134]"
9,1,7,1,0.016256003782751337,1.0834359170198555,True,False,[5],[0.048717717395547755]
9,2,19,1,0.014961679307635544,1.0901692609144524,True,False,[15],[0.0546366347870121]
9,3,114,1,0.015595224150074,1.4441981337412109,True,False,[8],[0.05507962944817419]
9,5,94,1,0.015563825224638183,1.374441670732676,True,False,[5],[0.040937906762251314]
9,6,186,1,0.014480998813124769,1.349787077217981,True,False,[8],[0.05774725441694551]
9,7,93,2,0.01086922267146473,1.1321424798439377,True,False,"[7, 16]","[0.060657123447529195, 0.028983357923781514]"
9,8,11,1,0.016317408056639764,1.082986801820802,True,False,[5],[0.02946913236243696]
9,9,17,1,0.015299243472181622,1.0597718874771556,True,False,[15],[0.02754644401655622]
9,10,153,2,0.012442553296139042,1.2835117216054373,True,False,"[7, 8]","[0.06299350990180791, 0.04784442220757802]"
9,11,12,1,0.01636744832869737,1.0643799921119197,True,False,[7],[0.04723810732235796]
9,12,23,1,0.014244541171491449,1.1015810759366846,True,False,[5],[0.0382511682479255]
9,13,32,1,0.0154793874850149,1.2391485703284797,True,False,[7],[0.06353865295474095]
9,15,2,1,0.015198332139092267,1.0691705012276154,True,False,[7],[0.04409778843909804]
9,16,16,1,0.014606560044896176,1.1198102280783289,True,False,[5],[0.057557886342776685]
9,17,134,1,0.01467451857969167,1.3236917410857092,True,False,[8],[0.0744783676653479]
9,18,5,1,0.016195251167343064,1.0726546971130273,True,False,[16],[0.054482677384259375]
9,19,74,1,0.015626575519391988,1.4147953521097303,True,False,[7],[0.049415613534492385]
9,20,24,1,0.01561408653454424,1.2126737973405086,True,False,[8],[0.05430633681999799]
9,21,60,1,0.015551856814640767,1.286109899091973,True,False,[17],[0.054533666107495445]
9,22,13,2,0.014186073862825641,1.062091056921819,True,False,"[8, 16]","[0.03652845310142566, 0.06472954146867609]"
9,23,156,1,0.015975380752754714,1.246102470549381,True,False,[5],[0.06629408295284923]
10,0,0,1,0.016008749792142087,1.155113311016527,True,False,[6],[0.06160984667012873]
10,1,7,1,0.015025000423298792,1.083894257768327,True,False,[7],[0.07860365249049461]
10,2,19,1,0.01522220157756016,1.0974156500115702,True,False,[8],[0.0812128187783947]
10,3,114,2,0.01354799189944738,1.4595812754981812,True,False,"[8, 15]","[0.05831541470428068, 0.056580064830358524]"
10,4,4,2,0.013165199167609963,1.0890126000963771,True,False,"[7, 8]","[0.07551063726113581, 0.06237826371770981]"
10,5,94,2,0.013092846307802618,1.389355038853158,True,False,"[7, 16]","[0.0719965979925355, 0.042726789237016526]"
10,8,11,1,0.01600413341423957,1.10302534951068,True,False,[7],[0.07720491497096865]
10,9,17,3,0.010234158789762388,1.0690408287975885,True,False,"[7, 8, 15]","[0.05920060900236556, 0.02733559172304944, 0.02811651225630145]"
10,10,153,1,0.015457314862478162,1.2850539861230978,True,False,[8],[0.04930354483692842]
10,11,12,1,0.015425685737701521,1.074809991337431,True,False,[5],[0.07831857974089132]
10,12,23,1,0.01632975045748574,1.1152369099970894,True,False,[5],[0.05414804178042006]
10,13,32,1,0.013999470583544596,1.2657906103601075,True,False,[5],[0.06858084063843296]
10,14,8,1,0.014803391531624525,1.061399841018306,True,False,[17],[0.03781137374905569]
10,15,2,1,0.01573991757054993,1.0793586572140126,True,False,[15],[0.04851543666045824]
10,17,134,1,0.01573991990544477,1.3383788548070228,True,False,[7],[0.05740903689409529]
10,18,5,1,0.015879357327476,1.0742775554301776,True,False,[5],[0.013677789942404551]
10,19,74,1,0.017073803497529794,1.3919329867751686,True,False,[17],[0.04763820018046675]
10,20,24,1,0.01460055140981619,1.2338371036425877,True,False,[7],[0.045636929906616976]
10,21,60,1,0.013557129351833397,1.3038418541404866,True,False,[7],[0.0647959596828388]
10,22,13,1,0.016063343555784218,1.0668482824442098,True,False,[8],[0.05322451084152233]
10,23,156,1,0.01584093419503882,1.2472707440766475,True,False,[5],[0.06746773791262273]
11,0,0,1,0.015115061950383311,1.1631373571771797,True,False,[15],[0.03727842211222924]
11,2,19,2,0.013938724858694315,1.112636735336155,True,False,"[7, 15]","[0.07166850642368755, 0.07301158760549059]"
11,4,4,2,0.014400882174073999,1.1107120615883428,True,False,"[7, 8]","[0.08852155873843527, 0.07735160985937126]"
11,5,94,1,0.015537723968488381,1.3893993606967554,True,False,[16],[0.05789414680792072]
11,6,186,1,0.014220649771481915,1.374054230112905,True,False,[7],[0.09587658691181175]
11,7,93,2,0.014039089210556834,1.142883450013622,True,False,"[7, 16]","[0.07978670980655324, 0.065005861258801]"
11,8,11,1,0.01594998674341386,1.1251425385008933,True,False,[7],[0.07729539652889711]
11,10,153,3,0.010257306556519826,1.2935856168949695,True,False,"[7, 8, 15]","[0.05452709384500935, 0.055608671983566615, 0.023072093914271105]"
11,12,23,1,0.016194047267030456,1.1322728874056516,True,False,[5],[0.05288976276949686]
11,13,32,1,0.015632344293513824,1.2724805113954158,True,False,[7],[0.06983045616937898]
11,14,8,1,0.01443526671500503,1.0726645173224891,True,False,[5],[0.03435033603722589]
11,15,2,1,0.015774249997197908,1.100319773144869,True,False,[5],[0.07793292146046257]
11,16,16,1,0.016010489692756587,1.140329681452175,True,False,[7],[0.05158519958852764]
11,17,247,1,0.03128322317087581,1.1896316002066685,True,False,[5],[0.0562077138552343]
11,18,74,2,0.012466828880168465,1.395967632339823,True,False,"[7, 17]","[0.05626433406022403, 0.043313882872619926]"
11,20,60,1,0.014412289391183684,1.3207386778909236,True,False,[5],[0.04777855725596161]
11,22,134,1,0.015390801211798118,1.3366405085709023,True,False,[8],[0.07312326781801103]
11,23,156,1,0.015076267769349984,1.2632881560834512,True,False,[6],[0.05368626691477977]
12,0,0,2,0.015014273015288062,1.1848400784202742,True,False,"[6, 7]","[0.0856487269679533, 0.09264168075584786]"
12,1,7,1,0.015743441098533453,1.1036592517506945,True,False,[8],[0.05195054403069358]
12,2,273,1,0.025559886640584038,1.1273980118076745,True,False,[16],[0.029560338436749708]
12,3,114,1,0.015190448023359627,1.483186563906571,True,False,[8],[0.06845214113741468]
12,5,19,1,0.014668813031703372,1.1277312548181035,True,False,[7],[0.07768986256326685]
12,6,4,2,0.014025780897311602,1.1073622972345667,True,False,"[7, 12]","[0.11528238177939383, 0.050916640591476346]"
12,7,94,1,0.016173673619425236,1.4048531774456554,True,False,[5],[0.06703533805118977]
12,9,93,1,0.014849591870760778,1.1586504186897324,True,False,[7],[0.056405696361395356]
12,10,11,2,0.013404434753826945,1.1387044932416577,True,False,"[7, 8]","[0.07589402717599768, 0.06332006269077514]"
12,11,17,2,0.01552506500082447,1.0846124936902366,True,False,"[8, 15]","[0.046959232701782615, 0.046959232701782615]"
12,13,12,1,0.015641602151953208,1.0742517153319315,True,False,[8],[0.02600788353723933]
12,14,23,2,0.011539893874885807,1.139620708706425,True,False,"[7, 16]","[0.07873367632431476, 0.06296445619957307]"
12,18,16,1,0.015168930136111121,1.1477652117700834,True,False,[12],[0.06030296914432197]
12,19,247,1,0.015367933045076212,1.1922191951829009,True,False,[7],[0.07960227841640381]
12,21,24,3,0.014407504392394103,1.2375981208582911,True,False,"[7, 8, 16]","[0.08962034991736605, 0.05743059207408606, 0.07104201972191258]"
12,22,60,1,0.015120911150010942,1.3362635692525293,True,False,[5],[0.06291743940992177]
12,23,156,1,0.01633970277875777,1.2630245536281717,True,False,[5],[0.08227711750260135]
13,1,7,1,0.015458915808032058,1.1243158622112905,True,False,[8],[0.059453580568883266]
13,2,273,3,0.009004856456493527,1.1296922480274603,True,False,"[7, 8, 16]","[0.07673664504405259, 0.07352596225625631, 0.04516047719861083]"
13,3,114,2,0.012807741300602483,1.5041286259575644,True,False,"[7, 8]","[0.08035643544305389, 0.08457111845333838]"
13,5,19,1,0.01498388979676628,1.1262393638044035,True,False,[8],[0.01902394878330714]
13,6,4,1,0.014360436356505107,1.110395281263755,True,False,[7],[0.11458063695147333]
13,7,94,1,0.014380606740906597,1.430043776740994,True,False,[7],[0.08195738441316924]
13,8,186,1,0.014644726803393312,1.3862256881294621,True,False,[7],[0.08521585731309043]
13,9,93,1,0.014036346404780338,1.1559986242990274,True,False,[8],[0.0373784312400776]
13,10,296,3,0.051957082923252844,1.3829490425590083,True,False,"[7, 8, 16]","[0.081657239443905, 0.07255337516704724, 0.03307158448192257]"
13,12,17,1,0.014322045367625318,1.0906159033351912,True,False,[8],[0.021639645848131942]
13,13,308,1,0.07410635605663361,1.503061623331528,True,False,[15],[0.04193073578646697]
13,15,23,3,0.014579784054606635,1.139819518032225,True,False,"[6, 7, 16]","[0.055929540950266234, 0.07617456690649838, 0.06909170867823143]"
13,16,32,3,0.01115923650397002,1.2745851650382185,True,False,"[7, 8, 16]","[0.06447309357164133, 0.04289878199817829, 0.0728407232358623]"
13,17,153,1,0.014952117117643915,1.2941207890094557,True,False,[8],[0.07655843430115758]
13,18,8,2,0.014484223233924967,1.0750771709965377,True,False,"[7, 17]","[0.06333661654953003, 0.06415221603755449]"
13,19,2,2,0.011142064270479706,1.1050343666900715,True,False,"[7, 15]","[0.08195326044374879, 0.06342242388601341]"
13,20,16,1,0.015379565651021386,1.1606054951278157,True,False,[5],[0.05967540720642409]
13,21,247,1,0.015584351202487653,1.2004720386073324,True,False,[5],[0.05844709901274604]
13,22,74,3,0.013520514789355825,1.4021737022007006,True,False,"[7, 12, 15]","[0.09741833871408155, 0.052837426430454505, 0.07275530081732003]"
13,23,24,1,0.015552489159779487,1.239950338906002,True,False,[15],[0.0226079406024609]
14,0,0,1,0.01601831180355023,1.187776970589334,True,False,[15],[0.05627709640510062]
14,1,7,1,0.0150753083132637,1.1504014459927392,True,False,[8],[0.060869049913914515]
14,2,273,1,0.014985273933539607,1.141442853739725,True,False,[16],[0.04913692631408692]
14,4,275,1,0.019538968822372292,1.092326582744148,True,False,[5],[0.0653740008627102]
14,5,323,1,0.019679869469130674,1.1504953749553761,True,False,[5],[0.05090602056424525]
14,6,19,1,0.016381613120983858,1.1265660656934453,True,False,[8],[0.05618846720908395]
14,7,4,1,0.015801797107081572,1.1157104216932092,True,False,[7],[0.09676797430211746]
14,8,94,1,0.015093517776666893,1.4285469784958713,True,False,[16],[0.04628961781496673]
14,9,186,1,0.014599025788619362,1.3834418743930454,True,False,[5],[0.04618271888842812]
14,10,93,1,0.015379699573966595,1.174378883153551,True,False,[5],[0.05036033642631629]
14,11,296,2,0.014985115727380842,1.373501242449639,True,False,"[7, 16]","[0.07158548672968772, 0.03621862091909113]"
14,12,11,1,0.016308057464898038,1.1597204388170443,True,False,[7],[0.016622957884032504]
14,13,17,3,0.01306254264587221,1.0937620997539845,True,False,"[8, 15, 16]","[0.05167665847470685, 0.06449499383237833, 0.044875300883007195]"
14,15,12,2,0.011841412425534442,1.0771562292802475,True,False,"[7, 8]","[0.08277886104897426, 0.059096379386742295]"
14,16,23,1,0.016624920933597718,1.1403837416312825,True,False,[7],[0.06411461379095604]
14,17,32,1,0.015297967333102385,1.2984841206579445,True,False,[5],[0.05794946312579048]
14,19,8,1,0.014987755393092094,1.0951535106613837,True,False,[15],[0.08263301518777846]
14,22,247,1,0.015228868655869423,1.2087861646104832,True,False,[5],[0.08593913991241299]
14,23,24,3,0.012912811309149654,1.2448294705099363,True,False,"[7, 8, 15]","[0.07278723756557906, 0.04471241470980567, 0.04880415630437379]"
15,0,0,2,0.010040778816497278,1.1985733434091561,True,False,"[7, 15]","[0.08040247350227464, 0.06604504640003071]"
15,1,7,1,0.013877456712538271,1.1609421273902765,True,False,[7],[0.07950813214712778]
15,2,273,1,0.014855744384362378,1.1419865084142868,True,False,[15],[0.08689540551116529]
15,3,114,1,0.015017279097351153,1.5158502645741394,True,False,[7],[0.06818329449526642]
15,4,275,1,0.015729453701982893,1.1074046078211002,True,False,[7],[0.11035536254117037]
15,5,323,1,0.015406694566646525,1.1678138150141186,True,False,[5],[0.06188581558127967]
15,7,4,1,0.015482473435653028,1.1265712895782232,True,False,[5],[0.07859462990996709]
15,8,94,1,0.015694625428548718,1.4497262605848242,True,False,[7],[0.08808127619808295]
15,9,186,1,0.01457417899331786,1.3834239135308648,True,False,[8],[0.0524066604789937]
15,10,350,1,0.06859280776080146,1.6703740007291372,True,False,[7],[0.06886696767864985]
15,13,11,1,0.015640033894041568,1.1683548519228841,True,False,[7],[0.08200347949500987]
15,14,17,2,0.010625998490170444,1.0961762985015435,True,False,"[15, 16]","[0.04615728506700542, 0.05939724610984004]"
15,16,12,1,0.016108577184499883,1.0925811699579648,True,False,[7],[0.0820433448013474]
15,17,23,1,0.015383111907231677,1.1564461405326074,True,False,[6],[0.03583276386806343]
15,18,32,1,0.014821855977517801,1.318127806940604,True,False,[5],[0.03852959563042467]
15,19,153,1,0.013900358821810755,1.3181972804828108,True,False,[5],[0.04192438525877699]
15,21,16,1,0.014264295899443544,1.174351692423024,True,False,[7],[0.0759844105299183]
15,22,247,1,0.014743329531384308,1.219326028901571,True,False,[7],[0.09136111435698478]
15,23,24,2,0.014369545624994736,1.251713267794381,True,False,"[7, 15]","[0.09510855087460725, 0.08375642841869169]"
16,0,0,1,0.015518857393821153,1.2217422266264564,True,False,[6],[0.06831182828804086]
16,1,7,1,0.015164699443083003,1.1802541476572899,True,False,[7],[0.09520343242751751]
16,2,273,1,0.01599379825279187,1.1439011572198692,True,False,[5],[0.03566910369872907]
16,3,114,1,0.014461570682439468,1.5456161981993077,True,False,[8],[0.12132825147311616]
16,4,275,1,0.015300266787141949,1.1010029278151168,True,False,[15],[0.034074896595106964]
16,6,19,1,0.015748776219493707,1.1259312419310032,True,False,[5],[0.042837019208034684]
16,7,4,2,0.013905367007712928,1.140919075634793,True,False,"[7, 8]","[0.11130084113527054, 0.05424871793292572]"
16,9,186,1,0.01497485698284288,1.3900583686936578,True,False,[8],[0.05992650975171873]
16,10,350,1,0.015335219351791132,1.676713201562197,True,False,[5],[0.06700706927518209]
16,11,93,2,0.015377276202529551,1.1771091272701921,True,False,"[7, 16]","[0.08857821045484397, 0.06396748683011096]"
16,12,296,3,0.013815288465416539,1.3735843679491877,True,False,"[8, 16, 17]","[0.05766767543787931, 0.06689588217230419, 0.04472348955230661]"
16,13,11,1,0.016027844233697807,1.1792473211116277,True,False,[7],[0.08121288955669681]
16,14,17,1,0.01588567437621435,1.0954565348540153,True,False,[7],[0.08317474122697908]
16,15,308,1,0.015542314880552875,1.5218882829934712,True,False,[7],[0.09860053460513872]
16,16,12,2,0.011477288218606217,1.1028655980196083,True,False,"[6, 7]","[0.031726585270144915, 0.07973310641487924]"
16,17,23,1,0.014837528688958046,1.1810865520031435,True,False,[6],[0.04529073241978315]
16,18,32,1,0.015827657064534033,1.3259740700049147,True,False,[7],[0.07060332402407124]
16,20,371,1,0.03749366761194611,1.2480034479261917,True,False,[7],[0.04984920887117386]
16,21,8,3,0.011139474443473026,1.098981966913549,True,False,"[7, 15, 17]","[0.08570405033285404, 0.04105182076061977, 0.06319724660407547]"
16,22,247,1,0.015461225371264101,1.2311662421781941,True,False,[5],[0.09390283269107641]
16,23,24,1,0.014402957933182787,1.2525567035657084,True,False,[15],[0.07684023922908521]
17,0,0,1,0.015975076238927962,1.2452223413418346,True,False,[5],[0.015623696896620897]
17,1,7,1,0.014679810129956752,1.2057673916390135,True,False,[8],[0.07983911492013625]
17,2,273,2,0.012004811963496108,1.1493397809813193,True,False,"[7, 15]","[0.09083198328367363, 0.11036230530186576]"
17,3,114,2,0.011908856476502295,1.5533151717489193,True,False,"[7, 16]","[0.07551892872544202, 0.03708730341874459]"
17,4,275,1,0.015458927607053616,1.1185193064626555,True,False,[5],[0.04870448767499057]
17,5,323,1,0.015537957895254768,1.1912019479274212,True,False,[5],[0.07441213906082245]
17,6,19,2,0.010162631418860386,1.127654423597606,True,False,"[7, 15]","[0.1193260275357629, 0.02563572620486044]"
17,7,4,1,0.01562226246191069,1.1588787884294927,True,False,[7],[0.10053080019699184]
17,9,186,1,0.014892559971788028,1.4084114873976505,True,False,[8],[0.07107926771967397]
17,10,350,1,0.015667483301525183,1.6749428519024336,True,False,[12],[0.037873049093409314]
17,11,93,2,0.012445916296492672,1.1724833928131622,True,False,"[8, 16]","[0.04578255511249019, 0.0718087254229877]"
17,12,296,1,0.014409265767137584,1.3837731769843835,True,False,[5],[0.07545317886015372]
17,13,11,1,0.015085776546822652,1.2051927547293078,True,False,[5],[0.095208362574753]
17,14,17,2,0.011634545709685355,1.0974219705122563,True,False,"[15, 16]","[0.05001623311376157, 0.056602664310652244]"
17,15,308,1,0.015083654665033853,1.5429132988282213,True,False,[7],[0.11055002778113536]
17,18,32,1,0.015254181740891095,1.3314101079026273,True,False,[17],[0.06152915487461375]
17,20,371,1,0.015143578862896133,1.2482114308539924,True,False,[16],[0.018810707829603274]
17,21,8,2,0.01433124037693203,1.108164123056251,True,False,"[7, 15]","[0.09730854697470002, 0.06406276984523922]"
17,22,247,1,0.014104659859967486,1.2294617986608463,True,False,[11],[0.019725530945246844]
17,23,24,2,0.012394078951808624,1.2503414281478622,True,False,"[15, 16]","[0.09730505134195878, 0.04799658350545363]"
18,0,0,1,0.015294228627855979,1.2621739339201348,True,False,[8],[0.04664188604473535]
18,1,7,1,0.01507312134467639,1.2277506964589935,True,False,[7],[0.11309998287270867]
18,2,273,2,0.012139025377808352,1.1530555683000139,True,False,"[7, 16]","[0.10161144756516313, 0.0731484152319838]"
18,3,114,2,0.011929183542255625,1.5776209804654737,True,False,"[7, 8]","[0.10265685425918342, 0.12662670056200936]"
18,4,275,1,0.015364231142774252,1.1400396596892528,True,False,[7],[0.10616489975072468]
18,5,323,1,0.015108862539659285,1.2194061459453462,True,False,[5],[0.06979378387935746]
18,6,19,1,0.014784557244721035,1.127967723293708,True,False,[15],[0.031959145582942425]
18,9,186,1,0.01481514001843104,1.4079071227051125,True,False,[5],[0.050943521936324385]
18,10,350,1,0.014838787774722851,1.7003263126907227,True,False,[7],[0.06370701386182247]
18,11,93,1,0.015193934543216958,1.1682718759748232,True,False,[8],[0.05937718119500848]
18,12,296,2,0.014455869386818983,1.3839716424600292,True,False,"[8, 16]","[0.07036652424313877, 0.0800038760697873]"
18,13,11,1,0.013936607452203325,1.2297170552390613,True,False,[5],[0.092222444512429]
18,14,17,2,0.014217266640754803,1.0989805628774316,True,False,"[7, 16]","[0.10721990513245702, 0.07857676765142073]"
18,15,308,2,0.011910364287845527,1.5510073690089408,True,False,"[7, 12]","[0.10901104487506304, 0.043812849329539535]"
18,16,12,2,0.013840174580586593,1.118960317709935,True,False,"[7, 8]","[0.08419194176703404, 0.07100271818070518]"
18,18,32,1,0.015735006433563188,1.339719200509317,True,False,[7],[0.09108698682591237]
18,19,153,1,0.014007505815802382,1.3314117569060977,True,False,[7],[0.10442369764044691]
18,20,371,2,0.010592969887069087,1.2475812442799783,True,False,"[8, 16]","[0.05173557365228676, 0.039631048618305936]"
18,22,247,1,0.015086266517271643,1.2503619337747236,True,False,[5],[0.10331256910808384]
18,23,24,1,0.015342654469017706,1.2565504344283913,True,False,[8],[0.05758014967058454]
19,1,7,2,0.010516913921750604,1.2457297399489646,True,False,"[7, 8]","[0.11437862682130247, 0.08259357995735535]"
19,2,273,1,0.01518859586667753,1.1640662134724604,True,False,[15],[0.10773253171509416]
19,3,440,1,0.08772968056948367,1.671024156751109,True,False,[7],[0.09682243983108783]
19,5,19,1,0.014439139367925128,1.1436317145363362,True,False,[7],[0.08296580569335721]
19,6,114,1,0.013350781851078781,1.6006320762195765,True,False,[5],[0.0611155476392923]
19,7,275,1,0.015102499254066462,1.156301253748726,True,False,[5],[0.07555442212244254]
19,8,186,1,0.014257755051016046,1.414689990653386,True,False,[8],[0.08472401498792595]
19,10,93,1,0.014632631685834566,1.1676865736517217,True,False,[8],[0.08451457247019534]
19,11,296,2,0.013093179648656547,1.3923891045255152,True,False,"[7, 16]","[0.08750669654358945, 0.07546979054351574]"
19,13,17,1,0.015507445199070389,1.1012355245968406,True,False,[5],[0.10922983498434789]
19,15,4,1,0.01521379358813283,1.1559021827825917,True,False,[8],[0.06440112848265317]
19,16,94,1,0.013875585289073403,1.4493575248665675,True,False,[16],[0.07651686428222633]
19,17,12,1,0.016107494663292313,1.1154152242878965,True,False,[7],[0.06439725908987837]
19,18,23,1,0.016323873573264938,1.1911627436804981,True,False,[7],[0.10258378754686034]
19,19,32,1,0.013147295278560199,1.366636904009703,True,False,[7],[0.10242601588128827]
19,20,153,2,0.011891916767665728,1.3320681559851595,True,False,"[8, 15]","[0.054590662950540866, 0.035497104246107546]"
19,22,247,1,0.014706669903390266,1.2774581997703796,True,False,[5],[0.09812499372806714]
19,23,24,2,0.013308345580304142,1.2761948279033501,True,False,"[7, 8]","[0.106433460466337, 0.06926545874758087]"
20,0,0,1,0.015765690391111066,1.2728605185691124,True,False,[5],[0.033823476529333624]
20,1,470,1,0.1816960694420123,1.9390515268176651,True,False,[5],[0.05392139897593529]
20,2,273,3,0.008202229840112377,1.1697271424837365,True,False,"[8, 15, 16]","[0.08694209564660296, 0.09886063632209817, 0.06943713203353748]"
20,3,440,2,0.012605893522681206,1.6787424841585443,True,False,"[7, 8]","[0.09523089953136452, 0.11869219714163719]"
20,4,7,1,0.012423278257977836,1.2600382535187715,True,False,[8],[0.06964947161898805]
20,5,19,2,0.015002878889456082,1.144562360315045,True,False,"[8, 15]","[0.040486675109528976, 0.03888414784081547]"
20,6,114,3,0.011279895111368144,1.591404784420633,True,False,"[7, 8, 16]","[0.11669591376805934, 0.08313607429360773, 0.041018441790059625]"
20,7,275,1,0.014547084782654984,1.1717458960357043,True,False,[7],[0.08224929314100189]
20,8,323,1,0.014380948008378773,1.245379868602988,True,False,[5],[0.02759017273317085]
20,9,186,2,0.013324009081767806,1.431436900149993,True,False,"[8, 16]","[0.08561251283312757, 0.036020695654339636]"
20,10,350,1,0.01593104581540407,1.712138288524924,True,False,[5],[0.072431463354402]
20,11,93,3,0.010763494988391574,1.1715879961165332,True,False,"[7, 8, 16]","[0.08904259758694215, 0.06523959305988353, 0.08259710541168652]"
20,12,296,2,0.014226543822054223,1.3922746755243713,True,False,"[8, 16]","[0.10908054375963286, 0.1167483165443059]"
20,14,17,2,0.012145976389057938,1.1082564022447847,True,False,"[7, 8]","[0.10381264276751105, 0.045044591002261186]"
20,15,308,1,0.01492164711819466,1.5744431414088997,True,False,[7],[0.12445297744015656]
20,17,94,1,0.01462388097004058,1.4569963319834756,True,False,[5],[0.06343410331746563]
20,18,12,1,0.015204197376467455,1.1338214457702882,True,False,[5],[0.05266929089919994]
20,19,477,1,0.016944213844104918,1.2875605602145976,True,False,[7],[0.11294625571211399]
20,21,153,1,0.015261039991707711,1.3413668789195754,True,False,[8],[0.06863368119135381]
20,22,4,1,0.015900587137938894,1.1719252396036852,True,False,[15],[0.09192933804058034]
20,23,24,2,0.011648846088937424,1.2833324675811613,True,False,"[8, 15]","[0.0823419561060407, 0.10764451667339661]"
21,0,0,1,0.013002090438216379,1.2798160781238064,True,False,[7],[0.0784608885144593]
21,1,470,2,0.01093036221180914,1.9524580891704204,True,False,"[7, 8]","[0.11406657535474322, 0.09637438054406851]"
21,2,273,1,0.01419056359940337,1.1877006129675822,True,False,[15],[0.09899282352130001]
21,3,440,1,0.013478832549825263,1.7018595481611951,True,False,[7],[0.08807825861188216]
21,4,7,1,0.015572386135100709,1.2590518568047633,True,False,[5],[0.06755011734252268]
21,5,19,2,0.013815656597752577,1.1605643450107797,True,False,"[7, 15]","[0.10998843775391194, 0.06950996728654053]"
21,6,114,1,0.014368755204634572,1.5907730861174034,True,False,[7],[0.11381739507669064]
21,7,275,1,0.012028985466020624,1.1935128184084303,True,False,[7],[0.08766141842148978]
21,8,323,1,0.013349569948122884,1.2468510145678517,True,False,[8],[0.08543005668483801]
21,9,186,1,0.01441565135942895,1.4334191246200605,True,False,[7],[0.06124549030490302]
21,10,350,2,0.013799270211299125,1.7135188312105964,True,False,"[7, 17]","[0.08019055466070499, 0.053272124633263314]"
21,13,11,1,0.01461312494227333,1.2518861713283922,True,False,[5],[0.11248740549229358]
21,14,17,1,0.016295687852467603,1.1092972635621359,True,False,[16],[0.0898132996312691]
21,15,308,1,0.01481195777417284,1.599140010259964,True,False,[5],[0.08648679204199722]
21,16,460,1,0.027342817408728605,1.3069107206459736,True,False,[5],[0.05996298538441868]
21,17,94,1,0.015289259481517497,1.4749406075094307,True,False,[5],[0.0809080131218194]
21,18,12,1,0.015098784967133775,1.1578916295109731,True,False,[5],[0.07577074563573281]
21,20,32,1,0.013602506063598785,1.3649108497448266,True,False,[17],[0.023667085970914315]
21,21,153,1,0.013961392939229414,1.35001711567752,True,False,[7],[0.08552138601259048]
21,23,24,1,0.015302492067526019,1.3140742155849916,True,False,[7],[0.10321592638911686]
22,0,0,2,0.011822269627027706,1.2999864185045684,True,False,"[6, 7]","[0.07451902768860576, 0.08207721739151619]"
22,1,470,1,0.014842438205832713,1.9557546406344075,True,False,[12],[0.04392966278134124]
22,2,273,2,0.011389003435432487,1.1893502188472385,True,False,"[8, 16]","[0.09522045772032278, 0.082003835493832]"
22,3,440,1,0.01538780880395472,1.727214922981725,True,False,[5],[0.04975678397261811]
22,5,19,2,0.013558161792084394,1.1841771448158314,True,False,"[7, 15]","[0.10376206928403293, 0.05910920217354862]"
22,7,275,1,0.014843592432051345,1.2187053101588885,True,False,[5],[0.06705271990130672]
22,8,323,1,0.015061000255618906,1.2570968570012617,True,False,[5],[0.05263510819257456]
22,9,186,1,0.014466381313784991,1.4613293148879687,True,False,[8],[0.09111185885092084]
22,10,350,1,0.0154083615245934,1.7270935179261044,True,False,[5],[0.08634420883678112]
22,11,93,1,0.014816843295629233,1.1813915828530916,True,False,[7],[0.0703579353415863]
22,12,296,1,0.013381660630278153,1.3892668420808343,True,False,[8],[0.10229228888662638]
22,14,17,1,0.015238424609311728,1.1288894752597527,True,False,[7],[0.11102236854293517]
22,15,308,1,0.013227425350997774,1.6307562998905836,True,False,[7],[0.13285138217773643]
22,16,460,1,0.014256981663655278,1.3188899666332667,True,False,[8],[0.07628303422645172]
22,19,515,2,0.04087314690004341,1.30489613455577,True,False,"[7, 8]","[0.11742246164560219, 0.028730116211050094]"
22,20,526,1,0.037058138401044195,1.2537385660278566,True,False,[7],[0.059123716024583654]
22,21,32,1,0.015337854573354865,1.361651606436621,True,False,[5],[0.08444502702909056]
22,23,4,2,0.013559353799351265,1.1821255808137798,True,False,"[7, 8]","[0.10893229463530278, 0.08627761132761033]"
23,0,0,2,0.011960692299762073,1.3082506237694205,True,False,"[6, 17]","[0.0819875558379811, 0.043759837833897045]"
23,1,470,2,0.010084577447595729,1.9713722483427711,True,False,"[7, 12]","[0.11109629326165621, 0.05528230704072879]"
23,2,273,1,0.013648363092243744,1.190212029012502,True,False,[8],[0.10006790244209951]
23,3,440,1,0.014617595411567957,1.7456656114167581,True,False,[7],[0.09746151458968598]
23,4,7,2,0.01259219911233317,1.263903474015015,True,False,"[7, 8]","[0.12142267685366544, 0.09085680500187727]"
23,5,19,1,0.013588039156593366,1.2040833614698838,True,False,[15],[0.06081856877551905]
23,6,114,1,0.015603539267544254,1.5840788224299949,True,False,[8],[0.07771527291597607]
23,7,275,1,0.014870938471236543,1.2429493875825417,True,False,[5],[0.08318605874232804]
23,9,323,1,0.014689120515904118,1.262691455427731,True,False,[7],[0.07305707318662198]
23,10,186,1,0.014508187309972253,1.4386010165597762,True,False,[8],[0.09914373614729932]
23,11,350,2,0.011292688733815183,1.735978800444716,True,False,"[7, 17]","[0.06679385958262368, 0.04284554209779199]"
23,12,93,1,0.015233251175317522,1.1969307028331202,True,False,[5],[0.0752517067686728]
23,13,296,3,0.01192287445161375,1.405097323241953,True,False,"[7, 8, 16]","[0.09578820754948134, 0.0914506567566026, 0.08030024349313655]"
23,15,17,1,0.015813287914240817,1.119191122473863,True,False,[16],[0.08377679871688311]
23,16,308,1,0.012916692606797129,1.6652129464901735,True,False,[5],[0.05981979382862009]
23,17,460,1,0.0138714852384556,1.3383500853641712,True,False,[5],[0.08905707753653998]
23,18,94,1,0.01460166595864169,1.4750213824313647,True,False,[16],[0.0786539917562667]
23,19,12,1,0.015095446323986671,1.1766353716205926,True,False,[5],[0.050671093915590264]
23,20,515,1,0.014757603550311981,1.3051326091468933,True,False,[16],[0.06303166838854264]
23,21,526,1,0.015314275137177234,1.2542641644445374,True,False,[8],[0.07311124987393505]
23,23,153,2,0.010822851824808943,1.3539069907603476,True,False,"[7, 15]","[0.09623424563522123, 0.10933544680886445]"
24,0,0,1,0.012774332651163562,1.3206888101771075,True,False,[7],[0.0812041147488307]
24,1,470,1,0.01474106733815255,1.9730313582450372,True,False,[8],[0.11200213100981828]
24,2,273,1,0.015396803094286511,1.196723155995485,True,False,[5],[0.055827858836045303]
24,3,440,2,0.01034353291275505,1.7540068191333742,True,False,"[7, 16]","[0.08909913514170048, 0.05442777534844213]"
24,4,7,1,0.012453037397954753,1.2807302170017572,True,False,[8],[0.0805344468196595]
24,5,19,1,0.014061606965708432,1.2277062818623161,True,False,[7],[0.10311852204187183]
24,6,114,1,0.014281637858763461,1.5847342581545383,True,False,[7],[0.12404420394155574]
24,7,275,1,0.014264878068417676,1.2698328345397296,True,False,[5],[0.07727831786186422]
24,8,546,1,0.03150977423986635,1.218247161436087,True,False,[5],[0.06452059152513925]
24,10,186,2,0.01078604696161285,1.4362372233247738,True,False,"[7, 8]","[0.12526761881518955, 0.12215422456941821]"
24,12,93,2,0.012321544049810229,1.2068659427201773,True,False,"[7, 8]","[0.0358228074759036, 0.10486924143461762]"
24,13,296,4,0.01265360741946797,1.4116026235015289,True,False,"[8, 12, 16, 17]","[0.10920780708454007, 0.05617871729302141, 0.10490267364348438, 0.05617871729302141]"
24,14,11,2,0.01393253376831465,1.254882902451374,True,False,"[7, 8]","[0.12274075323486434, 0.08449650759132168]"
24,15,17,3,0.008438895850438811,1.1202805578539492,True,False,"[7, 15, 16]","[0.1382278587883887, 0.0456148283496513, 0.06795813367705893]"
24,16,308,1,0.01588939574175466,1.677865373291601,True,False,[7],[0.07856045092742846]
24,17,460,1,0.014975491122190395,1.3424645021412156,True,False,[7],[0.07543284892718523]
24,18,94,1,0.015243730461238073,1.4839696774656432,True,False,[7],[0.08901508475648731]
24,19,12,1,0.014538656559131563,1.2052628097095244,True,False,[5],[0.05479483666069004]
24,20,515,1,0.013506312915473282,1.3334654317148278,True,False,[5],[0.06631655044815696]
24,22,32,2,0.010947934813607254,1.3658625327056906,True,False,"[7, 8]","[0.10408689453507186, 0.08523408979811001]"
25,3,440,1,0.013905049746430217,1.7778802990991505,True,False,[7],[0.09229384112886634]
25,4,7,1,0.015515016691627888,1.2806047037396189,True,False,[7],[0.11782645444018337]
25,6,114,1,0.01453720981333232,1.5833747348788896,True,False,[7],[0.1414325856002416]
25,7,275,1,0.015511290815996814,1.2760941220473208,True,False,[6],[0.036771682219667805]
25,8,546,1,0.015744567098712466,1.2079143939079118,True,False,[16],[0.051315851172147056]
25,9,323,2,0.010398194815024638,1.2778275551192,True,False,"[7, 8]","[0.08535552451267926, 0.10216652737850906]"
25,10,186,2,0.01168781847705522,1.4329787705362471,True,False,"[7, 8]","[0.13341728911040604, 0.12929663580634954]"
25,12,93,2,0.014068486936150036,1.2165784704097187,True,False,"[8, 16]","[0.11540680233687416, 0.1308439404658367]"
25,13,296,1,0.014155018866086898,1.401361513775945,True,False,[12],[0.06949073829505865]
25,14,11,1,0.014512405504546846,1.261561121524823,True,False,[7],[0.11390651082472143]
25,15,17,1,0.015483117643040133,1.1160932710761173,True,False,[15],[0.05025022850368236]
25,18,94,1,0.014719794296915842,1.5022286476339097,True,False,[7],[0.11342404249051787]
25,19,12,1,0.015439698639555797,1.2301173426241947,True,False,[5],[0.07554500352416824]
25,21,526,1,0.012662234003943711,1.27026429858268,True,False,[7],[0.09514664105928246]
25,22,32,1,0.014793330081818774,1.3836174074775105,True,False,[7],[0.12134900879338958]
26,0,0,1,0.016156237881569772,1.3189667422783244,True,False,[5],[0.08165285241060187]
26,1,470,1,0.015374352379686743,1.9960109837753308,True,False,[5],[0.0801174693615835]
26,2,273,1,0.012847065819890898,1.2202010332664468,True,False,[15],[0.09963965793337139]
26,3,440,1,0.013706505140291307,1.7732099912584873,True,False,[16],[0.06411017461231533]
26,4,7,1,0.014374294587573637,1.2803664438847704,True,False,[7],[0.1018857782164521]
26,5,620,1,0.026070529334937358,1.4096799639132929,True,False,[5],[0.09486406947994987]
26,6,19,1,0.014678406358031495,1.2478626722491402,True,False,[7],[0.13893572226112896]
26,7,114,1,0.01495071600832275,1.5819216265134084,True,False,[8],[0.060982775776498195]
26,8,275,1,0.013255475127929845,1.2980856565220162,True,False,[7],[0.09799730614314017]
26,11,186,1,0.014106973194257612,1.4423500970050551,True,False,[5],[0.08436547258131137]
26,12,350,1,0.015164266345617036,1.7686705138366698,True,False,[5],[0.07923187015381088]
26,13,93,1,0.014069675542676576,1.2443800183615632,True,False,[7],[0.09125426125119561]
26,14,296,1,0.01297243608368547,1.406712938679891,True,False,[7],[0.11875851810319732]
26,15,11,1,0.013157449823795433,1.2806287142176485,True,False,[7],[0.1433961885317979]
26,16,17,2,0.009867837538321784,1.1222233529435082,True,False,"[7, 15]","[0.06605639606346562, 0.028409858917748405]"
26,17,308,1,0.01421648736419474,1.70507359133335,True,False,[5],[0.09411759576806067]
26,18,460,1,0.014015685075039228,1.368737840951786,True,False,[5],[0.09494077728230288]
26,19,12,1,0.013156961572753053,1.2492658775036083,True,False,[7],[0.13010330816227697]
26,20,515,2,0.010695311321622885,1.3355229879069719,True,False,"[7, 16]","[0.0690428509979443, 0.07082110034743776]"
26,21,526,1,0.014976236901313488,1.2736276569564002,True,False,[5],[0.08623036646026849]
26,22,32,1,0.013848410655998383,1.4129064474847797,True,False,[5],[0.10789324779264285]
26,23,153,1,0.013494663208082618,1.3616708326279425,True,False,[15],[0.10216827199854166]
27,0,0,2,0.010707457742154123,1.3273855728204096,True,False,"[8, 16]","[0.05826906778975095, 0.04531109264873318]"
27,1,470,1,0.014577387136045283,2.0233092110614663,True,False,[7],[0.12324832148299207]
27,2,273,1,0.015123512974012536,1.2321820748790098,True,False,[5],[0.06745749958816877]
27,4,7,1,0.013359715461475873,1.296644548999802,True,False,[8],[0.09472641032599217]
27,5,620,3,0.014468901125121583,1.4236173609443366,True,False,"[7, 8, 15]","[0.12929626318735787, 0.07580937046540137, 0.10374691541884551]"
27,6,19,1,0.015105731244082241,1.2486131826130515,True,False,[15],[0.05888448522948543]
27,7,114,1,0.015033041915196617,1.5851001848496433,True,False,[5],[0.09000274849321727]
27,10,323,1,0.01343400755196387,1.2955792005964435,True,False,[7],[0.12600653331984793]
27,11,186,1,0.013807888355556661,1.4410148222259136,True,False,[8],[0.07542115948766653]
27,12,350,1,0.014562861622878625,1.7660743560269478,True,False,[15],[0.06672130065988773]
27,13,93,2,0.013113243053042288,1.2684420605579307,True,False,"[7, 8]","[0.09288218477301162, 0.11562402840857275]"
27,14,296,1,0.013388225541161328,1.4216604984464207,True,False,[7],[0.13651682169243878]
27,15,11,1,0.015150777148840144,1.2806939210119042,True,False,[8],[0.0738442204852619]
27,16,17,1,0.015240161901694752,1.1218783225940676,True,False,[15],[0.038230967020025215]
27,17,308,2,0.01457582060872515,1.6975606273507093,True,False,"[7, 17]","[0.08740536889879091, 0.0619435876770569]"
27,18,460,1,0.014235490592272557,1.39115080262531,True,False,[5],[0.09668925358523284]
27,19,12,1,0.014744558909693593,1.2626269606621585,True,False,[8],[0.039535642517604566]
27,21,526,1,0.015192025940545209,1.273260044926922,True,False,[8],[0.08246483480155789]
27,23,153,2,0.010970496773776131,1.365353125128919,True,False,"[7, 15]","[0.10348782285374103, 0.11257347135701659]"
28,0,0,2,0.013278254792001376,1.3303336903049336,True,False,"[7, 15]","[0.10072903151342338, 0.10705284958229162]"
28,1,470,2,0.0107733128946844,2.0174776610221192,True,False,"[8, 12]","[0.10993842996165283, 0.07125186471513453]"
28,2,273,1,0.013085403267225267,1.2553496025575572,True,False,[15],[0.11066046577599162]
28,3,440,1,0.01378783889272377,1.7899455841288976,True,False,[7],[0.09970867952834458]
28,5,620,2,0.01565443780564827,1.4449261392977237,True,False,"[7, 8]","[0.14276838360871938, 0.09470774892808717]"
28,6,19,1,0.014607209303723254,1.2692496119848373,True,False,[7],[0.14005617965744444]
28,7,114,1,0.01300341235920219,1.583633082838726,True,False,[7],[0.10674249119707784]
28,9,546,1,0.015782534077395584,1.2161811378115692,True,False,[5],[0.048487301799618125]
28,10,323,1,0.013383094496788839,1.3136455639322122,True,False,[7],[0.12300316008210689]
28,11,186,1,0.014239032493655376,1.4372729630105217,True,False,[8],[0.08662328627781278]
28,13,93,1,0.013782600369001285,1.291270139548755,True,False,[7],[0.09384007587623851]
28,14,296,2,0.010790903812459687,1.4127493514920666,True,False,"[8, 16]","[0.08751653976763586, 0.07801184428292947]"
28,15,11,1,0.012263795235647836,1.3041852468056678,True,False,[7],[0.12494811728278618]
28,16,17,2,0.010681219399536401,1.1163146838734632,True,False,"[8, 15]","[0.0542391382723474, 0.05648141861648189]"
28,17,308,1,0.013144555944067403,1.7359089755107135,True,False,[5],[0.08699069918609227]
28,18,460,1,0.012979166452581382,1.3989481115842128,True,False,[7],[0.09451524649547544]
28,19,12,1,0.012514087781800316,1.2816876823866326,True,False,[7],[0.1230361155368555]
28,20,515,1,0.013613745620158697,1.3424649771588717,True,False,[7],[0.0745170308762136]
28,21,526,1,0.014367755750831976,1.286477577411746,True,False,[5],[0.09675550866004616]
29,0,0,1,0.015393535625791809,1.3432173687769422,True,False,[6],[0.07991115889690349]
29,1,470,2,0.009669518612094629,2.0361638410927467,True,False,"[7, 8]","[0.11417250415168005, 0.12070157724022992]"
29,2,273,1,0.013438735428032395,1.2633430198922802,True,False,[7],[0.09699112817188488]
29,3,440,1,0.015041456302270651,1.810580405959852,True,False,[5],[0.0692415601983015]
29,4,7,1,0.014007034682456777,1.296107216377903,True,False,[7],[0.09817747592080105]
29,5,620,1,0.01672753901745638,1.46110582124237,True,False,[7],[0.14007117528319898]
29,6,19,1,0.013740887339454881,1.271259609654763,True,False,[5],[0.07115392910779782]
29,7,114,1,0.012999994352916426,1.5863184313548246,True,False,[15],[0.03382407576663271]
29,8,275,1,0.01261607569963824,1.316748248405438,True,False,[7],[0.10269754863933099]
29,9,546,1,0.015308005474130559,1.2337947282562907,True,False,[5],[0.044580437780203555]
29,10,323,1,0.01487562423962488,1.3257298303697547,True,False,[5],[0.09028730454747401]
29,11,186,2,0.010492215224024642,1.4441543771131264,True,False,"[7, 8]","[0.07147009402476041, 0.10365604249469056]"
29,12,350,1,0.014955997178670015,1.8016074052202207,True,False,[5],[0.08298530162294138]
29,13,93,1,0.014602719727273063,1.30947124335455,True,False,[16],[0.08742796737158506]
29,14,296,3,0.008442447120198893,1.4214408267214769,True,False,"[7, 16, 17]","[0.1235258837541109, 0.10189358480817162, 0.06607326841112424]"
29,15,11,1,0.014337382703030888,1.3048844602511431,True,False,[8],[0.10169703267776115]
29,16,17,1,0.013478260856335902,1.12783773691228,True,False,[8],[0.061249976337873616]
29,18,460,1,0.014257498629155915,1.4252755345302657,True,False,[5],[0.08512792901792239]
29,19,12,1,0.012311872621369289,1.3038881231608912,True,False,[7],[0.13253192339542452]
29,22,656,2,0.022965317024601643,1.3317196723036138,True,False,"[7, 15]","[0.12418534704486853, 0.1047350773835308]"
29,23,153,1,0.014680439962901895,1.3685271720107466,True,False,[8],[0.08896030085524043]
30,0,0,1,0.015151919598652445,1.3569128465191382,True,False,[6],[0.08654997711797828]
30,1,470,1,0.015028347104680883,2.062828832782491,True,False,[5],[0.08666415913815682]
30,2,273,1,0.014006332963462891,1.262819098890383,True,False,[16],[0.07973126527321574]
30,3,440,1,0.01277241722558032,1.8342716900200697,True,False,[7],[0.11573945637787776]
30,5,620,1,0.017048045202698148,1.461097579733057,True,False,[16],[0.06966411480695438]
30,6,19,1,0.01358122549425146,1.271029547497682,True,False,[5],[0.09183650822005417]
30,7,114,1,0.012990228056672947,1.5957465115144618,True,False,[7],[0.11435839516814335]
30,8,275,1,0.01394789269018151,1.3396875134599477,True,False,[5],[0.07130302869741613]
30,9,546,1,0.015364097501222381,1.2544478323463064,True,False,[5],[0.06256746250301415]
30,10,323,1,0.014862801720668487,1.3425897066714763,True,False,[5],[0.09190250486362551]
30,11,186,2,0.013042892010916213,1.4460953585859089,True,False,"[8, 17]","[0.12922001894355012, 0.07806671478871928]"
30,12,350,1,0.015395238666496301,1.8178927366985045,True,False,[7],[0.08280688697666902]
30,13,93,1,0.013478762908393255,1.3359907095641406,True,False,[5],[0.1145798326631794]
30,14,296,1,0.015565201862319977,1.4008284630657653,True,False,[8],[0.09693758923958537]
30,16,17,2,0.012351142291782332,1.1337956303375514,True,False,"[8, 16]","[0.08141797801112241, 0.09304458587603706]"
30,17,308,1,0.013511558307359202,1.7340525594709584,True,False,[12],[0.06821238845555716]
30,18,460,1,0.013645710499332284,1.4517460919535943,True,False,[5],[0.09333172340801103]
30,19,12,1,0.015285313962503329,1.3061684033932766,True,False,[6],[0.0311601169666692]
30,20,515,2,0.009701886171452217,1.3483709211989894,True,False,"[7, 8]","[0.09192825888059124, 0.06641250501602405]"
30,21,526,1,0.014679831379870258,1.287304486657666,True,False,[8],[0.08608497350016495]
30,23,153,1,0.015892709107013802,1.3720556955606924,True,False,[5],[0.09384260166212749]
31,0,0,1,0.015352742618665278,1.3644085838272186,True,False,[15],[0.12020676186990434]
31,1,470,1,0.013268428005528066,2.1056786018759643,True,False,[7],[0.11591858116087275]
31,3,440,1,0.014990219477138154,1.8544383606604509,True,False,[5],[0.06833439558503006]
31,6,19,1,0.014498797362632139,1.2708935705528919,True,False,[15],[0.07485614479618877]
31,7,114,1,0.013016043993276556,1.6260845600256866,True,False,[7],[0.10916476134427032]
31,8,275,1,0.013421156137937013,1.335881784673287,True,False,[6],[0.033658086467625005]
31,9,546,1,0.013817723416205102,1.278523082510359,True,False,[7],[0.09500740183150348]
31,10,323,1,0.014995337946880238,1.3638129059764799,True,False,[5],[0.08356293536345438]
31,11,186,1,0.01423233541966221,1.4579312840822036,True,False,[7],[0.07052345428967727]
31,12,350,1,0.01597295089110438,1.833622649220662,True,False,[7],[0.09757719530792926]
31,13,93,1,0.014232707702230158,1.347070328313105,True,False,[16],[0.09830116611694152]
31,14,296,1,0.012628604765993456,1.4008155008613765,True,False,[16],[0.09221783285499222]
31,15,11,1,0.012311028126910753,1.328878428643262,True,False,[7],[0.1220523375985316]
31,16,17,2,0.011375964277986327,1.155033679940399,True,False,"[7, 8]","[0.07344254759799389, 0.08581326739426051]"
31,18,460,1,0.013379054673754416,1.4596450192828294,True,False,[7],[0.10446760233255768]
31,19,12,1,0.014358303689427488,1.3045938265026007,True,False,[6],[0.0519498649779968]
31,20,515,1,0.014593353368327653,1.3523777127027996,True,False,[7],[0.11346143641291663]
31,21,526,1,0.012191800356823122,1.3070531421683047,True,False,[7],[0.09925004808030373]
31,22,656,1,0.013406746165581235,1.3586857521218678,True,False,[7],[0.12326823721282283]
31,23,153,1,0.013018822531972132,1.3824731923195643,True,False,[15],[0.11484480885861707]
32,0,0,1,0.015035338557707154,1.3781803433584547,True,False,[15],[0.12321302225398902]
32,1,470,1,0.01464812500276354,2.1354771354193165,True,False,[5],[0.10881284697512493]
32,2,273,1,0.014491427123030167,1.279348091111223,True,False,[5],[0.08188182945961685]
32,4,440,1,0.014974344264059723,1.8834239680489981,True,False,[5],[0.06503600477477463]
32,5,7,1,0.01565937985232309,1.3020826127199654,True,False,[8],[0.08938073133288253]
32,6,620,1,0.016173704699298654,1.4734466380544018,True,False,[7],[0.13986269781494062]
32,7,19,2,0.008561461495965162,1.2758395324895593,True,False,"[8, 15]","[0.05337562083293105, 0.03841384614744665]"
32,8,114,1,0.014012534458029578,1.6409776228157287,True,False,[8],[0.08545729260286931]
32,9,275,1,0.012039933673339033,1.3670701013406832,True,False,[7],[0.08800056186262545]
32,10,546,1,0.012290778000742861,1.2732919662504805,True,False,[15],[0.044264677273595295]
32,11,323,1,0.013986263867423361,1.3670106792857135,True,False,[8],[0.12953281197014951]
32,12,186,1,0.013684187534117183,1.4882698062782576,True,False,[7],[0.09190623287434005]
32,13,350,1,0.011179770179477253,1.8720100430579754,True,False,[7],[0.10755039516984177]
32,14,93,1,0.01507015143683508,1.3482600071016841,True,False,[8],[0.10299177371836228]
32,15,296,1,0.01298150871159052,1.4049833338924798,True,False,[17],[0.06046798804064326]
32,16,11,1,0.013396195448074145,1.3584286712862763,True,False,[7],[0.07219302088592426]
32,17,17,1,0.014964084304513462,1.1746320739077147,True,False,[15],[0.0222332841740681]
32,18,308,1,0.013438699568364786,1.7653581654846642,True,False,[7],[0.11349859374964597]
32,19,460,1,0.012176546155118286,1.4734403200966586,True,False,[8],[0.05559866990353241]
32,22,656,2,0.010631119140089587,1.3744338417161468,True,False,"[7, 8]","[0.12592183108784197, 0.0957376423531611]"
32,23,153,1,0.015654941824811485,1.3886994309759952,True,False,[5],[0.10059935478391802]
33,0,0,2,0.01051009432396659,1.389505261042096,True,False,"[6, 7]","[0.08371084429585093, 0.10040002898199736]"
33,1,470,1,0.014534605960300675,2.1710785160574537,True,False,[5],[0.12275069215652046]
33,2,273,2,0.012104116952061105,1.269919874666643,True,False,"[7, 12]","[0.1102676218037929, 0.04913154338006687]"
33,3,748,1,0.023700851901522595,1.3558684132179109,True,False,[7],[0.11574770437136646]
33,4,440,2,0.010530595455931263,1.904207449411285,True,False,"[7, 16]","[0.0994171070253949, 0.03174568445033211]"
33,6,620,1,0.018447753195884004,1.468800098625237,True,False,[8],[0.09147871608390967]
33,11,323,1,0.01271024920182624,1.3699337761029875,True,False,[8],[0.1270837034725598]
33,12,186,2,0.009694795034355011,1.5061615824396795,True,False,"[7, 17]","[0.08655376571693006, 0.06912746965375782]"
33,13,350,1,0.015312370129872998,1.8674780919187235,True,False,[12],[0.10311226048866037]
33,14,93,1,0.013897839582324694,1.380466406809915,True,False,[5],[0.04641155833439084]
33,15,296,1,0.012122152779388235,1.427105766202434,True,False,[7],[0.12017430518044792]
33,16,11,1,0.013322626884152741,1.3890781670779992,True,False,[7],[0.07312405493529886]
33,17,17,1,0.014613326745409574,1.170401802398126,True,False,[8],[0.06994133632153836]
33,18,308,1,0.01387329837509243,1.7955434225290112,True,False,[5],[0.10595405134896341]
33,20,12,1,0.013564988734845717,1.30974347008422,True,False,[8],[0.0756341393249319]
33,21,526,1,0.0144897184844869,1.3065169213113244,True,False,[8],[0.08992831703649964]
33,22,656,1,0.01414650446333267,1.3742277169018267,True,False,[8],[0.10967287215698598]
33,23,153,1,0.01226988329957489,1.4019524871537412,True,False,[15],[0.12279767503932275]
34,0,0,1,0.01564643763398504,1.3905018422923092,True,False,[5],[0.08465129963137497]
34,1,470,1,0.013895188136823942,2.2110102811022583,True,False,[5],[0.12585430730999692]
34,2,273,1,0.013482489218363673,1.2824272284481242,True,False,[15],[0.13278195439456153]
34,5,7,1,0.01558382398731749,1.3060463802771312,True,False,[7],[0.1507193522872681]
34,6,620,3,0.009918087937367532,1.4824442180273305,True,False,"[7, 8, 16]","[0.13664123227534244, 0.06430411648694927, 0.05228882810758589]"
34,7,19,1,0.015027653505559471,1.275478213096783,True,False,[8],[0.07545448857326546]
34,8,114,1,0.01175569832400232,1.6739792708053423,True,False,[7],[0.09720977697443743]
34,9,275,1,0.015159624760614226,1.3894498006047644,True,False,[5],[0.05998856498326802]
34,10,546,2,0.010464490697341268,1.293869125583482,True,False,"[7, 16]","[0.12683666454858905, 0.08021185253353368]"
34,11,323,1,0.013401291890160288,1.3973701421444968,True,False,[5],[0.08977155004554777]
34,12,797,1,0.04307080993663843,1.4220143605668052,True,False,[7],[0.08442076173532727]
34,13,186,1,0.013498541289935096,1.4994068579595206,True,False,[16],[0.12740671291625477]
34,14,350,1,0.011918554470297698,1.8991540272217355,True,False,[7],[0.13131247443402808]
34,15,93,1,0.013390122270236548,1.386324991753926,True,False,[7],[0.11237896979126871]
34,16,296,2,0.011281654087370878,1.4346712834677686,True,False,"[7, 8]","[0.08331636710909149, 0.08970626057075622]"
34,18,17,1,0.014920251732156251,1.1866744011013346,True,False,[15],[0.04458990421284591]
34,19,308,2,0.010903552262326897,1.8093687404163667,True,False,"[7, 17]","[0.12572742250657318, 0.07289323374674676]"
34,20,811,1,0.0879904445868477,1.8125722289277657,True,False,[5],[0.07147426114505227]
34,22,526,1,0.013382397757125755,1.3300283276027542,True,False,[7],[0.11565208684110223]
34,23,153,2,0.009846299996283883,1.4105213165476855,True,False,"[7, 15]","[0.09754710555101383, 0.11532189829320783]"
35,0,0,1,0.015231873285705428,1.4070560652007968,True,False,[6],[0.08189173150924609]
35,1,470,3,0.01059978752073447,2.213484793696119,True,False,"[8, 10, 12]","[0.12448994697521384, 0.0671255285982634, 0.08210724747357061]"
35,2,273,1,0.014036654689700553,1.2804172101398037,True,False,[7],[0.1232495973728675]
35,4,440,2,0.012102612788911591,1.933736627563174,True,False,"[7, 16]","[0.10358997346971374, 0.04620972041985695]"
35,6,620,1,0.016362351620324542,1.4880305253884734,True,False,[7],[0.15259927529219147]
35,7,19,1,0.013694069442906768,1.2794742241551187,True,False,[15],[0.06315911439423642]
35,8,114,2,0.008900042802056711,1.691333315261983,True,False,"[7, 8]","[0.10075764409129305, 0.08225091217601725]"
35,9,275,1,0.011577411907923224,1.4215407635027832,True,False,[7],[0.08708599723657431]
35,10,546,1,0.012505330880410727,1.3205069721827287,True,False,[7],[0.12657708800500128]
35,11,323,1,0.014083473437104187,1.4164446509511524,True,False,[7],[0.06744178230083256]
35,13,186,1,0.012855438316649212,1.5326877367737644,True,False,[5],[0.12112201554792802]
35,14,350,1,0.011834365928458702,1.938961171853382,True,False,[7],[0.12955195675113737]
35,16,296,2,0.00962599459775465,1.452801553622448,True,False,"[7, 16]","[0.10490193557916619, 0.0905638927731754]"
35,18,17,3,0.012170925227791864,1.1805889313287508,True,False,"[8, 15, 16]","[0.041700170390068826, 0.05271417986384972, 0.08976065859075642]"
35,19,308,2,0.011241761167265172,1.8257314577473107,True,False,"[7, 12]","[0.13167336984258068, 0.05577350729103915]"
35,20,811,1,0.01371638963511448,1.8228681149529133,True,False,[7],[0.10205086048250826]
35,21,12,1,0.013600308640510372,1.3090322191828903,True,False,[6],[0.029633722988078978]
35,22,526,1,0.012404842525350028,1.36131348410623,True,False,[7],[0.10057599433152163]
35,23,153,1,0.012185750270966588,1.433842029535462,True,False,[15],[0.11582947439207575]
36,0,0,1,0.015152949253143132,1.4087424414695966,True,False,[5],[0.0922487430138429]
36,1,470,1,0.014316339960310483,2.2157743210946426,True,False,[12],[0.09131619885821719]
36,2,273,1,0.013659814460879082,1.2820930145823786,True,False,[16],[0.07397751806058243]
36,3,748,1,0.014420087131173981,1.3711517937496314,True,False,[7],[0.11955160844561473]
36,4,440,2,0.011937305402970841,1.9720170233129386,True,False,"[7, 16]","[0.12366991383440415, 0.06881010094316108]"
36,5,7,1,0.015254504249970964,1.3123922735955758,True,False,[7],[0.14398625102841106]
36,6,845,1,0.020576271599045983,1.3545357992155211,True,False,[7],[0.14907352151139625]
36,7,620,2,0.014009139956167142,1.4913163687545496,True,False,"[8, 16]","[0.1019576218407586, 0.08506876430421707]"
36,8,19,1,0.012493540242440315,1.2935631557659577,True,False,[7],[0.09667278013381145]
36,9,855,1,0.018144695286669683,1.3962446304986913,True,False,[16],[0.061459225982507616]
36,10,114,1,0.014344006513948088,1.6941092504287503,True,False,[8],[0.12931259761637487]
36,11,275,1,0.014262994839323438,1.4437451524332134,True,False,[5],[0.10016079565490424]
36,14,797,1,0.012748331322026268,1.438542603385639,True,False,[7],[0.13024458100653857]
36,15,186,1,0.013783937867165296,1.5152085989502124,True,False,[8],[0.11202949098185931]
36,16,350,1,0.01403765862370879,1.9755680810358183,True,False,[5],[0.07748564766533206]
36,17,93,1,0.01516672720406013,1.3802194948384567,True,False,[7],[0.080086560197152]
36,18,852,2,0.08366591745870029,1.6663780835576385,True,False,"[8, 15]","[0.05409344497697064, 0.051319880935104104]"
36,19,17,1,0.014196433928063882,1.182138738286271,True,False,[16],[0.029872258371265087]
36,20,308,1,0.013655509596621955,1.8633209311773582,True,False,[5],[0.07418544015299122]
36,21,811,1,0.01197012732376936,1.8437121829096368,True,False,[7],[0.0986946231686836]
36,22,526,1,0.012654734725275686,1.391890065754197,True,False,[7],[0.09988334950578558]
36,23,153,1,0.013908963034790677,1.4361990815116246,True,False,[8],[0.09290595091243321]
37,0,0,1,0.014841267851167418,1.4254995982831524,True,False,[6],[0.07446487629827508]
37,1,470,1,0.013586213675848812,2.215677557117443,True,False,[12],[0.0987253433657899]
37,2,273,2,0.009937749475469245,1.2894289973471078,True,False,"[15, 16]","[0.1320783263362993, 0.10107864112811683]"
37,4,440,1,0.014027635869629393,2.0001868542587506,True,False,[16],[0.06260101780659846]
37,5,7,1,0.014790221261260587,1.321745784280514,True,False,[8],[0.07227975427503523]
37,6,845,1,0.013228863503969695,1.3812130387940673,True,False,[7],[0.1434348056345867]
37,7,620,1,0.01799812465087777,1.486553546490939,True,False,[8],[0.14208568423929385]
37,8,19,1,0.013481956077124322,1.3081647547323798,True,False,[7],[0.1040194187628839]
37,9,855,2,0.012419810863765863,1.4210699913280187,True,False,"[7, 8]","[0.11086095438994846, 0.11355529175357573]"
37,10,114,1,0.014132051768673125,1.6961224865559572,True,False,[8],[0.11575131888926503]
37,11,275,1,0.013195948527713393,1.4748104633713517,True,False,[5],[0.09621545208701053]
37,12,546,1,0.014070207186366764,1.3522482532292102,True,False,[5],[0.06996043729924355]
37,13,323,1,0.013441328717913998,1.4487002224350625,True,False,[5],[0.11836719440164431]
37,14,797,1,0.014858012831359119,1.4371134246352832,True,False,[5],[0.06050587290199695]
37,15,186,1,0.012814412943297038,1.5252836297600914,True,False,[7],[0.11125872345290341]
37,16,350,1,0.013829137055311786,2.016228704760559,True,False,[5],[0.07048729387288082]
37,17,93,1,0.01534649540083805,1.3800688891776582,True,False,[16],[0.034708142467795994]
37,19,17,2,0.010023706208274275,1.196815871347233,True,False,"[7, 8]","[0.1280555193557631, 0.06097408103208447]"
37,20,308,1,0.012314142000627996,1.8988934883198982,True,False,[7],[0.10763662615635765]
37,21,811,1,0.013218843936040461,1.8637927097449525,True,False,[5],[0.09625666493033959]
37,22,526,1,0.012492876877360571,1.4232594304657196,True,False,[7],[0.09615980485036273]
38,0,0,1,0.0146918583349218,1.4399856751566522,True,False,[6],[0.06874179790224566]
38,1,470,1,0.013251437149390491,2.223776546156724,True,False,[12],[0.09269641286250573]
38,2,273,2,0.009919037837408155,1.2907336905602074,True,False,"[8, 16]","[0.10341502803410456, 0.09581607290511601]"
38,3,748,2,0.01053967610036248,1.3782785461080154,True,False,"[7, 8]","[0.10897561229007525, 0.11664121861564267]"
38,4,440,1,0.012296202352139044,2.0152164863514206,True,False,[16],[0.051089528727522183]
38,5,7,1,0.014557819863188694,1.3332650635930199,True,False,[8],[0.06955623432670663]
38,6,845,1,0.012475638872492098,1.4070268500324266,True,False,[8],[0.054106662580314095]
38,7,620,3,0.010616296019003163,1.4998671241718229,True,False,"[7, 8, 15]","[0.13787819418013983, 0.12227436715994304, 0.11163247283323878]"
38,9,855,1,0.01674615530203936,1.4497400658506832,True,False,[5],[0.0814140451582786]
38,10,114,1,0.01218721192953842,1.7019032306920163,True,False,[16],[0.08988133389321845]
38,12,546,1,0.012527150750848037,1.3807666180912217,True,False,[7],[0.08303063540874263]
38,13,323,1,0.013213539347184921,1.4810179871232696,True,False,[5],[0.11316767144837885]
38,14,797,1,0.014382017360815473,1.4419927265761758,True,False,[5],[0.06441213853740554]
38,15,186,1,0.01248614232808498,1.5615862334520016,True,False,[5],[0.10476963856028719]
38,17,93,1,0.014625925622375186,1.3795500284214905,True,False,[8],[0.0853467017177142]
38,19,17,1,0.015671131490272012,1.2061559091176548,True,False,[5],[0.1026363210414151]
38,20,308,1,0.015393752664486922,1.9059043811802827,True,False,[12],[0.05127350940509871]
38,21,811,1,0.013807880556608544,1.86711461397234,True,False,[8],[0.12062059200373204]
38,22,526,1,0.012293391686170664,1.4548886821892526,True,False,[7],[0.09391492566786076]
38,23,153,2,0.010829800071682607,1.4421647919802199,True,False,"[7, 8]","[0.0966012184616208, 0.09410558339612728]"
39,0,0,1,0.015010059817638033,1.4377863790376677,True,False,[16],[0.056519870903407626]
39,1,470,1,0.01382600659323727,2.2363745579189818,True,False,[12],[0.08423686344652818]
39,2,273,1,0.013441916044709347,1.2937697207885341,True,False,[8],[0.10888027030907994]
39,3,748,1,0.015431742018580838,1.377902551668512,True,False,[5],[0.07835884681805946]
39,5,7,2,0.010892419800944119,1.338377133078787,True,False,"[7, 8]","[0.1290377556186677, 0.07904548146031744]"
39,6,845,1,0.013137391981799359,1.4378943884470012,True,False,[8],[0.05946170485964495]
39,7,620,2,0.016155185316995013,1.4946709269941552,True,False,"[8, 12]","[0.14996839775059329, 0.05126966286780242]"
39,8,19,1,0.013077522091872403,1.3261365796336981,True,False,[7],[0.10341502004323752]
39,9,855,3,0.013747538873690446,1.453344522030545,True,False,"[8, 15, 16]","[0.13686927590206835, 0.06667994453974752, 0.08377445256113342]"
39,10,114,3,0.009873488996990932,1.7218566233332837,True,False,"[7, 8, 15]","[0.14096860067841574, 0.11668636005219404, 0.07067280690726455]"
39,11,275,3,0.011281199292491145,1.4739857801170244,True,False,"[6, 7, 8]","[0.041554463973728736, 0.08595854337340458, 0.13361868785633962]"
39,12,546,1,0.014184375233041367,1.382173249883537,True,False,[15],[0.09041977015497385]
39,13,323,1,0.013128773236745403,1.5005365809779747,True,False,[8],[0.11919079498070798]
39,16,350,1,0.012494618590444706,2.0589153703007703,True,False,[5],[0.07729114059509301]
39,17,93,1,0.011909527542171996,1.4029514835397803,True,False,[5],[0.0935674925349562]
39,18,852,1,0.013976704596281177,1.6760681797637895,True,False,[7],[0.11674599143529352]
39,19,17,2,0.00972206452810515,1.2181983262669085,True,False,"[8, 16]","[0.05960824969279602, 0.025213086323146786]"
39,20,308,2,0.00955693717601968,1.9246345831574214,True,False,"[7, 12]","[0.10068340068063629, 0.06865589984435759]"
39,21,811,1,0.012468456472737753,1.880959315626393,True,False,[7],[0.11507770896439193]
39,23,153,1,0.012499576468128794,1.4626775816864122,True,False,[15],[0.11052841145655672]
40,2,273,1,0.013637499992298468,1.2947406194753122,True,False,[16],[0.10425775232201953]
40,4,440,1,0.012272052828239807,2.063474562215361,True,False,[7],[0.126558551241291]
40,5,7,1,0.013567331072685119,1.3434683948486945,True,False,[7],[0.129687094136322]
40,6,845,1,0.012038775559520596,1.4643425489957247,True,False,[8],[0.06561929811072119]
40,7,620,1,0.015865233908986337,1.491425745476136,True,False,[8],[0.13700961693882072]
40,8,19,2,0.010416241091124588,1.34199225413166,True,False,"[7, 15]","[0.10108941872820218, 0.026876345882706463]"
40,9,855,2,0.016089453575008232,1.4531362580926037,True,False,"[15, 16]","[0.08662118512978316, 0.10333594957343321]"
40,10,114,1,0.01421535626773353,1.7417074620559516,True,False,[5],[0.09042153589779507]
40,12,546,1,0.012367469924508646,1.411041071411675,True,False,[7],[0.09936319323476979]
40,13,323,1,0.014095140590842286,1.528243083543494,True,False,[5],[0.11970428576117803]
40,14,797,2,0.01000702068135951,1.456962153069098,True,False,"[7, 15]","[0.12400113856512664, 0.065506589053051]"
40,15,186,2,0.009042863124046228,1.5607319490847318,True,False,"[7, 8]","[0.10514299354459777, 0.11749478720488689]"
40,16,350,1,0.012124873628732229,2.108420344354257,True,False,[7],[0.09765466464531335]
40,17,958,1,0.013628034006830188,1.4546202215880486,True,False,[8],[0.09122268691065868]
40,18,308,1,0.015815868789029356,1.9067306568920284,True,False,[17],[0.07310037806502244]
40,19,811,1,0.013543990087271241,1.9142657567857175,True,False,[5],[0.10498389383556098]
40,21,852,1,0.014023562992098471,1.6736532100175594,True,False,[8],[0.12480525128311276]
40,22,17,1,0.015368617664780804,1.2111232087500678,True,False,[16],[0.058962955923760954]
41,0,0,1,0.01484665840782412,1.4449404730699187,True,False,[5],[0.11048323818408226]
41,2,273,1,0.013548310891284882,1.298402681974923,True,False,[8],[0.11018583983546727]
41,3,748,1,0.01371250712816745,1.3779781969084866,True,False,[8],[0.11339653577909842]
41,4,440,2,0.008909005362549488,2.0800781369730084,True,False,"[7, 8]","[0.12113101804319808, 0.10855718204416777]"
41,5,7,1,0.014108692396239396,1.35709170101527,True,False,[8],[0.07562887990220775]
41,7,620,1,0.015570536231961878,1.4875435130690058,True,False,[8],[0.14212206419414714]
41,8,19,1,0.01478439051144258,1.347832816700678,True,False,[15],[0.03441121974198605]
41,9,855,2,0.011561660011750527,1.4607330046741016,True,False,"[7, 15]","[0.1112419544047424, 0.10089674788871403]"
41,10,114,1,0.011746044099970678,1.7835426335122084,True,False,[7],[0.13799021831494848]
41,12,546,1,0.012921798800315437,1.4408163481558867,True,False,[7],[0.11603814981290012]
41,13,845,2,0.010012357421499599,1.4710756536339051,True,False,"[7, 8]","[0.1108834697294342, 0.1296473829280356]"
41,14,958,1,0.01458739557844954,1.471261348062051,True,False,[5],[0.07071417790169167]
41,15,308,1,0.01233087379055316,1.9368841423884038,True,False,[7],[0.11005431899466832]
41,17,323,1,0.01429735469366339,1.5445447781691968,True,False,[7],[0.09187090918232349]
41,18,797,1,0.014488087880870061,1.4680261436945456,True,False,[7],[0.1299732534191444]
41,19,186,3,0.010148854467429712,1.5696008178268388,True,False,"[7, 16, 17]","[0.12623846722358167, 0.06014306898638881, 0.10569296908396109]"
41,20,350,2,0.011293906132240893,2.1165378288266576,True,False,"[7, 17]","[0.1095390880220269, 0.05223854141242477]"
41,22,17,1,0.014549362460730695,1.2188482397993188,True,False,[5],[0.12972418983326123]
41,23,153,1,0.013639598876366829,1.4627735220503146,True,False,[7],[0.08613242530748258]
42,1,470,1,0.01515507710502829,2.245791418875923,True,False,[12],[0.07901733468231226]
42,2,273,1,0.013156637780770126,1.3042873453468746,True,False,[16],[0.10067804396376928]
42,3,748,1,0.013675528775929181,1.4016064775560855,True,False,[7],[0.11665438428321132]
42,5,7,2,0.01354279866205984,1.3599331461420932,True,False,"[7, 15]","[0.14513755005421436, 0.12030009109139811]"
42,6,983,2,0.02469571597026976,1.5691847088209028,True,False,"[8, 16]","[0.0731365299395721, 0.06189414542614327]"
42,7,620,2,0.014545477162591199,1.5103608941507807,True,False,"[7, 16]","[0.15373581866091776, 0.11715382018292175]"
42,8,19,1,0.013989955345610084,1.3512637982092477,True,False,[5],[0.07953566997864894]
42,9,855,1,0.015766622252996076,1.481332238726633,True,False,[7],[0.10023560827870903]
42,12,546,1,0.013733648307762034,1.4436166058782263,True,False,[8],[0.12233304152464751]
42,13,845,1,0.012742999385457046,1.4660811463624899,True,False,[7],[0.10615939450276446]
42,14,958,2,0.011724788508367383,1.4842076164635782,True,False,"[7, 8]","[0.13585888909655097, 0.12214627972461999]"
42,15,308,1,0.013697620162979927,1.9781171766282188,True,False,[5],[0.11914667876150907]
42,18,797,1,0.014097777877974182,1.4865372683276992,True,False,[7],[0.12670475217169477]
42,19,186,1,0.012590705203635661,1.5902621554241918,True,False,[7],[0.1412408127873909]
42,21,852,1,0.015990399548492032,1.6678168471629158,True,False,[15],[0.07344162412456906]
42,22,17,3,0.009825135627646649,1.222743696646515,True,False,"[8, 15, 16]","[0.10921393623607473, 0.1007122836735173, 0.07059773779781146]"
42,23,153,1,0.013601648143342275,1.467028410880498,True,False,[7],[0.0858281373690812]
43,1,470,1,0.015214387563884508,2.273385527367465,True,False,[12],[0.09198223222238883]
43,2,273,1,0.013768227047216032,1.3191902717525263,True,False,[16],[0.11635336286098417]
43,4,440,1,0.012139065165342897,2.080368146165463,True,False,[16],[0.06904595274003417]
43,5,7,2,0.009607997281140581,1.3689101702673545,True,False,"[7, 8]","[0.13596302122362788, 0.06883033837131904]"
43,7,620,1,0.015966967296315727,1.539132910613361,True,False,[7],[0.15544085897654272]
43,8,19,1,0.014822110293366374,1.359647344423291,True,False,[5],[0.09969284305662961]
43,9,855,1,0.016700045041137063,1.5093162971911376,True,False,[5],[0.10799621055472251]
43,10,114,2,0.011807920560002459,1.8200627855345803,True,False,"[7, 8]","[0.13208344899344224, 0.11749454696162592]"
43,11,275,2,0.012152638060377138,1.4825516836038146,True,False,"[7, 8]","[0.10920076833574542, 0.14542470518820327]"
43,13,845,1,0.012367316842485357,1.485480115905038,True,False,[8],[0.11400887309128083]
43,15,308,2,0.009302872804063516,2.0004103394518937,True,False,"[7, 12]","[0.10367979900064728, 0.06107431896118396]"
43,16,971,1,0.03962511074834432,1.590870457029642,True,False,[7],[0.10182530131874745]
43,17,323,1,0.013266743118707102,1.5704870148515533,True,False,[7],[0.08852346117882674]
43,19,186,1,0.01206842158163511,1.6134278890577398,True,False,[7],[0.13967702372318222]
43,20,350,1,0.011158975307783231,2.162833910564325,True,False,[7],[0.11232974492109465]
43,21,852,1,0.013316425216155283,1.6650872995535124,True,False,[5],[0.10028847377235854]
43,22,17,2,0.013088085558443804,1.2274311582863335,True,False,"[8, 16]","[0.10824074867088093, 0.07911795358778935]"
43,23,153,1,0.011701131168919117,1.4902612824511683,True,False,[7],[0.077166984492388]
44,0,0,1,0.014516469049112106,1.4569081837329216,True,False,[6],[0.08685442013837895]
44,1,470,2,0.009276098723758671,2.2834087740364515,True,False,"[7, 10]","[0.12459050941697423, 0.11776044906550255]"
44,2,273,1,0.012940240610736203,1.3239142747489927,True,False,[15],[0.12718085315818992]
44,5,7,1,0.014104311287789675,1.3757883240762163,True,False,[5],[0.10521316508905146]
44,6,983,3,0.0074069261426435605,1.5805866701662779,True,False,"[7, 8, 15]","[0.12627777805252255, 0.07744297287914204, 0.07123403621628539]"
44,7,620,1,0.015761330572432192,1.566878456400348,True,False,[7],[0.1505637584834382]
44,8,19,1,0.012922767531643913,1.3806388234377531,True,False,[7],[0.10720244071171597]
44,9,855,1,0.017290513579882816,1.5170644163634708,True,False,[7],[0.13034862171605174]
44,10,1046,1,0.06178009650636369,1.9436782530911532,True,False,[7],[0.12681801565689266]
44,12,114,1,0.013606549252344663,1.853375361013112,True,False,[5],[0.07871070822639778]
44,13,275,1,0.010839731846524073,1.5166454465581802,True,False,[7],[0.09969894342062621]
44,14,1044,1,0.02923005871798425,1.5640374074676535,True,False,[5],[0.06787853776022783]
44,15,845,1,0.01323943537769199,1.4863331354502551,True,False,[5],[0.12279745466317321]
44,17,308,1,0.013274133080774332,1.9987087787629698,True,False,[8],[0.11911605828964383]
44,19,546,1,0.015478630223658061,1.4395048802539918,True,False,[16],[0.0888547275680521]
44,20,797,2,0.011774794249860533,1.4980890561044333,True,False,"[7, 15]","[0.12868408447118923, 0.0691756210212086]"
44,21,186,1,0.013264597293234478,1.628981239045392,True,False,[7],[0.11853989882147382]
44,22,17,2,0.013290429042345286,1.2323847776421286,True,False,"[8, 16]","[0.10292009544670964, 0.0799426031994099]"
44,23,153,1,0.013187934375222147,1.4907545648586995,True,False,[15],[0.1146843781165291]
45,0,0,2,0.012248422560969585,1.464784211616026,True,False,"[7, 15]","[0.10442704021706228, 0.12221481262234613]"
45,1,470,1,0.013528728279244005,2.317688780758768,True,False,[7],[0.12763967258123202]
45,4,440,2,0.008222662329114065,2.102196227400316,True,False,"[7, 16]","[0.11230797657073473, 0.07021241835047135]"
45,5,7,1,0.014868589614017554,1.3917374248279761,True,False,[8],[0.07216739200497159]
45,6,983,1,0.013934502362954754,1.57948185883085,True,False,[7],[0.12162747023920757]
45,7,620,2,0.010997913847780285,1.5844919790177832,True,False,"[7, 8]","[0.14996506423119974, 0.1529599182235077]"
45,9,1032,2,0.04504074501231157,1.5881251491142108,True,False,"[15, 16]","[0.11115523402484334, 0.11378632049369637]"
45,10,114,1,0.013884618032337351,1.8806072586650815,True,False,[8],[0.10537162151643921]
45,11,275,3,0.012096543722722126,1.5258503163017039,True,False,"[6, 7, 8]","[0.06357709119052715, 0.1194181164670571, 0.15501793722731513]"
45,12,1044,1,0.013620990906843405,1.5922815706691829,True,False,[5],[0.08668932338226448]
45,14,19,1,0.015391383980338416,1.374752963513369,True,False,[8],[0.14375128667128811]
45,15,855,1,0.016102599937615848,1.518318916641297,True,False,[16],[0.06267837195646568]
45,17,971,1,0.011348146709041697,1.6204201748417673,True,False,[7],[0.07886563382241128]
45,18,546,1,0.013998137570799506,1.4633634630778225,True,False,[7],[0.13109762573172742]
45,19,797,1,0.014660368762738407,1.5024474972734627,True,False,[5],[0.10619718846089166]
45,20,186,1,0.013282377160191589,1.659925016712658,True,False,[5],[0.08540131779459602]
45,22,308,1,0.012057486016315837,2.031373341396334,True,False,[7],[0.09851294024471326]
45,23,17,1,0.013567274075910707,1.231523784218212,True,False,[15],[0.10210802943411906]
46,2,273,3,0.00867448236311697,1.3324765914003882,True,False,"[8, 15, 16]","[0.1178651659008676, 0.13139618229513705, 0.11312996438780838]"
46,3,748,1,0.013735382999242504,1.428769983884562,True,False,[7],[0.11566821385465137]
46,4,440,1,0.01246315382468055,2.1381998245562346,True,False,[7],[0.13371326711586587]
46,6,983,2,0.008975246845194847,1.5835375374545195,True,False,"[7, 8]","[0.12379749991184934, 0.07705691689457826]"
46,8,1059,1,0.0672662651950268,1.584880924658414,True,False,[15],[0.04489952395072304]
46,9,1032,2,0.011859305116558234,1.585709143300202,True,False,"[6, 15]","[0.03822871872586344, 0.11109688678697577]"
46,10,114,4,0.011002708713281044,1.9036386770031744,True,False,"[7, 8, 15, 16]","[0.14653235806424658, 0.13098845129317693, 0.10186732316515716, 0.12262956280291976]"
46,11,275,1,0.013600846212415365,1.5558055368973431,True,False,[5],[0.10030886787527493]
46,12,1044,1,0.012725857029202934,1.6232979919898542,True,False,[7],[0.11833702513411663]
46,13,845,1,0.011912822738771442,1.51085808555701,True,False,[8],[0.10773459101225914]
46,15,855,1,0.01784539061551924,1.5203093876258844,True,False,[15],[0.06067570673575973]
46,16,1046,1,0.01043329550740806,1.9873997418081149,True,False,[7],[0.10537591336449095]
46,17,971,1,0.014270836053860127,1.6226399816133905,True,False,[15],[0.053753116141368795]
46,19,797,2,0.009731524523874005,1.5173766548399605,True,False,"[7, 15]","[0.12155746912107068, 0.08589413371393677]"
46,20,186,3,0.008311150068002737,1.670393402008918,True,False,"[7, 8, 16]","[0.12536595077676566, 0.09428304663986364, 0.09227945269513602]"
46,22,308,1,0.014401974273877977,2.0303581612005863,True,False,[12],[0.06846024633576783]
46,23,17,1,0.015207922354037338,1.2403461135569198,True,False,[5],[0.10940600494940012]
47,0,0,1,0.014089512561461535,1.4825029318257432,True,False,[15],[0.1225169115488383]
47,1,470,1,0.013721928546270603,2.335377941151914,True,False,[5],[0.14025325670215893]
47,2,273,1,0.013044394784873011,1.3435245326982994,True,False,[15],[0.1477193462376482]
47,4,440,1,0.013121127833442506,2.1340742522366742,True,False,[16],[0.09726994718204418]
47,5,7,1,0.013725570101814273,1.4158401025978842,True,False,[8],[0.08777459587331556]
47,6,983,3,0.010405722186228615,1.5959146482671196,True,False,"[7, 8, 16]","[0.11691198565502951, 0.09287942998045799, 0.08145577771142821]"
47,7,620,1,0.017000699268603463,1.6163017388528735,True,False,[5],[0.11598976704998358]
47,13,845,1,0.011981782457446815,1.5116869074462291,True,False,[7],[0.09933917189799353]
47,14,19,1,0.012747253226271,1.3946549585271169,True,False,[7],[0.13057074132578714]
47,15,855,2,0.01303047730272403,1.524268653827549,True,False,"[7, 15]","[0.1143874424692791, 0.0922608783863886]"
47,16,1046,3,0.016082193177794975,1.959415228309659,True,False,"[10, 12, 15]","[0.05443824641221471, 0.10206937406491269, 0.10009926756079039]"
47,18,546,1,0.013668887780775595,1.4910140324445325,True,False,[7],[0.1279545429362878]
47,20,186,1,0.012609572881379408,1.7005764790017202,True,False,[7],[0.12786642237126963]
47,21,1125,1,0.01984423271476637,1.5257344485104867,True,False,[5],[0.09406168577967602]
47,22,958,1,0.013274215657724308,1.5041945782638608,True,False,[7],[0.09498679914823675]
47,23,308,1,0.010300566684493516,2.0736054297123205,True,False,[7],[0.08913083306810214]
48,1,470,1,0.014469861946622635,2.3514609135508895,True,False,[5],[0.15772298454359285]
48,2,273,3,0.008242950079965344,1.3493535982117975,True,False,"[7, 15, 16]","[0.12159789428419672, 0.1416900890875883, 0.10736197863444488]"
48,3,748,1,0.012731700275467822,1.4598956756243746,True,False,[7],[0.10299048011377193]
48,4,440,1,0.012269477075130453,2.133557033646583,True,False,[16],[0.09087253899825512]
48,6,983,1,0.012101540506356609,1.6294031002500142,True,False,[15],[0.07965919678668344]
48,7,620,1,0.013948828993511773,1.6511262311807464,True,False,[7],[0.15224208824302357]
48,8,1059,2,0.009528285078146664,1.5995821108140424,True,False,"[7, 8]","[0.1107702213702466, 0.08610376413664253]"
48,9,1032,3,0.010003091570421046,1.591626498430106,True,False,"[6, 7, 15]","[0.048202675011803024, 0.1274165298073637, 0.11414282346990236]"
48,10,114,2,0.012856175232929451,1.9109577634495172,True,False,"[8, 16]","[0.1544001407566999, 0.16121374499428956]"
48,11,275,1,0.013401612963180771,1.5874410232581564,True,False,[5],[0.09218675786400564]
48,12,1044,1,0.012061331271224829,1.6586205032703285,True,False,[7],[0.11346857059917025]
48,13,845,1,0.013287692423155247,1.5140459724608761,True,False,[7],[0.11365689920460846]
48,14,19,1,0.013815531096243271,1.3895489912078265,True,False,[15],[0.06779800286938566]
48,17,971,1,0.010870173270042086,1.6597645662594562,True,False,[5],[0.09128213882270397]
48,20,186,1,0.012672395022633098,1.731982508046705,True,False,[7],[0.1397578202583784]
48,21,1125,2,0.009398187249341215,1.534768700529521,True,False,"[7, 8]","[0.13052922772479883, 0.12525603952209377]"
48,22,958,1,0.013158373976137203,1.5273347965211626,True,False,[7],[0.09778488350215739]
48,23,308,1,0.013295651004225131,2.077312917966692,True,False,[15],[0.11024469064496806]
49,0,0,1,0.013088160063527244,1.4825590401153976,True,False,[16],[0.06426923133135536]
49,1,470,1,0.013315885256177915,2.350585150792956,True,False,[8],[0.14129614630346382]
49,2,273,2,0.01037031731495766,1.3559199515870544,True,False,"[8, 15]","[0.13552936594450712, 0.13797171014375298]"
49,3,748,1,0.01209358052002708,1.4620145522063108,True,False,[8],[0.09680024976514445]
49,4,440,1,0.01221803402451668,2.133323801198955,True,False,[16],[0.08988763619599688]
49,5,7,1,0.012998231220285138,1.4464469729991163,True,False,[8],[0.07543766638228014]
49,6,983,1,0.013846997355284267,1.6424135113718703,True,False,[8],[0.10007182682924709]
49,8,1059,1,0.013110863590505522,1.6235691086110349,True,False,[7],[0.11587937627987163]
49,9,1168,1,0.07857049461675125,2.350509856819168,True,False,[8],[0.13164457269107221]
49,10,114,1,0.014308060871674962,1.9290795562679524,True,False,[8],[0.13672054741311895]
49,11,275,2,0.012940967952192564,1.5986961357662846,True,False,"[6, 7]","[0.06393099534326768, 0.10926380751885487]"
49,13,845,1,0.011843373461837404,1.5364984256615202,True,False,[8],[0.1003775237450483]
49,14,19,1,0.014140828038707707,1.413088970539139,True,False,[5],[0.07018549757934434]
49,15,855,4,0.008877144958047393,1.534329075214504,True,False,"[7, 8, 15, 16]","[0.11858893398113246, 0.13129742408047756, 0.08162679275312847, 0.08226955411929993]"
49,16,1046,1,0.01296472487113066,1.99780276547785,True,False,[5],[0.08449826994329808]
49,17,1032,2,0.010569833332442553,1.598179763268256,True,False,"[6, 15]","[0.046309114458581116, 0.05566629573152704]"
49,18,971,1,0.01473054512991435,1.6729966107958993,True,False,[6],[0.03561608567143178]
49,19,546,1,0.014109716455903884,1.5149105815466917,True,False,[5],[0.11749926684576235]
49,21,186,2,0.011564315059248239,1.7469294832583948,True,False,"[7, 16]","[0.13915128015258157, 0.08596158790030853]"
49,22,958,1,0.01238444816815738,1.5583259039899278,True,False,[7],[0.0913970769332475]
49,23,308,1,0.014931149382948006,2.0750614382796857,True,False,[17],[0.05525038587832282]
50,0,0,1,0.01476146418958109,1.4942261012526783,True,False,[5],[0.12324577957049361]
50,2,273,2,0.009992663965528552,1.3643986953835154,True,False,"[7, 16]","[0.11163160113453628, 0.08634743015733631]"
50,4,440,1,0.011450012093086628,2.132321705793454,True,False,[16],[0.08790342039093249]
50,5,7,1,0.01315329932079257,1.468702795247978,True,False,[5],[0.10073285307986571]
50,6,983,1,0.01318119556260288,1.6801733455460375,True,False,[15],[0.09207745822430888]
50,7,620,1,0.014834108644699456,1.6783535462682564,True,False,[7],[0.1610520841130978]
50,8,1059,1,0.014362147517265427,1.6194027423658766,True,False,[15],[0.049452706586334216]
50,9,1168,1,0.013491030775723148,2.375917810067697,True,False,[7],[0.10069432323358465]
50,10,114,2,0.012319846461693606,1.9387470421867845,True,False,"[8, 15]","[0.12225053566404775, 0.10182384280237036]"
50,11,275,1,0.013127531946245117,1.6280702384951031,True,False,[5],[0.09720342452279922]
50,12,1044,1,0.013584460230883109,1.6633489448294443,True,False,[8],[0.1429734808981973]
50,13,845,1,0.012231063873419922,1.5613868927336612,True,False,[8],[0.09809887886902702]
50,16,1046,1,0.01116756326124573,2.0417606411266687,True,False,[7],[0.11354318868652141]
50,17,1032,1,0.012706599477871455,1.6028526622599248,True,False,[7],[0.07661330966888757]
50,19,546,1,0.013835546577017355,1.4954921868447297,True,False,[15],[0.109600862539244]
50,21,186,1,0.013543940314829462,1.7308239412175497,True,False,[8],[0.1337791476050962]
50,22,958,1,0.0133485954349523,1.586332368602731,True,False,[7],[0.09893828053492575]
50,23,308,1,0.012187781718882004,2.108466079048629,True,False,[7],[0.09622581517324158]
51,0,0,1,0.013551225540978441,1.5150238205210267,True,False,[15],[0.12688304085906918]
51,1,470,2,0.01215548537693213,2.3798585219279906,True,False,"[7, 12]","[0.11694406872106702, 0.08575739504568156]"
51,2,1214,1,0.04178590518725242,1.522651263446853,True,False,[8],[0.13919383404122032]
51,3,748,2,0.00864886762593015,1.4778753869698371,True,False,"[7, 8]","[0.09913719063576273, 0.09512233366560738]"
51,5,7,1,0.013559758269984599,1.4696233471085685,True,False,[7],[0.13234956437714887]
51,6,273,1,0.012859034751985568,1.3708382468165532,True,False,[5],[0.10374395663843117]
51,7,1059,1,0.013353233968352645,1.6110696249685716,True,False,[15],[0.11447788180276008]
51,9,114,1,0.014169680760277883,1.967258872530034,True,False,[5],[0.11284076254981072]
51,11,1044,1,0.01254426357481231,1.7009822214131631,True,False,[5],[0.10014436999886074]
51,15,855,1,0.01611144798480877,1.552987163992217,True,False,[7],[0.15003470348612424]
51,16,1046,1,0.01003273546959214,2.090857238552981,True,False,[7],[0.0989384798572263]
51,17,1032,3,0.008916143796453667,1.6100439177194277,True,False,"[6, 7, 15]","[0.0520615627072452, 0.07483310308795046, 0.06594839969412554]"
51,18,971,1,0.013054616403165449,1.7062856953353427,True,False,[5],[0.10446489429165103]
51,19,546,1,0.014903175529126532,1.4949040803993694,True,False,[16],[0.09964805600459252]
51,20,845,1,0.01264518494657666,1.570546685281224,True,False,[7],[0.1256703794051621]
51,23,797,1,0.014631807768819694,1.5313237272822113,True,False,[5],[0.10000053449309974]
52,0,0,3,0.00924517916237581,1.5268922195063945,True,False,"[6, 7, 15]","[0.07761852859901765, 0.0979452961980257, 0.11489754943078011]"
52,3,748,1,0.013601979249603413,1.4822318101376795,True,False,[8],[0.10320898851578733]
52,4,440,1,0.011929710832682336,2.1326552746685628,True,False,[16],[0.09761570924949214]
52,5,7,2,0.009027580965338797,1.4825762979078578,True,False,"[7, 8]","[0.11580688416930379, 0.08559562955644309]"
52,6,273,1,0.013753856651132369,1.395862242993353,True,False,[15],[0.10053283649253002]
52,7,1059,2,0.01110142860893869,1.6112515396673244,True,False,"[8, 15]","[0.1545713229704359, 0.11523101192160921]"
52,8,1168,2,0.01111058734119909,2.382413285901978,True,False,"[7, 15]","[0.11511291361987384, 0.06603984058572046]"
52,10,275,2,0.009762939886878168,1.6420293083148738,True,False,"[6, 7]","[0.046533381383703734, 0.1336274403709751]"
52,11,1044,1,0.012634045324009118,1.7390398499867892,True,False,[5],[0.11108057376526549]
52,13,620,1,0.015544761994196086,1.6768788638564118,True,False,[8],[0.10902199359241027]
52,15,855,1,0.015328816408831223,1.5879615955193556,True,False,[5],[0.1531444471933995]
52,16,1046,1,0.013227693064941136,2.1312598736679402,True,False,[5],[0.09509970183356051]
52,17,1245,1,0.035040806745118946,1.6698287467575779,True,False,[7],[0.07538520508314153]
52,18,1032,1,0.014196891245533461,1.6199972943335992,True,False,[6],[0.038110258123459556]
52,19,971,1,0.010162632203329847,1.7338567575991173,True,False,[7],[0.11642064380432603]
52,20,546,1,0.014406230963240186,1.5189344635097342,True,False,[5],[0.1038528427022763]
52,22,958,1,0.014211087064674721,1.5847962303840428,True,False,[11],[0.04756146894936198]
52,23,308,1,0.011986889784938769,2.148587264387486,True,False,[7],[0.10508275447992739]
53,0,0,2,0.00954476135510244,1.5415747606109726,True,False,"[6, 7]","[0.08080207551993789, 0.09986484745998911]"
53,1,470,2,0.010769606037043031,2.4075558528446903,True,False,"[7, 12]","[0.11061750977504158, 0.08640260512166334]"
53,3,748,1,0.012359629219577352,1.5128556783914562,True,False,[7],[0.09698189266485616]
53,4,440,1,0.013239348243404251,2.122022852511677,True,False,[8],[0.1200308102380762]
53,5,7,1,0.0138891675052598,1.5007800362312205,True,False,[8],[0.09225945147358013]
53,6,273,1,0.013586462548721397,1.4224875504892913,True,False,[15],[0.10629835983282265]
53,10,275,1,0.012899676764056163,1.6717890486409852,True,False,[7],[0.1419754943215104]
53,11,1044,2,0.009809194284427138,1.7499525791899961,True,False,"[8, 15]","[0.16044330932018808, 0.06913191109253951]"
53,12,983,2,0.009674284422356154,1.6939236535017774,True,False,"[7, 8]","[0.12090048085984183, 0.1435567152765109]"
53,13,620,1,0.015925123591631167,1.6843247080059713,True,False,[16],[0.13755213178101094]
53,14,19,1,0.01298329316144942,1.4347734585432153,True,False,[7],[0.13001841687990612]
53,15,855,2,0.013384271135544825,1.6009257821395722,True,False,"[7, 15]","[0.14986858569169328, 0.11517013523079336]"
53,17,1245,2,0.011868624315255814,1.6665365513070636,True,False,"[12, 15]","[0.0919225493797841, 0.07856728210970705]"
53,20,546,1,0.012570798947646155,1.5381204755738156,True,False,[7],[0.12455497321044572]
53,21,845,1,0.012937724735308957,1.5753338965576744,True,False,[7],[0.1382780215427413]
54,0,0,2,0.00990937622899216,1.5517283984521426,True,False,"[6, 16]","[0.08027349107440103, 0.08007459835786156]"
54,1,470,1,0.014779024420882936,2.41646798305531,True,False,[12],[0.080400030190041]
54,3,748,1,0.012254817666668517,1.5480668879236097,True,False,[7],[0.09543995642889586]
54,4,440,1,0.014062888663775964,2.165637316370356,True,False,[5],[0.06616416281926424]
54,9,1168,1,0.011901196208129246,2.3822171479703123,True,False,[8],[0.1360330299742842]
54,10,114,2,0.011355551225384281,1.9879059753056039,True,False,"[7, 16]","[0.1497534599656883, 0.16426142646065894]"
54,12,1294,1,0.023757569245398565,1.6268859032520444,True,False,[5],[0.0975154558696334]
54,13,983,1,0.015365000330014603,1.6584334596148145,True,False,[16],[0.14326075127173915]
54,15,19,1,0.013279341990240688,1.4371308960385552,True,False,[15],[0.11184152202216836]
54,16,855,1,0.013213953864504314,1.6298295989318474,True,False,[7],[0.1056766590291621]
54,17,1046,1,0.011257425194288483,2.179737418032411,True,False,[5],[0.10620781853027432]
54,18,1245,3,0.007883645940190441,1.68014026727119,True,False,"[7, 8, 12]","[0.12553883305140043, 0.049011164928683404, 0.04877080221911472]"
54,19,1032,1,0.011405977300876695,1.6422022594858687,True,False,[7],[0.10924349859599976]
54,20,971,1,0.01286339354690914,1.7580717484184012,True,False,[7],[0.13020379197154533]
54,21,1044,1,0.011636656807496615,1.7902581227596048,True,False,[5],[0.09775858327678677]
54,22,845,2,0.009379141155459798,1.5948253187447206,True,False,"[7, 8]","[0.08188368119820749, 0.10731931232053513]"
55,2,1214,1,0.013443748664970475,1.5207712332589685,True,False,[8],[0.14102672049586631]
55,3,748,1,0.01426276736730028,1.554364873987132,True,False,[5],[0.06823786012957701]
55,4,440,1,0.01269272479474899,2.1583026349423324,True,False,[8],[0.12487893957417787]
55,6,1274,1,0.01791010087363166,1.5576506101885652,True,False,[7],[0.11633189573472952]
55,8,273,1,0.014919292192876679,1.42690332918184,True,False,[16],[0.059592914462098974]
55,10,1168,1,0.013252558643688015,2.392286294711298,True,False,[15],[0.10563123627805898]
55,11,114,1,0.012933970808146938,2.0279119709516142,True,False,[5],[0.12567758688359618]
55,12,275,1,0.011353763567640444,1.7122181618911407,True,False,[7],[0.11853288826868584]
55,14,983,2,0.009218174009117314,1.6676717911004737,True,False,"[7, 15]","[0.12041835011156826, 0.0822402775756978]"
55,15,620,1,0.01522402976400721,1.7201442252933266,True,False,[5],[0.1477080368713459]
55,16,19,1,0.015094286227525792,1.4325183966774486,True,False,[15],[0.1151371085969312]
55,17,855,2,0.014191083299819428,1.6252464719462947,True,False,"[7, 16]","[0.10197086239453614, 0.07272365221633693]"
55,19,1245,1,0.012958474751347659,1.682720861635002,True,False,[8],[0.06213024780820429]
55,20,1032,2,0.012201487731976652,1.6453557087011337,True,False,"[7, 15]","[0.13452918273767278, 0.07350588449403064]"
55,21,971,1,0.013106546040872172,1.7808504360554895,True,False,[6],[0.04405351602919537]
55,22,845,2,0.010660668357388681,1.6017648058600427,True,False,"[7, 15]","[0.09941243011798138, 0.11856289340614737]"
55,23,1301,2,0.059758455861602805,1.6660280368281295,True,False,"[7, 8]","[0.12963143763655358, 0.11662860410214278]"
56,1,1333,3,0.012632799550728003,1.6352183056479934,True,False,"[8, 12, 15]","[0.14180695355076034, 0.07197112078297765, 0.031722527185345344]"
56,3,440,1,0.011063588464466485,2.191588599005117,True,False,[7],[0.08805720036922149]
56,5,1214,1,0.012799127032129346,1.5485282711071817,True,False,[5],[0.09583112584669277]
56,6,1059,1,0.013673149100692969,1.6237014294653043,True,False,[8],[0.10303843950224818]
56,7,1168,2,0.008859381687998432,2.419602989259856,True,False,"[7, 15]","[0.143479559281385, 0.11142425315889155]"
56,10,1274,1,0.012903977646452444,1.5583300610558843,True,False,[15],[0.1136019503841056]
56,11,1302,1,0.05078435408476999,1.636924562746616,True,False,[7],[0.10666006472460518]
56,12,273,2,0.010668737414044826,1.4327507894855644,True,False,"[15, 16]","[0.10215911457935736, 0.1233387242616089]"
56,13,855,2,0.01415578070363851,1.622555956686448,True,False,"[15, 16]","[0.09568270144694106, 0.15750002058564883]"
56,14,1046,1,0.01007005086086776,2.228264897165166,True,False,[7],[0.10579456076175889]
56,16,1032,1,0.013941631148037781,1.6534790046158307,True,False,[6],[0.04220964437165201]
56,17,275,1,0.010516566629438047,1.7382796082008405,True,False,[7],[0.09804946891580542]
56,18,1294,1,0.013098297072476112,1.6478053850176513,True,False,[5],[0.12693730337323603]
56,20,620,2,0.011861144494023725,1.7389996636774656,True,False,"[7, 16]","[0.13116977227489565, 0.13013720332219061]"
56,21,19,1,0.01310315033707559,1.4570483283645783,True,False,[7],[0.13152306253802948]
56,22,1301,1,0.014652259041881173,1.6889456883424898,True,False,[8],[0.12068939889994942]
56,23,845,1,0.012742086393929488,1.6127935845304082,True,False,[8],[0.1107967996740618]
57,2,748,1,0.011698190409600216,1.58513620889102,True,False,[7],[0.11470546481674006]
57,3,440,1,0.012585894030606838,2.1938198379161276,True,False,[16],[0.07145205971384631]
57,4,470,3,0.011806300929296689,2.4057114426555657,True,False,"[7, 10, 12]","[0.15576463720549755, 0.06754639698138526, 0.07972550113591421]"
57,6,1359,1,0.05997783481766307,1.878999869895704,True,False,[12],[0.06899717441737652]
57,9,114,1,0.012759964510270503,2.0257369848251234,True,False,[8],[0.14355734425508598]
57,12,1302,2,0.010128993944555813,1.6530741768628232,True,False,"[7, 12]","[0.11692624256785224, 0.042602129575248164]"
57,13,273,2,0.009990852413721139,1.4444712766230179,True,False,"[7, 16]","[0.12611860978517095, 0.15222542224301502]"
57,14,855,1,0.01673187082865851,1.6190523710740656,True,False,[15],[0.087686719026431]
57,15,1046,2,0.010874540974791846,2.2553206383349482,True,False,"[7, 12]","[0.15560907399081933, 0.09171862523523644]"
57,16,1245,2,0.009742383343887799,1.6790755237871802,True,False,"[7, 12]","[0.1051040136285843, 0.10592110978047169]"
57,17,1032,2,0.010542047355871888,1.6599409169608033,True,False,"[6, 16]","[0.060317329276561735, 0.07484137756995105]"
57,18,275,1,0.012752126614390331,1.7767324601733996,True,False,[5],[0.11572212222424691]
57,19,1294,2,0.01208727462476635,1.6579823313142035,True,False,"[7, 11]","[0.12492132310211819, 0.05141399167073284]"
57,20,983,1,0.012703201062041303,1.6669941609162433,True,False,[7],[0.11887739512925924]
57,21,620,1,0.016279378502234154,1.7546428405073873,True,False,[5],[0.11413077336231897]
57,23,1363,1,0.019377827235932038,1.6807770852204267,True,False,[16],[0.035196143566077975]
58,0,1369,1,0.018251430049188673,1.6524219810328902,True,False,[15],[0.12340100794602178]
58,1,1333,2,0.01178730806069819,1.6624967346089083,True,False,"[7, 15]","[0.1219773447910585, 0.04489219706240611]"
58,3,0,1,0.014167259180897143,1.5447270987452404,True,False,[6],[0.03147368903816608]
58,5,1214,1,0.01296796294881025,1.5719206251011255,True,False,[7],[0.1345874404751809]
58,6,1359,2,0.00892409122308884,1.894250203610933,True,False,"[7, 15]","[0.11103065065319245, 0.10727223642414248]"
58,7,1059,1,0.013165043303192287,1.621946786428592,True,False,[15],[0.10719691220188031]
58,8,1376,2,0.039430587392371076,2.7822018897616094,True,False,"[8, 15]","[0.0853705524541949, 0.06724850387213319]"
58,9,440,1,0.012429641852891374,2.2042685303638447,True,False,[16],[0.09455190499677561]
58,10,7,1,0.01356277117202867,1.498766785973913,True,False,[7],[0.16252275743783545]
58,11,1274,1,0.012711875277650286,1.5866537509843488,True,False,[5],[0.1285165561622083]
58,13,273,3,0.008043249922602556,1.4489216042699298,True,False,"[7, 8, 15]","[0.12017272408804067, 0.09799129594533651, 0.09551084961801187]"
58,15,114,2,0.00929390616988199,2.046768628102786,True,False,"[7, 8]","[0.14640116340110762, 0.12301185040789116]"
58,16,275,1,0.012278608291951687,1.812223400319079,True,False,[5],[0.08922198279810367]
58,17,1294,1,0.012914253097441831,1.6613929076607679,True,False,[8],[0.12642278753833708]
58,18,983,2,0.012552166185823253,1.6711972083247857,True,False,"[8, 15]","[0.05838771579531326, 0.07368989512861655]"
58,19,620,3,0.013276483273168138,1.763858675165808,True,False,"[7, 8, 12]","[0.14754309795236625, 0.0837006687520839, 0.10457246768227951]"
58,20,19,3,0.009001373184867609,1.460608989762281,True,False,"[7, 12, 15]","[0.12111158341788034, 0.08864648503578541, 0.07354122124720439]"
58,21,855,2,0.01580104151349603,1.629243275095687,True,False,"[7, 16]","[0.15590705671073515, 0.11278268585972483]"
58,22,1046,1,0.012321511017685602,2.294536736988084,True,False,[7],[0.08817506550933789]
58,23,1168,1,0.013907712891399674,2.4185248583958407,True,False,[8],[0.11543690785950829]
59,0,1369,2,0.015628099563143073,1.6538502410667182,True,False,"[8, 15]","[0.08225364388813171, 0.15181994182985728]"
59,1,1333,2,0.011639933163921649,1.6724960719671915,True,False,"[12, 15]","[0.08813519514640744, 0.05762536891761914]"
59,2,748,1,0.012661869829966258,1.6019773961017076,True,False,[8],[0.13535581277951084]
59,3,0,1,0.011431417734019008,1.5560536234332476,True,False,[7],[0.10632224437063471]
59,4,470,1,0.015101863756592091,2.4086956345559027,True,False,[12],[0.07944518425171537]
59,6,1359,2,0.012516027251301897,1.8951775448669166,True,False,"[11, 12]","[0.031834832944437515, 0.08066954620212492]"
59,8,1376,1,0.015470410920145748,2.7294306060098728,True,False,[10],[0.0282488600197777]
59,9,440,1,0.013507017144588799,2.1950133627746284,True,False,[8],[0.14087854273750663]
59,12,1302,1,0.010002077857257995,1.6946093006419247,True,False,[7],[0.11741768854118693]
59,13,273,1,0.011680754211869388,1.4631585713262973,True,False,[16],[0.1372045371321762]
59,14,1394,1,0.03612724923396006,1.6720151885798502,True,False,[5],[0.06908037424609423]
59,15,1378,1,0.04174183994676674,1.584925135304976,True,False,[7],[0.12533044729742765]
59,16,114,1,0.011440868724001657,2.0685225094344406,True,False,[7],[0.10575567924367442]
59,17,275,1,0.01110366449668368,1.8505455896724647,True,False,[5],[0.10001068249829685]
59,18,1294,1,0.01270072673962513,1.6846801414630823,True,False,[7],[0.12288448344735471]
59,20,620,1,0.015364876997986728,1.7627817263419168,True,False,[8],[0.09526014806639052]
59,22,1046,1,0.012542891781981503,2.3326771767773122,True,False,[7],[0.08812245150212203]
60,0,1369,1,0.016924698817598824,1.6586208508848719,True,False,[15],[0.14140605304041717]
60,2,748,2,0.008499817564204678,1.623603902852942,True,False,"[7, 8]","[0.10835267971087378, 0.1270312131624724]"
60,3,0,1,0.014448288581001426,1.554466371148891,True,False,[5],[0.06866352042332055]
60,4,470,1,0.015180190881629248,2.412096189568229,True,False,[12],[0.08688624658673084]
60,6,1359,2,0.014918450275432187,1.897054885326247,True,False,"[11, 12]","[0.06606168658615812, 0.11223569936911934]"
60,7,1059,1,0.01293038203253324,1.6201982208040606,True,False,[15],[0.10242298035747321]
60,8,1376,1,0.014581128366487346,2.7562031378629714,True,False,[7],[0.12095520600366653]
60,9,440,1,0.01412516217050963,2.213243549009066,True,False,[5],[0.11920957781056439]
60,10,7,2,0.010166210070671838,1.5056603125086265,True,False,"[7, 8]","[0.15083370260767334, 0.1195711452676855]"
60,11,1274,1,0.012629696704807986,1.6050895067799846,True,False,[7],[0.12006505613511168]
60,12,1302,1,0.012990013185720642,1.702330956999589,True,False,[12],[0.049097407764705316]
60,13,273,1,0.013854724874745294,1.4733204189923048,True,False,[5],[0.12095993597698673]
60,15,1378,1,0.013202697032555617,1.5849072506338986,True,False,[7],[0.13077305082541954]
60,16,114,1,0.01200621783627079,2.0889198175630304,True,False,[7],[0.11269798840305122]
60,18,1294,2,0.011325647804413022,1.6857800617836354,True,False,"[7, 8]","[0.14445026692247034, 0.07643027080135265]"
60,19,983,1,0.012956642469722153,1.6896216943585125,True,False,[7],[0.14261567760045477]
60,20,620,1,0.01413028877375228,1.7913967152671357,True,False,[7],[0.1394314219228733]
60,22,1046,1,0.012800000030678774,2.37576234723893,True,False,[5],[0.12320021700072697]
60,23,1168,2,0.011221253931524991,2.436566374164217,True,False,"[7, 8]","[0.12571796009185293, 0.12379937547765231]"
61,0,1369,1,0.01825568149920576,1.6584106380817791,True,False,[15],[0.15579479709840022]
61,1,1333,2,0.011230907127372475,1.6970752484892433,True,False,"[7, 15]","[0.11633605242502522, 0.07092104299253411]"
61,2,748,1,0.012195280631632327,1.6456595061307808,True,False,[8],[0.1196499857984621]
61,3,0,1,0.014704203820621542,1.5539646769282764,True,False,[6],[0.02918064299062673]
61,4,470,2,0.011810396354607457,2.4183003505821645,True,False,"[7, 12]","[0.1652162133755432, 0.09818479306150085]"
61,5,1214,1,0.012921330854360088,1.5924309592648191,True,False,[5],[0.09906526934388812]
61,6,1359,1,0.013766032669721132,1.8911815915920347,True,False,[15],[0.11111417862919863]
61,7,1059,1,0.0131837365936269,1.6153921720689868,True,False,[15],[0.10692677746648432]
61,8,1376,2,0.009542180956352985,2.783794243649712,True,False,"[7, 8]","[0.11065091183319273, 0.09106350879396412]"
61,9,440,2,0.009149958901415674,2.2195983579079583,True,False,"[7, 16]","[0.0987273115892742, 0.08896793455534904]"
61,10,7,2,0.01086109093194296,1.52105674959129,True,False,"[8, 15]","[0.1157384082355675, 0.12481353664098245]"
61,11,1274,1,0.012781892409932855,1.6354855925836662,True,False,[5],[0.12220882152188428]
61,12,1302,1,0.014062726752813656,1.7300974900464985,True,False,[5],[0.09296049092711406]
61,13,273,2,0.009329705179059025,1.4799004231255706,True,False,"[7, 8]","[0.13090419896703512, 0.11029779526791174]"
61,14,1394,1,0.010447557775129174,1.711571153099306,True,False,[7],[0.10787153706003699]
61,15,1378,1,0.013135827569328856,1.6094364229615197,True,False,[5],[0.1498121666526726]
61,16,114,1,0.011035888716678585,2.1001949385791816,True,False,[8],[0.09722182389473562]
61,17,275,1,0.014098194382260565,1.8516926554270572,True,False,[6],[0.08078713130334786]
61,18,1294,2,0.011074558356069185,1.6890924817247277,True,False,"[12, 15]","[0.07114612274406502, 0.07826185399520096]"
61,19,983,1,0.014251253810614456,1.7140360087433422,True,False,[8],[0.08624631777283825]
61,20,620,1,0.01647382884714395,1.8171332709443677,True,False,[5],[0.14477932595272217]
61,21,19,2,0.009804140980292987,1.4751032082917837,True,False,"[7, 15]","[0.14408193389324642, 0.09311406262181468]"
61,22,1046,1,0.013311427170040222,2.375625245567336,True,False,[11],[0.0715466778037851]
61,23,1168,1,0.012793922418495774,2.482584864310121,True,False,[7],[0.1174805533111744]
62,0,1369,2,0.015172091192444372,1.6621686101647921,True,False,"[8, 12]","[0.07376101924679106, 0.047186180007673856]"
62,1,1333,1,0.014632521338069663,1.7222312670360982,True,False,[7],[0.12104713219340012]
62,2,748,1,0.01284304258708764,1.6500098960255885,True,False,[5],[0.0815187319187156]
62,3,0,1,0.01518791871786165,1.5517696404304742,True,False,[6],[0.039279918821254804]
62,4,470,1,0.012783043392680965,2.418687189085712,True,False,[8],[0.1312566569970142]
62,5,1214,1,0.012104971062784676,1.6193493685568925,True,False,[7],[0.14588829717737822]
62,6,1359,1,0.01238687829684438,1.8981832486913754,True,False,[5],[0.12448248324354395]
62,8,1376,2,0.010577053789177214,2.7846803450655346,True,False,"[8, 12]","[0.09323823230888904, 0.037127498177087194]"
62,9,440,1,0.013514485138520492,2.2420575437483423,True,False,[5],[0.11697991381014908]
62,10,7,1,0.012045022008622352,1.5545761314144222,True,False,[8],[0.0949218784760808]
62,12,1302,1,0.013961917985805636,1.7582744188851216,True,False,[5],[0.0986341783802184]
62,13,273,1,0.011817478524131854,1.4936319277050523,True,False,[16],[0.1289405914320893]
62,15,1378,1,0.012037758735829811,1.6406978516683668,True,False,[8],[0.12739190925034372]
62,18,1294,1,0.01413623152015928,1.704143840587187,True,False,[7],[0.1435305208574649]
62,19,983,1,0.01332565329848037,1.740969431989729,True,False,[8],[0.07882493547120825]
62,20,620,2,0.012130249708443303,1.8169653503577068,True,False,"[8, 16]","[0.1382571048523328, 0.1492348641006833]"
62,21,19,3,0.007609875229794633,1.4880066543929609,True,False,"[7, 8, 15]","[0.12594094585928448, 0.13319008436763777, 0.09765285232482386]"
62,22,1046,1,0.013932798974129494,2.4016934878980765,True,False,[7],[0.11559173432134931]
62,23,1168,1,0.01451657773520116,2.476330359692199,True,False,[8],[0.14298243380922893]
63,0,1369,1,0.018217494184595888,1.6628112500444674,True,False,[15],[0.16352271830343648]
63,1,1333,1,0.013629046093203423,1.7517657733844119,True,False,[7],[0.12387654114889636]
63,3,0,2,0.01274732748891038,1.5567886454419568,True,False,"[15, 16]","[0.07451832265955041, 0.0896627654296983]"
63,4,470,3,0.010617589580972095,2.4205386746692237,True,False,"[7, 8, 12]","[0.17797695422162332, 0.14895575251573487, 0.13181230839491667]"
63,5,1214,1,0.012879669719810931,1.618195928647986,True,False,[8],[0.09146629723184861]
63,6,1359,2,0.009132676791335455,1.9128309546904387,True,False,"[7, 15]","[0.1115281049660519, 0.10922642505910075]"
63,7,1059,1,0.012487917564793225,1.6111639710380352,True,False,[15],[0.09763900721059303]
63,8,1376,1,0.013283798229258546,2.8297475360388136,True,False,[5],[0.10944425900589429]
63,9,440,1,0.0112380752202905,2.243263421068765,True,False,[16],[0.0955867094508725]
63,10,7,1,0.013207779986242497,1.5867275118552302,True,False,[8],[0.09717707017327439]
63,11,1274,1,0.011902351466154681,1.6616591710959505,True,False,[7],[0.10601273168407453]
63,13,273,1,0.01365777782275858,1.514244955978082,True,False,[5],[0.12239605658731975]
63,15,1378,1,0.01278231498731206,1.6690038379474452,True,False,[5],[0.13836309573009545]
63,16,114,1,0.010826172915215483,2.1164535033751695,True,False,[8],[0.08726448110394636]
63,17,275,1,0.011247130768735477,1.893823391736705,True,False,[5],[0.09620132753047678]
63,18,1294,3,0.009842047557567358,1.7110673903649076,True,False,"[7, 8, 11]","[0.13759539232061313, 0.09270385653570029, 0.03580585910921249]"
63,20,620,1,0.01608982382554111,1.8098373529988894,True,False,[16],[0.1764582338179891]
63,21,19,1,0.011870943923879992,1.4874888921478973,True,False,[8],[0.1259147074102891]
63,22,1046,1,0.012679005312340681,2.4476349216217796,True,False,[5],[0.1321012529901893]
63,23,1168,1,0.013582459323749187,2.520537826609688,True,False,[5],[0.10616537528497341]
64,0,1369,1,0.01906815560357509,1.6820191363780304,True,False,[12],[0.07779438125099224]
64,1,1333,1,0.015521017995320258,1.7738582523691275,True,False,[12],[0.0962520090801539]
64,3,0,1,0.013967120722405262,1.5697851813626784,True,False,[15],[0.07697368992951738]
64,4,470,1,0.014022766653901116,2.421308448867281,True,False,[8],[0.16210071791920697]
64,5,1214,2,0.00832235345302016,1.6367415649762296,True,False,"[7, 8]","[0.143597807874638, 0.08395799569978715]"
64,6,1359,3,0.008224847704216115,1.9230271259426845,True,False,"[7, 12, 15]","[0.11689633875602146, 0.1124245496310583, 0.1079670643621229]"
64,7,1059,1,0.011655857704014724,1.6444852382221744,True,False,[7],[0.1362916892437155]
64,8,1376,2,0.012340241649225482,2.802139264199962,True,False,"[8, 10]","[0.09954836384209845, 0.05080031994674919]"
64,9,440,1,0.011694816482372198,2.245766477368594,True,False,[16],[0.10019687724416822]
64,10,7,1,0.013356474858195522,1.5893381486741827,True,False,[15],[0.13313128592440493]
64,11,1274,1,0.01195850365660633,1.6852889872506913,True,False,[7],[0.12368600949787531]
64,12,1302,1,0.0104167520227998,1.8001211593147088,True,False,[7],[0.11249763252732473]
64,13,273,1,0.011091978189622393,1.5325681604492403,True,False,[16],[0.11564094121079461]
64,16,114,1,0.01070889488837475,2.1273977149682395,True,False,[8],[0.08064353221957934]
64,17,275,3,0.007033399481403375,1.9045642384819386,True,False,"[7, 8, 15]","[0.09708410084218011, 0.13726881265069804, 0.08965557374171665]"
64,18,1294,1,0.010688254548395964,1.7133625061210733,True,False,[8],[0.09498274512209863]
64,19,983,2,0.009274432288919141,1.7557955976263815,True,False,"[8, 16]","[0.06707715611224364, 0.12115979196273682]"
64,21,19,1,0.011981548684335727,1.516849222018346,True,False,[7],[0.11954406471444746]
64,23,1168,1,0.013431506813512482,2.518003425393075,True,False,[8],[0.15308099033921113]
65,0,1369,1,0.01985162723343997,1.6824160968047197,True,False,[8],[0.07130935659271331]
65,1,1551,2,0.06082074795557151,1.909983219163702,True,False,"[7, 15]","[0.12010418344575448, 0.07734797046213411]"
65,2,1333,2,0.013622903855780678,1.776061642133395,True,False,"[7, 12]","[0.10889324331133315, 0.08418321408954721]"
65,4,0,2,0.01305933958148668,1.5435857813996448,True,False,"[6, 15]","[0.02183594469632175, 0.043768041370351105]"
65,5,470,3,0.010577067329903905,2.4419316066525942,True,False,"[7, 8, 12]","[0.13762336963462896, 0.0979759456607197, 0.03319878308621895]"
65,7,1359,2,0.011617810353942588,1.9192696598913144,True,False,"[12, 15]","[0.05718333670090905, 0.09827822443303331]"
65,8,1059,1,0.01320307468820908,1.6516887399837878,True,False,[8],[0.10272846817209144]
65,9,1376,1,0.014287734213992374,2.796923063471309,True,False,[12],[0.032712232566142294]
65,10,440,1,0.011458567681315474,2.2618068674238083,True,False,[16],[0.1500271628759733]
65,11,7,1,0.012915303971644284,1.6053028998624792,True,False,[15],[0.07212233343152159]
65,13,1302,1,0.011911434309084144,1.8415563660686858,True,False,[5],[0.12190129676172934]
65,14,273,3,0.007546193718060804,1.5378126785019517,True,False,"[7, 15, 16]","[0.12111260810785393, 0.07992945154909713, 0.09441802551881083]"
65,15,1394,1,0.011941645577129918,1.7168418271643264,True,False,[8],[0.1267750171983537]
65,17,114,1,0.011570573145669779,2.1664081581823162,True,False,[7],[0.09874851826432252]
65,18,275,1,0.012297290062384737,1.9484644925446453,True,False,[5],[0.11841211510289136]
65,19,1294,1,0.011318840742138066,1.7421223073640337,True,False,[7],[0.13322929077001833]
65,20,1556,1,0.0368686012004461,1.8282265726769804,True,False,[11],[0.053732592161009625]
65,21,19,1,0.01443087452731951,1.530603464545169,True,False,[5],[0.12211006761999893]
66,0,1369,1,0.01934903024070145,1.7022715664757557,True,False,[12],[0.09361772678551655]
66,1,1551,1,0.015144750793013384,1.911713271546591,True,False,[5],[0.16467786879329321]
66,2,1333,3,0.00981183559997803,1.7884412722512446,True,False,"[7, 8, 15]","[0.12074291256959192, 0.13803161602405023, 0.16830456293863122]"
66,5,470,1,0.013126832467353846,2.477418878463437,True,False,[5],[0.1080548539223074]
66,6,1214,1,0.013110318295594958,1.661935704388585,True,False,[7],[0.10378415507816216]
66,7,1359,1,0.012638420819728017,1.9132686071854783,True,False,[15],[0.10933892451427664]
66,8,1566,1,0.017301492653771358,1.6541855280495852,True,False,[8],[0.10055157703474953]
66,10,440,1,0.010956497363674282,2.2827558690328797,True,False,[16],[0.13265393293850683]
66,11,7,1,0.010864936149976495,1.6340957860755108,True,False,[8],[0.1615268252130271]
66,12,1274,1,0.015225057210632836,1.683012303050381,True,False,[16],[0.12964857005907238]
66,13,1302,1,0.010125309288452454,1.8857858321882222,True,False,[7],[0.12117794404508635]
66,14,273,1,0.011961371885878206,1.5351547413371305,True,False,[7],[0.12068983699444089]
66,15,1394,1,0.012493550011683827,1.7300406452220645,True,False,[5],[0.12919383504109055]
66,16,1059,3,0.007046633497153155,1.6647532424831195,True,False,"[7, 8, 15]","[0.10501916153308759, 0.08077839719148887, 0.10079145059578927]"
66,17,1378,1,0.011526352214532238,1.6856084428697309,True,False,[5],[0.10538769992347043]
66,18,114,2,0.010422300660325004,2.195047075100937,True,False,"[7, 8]","[0.13468296644233252, 0.09433179934322362]"
66,20,1294,1,0.012963969984939086,1.7379825278106231,True,False,[12],[0.09840474039082349]
66,21,1556,2,0.014820926475992788,1.8038919853183575,True,False,"[11, 16]","[0.07154986371172027, 0.1544905511170489]"
66,23,1168,1,0.01311967591860572,2.5678803819711384,True,False,[5],[0.105963728975166]
67,0,1369,2,0.013773684456281469,1.7065192079157732,True,False,"[8, 15]","[0.10114726838603762, 0.17608865288353392]"
67,1,1551,1,0.014605926737401888,1.9255443150591458,True,False,[5],[0.16741577642503835]
67,2,1333,2,0.011261408853739422,1.7889231336384412,True,False,"[8, 12]","[0.13412868698647917, 0.0833052446728881]"
67,4,0,2,0.012794214559723365,1.5266674422000563,True,False,"[6, 8]","[0.035808160792486644, 0.16471715697611405]"
67,7,1359,3,0.00715503112733273,1.9215636026731824,True,False,"[7, 8, 11]","[0.11362218183663973, 0.15154111109024157, 0.04456653508207657]"
67,8,1566,2,0.009290835347927313,1.6520052804343752,True,False,"[8, 15]","[0.0956143159627236, 0.08342588304122402]"
67,10,440,2,0.010280836529867547,2.3236813132211767,True,False,"[7, 16]","[0.16121512358051968, 0.13473119757796564]"
67,11,7,1,0.010785458698842551,1.6643840511881562,True,False,[8],[0.17126590133811287]
67,12,1274,1,0.011129978581864547,1.7209490156354939,True,False,[7],[0.12427686290854432]
67,13,1302,1,0.012101799432376988,1.9278834364003044,True,False,[5],[0.1229256622262142]
67,14,273,1,0.012282272402768678,1.533414072717471,True,False,[7],[0.12297829022733323]
67,15,1394,1,0.012813888614961168,1.7450999816014536,True,False,[5],[0.1318315969841768]
67,17,1378,2,0.00969097754370725,1.6994360635151506,True,False,"[7, 15]","[0.10343706775009154, 0.10362068559233895]"
67,18,114,2,0.009328887102630475,2.2166091870111297,True,False,"[7, 15]","[0.1160689693145905, 0.0794618132265529]"
67,19,275,2,0.009675099394093941,1.9614932649844716,True,False,"[6, 7]","[0.07754300121037207, 0.13230533116465407]"
67,21,1556,3,0.010630441860195667,1.80398158707636,True,False,"[8, 11, 15]","[0.16426625950665133, 0.10161862606085716, 0.12323789322799783]"
67,23,1168,1,0.012027146787483997,2.5677072411223967,True,False,[8],[0.12761976314526655]
68,0,1369,1,0.020263483013002286,1.7208748151290676,True,False,[12],[0.14761258857407147]
68,1,1551,1,0.014509324062792232,1.9393284980745151,True,False,[5],[0.17740788377723266]
68,2,1333,1,0.014470335313863372,1.8240633927650198,True,False,[7],[0.1467263108138253]
68,4,0,1,0.014508723781157237,1.5084847459162443,True,False,[6],[0.043888372621848463]
68,5,470,1,0.012453933392723814,2.5154401330399887,True,False,[5],[0.10369423552569308]
68,6,1214,1,0.014298049065039571,1.6619822975780443,True,False,[8],[0.11806852435416797]
68,7,1359,2,0.012074869432905512,1.9154143833463992,True,False,"[12, 15]","[0.06470695161807773, 0.12171349224034762]"
68,8,1566,1,0.01141399996925513,1.6549443751473718,True,False,[8],[0.08755488381962133]
68,9,1376,1,0.013513093894816888,2.844265602563722,True,False,[5],[0.1302547752988366]
68,11,7,1,0.012431394972107993,1.6901274791119014,True,False,[5],[0.12043963703801654]
68,12,1274,1,0.013041951327521586,1.7290781751753619,True,False,[15],[0.10685365770506713]
68,13,1302,1,0.013331332573141404,1.9632261316345931,True,False,[5],[0.13193649108516617]
68,16,1059,1,0.011534256347414971,1.6881319882359478,True,False,[7],[0.10962173792060409]
68,17,1378,1,0.010910620256805817,1.7038569396136583,True,False,[8],[0.14965251399443444]
68,18,114,1,0.011891695077874591,2.2367867463025575,True,False,[8],[0.09133678229190265]
68,19,275,1,0.012534578309628317,2.000138070618473,True,False,[5],[0.1027387900290475]
68,20,1294,2,0.008615895156366004,1.7517607190012179,True,False,"[7, 8]","[0.1318147015746599, 0.13332886060192048]"
68,21,1556,1,0.01700898327272702,1.802763337596594,True,False,[11],[0.10960495828131638]
68,22,19,1,0.013582789614145585,1.5511694718743778,True,False,[7],[0.11505881502506612]
68,23,1168,1,0.011715826023716713,2.618287761470271,True,False,[7],[0.10099423603210571]
69,0,1369,4,0.01059716093576377,1.7312048152951518,True,False,"[7, 8, 11, 12]","[0.11618115933073152, 0.11115140966396586, 0.07119831882884427, 0.1242139883220801]"
69,2,1333,2,0.010506130776480492,1.8478578887668091,True,False,"[7, 15]","[0.13650078000268032, 0.16626398846493412]"
69,5,470,2,0.010737336785107753,2.5361911152060106,True,False,"[7, 12]","[0.13479175535968696, 0.04517242415632391]"
69,7,1647,1,0.05429077926713583,1.9407134197774691,True,False,[5],[0.10021928643870376]
69,8,1359,1,0.0145558562998346,1.9016452989317438,True,False,[12],[0.05651956849145877]
69,9,1566,1,0.013163880217658604,1.666158196505922,True,False,[7],[0.0925167979751567]
69,10,1376,1,0.012917530572226665,2.8783318991109814,True,False,[7],[0.14596997462375705]
69,12,7,1,0.012361834793619625,1.719799306451417,True,False,[5],[0.08931119040285446]
69,13,1274,1,0.014376188522021919,1.728346662614231,True,False,[15],[0.09785603667780406]
69,14,1302,2,0.009311796026349389,1.981407668251042,True,False,"[7, 15]","[0.11896905180692102, 0.09897800053660501]"
69,15,273,3,0.009089186880180506,1.5415302894995588,True,False,"[7, 15, 16]","[0.13423896610629296, 0.1109824673632315, 0.08508086505090358]"
69,16,1394,1,0.010745176780362613,1.781686947504657,True,False,[7],[0.09925207179116859]
69,18,1378,1,0.013298036045969597,1.7039148870544594,True,False,[15],[0.09060730319353509]
69,19,114,1,0.011248902860391733,2.2660174018013213,True,False,[7],[0.1276492968170774]
69,20,275,1,0.01068090937148855,2.038570504104103,True,False,[7],[0.12424181788621148]
69,21,1556,2,0.010935708284625038,1.7921515799183918,True,False,"[8, 16]","[0.1681593097339332, 0.13674466532374047]"
70,0,1369,1,0.016442110964771155,1.75737941725961,True,False,[7],[0.11504002650816422]
70,2,1333,1,0.012745185949575544,1.8868424422809065,True,False,[7],[0.1390539243125019]
70,4,0,1,0.013210967674531168,1.5091491330889102,True,False,[6],[0.03986403272824763]
70,5,470,2,0.01016011826471291,2.557305201535807,True,False,"[8, 12]","[0.11280528340640089, 0.06041741511888859]"
70,6,1214,1,0.012510950711991866,1.6751350272523884,True,False,[5],[0.15333045837559536]
70,7,1647,1,0.012522590387781918,1.9696889369443944,True,False,[5],[0.09094294481107203]
70,8,1359,1,0.010896049174210925,1.9375004953426214,True,False,[7],[0.09089408059257528]
70,9,1566,2,0.00774585864880276,1.6809416539404418,True,False,"[7, 8]","[0.09425310157249507, 0.13094082567894527]"
70,11,440,1,0.010604106178655684,2.349273344185586,True,False,[7],[0.11341005130438192]
70,12,7,1,0.013088076660086904,1.7198590104224594,True,False,[15],[0.1215034189612928]
70,13,1274,1,0.010186550975763075,1.7707014750086745,True,False,[7],[0.12820348396649747]
70,14,1659,2,0.03785828972305831,1.7270009788390006,True,False,"[7, 8]","[0.12447676382842754, 0.1377851745269205]"
70,15,273,2,0.012322693854979498,1.5443201714651995,True,False,"[7, 15]","[0.15041710611952458, 0.12735591120687997]"
70,16,1394,1,0.011744593515487269,1.7808982464429322,True,False,[8],[0.09674989425428124]
70,18,1378,1,0.012265603564951752,1.7359721914059338,True,False,[7],[0.10903716982171825]
70,19,114,1,0.01226127831315021,2.3225783489822764,True,False,[5],[0.09663860392398245]
70,20,275,1,0.013343974322237528,2.0755124699463057,True,False,[5],[0.13368070131587356]
70,21,1302,1,0.00977648961780093,2.020471657164478,True,False,[7],[0.11334689261808122]
70,23,1168,3,0.010855845232544981,2.6289658339734037,True,False,"[7, 10, 15]","[0.11492383308408351, 0.052145973536200214, 0.13248597668105902]"
71,0,1369,2,0.013433487483510118,1.7582031859074823,True,False,"[12, 15]","[0.11198832796445495, 0.1803879142208236]"
71,1,1551,1,0.013403847870726975,1.946166418656058,True,False,[15],[0.0845260846110535]
71,2,1333,2,0.010437783137436018,1.8897990518599934,True,False,"[12, 15]","[0.09532570731437268, 0.16230026905941897]"
71,3,748,1,0.012695332349609305,1.6619385474348662,True,False,[8],[0.09818298155903427]
71,4,0,1,0.013651072977184051,1.5113076307385138,True,False,[6],[0.07195105119075881]
71,5,470,1,0.014142040110875236,2.5693141190677413,True,False,[12],[0.04940925781027545]
71,6,1214,1,0.012615974833844997,1.692395361358936,True,False,[5],[0.14870467070351306]
71,7,1647,1,0.00997986038482135,2.0169659639520012,True,False,[7],[0.10654806807224629]
71,8,1359,1,0.012709794592406926,1.9401226789949853,True,False,[15],[0.09091498105563854]
71,9,1566,1,0.013836008921586887,1.6905667799903445,True,False,[15],[0.12048705218606227]
71,10,1376,1,0.012021330367365754,2.934625925125332,True,False,[5],[0.08871669745086239]
71,14,1659,1,0.013515495614135929,1.700958961601237,True,False,[15],[0.10429985335458243]
71,15,273,1,0.012492211062149138,1.5557850544133203,True,False,[7],[0.15058074731408022]
71,18,1378,1,0.012971195755059419,1.764007454919757,True,False,[7],[0.10786046162977915]
71,19,114,1,0.011734296495697105,2.3407915372316994,True,False,[8],[0.0619517341224384]
71,21,1302,1,0.012746419317657761,2.0079388977221955,True,False,[12],[0.05304647950937452]
71,22,19,1,0.0132783309494631,1.580377205346498,True,False,[5],[0.12313608696776505]
71,23,1168,2,0.009469245475016578,2.650412408168702,True,False,"[7, 8]","[0.12349891409215871, 0.1319986268095358]"
72,0,1369,2,0.011114728814597713,1.7727162943604242,True,False,"[7, 8]","[0.1263769808018177, 0.0981603860512776]"
72,1,1551,1,0.014153643860227182,1.9627426846476568,True,False,[5],[0.16747462771320215]
72,2,1333,1,0.014465817845027002,1.9206456561061234,True,False,[5],[0.10017039939209427]
72,3,748,1,0.01190756043152261,1.681399643904434,True,False,[8],[0.09467975821568639]
72,4,0,1,0.014207731860132841,1.5146247671695108,True,False,[6],[0.07423707090559042]
72,5,470,1,0.012144453187849276,2.592303010908796,True,False,[7],[0.13199288885633614]
72,7,1647,1,0.009350935614659687,2.0656477569838643,True,False,[7],[0.09665681079322594]
72,8,1359,3,0.011527953584117217,1.940696521603979,True,False,"[8, 11, 12]","[0.10734510386433285, 0.05061403812365753, 0.08311983137571238]"
72,9,1566,1,0.013312131172117039,1.698358386634625,True,False,[15],[0.12784842985200712]
72,10,1376,2,0.010212361888371596,2.9634172033856,True,False,"[7, 10]","[0.14736685283998352, 0.040975496833060746]"
72,11,440,1,0.011258177742181196,2.3812647085764174,True,False,[16],[0.09159337894936335]
72,12,7,2,0.008667458732315692,1.7375951023475347,True,False,"[7, 8]","[0.13664770099395254, 0.15080562471728573]"
72,13,1274,1,0.01244511826397734,1.7724025107916646,True,False,[16],[0.12238258317608848]
72,14,1659,1,0.010241806714326554,1.7354452331696077,True,False,[7],[0.11775289521727231]
72,15,273,2,0.008671157397463616,1.5621536546386725,True,False,"[15, 16]","[0.10790169126284163, 0.0839804180224787]"
72,16,1394,1,0.010472509387607505,1.8202763302463596,True,False,[7],[0.09238149993168497]
72,17,1059,1,0.010797692874865879,1.7153584848173806,True,False,[8],[0.14679153821633986]
72,18,1378,1,0.014480708016497534,1.765103331341077,True,False,[15],[0.1170506732873214]
72,19,114,1,0.012809558677222875,2.3474715055149873,True,False,[8],[0.0713753479886303]
72,20,1717,1,0.05468386896083991,1.7718585196554464,True,False,[16],[0.16559441233621983]
72,21,1302,1,0.013236392213684351,2.0378904292050497,True,False,[5],[0.11486674067799052]
72,22,19,1,0.012625915638774618,1.59223965436197,True,False,[15],[0.11219683805259925]
72,23,1168,3,0.010177467492287868,2.6650540695737943,True,False,"[7, 8, 11]","[0.13647303374509728, 0.13180639083163176, 0.03983043330680345]"
73,0,1369,1,0.014899677767596417,1.773391680514923,True,False,[8],[0.09001642974706948]
73,1,1551,1,0.014470085642835532,1.979939136236019,True,False,[5],[0.17361371836774322]
73,2,1333,3,0.009410133445963613,1.9280782494472848,True,False,"[7, 12, 15]","[0.17685022022947608, 0.12186229387536404, 0.15748394252033593]"
73,3,748,1,0.012228454045929395,1.7060677798012314,True,False,[8],[0.09354098100973568]
73,4,0,3,0.009570421915505521,1.5060466321049382,True,False,"[7, 15, 16]","[0.15821743751822617, 0.05363024551572228, 0.1046353593604638]"
73,5,470,2,0.015019725696344655,2.560368394245204,True,False,"[10, 12]","[0.07614103434262841, 0.08389105313237429]"
73,6,1214,1,0.014130742152275548,1.6989695366913102,True,False,[16],[0.10118310000278401]
73,7,1647,1,0.010124601599189011,2.112372484853735,True,False,[7],[0.09395844786202467]
73,8,1359,1,0.013062508600433353,1.9658941263113667,True,False,[5],[0.11037323885025772]
73,9,1566,1,0.010479223154615951,1.703716595798574,True,False,[8],[0.1360738596229733]
73,13,1274,1,0.013953123025337685,1.7748806239208483,True,False,[15],[0.1175702439856048]
73,14,1659,1,0.013626494707472837,1.7160539478602335,True,False,[15],[0.10058260394116646]
73,15,273,1,0.01245656370812038,1.5741569086646794,True,False,[7],[0.15224127127579123]
73,16,1394,1,0.010797330125119974,1.8594182160055543,True,False,[7],[0.09094571190166494]
73,21,1302,1,0.013742422474878176,2.065168232184307,True,False,[5],[0.11908189371017386]
73,22,19,1,0.013330143364772212,1.621887223711765,True,False,[5],[0.1336731237220617]
73,23,1168,1,0.012495775432229616,2.662509010187554,True,False,[15],[0.14678872081337044]
74,0,1762,2,0.050116168204620025,2.9991222504725377,True,False,"[8, 15]","[0.09550415439283381, 0.16465411188788104]"
74,1,1369,2,0.014744587860905402,1.7894724300740117,True,False,"[8, 12]","[0.15857490438418123, 0.12400341730782916]"
74,3,1333,1,0.017659194836127882,1.9281480254215055,True,False,[12],[0.024192967431469696]
74,6,470,2,0.011064451151374291,2.5654558885604044,True,False,"[7, 12]","[0.11701524179815273, 0.09802224583492683]"
74,7,1214,1,0.010330503348017257,1.7107516830412752,True,False,[8],[0.14995150249091105]
74,8,1647,1,0.01149256953204592,2.1549357785928533,True,False,[7],[0.09349844127182862]
74,9,1359,1,0.010966933690375614,2.0015124751693403,True,False,[7],[0.09586486165552055]
74,10,1566,1,0.012451180577344562,1.7050036846669274,True,False,[15],[0.13484234605807494]
74,12,440,1,0.010398437643520976,2.419510472719404,True,False,[7],[0.14171808154887894]
74,13,7,1,0.013455736749756305,1.7515520282288066,True,False,[5],[0.12430859790302097]
74,14,1274,1,0.010641189967357932,1.8108843621282218,True,False,[7],[0.1238262380738352]
74,15,1659,1,0.011266217561559872,1.7334629360883798,True,False,[8],[0.11271436654803249]
74,16,273,1,0.011804369029659567,1.594326363986727,True,False,[16],[0.08588300697556285]
74,19,1378,1,0.012307258565587374,1.774733230569419,True,False,[7],[0.14028325737302488]
74,23,1168,2,0.011073341535181634,2.684322520496419,True,False,"[7, 8]","[0.1325164014358073, 0.13240017501847756]"
75,0,1762,1,0.013219262913834172,3.021861735931644,True,False,[15],[0.16195305227906073]
75,1,1369,2,0.012572291021868739,1.8015378840825156,True,False,"[12, 15]","[0.1370094286534467, 0.10090830397683613]"
75,2,1551,1,0.011895649666302273,2.0165696082866384,True,False,[5],[0.11191722016411935]
75,3,1333,1,0.011626719846650759,1.970632648255668,True,False,[7],[0.12146645508328784]
75,4,748,1,0.012671320973160375,1.7194250814855025,True,False,[8],[0.14710567853653334]
75,5,0,1,0.013952322518877626,1.5061975470473676,True,False,[5],[0.096290844536377]
75,6,470,1,0.014868002660109665,2.5645106925409973,True,False,[12],[0.0926923408860806]
75,7,1214,1,0.011330362048164754,1.7422946665737065,True,False,[7],[0.09463649901804287]
75,9,1359,1,0.011841913174198524,1.993612028673062,True,False,[8],[0.15457905497052332]
75,10,1566,1,0.014431161101474778,1.6991216550743558,True,False,[12],[0.07083118951872378]
75,11,1376,1,0.012269267952518571,3.011034030844338,True,False,[5],[0.1392824603764434]
75,12,440,2,0.008301066488939163,2.4387245577590924,True,False,"[7, 16]","[0.14935010575199467, 0.12063793987937728]"
75,13,7,1,0.014940504981186573,1.7574332525703644,True,False,[8],[0.12932706018748744]
75,14,1274,1,0.011204088606424247,1.8445484278757585,True,False,[7],[0.12783801776093773]
75,17,1394,1,0.013295557105899034,1.8880051325461282,True,False,[7],[0.10751963474677545]
75,18,1059,1,0.01315494691037909,1.7113362763913187,True,False,[7],[0.10313346179041782]
75,19,1378,1,0.013112474661934426,1.7845556147448156,True,False,[7],[0.1343891661541722]
75,21,1717,1,0.010433565959914484,1.8045092312713202,True,False,[7],[0.1158045863950011]
75,22,1302,1,0.013162093401016643,2.0835146389547314,True,False,[7],[0.12956835339448927]
75,23,1168,1,0.012763243513550737,2.684441044529656,True,False,[15],[0.15106889271599222]
76,0,1762,1,0.013914287601903209,3.02638247178701,True,False,[12],[0.1276486556571068]
76,1,1369,2,0.013855343838330193,1.8020242175700891,True,False,"[12, 15]","[0.16156755662858518, 0.12453612666741079]"
76,2,1551,2,0.009508452786741325,2.0208625409826686,True,False,"[7, 16]","[0.1714789665919295, 0.09752199393830395]"
76,3,1333,2,0.01629388979700364,1.9704452429046462,True,False,"[12, 15]","[0.04154759939919415, 0.09031569166306548]"
76,4,748,2,0.008955531566969616,1.7323729566107082,True,False,"[7, 8]","[0.1451428809915502, 0.13593733932615068]"
76,5,0,2,0.011313724580124107,1.4888368059109902,True,False,"[6, 16]","[0.049099751024194525, 0.07106516580577515]"
76,6,470,1,0.01234687401510867,2.5965387140214005,True,False,[5],[0.14726398058333942]
76,7,1214,1,0.010147759570865078,1.7543342844579188,True,False,[8],[0.146447220006434]
76,8,1647,1,0.010754726763302537,2.2017791675026985,True,False,[7],[0.08922734214274945]
76,9,1359,2,0.009272955856935626,1.9885850904544886,True,False,"[12, 15]","[0.050005734735143824, 0.12209172145220366]"
76,10,1566,1,0.011568796357668424,1.722211682860637,True,False,[7],[0.1633436286091192]
76,11,1376,1,0.01002871837504099,3.0175239430465948,True,False,[8],[0.1604278014512214]
76,12,440,2,0.010203198933595052,2.469272764955996,True,False,"[7, 8]","[0.15019954311503483, 0.15857082979158924]"
76,13,7,1,0.01498070441072656,1.759782744604012,True,False,[8],[0.12549836679884577]
76,14,1274,1,0.011153788308093205,1.8842939036023394,True,False,[7],[0.1203884643571605]
76,15,1659,2,0.008224513238582955,1.7481667023849445,True,False,"[7, 8]","[0.1463371476826212, 0.10796707614068464]"
76,16,273,1,0.010452457876908705,1.6164724123342427,True,False,[16],[0.08720926224283755]
76,18,1059,1,0.012841139281326913,1.7123640783659786,True,False,[5],[0.11631744917144135]
76,20,114,1,0.013025979434686991,2.346541767926216,True,False,[15],[0.08018405482833685]
76,21,1717,2,0.011498891138830495,1.823977573852152,True,False,"[7, 16]","[0.14910273442743965, 0.16229750034715512]"
76,22,1302,1,0.013458806394399024,2.1002375447320194,True,False,[7],[0.13357950321720977]
76,23,1168,1,0.012686192955742552,2.7341107374116547,True,False,[7],[0.11101793209814924]
77,0,1762,4,0.008361917011414399,3.0436804508606574,True,False,"[7, 8, 11, 12]","[0.1444688284310086, 0.10337321203198568, 0.10426923705462134, 0.14199334313802495]"
77,1,1369,3,0.012200034265494035,1.8076097575050607,True,False,"[8, 12, 15]","[0.14525762572422937, 0.1796298327968469, 0.13440319044935387]"
77,2,1551,1,0.012673451289638689,2.0346511367376032,True,False,[15],[0.17277909483895693]
77,3,1333,1,0.012775063557708523,2.0087282472101187,True,False,[7],[0.12927721854744126]
77,5,0,1,0.014004402147011243,1.4822087121975467,True,False,[6],[0.052185681032743104]
77,6,470,1,0.014595206671881468,2.5979938593306513,True,False,[7],[0.12163234966480266]
77,7,1214,1,0.013267308580861635,1.7884498898094947,True,False,[5],[0.10136050593933456]
77,9,1359,1,0.013017416258919638,2.014895073996233,True,False,[5],[0.11866375081424675]
77,10,1566,2,0.008537887028735721,1.735623186235004,True,False,"[7, 15]","[0.14914816752376558, 0.12479354212781422]"
77,12,440,1,0.011634128922888072,2.509329283452485,True,False,[7],[0.1562573216527569]
77,13,7,2,0.010458986123576857,1.767680559241972,True,False,"[8, 15]","[0.10389349120330352, 0.12163291525024152]"
77,15,1659,1,0.011695852894088506,1.7731853883223767,True,False,[7],[0.1271027231925463]
77,16,273,1,0.0101782632220939,1.6351663358019217,True,False,[16],[0.0870972334267399]
77,18,1059,1,0.012541614030585624,1.7206289392742629,True,False,[7],[0.09831827464481578]
77,19,1378,1,0.012615810437525968,1.8001718026005964,True,False,[7],[0.11873129042667907]
77,20,114,1,0.011765729719999741,2.3721913227160942,True,False,[8],[0.11734526639017505]
77,21,1717,1,0.014466420720998708,1.8251589973717353,True,False,[5],[0.12426498383759865]
77,22,1302,1,0.013280337393694564,2.0991820060490705,True,False,[12],[0.08328344670366573]
78,0,1762,1,0.012733449034816813,3.0763510306775923,True,False,[15],[0.15167567434760254]
78,1,1369,1,0.018169193714193923,1.8091444140478927,True,False,[15],[0.1321905854130761]
78,2,1551,1,0.012440978494773054,2.0492666880720147,True,False,[15],[0.1689516715285236]
78,3,1333,1,0.016509789529474923,2.0154631594804773,True,False,[15],[0.12341645479935794]
78,4,748,1,0.01267256761805816,1.7469354597255826,True,False,[7],[0.14547086826892408]
78,5,0,1,0.01238134457679687,1.4820482113886195,True,False,[7],[0.1336260657816512]
78,6,470,1,0.014711974157070025,2.5913053300223607,True,False,[7],[0.13584534218217414]
78,7,1214,1,0.010400797927230204,1.7936457723964037,True,False,[8],[0.1430590891489642]
78,8,1647,1,0.010572106246462662,2.248367897094282,True,False,[7],[0.09081707757021876]
78,9,1359,2,0.010875973503101138,2.0152981727973445,True,False,"[11, 12]","[0.03182340794960472, 0.0618432506431483]"
78,10,1566,1,0.011345858478602245,1.7394906761398279,True,False,[8],[0.09016678806117309]
78,11,1376,2,0.007753580179881365,3.0466285084670535,True,False,"[7, 15]","[0.11381336469987846, 0.07783105944694253]"
78,12,440,1,0.011979278047418841,2.503606486250577,True,False,[16],[0.11917731283131842]
78,13,7,2,0.009783258856151689,1.7808635694485173,True,False,"[7, 8]","[0.1388177788326476, 0.11644191894105464]"
78,14,1274,1,0.012357941494030506,1.910055193376082,True,False,[5],[0.0818613676837787]
78,15,1659,1,0.013449738213814216,1.759732446105601,True,False,[15],[0.0890894341966526]
78,17,1394,1,0.01104503616051965,1.8946321311067706,True,False,[8],[0.14418539942153683]
78,18,1059,2,0.009293503516468779,1.7261419835892924,True,False,"[8, 15]","[0.08611559731401527, 0.10988179894788877]"
78,20,114,1,0.012060706683757791,2.4002473937711595,True,False,[8],[0.11507806911531697]
78,21,1717,1,0.0099131718744468,1.8596926814284402,True,False,[7],[0.15414243744199158]
78,22,1302,2,0.009433262377636,2.1033371668491956,True,False,"[7, 8]","[0.12588081023993655, 0.12571297334751322]"
78,23,1168,1,0.01257372150024522,2.7335146161154458,True,False,[15],[0.1488800540951269]
79,0,1762,3,0.009584066055358898,3.0943830813488877,True,False,"[8, 11, 15]","[0.10538215742018908, 0.10418373381572152, 0.13856227681458264]"
79,1,1369,1,0.020446256580142808,1.798303853375622,True,False,[5],[0.21058785341491187]
79,3,1333,1,0.013291582441462974,2.0539743583441408,True,False,[7],[0.13315024838155645]
79,5,0,1,0.012427265619932935,1.482020679578682,True,False,[7],[0.1272993747611304]
79,7,1214,1,0.010360873351684506,1.8001107900499296,True,False,[8],[0.14183654052262934]
79,9,1359,1,0.011278145271364497,2.0530553261708624,True,False,[7],[0.10178050682806848]
79,10,1566,1,0.01147863657902822,1.766088979339852,True,False,[7],[0.1628273512231026]
79,11,1376,1,0.011459039102413193,3.107230469157457,True,False,[5],[0.14088795649209893]
79,12,440,1,0.011125666159380052,2.5392855892890176,True,False,[7],[0.14870602457475415]
79,13,7,2,0.009712062128546214,1.800556013449394,True,False,"[7, 8]","[0.13967507132442603, 0.09801900507728617]"
79,14,1274,2,0.008458719080575945,1.9293175101309512,True,False,"[7, 15]","[0.11810691057393315, 0.1207454471790844]"
79,15,1659,1,0.011972243814915368,1.7874415432721873,True,False,[7],[0.11875797279660928]
79,16,273,2,0.009054905745733643,1.6575028862457393,True,False,"[7, 16]","[0.09637530815113708, 0.0880457249284784]"
79,19,1378,1,0.012948002792487062,1.8002635099120818,True,False,[15],[0.10862699466118522]
79,20,114,2,0.008211712916149368,2.4349718161211227,True,False,"[7, 8]","[0.12525194791612482, 0.11337213388138763]"
79,21,1717,1,0.014670198037634185,1.8651232232401436,True,False,[16],[0.17544352119298118]
79,22,1302,1,0.012371381300119224,2.143195369608336,True,False,[5],[0.13478952674226125]
79,23,1168,1,0.011400860835724677,2.7401092563832257,True,False,[8],[0.11440892816680195]
80,0,1762,2,0.01166071196843002,3.1249998249275897,True,False,"[7, 11]","[0.14989824209770244, 0.1055253268152611]"
80,1,1369,2,0.015508592805839582,1.800433458695085,True,False,"[12, 15]","[0.19064641424393983, 0.1572696252077459]"
80,2,1551,1,0.01231757141460238,2.0827999710096297,True,False,[7],[0.16578152811220218]
80,3,1333,2,0.00908277257948342,2.078328284047313,True,False,"[7, 15]","[0.12210381378743745, 0.11307539778581104]"
80,4,748,1,0.013235751547435202,1.7483799708408303,True,False,[5],[0.07715684815112528]
80,6,470,1,0.013639744165130153,2.592258249746057,True,False,[12],[0.08970177549487528]
80,7,1214,1,0.010697477185901125,1.8208936094166424,True,False,[7],[0.09766505270510606]
80,8,1647,1,0.013095694075407923,2.263836685853744,True,False,[5],[0.11738827727683686]
80,9,1359,1,0.011477400611014781,2.0907656059206627,True,False,[7],[0.10949373849015968]
80,11,1376,2,0.012557573139633876,3.137807409606679,True,False,"[7, 10]","[0.14133834418274327, 0.05147465304298779]"
80,12,440,2,0.009290761644023114,2.5465197685856458,True,False,"[8, 16]","[0.16539436552119735, 0.12717948584576874]"
80,13,7,1,0.011486927412765496,1.835362346720523,True,False,[8],[0.09624338415548726]
80,14,1274,1,0.010332867818961748,1.9706857314464667,True,False,[7],[0.11240438638538865]
80,15,1659,1,0.011246975092673018,1.7979057519212496,True,False,[8],[0.10053430441428664]
80,16,273,3,0.007242992900356822,1.6604265241322629,True,False,"[8, 15, 16]","[0.11145521238025113, 0.09658270646118992, 0.08681278404570081]"
80,17,1394,1,0.00998625364903887,1.932120668101681,True,False,[5],[0.09925783867734714]
80,18,1059,2,0.009836854095023564,1.735963048247973,True,False,"[8, 15]","[0.0881331685030779, 0.10093223635216658]"
80,20,114,1,0.011143219579937037,2.4615930786878217,True,False,[7],[0.12448980487757887]
80,21,1717,1,0.014355234100071638,1.872292826969431,True,False,[16],[0.15566079429052704]
80,22,1302,1,0.012312710431820046,2.1676707161588054,True,False,[7],[0.12101001248483129]
80,23,1168,1,0.011632576346962464,2.8012966889739426,True,False,[7],[0.08724216935141782]
81,0,1762,1,0.011599705260100544,3.135260863028791,True,False,[8],[0.1109583679699842]
81,1,1369,2,0.010348288148314152,1.81552038613178,True,False,"[7, 8]","[0.12120178985520828, 0.1555337966295882]"
81,3,1333,1,0.011480807633776914,2.1261694725222706,True,False,[7],[0.13233568352024314]
81,4,748,2,0.009999017358646,1.7594199578788503,True,False,"[7, 8]","[0.14272827578839872, 0.13736655415596882]"
81,5,0,1,0.013403039269443367,1.4834077564528116,True,False,[5],[0.10440959643280603]
81,6,470,1,0.015449551258176243,2.5984600526160713,True,False,[8],[0.14672772641545503]
81,7,1214,3,0.008176565034466675,1.8332336864457706,True,False,"[7, 8, 12]","[0.10996849540241935, 0.14688691465478612, 0.10780188915054748]"
81,8,1647,1,0.013150341537033183,2.28408003774844,True,False,[5],[0.11429142615251754]
81,10,1566,1,0.011179716821191791,1.7976443123997063,True,False,[7],[0.15303255940154015]
81,11,1376,1,0.016013708155770665,3.1051294041200106,True,False,[10],[0.08406548303952519]
81,13,7,1,0.012043216629686607,1.864086508276082,True,False,[8],[0.10521426924164982]
81,14,1274,1,0.01027148500490514,2.014326051580724,True,False,[7],[0.10590940944766769]
81,15,1659,1,0.012903469286855096,1.7907854305669764,True,False,[15],[0.0849303278757815]
81,16,273,1,0.012448197578518916,1.6638656528676226,True,False,[15],[0.09651157398007537]
81,18,1059,1,0.012131878803036376,1.7556678968421764,True,False,[8],[0.08650205793311652]
81,19,1378,1,0.012105929048982451,1.8186377943634233,True,False,[7],[0.10144114347535449]
81,20,114,1,0.010493719897206396,2.4944647226109726,True,False,[7],[0.11461904392822977]
81,21,1717,1,0.01421735871033279,1.8749160093337287,True,False,[5],[0.12847239592961027]
82,0,1762,1,0.012124758094737214,3.1848332092919955,True,False,[7],[0.1437304600017469]
82,1,1369,1,0.02055202169904407,1.8062804114665703,True,False,[5],[0.20803348426889082]
82,2,1551,1,0.01275903818973003,2.09159038887574,True,False,[15],[0.15936953874836945]
82,3,1333,1,0.01188337789087368,2.1747307116310526,True,False,[7],[0.12726839991907296]
82,5,0,2,0.009246975884320302,1.4826716713307102,True,False,"[6, 7]","[0.06257641600900538, 0.12937696386880682]"
82,6,1967,1,0.10014570920775556,3.4189143929483734,True,False,[10],[0.0359711886676952]
82,7,470,1,0.014401879298201041,2.6027537420849405,True,False,[12],[0.1149358897834961]
82,8,1214,1,0.009723363833735373,1.868850793731816,True,False,[7],[0.095900677515099]
82,10,1359,1,0.012524068848098015,2.1145694393443866,True,False,[5],[0.1028724484620856]
82,12,1376,2,0.008483770824286597,3.130973274585413,True,False,"[7, 15]","[0.13861423399187775, 0.12745882631797398]"
82,14,7,1,0.01212721353014066,1.8641727775151136,True,False,[7],[0.11549611031772308]
82,15,1274,1,0.012293539601467748,2.049177918451163,True,False,[5],[0.12958244132435356]
82,16,1659,2,0.00919971585375957,1.7993514365714938,True,False,"[8, 15]","[0.10672716672514956, 0.09075502565934518]"
82,17,273,2,0.009089614821250045,1.6634335588941127,True,False,"[8, 16]","[0.1450526472992221, 0.0811767268692661]"
82,18,1394,1,0.012920475477758249,1.9537305550712492,True,False,[5],[0.11595106410643904]
82,20,1378,1,0.012180402671422275,1.8594967839810321,True,False,[5],[0.13086058932374184]
82,21,114,1,0.009881892500403975,2.52434226501761,True,False,[7],[0.14838016055699751]
82,22,1717,1,0.01219678970735488,1.905970686194254,True,False,[5],[0.13795649064067445]
82,23,1168,1,0.012194925503257776,2.8544052404679765,True,False,[5],[0.1168933320446322]
83,0,1762,1,0.011738103049431365,3.1924626733238215,True,False,[8],[0.1165462600824561]
83,1,1369,1,0.016267340481749208,1.829874846335438,True,False,[7],[0.14773278986607638]
83,2,1551,1,0.011589780078726068,2.1249394238564165,True,False,[7],[0.15464314043867383]
83,3,1333,2,0.01088625148725011,2.1845976765662374,True,False,"[7, 12]","[0.13548110548879896, 0.04874385213594718]"
83,4,748,1,0.012620196046141504,1.782904041946945,True,False,[7],[0.13602349977758635]
83,5,0,1,0.01427680982109201,1.4837768044900885,True,False,[6],[0.07923718238000722]
83,6,1967,1,0.015948764512592216,3.417737530559725,True,False,[12],[0.10598476192978032]
83,7,470,1,0.01234690765384564,2.609680959517209,True,False,[12],[0.09913782390378258]
83,8,1214,1,0.011376179295786522,1.873313787610734,True,False,[8],[0.11736509550726369]
83,10,1359,1,0.01148980830808329,2.1139824969419236,True,False,[15],[0.12117091705756299]
83,12,1376,1,0.010690247284518745,3.1801391365739047,True,False,[7],[0.1439599505657836]
83,13,440,1,0.009479190468133699,2.5487747000678262,True,False,[16],[0.11413241152694517]
83,15,1274,1,0.012123974375848017,2.085367749277049,True,False,[5],[0.12246323305552398]
83,16,1659,1,0.011055217208067517,1.8399226421936505,True,False,[7],[0.09462632950053664]
83,17,273,1,0.012034719753309704,1.6664971652529676,True,False,[7],[0.11447882900089422]
83,18,1394,1,0.012381209570724408,1.9809891829065789,True,False,[5],[0.10843898478863213]
83,19,1059,1,0.012265583346318297,1.7665487259898167,True,False,[15],[0.10793413646447729]
83,20,1378,1,0.010516117090074209,1.8962074248571654,True,False,[7],[0.10889142110911175]
83,21,114,2,0.007094040725718644,2.5503856426146494,True,False,"[7, 8]","[0.13707504282409397, 0.15157678701075805]"
83,23,1168,2,0.00821779623110503,2.8925060101534417,True,False,"[7, 8]","[0.07834420886492692, 0.10985783405207002]"
84,0,1762,3,0.0078954485934917,3.224264309765106,True,False,"[7, 8, 12]","[0.15317821546020916, 0.11444960740753674, 0.16183478593371486]"
84,1,1369,1,0.01965276976857467,1.836967107957128,True,False,[5],[0.18957708822362912]
84,2,1551,2,0.008310339890098477,2.113226817561482,True,False,"[15, 16]","[0.13608890664772966, 0.11085342210054941]"
84,3,1333,1,0.01680978055151221,2.1889870819612205,True,False,[12],[0.07829327764450623]
84,5,0,1,0.013918291097587198,1.4855126261840341,True,False,[6],[0.0888662474057586]
84,6,1967,1,0.012927044351828662,3.456815431991861,True,False,[7],[0.14024425992440928]
84,7,470,1,0.011342026668649568,2.6737077775250557,True,False,[5],[0.1221960174968854]
84,10,1359,1,0.01198843722879221,2.1151962565908287,True,False,[15],[0.13575762849131554]
84,11,1566,1,0.01198519361904647,1.8315308368094443,True,False,[5],[0.15373848599645223]
84,12,1376,1,0.011451012638329146,3.2199338943973794,True,False,[7],[0.1367816442960177]
84,13,440,1,0.010708868674538621,2.6055151831765513,True,False,[7],[0.1363959387937071]
84,14,7,1,0.011825660275362691,1.8641595664478892,True,False,[7],[0.11459302664221901]
84,15,1274,1,0.012137226462282793,2.125726864797994,True,False,[5],[0.11706227137117196]
84,16,1659,2,0.008871688455800641,1.8599985891799986,True,False,"[7, 15]","[0.09616446274434227, 0.08524323289669802]"
84,17,273,3,0.007254796293504376,1.6632888616618728,True,False,"[7, 15, 16]","[0.11260738807636883, 0.10051834423854067, 0.09311893717837808]"
84,19,1059,1,0.012215139599545611,1.781562122124083,True,False,[8],[0.06889048144189575]
84,20,1378,1,0.012060697058220134,1.9384014820839892,True,False,[5],[0.13677723633136907]
84,21,114,1,0.010222091119558956,2.569115244299499,True,False,[8],[0.1409857567459327]
84,23,1168,1,0.012289158364874425,2.9399605238692463,True,False,[7],[0.07578276134019354]
85,0,1762,2,0.009103871967763535,3.248765248599723,True,False,"[11, 15]","[0.10137384109366429, 0.14040894509792656]"
85,1,1369,2,0.017282663264917623,1.8388436054091448,True,False,"[12, 15]","[0.23275184971844426, 0.21272912301701222]"
85,2,1551,2,0.008358310901728588,2.1274175249429135,True,False,"[7, 15]","[0.15422388908663437, 0.13076213517048235]"
85,3,1333,2,0.010394820196432848,2.2096366296676715,True,False,"[7, 12]","[0.13421724353061582, 0.08314197443069288]"
85,5,0,1,0.013269572693424384,1.4848845621922044,True,False,[7],[0.13368146910943698]
85,7,470,1,0.011534479266310488,2.70949932450419,True,False,[7],[0.11254347960514617]
85,8,1214,2,0.00738582850427599,1.8986203532521397,True,False,"[7, 8]","[0.09903139412582995, 0.1111294667097291]"
85,11,1566,1,0.011151891316790756,1.86401726839398,True,False,[7],[0.1423615340041017]
85,12,1376,2,0.012213622437683843,3.2120895757047268,True,False,"[7, 10]","[0.13584960356601739, 0.030340447688831693]"
85,13,440,1,0.010795118001608574,2.6597597379441384,True,False,[7],[0.14272218176729087]
85,14,7,1,0.012238731724603555,1.8996843151699538,True,False,[5],[0.09053929368978711]
85,15,1274,1,0.011103361186181396,2.1221246851409346,True,False,[15],[0.09235570864125904]
85,17,273,1,0.011507490892506602,1.665085914856258,True,False,[7],[0.10681765095657797]
85,22,1717,1,0.011372333669683508,1.9381021749338159,True,False,[7],[0.11330873417414582]
85,23,1168,2,0.00887003768707034,2.9754870156804434,True,False,"[7, 8]","[0.07734460574525705, 0.113561935112311]"
86,0,1762,2,0.010338876328678833,3.2754280768379744,True,False,"[7, 12]","[0.1611544701852414, 0.1615052941658722]"
86,1,1369,1,0.015052703317632716,1.842768122505991,True,False,[8],[0.13785984334649007]
86,3,1551,1,0.013353370107184516,2.1242232511347554,True,False,[15],[0.13110996120937476]
86,4,1333,2,0.011854974686942172,2.2268985834777455,True,False,"[7, 8]","[0.13520865898774523, 0.14184092093733217]"
86,6,0,1,0.01375155919978008,1.5046723966218534,True,False,[6],[0.031061290480395402]
86,7,1967,1,0.011106497461211349,3.535010446375913,True,False,[5],[0.126484378461656]
86,8,470,1,0.012388421459451897,2.7660554149821115,True,False,[5],[0.1172664711838273]
86,9,1214,1,0.012011524060658573,1.9431085590223027,True,False,[5],[0.1202062217430636]
86,11,1359,2,0.011917050984754861,2.136560944844625,True,False,"[7, 12]","[0.152996845135789, 0.03692583002836705]"
86,12,1566,1,0.011006489262824614,1.8707257400410462,True,False,[8],[0.14960332067102247]
86,13,1376,1,0.010528988068173354,3.2839151724576894,True,False,[7],[0.12381447446186904]
86,14,440,1,0.011820357355655592,2.683525357260296,True,False,[7],[0.12433171532314649]
86,16,1274,1,0.012124643091561008,2.1203902043632463,True,False,[16],[0.09836302224164487]
86,17,1659,2,0.009780981055531176,1.8717282187798616,True,False,"[7, 15]","[0.10965053578154817, 0.101853096286227]"
86,18,273,1,0.013432722775114599,1.6777924384616407,True,False,[5],[0.10480025070354755]
86,21,1378,1,0.013629191687317398,1.9338411091519236,True,False,[15],[0.11985160742397095]
86,23,1168,1,0.01109006310737898,3.0317087265898537,True,False,[7],[0.08544055375984791]
87,0,1762,4,0.007449653980727744,3.2990528384322837,True,False,"[8, 11, 12, 15]","[0.11794254929180992, 0.10168039615153171, 0.1545102597806978, 0.1293115336956427]"
87,1,1369,2,0.013594211918729527,1.856412306426909,True,False,"[7, 15]","[0.1456773278512591, 0.18430474529228583]"
87,3,1551,1,0.013320347849184625,2.1216402197578277,True,False,[15],[0.12443746520419499]
87,4,1333,1,0.014330804782156611,2.2529089913487543,True,False,[7],[0.1374057330481716]
87,5,748,1,0.01045140103489096,1.7864587471852498,True,False,[8],[0.10548753200051013]
87,6,0,1,0.014478084949492138,1.4982766963694287,True,False,[7],[0.13379636296496303]
87,7,1967,1,0.010404205870358384,3.537740445340962,True,False,[8],[0.14559412461877083]
87,12,1566,1,0.01249833826181991,1.8803144092345512,True,False,[15],[0.13329251905782794]
87,13,1376,3,0.009363097148337638,3.3162262925882793,True,False,"[7, 8, 11]","[0.13047101199401462, 0.10862155770213214, 0.04105411588029124]"
87,14,440,1,0.01043515327642881,2.6884829203078895,True,False,[16],[0.10400118949832726]
87,15,7,1,0.012081198122209163,1.938884086654559,True,False,[5],[0.11803633078661405]
87,16,2083,1,0.07644002060341291,2.3549469695392737,True,False,[7],[0.09925982699723208]
87,17,1274,1,0.011505530837670584,2.15697345446429,True,False,[7],[0.10987481405572773]
87,22,1059,1,0.011991790608145361,1.807183773709444,True,False,[7],[0.1055859806236645]
87,23,1378,1,0.01244920425753519,1.9655142020292888,True,False,[7],[0.10457036102258424]
88,0,1762,3,0.007494072024523219,3.320983522758063,True,False,"[8, 12, 15]","[0.11001508740011219, 0.14600241285728013, 0.11930333851693127]"
88,1,1369,1,0.017268263254617038,1.855625706240799,True,False,[15],[0.15780665245224018]
88,4,1333,4,0.010638088081733174,2.2513265857269062,True,False,"[7, 8, 12, 15]","[0.14200150730792585, 0.15437818178236218, 0.16291398059915482, 0.08439833872062921]"
88,5,748,1,0.011762121554704371,1.7906004553399146,True,False,[5],[0.11229913566024527]
88,6,2109,1,0.014555500028690322,2.038472887163527,True,False,[7],[0.12919093657229705]
88,7,2107,1,0.02648280476748849,1.9444929514865148,True,False,[5],[0.1204067644909367]
88,8,1967,4,0.009008243406910626,3.547633735090405,True,False,"[7, 8, 10, 15]","[0.10595058325452665, 0.1145629767005545, 0.07554816276830834, 0.10574633390212662]"
88,10,1214,3,0.0098122823276387,1.9457299402891577,True,False,"[7, 15, 17]","[0.15131951849763464, 0.16433705819923528, 0.10263692276505082]"
88,11,1647,1,0.011659943889394488,2.3278796719050945,True,False,[5],[0.1406176250257195]
88,12,1359,1,0.013203872999498273,2.1358499626392566,True,False,[11],[0.05471770919071902]
88,13,1566,1,0.011588238845296847,1.917995123230997,True,False,[7],[0.12193817729465593]
88,14,1376,1,0.011219744150867177,3.359090715908783,True,False,[7],[0.12397211945216793]
88,17,1274,1,0.012535240692062287,2.1939401433596086,True,False,[5],[0.1273192229964846]
88,18,2066,1,0.06135936743432118,2.8702773657418796,True,False,[5],[0.10249063506109944]
88,19,1659,1,0.012714478622274206,1.8855955721853077,True,False,[8],[0.07249981014950764]
88,20,273,1,0.01155631257421988,1.6884705050262183,True,False,[8],[0.11609862351014624]
88,22,1059,1,0.012423490924553218,1.8071762659783048,True,False,[15],[0.10441978032204556]
88,23,1378,2,0.00830244821225196,1.9827922033505638,True,False,"[7, 15]","[0.10974809306485327, 0.16577848267835227]"
89,1,1369,2,0.013132134266384606,1.855892856689388,True,False,"[8, 11]","[0.13652823616783097, 0.06730075765371499]"
89,4,1333,2,0.014299169812935992,2.24493271753429,True,False,"[8, 12]","[0.17545337317418472, 0.16570469058338258]"
89,7,2107,3,0.0070503291874150905,1.9573205553366335,True,False,"[7, 8, 15]","[0.11278938988085525, 0.1505638437805459, 0.11712613025473778]"
89,8,1967,1,0.009945810325535723,3.560954557069977,True,False,[8],[0.10287066156822243]
89,9,470,2,0.008404042974008007,2.772997360375231,True,False,"[8, 12]","[0.15492798142649994, 0.07596788340276822]"
89,10,1214,2,0.009339948043861976,1.9463281823233933,True,False,"[7, 12]","[0.14513971603846568, 0.09817994059273116]"
89,11,1647,1,0.01107234127650466,2.3742519532301993,True,False,[5],[0.12888738631805258]
89,12,1359,1,0.012168356985631915,2.166995733743242,True,False,[7],[0.12696870752783565]
89,13,1566,1,0.01138880588168381,1.9366753646945625,True,False,[8],[0.11366961743117746]
89,14,1376,1,0.01585147953003868,3.3706778518974567,True,False,[10],[0.04791140653983046]
89,15,2114,1,0.02887366285505781,2.6716872484102283,True,False,[7],[0.10557317205295814]
89,16,7,1,0.011168182035426558,1.9705569892391197,True,False,[5],[0.0978747113050451]
89,18,2066,1,0.009356835474308522,2.9403566129491563,True,False,[7],[0.08931284163335795]
89,19,1659,2,0.008035134800031032,1.9016236154391741,True,False,"[8, 15]","[0.07001915534259569, 0.1028901755507736]"
89,21,1394,1,0.009383181785239432,2.022859333578548,True,False,[7],[0.13171576096409793]
89,23,1378,1,0.01006214489009518,2.024434638351544,True,False,[7],[0.09711733274843583]
90,0,1762,1,0.011434260779867263,3.3240939090070865,True,False,[12],[0.13628126343665375]
90,1,1369,2,0.010664796779483036,1.8581666386184799,True,False,"[8, 15]","[0.1603109875699673, 0.15412052015980424]"
90,2,2142,1,0.02007845266351208,2.113976980940587,True,False,[5],[0.1074717781766284]
90,4,1551,1,0.013022396180561578,2.1439043378291816,True,False,[15],[0.0781365901049425]
90,5,1333,2,0.00998133961425077,2.2683634311000143,True,False,"[7, 8]","[0.12325126397084281, 0.11897943823636861]"
90,6,748,1,0.013653990655385355,1.8175839085523744,True,False,[7],[0.12373039119799106]
90,8,2107,2,0.008199703214576705,1.9685125434102686,True,False,"[7, 8]","[0.10805812933329843, 0.1075436618230378]"
90,9,1967,1,0.012663542929083576,3.568537407592249,True,False,[15],[0.1229473667010941]
90,10,470,1,0.013708229085556016,2.8098740786832725,True,False,[5],[0.11422827132205993]
90,13,1359,2,0.011555151108721934,2.1641231018602487,True,False,"[11, 12]","[0.054826799349699466, 0.10528828885382144]"
90,15,1376,1,0.012247665924324518,3.3634033904340046,True,False,[15],[0.10353741032633403]
90,16,2114,1,0.01124126537313289,2.6653864423797278,True,False,[8],[0.101959067795706]
90,17,7,1,0.010824365121592062,1.9935784568376353,True,False,[8],[0.14071821451238314]
90,20,1659,2,0.008465683567166598,1.908454098987459,True,False,"[8, 15]","[0.11126184251512633, 0.06995892472001053]"
90,21,273,1,0.012949072730214813,1.6765928617627934,True,False,[15],[0.10859765027706209]
90,23,1378,3,0.007156050032889227,2.0384585529453485,True,False,"[7, 8, 15]","[0.11276594934051157, 0.13324247062276498, 0.1583953812000973]"
91,0,1762,2,0.010944616464960356,3.351560359737838,True,False,"[8, 11]","[0.11043834827803618, 0.11406924736370093]"
91,1,1369,1,0.016299523631257355,1.885706405970926,True,False,[7],[0.15604123714720777]
91,3,2049,1,0.041614883529878195,2.5983763309128336,True,False,[5],[0.07638534890072976]
91,4,1551,1,0.012998351119450434,2.163496078575403,True,False,[15],[0.09443465565953263]
91,5,1333,1,0.013195046610964703,2.3123857597226687,True,False,[5],[0.11077074115022134]
91,7,2109,1,0.010909939509720547,2.037692674725111,True,False,[8],[0.1436148850252635]
91,9,1967,1,0.011154909165739033,3.5739674256438687,True,False,[8],[0.1506050192388593]
91,10,470,2,0.009794358129030971,2.8167983133263492,True,False,"[7, 12]","[0.16803372728759441, 0.11587211977160926]"
91,11,1214,2,0.011233989451513266,1.943035139174766,True,False,"[7, 17]","[0.16723711529185412, 0.09877621523723057]"
91,12,1647,1,0.010834091907394976,2.3807134096251166,True,False,[8],[0.1480243951321864]
91,13,1359,3,0.009359821227336034,2.1768395729010126,True,False,"[7, 8, 11]","[0.12412228308214485, 0.14164828893390682, 0.08161044818203647]"
91,14,1566,1,0.011150769047486032,1.98143986840144,True,False,[5],[0.09713923832865506]
91,15,1376,2,0.014071864110810357,3.3322845449540273,True,False,"[10, 15]","[0.0509397396113617, 0.136333951976081]"
91,17,7,1,0.012246795318822293,1.993821535985774,True,False,[15],[0.13131244494507602]
91,18,1274,1,0.012960439592164157,2.1979789081988472,True,False,[16],[0.0974674889021663]
91,19,2066,1,0.010493583713412807,2.9965371108785814,True,False,[7],[0.0982179032149934]
91,20,1659,1,0.011796866314576998,1.9225617935254007,True,False,[8],[0.10011297539462177]
91,21,273,2,0.00883282696643287,1.6930867406582575,True,False,"[7, 16]","[0.13158119358040726, 0.15600995514230237]"
91,22,1059,1,0.011503742889738364,1.841903232320195,True,False,[7],[0.10472676985290989]
91,23,1378,1,0.010145462185003114,2.0867503076129252,True,False,[7],[0.11380192965072473]
92,0,1762,1,0.011405893265641124,3.3842791870275204,True,False,[5],[0.10982749257701177]
92,1,1369,3,0.008829537430105651,1.8988637604490621,True,False,"[7, 8, 15]","[0.1462087322882332, 0.14960102373765188, 0.1388631076501431]"
92,2,2142,1,0.011916892849493013,2.118835118464708,True,False,[8],[0.12899200715012202]
92,3,2049,1,0.010277252493028681,2.6516856066147945,True,False,[7],[0.12734513037903467]
92,4,1551,1,0.013120585746114605,2.1749973710481743,True,False,[7],[0.15463842831893335]
92,5,1333,2,0.011004606555219065,2.3045704277895296,True,False,"[12, 15]","[0.10260779899049544, 0.11660017424559606]"
92,7,2109,1,0.011763298270739481,2.061068121835405,True,False,[5],[0.11917405546134621]
92,9,1967,1,0.010836599595384704,3.594254606384508,True,False,[12],[0.0837396390081756]
92,10,470,1,0.013247533751276772,2.8065627972601916,True,False,[12],[0.1257314948851833]
92,11,1214,1,0.011659166001260728,1.9878075767854748,True,False,[5],[0.13507906963989483]
92,13,1359,1,0.012417268484804983,2.211469449904224,True,False,[5],[0.13137269070304647]
92,14,1566,1,0.012584644969171997,2.0119180342425262,True,False,[8],[0.12654276621611865]
92,15,1376,3,0.011562416101366425,3.3224349534576665,True,False,"[7, 10, 15]","[0.107509674379687, 0.08685696111529416, 0.15457798450438764]"
92,16,2107,2,0.007806052748625706,1.993788798463376,True,False,"[7, 8]","[0.09448358479223859, 0.0961139886048905]"
92,17,7,1,0.011557461818983764,1.995681485303528,True,False,[7],[0.10986284633214013]
92,18,1274,1,0.011864457135201102,2.2434386428258053,True,False,[5],[0.12181329068850097]
92,19,2066,1,0.009930436626966088,3.056623938803969,True,False,[7],[0.09267083021951396]
92,20,1659,2,0.008406813685219464,1.9407687554687971,True,False,"[7, 8]","[0.103926494338988, 0.10344645904417067]"
92,21,273,1,0.01149759945884391,1.716000697451801,True,False,[16],[0.14826916149247293]
92,22,1059,1,0.011378737223608031,1.8790991850734182,True,False,[7],[0.0981355681283554]
93,0,1762,2,0.00864561768084935,3.4040850339771236,True,False,"[12, 15]","[0.1282068235024333, 0.11139927624192876]"
93,1,1369,1,0.014762295238226423,1.9344622497116113,True,False,[7],[0.14239997889892944]
93,3,2049,1,0.01156199456480554,2.705200680191222,True,False,[5],[0.0741241880169783]
93,4,1551,1,0.0125934928662426,2.204762571098453,True,False,[5],[0.09231048318744964]
93,5,1333,2,0.010846129581550143,2.3129940074153423,True,False,"[7, 12]","[0.1422309081636353, 0.10518358741820444]"
93,7,2109,1,0.009911068524459407,2.107025187566305,True,False,[7],[0.10558427780031947]
93,9,1967,1,0.011871959826792865,3.639878329568478,True,False,[7],[0.12342430783554595]
93,10,470,1,0.01155937089451726,2.8293649382904955,True,False,[7],[0.15686888304410695]
93,11,1214,1,0.011090983478574372,2.033395092728609,True,False,[5],[0.13045598111635778]
93,12,1647,1,0.014277767016539183,2.3841154948132455,True,False,[11],[0.05986725362632709]
93,13,1359,2,0.010262959982869862,2.2291106687236804,True,False,"[7, 11]","[0.11967330729939502, 0.09203331129423341]"
93,14,1566,2,0.00860569942541952,2.0284917294200957,True,False,"[8, 15]","[0.11228530430145166, 0.1152245108909296]"
93,15,1376,1,0.01247599506864333,3.3694406849078073,True,False,[7],[0.11529905522493224]
93,17,7,1,0.013546874870982072,2.0213287940606097,True,False,[5],[0.15021899532075508]
93,18,1274,1,0.010097711719484587,2.2937928454393046,True,False,[7],[0.09454167648198991]
93,19,2066,1,0.011659197373986562,3.1051595989281666,True,False,[5],[0.10311605782860206]
93,20,1659,1,0.011759671309010029,1.9622187561613347,True,False,[7],[0.10565047627245408]
93,21,273,1,0.010922492547849622,1.7304865669994007,True,False,[7],[0.13570958345867007]
93,23,1378,2,0.009305209062229024,2.114970829566429,True,False,"[7, 8]","[0.12193354729778182, 0.1400539311313558]"
94,0,1762,1,0.01168573934766289,3.4112281159611957,True,False,[11],[0.10914450866265886]
94,1,1369,2,0.01044568201762296,1.9565171006669124,True,False,"[7, 15]","[0.14196278169041693, 0.1225863023517564]"
94,3,2248,1,0.024004316193788046,1.9795831419911787,True,False,[15],[0.13251813743629953]
94,4,1551,2,0.009903725155472647,2.2155028715275136,True,False,"[8, 15]","[0.18497340545226607, 0.12034936618732225]"
94,5,1333,1,0.011062806778789748,2.3577390753173324,True,False,[7],[0.12545977210394882]
94,6,748,1,0.013848764633612851,1.8285248783716304,True,False,[8],[0.1380044183911063]
94,8,2171,1,0.04618032226042716,2.1950834155982806,True,False,[7],[0.1044070327032694]
94,14,1566,1,0.011548912067546805,2.0587979616377576,True,False,[8],[0.11384228905671745]
94,15,1376,1,0.012370854591323435,3.4193253565304094,True,False,[7],[0.10725459344931497]
94,16,2107,1,0.01217890864892713,1.993248290710528,True,False,[15],[0.07837332645313402]
94,17,7,2,0.009502814586124344,2.022265757988057,True,False,"[7, 15]","[0.12355060307646351, 0.14295533012593828]"
94,18,1274,2,0.007591430519630743,2.316060602873114,True,False,"[7, 15]","[0.11788273081218097, 0.08432132914277034]"
94,20,1659,1,0.011971645836198566,1.9746131943222385,True,False,[8],[0.10440355087364314]
94,21,273,1,0.013940784973269046,1.7357246798190005,True,False,[5],[0.12894763521363906]
94,22,1059,1,0.01277245569813936,1.8939256627190837,True,False,[8],[0.11318304520444619]
95,0,1762,1,0.011633726197462725,3.411960508401808,True,False,[12],[0.1297261582216644]
95,1,1369,1,0.016474905242828245,1.9554036578515464,True,False,[8],[0.15044544250995243]
95,3,2267,1,0.02756143115801118,2.1493212482493385,True,False,[5],[0.07430960880823573]
95,4,1333,3,0.011085722225164123,2.3659469233380737,True,False,"[7, 12, 15]","[0.1580137056700134, 0.1688508741708886, 0.13068616935339697]"
95,5,748,1,0.010933113578133088,1.851352838490827,True,False,[7],[0.12539793421544898]
95,6,2109,1,0.012754144141473479,2.1099932013804383,True,False,[15],[0.11772452879701646]
95,9,1551,2,0.008998743583298885,2.2263817044020153,True,False,"[7, 15]","[0.11386207079483548, 0.11346331850550297]"
95,10,470,1,0.013036216131326933,2.8688853472111506,True,False,[5],[0.13166140774981394]
95,11,1214,1,0.011411813122289395,2.0775817109541057,True,False,[5],[0.12835560845057623]
95,13,1359,3,0.007120438057480488,2.2321337176585963,True,False,"[7, 12, 15]","[0.10163155180754294, 0.1188409540304582, 0.11191421195073713]"
95,15,1376,1,0.011466598700128448,3.4904890524418177,True,False,[5],[0.11883657645156252]
95,16,2107,1,0.011082117495378645,2.0292675338033987,True,False,[7],[0.0996005437249343]
95,17,2049,1,0.011065751205642401,2.705083485598577,True,False,[8],[0.14553275202852237]
95,18,1274,1,0.0105148150620831,2.3153853524112415,True,False,[15],[0.10537540215055534]
95,19,2066,1,0.011543860126749092,3.1541626248725017,True,False,[5],[0.09893356868686942]
95,20,1659,2,0.008196500593817666,1.989542690125895,True,False,"[7, 8]","[0.10067096568839964, 0.09354012466360542]"
95,21,273,2,0.008032620320959305,1.7464307183437888,True,False,"[8, 16]","[0.13604762818903296, 0.1341471018345074]"
95,23,1378,1,0.012027670210491432,2.1033097586274763,True,False,[8],[0.14904769323830186]
96,0,1762,1,0.012271033423203539,3.457564651692307,True,False,[15],[0.1170456755392194]
96,1,1369,1,0.015039751538306407,1.9876880617059824,True,False,[7],[0.14434079435178535]
96,4,1333,4,0.011568510414363286,2.3769664573583884,True,False,"[7, 8, 12, 15]","[0.1522633802721162, 0.1976409088515842, 0.1802844571284246, 0.14611705145614445]"
96,6,2109,1,0.012181494591068567,2.1198050959847925,True,False,[5],[0.15121610418664067]
96,10,1214,1,0.013225634489904988,2.0779647768856533,True,False,[15],[0.16161979930924011]
96,12,1359,2,0.010671808967024162,2.231050294057467,True,False,"[8, 12]","[0.16344850059280758, 0.06926709922561189]"
96,14,1376,1,0.012363281458502167,3.5247729939065167,True,False,[7],[0.14244214966987578]
96,17,1551,1,0.012723247230887252,2.2471621688667844,True,False,[7],[0.12839367834719465]
96,18,470,1,0.013377947181286638,2.887518827622449,True,False,[12],[0.07781122185560675]
96,19,273,3,0.0066311483589964176,1.7499721562617159,True,False,"[7, 8, 15]","[0.08462036515808709, 0.0851148766045321, 0.10933165458246469]"
96,21,1378,1,0.0130979129800848,2.0938663037265157,True,False,[15],[0.13424327026346297]
96,22,1274,1,0.011413145360141961,2.3580614689154022,True,False,[5],[0.12569659929535204]
97,0,1762,2,0.008313664827776011,3.5009195522903624,True,False,"[7, 15]","[0.1505797959452995, 0.11179140100135829]"
97,1,1369,1,0.016830776648209377,2.000508699895589,True,False,[12],[0.25064214301258253]
97,2,2142,1,0.010043373978787972,2.1619938931128693,True,False,[7],[0.13529471444920838]
97,3,2267,1,0.011167219202378372,2.1928628618623556,True,False,[5],[0.07797870016456597]
97,4,1333,3,0.01505217299828305,2.3780222333259804,True,False,"[8, 12, 15]","[0.229050070362103, 0.22127734182766362, 0.17922554885088268]"
97,6,2109,1,0.0122050780737647,2.1526910516511,True,False,[7],[0.12233126620760905]
97,7,2171,3,0.009944356034320341,2.1900530496446384,True,False,"[8, 16, 17]","[0.1361138935672579, 0.1398574451245533, 0.04886151209820964]"
97,8,2248,3,0.007167069362112729,1.9885238782979486,True,False,"[7, 8, 15]","[0.11059707872567622, 0.11186936863522955, 0.10743867834772514]"
97,10,1214,1,0.011658030402341988,2.094683372917892,True,False,[7],[0.17059834501223364]
97,12,1359,1,0.012445236661046181,2.2305337544201422,True,False,[12],[0.07237555587317435]
97,14,1376,3,0.006835277294253425,3.560529578602323,True,False,"[7, 8, 15]","[0.1427202735534279, 0.10779728920099746, 0.12487793241224414]"
97,16,2049,1,0.010561489382455958,2.7504889866327265,True,False,[7],[0.11080302667809179]
97,17,1551,1,0.011462760486194528,2.2821459637154295,True,False,[7],[0.10459785461269301]
97,18,470,1,0.013007551521223501,2.939797802927371,True,False,[7],[0.12431455121249985]
97,19,273,1,0.013119850024244291,1.7552786013191073,True,False,[5],[0.10594451480343291]
97,22,1274,1,0.010800836012938691,2.4003592454671234,True,False,[7],[0.11492704681144997]
97,23,2282,1,0.050607552994599556,2.2294757015782922,True,False,[5],[0.119141543167815]
98,0,1762,2,0.010568688090584975,3.5162229078811147,True,False,"[8, 11]","[0.11073123124429296, 0.11161118685144197]"
98,1,1369,1,0.015341081831989178,2.000929518267706,True,False,[8],[0.1309410696596048]
98,3,2267,1,0.012684521614108124,2.226503591980751,True,False,[5],[0.09643283065509517]
98,4,1333,1,0.01671046480457665,2.3774844526032686,True,False,[12],[0.20374212475121994]
98,6,2109,1,0.011735024838105219,2.1899615898224427,True,False,[7],[0.11549494496014016]
98,7,2171,2,0.010795492123874153,2.179681121050481,True,False,"[8, 17]","[0.13806526152035503, 0.06259719937408935]"
98,8,2248,1,0.009578349345438043,2.021089100949575,True,False,[7],[0.10622270382839386]
98,9,2302,1,0.10855169985006896,2.281888718692625,True,False,[15],[0.10436704789157679]
98,11,1647,1,0.011293983138718081,2.4258030981376524,True,False,[5],[0.12372702040564817]
98,12,1359,2,0.009792406206598887,2.2354123245706843,True,False,"[11, 15]","[0.07917505504140088, 0.1370612313165851]"
98,13,1566,1,0.010798109299536007,2.087252639024776,True,False,[8],[0.1270669185997902]
98,14,1376,1,0.011631393447526301,3.6126076902944337,True,False,[7],[0.13750578901001076]
98,16,2049,1,0.010168961930266894,2.799384258553243,True,False,[7],[0.1079201639505312]
98,17,1551,1,0.010790420219300111,2.28390802007536,True,False,[15],[0.16281431013574785]
98,19,273,2,0.009069807136610944,1.754836820353855,True,False,"[8, 16]","[0.1025735636664508, 0.11558465452134344]"
98,21,1378,1,0.010959017803980736,2.124320467762418,True,False,[7],[0.12820015445750374]
98,22,2349,1,0.04181373505223063,2.3820495698502797,True,False,[7],[0.11495244695312402]
98,23,2282,2,0.00861617629700064,2.252286829991747,True,False,"[7, 8]","[0.12566165650768657, 0.14639203110983212]"
99,0,1762,1,0.011313847816102018,3.5444048287154586,True,False,[8],[0.10350233476955818]
99,1,1369,2,0.010060725780281375,2.029647237960406,True,False,"[7, 15]","[0.1427122772410109, 0.1308813457234387]"
99,3,2267,1,0.012328851804373103,2.265516281354266,True,False,[5],[0.10315658718013421]
99,4,1333,1,0.014149775694006404,2.408304155455388,True,False,[5],[0.10120453220797744]
99,7,2171,2,0.009158123538595225,2.184671581494377,True,False,"[8, 12]","[0.13706812606938124, 0.1134584454071385]"
99,9,2302,1,0.011856350770390626,2.2818188446573164,True,False,[5],[0.11497658417903879]
99,10,1214,1,0.011858788247119292,2.099636062119772,True,False,[8],[0.10102221937547028]
99,11,1647,1,0.011515037841725747,2.4692284237838362,True,False,[5],[0.12715951858268285]
99,12,1359,1,0.013088906010532083,2.2537002828780563,True,False,[11],[0.10063796278853585]
99,13,1566,2,0.009680661252903702,2.1255273298179893,True,False,"[7, 8]","[0.11143592528773662, 0.1340251963671599]"
99,14,1376,1,0.011653720631000699,3.665801856787533,True,False,[7],[0.13389453949084112]
99,15,2107,1,0.009891913109828846,2.041949732736484,True,False,[8],[0.09840503888780819]
99,17,1551,1,0.011697640985191382,2.2739587289855487,True,False,[8],[0.1686958746328429]
99,18,470,2,0.010409506252111704,2.9725794433251154,True,False,"[7, 12]","[0.1156311575548557, 0.07894909804872062]"
99,19,273,1,0.011635989104401027,1.7587827362178587,True,False,[16],[0.11072098222911474]
99,21,1378,1,0.013072528018191676,2.117006332144806,True,False,[15],[0.14009696425435822]
99,22,2349,1,0.01213605473507716,2.38230857060893,True,False,[8],[0.11046714044759576]
99,23,2372,1,0.08515917001356046,2.1462999660957847,True,False,[15],[0.14470705401704906]
100,0,1762,1,0.009790987914124022,3.6060930711152714,True,False,[7],[0.1529261365923143]
100,1,1369,1,0.01460668890746955,2.069199467186467,True,False,[7],[0.15176111493222125]
100,3,2267,3,0.006443981628783639,2.280057386442559,True,False,"[7, 8, 15]","[0.12866301992048515, 0.092406141847559, 0.12111415574475758]"
100,4,1333,1,0.01108175686980626,2.453634938722008,True,False,[7],[0.1382434576786301]
100,5,748,2,0.008885861668517016,1.860293982884957,True,False,"[7, 8]","[0.1264597441033549, 0.12068230787437924]"
100,6,2109,1,0.012727499748568455,2.190141210262445,True,False,[8],[0.12423190704232877]
100,7,2171,1,0.010898944734763414,2.2360178233936616,True,False,[5],[0.11628053892440379]
100,8,2248,1,0.013551244033839099,2.019640566169585,True,False,[15],[0.10921750466488346]
100,10,1214,1,0.011485209271402876,2.110102167155822,True,False,[8],[0.11123599974473548]
100,12,1359,2,0.008773643427817448,2.2723418000055418,True,False,"[7, 11]","[0.12881454979490461, 0.11404790866898885]"
100,14,1376,1,0.010350134348166453,3.7421322381844924,True,False,[5],[0.10344503208005548]
100,15,2107,1,0.011281572738574655,2.0823445555127265,True,False,[7],[0.10017638247637375]
100,16,2049,1,0.009860246929486787,2.7931748802146044,True,False,[8],[0.094067339936584]
100,17,1551,1,0.010619204045932263,2.30984112707714,True,False,[7],[0.10097281608932938]
100,18,470,3,0.006738916946740211,2.99807158335002,True,False,"[7, 8, 12]","[0.11360246710489924, 0.08834598561382961, 0.0802874688076008]"
100,19,273,1,0.011741090864233842,1.7680798739750336,True,False,[16],[0.11859967561561766]
100,21,1378,1,0.0105119779322991,2.1560415552231285,True,False,[7],[0.14103521833027666]
100,22,2349,1,0.010982770601508707,2.419098651412176,True,False,[7],[0.12958246779790653]
101,0,1762,2,0.009309392998564052,3.6221137837735826,True,False,"[8, 12]","[0.11137359516482727, 0.13116566233705787]"
101,1,1369,2,0.011272944525338844,2.0919840928780014,True,False,"[7, 8]","[0.18626736701347407, 0.1567412637033655]"
101,3,2267,1,0.009525706138831715,2.2889256688394726,True,False,[8],[0.08367788351808875]
101,4,1333,3,0.010196762943142893,2.476529349801142,True,False,"[7, 11, 12]","[0.1529262784499905, 0.08805105020874171, 0.1839122744570362]"
101,7,2171,3,0.01207067151225826,2.2207878002838504,True,False,"[8, 16, 17]","[0.14659733871638483, 0.17607779189421316, 0.10950008919944473]"
101,8,2248,1,0.010235747269820432,2.051002657774634,True,False,[7],[0.10440814283878186]
101,10,1214,1,0.011698245562176439,2.1253703045307306,True,False,[7],[0.15977087821455185]
101,11,1647,1,0.011367106750764338,2.5134910526419727,True,False,[5],[0.1225070421986185]
101,12,1359,1,0.01270515269166893,2.3118765471745073,True,False,[5],[0.10426596448528948]
101,13,1566,1,0.010419247360628653,2.1299788914185402,True,False,[15],[0.10541808448006866]
101,14,1376,2,0.009288846352718521,3.7529697735607117,True,False,"[7, 10]","[0.11436697410234353, 0.07689223018243903]"
101,16,2049,2,0.007441696215899462,2.816126478906803,True,False,"[7, 8]","[0.10858217773439549, 0.1064861046921249]"
101,17,1551,1,0.010801468922924351,2.3325312782960466,True,False,[7],[0.11302803241981442]
101,18,470,2,0.008740350092575112,3.015362597798472,True,False,"[7, 12]","[0.12556217628187358, 0.110974451266987]"
101,19,273,2,0.008121743449841661,1.7730115689703312,True,False,"[15, 16]","[0.10103129901367244, 0.11172236197085797]"
101,20,1059,2,0.008019778434821573,1.9006908777561928,True,False,"[8, 15]","[0.09007353254716087, 0.06801767968120394]"
101,22,1378,1,0.012045894631550116,2.1541645501632942,True,False,[8],[0.11576023215278357]
101,23,2349,2,0.009737987457299214,2.4432782626592333,True,False,"[7, 8]","[0.1328659713063221, 0.150159706555974]"
102,0,1762,1,0.011705945209272123,3.6221140649964916,True,False,[12],[0.14017428562723497]
102,1,1369,4,0.009244589237994308,2.1116571047707984,True,False,"[7, 8, 12, 15]","[0.17154486885222528, 0.1655171984562278, 0.24138083476104844, 0.15590556677501224]"
102,2,2142,1,0.010895043847955399,2.169261553543053,True,False,[8],[0.11743071309563483]
102,3,2267,1,0.011867220615822623,2.290616693775629,True,False,[15],[0.11863994874973742]
102,4,1333,1,0.013506181612549392,2.52122571366115,True,False,[5],[0.10905650838631428]
102,6,2426,1,0.049833365185291086,2.325853791668669,True,False,[8],[0.12252031847673296]
102,7,2109,1,0.011351566794508033,2.1946188683444063,True,False,[8],[0.14535502429853706]
102,9,2248,1,0.012810707896580923,2.055355830376687,True,False,[15],[0.09979900028177027]
102,11,1214,1,0.01189959724852569,2.1632533977054504,True,False,[5],[0.12555594125320185]
102,13,1359,2,0.00770714109733371,2.3218355365717094,True,False,"[7, 15]","[0.10303625050537153, 0.10987927218221721]"
102,15,1376,1,0.011345867134830576,3.8115695502705864,True,False,[7],[0.09585187783885109]
102,17,2433,1,0.052884994650642135,2.5772899299010494,True,False,[15],[0.15510948774011796]
102,18,1551,1,0.012204867788444472,2.3561368233704054,True,False,[7],[0.130067647009885]
102,19,470,1,0.014153312038807658,3.0028975387866295,True,False,[12],[0.08035848116637034]
102,20,273,3,0.007805710965707241,1.7811234530103237,True,False,"[8, 15, 16]","[0.10881213564744711, 0.08200970117436683, 0.15803848616910426]"
102,22,2411,1,0.05484020678707882,2.839362653289862,True,False,[7],[0.1229544118556399]
102,23,1378,1,0.010466432484034031,2.2036874868408174,True,False,[7],[0.14264374967892016]
103,0,1762,1,0.011216477678095154,3.6272935249156326,True,False,[11],[0.11719027195604027]
103,1,1369,1,0.015805437925300467,2.1081382386902283,True,False,[8],[0.1775543699696624]
103,2,2142,1,0.01064835268050287,2.2098075876609333,True,False,[7],[0.13179592436397647]
103,3,2267,2,0.008324420740490198,2.3148474631890075,True,False,"[7, 8]","[0.1327641231863951, 0.09957128303670634]"
103,4,1333,1,0.011407138286842432,2.56961890496522,True,False,[7],[0.1450935838830635]
103,6,2426,1,0.011415233760170859,2.325658672641839,True,False,[8],[0.11268900318523331]
103,7,2109,1,0.010852048307089296,2.199214063908233,True,False,[8],[0.13391422471901582]
103,8,2171,1,0.009730885204165705,2.249073559069351,True,False,[8],[0.11333351489702434]
103,11,1214,1,0.012030402029333802,2.1769772215645355,True,False,[7],[0.1762410966302364]
103,13,1359,2,0.010000380797195861,2.311480169661202,True,False,"[11, 12]","[0.10656087798762327, 0.12040037639829082]"
103,14,1566,1,0.011270264761581938,2.1615662234803383,True,False,[8],[0.10312542212956018]
103,15,1376,2,0.008885099557110043,3.814947325332359,True,False,"[12, 15]","[0.1127476972123167, 0.13931625109389817]"
103,16,2107,1,0.009970448224259944,2.0970355659586337,True,False,[8],[0.10351473097552327]
103,17,2433,1,0.013164694854969771,2.5706384339122788,True,False,[5],[0.13987022639044747]
103,18,1551,2,0.011627997012462374,2.359579862977232,True,False,"[11, 15]","[0.07325317803201015, 0.13421344200241414]"
103,19,470,1,0.011223896102253146,3.014745554072546,True,False,[8],[0.12462889087116141]
103,20,273,2,0.008739804973654293,1.7868891926281159,True,False,"[15, 16]","[0.08584805177815642, 0.14830850814828747]"
103,23,1378,1,0.013024918075241055,2.1920291347869787,True,False,[8],[0.17392939203304544]
104,0,1762,1,0.012165089440157534,3.6653766249112,True,False,[15],[0.10786582896277702]
104,1,1369,2,0.011860695501794243,2.130641971858163,True,False,"[7, 8]","[0.18376609974155414, 0.20448571739700389]"
104,3,2267,1,0.012147475962918838,2.3156925739964986,True,False,[15],[0.1309191856630611]
104,4,1333,1,0.010809574572037125,2.62517608708789,True,False,[7],[0.14097333121115974]
104,5,748,1,0.010447055103326289,1.859706053300189,True,False,[8],[0.11152831374604036]
104,6,2426,1,0.010751388315841832,2.3253578421280356,True,False,[8],[0.10009479484516795]
104,8,2171,1,0.014119949199210622,2.236297514475177,True,False,[17],[0.024703557537002912]
104,11,1214,1,0.011972254560467648,2.1916596588995194,True,False,[7],[0.1659541103173685]
104,14,1376,2,0.007831404202695385,3.8556131703808467,True,False,"[7, 8]","[0.101160376053863, 0.10632908292375838]"
104,15,2107,1,0.010531205237346452,2.1443285121134736,True,False,[7],[0.08852083691693007]
104,16,2433,1,0.011730341749146587,2.571709698043856,True,False,[15],[0.07913151173817275]
104,17,1551,1,0.010497345799862735,2.3818868407835483,True,False,[7],[0.10536044082265014]
104,18,470,1,0.012517180155599942,2.9990313251571235,True,False,[12],[0.13412406795969103]
104,19,273,2,0.007774312557987253,1.7956662828473433,True,False,"[15, 16]","[0.0967989492497703, 0.10223933289340577]"
104,20,1359,2,0.00991762259714863,2.302295618914127,True,False,"[12, 15]","[0.12281324216528246, 0.10064143785929876]"
104,22,2411,1,0.010868586644600187,2.883158924300276,True,False,[7],[0.11866963447608599]
104,23,1378,1,0.011619504058516937,2.23741299123205,True,False,[7],[0.14226693089900008]
105,0,1762,3,0.007657015945914718,3.678691168800505,True,False,"[11, 12, 15]","[0.12886440728481702, 0.16236423488082888, 0.12039852879828201]"
105,3,2267,2,0.007539685154948591,2.3248321174723454,True,False,"[8, 15]","[0.09846855139404954, 0.12201976911375051]"
105,4,1333,1,0.012664854123453594,2.6699041485819857,True,False,[7],[0.15148027483183196]
105,6,2426,1,0.011146196580555932,2.3315319710195395,True,False,[8],[0.10032298381735942]
105,8,2171,3,0.007315524705791329,2.25788317106818,True,False,"[7, 8, 16]","[0.11503744335180456, 0.11037359184335088, 0.07125086079249242]"
105,11,1214,3,0.00930883916033781,2.195585504910802,True,False,"[7, 8, 17]","[0.18045024360436385, 0.16136467640799934, 0.12707249600490642]"
105,13,1566,1,0.012241255433037102,2.195846211679854,True,False,[5],[0.12544903472530686]
105,14,1376,2,0.009946542919226618,3.8648627867223104,True,False,"[8, 15]","[0.1210111232641349, 0.1427196003915237]"
105,16,2433,1,0.011415378427917545,2.574477501071779,True,False,[15],[0.07688887192617733]
105,17,1551,1,0.01080373765583279,2.4043815310594208,True,False,[7],[0.1218362549538415]
105,18,470,3,0.007578836294263348,3.026657581081877,True,False,"[7, 8, 12]","[0.12472324133498479, 0.11381273681779323, 0.11938366288717417]"
105,19,273,1,0.010775251586679625,1.796874247877885,True,False,[15],[0.10621359384401106]
105,20,1359,3,0.007275791388284537,2.3232264805219462,True,False,"[7, 8, 11]","[0.09440347415548171, 0.12248938768648185, 0.07164431290733429]"
105,21,1059,1,0.010966112922616218,1.9347102136490244,True,False,[7],[0.1279937636286276]
105,22,1378,1,0.011885669577106921,2.267819399565601,True,False,[7],[0.12170299689195624]
105,23,2509,1,0.021573314921639143,2.242325210567171,True,False,[5],[0.12210554632490685]
106,0,1762,3,0.010350289180506442,3.6591090748231627,True,False,"[8, 11, 16]","[0.11413146360468567, 0.1432580003169649, 0.12570289988197192]"
106,1,1369,3,0.011462860029046269,2.1153553350386254,True,False,"[10, 12, 15]","[0.16997178977829377, 0.2505633792564287, 0.18184857338460197]"
106,3,2267,2,0.008469879774602125,2.3218115803941823,True,False,"[12, 15]","[0.11578051662106194, 0.12038047785277164]"
106,4,1333,1,0.015497754962271498,2.674551520353409,True,False,[12],[0.1565905261575397]
106,5,748,1,0.010057022275317268,1.8644326862220877,True,False,[8],[0.1032395604953932]
106,9,2248,1,0.011842653662876398,2.083756585096077,True,False,[7],[0.11067448045836276]
106,13,1566,1,0.012705858309518248,2.226364523336907,True,False,[5],[0.13417161180120427]
106,14,1376,2,0.00847672663198026,3.9001066206357446,True,False,"[7, 12]","[0.09358252648901424, 0.0354976229456921]"
106,15,2107,1,0.012342723704617146,2.1435067155102305,True,False,[15],[0.14709490685192123]
106,17,1551,1,0.012287540402945989,2.442739463112638,True,False,[5],[0.13341114671571785]
106,18,470,2,0.008111806785692356,3.056891551535457,True,False,"[7, 12]","[0.11750695035616303, 0.10785120813568186]"
106,20,1359,1,0.012287794097707687,2.3151484575050465,True,False,[15],[0.10003900199994477]
107,0,1762,2,0.007843725099420853,3.702286373912144,True,False,"[7, 15]","[0.14674978641460754, 0.11431225547082846]"
107,1,1369,2,0.010792369924191166,2.1456204393559863,True,False,"[7, 15]","[0.1811012779285556, 0.17053650227286196]"
107,4,2267,2,0.011213482834242764,2.3440439018444867,True,False,"[8, 15]","[0.21291948446112133, 0.170662468440884]"
107,5,1333,1,0.011670437745560348,2.7268500125967363,True,False,[7],[0.12654529581906088]
107,7,2426,1,0.01033966275495418,2.3360713272903744,True,False,[8],[0.126178032082111]
107,8,2109,1,0.01081476666508994,2.1997188478763383,True,False,[8],[0.1112088233188951]
107,12,1214,1,0.010955836764707185,2.1991140003391787,True,False,[8],[0.1552261887556627]
107,14,1566,1,0.011687823077481247,2.2371875061483104,True,False,[7],[0.09890697034797667]
107,15,1376,3,0.011639450464914053,3.929944501474201,True,False,"[7, 11, 12]","[0.11560669233883804, 0.08039418998918765, 0.15647410920612348]"
107,16,2107,1,0.010149380230666678,2.1610885513934055,True,False,[8],[0.10018032667007588]
107,17,2433,1,0.01073102620549893,2.5709367095675506,True,False,[15],[0.14621184193184197]
107,18,1551,1,0.011484565708698033,2.4407850021290964,True,False,[15],[0.13531982795677477]
107,20,273,1,0.010341229340673266,1.8073516966032364,True,False,[7],[0.08869445467283808]
107,21,1359,2,0.007833056940299654,2.314198731950541,True,False,"[8, 12]","[0.1441399047908434, 0.06896035395474241]"
107,22,1378,2,0.00903143936359386,2.2856212618075795,True,False,"[7, 8]","[0.13637089010192932, 0.14383662347938386]"
107,23,2509,1,0.012277959668422725,2.259165291991366,True,False,[8],[0.1798085558379418]
108,0,1762,1,0.011584066444599384,3.702355406405316,True,False,[12],[0.14682278586972644]
108,1,1369,2,0.010714057655532159,2.1711925285607476,True,False,"[7, 12]","[0.16878564786400735, 0.2394902451442804]"
108,4,2267,3,0.00873329897470186,2.364937790028646,True,False,"[7, 12, 15]","[0.13545058031315155, 0.16140120490147497, 0.17239856520847047]"
108,5,1333,1,0.015516216596877797,2.7262132132235015,True,False,[12],[0.13990517972515745]
108,7,2426,1,0.010737296968432295,2.3456895226371306,True,False,[5],[0.11647840675423615]
108,8,2109,1,0.012560259858209546,2.218436618901171,True,False,[5],[0.12137699685208804]
108,9,2171,1,0.010000648108008643,2.270160592838404,True,False,[8],[0.13782038963812474]
108,15,1376,1,0.012793032509488695,3.921615059791045,True,False,[8],[0.12269693089672873]
108,17,2433,1,0.010972852753367438,2.567806076301837,True,False,[15],[0.13763126962650066]
108,18,1551,1,0.012103133747092378,2.441548496340478,True,False,[15],[0.13209860662041087]
108,19,470,1,0.012269481532478222,3.0455651165253452,True,False,[12],[0.07691764375135988]
108,20,273,1,0.01060163455828398,1.8166424201478182,True,False,[8],[0.11288401992622397]
108,21,1359,1,0.01272149976994704,2.3270421200939886,True,False,[11],[0.12818148981574098]
108,22,1378,2,0.010037539330166566,2.3028931896948754,True,False,"[7, 8]","[0.13030346851944904, 0.1600390211298453]"
108,23,2509,3,0.006860278941758574,2.2805106281368346,True,False,"[7, 8, 15]","[0.13564235111817305, 0.15865706718644892, 0.157494967057145]"
109,0,1762,2,0.008043481879191032,3.7516230688071777,True,False,"[7, 8]","[0.1480736324051782, 0.11542723635360926]"
109,1,1369,1,0.016880833836992532,2.1994225050887195,True,False,[5],[0.1843377893655212]
109,2,2556,1,0.04747991641307369,2.3722561432097193,True,False,[8],[0.11178017366966331]
109,3,2142,1,0.009812752052340437,2.2603364323873603,True,False,[7],[0.12553962204306568]
109,4,2267,2,0.007969869582456471,2.3900299526783924,True,False,"[7, 15]","[0.11733523994066375, 0.15660965509410676]"
109,5,1333,2,0.012383589779043493,2.7200244582704842,True,False,"[12, 15]","[0.17924215034019048, 0.1454657102999544]"
109,10,2248,1,0.011008303394142764,2.091325809265693,True,False,[8],[0.10691656379181456]
109,12,1214,2,0.009762783541149242,2.193221779527765,True,False,"[15, 17]","[0.14779036245500188, 0.07837460597767724]"
109,14,1566,1,0.01108309350482032,2.2587994305222865,True,False,[8],[0.11016733022302393]
109,15,1376,1,0.011728662091764314,3.984433014200487,True,False,[7],[0.11537473271262724]
109,18,1551,1,0.011121034670968618,2.4814831544615714,True,False,[5],[0.14242028459138908]
109,19,470,1,0.010952595825452726,3.1112400018183908,True,False,[5],[0.1082808393688897]
109,20,273,1,0.010440646761660356,1.823184593707036,True,False,[8],[0.10791244768469807]
109,22,1378,1,0.011900879866025373,2.301907634143092,True,False,[15],[0.11516897846987079]
110,0,1762,2,0.008003463334583441,3.7644098014665537,True,False,"[12, 15]","[0.14135206979212434, 0.11839136605374728]"
110,1,1369,1,0.01621027340847613,2.210566964982689,True,False,[15],[0.1640105906869472]
110,3,2142,2,0.007152986503496834,2.2857022179068744,True,False,"[7, 8]","[0.11764102595634746, 0.09323534232350843]"
110,4,2267,2,0.011173233645262732,2.4175475247958813,True,False,"[8, 15]","[0.2019169325167019, 0.152270058833225]"
110,5,1333,2,0.010522886833548593,2.7384428864686425,True,False,"[7, 12]","[0.1417270930626791, 0.19276607388447875]"
110,7,2426,1,0.010334524149770033,2.3513639236519808,True,False,[8],[0.12242986631690633]
110,8,2109,1,0.010529993519207251,2.2572180785731177,True,False,[7],[0.10672701130712921]
110,12,1214,1,0.012451686212133453,2.2121826168210657,True,False,[7],[0.1182655305561746]
110,14,1566,1,0.009886811674991159,2.2809481453621845,True,False,[8],[0.09459271539439812]
110,15,1376,2,0.009178909283515732,3.990582968683375,True,False,"[7, 10]","[0.09197788738024337, 0.11263537076201725]"
110,16,2107,1,0.012545026318472147,2.1602953631467803,True,False,[15],[0.08340178929857665]
110,18,1551,1,0.010192312510408853,2.5258770918683373,True,False,[7],[0.12503998393381052]
110,19,470,1,0.011587358287268774,3.1110468994038287,True,False,[12],[0.07200942568175794]
110,20,273,1,0.011489247009359792,1.8335586116043079,True,False,[5],[0.1291712301539787]
110,21,1359,2,0.008028683806192526,2.3454846773364793,True,False,"[7, 12]","[0.12881193605357733, 0.07657989569894537]"
110,22,1378,1,0.012513940706425957,2.3351794295965824,True,False,[7],[0.12689058678840506]
110,23,2509,1,0.01072570483764285,2.2745667992621827,True,False,[15],[0.15299029393417984]
111,0,1762,1,0.010862855941885208,3.797980959583988,True,False,[8],[0.10870893868735579]
111,1,1369,2,0.010597794203966686,2.2153454030757147,True,False,"[8, 12]","[0.22884098001294959, 0.2205801730030588]"
111,3,2142,1,0.01200354517570879,2.3062836309286707,True,False,[5],[0.10010156545507515]
111,5,1333,2,0.012280266151775717,2.73777134492966,True,False,"[12, 15]","[0.20938590088250536, 0.17640426014306734]"
111,8,2109,1,0.010808482422781669,2.300092487264954,True,False,[7],[0.1043269489560026]
111,12,1214,2,0.008318655586300771,2.219096346383997,True,False,"[8, 15]","[0.15938563805540099, 0.1536724767670621]"
111,15,1376,1,0.011294445013785523,3.983580935316008,True,False,[15],[0.14801958950653873]
111,16,2107,1,0.010726885799056937,2.1668321974502933,True,False,[5],[0.09812948915674403]
111,18,1551,1,0.009917950842428143,2.564186145138376,True,False,[7],[0.12604008048222007]
111,19,470,2,0.007666807004357974,3.1192919226216134,True,False,"[8, 12]","[0.1187939020027705, 0.08301616810733438]"
111,20,273,3,0.007349656651962269,1.8510336212622585,True,False,"[7, 8, 16]","[0.09640520055861646, 0.11998672249746965, 0.13962430772780934]"
111,21,1359,2,0.007697170514362141,2.3673352642898,True,False,"[7, 11]","[0.12808248795371854, 0.1281462759590258]"
111,23,2509,1,0.011032683901322334,2.2978980334612564,True,False,[8],[0.14875363896768826]
112,0,1762,2,0.00838306849981463,3.828947575894034,True,False,"[8, 15]","[0.0941263677853687, 0.1150710708882863]"
112,1,1369,2,0.010901783441469842,2.2250675916783407,True,False,"[12, 15]","[0.2270900690380608, 0.15184729417362966]"
112,5,1333,2,0.00927659412304451,2.7687803025789046,True,False,"[7, 15]","[0.12214576998001038, 0.16848743123526427]"
112,6,748,1,0.011784459971610747,1.8931159168464324,True,False,[8],[0.09454929950666115]
112,8,2109,1,0.010701662368992101,2.3024491299148555,True,False,[8],[0.10397735109802361]
112,16,1376,1,0.011874224970284059,3.985018337280872,True,False,[8],[0.12014982564395801]
112,18,2433,1,0.011236012799568068,2.565310089398931,True,False,[5],[0.13493160950871128]
112,19,1551,1,0.011326138266135688,2.597073502274782,True,False,[5],[0.13966871143086204]
112,20,470,2,0.007877832188478623,3.1267877232938774,True,False,"[8, 12]","[0.14577296621718447, 0.09800624060646507]"
112,22,1378,1,0.012212641828134372,2.3344902947213937,True,False,[15],[0.12324895944974905]
112,23,2509,1,0.01162460372633578,2.3163188241083095,True,False,[8],[0.15277381631420903]
113,0,1762,2,0.007660285663256669,3.853881665423679,True,False,"[8, 15]","[0.10032773118580363, 0.1095098125882778]"
113,1,1369,3,0.009509749272811178,2.24275398723779,True,False,"[7, 8, 15]","[0.16668678974548876, 0.21187536769884657, 0.14570402600041069]"
113,4,2267,2,0.010113771927334246,2.413112975885708,True,False,"[15, 17]","[0.14202439550747187, 0.03068690284548416]"
113,5,1333,1,0.01366319000353123,2.769294145628989,True,False,[8],[0.11118539564161546]
113,7,2426,1,0.009827481518640168,2.3548849038809267,True,False,[8],[0.10771376632323629]
113,8,2109,1,0.010831897589603625,2.338270601217582,True,False,[5],[0.10566653960145098]
113,10,2248,1,0.012845110866136605,2.0907407921804277,True,False,[15],[0.1496556268148703]
113,13,1214,1,0.011815482265262772,2.266126114515447,True,False,[5],[0.11732577552406827]
113,15,1566,1,0.010909850234004492,2.2923378224898796,True,False,[15],[0.16480327176516474]
113,17,2107,1,0.010761368287286095,2.18440775720803,True,False,[8],[0.15655542182006996]
113,20,470,2,0.00820831032755857,3.1337376896517166,True,False,"[8, 12]","[0.15030195351607809, 0.09108976836641715]"
113,21,1359,1,0.012551896337566502,2.3676811304255185,True,False,[12],[0.10668395872087141]
113,22,1378,2,0.00774338471967203,2.334554788235434,True,False,"[8, 15]","[0.148735645091582, 0.1418042180666678]"
114,0,1762,2,0.007492106478811841,3.86686123133376,True,False,"[8, 12]","[0.08972114005436586, 0.13553489919317002]"
114,3,2142,2,0.007669017993269922,2.3312392018811856,True,False,"[7, 8]","[0.11613403861311135, 0.09036587428978625]"
114,4,2267,1,0.013866756091790581,2.4231460097021373,True,False,[15],[0.13451171674868795]
114,5,1333,1,0.013914093087369553,2.8177389197948877,True,False,[5],[0.1269008353970828]
114,7,2426,1,0.0099220925443255,2.3581402544106034,True,False,[8],[0.10603227794883652]
114,8,2109,1,0.013355648968579796,2.337581896192731,True,False,[15],[0.11806371141229174]
114,11,2302,1,0.010921503466444599,2.2837867922310555,True,False,[15],[0.07359718109502626]
114,16,1376,1,0.009325184257321538,4.069754243421273,True,False,[5],[0.0997614399755071]
114,17,2107,2,0.0077255070859335246,2.1955198998086662,True,False,"[8, 15]","[0.14573157804207712, 0.12887223894429126]"
114,20,470,1,0.010562235293969532,3.178031254926328,True,False,[7],[0.10510070931505887]
114,21,1359,2,0.008117015643560327,2.3860535295324,True,False,"[7, 11]","[0.12826199537020525, 0.12671863912748124]"
114,22,1378,2,0.009780506580014257,2.3526974609917617,True,False,"[7, 8]","[0.13145803953374458, 0.14935551304976738]"
114,23,2509,1,0.009920383849775201,2.3685546553883157,True,False,[7],[0.12207174757701907]
115,0,1762,2,0.00776152261439907,3.888822385411518,True,False,"[8, 15]","[0.08867939752095363, 0.11159348007762057]"
115,1,1369,1,0.014794045373714126,2.2528482927832947,True,False,[15],[0.14123173258232333]
115,3,2142,1,0.011460074656744753,2.378550604139379,True,False,[7],[0.12270458459362699]
115,4,2267,1,0.013293623800044244,2.4330487796022457,True,False,[15],[0.107690049333754]
115,5,1333,1,0.011708506331868833,2.8727645223174942,True,False,[5],[0.1482544021830191]
115,8,2109,1,0.010562980951019811,2.34347106697148,True,False,[8],[0.11184450474935898]
115,9,2171,1,0.009968712219530156,2.2884118305105536,True,False,[8],[0.12873007423912744]
115,10,2248,1,0.01225502085229002,2.090851582686276,True,False,[15],[0.1403071728900236]
115,13,1214,1,0.011027325931010473,2.281385912111789,True,False,[8],[0.1310615823627614]
115,15,1566,1,0.01221683992188323,2.3054607732364265,True,False,[8],[0.11764361211865587]
115,16,1376,1,0.010662653409473734,4.0719665076654605,True,False,[8],[0.1280111963290769]
115,17,2107,1,0.01140979433517749,2.1961144826717045,True,False,[15],[0.12613967476480414]
115,19,1551,3,0.008067116513545365,2.6090052372139305,True,False,"[7, 8, 16]","[0.0935679372261268, 0.13499755813776446, 0.11635793341770956]"
115,20,470,2,0.008431491272213858,3.1993760930712978,True,False,"[7, 12]","[0.1134367395764049, 0.10575950833740824]"
115,21,1359,1,0.01253073501010843,2.390798828409128,True,False,[12],[0.1049414951568046]
115,22,1378,2,0.010193038844004042,2.378850893903324,True,False,"[7, 8]","[0.13277598412294273, 0.15269162366334624]"
115,23,2509,1,0.010413089339086235,2.4148177805561004,True,False,[5],[0.13499402731526025]
116,0,1762,2,0.008353000184627568,3.891213303519903,True,False,"[8, 12]","[0.09801003067952982, 0.14002923207837792]"
116,1,1369,1,0.017323759832475617,2.2767297136258144,True,False,[5],[0.2229854463290398]
116,4,2267,1,0.010151651602454917,2.4657339133561478,True,False,[8],[0.1779567541328411]
116,5,1333,2,0.009492180610371543,2.869314014290301,True,False,"[8, 12]","[0.11043614882932783, 0.20511688945270687]"
116,8,2109,1,0.010082354138720169,2.395208443807307,True,False,[7],[0.10018200745416339]
116,10,2248,1,0.012059131948096815,2.0909228605239454,True,False,[15],[0.13698632227851193]
116,11,2302,1,0.01075386981315493,2.2871781784817506,True,False,[15],[0.06794214047165695]
116,12,2670,1,0.1586716717689789,2.4572758340977385,True,False,[5],[0.09729051415097008]
116,13,1214,1,0.01093264139943836,2.3339585110621437,True,False,[5],[0.10924530550351474]
116,15,1566,1,0.011096862495198062,2.3452619607621146,True,False,[5],[0.1164903638638965]
116,18,2107,1,0.0116398274148285,2.201097629338947,True,False,[15],[0.12026279031532112]
116,20,1551,1,0.011019149588761963,2.6102190056823655,True,False,[8],[0.16499703092650464]
116,21,470,1,0.01117103710121312,3.20443751572967,True,False,[12],[0.0823576904682846]
116,22,1359,3,0.010849187667828688,2.38232249245111,True,False,"[11, 12, 15]","[0.09752522159217382, 0.11131410507654575, 0.15857208225389632]"
116,23,2509,2,0.008946439967234694,2.4537604974798026,True,False,"[7, 8]","[0.13707732843284004, 0.17363925547819628]"
117,0,1762,4,0.006128562422238666,3.910561965267303,True,False,"[7, 8, 12, 15]","[0.14235492318357534, 0.11439803772312143, 0.12171424353257757, 0.12542448569467235]"
117,1,1369,2,0.010160121905663502,2.277421374114943,True,False,"[8, 15]","[0.2148273622016312, 0.1472158159200765]"
117,4,2267,3,0.010843817415572096,2.46325679270184,True,False,"[12, 15, 17]","[0.16558636513832128, 0.12150954208920027, 0.06346514149114871]"
117,5,1333,2,0.012511224420610598,2.8606923314819306,True,False,"[12, 15]","[0.20713838292182837, 0.1669643018515226]"
117,8,2109,1,0.010735551452970005,2.433945578382915,True,False,[5],[0.11439755361088413]
117,10,2248,1,0.011558724811470465,2.0919565076222475,True,False,[15],[0.12808010605337974]
117,13,1214,1,0.01293768031474247,2.3217088277913054,True,False,[12],[0.12894790940984235]
117,15,1566,1,0.011248602991622265,2.3847870818178385,True,False,[5],[0.1251146364220407]
117,17,2767,1,0.04283093954939331,2.5204965661804404,True,False,[7],[0.12327267527857089]
117,18,2107,1,0.012341496743931648,2.2042342198668257,True,False,[15],[0.12262251025572901]
117,19,2791,1,0.07517349346998824,2.760202865688532,True,False,[5],[0.15318746556861962]
117,20,470,1,0.011442165107175044,3.2500060002014726,True,False,[7],[0.11742014463593892]
117,21,1359,1,0.01168203980437106,2.409819881226916,True,False,[7],[0.13375391577600737]
117,22,2509,1,0.011031786996042655,2.5033672061546497,True,False,[7],[0.11248417555345516]
118,0,1762,2,0.008561057544181946,3.9353136915023477,True,False,"[7, 15]","[0.1370121248966044, 0.12364666889760885]"
118,1,1369,2,0.010106399251106297,2.2854469603912344,True,False,"[8, 12]","[0.2128652438744407, 0.22251305313503184]"
118,4,2267,1,0.013238706403698624,2.4713460481084337,True,False,[15],[0.10942014499382997]
118,5,1333,1,0.014487007179734206,2.8507582551581243,True,False,[12],[0.19348740097872813]
118,7,2426,1,0.009964852080049425,2.4025463332569457,True,False,[7],[0.11961655190822726]
118,8,2109,1,0.009988705833189154,2.442753954475297,True,False,[8],[0.10359117596543382]
118,10,2248,1,0.010560328689415732,2.1409567022184004,True,False,[7],[0.14586632140393938]
118,11,2302,1,0.010445769372080834,2.2900005285428957,True,False,[15],[0.06387029764855945]
118,13,1214,1,0.010738935229587626,2.340407596607784,True,False,[8],[0.1272768162567621]
118,15,1566,1,0.011839384458907328,2.41909911976323,True,False,[5],[0.1347553027774208]
118,16,1376,1,0.01096719069148845,4.143004853561012,True,False,[5],[0.12198418667988004]
118,17,2767,1,0.010574010967473676,2.5661984179370854,True,False,[7],[0.10736370629113574]
118,18,2107,1,0.011876720306925081,2.2052520038719168,True,False,[8],[0.108614746599431]
118,19,2791,1,0.009394841504095938,2.8174805477002662,True,False,[7],[0.09334514786552643]
118,20,470,1,0.011061724474923726,3.305971191417551,True,False,[7],[0.11524180726817239]
118,21,1359,2,0.008183965647071344,2.424254833082076,True,False,"[7, 12]","[0.12500142036874273, 0.08527264765408012]"
118,22,2509,1,0.010342902516422683,2.555758777780826,True,False,[7],[0.0900240921008783]
119,0,1762,1,0.010970381947703165,3.92999880125263,True,False,[12],[0.12414421853957382]
119,1,1369,3,0.010086900809038986,2.291063859749014,True,False,"[8, 12, 15]","[0.20817593653636168, 0.24070359500529545, 0.20177049908666622]"
119,3,2142,1,0.011871429033961866,2.404472742818539,True,False,[5],[0.11190058212431238]
119,5,2267,1,0.009359330786043509,2.5103238532853713,True,False,[7],[0.10688927009178188]
119,6,1333,1,0.012581451410252593,2.8984982041713283,True,False,[7],[0.12157840127828302]
119,8,2426,1,0.009820961881226409,2.404781530949531,True,False,[8],[0.1285291566415389]
119,10,2171,1,0.010532597263248898,2.3141395449690676,True,False,[8],[0.10773755079464063]
119,11,2248,1,0.011067376086312237,2.1402846451853574,True,False,[15],[0.0784676393319572]
119,14,1214,1,0.009856640277236203,2.3977329551637983,True,False,[5],[0.10138368408581389]
119,17,1376,1,0.011784784897011239,4.225152314991221,True,False,[5],[0.13871259095300972]
119,18,2767,2,0.007904514383586622,2.5905113400679185,True,False,"[7, 8]","[0.1201559563948877, 0.116104853539472]"
119,20,2791,1,0.010131550730483815,2.8726499482898418,True,False,[5],[0.13408061661398576]
119,21,470,1,0.011478731781082113,3.313592307087472,True,False,[12],[0.0916182679745536]
119,22,1359,2,0.008113477936046774,2.4376239197655933,True,False,"[7, 12]","[0.10980687019708893, 0.09531346888297422]"
119,23,2509,1,0.014492543175039093,2.517984203409026,True,False,[17],[0.06581400074249061]
120,0,1762,1,0.013036506781350361,3.937106347247819,True,False,[8],[0.12013012949967987]
120,1,1369,1,0.014895582518854682,2.308714999984985,True,False,[12],[0.22938351369945462]
120,3,2142,1,0.010935633228438206,2.4573263944634722,True,False,[7],[0.12805053458190016]
120,5,2267,1,0.012773360262576075,2.506313311144822,True,False,[12],[0.1813169202958945]
120,6,1333,3,0.008445425037754148,2.9134708304789405,True,False,"[7, 12, 15]","[0.11719943065644409, 0.10466230884818571, 0.11455804398884607]"
120,8,2426,1,0.009886134558824419,2.414428861623096,True,False,[8],[0.1253269938262559]
120,9,2109,1,0.010941361052481639,2.4869767432236345,True,False,[5],[0.12048398978160961]
120,11,2248,1,0.010616431107628218,2.1408629712653866,True,False,[15],[0.0773598288881352]
120,14,1214,1,0.010229114590657862,2.413935530143769,True,False,[7],[0.09805181139029447]
120,16,1566,1,0.010341812397210073,2.4350513991604634,True,False,[7],[0.10629573767461833]
120,17,1376,1,0.011077058893792168,4.2980506493535495,True,False,[7],[0.10640032241506485]
120,21,470,2,0.009001572239685085,3.3286596460366833,True,False,"[7, 12]","[0.11951142753307048, 0.1044880510740466]"
120,22,1359,3,0.008177200734291035,2.434772540970448,True,False,"[7, 11, 12]","[0.09528057535647227, 0.11906659501546807, 0.10579716452986512]"
121,0,1762,3,0.007678213728984127,3.94103933454426,True,False,"[8, 12, 15]","[0.12494919388251408, 0.13889569119252912, 0.12099821064105139]"
121,1,1369,1,0.016487280033612647,2.3055659506331034,True,False,[15],[0.19534068300632182]
121,5,2267,1,0.009429447333043484,2.5281283933667216,True,False,[8],[0.11834589624398234]
121,6,1333,1,0.01500654781550456,2.9134264967256094,True,False,[15],[0.1362127648922885]
121,8,2426,1,0.008970431348376075,2.4496626737843705,True,False,[8],[0.10882568060812069]
121,16,1566,2,0.006980247085309666,2.4549550748225673,True,False,"[7, 8]","[0.09918483545367575, 0.12834033597153297]"
121,20,2791,1,0.009303515280181985,2.9247175533395438,True,False,[7],[0.11476531676346284]
121,21,470,1,0.010945608253760574,3.3438071984032294,True,False,[8],[0.15883961907247998]
121,22,1359,1,0.013363888182638128,2.4152209580126685,True,False,[11],[0.14447341491423976]
121,23,1376,1,0.012921515295710655,4.28149898413482,True,False,[8],[0.17237418151378298]
122,0,1762,2,0.006968725999109008,3.9646376583459606,True,False,"[7, 12]","[0.12812446388189963, 0.13385120390469973]"
122,1,1369,1,0.016717923783582053,2.327790313358071,True,False,[5],[0.2252663008553025]
122,3,2142,1,0.009980375426388605,2.515914204288514,True,False,[7],[0.11280752172837709]
122,5,2267,1,0.010239033734141145,2.565568602471277,True,False,[7],[0.10915958595573448]
122,8,2426,1,0.009237642356672224,2.5007055258435833,True,False,[8],[0.1023577524514212]
122,10,2171,1,0.009435230873080546,2.3496519464170023,True,False,[8],[0.10974451955025007]
122,11,2248,1,0.011783622366547617,2.147759904324824,True,False,[5],[0.1219025110769707]
122,14,1214,2,0.008266718942950634,2.419582059626406,True,False,"[8, 12]","[0.09490642162686577, 0.06871740133823483]"
122,16,1566,1,0.010858167937323939,2.50038124522505,True,False,[5],[0.12147429351308531]
122,19,2107,1,0.00981121439109117,2.225573595500189,True,False,[8],[0.1257991384082005]
122,21,470,2,0.010588154717367798,3.3491740495727536,True,False,"[7, 12]","[0.13135231280433343, 0.1111594829725916]"
122,22,1359,1,0.010877412191701134,2.457216047471226,True,False,[5],[0.1359703902452623]
122,23,1376,1,0.010577981699206904,4.354852077707902,True,False,[7],[0.13629650923054165]
123,0,1762,2,0.010364329663295854,3.9441629598218433,True,False,"[11, 12]","[0.16735258426176222, 0.14426872029581703]"
123,1,1369,1,0.01483332224948765,2.3318730961308334,True,False,[8],[0.18548566703586591]
123,3,2142,2,0.008644000096207919,2.5451147382099233,True,False,"[7, 8]","[0.1162474377587032, 0.10040482894110178]"
123,5,2267,1,0.012957211420632208,2.553153410832583,True,False,[15],[0.15376689892926565]
123,6,1333,2,0.010885753975276219,2.9168361106896135,True,False,"[8, 15]","[0.11133498320679298, 0.13905789290388684]"
123,10,2171,1,0.010891647895646273,2.3504916502570268,True,False,[7],[0.1387238739875543]
123,11,2248,1,0.01012539807230735,2.1478852606696153,True,False,[8],[0.15291910292075822]
123,16,1566,3,0.0061003381231644355,2.5147516921153654,True,False,"[7, 8, 15]","[0.0995005861106086, 0.11259074305736931, 0.08626196276267455]"
123,18,2767,2,0.008655124924959186,2.6096266767292913,True,False,"[7, 8]","[0.1196618962369155, 0.13638203724183667]"
123,23,1376,2,0.010941553702288715,4.361463764993077,True,False,"[7, 10]","[0.13151772768157796, 0.06320902937742444]"
124,0,1762,1,0.011221259691875356,3.9463754610235267,True,False,[15],[0.10351301038640523]
124,1,1369,1,0.012121639566945881,2.3768257921669003,True,False,[7],[0.18155671615754995]
124,3,2142,1,0.01107889630571207,2.599773349946978,True,False,[7],[0.12290556966961239]
124,5,2267,1,0.0100020414297354,2.5938647391324747,True,False,[7],[0.12012852657201493]
124,8,2426,1,0.011434266158018534,2.5072012669588055,True,False,[5],[0.13037411509374885]
124,10,2171,1,0.010524247103517615,2.352426774367027,True,False,[7],[0.1351647056454199]
124,16,1566,2,0.008329698757074703,2.513259977900591,True,False,"[8, 15]","[0.12206256017732435, 0.10982023514424452]"
124,20,2248,1,0.009194075290240657,2.1890471913547214,True,False,[7],[0.10475658551909461]
124,21,2791,1,0.01029123489200795,2.9657082311481346,True,False,[7],[0.10796999583017018]
124,22,1359,2,0.008877173426694893,2.4637311925413727,True,False,"[7, 12]","[0.10354721736405481, 0.10579708932403599]"
124,23,1376,2,0.00749026237112861,4.404206490808001,True,False,"[7, 15]","[0.11543134833779156, 0.15223063625815358]"
125,0,1762,1,0.010425837857383423,3.9604559763334675,True,False,[15],[0.08997523507031258]
125,1,1369,2,0.00936507567463461,2.4045622267494027,True,False,"[7, 15]","[0.1674140700900518, 0.1932865407538659]"
125,3,2142,1,0.01039249776443883,2.601751691362125,True,False,[8],[0.09686110804732348]
125,5,2267,1,0.009878933812513507,2.630494038897845,True,False,[7],[0.1219968986673654]
125,6,1333,1,0.014240317677772348,2.94614351406965,True,False,[5],[0.1577220749711756]
125,9,2109,1,0.009469292767425634,2.485280049577709,True,False,[8],[0.1170907485869288]
125,10,2171,1,0.010672854268439448,2.357569338508343,True,False,[7],[0.13802208226822363]
125,11,2972,1,0.041117845702451535,3.2818863843517625,True,False,[7],[0.17923050961528697]
125,14,1214,1,0.011621765990357741,2.43429628250767,True,False,[7],[0.1152094162530547]
125,16,1566,1,0.01006149860969351,2.569816624267696,True,False,[5],[0.1168561078230073]
125,18,2767,1,0.011799421490057934,2.6042021118142595,True,False,[8],[0.13047459452949361]
125,19,2107,1,0.009342744667748518,2.245960538737515,True,False,[8],[0.11640808261028725]
125,22,1359,1,0.013435740004876136,2.4320863658793037,True,False,[12],[0.11208416870561974]
126,1,1369,2,0.01082445755452962,2.4210487244613224,True,False,"[8, 12]","[0.18691262354317936, 0.21497290037824726]"
126,3,2142,1,0.010821443144564279,2.657022712447401,True,False,[7],[0.1148608775107663]
126,5,2267,1,0.010710637432786252,2.663992155908831,True,False,[7],[0.1399585295966403]
126,6,1333,3,0.00804625357203775,2.961224714016389,True,False,"[7, 8, 12]","[0.10810207366070501, 0.11533273358017271, 0.09242042206533907]"
126,8,2426,1,0.01036272969089062,2.5058843851205728,True,False,[7],[0.10716030198849294]
126,9,2109,1,0.009406990328916238,2.4848522549722905,True,False,[8],[0.11384744819168581]
126,10,2171,1,0.01177049313831694,2.404837632367885,True,False,[5],[0.12690396396610967]
126,11,2972,1,0.011443712182715378,3.3112771444366356,True,False,[5],[0.13399156813193214]
126,18,2767,1,0.009367022040997073,2.660980719424262,True,False,[7],[0.11874113476034127]
126,20,2248,1,0.009905959012513753,2.190199583951849,True,False,[8],[0.15607030928852256]
126,22,1359,2,0.01027046160033587,2.4300319670716903,True,False,"[7, 12]","[0.10755645648420914, 0.12325929127827302]"
126,23,1376,2,0.011318250898974232,4.370115824019461,True,False,"[10, 15]","[0.09424846349653951, 0.1697187117534396]"
127,0,1762,1,0.013030227226338916,3.978454999049032,True,False,[8],[0.12330355283023985]
127,1,1369,2,0.011060171838227153,2.4248240970943074,True,False,"[8, 15]","[0.20657412744777598, 0.1992206637589885]"
127,5,2267,2,0.007595710368321666,2.662862697758093,True,False,"[8, 15]","[0.11255846769590609, 0.14242271718157645]"
127,6,1333,3,0.009960091002562016,2.982792474160804,True,False,"[7, 11, 12]","[0.10229727665975401, 0.11186700156746153, 0.08687730091033952]"
127,8,2426,1,0.013278420706529162,2.4952175167702695,True,False,[11],[0.08407223861232166]
127,11,2972,1,0.011068258724704221,3.3595672481027794,True,False,[7],[0.15937728867089723]
127,14,1214,1,0.010906176953903439,2.4561770465656956,True,False,[7],[0.11272404666607504]
127,16,1566,1,0.011510560406651448,2.555586723488035,True,False,[15],[0.1091250550198959]
127,19,2107,1,0.00955809862259543,2.2649380925758034,True,False,[7],[0.08708513111825748]
127,20,2248,2,0.007670674577590961,2.2107199661011174,True,False,"[7, 15]","[0.10506573041785777, 0.09414092645132253]"
127,22,1359,1,0.011364844044822683,2.459257132205672,True,False,[7],[0.10639033859340662]
127,23,1376,1,0.009208186850604722,4.466130109379167,True,False,[7],[0.10442662005213643]
128,1,1369,2,0.011998085134065903,2.4286761211155143,True,False,"[8, 15]","[0.21001741007595834, 0.21482200360428028]"
128,5,2267,1,0.011482924557621082,2.6551994211409626,True,False,[15],[0.1377076608343449]
128,6,1333,2,0.00951421813233898,2.9872714281904194,True,False,"[12, 15]","[0.08068158468909074, 0.14321408127074667]"
128,11,2972,1,0.011236744603722386,3.3877493163731964,True,False,[5],[0.13319490894405658]
128,14,1214,1,0.010000933295590564,2.482613344810032,True,False,[7],[0.11458009152118982]
128,16,1566,2,0.009392086933122393,2.5457990522512146,True,False,"[12, 15]","[0.11826047172177151, 0.10939188413335299]"
128,21,2791,1,0.010108663103092008,3.0197771157283104,True,False,[7],[0.11253857196273837]
128,22,1359,2,0.010271164024030877,2.452585887763598,True,False,"[11, 15]","[0.1423116253075877, 0.15357075305913437]"
128,23,1376,1,0.009577011071439183,4.564364257859122,True,False,[7],[0.1144857617351908]
129,0,1762,2,0.007808604261915682,3.9739439517299657,True,False,"[11, 15]","[0.15188271418948102, 0.09752313016591947]"
129,1,1369,1,0.015835679749376132,2.4286723998134736,True,False,[15],[0.213937553259848]
129,5,2267,1,0.012877105026067086,2.653252889942834,True,False,[12],[0.1802814555365089]
129,6,1333,1,0.012479604439037784,2.9854393731903652,True,False,[8],[0.13520650831599143]
129,8,2426,2,0.007078074994966908,2.5156868076083234,True,False,"[7, 8]","[0.11865244353603835, 0.10665463703454721]"
129,9,2109,1,0.010817669674056708,2.525523804191947,True,False,[7],[0.10631518869989563]
129,11,2972,1,0.010459450565357901,3.406183668464965,True,False,[12],[0.0360979058059648]
129,14,1214,1,0.01030009224993444,2.5352955915500384,True,False,[5],[0.11015178824300029]
129,16,3080,1,0.09502069890475501,3.0730190496365184,True,False,[7],[0.10276417770133336]
129,18,2767,1,0.012005614579341774,2.652825838426606,True,False,[8],[0.1304432527356059]
129,21,2791,1,0.013141204657858471,3.0351579879143475,True,False,[5],[0.15725036838994175]
129,23,1376,1,0.014919799508175551,4.510828239962578,True,False,[10],[0.11228136235944502]
130,0,1762,1,0.012187588370415777,3.9630973147735435,True,False,[12],[0.1413302522732775]
130,1,1369,1,0.016231622833679692,2.4266908856064022,True,False,[15],[0.2271749108958548]
130,5,2267,1,0.012772433904955173,2.6364264135362103,True,False,[15],[0.14350292629917347]
130,6,1333,2,0.013528197539824111,2.9654775681059093,True,False,"[10, 12]","[0.09991722510269904, 0.1238522885426756]"
130,9,2109,1,0.009628341347143235,2.52512468465469,True,False,[8],[0.10903728666351971]
130,10,2171,1,0.0098278634652599,2.437490080797861,True,False,[8],[0.1104113558737932]
130,11,2972,2,0.007828980243597593,3.446989284270734,True,False,"[7, 11]","[0.13636701958869873, 0.05041335609558366]"
130,14,1214,1,0.011515984551944712,2.582298621207907,True,False,[5],[0.12501024680082165]
130,16,3080,1,0.008777134045083346,3.1222122225423483,True,False,[7],[0.09821553877766337]
130,18,2767,1,0.011772551495902315,2.6511481266955226,True,False,[8],[0.13475960379062651]
130,20,2248,2,0.00838589858741486,2.230823671152689,True,False,"[7, 15]","[0.10223895999767295, 0.09320359342677695]"
131,0,1762,1,0.016116866266382146,3.8800910032393805,True,False,[16],[0.16337802450957317]
131,1,1369,1,0.014693473846162023,2.451678455271248,True,False,[12],[0.24434767944592756]
131,5,2267,1,0.011646096753193325,2.662967892006764,True,False,[7],[0.14996008011470466]
131,6,1333,2,0.011201574519795048,2.9853581746043636,True,False,"[7, 12]","[0.11540853937509034, 0.141547384600143]"
131,9,2109,1,0.009080702061109348,2.5251188172624595,True,False,[8],[0.10188026033190135]
131,16,3080,1,0.009385932238262115,3.160033992788324,True,False,[8],[0.11110117419789539]
131,18,2767,2,0.008418159927073848,2.682033644699666,True,False,"[7, 8]","[0.11098535017031866, 0.13587475435871454]"
131,19,2107,2,0.007761434393416162,2.279862431310839,True,False,"[8, 15]","[0.11513989016447279, 0.10969707386823875]"
131,20,2248,1,0.01059912128795733,2.2656806424697167,True,False,[7],[0.10398431525848736]
131,23,1376,1,0.01026327391377045,4.604207018898097,True,False,[7],[0.11771643679525264]
132,0,1762,2,0.007364662029183955,3.8803969798944165,True,False,"[12, 15]","[0.13101459920614247, 0.10752441655273484]"
132,1,1369,3,0.009407066588026872,2.470241453330785,True,False,"[7, 8, 15]","[0.17953249185164388, 0.23459499001468848, 0.22699740588417408]"
132,5,2267,2,0.007631358817765183,2.658867481777463,True,False,"[8, 15]","[0.11669241165462979, 0.13453102621493063]"
132,6,1333,1,0.01307794135148424,3.0354476810464237,True,False,[7],[0.11798453033567026]
132,8,2426,2,0.007077469746813676,2.5407663639766978,True,False,"[7, 8]","[0.11563913821879084, 0.0934431027927488]"
132,11,2972,1,0.011162916424428779,3.4696968835538295,True,False,[5],[0.13214980402512516]
132,14,1214,1,0.010038980534341027,2.6137213631870764,True,False,[7],[0.11353472228301363]
132,19,2107,1,0.011503432051984681,2.2770605286370174,True,False,[5],[0.15211772462451256]
132,20,2248,2,0.0073582182998440755,2.266401393028532,True,False,"[8, 15]","[0.14560750231952538, 0.09121743951106527]"
132,21,2791,1,0.009313448424328604,3.0352667187050835,True,False,[8],[0.1561740000093256]
133,0,1762,1,0.011105646557950124,3.8917574584112753,True,False,[15],[0.1130706727298987]
133,1,1369,2,0.01340750230405425,2.471130994032236,True,False,"[8, 15]","[0.24499243814657898, 0.22266568007370452]"
133,5,2267,1,0.010034434277925823,2.6660246809823884,True,False,[8],[0.12490676541797521]
133,6,1333,1,0.015616310121366024,3.024267790162642,True,False,[12],[0.13930228537726894]
133,11,2972,1,0.010154506246651413,3.532143825325454,True,False,[7],[0.14183586814207758]
133,14,1214,1,0.010548018875874575,2.6441139151779613,True,False,[7],[0.12622297500317162]
133,16,3080,1,0.011144625774193763,3.2047509122284756,True,False,[8],[0.12383611615870373]
133,21,2791,1,0.009624486588419192,3.092532495619936,True,False,[7],[0.12864972230496083]
133,23,1376,1,0.011006565750122457,4.593448794298869,True,False,[15],[0.16476499389346594]
134,0,1762,1,0.01330772302242313,3.8563541825664163,True,False,[11],[0.1666717890865084]
134,1,1369,3,0.012109610444488203,2.488651511098203,True,False,"[7, 8, 15]","[0.20855483543118952, 0.2669636529497683, 0.23198596838209268]"
134,3,2142,1,0.009653571284104509,2.713427147232046,True,False,[7],[0.1036468980562461]
134,6,1333,1,0.013036824475090917,3.0294653598324355,True,False,[8],[0.1520370626533172]
134,8,2426,2,0.007516943943538164,2.568474629168567,True,False,"[7, 8]","[0.12256248760405974, 0.10515764518995786]"
134,9,2109,1,0.009305226558664816,2.5251269057968346,True,False,[8],[0.09783975871815219]
134,14,1214,1,0.011841770381267654,2.6874723042507163,True,False,[5],[0.1337202286892475]
134,20,2791,2,0.007176503538532121,3.127996175434989,True,False,"[7, 8]","[0.09503669826318376, 0.16430043274300057]"
134,23,1376,2,0.010093205516697377,4.587996368097739,True,False,"[8, 12]","[0.16882756961521173, 0.055683202715619474]"
135,0,1762,1,0.010648333711101382,3.8761079012810136,True,False,[7],[0.13557439674708047]
135,1,1369,1,0.015362283961160067,2.512891016639429,True,False,[12],[0.2512723136606427]
135,5,2267,1,0.013301630588640574,2.650272427598792,True,False,[15],[0.15043641855542894]
135,6,1333,1,0.008687662596233874,3.099794015423547,True,False,[7],[0.10792724490944881]
135,8,2426,1,0.00875529499256141,2.62926265203717,True,False,[8],[0.10477017266510343]
135,9,2109,1,0.009611770914735371,2.5745721209348607,True,False,[7],[0.09833662567326602]
135,10,2171,1,0.009633523219384179,2.4793213189469223,True,False,[8],[0.10267679842542565]
135,11,2972,2,0.012980957117136106,3.4781988748551047,True,False,"[11, 12]","[0.08343311311386761, 0.07621183898886456]"
135,14,1214,1,0.009826937006496983,2.7246346628949745,True,False,[7],[0.12875254634908134]
135,22,3080,1,0.011210599544950838,3.213392400516388,True,False,[5],[0.1428880375806958]
135,23,1376,2,0.00833103055586955,4.630846231013642,True,False,"[7, 12]","[0.09094510021265997, 0.09800362487727309]"
136,1,1369,2,0.014020075066367687,2.538099244188141,True,False,"[7, 8]","[0.23129675989279325, 0.2700862776630557]"
136,3,2142,1,0.011679608132135977,2.751097203758042,True,False,[5],[0.11564308273433424]
136,5,2267,1,0.01212979595467043,2.650344395173329,True,False,[12],[0.18418698523958435]
136,6,1333,2,0.008480096000530388,3.131227374692296,True,False,"[7, 8]","[0.13457774488665894, 0.16453061836925809]"
136,8,2426,1,0.009898469661982687,2.6373235628388287,True,False,[7],[0.12698884052283835]
136,10,2171,1,0.011450814521923886,2.5284554598610605,True,False,[5],[0.12062538598306682]
136,17,2767,1,0.009789430193495697,2.740139825431794,True,False,[7],[0.0896429398208158]
136,18,2107,1,0.009100862881429613,2.3004470375196298,True,False,[7],[0.10474389772452261]
136,22,3080,2,0.007151858711128867,3.248519407910761,True,False,"[7, 8]","[0.11650325217669116, 0.14366147016347544]"
136,23,1376,2,0.010101196929994718,4.625533038063203,True,False,"[11, 15]","[0.07969321822172362, 0.16871296978455863]"
137,1,1369,2,0.01176558572948939,2.5748105019922294,True,False,"[7, 12]","[0.19976167494165956, 0.2502912143289198]"
137,3,2142,1,0.009523291400663492,2.7529404598395284,True,False,[8],[0.09179617303683599]
137,5,2267,2,0.007159918005505393,2.679001524872628,True,False,"[7, 8]","[0.14534720736981824, 0.1245259972061332]"
137,6,1333,1,0.015048606628697114,3.136502189665296,True,False,[11],[0.138120288758241]
137,8,2426,1,0.009727332171514733,2.700449639297999,True,False,[8],[0.10526880205193619]
137,9,2109,1,0.009418025953010428,2.5747598177204396,True,False,[8],[0.09810508572229565]
137,14,1214,1,0.011510380743834979,2.726568909370963,True,False,[15],[0.14002801535812273]
137,21,2791,1,0.009376793884337237,3.192210203740078,True,False,[7],[0.11844400250000414]
137,23,3080,1,0.010241403580111079,3.2842293484031173,True,False,[7],[0.09407314777293427]
138,0,1762,3,0.0073886948179961364,3.8798770212042633,True,False,"[8, 12, 15]","[0.12804578080750958, 0.12709326292623527, 0.10874438637141717]"
138,1,1369,4,0.010433762255233016,2.595404186337234,True,False,"[7, 8, 12, 15]","[0.19985539932844934, 0.24695188616359326, 0.22711964677360752, 0.21792853504282578]"
138,3,2142,1,0.009541429599998982,2.8126715284946937,True,False,[7],[0.10163865742795906]
138,5,2267,1,0.01207654812528043,2.67931717385903,True,False,[12],[0.19443241046489812]
138,6,1333,2,0.00837147230456654,3.170745101085035,True,False,"[7, 15]","[0.1266023523230538, 0.16112849115210987]"
138,9,2109,1,0.00958444315611325,2.5767322383078004,True,False,[8],[0.09314531153470185]
138,11,2972,1,0.013407872865551729,3.4451663712397886,True,False,[11],[0.11523039543498283]
138,14,1214,1,0.011586903643644534,2.777051704487513,True,False,[5],[0.13497216681115803]
138,18,2767,1,0.011768050147794876,2.7426053274948052,True,False,[8],[0.11537858369720609]
138,23,3080,1,0.010159498686728698,3.312722340797516,True,False,[8],[0.14954171856445653]
139,0,1762,2,0.008701061869506175,3.884986153592673,True,False,"[7, 12]","[0.14227858821268022, 0.13106291483614468]"
139,1,1369,2,0.00971169357719297,2.6040323797040217,True,False,"[12, 15]","[0.22548710716443854, 0.20432010878052023]"
139,3,2142,1,0.0091240449663584,2.8138012996884956,True,False,[8],[0.08788407169465341]
139,5,2267,1,0.008954881694712966,2.6941682179798225,True,False,[8],[0.11825291214921985]
139,7,1333,4,0.011350821854028536,3.191778865362889,True,False,"[7, 11, 12, 15]","[0.1607664390984971, 0.0894049208339561, 0.14566810273127603, 0.16175788731772428]"
139,10,2109,1,0.008891316011841217,2.5778410615003398,True,False,[8],[0.09628504563288655]
139,12,2972,1,0.0093461661842407,3.4518197843990257,True,False,[8],[0.15245473111576968]
139,15,1214,1,0.010112508157201999,2.8272159875326763,True,False,[7],[0.09828743918096662]
139,21,2248,1,0.009773954404991583,2.319245420431296,True,False,[7],[0.10997977013659249]
140,0,1762,2,0.00847415611233903,3.8913432714049354,True,False,"[8, 11]","[0.11994825801100009, 0.16115775366304685]"
140,1,1369,2,0.013942761654935349,2.6159468158821095,True,False,"[8, 15]","[0.23891217074245205, 0.20556838702577715]"
140,5,2267,2,0.00995510322407109,2.7057880308776516,True,False,"[7, 17]","[0.1543890440309965, 0.05272455717314504]"
140,7,1333,1,0.012381674751531086,3.250507160811135,True,False,[5],[0.12970485982452643]
140,9,2426,1,0.008503845818967065,2.7551450562797224,True,False,[8],[0.08273695300521287]
140,10,2109,1,0.008163782948095706,2.58324911434485,True,False,[8],[0.08873758364207246]
140,12,2972,1,0.01054727583855453,3.497344950377834,True,False,[5],[0.1187027066119353]
140,15,1214,1,0.010501905641354805,2.8765774204574712,True,False,[7],[0.10485602902805373]
140,19,2767,1,0.008222728580265808,2.7487108237868627,True,False,[8],[0.10630237255120498]
140,20,2107,1,0.009599711071085405,2.329848249753898,True,False,[7],[0.09612528515482986]
140,22,2791,1,0.011251562450567859,3.241408898903819,True,False,[7],[0.11981485880713397]
140,23,3080,2,0.006683373030846829,3.3403608523956283,True,False,"[7, 8]","[0.09707804419423881, 0.13117568729899373]"
141,0,1762,2,0.010033137994944293,3.8786837901215634,True,False,"[11, 12]","[0.1758983939644237, 0.13151927520483214]"
141,1,1369,3,0.009194393907067154,2.641433776584601,True,False,"[7, 12, 15]","[0.20708720797807464, 0.22039789911364288, 0.1978664363232755]"
141,5,2267,1,0.012108943899406255,2.7057569229496337,True,False,[12],[0.18729657969367822]
141,7,1333,1,0.0136504830309753,3.2475209232567757,True,False,[8],[0.1113236599128126]
141,9,2426,1,0.00888330646181479,2.810406586601954,True,False,[8],[0.09023053681827001]
141,12,2972,2,0.008224659652199385,3.5284650431592777,True,False,"[7, 11]","[0.11593065767002485, 0.12291395074281462]"
141,20,2107,1,0.011432125769051928,2.3313429049818826,True,False,[8],[0.1564892379250572]
141,22,2791,1,0.010420571669285858,3.3021695430000797,True,False,[5],[0.13647612606026668]
141,23,3080,1,0.008543041319314812,3.3843550284438995,True,False,[8],[0.11301503710949704]
142,0,1762,1,0.011024158873283918,3.8867869623336886,True,False,[15],[0.09802972592414706]
142,1,1369,1,0.017713474042548086,2.64740102225766,True,False,[8],[0.22655888927540058]
142,5,2267,2,0.007951069989266625,2.7060674679934844,True,False,"[8, 15]","[0.11076012429400033, 0.15620688332755187]"
142,7,1333,1,0.014105256416227402,3.2477270316159847,True,False,[12],[0.16760160483758868]
142,12,2972,1,0.013952786246491775,3.471207707546221,True,False,[12],[0.08929437692956319]
142,15,1214,1,0.011821395076626804,2.9221806145457148,True,False,[5],[0.13671181233624294]
142,22,2791,1,0.010327809510844386,3.3685754181594665,True,False,[7],[0.0987285128156481]
142,23,3080,2,0.007409940423014414,3.411752373840993,True,False,"[7, 8]","[0.101389657424538, 0.11042036160520995]"
143,0,1762,2,0.007678964267443184,3.8976620563619586,True,False,"[7, 15]","[0.14080841176786393, 0.10537133650250212]"
143,1,1369,1,0.01726696168181186,2.6473031079388623,True,False,[8],[0.2289854974492049]
143,5,2267,1,0.01365945599877099,2.6853693087969863,True,False,[15],[0.15187069396703035]
143,7,1333,2,0.012890169081815976,3.252742334774708,True,False,"[12, 15]","[0.17344785744392405, 0.17598950318633763]"
143,12,2972,1,0.013860923407128377,3.401085035960144,True,False,[12],[0.10225015291724648]
143,15,1214,1,0.009584131990917762,2.9776511021767025,True,False,[7],[0.10658608800626836]
143,20,2767,1,0.01009014124976323,2.7670828699582457,True,False,[8],[0.14031718930177883]
143,21,2107,1,0.01367366395391744,2.3185686589528167,True,False,[5],[0.14709027794561857]
143,22,2791,2,0.006439154111287393,3.408910500739295,True,False,"[7, 8]","[0.0877699425347365, 0.1404023125663002]"
143,23,3080,1,0.009929971106167348,3.469271451814881,True,False,[8],[0.10303145371006059]
144,0,1762,3,0.007509144229816776,3.903724737513632,True,False,"[8, 12, 15]","[0.1277390495750862, 0.13556178234831803, 0.1192514041964058]"
144,1,1369,1,0.015216779709856338,2.679659077156801,True,False,[5],[0.21302184478327724]
144,3,2142,1,0.010013261601257732,2.8758100624736214,True,False,[7],[0.09925235566986876]
144,5,2267,1,0.008767362754019226,2.702320774912575,True,False,[8],[0.10763913215166752]
144,11,2972,1,0.011715858268040174,3.390278199783721,True,False,[11],[0.11705420805296671]
144,15,1333,1,0.01016787848253374,3.314933832702643,True,False,[7],[0.10359981459028995]
144,18,2791,1,0.008444298546085263,3.487050281774487,True,False,[7],[0.11111247005442408]
145,0,1762,3,0.00863668935566826,3.9129600489787597,True,False,"[7, 8, 15]","[0.1440185584644632, 0.15445575809524792, 0.13840622139735037]"
145,1,1369,2,0.012626330318480773,2.6876680822796994,True,False,"[8, 15]","[0.23132641107813467, 0.21089257479787]"
145,5,2267,1,0.01175266078540488,2.7024154430814624,True,False,[12],[0.18502994271926324]
145,8,2426,2,0.007364304053669806,2.8445208835295444,True,False,"[7, 8]","[0.12428223349709899, 0.10552390366582687]"
145,15,1333,1,0.009037252447553101,3.382769760766396,True,False,[7],[0.1383161171229099]
145,18,2791,1,0.00956200183229127,3.5358748898241923,True,False,[5],[0.1377769062202802]
145,23,2767,1,0.010132328381085732,2.7957251027398815,True,False,[8],[0.09692972778996597]
146,0,1762,1,0.01301370035738773,3.9439668904661933,True,False,[8],[0.143127002772922]
146,1,1369,4,0.009011249332053422,2.701519258435679,True,False,"[7, 8, 12, 15]","[0.2080128291293443, 0.17164656769490144, 0.2592267505830875, 0.19274072064347159]"
146,5,2267,1,0.0117706084842373,2.702355684222002,True,False,[12],[0.17865250225497623]
146,8,2426,1,0.008495686089852697,2.903890738654396,True,False,[8],[0.09797409431628078]
146,11,2972,1,0.010240793878950915,3.423576775457043,True,False,[5],[0.12312395220782259]
146,15,1333,3,0.007220103908701268,3.413949176679163,True,False,"[7, 12, 15]","[0.12206986369891687, 0.15558860512830178, 0.17127735059156665]"
146,18,2791,1,0.008515438823943412,3.615446798876418,True,False,[7],[0.11035979613827884]
147,0,1762,4,0.007152304312209842,3.9655988441952608,True,False,"[7, 8, 12, 15]","[0.13249790301524023, 0.12663462172644369, 0.11887596107712221, 0.1254287414188443]"
147,1,1369,1,0.016092899154262826,2.642127355079665,True,False,[10],[0.20724897308706144]
147,5,2267,1,0.01134467644326599,2.705041884307339,True,False,[12],[0.16896737564195657]
147,8,2426,2,0.00779383678264635,2.937289257991752,True,False,"[7, 8]","[0.12431357968737042, 0.11073572872474179]"
147,11,2972,2,0.007149813989348207,3.424135484236993,True,False,"[8, 11]","[0.14626642693686553, 0.1259194901857293]"
147,15,1333,1,0.009301625214352098,3.484878278626282,True,False,[7],[0.12352756157732737]
147,19,2791,2,0.007256738674019524,3.6477913981121315,True,False,"[7, 8]","[0.09441672756385609, 0.11925643450013398]"
148,0,1762,2,0.00742605821087284,3.9616971253258457,True,False,"[11, 15]","[0.15991950720088793, 0.10659455078151808]"
148,1,1369,1,0.016449490877546588,2.640264900216517,True,False,[8],[0.18676628722535105]
148,5,2267,1,0.010154995659061358,2.730551812232536,True,False,[7],[0.16211595857208103]
148,8,2426,1,0.00850785269720521,3.003956323034553,True,False,[8],[0.09939253302381333]
148,11,2972,1,0.009548519018799788,3.485576545371549,True,False,[7],[0.14208224798549907]
148,16,1333,1,0.010502162200474938,3.5487784041785027,True,False,[7],[0.1336786150669863]
148,20,2791,1,0.010024011952286586,3.6478180416051456,True,False,[8],[0.1596865687183495]
149,0,1762,1,0.010534379440158427,3.9647427581421946,True,False,[15],[0.10917379336721468]
149,1,1369,1,0.015678427023247725,2.6708457431683965,True,False,[5],[0.25049986156655885]
149,5,2267,1,0.01263585385556415,2.7183265446239417,True,False,[15],[0.135562303645304]
149,8,2426,1,0.0084212948873283,3.072101386195313,True,False,[8],[0.10006490019725177]
149,9,2109,1,0.00891507700994202,2.6242288964508615,True,False,[8],[0.08258358645230775]
149,11,2972,1,0.00897985133018801,3.5515107159397172,True,False,[7],[0.14225713437307835]
149,16,1333,2,0.008527407580077872,3.5850593756251192,True,False,"[7, 12]","[0.15983560054947568, 0.12979910758832855]"
149,20,2791,1,0.00934378360163408,3.7316765769301883,True,False,[7],[0.10120829088233925]
149,21,1214,1,0.009127071415448908,2.976349720016077,True,False,[8],[0.15926397375689205]
150,0,1762,1,0.009841596789634553,3.9760650017953547,True,False,[15],[0.0968234472613321]
150,1,1369,3,0.009278145742705251,2.6734388784653205,True,False,"[8, 12, 15]","[0.19111910075780253, 0.2573596118704238, 0.18126088097244908]"
150,5,2267,2,0.008222279001879171,2.720756057056492,True,False,"[12, 15]","[0.16964298823150625, 0.12157844653953165]"
150,11,2972,1,0.008200688692584078,3.5520258637450253,True,False,[8],[0.14106630865233377]
150,15,1333,3,0.008082897421970617,3.592069546944323,True,False,"[8, 12, 15]","[0.11032460280987241, 0.13743524124676998, 0.18048271158180265]"
150,21,1214,1,0.009739185173035885,3.021593225586751,True,False,[7],[0.11122979014561349]
151,0,1762,4,0.006978342190762576,4.010284591865962,True,False,"[7, 8, 12, 15]","[0.14042519505916096, 0.13086367551375513, 0.12512389633638035, 0.1006078802615754]"
151,1,1369,2,0.011013015937825228,2.6747634002911584,True,False,"[12, 15]","[0.24455437570071487, 0.17263299646757446]"
151,3,2142,1,0.011602131503849335,2.9129231387130483,True,False,[5],[0.1184663430722638]
151,5,2267,2,0.008284869210508595,2.736180871011582,True,False,"[7, 15]","[0.14550181264751888, 0.10560330962729955]"
151,11,2972,1,0.009506275996516048,3.616056832199011,True,False,[7],[0.13991929213920926]
151,16,1333,1,0.012741161520596686,3.6417027440817957,True,False,[7],[0.1716918302259349]
152,0,1762,1,0.009396848517278733,4.022266875184818,True,False,[15],[0.09688844562169217]
152,1,1369,1,0.012916841478362175,2.7343713046888722,True,False,[7],[0.1722576131770082]
152,5,2267,2,0.007360597392881562,2.7400485160207704,True,False,"[8, 15]","[0.10927643430927159, 0.10448513749117821]"
152,8,2426,1,0.008422893911632331,3.0881560743108345,True,False,[7],[0.1275128473059494]
152,17,1333,2,0.008550377446109435,3.6740998004451866,True,False,"[7, 8]","[0.1128777293140715, 0.15077902956770514]"
153,0,1762,2,0.008690446739758292,4.026157329069269,True,False,"[11, 12]","[0.18501363700943677, 0.13172187634624088]"
153,1,1369,3,0.00944201241662068,2.7638225279822155,True,False,"[7, 8, 15]","[0.2014090609117412, 0.1758270845882225, 0.18026445871982347]"
153,5,2267,1,0.011565808491538928,2.7404233008994465,True,False,[15],[0.09806671591899489]
153,8,2426,1,0.01097523456325961,3.1358258501641667,True,False,[5],[0.14099920468004562]
153,17,1333,1,0.013967617226954382,3.6744574357464126,True,False,[8],[0.16826452414770532]
154,0,1762,3,0.006679093928520005,4.056331466377418,True,False,"[7, 8, 15]","[0.13747249346533952, 0.11870859386913175, 0.10988351631079034]"
154,1,1369,1,0.014666406882898839,2.768080817792757,True,False,[8],[0.16349185082586004]
154,5,2267,1,0.009685953055344882,2.79710453105721,True,False,[5],[0.13427824281186046]
154,8,2426,1,0.010365695914030392,3.1931323858437524,True,False,[5],[0.13548581815767075]
154,11,2972,1,0.008584048283464507,3.6892189079199262,True,False,[7],[0.12177919759747703]
154,17,1333,3,0.008118289829011124,3.7129035541909117,True,False,"[7, 12, 15]","[0.11332038175144402, 0.09476150556106025, 0.13436901248565122]"
155,0,1762,2,0.008262699139268354,4.058249691319853,True,False,"[11, 15]","[0.181819524746932, 0.11467342315848095]"
155,1,1369,1,0.01614541455341493,2.792952540114752,True,False,[5],[0.263972727577485]
155,5,2267,1,0.009904506803660578,2.8261860894172064,True,False,[7],[0.14478464271002683]
155,11,2972,3,0.007967336784758711,3.6938116113473485,True,False,"[7, 11, 12]","[0.10439380527005042, 0.14963485148421254, 0.11839000048087386]"
155,17,1333,2,0.008435614191455785,3.754789606376939,True,False,"[7, 8]","[0.12381265036988258, 0.16301490757059153]"
156,0,1762,2,0.007061338727032856,4.099426319147866,True,False,"[8, 11]","[0.11372211374209613, 0.18856464564749695]"
156,1,1369,2,0.012348757707958973,2.7996820989500217,True,False,"[12, 15]","[0.2644777855683712, 0.19356223822512927]"
156,3,2142,1,0.009222121402130846,2.9144927891970083,True,False,[8],[0.08618751618567905]
156,5,2267,2,0.008516395857615815,2.831873048186808,True,False,"[15, 17]","[0.10322864942181013, 0.07576931002916847]"
156,8,2426,1,0.007640693313440067,3.2722119646953463,True,False,[8],[0.08833998268023183]
156,17,1333,2,0.009024166708404018,3.759128108175366,True,False,"[8, 15]","[0.163795559135986, 0.1563108044426788]"
157,0,1762,2,0.008144492434330174,4.135850200112099,True,False,"[8, 11]","[0.10816754534352634, 0.202338588979993]"
157,1,1369,1,0.013683898706661318,2.8008487397584068,True,False,[8],[0.1713790126730714]
157,10,2426,1,0.008882230447969083,3.3350282805403997,True,False,[8],[0.08751975577571831]
157,13,2972,2,0.008122906850125025,3.6656530634772793,True,False,"[8, 12]","[0.13564994057345678, 0.13683536243273026]"
157,20,1333,1,0.008852837489472947,3.8423657328736667,True,False,[7],[0.09764985241801935]
158,0,1762,1,0.007718632239131775,4.178360819247715,True,False,[7],[0.14374966220188418]
158,1,1369,2,0.011056544730915649,2.801574977569161,True,False,"[8, 15]","[0.18013439436628811, 0.19670391836676485]"
158,3,2142,1,0.008799096712627422,2.9146092609803333,True,False,[8],[0.08494181106761564]
158,5,2267,1,0.009894189127265706,2.8903280930212185,True,False,[5],[0.13883199848274902]
158,10,2426,1,0.013091176811028189,3.323864717717504,True,False,[3],[0.030417784123742672]
158,20,1333,1,0.010740905985379155,3.9228517039213164,True,False,[5],[0.12445520306356249]
159,0,1762,2,0.008107496438250785,4.210451287564102,True,False,"[8, 15]","[0.10951985142113042, 0.11359920686390602]"
159,1,1369,2,0.011948701017055375,2.77415925880328,True,False,"[8, 10]","[0.19454379864001523, 0.24392643042079307]"
159,10,2426,1,0.008455228482106343,3.3868303621373586,True,False,[8],[0.09226843898921552]
159,20,1333,2,0.008357284010746263,3.972043108105511,True,False,"[7, 15]","[0.09163333967819744, 0.1105140291229633]"
160,0,1762,1,0.00851035069989977,4.276585797331618,True,False,[8],[0.0991386942561967]
160,1,1369,4,0.008033484140316625,2.789172381950263,True,False,"[7, 8, 12, 15]","[0.20614442961189147, 0.1965020156462632, 0.25741411219562793, 0.19061072750644403]"
160,5,2267,1,0.00972820269047653,2.8968270922649744,True,False,[8],[0.114839093351487]
161,0,1762,2,0.0075731528341907136,4.310466260952534,True,False,"[7, 12]","[0.1344071706968108, 0.14075804779113438]"
161,1,1369,2,0.009871770843277393,2.790308061680807,True,False,"[8, 12]","[0.2183364679965898, 0.25666564514984924]"
161,4,2267,2,0.006482176053951412,2.9407176260960712,True,False,"[7, 8]","[0.12676481179610502, 0.17749798536990194]"
161,9,2426,1,0.009342956071553098,3.410923066168107,True,False,[8],[0.10064632239193402]
162,0,1762,4,0.00523049686006022,4.335492269047924,True,False,"[7, 8, 11, 15]","[0.13209420473425218, 0.09807206886592526, 0.18180051580368478, 0.11484128258027604]"
162,1,1369,1,0.015234548678878851,2.789210066321753,True,False,[15],[0.17582373791746864]
162,4,2267,2,0.006561086934498339,2.9577793452728227,True,False,"[7, 15]","[0.12080544561424629, 0.08507140612389444]"
162,14,2972,1,0.009660081342113169,3.7364376928742855,True,False,[7],[0.13521837278923174]
162,22,1333,2,0.009189443833536808,3.9765099258180427,True,False,"[8, 15]","[0.14698485730027008, 0.16974526348684496]"
163,0,1762,1,0.010569341809286767,4.333037610468458,True,False,[11],[0.17220009700688918]
163,1,1369,2,0.009827805396368374,2.7886090195367115,True,False,"[8, 15]","[0.2158605635899042, 0.17860274081677968]"
163,15,2972,1,0.012065726912229758,3.74301601724627,True,False,[11],[0.08304233056076184]
163,22,1333,1,0.011805945648951259,4.060479262243769,True,False,[5],[0.14718295038545492]
164,1,1369,1,0.012834498411550219,2.7854898659910954,True,False,[8],[0.19835751080135502]
164,4,2267,1,0.011257986144829901,2.9571334563613747,True,False,[15],[0.08662407385484178]
164,22,1333,4,0.00698084417574538,4.087645539061544,True,False,"[7, 8, 12, 15]","[0.09466871791334452, 0.1494501589752166, 0.13439704825503504, 0.1761412536395559]"
165,0,1762,1,0.011854105975949082,4.313918590877686,True,False,[15],[0.1432291082122544]
165,1,1369,2,0.010239586204877856,2.8199606532168677,True,False,"[7, 15]","[0.20197585417043787, 0.16539323384374033]"
165,4,2267,2,0.007724362613005992,2.9726708102024664,True,False,"[8, 15]","[0.1725582155059114, 0.09346014221896001]"
165,10,2426,2,0.006178238654708363,3.4476915273785855,True,False,"[7, 8]","[0.14061540951029033, 0.09074331913501385]"
165,22,1333,1,0.015517171413051182,4.09085213710125,True,False,[11],[0.16276467311209955]
166,0,1762,2,0.006902676201265182,4.394148400292194,True,False,"[7, 8]","[0.14391247532852616, 0.10894534250626539]"
166,4,2267,1,0.009774064331962309,3.004891734765691,True,False,[7],[0.125855069250677]
166,10,2426,1,0.007331239490632474,3.5289535568433323,True,False,[8],[0.08215352748276028]
166,22,1333,1,0.01128930790785411,4.0936220142858,True,False,[8],[0.15200627847627174]
167,0,1762,1,0.012731612798092823,4.402608937996061,True,False,[12],[0.1459939185828302]
167,1,1369,1,0.014512346498717788,2.8545364609775827,True,False,[5],[0.2522796859493161]
167,4,2267,2,0.008142642363484684,2.993825581910726,True,False,"[8, 17]","[0.17808038342959862, 0.07786154957177065]"
167,20,1333,2,0.011919392783035054,4.077119668202565,True,False,"[7, 10]","[0.12496115695686963, 0.07263048136659411]"
167,22,2972,1,0.008780237909770432,3.818619396324142,True,False,[7],[0.09544013575253046]
167,23,3985,2,0.013713398237820106,2.834596905532437,True,False,"[7, 12]","[0.1391425181672008, 0.1264676181574606]"
168,0,1762,2,0.0078350562454481,4.399551631972456,True,False,"[11, 15]","[0.17704683346464503, 0.14520881729331742]"
168,1,1369,1,0.01219272920110006,2.855523993783742,True,False,[8],[0.1848286093766734]
168,4,2267,1,0.009544022570261792,3.0250299481189207,True,False,[7],[0.1265483896948231]
168,20,1333,2,0.010086451036453082,4.083549674219544,True,False,"[12, 15]","[0.11771296570102936, 0.11415097453248889]"
168,22,2972,1,0.0100986259134847,3.8836561614037968,True,False,[5],[0.12738240273516024]
169,0,1762,3,0.007067006657097751,4.402345587797377,True,False,"[11, 12, 15]","[0.16921180904124106, 0.13177744096352925, 0.14445723155795956]"
169,1,1369,1,0.014810316937100968,2.855787229817724,True,False,[15],[0.17072335994583476]
169,4,2267,1,0.009503597304712466,3.0468446114560814,True,False,[8],[0.1697263860794413]
169,20,1333,3,0.008248949984248704,4.134177335290697,True,False,"[7, 8, 15]","[0.13927452591316353, 0.1688445272596008, 0.13826496067304841]"
170,0,1762,1,0.011188946288588271,4.42011942012205,True,False,[15],[0.13059477030391026]
170,1,1369,1,0.012909657919870133,2.8724288428924605,True,False,[12],[0.21376391071006115]
170,4,2267,2,0.00710353708505578,3.057217105015055,True,False,"[7, 15]","[0.11643946062574635, 0.10826921022499054]"
170,10,2426,1,0.01026132084378086,3.576808605250695,True,False,[5],[0.12527591249229778]
170,20,1333,2,0.010146016028095539,4.1555443466994655,True,False,"[8, 15]","[0.1779633671749179, 0.1600939169732211]"
170,22,2972,1,0.009769623815839816,3.9487725172475145,True,False,[7],[0.11284427273939193]
171,0,1762,1,0.010795964212244748,4.420373068118514,True,False,[12],[0.11776880934086192]
171,1,1369,1,0.011965721971798283,2.938869278728642,True,False,[7],[0.18643275042907093]
171,4,2267,1,0.011171773345029013,3.0596307787449244,True,False,[15],[0.09920243909927075]
171,10,2426,1,0.009851237422230203,3.630120478083608,True,False,[5],[0.12673838832366127]
171,20,1333,2,0.012585547391393382,4.1819416877914595,True,False,"[7, 15]","[0.18040608460799668, 0.19445259195348333]"
171,23,2972,1,0.009424490676603895,4.000330924450429,True,False,[5],[0.1330404461443284]
172,0,1762,2,0.008394239653284037,4.415866694928313,True,False,"[11, 12]","[0.16368878075161847, 0.13417087395433405]"
172,1,1369,2,0.01010759068398044,2.9406925743292627,True,False,"[8, 15]","[0.19943955272860941, 0.17538592607598352]"
172,4,2267,2,0.007406775979768458,3.0681588601221246,True,False,"[7, 15]","[0.12907866921026034, 0.10628233965783357]"
172,20,1333,3,0.009902781517459313,4.209967154383275,True,False,"[7, 8, 12]","[0.18654803725849953, 0.18887644187401648, 0.12770173720638825]"
173,0,1762,2,0.007193171241952589,4.468359300008194,True,False,"[8, 15]","[0.0985769448650764, 0.12030758715099965]"
173,1,1369,3,0.008066412125742212,2.9670082878351365,True,False,"[7, 12, 15]","[0.1878446408435563, 0.20292273270420969, 0.16583773490971973]"
173,4,2267,1,0.01004906686204043,3.0890757325348788,True,False,[8],[0.16528736037321096]
173,20,1333,2,0.011786706843791352,4.1930132716906945,True,False,"[8, 15]","[0.2101827913022203, 0.2142431729108462]"
174,0,1762,1,0.010099557890764388,4.505250421196797,True,False,[5],[0.11879452088501008]
174,1,1369,3,0.010443597826186127,2.9491016723371306,True,False,"[10, 12, 15]","[0.27609121700475414, 0.22889272632774543, 0.17790847440812557]"
174,4,2267,2,0.008650378767267496,3.1060697275465463,True,False,"[8, 12]","[0.1600393254156147, 0.1605792710720998]"
174,10,2426,1,0.008653597233722856,3.6284355687256946,True,False,[7],[0.14311361093014408]
174,20,1333,2,0.010743365149719802,4.184957970167868,True,False,"[12, 15]","[0.1476581299952718, 0.2002701557456516]"
175,0,1762,3,0.007336517399424581,4.514968649042147,True,False,"[11, 12, 15]","[0.18022635234519413, 0.1494380897484723, 0.12354802138701212]"
175,1,1369,4,0.009810327716578386,2.9635035733407564,True,False,"[7, 8, 12, 15]","[0.21551789735309398, 0.19885099249680732, 0.24161031514867634, 0.20230809950738676]"
175,20,1333,1,0.013951089400589749,4.220883821960334,True,False,[7],[0.18466179731292265]
176,0,1762,2,0.006847225429265617,4.549277973436225,True,False,"[7, 15]","[0.16452792625706655, 0.11528059347552856]"
176,1,1369,2,0.01255411644816431,2.973482894821825,True,False,"[7, 10]","[0.24254541154964604, 0.32067382856407234]"
176,4,2267,3,0.007628596471780071,3.112557070374466,True,False,"[7, 12, 15]","[0.13343451545699486, 0.15965861833595663, 0.1151248784920991]"
176,20,1333,1,0.013730048797956262,4.205997619637473,True,False,[8],[0.2117176463080058]
177,0,1762,2,0.007075462055096257,4.573710545373869,True,False,"[8, 11]","[0.10034888249867804, 0.20246779210706028]"
177,1,1369,1,0.012782228989602896,2.973843079085599,True,False,[8],[0.18927305504784758]
177,4,2267,2,0.008240507443605596,3.104272240035169,True,False,"[15, 16]","[0.09824358350196759, 0.1249758830483356]"
178,1,1369,3,0.010834749860815014,2.9951450327951976,True,False,"[7, 12, 15]","[0.23900156699906588, 0.2416956529280082, 0.20326825136791474]"
178,5,2267,1,0.013588563937051535,3.088763636698059,True,False,[17],[0.08539016829787824]
178,11,2426,1,0.0073523690891145,3.7091792755053645,True,False,[8],[0.12539631081135466]
178,21,1333,2,0.01040187521209322,4.219819614426129,True,False,"[11, 15]","[0.1606690979441886, 0.13845651494726058]"
179,0,1762,1,0.009701991176993064,4.615080064809136,True,False,[8],[0.11382548754420634]
179,1,1369,3,0.011353827600944817,3.0157380546162873,True,False,"[7, 12, 15]","[0.23427504174123936, 0.23699210382087502, 0.19547079943072299]"
179,11,2426,1,0.008141511077862484,3.7898205992574456,True,False,[8],[0.12205665324729621]
179,21,1333,1,0.011713359306027231,4.222464178353653,True,False,[8],[0.17199638871989056]
180,0,1762,3,0.005817024479410284,4.632964902048967,True,False,"[8, 12, 15]","[0.09862153502415459, 0.13045001742958, 0.11178547582612303]"
180,1,1369,2,0.012187063269259774,3.0101697214977636,True,False,"[10, 15]","[0.33522249191572395, 0.20131575237773017]"
180,13,2426,1,0.007279544847376276,3.874433634098678,True,False,[8],[0.1234385003902884]
180,22,1333,2,0.008315156992349467,4.22666919949511,True,False,"[8, 12]","[0.15533695105580492, 0.11691044493047623]"
181,0,1762,4,0.005435080628636739,4.670174756873918,True,False,"[7, 8, 11, 12]","[0.16204048730123394, 0.10521475589845124, 0.18831870836464087, 0.12786467815395983]"
181,1,1369,3,0.008658076060221133,3.029400500083986,True,False,"[7, 8, 12]","[0.2361173640329353, 0.17841548309481664, 0.22957906021946647]"
181,8,2267,1,0.010791080307400372,3.0935312408520073,True,False,[15],[0.11667022167494495]
182,0,1762,2,0.0076997794829346995,4.716809550607616,True,False,"[8, 12]","[0.10597621834311241, 0.12156392165238487]"
182,1,1369,1,0.014387411314120323,3.071927170458628,True,False,[5],[0.24681319683350783]
182,6,2267,1,0.009273575469103955,3.1046374855322205,True,False,[15],[0.15950843928521477]
182,13,2426,1,0.007431892382468306,3.9556090778325608,True,False,[8],[0.11826347088230119]
183,0,1762,2,0.007779653882895222,4.725751639816785,True,False,"[11, 15]","[0.17890452667230639, 0.1130371984305949]"
183,1,1369,2,0.009672648304026497,3.0754391409083452,True,False,"[8, 12]","[0.18395522049802496, 0.22649830921337444]"
183,6,2267,2,0.007630368703862247,3.110840422406256,True,False,"[15, 16]","[0.15903931409784552, 0.11911228802893355]"
184,1,1369,1,0.011247252527729356,3.0769677686454133,True,False,[8],[0.19958794228145488]
184,6,2267,1,0.01277699668104334,3.1125751223357607,True,False,[12],[0.15352964000708905]
184,13,2426,1,0.007132097511482281,4.043107522063976,True,False,[8],[0.11042374961212367]
185,0,1762,2,0.005899259059064399,4.80210320201188,True,False,"[7, 8]","[0.15545549797559818, 0.09362044410965144]"
185,1,1369,1,0.013773373291358864,3.075892088325523,True,False,[12],[0.21572993813518418]
185,6,2267,1,0.012356346622891973,3.072625374695654,True,False,[17],[0.03551883597119319]
186,0,1762,2,0.006367840168483412,4.841970357817762,True,False,"[8, 15]","[0.09246757862908889, 0.12316711261677758]"
186,1,1369,3,0.008714532670599934,3.087197940581959,True,False,"[7, 8, 11]","[0.20619037229993648, 0.19788401692420254, 0.1193828970321614]"
186,7,2267,1,0.0122769486410136,3.083479742674395,True,False,[7],[0.16451966237558782]
186,14,2426,1,0.007813670122409423,4.135725321389502,True,False,[8],[0.09213283258814046]
187,0,1762,2,0.006250743227048862,4.881495678596048,True,False,"[7, 12]","[0.14907938160643874, 0.12368194689519282]"
187,1,1369,3,0.008882184033578745,3.0883470596065004,True,False,"[8, 12, 15]","[0.20368764249247215, 0.20429202197479226, 0.1880433553366026]"
187,7,2267,3,0.0074517776400323,3.0768445315695025,True,False,"[7, 15, 16]","[0.15440676172863732, 0.15730724976666136, 0.17858637775017377]"
188,0,1762,1,0.009800514683545739,4.890911356127871,True,False,[12],[0.12933508642253536]
188,1,1369,2,0.007910546826079657,3.116242535966423,True,False,"[7, 8]","[0.20349896796054118, 0.18677344567295803]"
188,7,2267,1,0.010495129629950185,3.080507615097538,True,False,[15],[0.14734907737511588]
189,0,1762,2,0.0067070120275422715,4.904125728890669,True,False,"[11, 15]","[0.17156043595918316, 0.12442621847325483]"
189,1,1369,2,0.009542704501831997,3.1162808584166592,True,False,"[8, 15]","[0.19393766797205717, 0.18420811378371596]"
189,7,2267,1,0.008498624619843543,3.1539570942766786,True,False,[5],[0.12383565030793223]
190,0,1762,1,0.008343707362016593,4.947367947015567,True,False,[8],[0.09150669211390475]
190,1,1369,1,0.013202738327311064,3.1177604541993915,True,False,[15],[0.17996284939470933]
190,7,2267,1,0.013913721068012039,3.1094834539010523,True,False,[17],[0.11909944982948985]
190,15,2426,1,0.007020095752993937,4.222461712096171,True,False,[8],[0.10175838074092043]
191,0,1762,3,0.004981294545900837,4.989175318662457,True,False,"[7, 8, 15]","[0.14067404989062693, 0.09262938216003007, 0.11960628125793242]"
191,1,1369,3,0.0067608556597798415,3.1421019773112104,True,False,"[7, 8, 15]","[0.20301482612993618, 0.1759391681561151, 0.16122353847545182]"
191,7,2267,1,0.009904257268611957,3.1417903990488507,True,False,[7],[0.1442517810454235]
191,14,2426,1,0.010507549488222643,4.223591308118302,True,False,[7],[0.14101213550676514]
192,0,1762,3,0.005503571491631567,5.01037090819145,True,False,"[8, 12, 15]","[0.09974875189491109, 0.11256052806422105, 0.10918183136899262]"
192,7,2267,1,0.01038175120332725,3.1412978369244597,True,False,[15],[0.14108374789507544]
192,14,2426,1,0.007272776080298578,4.325282527504914,True,False,[8],[0.08595744763016298]
193,0,1762,2,0.00661172253145419,5.0383916986816315,True,False,"[7, 15]","[0.14559756151770145, 0.10589388603115621]"
193,1,1369,2,0.011762016085344634,3.138461057637292,True,False,"[10, 12]","[0.3590917317321109, 0.2107182419930346]"
193,7,2267,4,0.006575787837575082,3.1640149965986293,True,False,"[7, 8, 12, 15]","[0.14146800535583512, 0.10908473049942308, 0.1695412907163129, 0.14159563153241542]"
194,0,1762,3,0.005502397091658679,5.0545666524849135,True,False,"[8, 12, 15]","[0.10191021109952923, 0.12741363639522651, 0.11306512734659485]"
194,1,1369,2,0.009798922061473151,3.165632858786798,True,False,"[7, 12]","[0.2073008532079597, 0.20736158447532735]"
195,0,1762,2,0.005989282163613118,5.05996511951834,True,False,"[12, 15]","[0.11653798134059051, 0.10626262471785311]"
195,1,1369,3,0.012481993442967297,3.1568732899424647,True,False,"[8, 15, 17]","[0.2187214623494836, 0.1952529894307228, 0.13186971423677385]"
195,7,2267,2,0.008432616060233652,3.1603573534738287,True,False,"[7, 16]","[0.13162366993897087, 0.18953882343213338]"
195,14,2426,1,0.007961712518138977,4.430848647751379,True,False,[8],[0.08265794243063772]
196,0,1762,3,0.00656886936473127,5.063695295914961,True,False,"[8, 12, 15]","[0.10829508505404614, 0.11596623421517901, 0.10580866188562234]"
196,1,1369,1,0.012674770228615646,3.2074611156405104,True,False,[7],[0.20910771192091454]
196,7,2267,1,0.008716741325467436,3.206814981462073,True,False,[7],[0.12174478103106133]
197,0,1762,3,0.007850859190182014,5.054510040856439,True,False,"[8, 11, 15]","[0.12672630766152046, 0.1662266970873614, 0.1122100958356139]"
197,1,1369,2,0.012254992764160177,3.205025649969371,True,False,"[8, 15]","[0.20420846167582019, 0.18240497867234703]"
197,15,2426,1,0.006565829467665931,4.529509165637305,True,False,[8],[0.09460355432825258]
198,0,1762,1,0.008001589866819701,5.064688814840606,True,False,[12],[0.11364855365466187]
198,1,1369,1,0.013471429845064194,3.2023687824614386,True,False,[8],[0.21158642538935202]
198,7,2267,1,0.011875776681336185,3.211206211827314,True,False,[12],[0.1707734754766655]
198,15,2426,1,0.0061711504716869345,4.630012300705206,True,False,[8],[0.08771844720253588]
199,0,1762,2,0.00949707725775747,5.060229976529811,True,False,"[8, 15]","[0.10938710054350212, 0.09796977542347064]"
199,1,1369,1,0.013796050030943337,3.210817108201698,True,False,[12],[0.21602417682939273]
199,7,2267,1,0.01004248634224121,3.215461591521801,True,False,[15],[0.1267630464691136]
199,16,2426,1,0.009029295537674006,4.707140534827806,True,False,[8],[0.11427455707027767]
200,0,1762,2,0.009566028041682457,5.05775275221252,True,False,"[8, 15]","[0.1125172991820349, 0.10785439982787172]"
200,1,1369,1,0.01394114352203969,3.209649226665232,True,False,[8],[0.2232838171799588]
200,17,2426,1,0.007346948814516018,4.816300440928035,True,False,[8],[0.1447766332479977]
201,0,1762,2,0.006935273170487187,5.0791425587272485,True,False,"[7, 15]","[0.15280076099482232, 0.09526602837254064]"
201,1,1369,1,0.014273494407926484,3.251844097769782,True,False,[5],[0.24906231422885908]
202,0,1762,1,0.009165307574335226,5.079504849497087,True,False,[11],[0.166077923211001]
202,1,1369,1,0.016142844224714743,3.249047681832159,True,False,[15],[0.17112733608906217]
202,9,2267,1,0.008737630150578074,3.2216761162607495,True,False,[15],[0.09952793155636604]
203,0,1762,2,0.006435320061177385,5.081371252305886,True,False,"[11, 15]","[0.1598702915296316, 0.08586330230839183]"
203,1,1369,4,0.009266832315940342,3.2535419275017485,True,False,"[7, 8, 11, 15]","[0.2327698753533045, 0.22044786164624583, 0.17861229758919203, 0.14374503203284486]"
203,9,2267,1,0.008844776258589692,3.225871801586654,True,False,[15],[0.10048793691055667]
204,0,1762,1,0.008931220898862544,5.095240995695608,True,False,[15],[0.08618864215922246]
204,1,1369,2,0.009464269818123571,3.278287228832349,True,False,"[7, 12]","[0.20747322520833503, 0.21424366347511906]"
204,10,2267,3,0.005419058807413653,3.235290746926849,True,False,"[8, 12, 15]","[0.07855467587678057, 0.11158055360384049, 0.12158205199036855]"
204,19,2426,1,0.005723831634253292,4.934696270080229,True,False,[8],[0.10756219235391852]
205,0,1762,2,0.005760011192036338,5.109640897456601,True,False,"[12, 15]","[0.11158714389637506, 0.07703808434318533]"
205,1,1369,2,0.008530341675875667,3.3152858308204887,True,False,"[7, 15]","[0.18078043994612966, 0.13950353495013518]"
205,10,2267,1,0.007909290042795511,3.2851602614459976,True,False,[7],[0.13423183634246583]
206,0,1762,3,0.007818529260626822,5.111728520108632,True,False,"[8, 12, 15]","[0.13387867493231265, 0.12371932315004068, 0.09210882886013523]"
206,1,1369,2,0.00970373862901154,3.323197146770487,True,False,"[8, 15]","[0.19496779455978033, 0.14554261966137355]"
207,0,1762,3,0.007178002339435702,5.1152255503777,True,False,"[8, 11, 15]","[0.12669839457477533, 0.15809398034836164, 0.0908344190973026]"
207,1,1369,1,0.013583376850677818,3.317339270812387,True,False,[15],[0.13976638945986275]
208,0,1762,3,0.006425947448235519,5.117270038430362,True,False,"[11, 12, 15]","[0.15967658098375667, 0.11864588420366103, 0.09689123302849417]"
208,1,1369,1,0.014718673636728314,3.3120956981559213,True,False,[15],[0.20582658427504996]
208,9,2267,1,0.00782601466576239,3.343755049390242,True,False,[7],[0.09593394679260706]
209,0,1762,3,0.008315531440442824,5.118574436455638,True,False,"[8, 12, 15]","[0.1319307712989156, 0.13715320186354996, 0.1087104044765639]"
209,1,1369,3,0.008239959627454161,3.328274819105588,True,False,"[7, 8, 12]","[0.1990691956499091, 0.15809570020757935, 0.24697330476697982]"
209,9,2267,1,0.008289165472603372,3.3910788337825752,True,False,[7],[0.10075390873730458]
209,18,2426,1,0.009624539423179998,5.034467555757647,True,False,[8],[0.1084640347082574]
210,0,1762,1,0.009247133352937555,5.127631728212547,True,False,[15],[0.10732831110485286]
210,1,1369,2,0.008334115533098367,3.3381895795212175,True,False,"[8, 15]","[0.13178416594492695, 0.17280658467620527]"
211,0,1762,1,0.008429342835362468,5.125960164260726,True,False,[12],[0.12440240535426622]
211,1,1369,3,0.007233006350229685,3.3703311215139875,True,False,"[7, 8, 15]","[0.19293669984252765, 0.13946793225654064, 0.15587234895041782]"
212,0,1762,1,0.008965544130113225,5.121134980385373,True,False,[12],[0.13012778014033305]
212,1,1369,2,0.008846706601492475,3.3795291912080265,True,False,"[8, 12]","[0.14519360524312572, 0.24433053887618233]"
212,10,2267,2,0.0068115626032594,3.3920530726836784,True,False,"[12, 15]","[0.11153746582676227, 0.1175112200813959]"
213,0,1762,1,0.011841153920723827,5.111568309655014,True,False,[8],[0.13390748347612455]
213,1,1369,2,0.009086716923028728,3.3853141416444354,True,False,"[12, 15]","[0.23686565259574482, 0.1484033573684773]"
213,18,2426,1,0.009419732293792487,5.138179368147824,True,False,[8],[0.09899943980839125]
214,0,1762,1,0.010991144429902639,5.107962518675629,True,False,[8],[0.11789173415682462]
214,1,1369,1,0.011684999042507457,3.39781457826398,True,False,[12],[0.2216996671478686]
215,0,1762,1,0.008817858633534932,5.124832197536339,True,False,[15],[0.10105487247002201]
215,1,1369,1,0.014490369356537521,3.4485182636123044,True,False,[5],[0.25435405517604315]
215,6,2267,1,0.009584053772478122,3.4073978177245485,True,False,[15],[0.15503358234100656]
216,0,1762,2,0.009459925218849974,5.125838175899519,True,False,"[8, 15]","[0.1384119608233767, 0.10560432915977215]"
216,1,1369,3,0.01048079221150716,3.4474478781558124,True,False,"[8, 11, 12]","[0.16741097565063442, 0.21093476881508563, 0.21260238849827084]"
217,0,1762,2,0.006567148510524277,5.141434697249105,True,False,"[7, 15]","[0.1531954529021982, 0.08738423112585099]"
217,1,1369,2,0.011131345990739687,3.449464455502877,True,False,"[8, 15]","[0.17932155218866858, 0.1626259696882475]"
217,8,2267,1,0.009819868873510084,3.4072336403739136,True,False,[15],[0.10338685524074566]
218,0,1762,2,0.009191793610797668,5.139591267315175,True,False,"[8, 15]","[0.1392342332415243, 0.0881802642814708]"
218,1,1369,1,0.014493245669556613,3.445718812277322,True,False,[15],[0.1719872511147447]
218,8,2267,2,0.010148372266175354,3.404993872022498,True,False,"[15, 17]","[0.11131421200791645, 0.05121611119267342]"
219,0,1762,3,0.007668193888568188,5.138182710761476,True,False,"[8, 12, 15]","[0.1395915338764993, 0.12696309228112276, 0.09206590214326511]"
219,1,1369,2,0.009751542819321491,3.455067630000552,True,False,"[8, 12]","[0.17024916450631009, 0.21164585854111778]"
220,0,1762,2,0.006790187124568739,5.152558146060842,True,False,"[7, 15]","[0.14773571635685065, 0.07980367717191379]"
220,1,1369,2,0.009199348625213858,3.48049662466073,True,False,"[7, 12]","[0.19089252446191102, 0.21194133575099694]"
221,0,1762,2,0.0093681156866156,5.152651859054873,True,False,"[8, 15]","[0.1356022866942077, 0.08470205046415794]"
221,1,1369,1,0.010284104940761537,3.525091265470151,True,False,[7],[0.17925361463090478]
221,9,2267,1,0.008284584738732668,3.410933754704585,True,False,[15],[0.0927050985572265]
222,0,1762,1,0.012019867878397105,5.142243390940282,True,False,[8],[0.14505833675713947]
222,1,1369,1,0.014715067666674556,3.527983589920954,True,False,[15],[0.1734185465356084]
223,0,1762,2,0.010492707617521057,5.147235644996052,True,False,"[8, 15]","[0.14638652641434013, 0.08437673993894663]"
223,1,1369,1,0.015701499807262688,3.525491929821973,True,False,[8],[0.1864104144525979]
223,8,2267,2,0.006826149572880947,3.450922049795723,True,False,"[7, 15]","[0.12831760194414335, 0.09667614499638566]"
224,1,1369,3,0.007745770365587872,3.5464820846314624,True,False,"[7, 12, 15]","[0.18775391728738158, 0.2005162147576922, 0.16677173693243846]"
225,0,1762,1,0.00833269051046916,5.1462224708136395,True,False,[12],[0.12207327892606289]
225,1,1369,3,0.0076596571913989395,3.547657925414643,True,False,"[8, 12, 15]","[0.19681869804910535, 0.17987497461986227, 0.19616753894601544]"
225,8,2267,1,0.01143676831423546,3.450032729893432,True,False,[12],[0.08629164963200861]
226,0,1762,1,0.011546623232076137,5.167430256686353,True,False,[15],[0.0960341257268818]
226,1,1369,2,0.009558342550909234,3.5496829972432447,True,False,"[8, 15]","[0.1935625849952913, 0.19415379020229373]"
226,8,2267,1,0.009089462069234739,3.4583715243509343,True,False,[15],[0.09559363579759608]
227,0,1762,1,0.008670485296645318,5.170520231567442,True,False,[11],[0.15062424096151042]
227,1,1369,1,0.01565698549357328,3.516430177227509,True,False,[11],[0.2322566578176721]
227,7,2267,1,0.00928135357986097,3.4624002882168243,True,False,[15],[0.11480412662696594]
228,0,1762,1,0.008892992044111292,5.169025922745332,True,False,[12],[0.11950509992462295]
228,1,1369,1,0.01303766945922033,3.5704110016132544,True,False,[5],[0.25756717883654295]
228,7,2267,1,0.008479184497037107,3.5427715454183573,True,False,[5],[0.1195256804146973]
229,0,1762,1,0.008823685623987393,5.169088734864695,True,False,[12],[0.11641691058696349]
229,1,1369,2,0.00958476801258061,3.59598729613707,True,False,"[7, 8]","[0.16124329022221645, 0.19907527534374536]"
230,0,1762,3,0.008664517577315605,5.159595247188181,True,False,"[8, 12, 15]","[0.14151240063766052, 0.10981654837280667, 0.10138143475985102]"
230,1,1369,2,0.008305643672170078,3.616709084934192,True,False,"[7, 12]","[0.16710510110971327, 0.18696707111803815]"
231,0,1762,1,0.008431246327084717,5.190907240764362,True,False,[5],[0.11317674167666454]
231,16,1369,1,0.011606930378576415,3.6219908795743443,True,False,[12],[0.13431773268650107]
232,0,1762,2,0.008570168408464588,5.181966535264607,True,False,"[12, 15]","[0.11047507266205021, 0.10335044516063553]"
232,11,1369,1,0.014135101515552865,3.637143223720676,True,False,[15],[0.0949849019023439]
233,0,1762,1,0.013218439076672256,5.160997505580597,True,False,[8],[0.12806816539784152]
233,1,2267,2,0.006783612763803596,3.544247008307932,True,False,"[12, 15]","[0.1746225424383585, 0.17499649443315107]"
233,9,1369,3,0.007630345656914162,3.656213531657265,True,False,"[7, 12, 15]","[0.09434756291748522, 0.11110873778878969, 0.1205429705759103]"
234,0,1762,2,0.010026291128117093,5.157375975853106,True,False,"[8, 15]","[0.10639615953164495, 0.08134058198875925]"
234,9,1369,1,0.012623227480534793,3.66478543048124,True,False,[8],[0.09391790790008182]
235,0,1762,2,0.006240632195911181,5.156653696584866,True,False,"[11, 12]","[0.14999757713424153, 0.10376157048887488]"
235,9,1369,5,0.009400584215930041,3.6586536967860477,True,False,"[7, 8, 12, 15, 16]","[0.13369254858410706, 0.13759077986492876, 0.1498400351503608, 0.15204398508564917, 0.15975057264550335]"
236,0,1762,2,0.007490487092030329,5.154165949515445,True,False,"[12, 15]","[0.10492753040082951, 0.09686117158503937]"
237,0,1762,2,0.006663591169995405,5.151178508835866,True,False,"[8, 12]","[0.09230769076891997, 0.1083483602063022]"
238,0,1762,2,0.006104837659488453,5.171278749543963,True,False,"[11, 15]","[0.1469797305281253, 0.07210882849831186]"
238,1,2267,1,0.009291588830411103,3.5462841057843204,True,False,[15],[0.16112609253973947]
239,0,1762,3,0.005975153627373963,5.18721545741495,True,False,"[7, 8, 15]","[0.14128993597593648, 0.0972400590602442, 0.07563981611930838]"
241,0,1762,1,0.007806390567102087,5.202988317358693,True,False,[15],[0.09174986444898497]
242,0,1762,3,0.007350054835005807,5.198687372901631,True,False,"[8, 12, 15]","[0.10588096064235356, 0.11765890519071265, 0.10090067552354197]"
243,0,1762,3,0.00550812922539056,5.199231869231436,True,False,"[11, 12, 15]","[0.14236552579296727, 0.1101856699912043, 0.08694399192530358]"
244,0,1762,1,0.008295969986876518,5.238957099450321,True,False,[7],[0.1373132438587504]
245,0,1762,2,0.009391801210364746,5.2355314631630225,True,False,"[8, 15]","[0.10765517078300221, 0.09397580814505174]"
246,0,1762,4,0.005759924711050002,5.242883488602267,True,False,"[7, 8, 12, 15]","[0.13451909516437638, 0.10716812021765995, 0.11044892110794696, 0.09439769352656462]"
247,0,1762,2,0.00588322267491235,5.274899484627212,True,False,"[7, 11]","[0.13643656385603328, 0.1536159569570752]"
248,0,1762,3,0.008070247416035787,5.2680204810241635,True,False,"[8, 12, 15]","[0.10916706719576406, 0.10766000991143428, 0.0962127393783462]"
249,0,1762,3,0.004938608230155223,5.2872116842939105,True,False,"[7, 11, 15]","[0.1319097047517527, 0.1522335504213435, 0.08118297112508893]"
249,1,2267,1,0.009177676686267929,3.5480819798803056,True,False,[15],[0.1440659754293629]
250,0,1762,2,0.007953348277336661,5.282440952145261,True,False,"[12, 15]","[0.12113823056024979, 0.08110269737045926]"
251,0,1762,3,0.005420298637095453,5.284040791611344,True,False,"[11, 12, 15]","[0.15554671161267175, 0.10805617184199853, 0.07375140772610016]"
252,0,1762,2,0.005676104799353879,5.288690105091859,True,False,"[8, 11]","[0.0978305873706934, 0.16391371923269393]"
253,0,1762,2,0.005658560175473202,5.322194178952716,True,False,"[7, 12]","[0.12965521878656885, 0.10833723640363845]"
254,0,1762,1,0.007442121718803403,5.324659150600324,True,False,[12],[0.10083328553151939]
255,0,1762,1,0.00758060176741168,5.328051330624668,True,False,[12],[0.10067369035409826]
255,1,2267,1,0.008977705343539559,3.549753165567125,True,False,[15],[0.128723746202145]
256,0,1762,1,0.00799874001025368,5.333466385518256,True,False,[8],[0.09589016929488045]
257,0,1762,2,0.007439395642821854,5.372501273855215,True,False,"[7, 11]","[0.14012636385993235, 0.18607706217793088]"
258,0,1762,2,0.005878820491525018,5.37546796764235,True,False,"[12, 15]","[0.09722945221823218, 0.08101697721073416]"
258,14,6049,1,0.10277707361962983,4.709298688710837,True,False,[15],[0.1266939294884218]
259,0,1762,1,0.007139065110092594,5.38107884629235,True,False,[8],[0.08771852538216471]
260,0,1762,2,0.006296150623478012,5.390282392063845,True,False,"[12, 15]","[0.09534017216729952, 0.09048669347359367]"
261,0,1762,3,0.006000845713290378,5.3998358127744535,True,False,"[8, 12, 15]","[0.09306971726833253, 0.102375771004866, 0.10013065984389222]"
263,0,1762,1,0.008330543652397965,5.395160982821154,True,False,[8],[0.09677063606994224]
264,0,1762,1,0.00777861086482518,5.425939919033944,True,False,[15],[0.08784578079487435]
266,0,1762,1,0.008274467639434608,5.425981646173744,True,False,[12],[0.10281830810315316]
266,1,2267,1,0.008726406814680236,3.5528390929008067,True,False,[15],[0.11452132384157528]
267,0,1762,1,0.0074154061296850616,5.458262430987215,True,False,[5],[0.10964919808894509]
268,0,1762,2,0.006447666105404379,5.470205261642777,True,False,"[12, 15]","[0.09879229361365724, 0.09158411792679992]"
268,23,6409,1,0.04792177797837748,3.5349654662372,True,False,[15],[0.15150243313055198]
269,0,1762,2,0.007159702072418986,5.50222317929472,True,False,"[7, 15]","[0.15341100648889333, 0.09387444975750454]"
269,23,6409,1,0.008319296223362579,3.5378354214355694,True,False,[15],[0.13380939208792156]
270,0,1762,1,0.011206926204647633,5.510376131058121,True,False,[15],[0.10010210366914203]
271,0,1762,1,0.012913157861708324,5.501304544510238,True,False,[15],[0.12229142462447715]
272,0,1762,1,0.00814786057527074,5.520569993196357,True,False,[11],[0.1667046572695822]
273,0,1762,2,0.0074515146688756955,5.522093719690945,True,False,"[8, 15]","[0.09412781849310099, 0.10355752748337169]"
274,2,6553,1,0.0339487594894253,3.7899022234543422,True,False,[15],[0.11684862474186437]
275,0,1762,2,0.007587849717011575,5.5293538223014425,True,False,"[8, 15]","[0.09448339667531218, 0.09616880704071086]"
275,1,2267,1,0.008544712897517858,3.555382836464359,True,False,[15],[0.10373183413331319]
276,0,1762,4,0.00491114839231608,5.540950821202283,True,False,"[7, 8, 12, 15]","[0.14209262610172796, 0.08900410739968646, 0.10507295277362232, 0.08612591127185193]"
277,0,1762,1,0.007326739896597518,5.5430369686838,True,False,[8],[0.09312712597432436]
277,2,6553,1,0.007129564768036636,3.791353655617402,True,False,[15],[0.10553496494407984]
278,0,1762,3,0.006595920469756839,5.549878675618607,True,False,"[8, 12, 15]","[0.11022033640058992, 0.11986700514228509, 0.08068007795359156]"
279,0,1762,2,0.006959970301508064,5.56487128002121,True,False,"[12, 15]","[0.11535286847078245, 0.08445556562973915]"
280,0,1762,1,0.00799923731232199,5.611684198832332,True,False,[7],[0.12881392814834589]
281,0,1762,1,0.008499699708872854,5.650991079979301,True,False,[15],[0.0788747427554657]
282,0,1762,1,0.007332641729238803,5.72144014836315,True,False,[15],[0.0664365318817884]
282,3,6553,1,0.007319660263327639,3.7892061489224003,True,False,[15],[0.10829893696425207]
282,7,6681,1,0.01563078300759237,3.6467805487404936,True,False,[15],[0.10152792147642632]
282,8,6731,1,0.027162114495969024,3.586242120159461,True,False,[15],[0.08491156980865885]
282,9,6591,1,0.12193108210626302,6.285194790344735,True,False,[15],[0.13442306799564022]
283,0,1762,2,0.007485406696973532,5.768437236825155,True,False,"[8, 15]","[0.10962919919920439, 0.0672832995713558]"
283,9,6731,1,0.011006993457995589,3.570920273739861,True,False,[15],[0.11589333009331622]
284,0,1762,1,0.010076550782009879,5.7671542737603705,True,False,[8],[0.11632836747845944]
284,9,6731,1,0.010821509401797345,3.560427022375757,True,False,[15],[0.10316465020811848]
285,0,1762,1,0.007281570156253562,5.771374932704451,True,False,[12],[0.09848544359572899]
286,0,1762,3,0.005041325413054335,5.806542246299766,True,False,"[7, 12, 15]","[0.12317149587240915, 0.0943853751553913, 0.060692769175435465]"
286,8,6681,1,0.00802717832422038,3.655641800676786,True,False,[15],[0.07516782135548522]
286,19,6830,1,0.03345600868560511,3.6515502555863466,True,False,[15],[0.09910618828118131]
287,0,1762,3,0.005108309329757809,5.833075130070856,True,False,"[7, 12, 15]","[0.1171890242152122, 0.09626717305049662, 0.06506596686712547]"
287,8,6681,1,0.007837152932157481,3.664619665783596,True,False,[15],[0.06697789316080596]
287,10,6851,1,0.02580571415711085,3.5859742503921,True,False,[15],[0.10148080379889793]
288,0,1762,1,0.0072949282240098055,5.90026587552702,True,False,[15],[0.04999399437502095]
288,19,6778,1,0.06004221758474905,9.21826318640359,True,False,[15],[0.08805144953767888]
289,0,1762,1,0.009643136948197682,5.899389778091779,True,False,[8],[0.11387619454842142]
289,2,6822,1,0.04373879714007213,4.298732333142748,True,False,[15],[0.09780066591185815]
289,11,6851,1,0.010364262271954021,3.5748200313608116,True,False,[15],[0.08440785634348892]
289,17,6582,1,0.009962297322597102,3.640037418794892,True,False,[15],[0.14121750436890343]
290,0,1762,1,0.00798059761553547,5.900623409041075,True,False,[8],[0.09660808054023942]
291,0,1762,2,0.006296212163480932,5.957566605115911,True,False,"[8, 15]","[0.09617983200947453, 0.04962466101764549]"
291,4,6916,1,0.035944894188282846,3.8031405078040645,True,False,[15],[0.0863249664799931]
291,17,6529,1,0.011967596290800244,3.579001011069751,True,False,[15],[0.12572436743657248]
291,21,6681,1,0.008270013668493871,3.6687323725474226,True,False,[15],[0.12248767929172132]
292,0,1762,2,0.005658078334440661,6.016172084966146,True,False,"[12, 15]","[0.0925209538639425, 0.05165987118936367]"
292,3,6961,1,0.11433111099927355,4.8580777236538575,True,False,[15],[0.09521870676801046]
292,22,6681,1,0.008755103545439034,3.670713256348456,True,False,[15],[0.15582117685660446]
293,0,1762,1,0.008163048604341099,6.030781828822449,True,False,[8],[0.09899919377374126]
293,15,6884,1,0.027749718288500737,9.571058887845053,True,False,[15],[0.1611657659576235]
294,0,1762,3,0.005470520837104918,6.066853824120127,True,False,"[7, 12, 15]","[0.12093218494384199, 0.10225434274912251, 0.0662435005250429]"
294,3,7044,1,0.016852518698206122,4.0490097586206355,True,False,[15],[0.08523952816618509]
294,14,6940,1,0.013507579127166285,3.9599753860293605,True,False,[15],[0.11568993391423814]
295,0,1762,2,0.006032145127153561,6.108107731575424,True,False,"[7, 15]","[0.1184889918029597, 0.06513577766624587]"
295,3,7044,1,0.006511085109307244,4.054182741592722,True,False,[15],[0.07671357334392133]
295,17,6884,1,0.007839581753917248,9.575031942642125,True,False,[15],[0.1121370940877763]
296,8,6553,1,0.007809574292504994,3.795649969636268,True,False,[15],[0.060417476351230265]
296,12,6916,1,0.00828473138887727,3.8301927472586934,True,False,[15],[0.13775162502507451]
296,14,6940,1,0.0067668458929448306,3.9595733225032754,True,False,[15],[0.10454055737437205]
297,0,1762,3,0.004512748071166366,6.1446224288682405,True,False,"[8, 11, 15]","[0.09363706628266834, 0.16826204182547314, 0.06943689749866677]"
297,4,6961,1,0.0073986212306230694,4.857704174601925,True,False,[15],[0.07516432209284285]
298,4,6961,1,0.007319470047145893,4.857542612532191,True,False,[15],[0.06666785267282442]
298,5,6697,1,0.03726893516096283,3.777692265020987,True,False,[15],[0.09199073859352175]
298,20,6529,1,0.00949775319108709,3.5792554565492596,True,False,[15],[0.1763949600032579]
299,0,1762,1,0.009598537496953113,6.195327444248796,True,False,[15],[0.0757807869710884]
299,3,7044,1,0.006487239797027333,4.056786118418981,True,False,[15],[0.06986419818843846]
300,0,1762,1,0.007251681702894214,6.211215924843301,True,False,[12],[0.09741922522310005]
300,3,7044,1,0.006415387567101269,4.061053530320754,True,False,[15],[0.0642667862724435]
300,4,6961,1,0.007187876854823391,4.857678935573812,True,False,[15],[0.05944425255653543]
300,17,6884,1,0.007811225501711983,9.579181581201665,True,False,[15],[0.1000472974204809]
301,0,1762,2,0.007024173854875541,6.234003841595086,True,False,"[12, 15]","[0.09619865102791779, 0.07530312873881063]"
301,1,7035,1,0.019814359072356777,5.023479737840379,True,False,[15],[0.0923960600789352]
301,13,6916,1,0.007128404160775612,3.832988176888849,True,False,[15],[0.09788479736563321]
301,17,7209,1,0.051273144190385186,3.8380246646440495,True,False,[15],[0.09014477654348146]
302,3,7044,1,0.00635466332213289,4.069720823623291,True,False,[15],[0.05941534749868676]
303,1,7252,1,0.025877085332172478,5.145692969564299,True,False,[15],[0.08348732276760815]
303,4,7044,1,0.0064856770745920014,4.07119717219984,True,False,[15],[0.05485373125212349]
303,12,6916,1,0.00808447484138337,3.863843629714087,True,False,[15],[0.12330938046649821]
304,0,1762,1,0.010116212066194166,6.269671854672792,True,False,[15],[0.0670144608828221]
305,0,1762,1,0.00939738373397707,6.3148355651425065,True,False,[15],[0.06467300559925913]
305,1,7252,1,0.007463877091488531,5.152379059474439,True,False,[15],[0.07477926709717442]
305,4,7044,1,0.006423190235127918,4.072635842932419,True,False,[15],[0.04970616311274508]
305,11,6961,1,0.010041598777499676,4.8584305563682895,True,False,[15],[0.07602243071667086]
306,0,1762,1,0.007368525849424183,6.323604115513631,True,False,[12],[0.0874559157753676]
306,7,7311,1,0.029473777736124116,9.470226603772785,True,False,[15],[0.09097199853759191]
307,1,7252,1,0.007327792817639634,5.161493355876848,True,False,[15],[0.06680715883050693]
307,9,7319,1,0.01374935186736857,3.8935386496728377,True,False,[15],[0.09300160720828157]
308,0,1762,1,0.007114063903985057,6.330308721397705,True,False,[12],[0.0839485352827996]
308,1,7252,1,0.007533836471785475,5.172515545150339,True,False,[15],[0.060935910696085636]
309,0,1762,1,0.006835093978529908,6.330467551174915,True,False,[12],[0.08027287169899869]
309,4,7044,1,0.006212753382086566,4.0733702612770974,True,False,[15],[0.04391501659993436]
310,0,1762,2,0.00511287316673303,6.335892729882029,True,False,"[7, 8]","[0.12019025138695313, 0.08188218980323615]"
310,4,7044,1,0.006199271509604764,4.078684384540223,True,False,[15],[0.04107477248509502]
310,12,6961,1,0.009660723874407104,4.846335550891834,True,False,[12],[0.09204295325987813]
310,13,6916,1,0.007027016960010803,3.869504120002956,True,False,[15],[0.08715895827163711]
311,0,1762,2,0.0043274332888028205,6.393937360571349,True,False,"[12, 15]","[0.07615555934084214, 0.049919537198198125]"
311,6,7417,1,0.06701492356229577,5.759505953471376,True,False,[12],[0.13601309787453045]
311,8,7311,1,0.007188599931310531,9.479156710195086,True,False,[15],[0.0544777715469552]
312,0,1762,1,0.007698625204336493,6.399720900942786,True,False,[8],[0.08695884673058087]
312,4,7044,1,0.006020941094485076,4.088759261403005,True,False,[15],[0.03780770204084573]
312,12,6961,1,0.007495158573303827,4.8866829711910595,True,False,[15],[0.10846740763219355]
313,0,1762,2,0.0047638868097272255,6.456721756321882,True,False,"[7, 15]","[0.11282084674134849, 0.05262836833102449]"
314,0,1762,3,0.004199474610919407,6.494548354298991,True,False,"[11, 12, 15]","[0.16100967043792477, 0.07957297341563173, 0.04710925968175582]"
314,4,7044,1,0.005877068839794394,4.100629402636615,True,False,[15],[0.03681398009592786]
314,6,7417,1,0.007146336416865452,5.807662764500622,True,False,[15],[0.13835194410387597]
314,11,7502,1,0.0547863550121484,4.154245100911599,True,False,[15],[0.0680366093747205]
315,0,1762,1,0.007219080409658656,6.567466835596051,True,False,[15],[0.05506662612596214]
315,4,7044,1,0.005955565021916854,4.124364932458081,True,False,[15],[0.034327664596325004]
315,8,7311,1,0.007009389550688055,9.490418827313533,True,False,[15],[0.048669078508671394]
315,11,7502,1,0.010340709705731177,4.145167516105378,True,False,[15],[0.06057810105851575]
315,13,6961,1,0.010873623577555105,4.8416582666519945,True,False,[12],[0.12462079467883079]
316,0,1762,1,0.006829235202993823,6.621391126349035,True,False,[5],[0.11223984184350509]
316,6,7417,1,0.01137298857749342,5.794647046564431,True,False,[12],[0.122068307184599]
316,10,7502,1,0.007706606220535383,4.1677441687771895,True,False,[15],[0.08929387523887056]
317,0,1762,2,0.004800738001425,6.622068021350613,True,False,"[8, 12]","[0.08614038496945767, 0.08282012874139995]"
317,7,7417,2,0.008168399042541049,5.7466447997426515,True,False,"[12, 15]","[0.15706443144921864, 0.08248141820886944]"
317,15,6916,1,0.008877202287484206,3.87270662896424,True,False,[15],[0.1434550614364889]
318,0,1762,2,0.0057091379191945915,6.648395658790391,True,False,"[7, 15]","[0.11006178814095231, 0.06446913187511505]"
318,18,7502,1,0.008307533418615176,4.195864834562268,True,False,[15],[0.10791543339049973]
319,1,7640,1,0.03637483608973055,6.3660707522392075,True,False,[15],[0.05534219217303348]
319,5,7044,1,0.0065414335162223385,4.183383593245983,True,False,[15],[0.08228909350231899]
319,10,7417,1,0.009256144309422334,5.684753645926736,True,False,[12],[0.10620064022665586]
320,0,1762,1,0.008048643535192797,6.704834746757907,True,False,[15],[0.058689756990808646]
320,5,7044,1,0.006559458622908529,4.251347612556851,True,False,[15],[0.07279392799570804]
321,9,1762,2,0.008099390134291526,6.753195984664342,True,False,"[8, 15]","[0.13145777644728804, 0.08857061592883507]"
321,11,7252,1,0.009007655566000994,5.179336369373419,True,False,[15],[0.05195669335462029]
321,12,7417,1,0.006977260084899046,5.752166802642767,True,False,[15],[0.0975654832229581]
321,16,6961,1,0.007771553909315926,4.835225109121772,True,False,[15],[0.09837016565794494]
322,9,1762,1,0.00832086361566581,6.814767008573448,True,False,[5],[0.12611110146768448]
322,10,7640,1,0.009433905677100592,6.29046620555644,True,False,[12],[0.09750244803732137]
322,11,7252,1,0.009230234333949493,5.188083167192306,True,False,[15],[0.04769253451589179]
322,17,6961,1,0.007267800084451631,4.829564799622437,True,False,[15],[0.08011566028869105]
323,0,7690,1,0.09214228843232884,6.199110689480921,True,False,[15],[0.05511900695672145]
323,9,1762,1,0.009284391067057984,6.869629204622773,True,False,[11],[0.04994245643798158]
323,10,7640,1,0.0095150916800087,6.211572755932409,True,False,[12],[0.08850301690083505]
323,11,7252,1,0.008664277441336722,5.2030013301632225,True,False,[15],[0.04344799249966672]
323,17,6961,1,0.007054346411001723,4.8246151286287535,True,False,[15],[0.07165573772069418]
324,4,7044,1,0.005847952931454782,4.318062052917401,True,False,[15],[0.032186079730792454]
325,10,1762,1,0.0053958455088504486,6.920590544639812,True,False,[8],[0.07796204458965976]
325,16,6961,1,0.007555240557242219,4.820384973783878,True,False,[15],[0.08749316424319563]
325,18,7252,1,0.007245328209837545,5.269499113317932,True,False,[15],[0.09601651671063247]
326,1,7643,1,0.06750491118358229,4.559886890380244,True,False,[15],[0.05092356355642948]
326,6,1762,2,0.004741558185391765,6.951430387396515,True,False,"[8, 15]","[0.14844448248705283, 0.13458641449073191]"
327,0,7690,1,0.0094272758445393,6.16486536839241,True,False,[12],[0.07903319846815371]
327,6,1762,2,0.0049687089840592885,6.9492166795649855,True,False,"[7, 8]","[0.12816717815502607, 0.13674584120105676]"
327,13,7044,1,0.005371202962309168,4.388683851852168,True,False,[15],[0.07716874121634316]
327,18,7252,1,0.007085275910265075,5.34728080908209,True,False,[15],[0.08481847371231485]
328,5,1762,2,0.004697665687986112,6.968110702999519,True,False,"[8, 12]","[0.10272140599646436, 0.1558381124764636]"
329,5,1762,1,0.006111827024271076,6.98842939590509,True,False,[12],[0.14378792190402112]
329,6,7640,1,0.010916591888175632,6.1935062676658115,True,False,[12],[0.1085613157766009]
329,17,7252,1,0.006418905226983366,5.37323560684136,True,False,[15],[0.06258756458415084]
330,5,1762,2,0.00878159159336122,7.00021496449629,True,False,"[11, 15]","[0.03234286240035434, 0.08217534894747562]"
330,6,7640,1,0.01065831376002963,6.174571471489886,True,False,[12],[0.0966752655083406]
331,5,1762,1,0.00696699008314569,7.016721782464672,True,False,[8],[0.09668845680683943]
332,0,7690,1,0.009343832565814515,6.1376921385437475,True,False,[12],[0.07218982496503339]
332,5,1762,3,0.00407881962022884,7.039427580183253,True,False,"[8, 12, 15]","[0.08869337689856391, 0.13145160262836347, 0.07838199332782896]"
333,0,7690,1,0.008286661189466199,6.137792691015213,True,False,[15],[0.049893558077842674]
333,5,1762,2,0.006324786245471403,7.039140759061641,True,False,"[8, 11]","[0.09382886092759705, 0.03573714993746159]"
333,18,7252,1,0.006909640775457476,5.471317203027657,True,False,[15],[0.0754428605195157]
334,6,1762,3,0.004165764742169817,7.065921695830037,True,False,"[7, 12, 15]","[0.11797826481570714, 0.08607272427234997, 0.1297942244276299]"
334,8,7952,1,0.06380496231359337,5.099456243246087,True,False,[15],[0.04392077921104692]
335,5,7777,1,0.03711045057508742,4.831500073580705,True,False,[15],[0.06910322862548722]
335,6,1762,1,0.0059471926338853336,7.07319525611731,True,False,[8],[0.12773646992725882]
336,6,1762,3,0.004488963210552674,7.1243016839155136,True,False,"[11, 12, 15]","[0.13736437843726754, 0.08704310614124819, 0.12084203575619976]"
338,0,7690,1,0.008324906924400664,6.1382463236269835,True,False,[15],[0.04908143766188911]
338,6,1762,1,0.008134709170542329,7.135756796447485,True,False,[12],[0.09182590832315674]
338,7,7640,1,0.01240994864951364,6.069240967871702,True,False,[12],[0.139950888287566]
339,0,7690,1,0.009619679488308117,6.100326807572029,True,False,[12],[0.06828353024703236]
339,6,1762,1,0.007362858140650783,7.207129210760519,True,False,[15],[0.1060458039006076]
339,14,7044,1,0.0057646386407149116,4.4551280096727774,True,False,[15],[0.09318547576216184]
340,6,1762,1,0.007524026669377291,7.2895487375505645,True,False,[15],[0.098215882297868]
341,6,1762,2,0.005039472005987225,7.336212518128649,True,False,"[8, 15]","[0.11614512471739176, 0.08964065180284714]"
343,6,1762,2,0.004469740981486434,7.3985629571115075,True,False,"[8, 15]","[0.11750051801172316, 0.07716931475486556]"
344,7,1762,2,0.004560598911890763,7.45618434423755,True,False,"[8, 15]","[0.10438678872994021, 0.09315549116115912]"
344,8,7640,1,0.010202919653550815,6.039325130471848,True,False,[12],[0.0791953845572841]
345,8,7640,1,0.01008417120837424,6.007530871095373,True,False,[12],[0.0722392792767844]
346,0,7690,1,0.009531884547904237,6.060341091342277,True,False,[12],[0.06189728083748743]
346,8,1762,1,0.008361684941467334,7.497442602045521,True,False,[11],[0.08577910378741084]
347,0,7690,1,0.010183649585638199,6.007884142993617,True,False,[12],[0.057312623809634436]
348,0,7690,1,0.01079013691527722,5.928663019921335,True,False,[12],[0.05279062053016203]
349,9,7640,1,0.011760928613077254,5.956577709143962,True,False,[12],[0.13199459571277347]
350,0,7690,1,0.010457460938187666,5.841829194488357,True,False,[12],[0.0494749527256134]
350,9,7640,1,0.011702490681173443,5.905852226705353,True,False,[12],[0.11894352315614971]
351,8,1762,2,0.005790902319101034,7.521801677072886,True,False,"[7, 8]","[0.12285125682929937, 0.08445066008251552]"
353,0,7690,1,0.010905453089947845,5.738456038792337,True,False,[12],[0.046680815480627386]
353,8,1762,1,0.0055889281448693266,7.704691553814916,True,False,[15],[0.043115328908106466]
355,10,8506,1,0.029527573748269077,6.129953546699558,True,False,[12],[0.0812171971096801]
356,9,1762,1,0.009490725771708387,7.847033566109818,True,False,[15],[0.07826637939963076]
357,9,1762,1,0.008753671026877246,7.992570228064072,True,False,[15],[0.06909649877639742]
358,9,1762,1,0.010049243213383829,8.120007685268567,True,False,[15],[0.07723214102395612]
359,9,1762,1,0.008930671983178184,8.272299303793144,True,False,[15],[0.06957590776291632]
360,9,1762,1,0.00909225892149865,8.2571497839381,True,False,[12],[0.1051621429076881]
361,11,1762,1,0.007011274577367779,8.446954666274948,True,False,[15],[0.036179606301754215]
362,9,8676,1,0.06624072400794842,7.153237113213398,True,False,[12],[0.09445986653860249]
363,19,1762,1,0.004967384878555283,8.642729594062041,True,False,[15],[0.08440742656402167]
364,19,8676,1,0.01130043236170844,7.07577371916261,True,False,[12],[0.07251037484552281]
366,11,8506,1,0.006658975390658659,6.136404154913311,True,False,[15],[0.03271166844834844]
367,10,8723,1,0.07179993809408797,7.04916936557171,True,False,[12],[0.07271977094847513]
367,20,8676,2,0.007505650556138585,7.034990536026605,True,False,"[12, 15]","[0.13375612238735235, 0.15547524165307114]"
368,14,8650,1,0.03461953305886397,6.44236893786075,True,False,[15],[0.08326699689440535]
368,21,8676,1,0.007304726959406534,7.027251590095175,True,False,[12],[0.0987741722800086]
369,1,8748,1,0.04075268619361585,6.662473166043895,True,False,[15],[0.04578457465532655]
370,1,8748,1,0.006134022780960019,6.661897960348565,True,False,[15],[0.04129320129527159]
372,1,8748,1,0.006101459554830402,6.664412853004716,True,False,[15],[0.03829757669330463]
372,13,8723,1,0.010772867912145235,6.955140776314911,True,False,[12],[0.11119237514319356]
372,16,8650,1,0.008798311544726397,6.409930750110859,True,False,[12],[0.1212467338823289]
373,12,8723,1,0.008220381343205562,6.932922687329073,True,False,[12],[0.08182862947685059]
377,14,8506,1,0.008473205094754375,6.103815750367499,True,False,[12],[0.06330700697492765]
380,15,8723,1,0.007454924072816561,6.964965536428323,True,False,[12],[0.1226775361608846]
382,14,9144,1,0.04689505553212532,9.02502443721819,True,False,[12],[0.05649879317388136]
383,0,9072,1,0.045623301746842586,7.113972170739672,True,False,[12],[0.04196671778442809]
383,14,9144,1,0.00864127765049927,8.985730326257858,True,False,[12],[0.0499799861824775]
385,11,9144,1,0.008852151018968175,9.026512662491303,True,False,[12],[0.10418844860026318]
386,12,9144,1,0.007817188032872242,8.999045764918566,True,False,[12],[0.07341837588768368]
390,14,9144,1,0.008384615565113312,8.978227822512038,True,False,[12],[0.043871546730667184]
391,14,9144,1,0.008225102206425855,8.95971556069431,True,False,[12],[0.03842864127040768]
393,0,9072,1,0.011123734830577499,6.995076498738824,True,False,[12],[0.03855082782232544]
393,14,9144,1,0.008455405978837332,8.940952021536559,True,False,[12],[0.03506425143470764]
394,13,9144,1,0.011090816139502814,8.841672328619644,True,False,[12],[0.09841466738305799]
395,13,9144,1,0.010996818077448933,8.747254297309414,True,False,[12],[0.08824814408012129]
400,15,9144,1,0.007213542737670782,8.750931021208547,True,False,[12],[0.1085154382916862]
402,0,9072,1,0.011070990551937845,6.875636014375215,True,False,[12],[0.035016084881553354]
404,0,9673,1,0.04806392070875318,8.92627677660046,True,False,[12],[0.031289292157744425]
405,18,9144,1,0.007331774217513241,8.841992825788543,True,False,[12],[0.09497428340354028]
406,18,9144,1,0.007264247373499155,8.938758065210354,True,False,[12],[0.08346366851219211]
407,18,9144,1,0.007228459840219645,9.039076481067339,True,False,[12],[0.07358395124633749]
409,1,9072,1,0.010725765621625201,6.794081872678108,True,False,[12],[0.1537254883437222]
412,0,9673,1,0.010722519183411102,8.794479244613632,True,False,[12],[0.027957562217849563]
414,20,9144,1,0.01054928247828121,8.947206435833492,True,False,[12],[0.117713022323887]
416,0,9673,1,0.010614002281813422,8.664796677017458,True,False,[12],[0.0259177917540548]
416,21,9144,1,0.006857910039259056,9.006863864712171,True,False,[12],[0.08636130460430776]
418,0,9673,1,0.010843955763229865,8.520326816115032,True,False,[12],[0.02429028361151792]
420,0,9673,1,0.011047520822804394,8.36559283164365,True,False,[12],[0.022265603772228346]
421,0,9673,1,0.011070773483291822,8.207830162347788,True,False,[12],[0.01969126332989205]
423,0,9673,1,0.011202000973849945,8.044757305100113,True,False,[12],[0.017548785203989434]
424,0,9673,1,0.010989429058002775,7.886873824693148,True,False,[12],[0.017238308583565773]
429,0,9673,1,0.010832396731354069,7.735926612262343,True,False,[12],[0.015706902100400766]
439,0,9673,1,0.01075400387516914,7.58689947396858,True,False,[12],[0.014317524415815948]
447,0,9673,1,0.010520056863782911,7.444533884550457,True,False,[12],[0.012854621358863205]
449,0,9673,1,0.010592260463133187,7.298578245076977,True,False,[12],[0.012252387011053644]
455,0,10824,1,0.04803277671278232,8.29361820598258,True,False,[12],[0.011022722313374495]
457,0,10824,1,0.011069502830145884,8.1233758552851,True,False,[12],[0.009717330642168913]
458,0,10824,1,0.01093879238541823,7.955848172484275,True,False,[12],[0.008679949967252909]
460,0,10824,1,0.010799172762195943,7.794546541397177,True,False,[12],[0.007728647869457564]
461,1,11016,1,0.041102765142255145,8.505548661274402,True,False,[12],[0.13462856549160385]
462,0,10824,1,0.010517716161085199,7.643681679273588,True,False,[12],[0.006915147163114795]
462,1,11016,1,0.009397560577134643,8.413630343511878,True,False,[12],[0.11789390568404344]
463,0,10824,1,0.010343707821627513,7.50165525421436,True,False,[12],[0.006442965284802662]
464,0,10824,1,0.010074982204855459,7.372485326432996,True,False,[12],[0.005727931835260711]
466,0,10824,1,0.009820858700408806,7.250987370105896,True,False,[12],[0.005177007026670865]
467,0,10824,1,0.009628283409403495,7.138748969936563,True,False,[12],[0.00466837642040417]
467,1,11137,1,0.050870577385354,8.876989241080025,True,False,[12],[0.10328991419835364]
468,0,10824,1,0.010087100132737337,7.030256485150941,True,False,[12],[0.004407458059103314]
469,1,11137,1,0.0091040824014374,8.793353115603965,True,False,[12],[0.09057019476187779]
472,0,10824,1,0.010353958638777739,6.915927885123554,True,False,[12],[0.004340026654527895]
473,0,10824,1,0.010463523195532615,6.804028791419179,True,False,[12],[0.004109549625664883]
473,1,11256,1,0.05058591778018149,7.4703808862396235,True,False,[12],[0.07935461579161569]
475,0,10824,1,0.010655668399689405,6.68670943671051,True,False,[12],[0.00398187194647354]
476,0,10824,1,0.010437351105126695,6.5636037403351,True,False,[12],[0.0034955983690424454]
476,1,11256,1,0.008700225917292512,7.387707545797346,True,False,[12],[0.06969312198126056]
477,0,10824,1,0.010349672653260382,6.4395719001791685,True,False,[12],[0.003174707110039401]
479,1,11256,1,0.008631360909496191,7.308302309343711,True,False,[12],[0.061188664262195436]
480,0,10824,1,0.009982559298396962,6.32110223074879,True,False,[12],[0.003080708605599129]
480,1,11256,1,0.008561115925375368,7.231937383108849,True,False,[12],[0.05396298383425043]
481,1,11256,1,0.008486838547066215,7.158071382430397,True,False,[12],[0.04742164144910391]
482,1,11256,1,0.008355258088226448,7.088639289371375,True,False,[12],[0.041745654340863136]
483,0,10824,1,0.010107580552053555,6.205323816395073,True,False,[12],[0.0029368787169775576]
485,0,10824,1,0.010229462643359952,6.08816672431625,True,False,[12],[0.0027484683588129754]
485,1,11256,1,0.008236124737360198,7.022537047878708,True,False,[12],[0.03668717369994221]
490,1,11664,1,0.07704929168499937,6.389088694555408,True,False,[12],[0.03231280220916137]
493,1,11664,1,0.008352928260090091,6.311238455664557,True,False,[12],[0.02861699097834835]
495,2,11737,1,0.05555671615735125,6.70360626898132,True,False,[12],[0.10707112396112362]
497,0,10824,1,0.010341004313237187,5.970297616124385,True,False,[12],[0.002470721563396875]
499,0,10824,1,0.010055492159512472,5.868130040023793,True,False,[12],[0.0023033692490176945]
500,0,10824,1,0.009873173197064041,5.777377729706617,True,False,[12],[0.002079982066200146]
500,2,11737,1,0.010188422201175096,6.6224298816298335,True,False,[12],[0.09392959475642716]
