generation,parent_idx,lineage_id,m_active,A_delta_fro,condition_number_after,shrink_applied,psd_fallback,active_js,v_norms
1,1,1,1,0.016421642902917793,1.0254766864284575,True,False,[9],[0.0369127893748734]
1,2,2,2,0.01679035579000296,1.0254766864284566,True,False,"[7, 16]","[0.029951332020892202, 0.029951332020892202]"
1,3,3,2,0.016086126092100247,1.025476686428458,True,False,"[7, 12]","[0.039418849822453104, 0.039418849822453104]"
1,4,4,1,0.015513872984120547,1.025476686428457,True,False,[5],[0.022279611785659056]
1,5,5,1,0.015560472835206833,1.0254766864284586,True,False,[7],[0.02529170754055845]
1,8,8,1,0.016169498046485237,1.0254766864284584,True,False,[7],[0.02693171361557954]
1,9,9,1,0.016307532897155724,1.025476686428457,True,False,[5],[0.026695482639285558]
1,10,10,2,0.016647164517106787,1.0254766864284572,True,False,"[7, 8]","[0.03404103413942331, 0.03404103413942331]"
1,11,11,1,0.01628571027544445,1.0254766864284566,True,False,[7],[0.03811795843638728]
1,12,12,1,0.01650925240335255,1.0254766864284584,True,False,[7],[0.017947443307717158]
1,13,13,2,0.013485125493889335,1.0254766864284581,True,False,"[8, 12]","[0.04150743495325781, 0.04150743495325781]"
1,14,14,1,0.014794726353785731,1.025476686428457,True,False,[8],[0.03955412837341483]
1,15,15,1,0.01528745272264039,1.0254766864284586,True,False,[5],[0.02744231358389935]
1,17,17,2,0.015137870090128139,1.0254766864284568,True,False,"[8, 16]","[0.015773931152797686, 0.015773931152797686]"
1,19,19,1,0.01593223282196623,1.0254766864284592,True,False,[5],[0.051037234768226414]
1,21,21,2,0.016344530945585703,1.0254766864284568,True,False,"[7, 16]","[0.028206879446705867, 0.028206879446705867]"
1,22,22,1,0.01591293548605311,1.025476686428457,True,False,[5],[0.02516024495923063]
1,23,23,1,0.01473360964772646,1.0254766864284572,True,False,[7],[0.03910876379952715]
2,0,0,3,0.015941382409778406,1.0254766864284572,True,False,"[6, 8, 15]","[0.04181949003039174, 0.04181949003039174, 0.04181949003039174]"
2,2,19,1,0.016330539570660902,1.0459309391329956,True,False,[8],[0.028404243882498414]
2,3,4,1,0.015882038058961337,1.0387377705226581,True,False,[7],[0.06235407578536385]
2,5,23,1,0.016158350888695494,1.035890039174509,True,False,[6],[0.03919058486454813]
2,6,11,1,0.016395274107748565,1.0349661126827754,True,False,[5],[0.021379464333869606]
2,7,17,1,0.016778266730933453,1.030842772188641,True,False,[8],[0.03779737939170546]
2,8,8,1,0.016051728848183507,1.0454504680677503,True,False,[7],[0.04903222888251487]
2,9,2,1,0.01576749142272318,1.0398131975335214,True,False,[7],[0.03029466878129979]
2,11,5,2,0.013821760759042512,1.025646573264938,True,False,"[7, 11]","[0.04839331629875797, 0.03387108957911018]"
2,12,13,2,0.015614862677473595,1.029729429989051,True,False,"[12, 16]","[0.030468930534526515, 0.030468930534526515]"
2,13,6,1,0.014929586899270679,1.025476686428458,True,False,[7],[0.022012235720819267]
2,14,24,2,0.02035710437971376,1.057525524433035,True,False,"[6, 7]","[0.025413547797935077, 0.025413547797935077]"
2,15,21,4,0.016450215877688343,1.0331381861683595,True,False,"[7, 9, 12, 16]","[0.036484809579074615, 0.036484809579074615, 0.036484809579074615, 0.036484809579074615]"
2,16,18,1,0.015474667496660984,1.0254766864284572,True,False,[5],[0.039885421910877995]
2,18,22,1,0.016107590962621043,1.0353181153435722,True,False,[16],[0.029891472922619417]
2,19,40,1,0.028804368395538675,1.1167184911009154,True,False,[5],[0.04696130014855413]
2,20,42,2,0.06865380895230863,1.2099461627055372,True,False,"[6, 15]","[0.036326830553687385, 0.036326830553687385]"
2,21,3,1,0.01605237968854519,1.0258294746268157,True,False,[12],[0.034543774743157674]
2,22,15,1,0.015208751939053378,1.0312604630523494,True,False,[5],[0.03474666624216054]
2,23,14,2,0.015416678632782198,1.0290288680791264,True,False,"[7, 16]","[0.05817096116269186, 0.029509781840915867]"
3,1,7,1,0.015097875810937937,1.025476686428457,True,False,[5],[0.04068770752294373]
3,3,4,1,0.016103878338214424,1.0502828900737586,True,False,[8],[0.03977679909178909]
3,4,12,2,0.015606978289477056,1.0416027873136786,True,False,"[7, 15]","[0.034510606310672466, 0.034510606310672466]"
3,6,11,1,0.015965622760827143,1.041845660388558,True,False,[7],[0.024834392506917522]
3,7,17,1,0.015802682819856004,1.039461713198487,True,False,[15],[0.037804971233986365]
3,10,16,1,0.01653201222363144,1.0254766864284577,True,False,[7],[0.05949117358945674]
3,11,5,1,0.016104482159999343,1.0347035775112474,True,False,[5],[0.015868238792852624]
3,12,52,1,0.017189146119345213,1.0493106456763721,True,False,[7],[0.04868692357735329]
3,13,13,1,0.016527470825233027,1.036961440742566,True,False,[16],[0.030801847189464514]
3,14,6,1,0.016402471885588688,1.0384773002862948,True,False,[15],[0.01888856135097351]
3,15,24,1,0.015954548118148643,1.0679301705644793,True,False,[16],[0.06544970432024691]
3,16,65,1,0.021022295561035062,1.0729034747577992,True,False,[5],[0.05592696694593554]
3,17,21,1,0.01663480215597069,1.0486902022984372,True,False,[7],[0.03612409022896456]
3,18,18,1,0.016534539937621946,1.042482277340855,True,False,[7],[0.028976558021931775]
3,19,10,1,0.016424914608580296,1.0337228619666445,True,False,[8],[0.024348308658977233]
3,22,58,1,0.031964429145723235,1.1135777178894823,True,False,[5],[0.05547102971753132]
3,23,42,1,0.017067686277781022,1.1844221840837832,True,False,[15],[0.024534545867137027]
4,0,0,2,0.013430184277962533,1.035041786667903,True,False,"[7, 8]","[0.03441433636628561, 0.050406094769819276]"
4,1,7,1,0.013706851763552397,1.0372045978601616,True,False,[8],[0.0109673547118219]
4,2,19,1,0.015739733688875022,1.055149198772005,True,False,[5],[0.03434062699206664]
4,3,74,1,0.030366442723285956,1.1964992590515902,True,False,[15],[0.029149726678174344]
4,4,4,1,0.015210946516322947,1.053929959513485,True,False,[7],[0.062457669591269444]
4,5,12,1,0.01681680128662131,1.0478265991219777,True,False,[5],[0.036064559206211835]
4,6,23,1,0.016570461538406866,1.038930444039322,True,False,[7],[0.03984656266347788]
4,7,11,1,0.013548933998439231,1.0599873590049829,True,False,[7],[0.02034533613628761]
4,8,17,2,0.01644763943212997,1.046851934365527,True,False,"[15, 16]","[0.03517314412889213, 0.03517314412889213]"
4,9,77,1,0.01949469882114467,1.070967611999201,True,False,[5],[0.056637069736235265]
4,10,8,1,0.016013257794405367,1.049929274691786,True,False,[5],[0.0402043699866667]
4,11,93,1,0.030951435424505874,1.1504172490556157,True,False,[7],[0.06312908132533375]
4,12,2,1,0.0161915797020149,1.0493259567582711,True,False,[7],[0.07061203629675367]
4,13,16,2,0.01417682318793102,1.0344021162149124,True,False,"[7, 12]","[0.05109147234507921, 0.05718950909018743]"
4,14,5,1,0.015709928866308117,1.0396218173667122,True,False,[5],[0.023379956250563747]
4,15,52,1,0.015398728297176492,1.0675785576021959,True,False,[7],[0.04629890285436258]
4,16,80,1,0.033184804799348475,1.1828789203294996,True,False,[15],[0.034084382708776395]
4,17,81,1,0.03491353168299515,1.2121077374159948,True,False,[5],[0.029937067020202962]
4,18,6,1,0.015032984477810126,1.0517634687803792,True,False,[15],[0.04080865985784678]
4,19,24,2,0.014835521385598972,1.0750021364380145,True,False,"[7, 16]","[0.038113216067613975, 0.038113216067613975]"
4,20,13,3,0.014778252242479013,1.0464845347227034,True,False,"[8, 15, 16]","[0.03970093587963476, 0.06197161672958723, 0.03970093587963476]"
4,21,18,1,0.0168382207526094,1.0455917375603,True,False,[7],[0.04041178945236305]
4,22,65,1,0.01607884675539768,1.069524864899633,True,False,[16],[0.03215410899952548]
4,23,21,1,0.014026670605297126,1.0570963043250725,True,False,[9],[0.03384601616668115]
5,0,0,2,0.01543583990659459,1.0506081093817417,True,False,"[6, 16]","[0.05962114027619049, 0.03048854819147203]"
5,1,7,1,0.015705957281374767,1.046091986686598,True,False,[7],[0.027203690882117524]
5,2,19,1,0.01620377601268892,1.0639204002212308,True,False,[7],[0.03852598843171525]
5,3,74,1,0.015180061151307989,1.2089853559967185,True,False,[8],[0.05059673192325823]
5,4,4,1,0.016439069988695088,1.0610131324351872,True,False,[5],[0.03570633668700558]
5,7,11,1,0.01598896254007543,1.0832952225912758,True,False,[7],[0.04395051398988424]
5,8,17,2,0.012985208756675973,1.0613253010493835,True,False,"[8, 15]","[0.02198356062772393, 0.045804536207366985]"
5,9,77,1,0.014989455423322159,1.0867557615643373,True,False,[7],[0.04688061788582566]
5,10,8,1,0.015248436874088294,1.0706053910140942,True,False,[7],[0.056641830795693855]
5,11,93,1,0.015112036179821153,1.176501447707231,True,False,[7],[0.0637015791343296]
5,12,2,1,0.015737975009420414,1.064806755257646,True,False,[5],[0.019569686403374142]
5,13,16,1,0.0144996449147885,1.051864868592721,True,False,[5],[0.03198469118987166]
5,14,5,1,0.015164577827262245,1.0614387451341551,True,False,[5],[0.039109209431422286]
5,15,52,1,0.015580632503398872,1.0845878853346307,True,False,[7],[0.05421356217449077]
5,17,81,1,0.015164297328011268,1.2308435468963794,True,False,[5],[0.05958165449193673]
5,18,6,1,0.016236922986152223,1.0640211087993987,True,False,[15],[0.03771439760126338]
5,19,24,2,0.015477760533929382,1.0936161952485708,True,False,"[7, 16]","[0.04708744074787961, 0.04708744074787961]"
5,20,13,1,0.01590545735543641,1.0642669540362095,True,False,[8],[0.051293566826859954]
5,21,18,1,0.01647838498861989,1.0683766644162411,True,False,[5],[0.026390723551212657]
5,22,65,1,0.01613149700168873,1.0687597858054658,True,False,[5],[0.05766503774317351]
5,23,21,1,0.016493573196677404,1.066137982716391,True,False,[12],[0.028974391015201915]
6,0,0,3,0.01469755372020777,1.0645069100138862,True,False,"[7, 8, 15]","[0.06916836977113508, 0.08573314453967748, 0.07373505736192541]"
6,1,7,1,0.01610641939925271,1.0465770053961712,True,False,[8],[0.02101363827138909]
6,3,74,1,0.015443224465265698,1.208962294729707,True,False,[7],[0.05660762456341179]
6,4,4,1,0.01624813214528084,1.0619808586447068,True,False,[8],[0.023281918096237173]
6,6,23,2,0.012486139748169924,1.0493790186910468,True,False,"[6, 7]","[0.030693814282704443, 0.040045145784644916]"
6,8,17,1,0.01594616743772622,1.0680907611720334,True,False,[16],[0.04613357813762672]
6,10,77,1,0.01603456094876965,1.1066576155165297,True,False,[7],[0.056959406227525745]
6,12,93,1,0.015389834891833043,1.1950786844559167,True,False,[7],[0.0863687499353979]
6,13,2,1,0.014784653718744229,1.0784368114182372,True,False,[5],[0.05493468451660327]
6,14,16,1,0.016231031550211456,1.058634522913658,True,False,[7],[0.021463133077224503]
6,15,5,1,0.01586554482202013,1.0783217758046952,True,False,[7],[0.05010174523930319]
6,16,52,1,0.015533472777946745,1.0799501639897993,True,False,[5],[0.0655438168114587]
6,17,80,2,0.015753532369058548,1.1820685829711874,True,False,"[7, 15]","[0.0625972176900401, 0.03392942003942962]"
6,19,6,1,0.015732860136758352,1.072062306350141,True,False,[7],[0.04512819028751076]
6,20,24,1,0.016262071104014727,1.1000761292231864,True,False,[16],[0.0560528926579655]
6,21,13,1,0.015871138989364122,1.066439007691831,True,False,[8],[0.042705732369293405]
6,22,18,1,0.015439101222637891,1.0734678192319473,True,False,[5],[0.06100713242042923]
6,23,126,1,0.06271699235654841,1.2068320873625906,True,False,[5],[0.03722994894605063]
7,0,0,1,0.01621218123309365,1.0703631966805476,True,False,[7],[0.06812338063871105]
7,1,7,1,0.016214241908168937,1.0522284215898114,True,False,[8],[0.04319005834163917]
7,4,74,1,0.01580172960282458,1.2023781656724575,True,False,[5],[0.0481954363534957]
7,5,153,1,0.03995344279671552,1.3155155735945707,True,False,[7],[0.05101030981236783]
7,6,155,1,0.04320009161095741,1.1776751277497763,True,False,[15],[0.028132586224968066]
7,7,12,2,0.010584908985824421,1.0528846407601895,True,False,"[7, 8]","[0.03766744229965789, 0.04367518483681107]"
7,8,23,1,0.01575853641397141,1.0666432541995547,True,False,[7],[0.05320646206436594]
7,9,11,1,0.01506177562425685,1.0921714047533135,True,False,[7],[0.06306741118243994]
7,10,17,1,0.016268551856529197,1.0717257943080534,True,False,[7],[0.07369015682158984]
7,11,4,1,0.015788130337332163,1.0632016971943445,True,False,[7],[0.08451345684428968]
7,12,77,2,0.011317176609347957,1.1130426443772827,True,False,"[6, 7]","[0.024477615413101207, 0.077667154953515]"
7,13,8,1,0.015519183787834172,1.0918345127560747,True,False,[5],[0.08239644919221996]
7,15,2,1,0.014433543821403197,1.0946592844109657,True,False,[7],[0.05114794082610388]
7,16,16,1,0.01555286555207704,1.0696133216270447,True,False,[12],[0.04242247032401891]
7,17,5,1,0.015771762164944372,1.1000622766160189,True,False,[11],[0.042094457128890574]
7,18,52,1,0.01555074371863656,1.084133775909647,True,False,[15],[0.05009323106696754]
7,19,136,3,0.019023723873427514,1.1890526776584667,True,False,"[15, 16, 17]","[0.053057013152379345, 0.06556238472237767, 0.053057013152379345]"
7,20,80,1,0.015466133849425308,1.1839718190137754,True,False,[5],[0.008369718247753241]
7,21,81,1,0.015956945913615895,1.2333476497918705,True,False,[8],[0.05995674194047065]
7,22,6,1,0.015991587075221223,1.0748601242416522,True,False,[5],[0.077571195313387]
7,23,24,2,0.014075314524624188,1.0940317104465425,True,False,"[6, 15]","[0.02999438401101831, 0.045475476445038514]"
8,0,0,1,0.014763682225649583,1.0943087229057715,True,False,[15],[0.0871424668523607]
8,1,7,1,0.015446503205702672,1.0655136526937825,True,False,[8],[0.05800902341277235]
8,3,19,1,0.016268634735859235,1.0749115496208015,True,False,[5],[0.025396640101676585]
8,4,74,1,0.01557916919924485,1.2192163894582255,True,False,[7],[0.06367736717059545]
8,7,12,1,0.016313737481498045,1.05275877632706,True,False,[7],[0.04964705230612748]
8,8,23,1,0.015948819791812223,1.0870768508307334,True,False,[7],[0.052811436708939216]
8,10,17,1,0.015724459329295365,1.0722891467922315,True,False,[15],[0.03036399783187323]
8,11,4,1,0.015929239848278327,1.0651877410227828,True,False,[5],[0.03318521392039235]
8,12,77,2,0.011536586383113364,1.1183139629513792,True,False,"[6, 7]","[0.0436971703134397, 0.0743863609744937]"
8,13,8,1,0.015823052537515606,1.1166287923317484,True,False,[5],[0.09050409236964002]
8,14,93,1,0.013732884633788132,1.213742553867263,True,False,[5],[0.034746777129719394]
8,15,2,1,0.016439325710265934,1.1007161778973726,True,False,[5],[0.030506163699537656]
8,16,16,1,0.016463122011836747,1.0783775824049138,True,False,[7],[0.04710502943230355]
8,18,52,1,0.015324201383312898,1.0853888623782306,True,False,[5],[0.03903957753904451]
8,19,136,1,0.015321329558036856,1.1987232253683837,True,False,[15],[0.06451959574803168]
8,20,80,2,0.012801563545274498,1.1833120934019183,True,False,"[7, 15]","[0.032250791557882894, 0.06926323591392128]"
8,22,6,1,0.01655745256741853,1.0797535364604895,True,False,[5],[0.08765043634616096]
8,23,24,1,0.01598373416184221,1.0971369873926708,True,False,[6],[0.03747110581814208]
9,0,0,4,0.011897217738424136,1.109578808930186,True,False,"[6, 7, 8, 16]","[0.07795925442509213, 0.0794754884874645, 0.09771808092119075, 0.05403218059854693]"
9,1,7,1,0.016079775043063148,1.0678989943213293,True,False,[7],[0.04002864469895314]
9,2,146,2,0.012738496358211353,1.0791158728722532,True,False,"[7, 8]","[0.05023212956442471, 0.04750733066517685]"
9,3,19,1,0.016146238062204978,1.095745906978058,True,False,[5],[0.04718466777884818]
9,4,74,1,0.015200839327159541,1.2408028021458994,True,False,[5],[0.06382176441626992]
9,7,12,2,0.01459354192150244,1.0538101130966828,True,False,"[6, 7]","[0.05437410131712922, 0.07072106520235995]"
9,8,23,1,0.014492664748234149,1.096092111696569,True,False,[5],[0.027445560351293346]
9,10,17,2,0.014276844676580408,1.0689614717089935,True,False,"[8, 15]","[0.05192906300786343, 0.045642448969238095]"
9,12,8,1,0.014922044394535981,1.1245812095873973,True,False,[7],[0.07441849878018637]
9,14,2,1,0.01541559389945249,1.1161961709447776,True,False,[5],[0.04794896685057767]
9,15,16,1,0.014387365814784146,1.0883414309755584,True,False,[7],[0.058404621495868135]
9,16,5,1,0.0152477429605119,1.1164103570884536,True,False,[11],[0.034563181158216154]
9,18,4,1,0.016010707039522773,1.0655720160838333,True,False,[12],[0.03633071149712687]
9,19,77,1,0.013244943969150354,1.1102125106939154,True,False,[16],[0.0825483804174786]
9,20,80,1,0.013433670307999517,1.1884992757369433,True,False,[5],[0.03092985053684177]
9,22,6,1,0.015669544448933866,1.091920644345017,True,False,[7],[0.0200190374611046]
9,23,24,2,0.011385931748642325,1.1006568112826278,True,False,"[6, 16]","[0.032053078088416634, 0.03818769195192098]"
10,0,0,1,0.015763700732559068,1.1271769115848722,True,False,[7],[0.08361359537357282]
10,2,7,1,0.015072276247197623,1.0824840594898402,True,False,[8],[0.05422648958214197]
10,3,237,1,0.024905883532858778,1.267034813828276,True,False,[8],[0.05890379022124216]
10,8,153,1,0.015404043021562902,1.3154120942733794,True,False,[5],[0.05627370921189241]
10,9,155,2,0.014435834497632744,1.1782117292763477,True,False,"[7, 15]","[0.08044505407108588, 0.03774408078932411]"
10,11,23,1,0.01630722137249658,1.1012302339609865,True,False,[5],[0.05201945548754412]
10,13,17,2,0.01206191717644988,1.086441597210615,True,False,"[15, 16]","[0.015038643551822434, 0.030406986147036862]"
10,14,225,1,0.09581530271369898,1.3957381148662973,True,False,[5],[0.05281346572159816]
10,15,198,1,0.031153570399415492,1.252187588795508,True,False,[7],[0.07261712399087505]
10,16,8,2,0.01600815483333918,1.1300294701701001,True,False,"[8, 17]","[0.050287122180488336, 0.050287122180488336]"
10,17,93,1,0.014509634310041798,1.2330087378505954,True,False,[5],[0.0625977941376984]
10,18,221,1,0.017103616650034573,1.3769869425489387,True,False,[7],[0.05397488981437764]
10,19,16,1,0.014863508086853138,1.112122916820031,True,False,[5],[0.04004344467853809]
10,20,5,1,0.01612302261877394,1.1156666294323598,True,False,[11],[0.0444610066160083]
10,21,52,1,0.015192143012638055,1.0871731199213102,True,False,[6],[0.03725647062616066]
10,22,4,1,0.015938640564233775,1.0859270914648669,True,False,[5],[0.09210681416127807]
10,23,24,1,0.015573353060569756,1.1144377521570288,True,False,[6],[0.0462862942209086]
11,0,0,3,0.012417147592025416,1.1490594194431143,True,False,"[6, 7, 15]","[0.08776942312955686, 0.09522792991914278, 0.09896601716593949]"
11,1,233,1,0.047079585053207494,1.2413476301543571,True,False,[8],[0.06729243485807222]
11,2,7,1,0.015617453273345723,1.1032001673018312,True,False,[8],[0.06543173633164459]
11,3,237,1,0.014502224292949778,1.2862139236152488,True,False,[7],[0.06818698349757181]
11,5,146,1,0.01531872188973093,1.0849664347307584,True,False,[7],[0.06341711220396452]
11,6,19,1,0.015726201763443387,1.1055122418835641,True,False,[5],[0.04372204784531608]
11,7,74,1,0.015608738400257463,1.232645872185921,True,False,[7],[0.07291207874022085]
11,8,153,1,0.014554938964726987,1.3187359649318708,True,False,[5],[0.05536828952016274]
11,9,155,2,0.014719004715368331,1.1776344605512898,True,False,"[7, 17]","[0.10223738486369721, 0.043030074440251635]"
11,10,12,1,0.0145845781612791,1.0521941648821116,True,False,[6],[0.0334451386730916]
11,11,23,1,0.014776208381307976,1.1071234463887833,True,False,[7],[0.06969491011106548]
11,12,11,1,0.015180635314726885,1.0930887662127249,True,False,[7],[0.07622838114125575]
11,13,17,3,0.01237019589814206,1.0997544734838276,True,False,"[8, 15, 16]","[0.04115341856144424, 0.05559851664832725, 0.05654444879536278]"
11,14,225,1,0.015563555017527732,1.4019077518470755,True,False,[7],[0.03400282398054045]
11,15,198,2,0.01197522654313354,1.2548265710632143,True,False,"[7, 8]","[0.07595414319892899, 0.037180886474865345]"
11,16,8,2,0.010559164426054556,1.1380355051873876,True,False,"[7, 17]","[0.047460851815605914, 0.04230424127497287]"
11,18,221,1,0.014000204942028863,1.4017561010174615,True,False,[7],[0.04057601498183857]
11,19,16,1,0.016064607175607423,1.1145088563783339,True,False,[7],[0.07481939195173591]
11,23,24,3,0.010521893653871453,1.1220323354513644,True,False,"[6, 7, 16]","[0.04676558111342833, 0.06437730593681405, 0.05801372941706822]"
12,0,0,1,0.01599632051936008,1.1666042432191788,True,False,[6],[0.09400924133928767]
12,2,7,2,0.011666557160809695,1.1137397183351259,True,False,"[8, 15]","[0.06806144199421979, 0.03473652410959913]"
12,3,237,1,0.014500107477010592,1.3091822218558813,True,False,[7],[0.08322184177845272]
12,4,222,1,0.0698839259479366,1.3715556576065866,True,False,[5],[0.061753335721595845]
12,5,146,1,0.014186693197874679,1.1069922469338003,True,False,[7],[0.05554234704513306]
12,6,19,1,0.015727662337526194,1.1073058636840984,True,False,[12],[0.03831849979291396]
12,7,74,1,0.015826802910206175,1.2431617334210077,True,False,[5],[0.033182900931361545]
12,8,284,1,0.043230160412128855,1.2652425183926967,True,False,[5],[0.058315200956501306]
12,9,155,3,0.012258115220942351,1.1819864166810605,True,False,"[7, 8, 15]","[0.09885467225438287, 0.04417588366730186, 0.05785650919426626]"
12,12,23,2,0.012311329831872941,1.1074855189827049,True,False,"[7, 16]","[0.07572631258760433, 0.04529984257479384]"
12,13,11,1,0.01611949663385381,1.095519952247696,True,False,[8],[0.05731191495761208]
12,14,17,3,0.013062561747408155,1.0974951566771274,True,False,"[7, 8, 15]","[0.06376331511160593, 0.054704559581715995, 0.04627067572707574]"
12,15,225,1,0.014907590429197043,1.4033173901890486,True,False,[7],[0.08358126537505832]
12,16,153,1,0.014150248100189564,1.3169864895249752,True,False,[17],[0.08265493202371135]
12,17,8,1,0.01493684923259378,1.150070664757035,True,False,[5],[0.0645090485983647]
12,19,221,1,0.013651813651391776,1.4106976787383783,True,False,[15],[0.08321792378563089]
12,21,5,1,0.01522987818829208,1.1134700735657828,True,False,[16],[0.03926771025062751]
12,23,198,2,0.010551625486994952,1.2722855620640525,True,False,"[7, 17]","[0.06449703341350717, 0.025378616848833073]"
13,0,0,1,0.015107557350244723,1.1688964004656206,True,False,[5],[0.025621298186181748]
13,2,7,1,0.01542196653382596,1.1409002418410636,True,False,[8],[0.0748096081938295]
13,3,237,1,0.015498170549364624,1.3073256895142862,True,False,[5],[0.06163829267640583]
13,4,222,1,0.014107213984028335,1.3989687727627638,True,False,[5],[0.07234358224760083]
13,7,308,1,0.053884625634436356,1.2535956249012552,True,False,[12],[0.039986985943543836]
13,8,74,1,0.014360854309160124,1.2577000300318286,True,False,[5],[0.07197144039601017]
13,9,284,2,0.010970892984110482,1.2688488327329615,True,False,"[7, 11]","[0.0978963803696383, 0.033267476730587296]"
13,10,155,1,0.0163287332616165,1.1763741958015714,True,False,[8],[0.07613065934915383]
13,11,12,1,0.01440264493633333,1.061972258508197,True,False,[7],[0.07910931410422857]
13,12,285,1,0.04461108140991074,1.2211891320534116,True,False,[5],[0.04277219873527974]
13,13,23,2,0.014199701000360403,1.1135309373325828,True,False,"[6, 7]","[0.04229278535532658, 0.06846971094587069]"
13,14,11,1,0.015339103797577995,1.097860870065221,True,False,[7],[0.06069520902567589]
13,15,17,1,0.014954077853744996,1.1162276861464027,True,False,[16],[0.07155711207892605]
13,16,225,1,0.015218443383317463,1.4045030833070629,True,False,[5],[0.07240166769790997]
13,18,289,1,0.06595861495503527,1.3446446300680555,True,False,[7],[0.059404188629585554]
13,19,8,1,0.013561611888156605,1.1581359274614522,True,False,[15],[0.08078371505057119]
13,21,221,1,0.015161848100526744,1.3935478346593733,True,False,[8],[0.08304079722789133]
13,22,16,2,0.014890068733681774,1.1259838918370197,True,False,"[7, 12]","[0.04696873434785498, 0.03924996521266975]"
13,23,299,2,0.02188789956175595,1.226858037546259,True,False,"[7, 15]","[0.08118196477330676, 0.07309795175000662]"
14,0,0,1,0.014310414092931429,1.1938643531494186,True,False,[15],[0.09732453857035128]
14,3,237,1,0.01503510678428997,1.298129550340047,True,False,[5],[0.07261044717576763]
14,4,222,1,0.01602165260988594,1.3994426912758784,True,False,[8],[0.060845510953099376]
14,5,146,1,0.016237711825127538,1.1076466631880846,True,False,[8],[0.03170750658801192]
14,7,308,1,0.01630489669961646,1.252897442677134,True,False,[5],[0.06100133456551596]
14,8,74,1,0.01494910237759856,1.2618786763021885,True,False,[7],[0.05294328611633485]
14,9,284,1,0.015288278424154951,1.2784915139307427,True,False,[5],[0.05480874000934006]
14,10,155,1,0.012859677067794163,1.1813539308471512,True,False,[17],[0.036160729611922626]
14,11,12,1,0.01532994947344719,1.079967724599057,True,False,[7],[0.09154389041001004]
14,12,285,1,0.015016190426551319,1.2285311041000453,True,False,[5],[0.04364914614194393]
14,13,23,1,0.01575616723819635,1.1315302105618217,True,False,[7],[0.07469672244058986]
14,14,11,1,0.014292799040457393,1.1137204619897574,True,False,[5],[0.06165874040981204]
14,15,17,1,0.015809837957588856,1.1179233629444614,True,False,[8],[0.061426012987881355]
14,16,225,1,0.01421533122673266,1.4249982296744372,True,False,[7],[0.05477824308074706]
14,18,289,2,0.011685234730353765,1.3518561250914332,True,False,"[7, 8]","[0.06172070040484638, 0.026250395211499022]"
14,19,8,2,0.011997688933259946,1.1551759097998235,True,False,"[7, 16]","[0.0718099696282486, 0.09892471839503983]"
14,20,93,1,0.01557171789811787,1.2419230561339352,True,False,[7],[0.029985412050014943]
14,21,221,1,0.014534492863163516,1.3977587176877548,True,False,[7],[0.04920290538845026]
14,23,332,1,0.06491065803909121,1.3530943773785817,True,False,[5],[0.06246102412248349]
15,0,0,1,0.01519076131962863,1.2116024218568728,True,False,[7],[0.08414515337995794]
15,3,237,1,0.014205244209163382,1.3008757591626388,True,False,[8],[0.06071897679234209]
15,4,222,1,0.015250755921072919,1.3993789927328182,True,False,[17],[0.05297510095490877]
15,5,146,1,0.015885372856452362,1.1232727682733714,True,False,[8],[0.040307594799372244]
15,6,19,1,0.01546086118693178,1.1067439186783679,True,False,[8],[0.027027633300363334]
15,8,74,2,0.009527128100388195,1.2719803666451204,True,False,"[7, 15]","[0.05454415090971032, 0.0567916077854809]"
15,11,12,1,0.0159707102617473,1.0831566037276046,True,False,[5],[0.05764735821188669]
15,12,285,1,0.014783194892019227,1.237162364652861,True,False,[8],[0.02483524715647143]
15,13,23,1,0.01586619307743526,1.1535795156575295,True,False,[16],[0.07121739219518887]
15,14,11,1,0.015436282351552292,1.1226143672365656,True,False,[7],[0.0613789127695266]
15,15,17,2,0.01128011684898261,1.1331768385430072,True,False,"[8, 16]","[0.0743625642215959, 0.07844172546769561]"
15,16,225,1,0.0156326587743315,1.4354136473498018,True,False,[5],[0.06937610332743988]
15,17,153,1,0.011968389986784228,1.3455229733249845,True,False,[5],[0.07035081765241391]
15,18,289,1,0.013418560750249652,1.371943931131019,True,False,[7],[0.06291959716932657]
15,19,8,1,0.01604240560979125,1.1543934147642192,True,False,[17],[0.06383952971500778]
15,20,93,1,0.015586921951998768,1.2409500398648878,True,False,[5],[0.03240559212758649]
15,21,221,1,0.014656692615794288,1.3989540371012166,True,False,[17],[0.03162643787685766]
15,22,299,2,0.013355752305137742,1.2212893316402467,True,False,"[7, 15]","[0.061421927637482464, 0.03490802412244025]"
15,23,332,1,0.014908401268300264,1.3624795271941759,True,False,[7],[0.10135697965048747]
16,0,0,1,0.015712642388916793,1.2238340395799108,True,False,[6],[0.07364178863826056]
16,1,233,1,0.01511781351696074,1.2537116161625528,True,False,[8],[0.07553202529254141]
16,2,7,1,0.014445540070602395,1.1670992241895959,True,False,[8],[0.07420527498493268]
16,3,237,1,0.014236934449331336,1.3285469849239642,True,False,[7],[0.07788597784652519]
16,4,222,1,0.013927813112107987,1.4267872054305881,True,False,[5],[0.08238635615037337]
16,7,308,1,0.01530744152354816,1.25802969612265,True,False,[7],[0.06899862007176538]
16,9,284,1,0.015392699570470606,1.2803326448818837,True,False,[11],[0.05132011883633024]
16,10,155,1,0.013611903513276931,1.1752920937330376,True,False,[15],[0.056560054556007544]
16,11,12,1,0.016089205678289593,1.0803331260533244,True,False,[8],[0.032665418511413906]
16,14,11,1,0.014311612823402651,1.1484668216620795,True,False,[5],[0.07832496653992738]
16,16,225,1,0.01544578763289521,1.4513423036246662,True,False,[5],[0.08772023608599104]
16,17,153,1,0.013947632983232235,1.3653289964319633,True,False,[5],[0.08980166188582857]
16,18,289,1,0.016476268749265683,1.3608036553858465,True,False,[16],[0.03979478179469593]
16,19,8,1,0.015212324052732552,1.1731123982441656,True,False,[5],[0.04168278380989416]
16,20,370,1,0.027790894353346234,1.2224525363636176,True,False,[5],[0.0645871639752257]
16,21,221,1,0.014900219686886106,1.4125880088260476,True,False,[7],[0.054042852232273786]
16,22,299,1,0.01311773075374228,1.2168991456805534,True,False,[15],[0.07783675654977916]
16,23,332,1,0.0147529358748916,1.3780119983852008,True,False,[7],[0.09347898923255024]
17,0,0,2,0.01297862186598836,1.2437493174185181,True,False,"[7, 15]","[0.08620733740173958, 0.10131018453966997]"
17,1,233,1,0.014699858442816202,1.262167315871686,True,False,[7],[0.061062138167002546]
17,2,7,1,0.015234758719868903,1.1656815497090438,True,False,[7],[0.06578749856711505]
17,3,237,1,0.01457196827814852,1.3362715235623082,True,False,[8],[0.07742018853150416]
17,5,146,1,0.01619273975089761,1.1303698283537218,True,False,[5],[0.04436318957952313]
17,7,308,2,0.010229568660916278,1.263774811033616,True,False,"[7, 12]","[0.0690721635721427, 0.06532047514649914]"
17,8,74,1,0.01507193508142417,1.2559855344347346,True,False,[8],[0.044150890562401825]
17,10,155,1,0.015102666585820457,1.2025926015503139,True,False,[7],[0.08015978523355886]
17,11,12,1,0.015410051656517527,1.0798388011828834,True,False,[8],[0.038911989600949354]
17,12,285,1,0.014635514760622786,1.2530494268782768,True,False,[7],[0.08717826964599398]
17,13,390,2,0.02511308194643214,1.1513655450335356,True,False,"[7, 15]","[0.09072776996429048, 0.0519036767287438]"
17,14,17,1,0.012845660446316087,1.131157709854159,True,False,[16],[0.03245545351194414]
17,15,225,1,0.015418799845143981,1.4377597059540401,True,False,[5],[0.043882954339929996]
17,16,153,1,0.01474562701045285,1.385868454894248,True,False,[5],[0.07675316742380242]
17,17,392,1,0.08573951169583832,1.4839621445856133,True,False,[15],[0.03421479641389559]
17,19,221,3,0.010374765100719377,1.4195303540109867,True,False,"[7, 8, 15]","[0.08604124108990381, 0.05571511521218233, 0.09789765399043823]"
17,20,23,2,0.013475730964395867,1.1548989066053748,True,False,"[6, 7]","[0.05072132030064044, 0.03286267685122709]"
17,21,11,1,0.015491445711190797,1.1549458322873403,True,False,[5],[0.03773597565719428]
17,22,332,2,0.011735378831162787,1.3794593061169644,True,False,"[7, 16]","[0.06633199286693707, 0.05942997073546445]"
17,23,399,3,0.010942800680155408,1.1358944487742528,True,False,"[7, 8, 16]","[0.08472878886811093, 0.0342040402680203, 0.08099321648690566]"
18,0,0,2,0.012605854489687415,1.2572308428350716,True,False,"[6, 15]","[0.08157590614770335, 0.11282139171836421]"
18,1,233,1,0.015319572432149927,1.2780629959486014,True,False,[8],[0.07907423229063136]
18,2,7,1,0.01327232192890857,1.1904823597939025,True,False,[8],[0.07356964367299709]
18,4,222,1,0.015703460608624955,1.4244604723995042,True,False,[17],[0.07730638449288732]
18,5,146,1,0.013962121493220278,1.155398303062174,True,False,[7],[0.06783154761201146]
18,6,19,1,0.015073064977590887,1.127236927279013,True,False,[5],[0.032625250278894194]
18,7,308,2,0.01307699683865352,1.2696501369155815,True,False,"[7, 12]","[0.10114750786519537, 0.10598501018774639]"
18,8,74,1,0.013763662509955052,1.2579329206503602,True,False,[15],[0.06945475039061344]
18,9,284,1,0.01524169276446739,1.3033171931974317,True,False,[5],[0.06595421467498269]
18,11,12,1,0.01511014298620708,1.0913903015305235,True,False,[7],[0.10663820286425864]
18,14,17,1,0.0156077640032459,1.1306543900830326,True,False,[16],[0.05265665856881858]
18,15,225,1,0.014998134597722692,1.437572675428472,True,False,[7],[0.10555165179476723]
18,16,153,1,0.014727263216584291,1.3795565718616791,True,False,[8],[0.07683771751209997]
18,17,392,1,0.014957058536572818,1.4794879894201884,True,False,[15],[0.0577970148380541]
18,18,370,1,0.016913346183194976,1.2352011290818223,True,False,[7],[0.07990601098861741]
18,19,221,2,0.010740974239393256,1.4165431809107387,True,False,"[7, 17]","[0.08868774482995102, 0.09039173659439305]"
18,20,23,1,0.013342257401831894,1.1720408820498651,True,False,[7],[0.04204414456646525]
18,22,332,1,0.014388016693539719,1.4070331462772443,True,False,[5],[0.09285612272486325]
18,23,399,2,0.011277315825636623,1.1392108784030308,True,False,"[7, 16]","[0.09036711148754951, 0.08173084677953933]"
19,0,0,2,0.013026342317830291,1.2717945562679316,True,False,"[6, 15]","[0.08742192454961921, 0.11336982826261242]"
19,1,233,1,0.015560217462989205,1.296214091563871,True,False,[8],[0.08737490766304262]
19,2,7,1,0.014032117207114876,1.209489514666381,True,False,[8],[0.07165065519651811]
19,3,237,1,0.015364337168805035,1.3276846596852974,True,False,[5],[0.07661489349081695]
19,5,146,1,0.016179872059272016,1.1598489646661523,True,False,[5],[0.05444183941889549]
19,6,19,3,0.01296895399818349,1.1419894201560983,True,False,"[7, 8, 15]","[0.06132125558133227, 0.04635333406472503, 0.036603242052711496]"
19,7,308,2,0.013412773085192925,1.285558741922435,True,False,"[7, 12]","[0.10128469076100415, 0.09935267978139285]"
19,10,155,1,0.014453202960470807,1.2259371966622925,True,False,[5],[0.07828968357158315]
19,13,390,2,0.009497081376749249,1.1456694266637495,True,False,"[12, 15]","[0.05532211489894078, 0.062499602847508225]"
19,14,17,3,0.010904768365017109,1.1395451501597866,True,False,"[8, 15, 16]","[0.06729634715008566, 0.05612804145790484, 0.06628402541070538]"
19,15,225,1,0.014754083972304653,1.4384564000164601,True,False,[7],[0.11185547564839772]
19,17,392,1,0.014947420788678046,1.4851414752359902,True,False,[15],[0.06960946023432488]
19,18,370,1,0.018382129480007944,1.2281589289148278,True,False,[17],[0.05243197284231911]
19,19,221,1,0.012808596256885603,1.440764183094791,True,False,[7],[0.07562648478696685]
19,20,23,2,0.012017355318006948,1.178075110618394,True,False,"[7, 16]","[0.06809499119864897, 0.06419230135101035]"
19,23,399,1,0.015680962146034066,1.1570412241249204,True,False,[8],[0.048675466315104075]
20,0,472,2,0.0432128095033774,1.485957431016651,True,False,"[7, 8]","[0.08601892941627098, 0.0944942626641762]"
20,2,237,1,0.014023757498358725,1.3325149872014004,True,False,[8],[0.07954822725889447]
20,4,146,1,0.01582707731395824,1.1670367827213497,True,False,[8],[0.06722687015947866]
20,5,19,1,0.014792288104997671,1.1470279129274896,True,False,[5],[0.06355541088450045]
20,6,308,2,0.010744693558412396,1.2866049092795664,True,False,"[7, 12]","[0.06468637123542315, 0.05995717971956728]"
20,7,74,1,0.015266836316676222,1.2578732772479964,True,False,[15],[0.05046730855065211]
20,9,233,1,0.014099245543642768,1.3010482306285878,True,False,[8],[0.0667939087410595]
20,10,285,1,0.014729690149313466,1.2528697116807952,True,False,[15],[0.08765934264317156]
20,12,17,3,0.011289528204322581,1.132847402224416,True,False,"[7, 8, 16]","[0.09668932089256069, 0.04785876533910416, 0.05527856227937665]"
20,13,225,1,0.013981057464064355,1.4562902312349495,True,False,[7],[0.09971926278539552]
20,15,155,2,0.013702218001283746,1.2282212643696202,True,False,"[8, 15]","[0.09316126863129517, 0.04547452426352023]"
20,16,12,1,0.01416862243835147,1.1186071286856032,True,False,[7],[0.07510319590787277]
20,17,23,1,0.015346118659556717,1.1816131167587598,True,False,[6],[0.032162361375482916]
20,19,332,1,0.014494332244519329,1.4273852783711471,True,False,[7],[0.08374912093126827]
20,20,399,1,0.01461486121217263,1.1558965233096903,True,False,[7],[0.07645318994625333]
20,21,153,1,0.015025671511870297,1.3870177185730324,True,False,[7],[0.07264490968226885]
20,22,392,1,0.01407211460360365,1.473751605759549,True,False,[15],[0.07766728236566417]
20,23,221,1,0.014570235328247083,1.4385745038995852,True,False,[17],[0.03638855916648695]
21,0,472,2,0.01274216280589034,1.5089128359380461,True,False,"[7, 8]","[0.09468411748861622, 0.10553227068024013]"
21,1,491,1,0.030199792228944998,1.210341375078578,True,False,[12],[0.026760091752838246]
21,2,19,1,0.014027192087524024,1.1583295551386916,True,False,[7],[0.06404804484755278]
21,3,308,1,0.015082375513844646,1.2990768907008272,True,False,[5],[0.0767668416799374]
21,4,74,1,0.013657255174517009,1.282883494744346,True,False,[5],[0.09197974140604546]
21,5,0,1,0.015573127957725415,1.275710701407547,True,False,[6],[0.03387289421017834]
21,6,233,3,0.014821733465482885,1.2974622459669083,True,False,"[7, 8, 15]","[0.10307710468810037, 0.08051425422051901, 0.07357633459760321]"
21,8,237,1,0.013458775938602213,1.3565483468384079,True,False,[7],[0.06977556422457984]
21,11,390,2,0.014662036377479159,1.1484078863362368,True,False,"[7, 15]","[0.11722082749427302, 0.027739592643792596]"
21,13,225,1,0.01523693856934312,1.4767204435996717,True,False,[5],[0.09303192616387176]
21,14,284,1,0.01621548818104077,1.2847833406139528,True,False,[12],[0.018461608146827284]
21,15,155,2,0.01287298685167928,1.2280644633767241,True,False,"[8, 17]","[0.10928610704251185, 0.06012275783496479]"
21,16,12,1,0.01597339493063604,1.1235099855584538,True,False,[5],[0.08444888805921319]
21,17,285,1,0.015724097804814006,1.2575224514751069,True,False,[16],[0.04882664992978101]
21,19,11,1,0.015108617343778198,1.1762206679180671,True,False,[7],[0.07442298379392652]
21,22,153,1,0.014381291800107965,1.4017798245156812,True,False,[5],[0.09055867160230618]
21,23,23,1,0.01567090398972898,1.1820610368328874,True,False,[5],[0.09027566440597451]
22,0,472,1,0.01228779358675206,1.53738807549763,True,False,[7],[0.08746097172862201]
22,1,514,2,0.10948986808958217,1.5213411192319033,True,False,"[7, 17]","[0.07188892946812371, 0.050346417925536374]"
22,2,491,2,0.00988079964375813,1.2112139973312717,True,False,"[7, 8]","[0.06439095263729608, 0.09113529799873371]"
22,3,19,1,0.014732670894245525,1.1581157588821913,True,False,[8],[0.0922895713502859]
22,4,308,2,0.015496790466929046,1.2982617430382826,True,False,"[7, 12]","[0.09990110456337277, 0.046821326132421]"
22,5,74,2,0.012915997430836788,1.2965788817761676,True,False,"[7, 15]","[0.08344691386922273, 0.055812492426694706]"
22,6,0,2,0.0145511575758561,1.2865850497895426,True,False,"[6, 15]","[0.03515550313518475, 0.07440239452670228]"
22,7,233,1,0.014090469147285054,1.3120616612080285,True,False,[7],[0.11063050138214953]
22,8,7,1,0.0154025679418788,1.2155104042621547,True,False,[8],[0.05249392949432894]
22,9,237,1,0.013384477786080212,1.378271993743725,True,False,[7],[0.10056629586185183]
22,10,222,1,0.014447147442921422,1.447712267039384,True,False,[7],[0.09871377500016341]
22,11,146,1,0.01580853728286554,1.164056267818468,True,False,[8],[0.049890808331970495]
22,12,390,2,0.012418761073313295,1.1687449578059323,True,False,"[7, 15]","[0.10776403274076582, 0.02730224515699795]"
22,13,17,3,0.011917353365399879,1.135601048233799,True,False,"[8, 15, 16]","[0.07351810678614405, 0.08396601513218512, 0.08955777118217192]"
22,14,225,1,0.01437656739006531,1.503020978689715,True,False,[5],[0.1015809328795699]
22,15,284,1,0.014396698970712518,1.2972018178486695,True,False,[5],[0.03520487306393991]
22,16,155,1,0.014625557184948918,1.222227549176897,True,False,[8],[0.08634757437684114]
22,17,12,1,0.01586344058668418,1.1217489884629677,True,False,[7],[0.05773965511815841]
22,18,285,1,0.013456083869412062,1.2772668131457248,True,False,[5],[0.035084632704460036]
22,19,516,1,0.036996848642124415,1.2249323559180367,True,False,[15],[0.09242748358939476]
22,20,332,1,0.01513946693108454,1.4269322219573193,True,False,[5],[0.08630244575042229]
22,21,399,2,0.012239509191624951,1.1554000597813436,True,False,"[7, 16]","[0.08725387929437825, 0.06528531446597127]"
22,22,153,1,0.01388073280208415,1.4166981460141927,True,False,[7],[0.07717990949608763]
22,23,11,1,0.014645994249300588,1.189566194147197,True,False,[5],[0.07445539211390248]
23,0,472,1,0.011858356583051332,1.5715477265655258,True,False,[7],[0.0839542290828607]
23,2,491,1,0.014871662171712758,1.2096690904857277,True,False,[12],[0.012440881327590086]
23,3,19,2,0.014317184737313774,1.157282684648559,True,False,"[7, 12]","[0.09335853401097395, 0.06096953728524674]"
23,4,308,1,0.01533716852945726,1.2969790013817943,True,False,[12],[0.06997383567443821]
23,6,0,1,0.01475605789464196,1.2958964747296269,True,False,[5],[0.05924674107671679]
23,7,233,2,0.009315457770887749,1.3247218537994387,True,False,"[7, 8]","[0.09448051709878781, 0.0406979617807432]"
23,9,237,1,0.011933222408232162,1.40540352127982,True,False,[5],[0.05426794640169938]
23,10,222,2,0.013160934535910194,1.4682747502298392,True,False,"[7, 8]","[0.10234620863630048, 0.09942263320255673]"
23,16,155,1,0.015395135109559024,1.2429807571160052,True,False,[5],[0.09023891337846406]
23,18,285,1,0.01370570018368142,1.3020924233186624,True,False,[7],[0.0938595230342602]
23,19,516,2,0.011733292610399149,1.2377112435020958,True,False,"[7, 15]","[0.07318564404162858, 0.09335191964314991]"
23,20,332,1,0.014297190161834264,1.4275623097056196,True,False,[5],[0.06560275205362666]
23,22,153,1,0.013165163246680803,1.4392247833413485,True,False,[7],[0.08485889276988229]
23,23,11,1,0.014854547758827883,1.2083104851590813,True,False,[7],[0.09683296221605465]
24,0,472,1,0.013991986560656436,1.5911980263927719,True,False,[8],[0.11279672254201094]
24,1,514,1,0.01647581225215865,1.517983611253241,True,False,[5],[0.06490423633302432]
24,2,491,2,0.013251966757003145,1.2143776727174513,True,False,"[7, 12]","[0.08412704119250258, 0.04364450703070621]"
24,3,19,1,0.015607311901095744,1.1597684648690092,True,False,[7],[0.09834248849573765]
24,4,308,2,0.01380283773376914,1.3051172499904875,True,False,"[7, 12]","[0.10194969055591158, 0.07818173803218906]"
24,5,74,1,0.014930469982494216,1.3029512814075934,True,False,[15],[0.06536066716794868]
24,6,0,2,0.014936773820362736,1.311454851907544,True,False,"[6, 7]","[0.0550389792078427, 0.11970454616765297]"
24,7,233,1,0.015705275422514358,1.330926371465912,True,False,[5],[0.06974979753126273]
24,10,222,1,0.0157308007729589,1.47413457807969,True,False,[8],[0.10873702760631138]
24,11,146,2,0.009296012145332419,1.1725815947865887,True,False,"[7, 8]","[0.10363144741679173, 0.06873792487558764]"
24,12,390,3,0.01307958138276948,1.169038711111218,True,False,"[8, 12, 15]","[0.05272404327402339, 0.06869619655204655, 0.05597880760246935]"
24,13,17,1,0.015616261843540202,1.1369791430519995,True,False,[8],[0.06944992699831623]
24,14,225,1,0.0140230818937841,1.5365279955081212,True,False,[5],[0.09361091406207643]
24,16,155,3,0.00959162869718905,1.2453763038315404,True,False,"[7, 8, 15]","[0.08816718067551084, 0.10505691741451378, 0.04573467696078392]"
24,17,12,2,0.010860459805475578,1.1231379550296583,True,False,"[7, 8]","[0.04999938498377773, 0.03959355630502959]"
24,18,285,1,0.012999697965087409,1.3317781824787869,True,False,[7],[0.10012772337428817]
24,19,557,1,0.024285972777806718,1.3595657164726038,True,False,[7],[0.06269104762373078]
24,20,516,1,0.013603753212391028,1.2342149368406488,True,False,[7],[0.08703214843414553]
24,21,573,3,0.020015479584482583,1.1868796081624906,True,False,"[7, 15, 16]","[0.08828246029321876, 0.031109568063630435, 0.07932919075278301]"
24,22,153,1,0.01421303301424058,1.4569045991839256,True,False,[5],[0.08778035568819928]
24,23,399,1,0.014958593247199807,1.1694837660123991,True,False,[8],[0.0461352032559106]
25,0,472,1,0.014083012142710046,1.6033037673772017,True,False,[8],[0.13558280307074305]
25,1,514,1,0.016838145830630293,1.5211752297185888,True,False,[7],[0.0860196776474707]
25,2,491,1,0.01399583209174323,1.2238541484142282,True,False,[7],[0.08458093710989759]
25,3,19,1,0.015473378418802882,1.1645224330749275,True,False,[7],[0.10386545385386789]
25,4,308,1,0.013465482507280685,1.3341724405994904,True,False,[5],[0.08836035698352057]
25,5,74,2,0.010060230273219273,1.3173387289390974,True,False,"[7, 8]","[0.0732276381474715, 0.053239991114583246]"
25,6,0,1,0.014756795634330033,1.3319095494553514,True,False,[5],[0.07170723086574901]
25,7,233,1,0.014820916191035179,1.332580386708029,True,False,[15],[0.10107390833345394]
25,8,7,2,0.01033032753440269,1.22342823431954,True,False,"[7, 8]","[0.07346593931649348, 0.04660641684149544]"
25,9,237,1,0.012485787127603344,1.4315774464250786,True,False,[5],[0.07536278501111573]
25,10,222,1,0.013455771531423523,1.500360137560572,True,False,[5],[0.09223169752857513]
25,11,146,1,0.015050876281680068,1.17263884822281,True,False,[8],[0.08083561436947803]
25,12,390,1,0.015126714342387144,1.1867300632582856,True,False,[5],[0.05972042596291745]
25,13,17,4,0.009916651809770345,1.1414878520995317,True,False,"[7, 8, 15, 16]","[0.10256568401638351, 0.0687273870054564, 0.08429719259973106, 0.08613336416440058]"
25,15,284,1,0.013989289083884084,1.3218868460195574,True,False,[5],[0.03802124554463022]
25,16,155,1,0.015271853131797745,1.2645106989417203,True,False,[15],[0.059077232210589546]
25,17,12,1,0.015358578535533674,1.1276598577461732,True,False,[8],[0.05442048666195865]
25,18,285,1,0.013913612983273826,1.347657695190917,True,False,[5],[0.06055968661961489]
25,19,557,1,0.014245887311656692,1.3791494009456668,True,False,[5],[0.05475399559126119]
25,20,516,2,0.009535281784886558,1.2456210025498307,True,False,"[7, 15]","[0.08782501697558978, 0.0719270253218757]"
25,21,573,1,0.015107797261170125,1.1869382899387593,True,False,[7],[0.08921577304215077]
25,22,153,1,0.015363472746927693,1.436052790002633,True,False,[8],[0.07298947029940357]
25,23,399,2,0.009475775798807838,1.1788844629174642,True,False,"[8, 15]","[0.047377033176484035, 0.08007449747930813]"
26,0,472,2,0.011287421757193031,1.630967158834218,True,False,"[7, 8]","[0.100101311106696, 0.13829994574200846]"
26,1,514,1,0.016084211773358496,1.5302870377325806,True,False,[7],[0.0805762772393426]
26,2,491,2,0.010438535280532464,1.2309319588807115,True,False,"[7, 8]","[0.08471200546217916, 0.09268304248632465]"
26,3,19,1,0.015912387620187995,1.1591566874465598,True,False,[15],[0.03943913255332799]
26,4,308,2,0.014444563820912703,1.3435714767853713,True,False,"[7, 12]","[0.10927940372174454, 0.08391045021272713]"
26,5,74,1,0.015115453660907602,1.321760666364878,True,False,[8],[0.05073222554449788]
26,6,0,2,0.012791413816556263,1.3488019286852884,True,False,"[6, 15]","[0.05763538924944827, 0.0766042963750819]"
26,7,233,1,0.01212970239439033,1.3495031086506453,True,False,[7],[0.09517403080466927]
26,8,7,1,0.01557599140164919,1.2366271616316677,True,False,[8],[0.04775603039145988]
26,10,222,1,0.013424891792146062,1.4954923093461243,True,False,[8],[0.08540348926309649]
26,11,146,1,0.013846501719979998,1.1721696507575097,True,False,[8],[0.07499242327914507]
26,12,390,1,0.0148041593845047,1.1871118141226584,True,False,[15],[0.050381857652201274]
26,13,17,1,0.01549333066233196,1.1542577914423868,True,False,[5],[0.09385253774410873]
26,14,225,1,0.014854713639838923,1.5652149942327516,True,False,[5],[0.09607839028111509]
26,15,284,1,0.015064535660763899,1.3192661527970144,True,False,[7],[0.12607364593710907]
26,16,155,1,0.015333844560911624,1.2863934030469173,True,False,[5],[0.10223221090922154]
26,17,12,1,0.014608216562576045,1.141619346584072,True,False,[5],[0.08743300660483544]
26,20,516,1,0.01455882161534044,1.242269753256391,True,False,[7],[0.09709855348055718]
26,21,573,1,0.01262052940216008,1.1917801589105903,True,False,[16],[0.08157515235303531]
26,22,153,1,0.011310877569651993,1.4702766552463238,True,False,[7],[0.08914707259160906]
26,23,399,2,0.010623876931096017,1.1840702783637782,True,False,"[7, 8]","[0.10043339907271351, 0.04554610682389206]"
27,0,472,2,0.012395076136734469,1.6580660403909429,True,False,"[7, 8]","[0.13128149522569638, 0.16972207730513786]"
27,1,514,1,0.015467325169105777,1.5431008850651053,True,False,[7],[0.08026990213188354]
27,2,491,2,0.013212828858849297,1.234118796845661,True,False,"[7, 8]","[0.12881803858220245, 0.14375749656405085]"
27,3,19,1,0.013700180546867408,1.1608924900234203,True,False,[8],[0.1002924087795052]
27,4,308,1,0.015480140312906697,1.3579266210178267,True,False,[7],[0.11247653119702908]
27,5,74,1,0.015351913929770807,1.3310287470024287,True,False,[8],[0.07511795289321326]
27,6,0,1,0.015550189986377581,1.3701805784489793,True,False,[7],[0.10991773729016636]
27,7,233,1,0.014593954505194521,1.3587257653656655,True,False,[8],[0.07267818900777889]
27,10,222,1,0.01461603971446412,1.4973005636163983,True,False,[17],[0.07748927205138066]
27,11,146,2,0.010400422211731158,1.1806093655904835,True,False,"[7, 8]","[0.1063775162420414, 0.10128064519608757]"
27,12,390,1,0.013028062396112995,1.2107391277268982,True,False,[7],[0.10270302827258129]
27,13,17,1,0.015234673012946908,1.1689018693549706,True,False,[5],[0.10007028914964618]
27,15,284,2,0.012119292621213812,1.3229824788682591,True,False,"[11, 12]","[0.030560384267264862, 0.036707944389626844]"
27,16,155,1,0.014118964248598057,1.2902602919778254,True,False,[7],[0.10480150535707004]
27,18,557,1,0.014021818924275266,1.3756319395465575,True,False,[15],[0.06169964082831908]
27,19,516,2,0.012155678695313617,1.2593564679239422,True,False,"[7, 15]","[0.06787811067593523, 0.10735147881192482]"
27,20,573,1,0.01299470831225267,1.2176299637731933,True,False,[15],[0.07329119126963965]
27,21,153,1,0.014041278731949786,1.4864549166787708,True,False,[7],[0.09453320474461865]
27,23,399,2,0.010134940096411254,1.1953753170280121,True,False,"[7, 8]","[0.08691200846779958, 0.05143408365937558]"
28,1,491,2,0.011323741562593713,1.2397829320051226,True,False,"[7, 12]","[0.08981017157092959, 0.05672867335025319]"
28,3,308,1,0.015506735579782625,1.3554562818044509,True,False,[12],[0.06647289348169985]
28,4,74,1,0.013364814049421058,1.3528351217039314,True,False,[5],[0.09107969117103742]
28,5,472,1,0.014849611244971866,1.6402752743689022,True,False,[8],[0.0966405100687991]
28,6,514,1,0.016425322140064924,1.5516546043104265,True,False,[7],[0.11245520651163024]
28,7,222,1,0.015753473450139437,1.5061116573670899,True,False,[5],[0.06370856588654901]
28,8,146,1,0.013842594222974692,1.2071432581039359,True,False,[7],[0.0739340444959841]
28,10,17,1,0.013870005768051911,1.1690779522803176,True,False,[8],[0.09200506811359654]
28,11,225,1,0.01575745233027718,1.578752644946993,True,False,[5],[0.05436001214673288]
28,12,0,1,0.01340038898104295,1.3816436112982635,True,False,[15],[0.052106708620074826]
28,13,233,2,0.00965588662405829,1.3629379717072474,True,False,"[7, 8]","[0.11226668788184853, 0.0799949130488769]"
28,14,7,2,0.011920848828137556,1.2417416497786846,True,False,"[7, 8]","[0.07085783849553332, 0.07402763337034839]"
28,16,643,1,0.03628879335278559,1.4064159330555135,True,False,[7],[0.11239895352309208]
28,17,557,1,0.013618145253671719,1.3719587447250228,True,False,[8],[0.08003507058572314]
28,18,516,1,0.014257653602591656,1.2622803984410096,True,False,[7],[0.10845673586571607]
28,19,573,2,0.01152476474808114,1.2186024221556617,True,False,"[8, 16]","[0.07096858664744217, 0.11358448140261934]"
28,20,662,1,0.03543889948716938,1.645190628366244,True,False,[8],[0.0655872067492841]
28,21,284,1,0.014351887086068845,1.346178653076235,True,False,[5],[0.04783711632036879]
28,23,399,1,0.014133024991844129,1.2027533351519644,True,False,[16],[0.08904052731521267]
29,0,656,1,0.023041291444689513,1.2436158872692218,True,False,[7],[0.12961281690154003]
29,1,491,2,0.013268133895587272,1.249938565692897,True,False,"[7, 12]","[0.1197654822036844, 0.07977329751135723]"
29,2,19,1,0.01366594474434753,1.1606698177597916,True,False,[8],[0.13360959779949483]
29,3,694,1,0.044111469410672205,1.5096561553579086,True,False,[7],[0.11392861229057882]
29,4,472,1,0.014072811881227984,1.6282733282283521,True,False,[15],[0.06380055479863139]
29,5,514,1,0.01451773799763524,1.5737059396533735,True,False,[7],[0.10168704129357768]
29,6,222,2,0.010869666246148432,1.5133294246386966,True,False,"[7, 17]","[0.10136925089456289, 0.03524173692205344]"
29,7,146,1,0.013594427009628176,1.2298109006521485,True,False,[7],[0.09899742994163216]
29,8,308,2,0.01082328005133918,1.3756234305953143,True,False,"[7, 12]","[0.07254441857126379, 0.029225063316707933]"
29,9,74,1,0.013082584301445908,1.3854145509999256,True,False,[7],[0.08983850998242414]
29,10,0,3,0.008708389921465096,1.38826995675338,True,False,"[6, 7, 8]","[0.057556212339069095, 0.10678524113261019, 0.10889766185286871]"
29,11,233,1,0.014824266439726279,1.362994856162673,True,False,[15],[0.021998296939308114]
29,12,7,1,0.013425898402499048,1.2641397859066628,True,False,[8],[0.05017222687821097]
29,13,237,1,0.014841707780343895,1.438606297479158,True,False,[5],[0.11498004813396565]
29,14,643,1,0.013648106087293463,1.4347408441366478,True,False,[7],[0.06303566302814731]
29,15,390,1,0.015151415264684888,1.2029875871673843,True,False,[12],[0.053390115630819024]
29,17,225,1,0.014900656956606466,1.5867102445848922,True,False,[7],[0.04776308403382194]
29,18,662,1,0.012849979952873165,1.6751250015793613,True,False,[5],[0.06035722444978699]
29,19,284,1,0.015280645749823775,1.3456468682003182,True,False,[12],[0.01927694852277661]
29,20,285,2,0.011119279587023979,1.3573777434020038,True,False,"[7, 8]","[0.10474287769374302, 0.11812659405217193]"
29,21,557,1,0.014886972527138678,1.3831729317813344,True,False,[7],[0.11029809079631368]
29,22,516,1,0.014551118636025859,1.2694229098441727,True,False,[5],[0.08923610500640312]
29,23,573,2,0.008916046512443017,1.2264007135264052,True,False,"[7, 15]","[0.09049076818972789, 0.07368977059149859]"
30,0,656,1,0.014244189715886719,1.256494999667619,True,False,[5],[0.03460797883619861]
30,1,491,1,0.015307228316125165,1.257189300085586,True,False,[12],[0.07782824965869166]
30,2,19,1,0.014809859646824582,1.1854794333351688,True,False,[5],[0.06932192109724566]
30,3,694,2,0.009371190723358529,1.514712668466278,True,False,"[7, 15]","[0.102980518833111, 0.05803761265882872]"
30,4,472,1,0.0122803470643999,1.6585964512140623,True,False,[7],[0.09851956650298857]
30,5,514,2,0.01198539173044237,1.586984815426232,True,False,"[7, 17]","[0.10557237461218903, 0.030147267780713336]"
30,7,146,1,0.015489326528704548,1.229342302972858,True,False,[8],[0.07891300930051648]
30,8,308,1,0.01441052981762395,1.3866563176626807,True,False,[12],[0.03301496507206524]
30,9,74,2,0.014015984660972067,1.404906573608139,True,False,"[7, 15]","[0.0942614164334857, 0.07448835864640094]"
30,10,0,1,0.015294519833637665,1.3864257230892132,True,False,[6],[0.06086339410430151]
30,11,233,1,0.013335967746019537,1.3744942311456376,True,False,[8],[0.09929629469303367]
30,13,237,1,0.011731711166649481,1.4661755471379168,True,False,[7],[0.1236208061059438]
30,14,643,2,0.010569741145655315,1.4519006074035985,True,False,"[7, 8]","[0.07067017967187693, 0.07189044529321667]"
30,16,17,1,0.015566565521433868,1.168606632266845,True,False,[16],[0.03076692904605145]
30,18,662,1,0.01422346328375927,1.6701574103317578,True,False,[8],[0.04250238319828054]
30,20,285,2,0.01178162600235314,1.3686934849729007,True,False,"[7, 15]","[0.11039029200879129, 0.09363659496224908]"
30,21,557,1,0.014373938278409779,1.4012720019840141,True,False,[7],[0.09605435020343181]
30,22,516,1,0.012392124268748686,1.2703667141628685,True,False,[7],[0.08674625351202565]
30,23,573,3,0.01039301601023298,1.2391016358267113,True,False,"[7, 8, 16]","[0.09509209984725171, 0.07331056060070826, 0.10575085753271111]"
31,0,656,1,0.014511066006430942,1.273537735446099,True,False,[5],[0.05503867459681046]
31,1,491,1,0.014222198881199773,1.2803619007030929,True,False,[7],[0.1223466221071731]
31,2,19,1,0.015256670693578219,1.194770240415727,True,False,[7],[0.12111524190177127]
31,3,694,2,0.011677911620786713,1.51873037192798,True,False,"[8, 15]","[0.12233312332620663, 0.11402131754065639]"
31,6,222,1,0.014583384866750272,1.5360793286022336,True,False,[5],[0.07876493400202597]
31,7,146,1,0.015487372051829656,1.2390226641984519,True,False,[8],[0.08738983785961184]
31,8,308,1,0.013723270165313137,1.4120233050459556,True,False,[7],[0.08412234065712455]
31,9,74,1,0.014377930656798491,1.4148933225692089,True,False,[15],[0.08054391273612418]
31,11,233,1,0.014050783026014245,1.3864766868192528,True,False,[8],[0.10515204197513754]
31,12,7,1,0.01319223770523122,1.2647847610970777,True,False,[7],[0.10134150700670941]
31,14,643,2,0.013693059354483169,1.454293349030435,True,False,"[16, 17]","[0.088956386545021, 0.043613561200804195]"
31,15,390,1,0.015534582379991108,1.200973924016865,True,False,[15],[0.05949207918424376]
31,16,17,1,0.012928121199234198,1.1677063944885009,True,False,[7],[0.10220507925677516]
31,17,225,1,0.013846605547297892,1.611067643817617,True,False,[5],[0.09992450877495232]
31,18,662,1,0.016076284809234734,1.6399012295433182,True,False,[16],[0.06061900212942662]
31,19,284,1,0.01487933385551396,1.3524709364747893,True,False,[7],[0.06991201549101622]
31,20,285,2,0.012341551253724811,1.379741710194982,True,False,"[7, 8]","[0.11523201583406895, 0.1327765813922256]"
31,21,557,2,0.009347343097341082,1.4112751231972072,True,False,"[7, 8]","[0.09317485927462307, 0.09340604587232873]"
31,22,516,1,0.012919120521688468,1.27170657149974,True,False,[7],[0.09020320516537556]
31,23,573,1,0.012844625618149308,1.2474552916190298,True,False,[7],[0.08419347243315771]
32,1,491,1,0.014601100300483732,1.2863622733889537,True,False,[12],[0.08553323240622925]
32,2,19,1,0.014092811883180274,1.19293387070331,True,False,[8],[0.14738322437609977]
32,3,694,2,0.009589473005537922,1.5292788769179848,True,False,"[7, 15]","[0.09557459557719745, 0.12092660218855722]"
32,4,472,2,0.009308408395529877,1.6682055107680123,True,False,"[7, 8]","[0.09669834838599141, 0.06978572352861838]"
32,5,514,1,0.015406988512882757,1.5891646600859526,True,False,[5],[0.07352476115983268]
32,6,222,1,0.013478681538672975,1.5286995065390265,True,False,[16],[0.05850805462029653]
32,7,146,1,0.015557638772099846,1.246384677288865,True,False,[5],[0.07166802420220224]
32,8,308,1,0.014025975290666159,1.435446669040829,True,False,[7],[0.09740155092500168]
32,9,74,1,0.013575591503705612,1.44758611138971,True,False,[7],[0.08520331121857912]
32,10,0,3,0.011417111421088543,1.3850674403709262,True,False,"[6, 15, 16]","[0.07169210373811662, 0.10526842394916673, 0.046008902019576955]"
32,11,233,1,0.012499956616957351,1.4121758345276887,True,False,[8],[0.08735008371405117]
32,13,237,1,0.01412208062464706,1.4850731001449622,True,False,[5],[0.10596510092171661]
32,14,643,1,0.013098570828679596,1.4554070476143377,True,False,[8],[0.07376878683754082]
32,15,390,1,0.015331286855181033,1.2094978692138978,True,False,[5],[0.04920712095332268]
32,16,17,2,0.013298778956901106,1.1829926585883328,True,False,"[15, 16]","[0.07487191399777819, 0.04278419136965362]"
32,17,225,1,0.014622912327385138,1.6317086691330527,True,False,[7],[0.06425301134563366]
32,18,662,1,0.014124291745845428,1.6720289852771362,True,False,[7],[0.12274896107792958]
32,19,284,1,0.015524418061655816,1.3555843281335533,True,False,[12],[0.04205212080300956]
32,21,557,1,0.011512657733219822,1.4428236593109351,True,False,[5],[0.04282716559901284]
32,22,516,3,0.009915424059542797,1.2743599490435327,True,False,"[7, 15, 16]","[0.10376072981980403, 0.09035773099595994, 0.06717633805845205]"
32,23,573,3,0.009225937172802715,1.2578092490882047,True,False,"[7, 15, 16]","[0.09528744937970464, 0.0724252752633567, 0.10341492523588151]"
33,0,656,1,0.014143002496282545,1.2864860124697044,True,False,[7],[0.13323839154757428]
33,1,491,3,0.009660221199307624,1.2834619402346834,True,False,"[7, 8, 15]","[0.12571713090071132, 0.092090504316859, 0.04849569281713151]"
33,2,19,1,0.01520637346504373,1.2045392994496125,True,False,[7],[0.11787064909881732]
33,3,694,1,0.013543505191093163,1.5274900403169684,True,False,[15],[0.14005426486817932]
33,6,222,1,0.01394814805344059,1.5512539222416246,True,False,[7],[0.10679450547698771]
33,8,308,1,0.013691418130798315,1.4557800083010672,True,False,[5],[0.08082669101406946]
33,9,74,1,0.013314953753691607,1.4710435529600367,True,False,[7],[0.07727914914368848]
33,10,0,2,0.009932336907758682,1.3857595647112644,True,False,"[6, 7]","[0.07392696931773081, 0.10805175241821825]"
33,11,233,1,0.013456168617355276,1.441315793423336,True,False,[8],[0.09702199844645508]
33,14,643,3,0.0120527780869476,1.4673701603052098,True,False,"[7, 8, 15]","[0.10428875534880191, 0.10299201422640412, 0.08705326564219235]"
33,15,768,1,0.03944213901140575,1.3398963418565513,True,False,[7],[0.11431170829833129]
33,16,390,1,0.014783880579361896,1.209148229003105,True,False,[15],[0.0774328273470848]
33,17,17,1,0.015128176394007478,1.1848430236813692,True,False,[7],[0.0617693081761106]
33,18,225,1,0.014150585591080374,1.6521473892374765,True,False,[5],[0.072486822992066]
33,19,662,1,0.014539965050513718,1.6881483047621775,True,False,[7],[0.07386973016541139]
33,20,284,1,0.01546958635796375,1.3514218815961971,True,False,[12],[0.025455538538619107]
33,21,285,2,0.012146258645471012,1.3740470413129766,True,False,"[8, 15]","[0.10545486354220392, 0.04051921052646131]"
33,22,516,1,0.013844668379811857,1.2813477623694827,True,False,[7],[0.09537018725108641]
34,0,656,1,0.013539171294785525,1.2990958464241276,True,False,[7],[0.11601318756639369]
34,1,491,1,0.01503859563507596,1.2926243977215814,True,False,[12],[0.08743367504789655]
34,3,694,1,0.012568337953635354,1.562091722840499,True,False,[7],[0.07819650749740503]
34,4,472,1,0.012394206429603637,1.7042453504322674,True,False,[5],[0.09280857793159177]
34,5,514,1,0.013192563851667007,1.6182521455397714,True,False,[7],[0.11344953603036749]
34,6,222,2,0.013411581567408829,1.5685598830697558,True,False,"[7, 8]","[0.10667851380152603, 0.08044538518103093]"
34,7,146,1,0.015155985994778869,1.2645220585975625,True,False,[7],[0.12376816652302036]
34,8,308,1,0.01430412414766356,1.4713154916840594,True,False,[12],[0.046559114724986195]
34,9,74,1,0.013762665218077676,1.5014417724744622,True,False,[7],[0.08783938732902016]
34,10,0,1,0.012745072933355974,1.396704334082674,True,False,[5],[0.08680610563614402]
34,11,233,1,0.014196910832892247,1.469531822608256,True,False,[8],[0.10240164895431159]
34,12,7,2,0.01009372285412128,1.2733425118016783,True,False,"[7, 8]","[0.11162495284430567, 0.05142322127853174]"
34,14,643,1,0.012544762837411214,1.4970021437234948,True,False,[7],[0.09711104224780795]
34,16,390,1,0.012768362005959795,1.2321955196041856,True,False,[7],[0.10803426961371604]
34,17,17,1,0.014898141895689073,1.182027614606413,True,False,[15],[0.06735814177411184]
34,18,225,1,0.014323863558207393,1.6711301111337484,True,False,[5],[0.08043131005923254]
34,20,284,1,0.014197984659579624,1.3684152216762222,True,False,[7],[0.1066240431919483]
34,21,285,1,0.013584750112739219,1.3992624398796467,True,False,[5],[0.06504817009041179]
34,22,516,2,0.011208217158966,1.2862948171502429,True,False,"[7, 15]","[0.09741005272544492, 0.09456777221638032]"
35,0,656,1,0.013007480745089197,1.3156844252252946,True,False,[7],[0.10895882211276602]
35,2,839,1,0.04416309503890441,1.3172286829241269,True,False,[8],[0.13557413033417023]
35,3,694,2,0.009728709462286106,1.5761643920579549,True,False,"[7, 8]","[0.09030854896571744, 0.12987885325783358]"
35,4,472,2,0.010781494954648627,1.721030932071546,True,False,"[7, 15]","[0.09625293240905472, 0.08981118808989727]"
35,6,222,2,0.011809791756707065,1.5795288079346839,True,False,"[7, 15]","[0.12489203265901305, 0.1152762299976181]"
35,7,146,2,0.011882948887456841,1.2753403233516833,True,False,"[7, 15]","[0.13120335969172822, 0.10583100104067694]"
35,8,19,2,0.01049749299721979,1.209989109631158,True,False,"[7, 15]","[0.1065979604104468, 0.07130225805727379]"
35,9,308,2,0.013241607038289624,1.49498784871434,True,False,"[7, 12]","[0.10137735894553064, 0.032117282472298364]"
35,10,74,1,0.013030411496222489,1.5017942911976057,True,False,[8],[0.11618618106982971]
35,11,0,1,0.01587362695728081,1.3947270945185666,True,False,[16],[0.022809245911422475]
35,14,237,2,0.01369135036172526,1.485306634445338,True,False,"[8, 15]","[0.11601017331900351, 0.10282950156133851]"
35,15,643,2,0.010051913942241732,1.502812792941632,True,False,"[7, 15]","[0.09999284501481776, 0.067981129233068]"
35,16,768,1,0.014687127102888225,1.3563989116651236,True,False,[5],[0.10604839340947232]
35,17,390,1,0.014656621945831293,1.252884436747503,True,False,[7],[0.06630580499033592]
35,18,17,1,0.01495739720425905,1.1852371771450207,True,False,[16],[0.09070837146631658]
35,19,225,2,0.009736748170384566,1.6804622176842623,True,False,"[7, 16]","[0.06279177441026337, 0.12156715801258293]"
35,20,662,1,0.014231002789270152,1.6999253616681111,True,False,[7],[0.11284489478714406]
35,21,284,1,0.015182284011136613,1.3804561184093267,True,False,[7],[0.09961842799173228]
35,22,285,1,0.014522486430728909,1.399421351351076,True,False,[16],[0.10328870117546725]
35,23,815,2,0.04681184761791661,1.3295096065160739,True,False,"[7, 16]","[0.09848111647451314, 0.1106393149019569]"
36,1,491,2,0.011838853434679077,1.3018964054195354,True,False,"[7, 15]","[0.122363435390979, 0.06810403293381584]"
36,2,839,2,0.010219510083415454,1.3221356764664882,True,False,"[7, 8]","[0.1093175629899105, 0.1262746792072006]"
36,3,694,2,0.010696213267620417,1.5826992849031247,True,False,"[7, 8]","[0.11124630796543607, 0.1399505103292265]"
36,4,472,2,0.012188718831942029,1.7376442208540095,True,False,"[7, 15]","[0.12483895823030626, 0.10668710972980015]"
36,5,514,1,0.012549080472851415,1.652978892058995,True,False,[7],[0.10482885113369336]
36,7,146,1,0.015643560613098777,1.2833485816411228,True,False,[5],[0.08174403849793274]
36,8,19,1,0.012997754805201192,1.2341957090857927,True,False,[7],[0.09615847698349801]
36,9,308,1,0.013115937464440718,1.5154073374170967,True,False,[12],[0.038339150523361384]
36,10,74,1,0.014530960621726294,1.49927738230566,True,False,[15],[0.1219213721465222]
36,11,0,1,0.01468981774242933,1.3933650253436527,True,False,[15],[0.03410617481896457]
36,13,7,1,0.01405402873751809,1.289460303117844,True,False,[8],[0.08102575423279436]
36,14,237,1,0.01325861130691778,1.5121320950507608,True,False,[7],[0.0996775659713605]
36,16,768,1,0.013282701272556848,1.3577099647628268,True,False,[7],[0.10691510087936451]
36,17,390,1,0.01494324043671079,1.2691468091389781,True,False,[7],[0.08763951554881894]
36,18,17,2,0.00994015969414,1.196010692616512,True,False,"[15, 16]","[0.07245535407842228, 0.07774714153242554]"
36,19,225,1,0.013173452197095651,1.7155150070503717,True,False,[7],[0.06150571177400965]
36,20,662,1,0.014054385389698295,1.7171744786000387,True,False,[7],[0.10838531718871372]
36,22,285,1,0.014787222422417166,1.3971950832482296,True,False,[15],[0.09507688039258631]
36,23,815,2,0.009775512487962653,1.3406094623647635,True,False,"[15, 16]","[0.08133249386234978, 0.11285260744393204]"
37,1,491,1,0.014542521449462702,1.3024526938087557,True,False,[15],[0.07121433549676781]
37,2,839,1,0.013724502106126104,1.3341688311003022,True,False,[7],[0.09349073335582983]
37,3,694,1,0.014779170595478782,1.6026340795084515,True,False,[7],[0.11363734674373288]
37,4,472,1,0.012567989730326582,1.7390673474131375,True,False,[15],[0.10367597637868575]
37,5,514,1,0.014337269406490142,1.6585174210178832,True,False,[8],[0.11367726418700633]
37,6,864,1,0.06006381398669714,1.4892290166217264,True,False,[7],[0.1245449561532714]
37,9,19,1,0.014957630219028625,1.2478241890658954,True,False,[7],[0.11257055148536822]
37,10,308,1,0.011565809377645134,1.5466841641339213,True,False,[5],[0.08789284828885688]
37,11,74,1,0.014112015435430647,1.501347257990043,True,False,[8],[0.10702450144684002]
37,12,0,1,0.014860956207296033,1.3988724011848856,True,False,[5],[0.07068230016809486]
37,14,7,1,0.014815063081884948,1.309634594055288,True,False,[8],[0.11385980205507781]
37,15,237,1,0.012339276895571002,1.5161369168763303,True,False,[8],[0.11874290186491324]
37,16,643,2,0.009012618458078337,1.516660372162107,True,False,"[7, 8]","[0.11963852325826786, 0.10427123054516241]"
37,17,768,1,0.015200762067467186,1.3601108502971582,True,False,[7],[0.09533118414161403]
37,18,390,2,0.011470239910973542,1.2765048399309191,True,False,"[7, 8]","[0.14748554689109736, 0.07456264339712577]"
37,19,17,1,0.01382229337025207,1.1933878314426887,True,False,[8],[0.06649308550465392]
37,22,284,2,0.01555599308790977,1.3804933179372882,True,False,"[9, 11]","[0.05296197880734183, 0.05296197880734183]"
37,23,815,1,0.012633139460690999,1.3647468461334302,True,False,[16],[0.1065886304269615]
38,0,656,2,0.012392195790612556,1.339521579118473,True,False,"[7, 8]","[0.1204388887080813, 0.1783722419424925]"
38,2,839,1,0.013389407565726333,1.3458073864080675,True,False,[7],[0.11339339630759476]
38,3,694,2,0.011814805576170305,1.6210945515232522,True,False,"[8, 16]","[0.16172786749479018, 0.06482835267575689]"
38,4,472,1,0.013110106103713519,1.7684957236216137,True,False,[7],[0.1318634306498826]
38,5,514,1,0.013160528357757117,1.6941808240592973,True,False,[7],[0.11787810819975998]
38,6,864,1,0.013619997423260932,1.5043815450720461,True,False,[7],[0.10926049465810599]
38,7,222,1,0.014155730467840756,1.5885803745015707,True,False,[7],[0.1243089416237664]
38,8,146,1,0.015159925911436249,1.2980160518091546,True,False,[8],[0.05658863149061791]
38,9,19,2,0.011926835067096282,1.263907202636574,True,False,"[7, 15]","[0.1326167830755754, 0.09941336399829856]"
38,10,308,1,0.01310868849780508,1.5787416078262344,True,False,[5],[0.0899165385643681]
38,11,74,1,0.012075035730089806,1.530855648806403,True,False,[7],[0.09837962075785213]
38,12,0,1,0.014041527661451215,1.3871277044277421,True,False,[6],[0.041202290903934714]
38,13,233,2,0.011951834603032311,1.478424511166631,True,False,"[8, 15]","[0.08367200226295965, 0.09075656825625907]"
38,14,7,2,0.01179096944403246,1.3190788448798556,True,False,"[7, 8]","[0.10138765628346692, 0.11092826474295274]"
38,16,643,1,0.012472450345746889,1.5184394185433825,True,False,[17],[0.0945752512862229]
38,18,390,1,0.014227022414540184,1.290711350478343,True,False,[5],[0.10805391876651002]
38,19,17,2,0.011385095827510072,1.1984054346589235,True,False,"[8, 16]","[0.07184534879726215, 0.11308009235545982]"
38,20,225,1,0.014843944337619252,1.7321022256574612,True,False,[5],[0.04746254533120533]
38,21,885,1,0.03990923857012858,1.4130310242159791,True,False,[7],[0.09973529714391086]
38,22,284,1,0.015097002596520543,1.3850963712738626,True,False,[5],[0.0939001523803422]
38,23,815,1,0.01286763055337552,1.382683946619017,True,False,[16],[0.10136198993584924]
39,0,656,1,0.014318054557553793,1.361324479162746,True,False,[7],[0.11759578868738924]
39,1,491,3,0.008979078899551336,1.3153304759198194,True,False,"[7, 12, 15]","[0.12126118767634105, 0.08459380851672255, 0.06547828862990543]"
39,2,839,1,0.013704450957604693,1.3536777345284863,True,False,[7],[0.12118624237981239]
39,3,694,2,0.010057068852749197,1.6279007195933395,True,False,"[7, 16]","[0.1256500484709283, 0.08437155655688325]"
39,5,514,1,0.013359404927302148,1.7288023705920041,True,False,[7],[0.12275929465379516]
39,7,222,1,0.015039299976438707,1.589109795117282,True,False,[17],[0.0524723395281577]
39,8,146,1,0.01365571217858795,1.319122734923416,True,False,[7],[0.10031481912643417]
39,9,19,1,0.011729490566382067,1.2896941680598308,True,False,[5],[0.07730669827064113]
39,10,308,1,0.011796725579436753,1.6098335072533358,True,False,[7],[0.11441580397415951]
39,11,74,1,0.01353465389794223,1.5314720488128042,True,False,[15],[0.06560409606088077]
39,12,0,1,0.015176212986244402,1.3852219045479754,True,False,[6],[0.05988829714718562]
39,13,233,1,0.012688774477744736,1.4775643993344145,True,False,[7],[0.12753209745121735]
39,14,7,1,0.014133936481518379,1.3171003595178703,True,False,[7],[0.10367523970187345]
39,15,237,1,0.014482850172019512,1.5383818705572976,True,False,[5],[0.04619634676457833]
39,16,643,3,0.01031225485154275,1.5215734088143336,True,False,"[8, 15, 16]","[0.10120691742307986, 0.09596331633505739, 0.0606843214527155]"
39,18,390,1,0.014234932235174422,1.3085396731540138,True,False,[5],[0.11562756505927975]
39,19,17,1,0.013995370525099051,1.2152720472556235,True,False,[16],[0.10438939663042283]
39,20,225,1,0.014613235976663523,1.7519402420527925,True,False,[5],[0.051611671120316]
40,0,656,1,0.014044699992250442,1.386748536010944,True,False,[5],[0.05692187996119839]
40,1,491,3,0.010309728809588367,1.3263785653368965,True,False,"[7, 12, 15]","[0.12199514093724864, 0.1031721066012386, 0.08137737464961542]"
40,2,839,3,0.010125682450584556,1.3514201948257138,True,False,"[8, 15, 16]","[0.12780300493950653, 0.06732967973458606, 0.05419655960039955]"
40,3,694,1,0.014420327939683904,1.6412894064238046,True,False,[7],[0.12577315263962305]
40,4,472,2,0.009502101424006709,1.7759349638902102,True,False,"[7, 8]","[0.13583781850583002, 0.10248899092109094]"
40,5,514,1,0.012386235595582603,1.7677381685910756,True,False,[7],[0.10725426595388167]
40,6,864,1,0.012764062822236586,1.5217187083733401,True,False,[7],[0.10769032298003922]
40,7,222,1,0.01435945190221505,1.5895950066857159,True,False,[15],[0.1348987672946437]
40,9,19,1,0.015221011513473848,1.2963236075336872,True,False,[8],[0.0845875588990233]
40,10,308,1,0.014793411478918227,1.6081880309978347,True,False,[12],[0.023248182260239444]
40,12,0,1,0.014749033833730465,1.3950997786120258,True,False,[16],[0.058356939789239476]
40,13,233,1,0.012609490998045774,1.4714763173926293,True,False,[15],[0.09104737313392984]
40,14,7,1,0.014751465725089216,1.336161929559763,True,False,[8],[0.10570202988448468]
40,16,643,1,0.014502875315215793,1.5290273480205294,True,False,[5],[0.13826910696687222]
40,17,768,1,0.013259625756518812,1.3582975870681586,True,False,[5],[0.11713513923867587]
40,18,390,2,0.009134514801524015,1.3208618348491346,True,False,"[7, 15]","[0.1217366264712507, 0.08499739104671603]"
40,19,17,3,0.009885244755274851,1.226198640950909,True,False,"[8, 15, 16]","[0.0917170869027458, 0.10108747476358255, 0.12170552418053758]"
40,20,225,1,0.013852814346619493,1.7759949526772345,True,False,[7],[0.1031582320314017]
40,21,885,1,0.013319191320066068,1.4363912782827755,True,False,[5],[0.06496615663513551]
40,22,284,2,0.010362576988126503,1.3951538708281854,True,False,"[7, 11]","[0.09908332312572858, 0.06649890696785449]"
40,23,815,3,0.009498134258382534,1.395900385894057,True,False,"[7, 15, 16]","[0.09182106995744871, 0.08068884378419083, 0.08969160700328872]"
41,0,656,1,0.014653318805352268,1.4078897258675946,True,False,[7],[0.12657117156397737]
41,3,694,1,0.0137151908539401,1.640585222817522,True,False,[5],[0.1043206026981203]
41,4,472,1,0.013912371476160182,1.7618162829454764,True,False,[17],[0.10633016584380993]
41,6,864,2,0.009838079831083745,1.5334488667990267,True,False,"[7, 15]","[0.10276325402278075, 0.10683952474384704]"
41,8,146,1,0.014563319325985506,1.3401746330384907,True,False,[8],[0.0775283788879241]
41,9,19,1,0.014407716663942995,1.318966792736585,True,False,[7],[0.13181032024749478]
41,10,308,1,0.012367544691888992,1.6448651212914547,True,False,[5],[0.07781237773154037]
41,11,74,2,0.00981367823540125,1.5446030565282554,True,False,"[7, 8]","[0.10481928018970667, 0.1097224546433438]"
41,12,0,2,0.010693280079934185,1.3966815963194266,True,False,"[6, 15]","[0.06807342507689042, 0.0625363898384719]"
41,13,233,2,0.008869151958236926,1.4769406314762215,True,False,"[7, 8]","[0.11275145508306163, 0.08724777549937432]"
41,14,7,1,0.014470394964483543,1.3605386982142942,True,False,[8],[0.10000586975169616]
41,15,237,1,0.014084838947967636,1.545986941674416,True,False,[7],[0.11969838691328373]
41,16,643,1,0.013901285650745332,1.545286002684696,True,False,[5],[0.1464355281067364]
41,18,968,2,0.03357980924152385,1.3644831337831396,True,False,"[8, 12]","[0.09073230197110249, 0.05450922399251387]"
41,19,390,1,0.013703162329602012,1.348153356523849,True,False,[7],[0.06461125199000821]
41,20,17,1,0.015213621095376757,1.2268826807056974,True,False,[16],[0.07900130550500907]
41,21,225,1,0.014695129186675935,1.7989226669855582,True,False,[7],[0.10347035059868032]
41,22,885,1,0.014642012237887633,1.445915307821467,True,False,[5],[0.0876794727160363]
41,23,815,3,0.011474939290291006,1.4075707671064772,True,False,"[7, 15, 16]","[0.09932837534906945, 0.09500604312920768, 0.09545072989633784]"
42,1,491,1,0.015076495136049691,1.331468934931922,True,False,[5],[0.06342492246718279]
42,2,839,1,0.014139389146372486,1.3511419171524377,True,False,[5],[0.07814872863380458]
42,3,694,2,0.008978874942233985,1.6571283442440972,True,False,"[7, 8]","[0.10486207048601978, 0.152863638412936]"
42,5,514,1,0.015000277690865415,1.7736815863853495,True,False,[5],[0.08702072376266923]
42,6,864,1,0.013277214658497934,1.5627985070831532,True,False,[5],[0.07721344231454928]
42,7,222,1,0.014485332673317945,1.6186629030032011,True,False,[5],[0.08824889225128887]
42,10,308,1,0.014905739065245657,1.6424046991210584,True,False,[12],[0.043692525146020594]
42,13,233,1,0.012378842382487541,1.4886817716397234,True,False,[8],[0.0863397641796472]
42,14,7,1,0.015396859107052848,1.356554461885896,True,False,[5],[0.1085347439372028]
42,16,643,1,0.01364966277533169,1.5662980234341783,True,False,[5],[0.1354072048969829]
42,17,768,1,0.01317258528529846,1.3662480823565826,True,False,[5],[0.10982180075129376]
42,19,390,1,0.01426597347137785,1.3485964605948373,True,False,[15],[0.09915775780467774]
42,22,885,1,0.012928953319080252,1.471542504078463,True,False,[7],[0.0896977637975914]
42,23,815,1,0.013169158445350205,1.4265025956418804,True,False,[5],[0.08092401156377065]
43,0,656,1,0.01253526790447438,1.4350816500068024,True,False,[8],[0.1856493134694975]
43,1,491,1,0.014735121153652303,1.341032022340861,True,False,[5],[0.07237203597389733]
43,2,839,1,0.013951376502441123,1.3590010473650602,True,False,[5],[0.08900051580655642]
43,3,694,2,0.010634104641646895,1.6566770135450546,True,False,"[15, 16]","[0.15266844133489793, 0.10730065580983854]"
43,6,864,1,0.013522274655658532,1.5930658944381682,True,False,[5],[0.09439865091949796]
43,7,222,1,0.013952984676738297,1.6316368757849489,True,False,[7],[0.13262728756977438]
43,8,146,1,0.014569624678587103,1.3574675669972494,True,False,[8],[0.08024774216266203]
43,9,19,1,0.014776496171242121,1.3284302092255922,True,False,[15],[0.10014608663000517]
43,11,74,2,0.009588990562094814,1.5581135563085036,True,False,"[7, 8]","[0.10038723656083061, 0.1088003624555812]"
43,15,237,1,0.013414818035776153,1.5699835585050792,True,False,[5],[0.04106750360660933]
43,16,643,1,0.011486082977616503,1.5884602733604376,True,False,[7],[0.12236436473880002]
43,17,1017,2,0.08158891438795932,1.5149928024029715,True,False,"[7, 15]","[0.09735149563350073, 0.08108637851046216]"
43,18,968,1,0.014469766255404507,1.3744664667680881,True,False,[5],[0.12314666583966545]
43,19,390,2,0.01433491340467874,1.3521618754926599,True,False,"[12, 16]","[0.09053658961800282, 0.15734018220773716]"
43,20,17,1,0.015063554199017115,1.2139724816559028,True,False,[8],[0.12868329621855795]
43,22,885,1,0.012883260441956555,1.4955108716869545,True,False,[7],[0.09604912816003451]
43,23,815,1,0.012894566542871105,1.4437954816791707,True,False,[7],[0.0885639576337632]
44,1,491,3,0.009980630473369912,1.3511874251315845,True,False,"[7, 12, 15]","[0.10953318047271181, 0.08863877655077174, 0.08054848926072336]"
44,3,694,1,0.013413554518769995,1.6550553309673262,True,False,[5],[0.11692397694963717]
44,4,472,3,0.009712110564489472,1.781003423177637,True,False,"[7, 8, 15]","[0.16201636260792862, 0.09657472696615114, 0.12291658758316955]"
44,5,514,1,0.013201586306502996,1.8096249250835825,True,False,[7],[0.1075665010789317]
44,6,864,1,0.01213970850283315,1.623310776881585,True,False,[7],[0.10209428198482949]
44,7,222,1,0.014161837501731934,1.641297057816675,True,False,[7],[0.13902552905402552]
44,8,146,1,0.01414153170162234,1.3810992927343806,True,False,[7],[0.11419714874752245]
44,9,19,1,0.014744489223303878,1.3302680263906574,True,False,[15],[0.12725981956845636]
44,10,308,1,0.013456773563588344,1.671023210028008,True,False,[5],[0.09415283946263338]
44,11,74,2,0.010280524797777621,1.5575752739039814,True,False,"[8, 15]","[0.1257910827119727, 0.09607841553421773]"
44,12,0,1,0.015217711093326348,1.3936038167990683,True,False,[6],[0.07081419361037834]
44,13,233,1,0.012733796738693529,1.5129493275079116,True,False,[8],[0.09686579158396004]
44,14,7,1,0.014447296033363782,1.350521503578944,True,False,[7],[0.10473082403452229]
44,15,237,1,0.01396850750118086,1.5705799595911876,True,False,[7],[0.1440010819320746]
44,16,643,1,0.013317920462474325,1.5738550275818937,True,False,[12],[0.05952475869297033]
44,17,1017,2,0.010433986920148382,1.5239208523154308,True,False,"[7, 12]","[0.07408085530322578, 0.030687322961063343]"
44,19,390,2,0.010298087901593905,1.3634091108627981,True,False,"[7, 12]","[0.07609718076560845, 0.10038212394219583]"
44,20,17,2,0.011267700427573564,1.221898993362953,True,False,"[8, 15]","[0.1263845587440814, 0.0942433542176965]"
44,21,225,1,0.014811584544595456,1.8155428890418115,True,False,[7],[0.11703481815794169]
44,22,885,1,0.014299919012320578,1.511108406839685,True,False,[5],[0.08911442912476494]
44,23,815,1,0.012942068436063315,1.4696827942312196,True,False,[5],[0.09734535950473093]
45,1,491,4,0.011655387410708103,1.3490574004434923,True,False,"[7, 12, 15, 16]","[0.12047861044867571, 0.10215592923175902, 0.10832588873324683, 0.06898660135951469]"
45,2,839,1,0.012386019627716674,1.3591874673237394,True,False,[8],[0.12828888528170757]
45,4,472,1,0.01322651529627219,1.7908098979845495,True,False,[8],[0.09753410899411477]
45,5,514,1,0.013649211166883139,1.8454850006498247,True,False,[7],[0.11657268769344838]
45,6,864,1,0.01265540510237097,1.6542755119401937,True,False,[7],[0.103377242347349]
45,7,222,1,0.013803253258147656,1.6544371071527153,True,False,[7],[0.14316285704528084]
45,9,19,2,0.00988076061741911,1.3450984285719718,True,False,"[7, 8]","[0.1260572617447244, 0.08401471166962528]"
45,10,308,2,0.008483982688576931,1.6871926952080638,True,False,"[7, 12]","[0.11351095661902955, 0.0349446115646701]"
45,11,74,1,0.012919913582281003,1.586708335142742,True,False,[7],[0.09264458997056263]
45,12,0,1,0.0153924583652956,1.388890273384964,True,False,[6],[0.07299828818593623]
45,13,233,1,0.01327195812299194,1.5393964179965012,True,False,[8],[0.09897264146452578]
45,15,237,1,0.013340266655092473,1.5972486613699166,True,False,[5],[0.05246136770351916]
45,16,643,1,0.012593191913217127,1.5770504873607096,True,False,[8],[0.1041193283461228]
45,17,1017,1,0.014510572662075031,1.521994934692569,True,False,[12],[0.04648185146542553]
45,18,968,2,0.010923987517274851,1.385663546930016,True,False,"[7, 8]","[0.12193595369910896, 0.09650752509961545]"
45,19,390,1,0.01309050559426478,1.389175795663449,True,False,[7],[0.11013661675492672]
45,20,1056,1,0.04751098091389493,1.4855885354178677,True,False,[15],[0.10756833475393236]
45,21,225,1,0.014835393230347653,1.8280265810509753,True,False,[7],[0.1223240863158363]
45,22,885,1,0.013702628581778765,1.5036378562269628,True,False,[11],[0.08227065243923476]
45,23,17,2,0.010470697851126445,1.2226681660532186,True,False,"[8, 16]","[0.07474210691073922, 0.08787797139333693]"
46,2,839,2,0.009241509135411392,1.3687586611186593,True,False,"[7, 8]","[0.13537683312559187, 0.11838848982216509]"
46,3,694,4,0.007583726701165944,1.6661593554592002,True,False,"[7, 8, 15, 16]","[0.09231442722713937, 0.14223473121081492, 0.1473678588845553, 0.10980595707323981]"
46,4,472,1,0.012433944145758241,1.8281174313646424,True,False,[5],[0.10533636549658301]
46,5,514,1,0.014845133987862026,1.8565649142011424,True,False,[5],[0.10273839100206479]
46,6,864,1,0.013070128841362041,1.6855190828163369,True,False,[5],[0.11159861982897192]
46,7,222,1,0.014387352203238177,1.6801547462335014,True,False,[5],[0.10018306134076255]
46,8,146,1,0.01423120192473017,1.3923416683296415,True,False,[5],[0.09617454775629365]
46,9,19,1,0.014100298859774886,1.3613780980708543,True,False,[5],[0.09443057829763701]
46,10,308,1,0.014323283475021018,1.6859881042097298,True,False,[12],[0.04440192313701441]
46,11,74,2,0.011638696866751347,1.5869140246555025,True,False,"[8, 15]","[0.12868577705440554, 0.12126839777840187]"
46,13,233,1,0.013312934515989671,1.540964070002634,True,False,[5],[0.11434957863943902]
46,14,7,1,0.013917385238632968,1.3789934758262392,True,False,[8],[0.09222317471723644]
46,15,237,1,0.012189877559738842,1.599691285758617,True,False,[8],[0.12131032711504725]
46,16,643,2,0.008623954636530588,1.5899772867064166,True,False,"[7, 15]","[0.11865878233126, 0.10078222216641396]"
46,17,1017,2,0.00981196496538753,1.5267025365767222,True,False,"[7, 12]","[0.07747612548922783, 0.03955486589438995]"
46,18,968,1,0.01424278571817841,1.38855410509235,True,False,[12],[0.06304475201012621]
46,19,390,2,0.009980131823260867,1.3883210932438341,True,False,"[12, 15]","[0.07867438352829459, 0.10983088800759411]"
46,20,1056,1,0.012458722897901653,1.5164520782924833,True,False,[5],[0.04822751290928156]
46,23,17,1,0.013752749426410799,1.2243198035307188,True,False,[16],[0.07308133345024061]
47,0,656,1,0.013767518654316439,1.4603851832950399,True,False,[5],[0.06415456914804618]
47,1,491,3,0.012623230880613824,1.3505898740965525,True,False,"[7, 12, 15]","[0.11305914964465706, 0.09941845918169753, 0.10607054718293156]"
47,2,839,1,0.013164626511879763,1.3886154015952061,True,False,[7],[0.12980615523286884]
47,4,472,1,0.01349253902167818,1.8366753990258577,True,False,[8],[0.1133330581938872]
47,5,514,1,0.01327620885160904,1.8939371684817905,True,False,[7],[0.11833021948843322]
47,6,864,1,0.012264968566367902,1.7161626300262665,True,False,[7],[0.11500838367797189]
47,7,222,2,0.0086401984533178,1.6990764909320788,True,False,"[7, 8]","[0.1625293890863993, 0.09830803025853731]"
47,8,146,1,0.014286837962401187,1.4100917512848254,True,False,[8],[0.10128492381040909]
47,9,19,2,0.011765655075267828,1.3796267943936442,True,False,"[7, 15]","[0.12141180413174808, 0.12059032391084161]"
47,10,308,2,0.009302740489617833,1.7122091584182244,True,False,"[7, 12]","[0.12032805487275405, 0.05079597018404223]"
47,11,74,1,0.013571434586350333,1.613382470372138,True,False,[7],[0.0995402896947236]
47,12,0,2,0.009714014536379276,1.3941546077941482,True,False,"[6, 7]","[0.06704162909305382, 0.11729607048085224]"
47,13,233,1,0.011540757465950659,1.5419437844170973,True,False,[7],[0.1217510650248773]
47,15,237,1,0.013640800001439869,1.6112768545616307,True,False,[7],[0.12673174967546208]
47,18,968,1,0.014292446306234002,1.389205092297607,True,False,[12],[0.07290192238574121]
47,19,390,1,0.011548014192860652,1.3859063521539987,True,False,[15],[0.10239596701815859]
47,20,1056,1,0.013813987643735546,1.5261706227369596,True,False,[7],[0.09683962672945891]
47,21,225,2,0.011074618987990628,1.832987618270482,True,False,"[7, 16]","[0.1319035500758556, 0.10836585771658355]"
47,22,1105,2,0.0170612314869194,1.3497309783384608,True,False,"[7, 15]","[0.11746339400664518, 0.12457709636285268]"
47,23,885,1,0.012880644277274032,1.525043673455505,True,False,[5],[0.08740226343115413]
48,1,491,4,0.010815454410709417,1.348500491295476,True,False,"[7, 8, 12, 15]","[0.1323835185876251, 0.10354905976473193, 0.12023451161766795, 0.1335183913498819]"
48,2,839,1,0.014139180856441367,1.3981273902848876,True,False,[7],[0.14415140887771002]
48,5,514,1,0.013380840486425107,1.930299638585129,True,False,[7],[0.11478548869982429]
48,6,864,1,0.011530654715777234,1.746085117716066,True,False,[7],[0.10576058919651689]
48,7,222,3,0.009629182106054767,1.7051069389035258,True,False,"[7, 15, 17]","[0.1641084097499477, 0.15592478377765093, 0.06869053801178418]"
48,9,19,1,0.014240866069627895,1.3900844152696725,True,False,[15],[0.11545160562594349]
48,10,308,1,0.011677784047026884,1.7453050450097618,True,False,[7],[0.12551213695593944]
48,11,74,1,0.012554307289750478,1.6429596931447175,True,False,[7],[0.09986478901911057]
48,12,0,1,0.014435069078329215,1.410710206434538,True,False,[5],[0.07759409926939298]
48,13,233,1,0.01347504593496728,1.5609754195296297,True,False,[8],[0.09909777876863982]
48,16,643,1,0.01266691582905237,1.6102333459614053,True,False,[7],[0.12557144027184958]
48,17,1017,2,0.010087957820650301,1.531968916202598,True,False,"[7, 12]","[0.07471979476618738, 0.0447150999531152]"
48,18,968,2,0.008755907809246557,1.399618126552806,True,False,"[7, 12]","[0.11324391055642478, 0.08193176427828883]"
48,19,390,1,0.012745962547294376,1.3858144787461126,True,False,[15],[0.10988832106351584]
48,20,1056,1,0.013459531604321248,1.5434783794724125,True,False,[7],[0.10039324004408849]
48,21,225,1,0.013971146002497237,1.8629555609093362,True,False,[5],[0.09068593328298241]
48,22,1105,2,0.009917425234973068,1.3525119772516463,True,False,"[7, 12]","[0.12113983233916517, 0.0647742122241192]"
49,0,656,1,0.012917850838441998,1.4902951389247932,True,False,[5],[0.06052483226084389]
49,2,839,1,0.01204837036905984,1.3960983058510246,True,False,[8],[0.1179245501479258]
49,3,694,1,0.013473818614460776,1.6863762644260951,True,False,[7],[0.10177194165676232]
49,4,472,1,0.013301570906297059,1.8682903350479838,True,False,[5],[0.12692592533764027]
49,5,514,1,0.013777664349004098,1.9514597136341298,True,False,[5],[0.09570269841871024]
49,6,864,1,0.014494556556289517,1.755769095370733,True,False,[8],[0.09017914814114154]
49,7,222,1,0.01322944822642631,1.727091637396556,True,False,[7],[0.16851727886606674]
49,8,146,1,0.014356297718036943,1.4212440790139433,True,False,[5],[0.11879708680442469]
49,9,19,1,0.014732507937277982,1.3922880429254143,True,False,[8],[0.0970382150025484]
49,10,308,1,0.011016241726995685,1.780318026059175,True,False,[7],[0.1123328780136823]
49,11,74,2,0.009287855356065921,1.656215028485369,True,False,"[7, 15]","[0.11181236412286431, 0.11750707411106633]"
49,12,0,1,0.014892983539969507,1.4168219391002037,True,False,[5],[0.09011196994581094]
49,13,233,1,0.012305607422555934,1.5884342446581594,True,False,[8],[0.09799155451053762]
49,14,7,1,0.013963939169662081,1.3750370010663402,True,False,[7],[0.10164414371080673]
49,15,237,1,0.013634252107622534,1.6353539636367351,True,False,[5],[0.056812894096713216]
49,16,643,1,0.014761324466190284,1.617314137996842,True,False,[16],[0.07490185608753645]
49,17,1017,1,0.012205365901333514,1.5606772307807457,True,False,[5],[0.10904998875995212]
49,18,968,1,0.012315141741560492,1.4258467020856076,True,False,[7],[0.11001816528607623]
49,19,390,2,0.009037798353612899,1.3876088697349092,True,False,"[12, 15]","[0.09251000056431087, 0.11110257726141855]"
49,20,1056,1,0.013534513692743406,1.5640228442729167,True,False,[7],[0.09946653446774735]
49,21,225,1,0.014407023314041013,1.8855065483785987,True,False,[7],[0.11091916814825212]
49,22,1105,1,0.014053213699427636,1.3555749685913114,True,False,[8],[0.08085017619091027]
50,0,656,1,0.012586844649372441,1.5149767971423351,True,False,[5],[0.06631143578493257]
50,1,491,1,0.014243871991710955,1.3613048236472576,True,False,[5],[0.08853363246101448]
50,2,839,2,0.008733047954546201,1.413173371897973,True,False,"[7, 16]","[0.14489352690356508, 0.07128225182056354]"
50,3,694,1,0.012632661285121064,1.7123099280169916,True,False,[7],[0.15242409385842734]
50,5,514,1,0.014693148761278314,1.9574471650547982,True,False,[17],[0.0531886101442104]
50,6,864,1,0.012548913861498905,1.7885219073767562,True,False,[5],[0.10570685764438843]
50,8,146,1,0.013626019124234605,1.4187918408208626,True,False,[15],[0.09358132774017448]
50,9,19,1,0.014032729466833262,1.4011678567456576,True,False,[8],[0.0927393196115752]
50,10,308,1,0.011692398968783801,1.8116244521161953,True,False,[7],[0.12119194721293534]
50,11,74,1,0.012608865503435552,1.6569186952786543,True,False,[8],[0.1358307338662325]
50,12,0,2,0.010283038763959449,1.4266952797690426,True,False,"[6, 7]","[0.0656689429648997, 0.11955421865375822]"
50,13,233,3,0.007315103259219212,1.5927558933739165,True,False,"[7, 8, 15]","[0.11173068149444547, 0.09691267601735801, 0.10126930996224072]"
50,14,7,1,0.013956439371317476,1.402370416831892,True,False,[8],[0.08532000616237341]
50,15,237,1,0.012396131864691622,1.6392125643718545,True,False,[8],[0.12100960457034257]
50,16,643,1,0.01184940671057094,1.616813658193598,True,False,[8],[0.09883562004256037]
50,17,1017,1,0.01230037519573098,1.5967649341743566,True,False,[7],[0.06102260293374294]
50,18,968,1,0.013500620655660253,1.4049378072465801,True,False,[15],[0.1182916456040265]
50,19,390,2,0.008149440817686385,1.4014239325474362,True,False,"[7, 15]","[0.11368241380402808, 0.12403731512660249]"
50,20,1056,1,0.014344976964137423,1.5795996377512886,True,False,[7],[0.1114851223636428]
50,22,1105,1,0.0143076802096393,1.3671902195265513,True,False,[8],[0.07623636746260817]
50,23,885,1,0.012379475433117234,1.5508539803984887,True,False,[7],[0.09174245860979373]
51,0,656,1,0.012880367614327334,1.5449105558719953,True,False,[5],[0.08123281317321934]
51,1,491,1,0.014318235114420826,1.378270509543798,True,False,[5],[0.10752131930795034]
51,2,839,3,0.008140958118981186,1.4199217464923013,True,False,"[7, 8, 15]","[0.1340182701879315, 0.10930188214423862, 0.08422295202672325]"
51,3,694,3,0.009425767132826854,1.7210600292435292,True,False,"[7, 15, 16]","[0.15209720824946366, 0.17009485268054145, 0.11937937787385608]"
51,4,472,2,0.008662904638224623,1.8717040383576191,True,False,"[8, 17]","[0.1067389115749835, 0.13632567367912324]"
51,6,864,1,0.012225254755216925,1.815036458836566,True,False,[7],[0.10439458441612635]
51,7,222,1,0.014552516943683898,1.7436912741413497,True,False,[5],[0.10741318290216544]
51,8,146,1,0.013482816716175546,1.450840899460596,True,False,[7],[0.11232438367487745]
51,9,19,1,0.013606383388324254,1.4309347524995828,True,False,[7],[0.13519778827730522]
51,12,0,3,0.009916189229683313,1.4305498971276034,True,False,"[6, 7, 16]","[0.06634986022116714, 0.11575014432339045, 0.07768784244000197]"
51,13,233,2,0.00801987880588425,1.6081697257854932,True,False,"[7, 8]","[0.12850502103232328, 0.09767616498304883]"
51,14,7,1,0.013769064040230525,1.4282030661939331,True,False,[8],[0.08449935792019836]
51,16,643,1,0.01333147816119962,1.635418891027093,True,False,[7],[0.15152728932285595]
51,17,1017,1,0.013845084602140267,1.6258633621073904,True,False,[7],[0.08560750118426241]
51,18,968,2,0.00896163893276853,1.417960554199407,True,False,"[7, 16]","[0.12419450904706002, 0.09206912101746902]"
51,19,390,1,0.012147564925160267,1.4270898558260834,True,False,[5],[0.06626393724599043]
51,20,1056,1,0.011685779270381553,1.6113813071488958,True,False,[5],[0.05860832106434486]
51,21,225,1,0.012806539729037803,1.9213319576990633,True,False,[5],[0.0949550886774614]
51,23,885,1,0.012057364173793406,1.5784050983334343,True,False,[5],[0.08529866760894819]
52,0,656,1,0.012383190717256064,1.5705893308062295,True,False,[8],[0.18564275110673012]
52,1,1234,1,0.07470164055227053,2.1336671531867926,True,False,[7],[0.12949482369986196]
52,2,694,3,0.008796789013589542,1.7235571321041254,True,False,"[7, 8, 16]","[0.1350390763094852, 0.12700743531418945, 0.07540779430928989]"
52,4,514,1,0.014111354577467131,1.9824388368157067,True,False,[7],[0.17760077281542475]
52,5,491,1,0.014155143269939344,1.3749559709275314,True,False,[15],[0.07748971204683636]
52,6,839,1,0.013590817841459272,1.4152551979736534,True,False,[8],[0.08893793236587383]
52,7,74,1,0.013703925175857671,1.6874424287799392,True,False,[7],[0.16550934125980368]
52,8,0,1,0.013124765897498461,1.4520826980395223,True,False,[5],[0.1048344676819786]
52,9,233,1,0.013476262684268695,1.6257649896611386,True,False,[8],[0.1116002979229007]
52,11,864,1,0.012545884314208462,1.8123669557973046,True,False,[8],[0.14303926462551833]
52,12,222,1,0.013751052388386226,1.764263326091479,True,False,[5],[0.08126334582915434]
52,13,146,1,0.012470874105368485,1.4574497098806076,True,False,[8],[0.09905336255580235]
52,15,308,1,0.012260508969830925,1.815434055678408,True,False,[12],[0.04749363221951705]
52,16,1105,3,0.00833898782442879,1.37880486047895,True,False,"[7, 8, 15]","[0.12081269476680906, 0.10836572373238706, 0.0980678880772147]"
52,17,885,1,0.013003703407834842,1.6090427412760835,True,False,[7],[0.1008112984990776]
52,18,237,1,0.013908103422754867,1.6660175955374232,True,False,[5],[0.13035528327371967]
52,19,643,1,0.0113641196157487,1.6748937498146115,True,False,[5],[0.05987319745117367]
52,21,968,2,0.011475119815208969,1.4238135861672216,True,False,"[7, 12]","[0.11499332709241084, 0.07246549018094739]"
52,22,1056,1,0.014290333971726283,1.6078032959400241,True,False,[7],[0.12122454163471293]
52,23,225,1,0.013834891150396303,1.922247097700844,True,False,[11],[0.0406323782575639]
53,0,656,1,0.01354930128475425,1.6010632232409125,True,False,[7],[0.1184751542374711]
53,1,1234,1,0.014337394538137734,2.1503424855841375,True,False,[12],[0.1212467896675123]
53,2,694,1,0.013593827648066475,1.7157240298859155,True,False,[8],[0.12616481422708242]
53,3,472,1,0.011667597445836462,1.879641324959646,True,False,[8],[0.14294145883100493]
53,4,514,1,0.01577258465653763,1.980204812361942,True,False,[5],[0.11707756361538302]
53,5,491,1,0.014616356031055211,1.3523675394060135,True,False,[12],[0.050987669491618856]
53,6,839,1,0.01319648281624017,1.413983829420083,True,False,[8],[0.08743601841511348]
53,7,74,1,0.01388983836620595,1.7163432034631423,True,False,[7],[0.1639558344970229]
53,8,0,2,0.012961693153374107,1.4483078756710752,True,False,"[6, 7]","[0.02939650180191068, 0.11694353705463999]"
53,9,233,2,0.008894721471632937,1.6437057126588261,True,False,"[7, 8]","[0.11936652711380649, 0.11618694500364667]"
53,11,864,1,0.01295482738081429,1.8490190346463966,True,False,[7],[0.1097246743436812]
53,13,146,1,0.012892166196738972,1.4741420927949,True,False,[5],[0.12043584060964402]
53,15,308,1,0.013341431322917725,1.817313699173869,True,False,[12],[0.05955593832905766]
53,16,1105,2,0.009209940538600811,1.378860433665203,True,False,"[8, 12]","[0.1127107310254017, 0.06727262739344546]"
53,17,885,1,0.012043089310536171,1.6390258049713284,True,False,[5],[0.10790493429016859]
53,19,643,1,0.013077142636810929,1.706779392161339,True,False,[5],[0.06792052709089332]
53,20,1017,2,0.012699674761146758,1.6261599591498188,True,False,"[7, 12]","[0.12697275093960197, 0.05757592134919817]"
53,21,968,2,0.010334588606910037,1.4319062655222758,True,False,"[7, 8]","[0.11985597572867379, 0.12218626361135507]"
53,22,1056,1,0.014025701026507086,1.605075837890724,True,False,[7],[0.11256568316099054]
54,1,1234,1,0.01330830244112799,2.182875662445699,True,False,[5],[0.11140065520224511]
54,2,694,2,0.009124190581080185,1.7285613031105385,True,False,"[7, 8]","[0.12264413370885097, 0.1168344502230053]"
54,3,472,1,0.012975500452608086,1.91616477987308,True,False,[5],[0.13274601556708662]
54,4,514,1,0.01599299348112237,1.977418370022053,True,False,[5],[0.1190354310296055]
54,5,491,2,0.009875733600825816,1.3425589924173837,True,False,"[12, 15]","[0.06824880098712915, 0.06811204262362534]"
54,6,839,1,0.011571849773100154,1.4205934550690076,True,False,[15],[0.12163554782694405]
54,7,74,2,0.009058919733141843,1.7181195103283526,True,False,"[8, 15]","[0.09883047589970904, 0.16074595251442683]"
54,8,0,2,0.010249757938089184,1.4510388323598635,True,False,"[7, 15]","[0.11712161667704674, 0.1074175357103912]"
54,9,233,2,0.008541281335001434,1.6598878318863195,True,False,"[8, 15]","[0.1158495779822507, 0.12017468588017681]"
54,10,7,1,0.01387367193478501,1.4410651196069335,True,False,[5],[0.09954857395443432]
54,11,864,1,0.012865245931373104,1.8855439415999935,True,False,[7],[0.09980025495154136]
54,13,146,1,0.013929245173569063,1.474134348089729,True,False,[15],[0.12064994528313736]
54,15,308,1,0.013109818822460713,1.843988436885033,True,False,[5],[0.06376658427939098]
54,16,1290,3,0.04837666783847113,1.8710113099428378,True,False,"[7, 15, 16]","[0.11645587715371655, 0.10701074786401442, 0.09101140740769481]"
54,17,1105,1,0.01326135339219316,1.3746036056406532,True,False,[8],[0.10953869436817615]
54,18,885,1,0.013835343530343004,1.6346107408314723,True,False,[11],[0.024580416862364344]
54,21,968,1,0.014548308293597519,1.431630819289571,True,False,[12],[0.06611849414234595]
55,1,1234,2,0.009999742701698329,2.183510778307506,True,False,"[8, 12]","[0.1098775566953772, 0.12347315429152465]"
55,2,694,1,0.011537977491848131,1.729375411731806,True,False,[8],[0.09801707361873786]
55,4,514,2,0.012240001360870457,1.9874803244758041,True,False,"[7, 8]","[0.1814999359803171, 0.12950198063794155]"
55,5,491,1,0.014103429427318744,1.3603045598109353,True,False,[7],[0.13107718754644615]
55,6,839,1,0.012717462777582024,1.4195799603034553,True,False,[8],[0.09289857988328824]
55,9,233,1,0.012413891667953425,1.6820360017114324,True,False,[8],[0.11296191527461846]
55,10,7,2,0.008698391863107583,1.4572207153994072,True,False,"[7, 8]","[0.1188184540008403, 0.10403482161693398]"
55,11,864,1,0.013131409097350735,1.9242101149735693,True,False,[5],[0.06326985632456791]
55,12,222,1,0.013192669688580533,1.7817587845866476,True,False,[5],[0.11619484603091888]
55,14,19,1,0.012768570766131235,1.456213921073591,True,False,[7],[0.10766509253387707]
55,15,308,1,0.01393529158432988,1.855066014312714,True,False,[7],[0.1240067398320902]
55,16,1290,3,0.0073343445203905705,1.8840695414879232,True,False,"[7, 8, 15]","[0.10508377854804088, 0.1102862514863482, 0.10582739517449613]"
55,17,1105,2,0.011306353784570306,1.3586707707140355,True,False,"[12, 15]","[0.05830986287825698, 0.09308177531945828]"
55,18,885,1,0.014308558393665426,1.6453157674814207,True,False,[11],[0.04194262932655839]
55,20,643,2,0.00979176469690721,1.724301490275113,True,False,"[7, 8]","[0.12304912473989509, 0.1312792372538244]"
55,21,968,2,0.00988782780809527,1.4277979032213075,True,False,"[8, 12]","[0.12113442874970425, 0.05687082078717674]"
56,1,1234,2,0.012206206505704361,2.2056247192735685,True,False,"[7, 12]","[0.11847134518386553, 0.11532645678279882]"
56,3,472,1,0.011584708189120824,1.919270166739403,True,False,[8],[0.14282904890994494]
56,5,491,2,0.009585579381776657,1.3623392686543905,True,False,"[7, 12]","[0.1302310442423478, 0.09168031926265689]"
56,6,839,4,0.008477114702944051,1.4231399267433886,True,False,"[7, 8, 15, 16]","[0.10929294642425615, 0.11531369539244936, 0.1465794792605417, 0.07705652802260746]"
56,7,74,1,0.013394509612195632,1.751173821495881,True,False,[7],[0.14724999647538276]
56,8,0,2,0.01215853260534526,1.44762711135057,True,False,"[6, 7]","[0.0423941340753404, 0.11235922750553627]"
56,10,7,2,0.009102486225083771,1.4620154164294272,True,False,"[7, 15]","[0.12652678797410183, 0.12090292291155955]"
56,11,864,1,0.01300945442620808,1.9654676857949982,True,False,[5],[0.06996691993073402]
56,12,222,2,0.010670357567693918,1.7935307686226787,True,False,"[7, 17]","[0.12108189261859982, 0.05828729360253784]"
56,13,146,1,0.011903717312814257,1.499986502218202,True,False,[7],[0.12684890393388376]
56,14,19,1,0.013655369982687123,1.4686836650246653,True,False,[5],[0.09469906557180524]
56,15,308,1,0.013382321905633906,1.8639550473069926,True,False,[7],[0.13233309881359417]
56,17,1105,1,0.012755592312661494,1.3803204910214217,True,False,[7],[0.0943365530281371]
56,18,885,1,0.013773257777509955,1.6510972573638991,True,False,[11],[0.057603890641067856]
56,19,1342,1,0.03860247480935801,1.5387520744855239,True,False,[7],[0.1180572533623805]
56,21,643,1,0.013943892880740981,1.7279390025538857,True,False,[8],[0.13966622549641908]
56,22,1282,1,0.024474810645559734,1.4893433048955447,True,False,[7],[0.11183664221441264]
56,23,1258,1,0.10786745829459021,1.5848436796676248,True,False,[7],[0.07911291786569258]
57,0,656,1,0.013622210622781124,1.6265684866297314,True,False,[7],[0.12291456557783562]
57,1,1234,2,0.0129184627971655,2.2238702868939364,True,False,"[7, 15]","[0.11667402578227143, 0.13148770627555972]"
57,2,694,1,0.011850309562016001,1.7617875263035172,True,False,[7],[0.12772512936635702]
57,5,491,1,0.013958063242502764,1.3683943009350672,True,False,[15],[0.08988904783852353]
57,6,839,1,0.012769741432870914,1.4321175651617009,True,False,[7],[0.1211540442327565]
57,7,74,1,0.012872856181076702,1.7520373394344475,True,False,[8],[0.09199910293114626]
57,8,0,1,0.013356997083077696,1.4565596832842014,True,False,[15],[0.10940978692652158]
57,9,233,1,0.012861080721990367,1.7018737804185289,True,False,[15],[0.1377796597910722]
57,10,7,1,0.012357290452084875,1.4820105820172982,True,False,[8],[0.09977705958996681]
57,11,864,1,0.013772039830640041,1.9658171933498676,True,False,[15],[0.11387755548007829]
57,12,222,2,0.010426923419687251,1.8144595746922307,True,False,"[7, 8]","[0.11782625926788241, 0.06611562833618491]"
57,13,146,2,0.00969312206119094,1.5082557808355943,True,False,"[8, 15]","[0.10313215798261959, 0.14134320248453605]"
57,14,19,1,0.012570628659320984,1.488789303615579,True,False,[5],[0.10966076247678855]
57,15,308,1,0.013134224107001434,1.8742117712146082,True,False,[7],[0.1445116807941968]
57,16,1290,1,0.012386863058433478,1.8843304804732788,True,False,[15],[0.10672780390750411]
57,17,1105,1,0.013510269914797588,1.376683842799179,True,False,[8],[0.11878436849022417]
57,18,885,1,0.011541650205328135,1.6868630778027356,True,False,[7],[0.1256458654664781]
57,19,1342,1,0.012633191129468282,1.536215360441036,True,False,[7],[0.11553777183363595]
58,0,656,1,0.013793946522843254,1.6519586285443728,True,False,[7],[0.12352644267853093]
58,1,1234,2,0.012465069065711588,2.245367208662511,True,False,"[7, 12]","[0.12619823740457323, 0.13291624332927532]"
58,3,472,1,0.011367919944792918,1.921650514833711,True,False,[15],[0.18986008118318862]
58,4,514,1,0.013946851380316426,2.014567725985377,True,False,[7],[0.15652545549829516]
58,5,491,1,0.013302537909923084,1.3733413755031085,True,False,[8],[0.12498384895862413]
58,6,839,1,0.013466048401747074,1.4341829601032254,True,False,[8],[0.10811254366104198]
58,8,0,3,0.009396998190601547,1.4519824086502842,True,False,"[6, 7, 16]","[0.05858253622266376, 0.10308103118486188, 0.055095324595647]"
58,12,222,1,0.013487329985317738,1.8152749982497882,True,False,[8],[0.06584731853847155]
58,13,146,2,0.010733998034414978,1.5154861503272352,True,False,"[8, 15]","[0.10441080054037194, 0.1509015022897104]"
58,14,19,1,0.012405724130841943,1.4919101981428704,True,False,[8],[0.0846901654834937]
58,15,308,1,0.011729651446011874,1.9161691691237985,True,False,[5],[0.08138940448664221]
58,16,1290,1,0.012183343176706881,1.8837918348008964,True,False,[8],[0.11915207019462079]
58,17,1105,2,0.009850000198287407,1.376812431397127,True,False,"[8, 15]","[0.130657040573107, 0.07886279312832566]"
58,18,885,2,0.009085397027931706,1.7078626698968715,True,False,"[7, 11]","[0.11023122552105737, 0.07163819257593826]"
58,19,1342,1,0.012418173997865713,1.5346001901271322,True,False,[7],[0.10753014411127082]
58,21,643,1,0.012627851379765596,1.7469492454549547,True,False,[7],[0.12350437488412648]
58,22,1282,1,0.013617085631607231,1.4906963996055427,True,False,[7],[0.11694596118052701]
58,23,1258,1,0.012334359318744714,1.590518164443595,True,False,[7],[0.07200368150850664]
59,0,656,1,0.013926226388229043,1.675174421237485,True,False,[5],[0.09386207026414678]
59,1,1234,2,0.012382312367365932,2.271062246727273,True,False,"[7, 12]","[0.11788994307898203, 0.12174299332974646]"
59,2,694,4,0.009895082933644,1.7609883430546438,True,False,"[7, 8, 15, 16]","[0.12968302750486238, 0.10649668412129798, 0.11426075993315116, 0.11598079764842661]"
59,3,472,1,0.01151262753974612,1.9236206085246952,True,False,[8],[0.15935187761839087]
59,4,514,1,0.013724855014593647,2.0446745126634553,True,False,[7],[0.14487840717170652]
59,5,491,2,0.00974704943165653,1.370662195466696,True,False,"[12, 15]","[0.09683122861945842, 0.09065134432305447]"
59,6,839,1,0.012014614039901412,1.4458557828884984,True,False,[5],[0.13141775611180515]
59,7,74,3,0.008201926782565835,1.767890308559951,True,False,"[7, 8, 15]","[0.13811897639055265, 0.09824723413550536, 0.154326288669557]"
59,8,0,1,0.012504437583287445,1.4625070880559412,True,False,[15],[0.1049923855364584]
59,9,233,1,0.01357020309193816,1.6986420077765345,True,False,[5],[0.11646174109126606]
59,10,7,1,0.012185301036184685,1.4863466492032262,True,False,[7],[0.12371550789561753]
59,11,864,1,0.012104105460443477,2.001795352889502,True,False,[7],[0.10888200434497979]
59,12,222,1,0.013521206098478912,1.818169461148939,True,False,[8],[0.09460662324310334]
59,14,19,1,0.01323232449543609,1.4981992385698149,True,False,[8],[0.09083794316081786]
59,15,308,1,0.014429328658942277,1.9121305936374553,True,False,[12],[0.07699233601306799]
59,16,1290,1,0.011079361573703293,1.9255489858969317,True,False,[7],[0.0999022501739942]
59,17,1105,1,0.013650096687711454,1.3635551407540063,True,False,[12],[0.09306407475790383]
59,18,885,1,0.012834146816937411,1.711532796881968,True,False,[11],[0.07261892756270466]
59,19,1342,1,0.013615406972306468,1.5499382262555126,True,False,[5],[0.06899278911653142]
59,20,237,1,0.012672342376591043,1.6980384662911319,True,False,[7],[0.1165407666006066]
59,21,643,1,0.01350004328023833,1.7494495701743529,True,False,[8],[0.12986861643340336]
59,22,1282,1,0.013210622055414758,1.4941594597913053,True,False,[7],[0.1168139521361889]
59,23,1258,1,0.013495138480865686,1.5961559060428578,True,False,[7],[0.08448242766470707]
60,0,656,1,0.01321642874506386,1.7073109130684663,True,False,[7],[0.11941736493099193]
60,1,1234,2,0.009335998108661918,2.289124871203671,True,False,"[7, 8]","[0.10388635128856782, 0.11469178941326759]"
60,2,694,1,0.0138708816420655,1.7646078885275525,True,False,[5],[0.1156667676290282]
60,3,472,2,0.010150509195224143,1.9367385116216693,True,False,"[7, 15]","[0.16630263267782874, 0.2074629716596249]"
60,5,491,3,0.007570564417860509,1.3780405081014806,True,False,"[7, 12, 15]","[0.13734750743694757, 0.09342425161622206, 0.08499055297402161]"
60,7,74,1,0.012897516611425346,1.767503334274476,True,False,[8],[0.09995885451722641]
60,8,0,3,0.009994898098161521,1.4667806043571325,True,False,"[6, 7, 8]","[0.07803529521643378, 0.10342542140883909, 0.1073420342662448]"
60,9,233,1,0.013027170259751364,1.7159227434217188,True,False,[15],[0.13702652427557815]
60,10,7,2,0.0082422482437232,1.5018993501986047,True,False,"[7, 8]","[0.12321541699889621, 0.08893092175655366]"
60,12,222,1,0.012391471638180244,1.846174287050523,True,False,[5],[0.12003626837446472]
60,13,146,2,0.008902198668899382,1.5308565465504218,True,False,"[7, 8]","[0.13765456704633133, 0.10297122882954526]"
60,14,19,1,0.013395963980511872,1.5236395511894505,True,False,[7],[0.1234637615506977]
60,15,308,1,0.012843606688063298,1.924592901752203,True,False,[7],[0.1506022029427847]
60,17,1105,1,0.013837624111714865,1.3634088147355063,True,False,[8],[0.1285044367118893]
60,18,885,1,0.010193745094396025,1.7541128759687836,True,False,[7],[0.1037017658050686]
60,22,1282,1,0.013845510404668328,1.4895658490224088,True,False,[5],[0.08513030471145847]
61,0,656,1,0.01272908463348559,1.7398834234665568,True,False,[7],[0.11612208488627707]
61,1,1234,1,0.013451841482735255,2.305390494845316,True,False,[12],[0.1240862094822384]
61,2,694,1,0.01190596810164789,1.7639695444878758,True,False,[8],[0.09015213891929563]
61,3,472,2,0.008167976403933023,1.9517197517828595,True,False,"[7, 8]","[0.16968032363303306, 0.16990893761746173]"
61,5,491,2,0.009726142511282676,1.3860151264311071,True,False,"[8, 15]","[0.13686428102091827, 0.09650998771107677]"
61,7,74,1,0.01236851342043066,1.767390875127823,True,False,[8],[0.09798895499152757]
61,8,1460,1,0.08402597319976292,1.9485902079163706,True,False,[5],[0.10446237407278737]
61,9,0,1,0.01341644499490188,1.4707310900758068,True,False,[7],[0.11995903839674515]
61,11,7,1,0.01382927307275826,1.4977340871912048,True,False,[7],[0.11622087047728098]
61,12,864,1,0.011876691320899944,2.0427097454396828,True,False,[5],[0.11334501866424049]
61,13,222,1,0.010673316460819083,1.8847911033220246,True,False,[7],[0.12780375733029664]
61,14,146,1,0.012161727041104419,1.5424416370754592,True,False,[5],[0.1088754390763048]
61,15,19,1,0.01315952185396089,1.5300732593283013,True,False,[7],[0.1626764338454557]
61,17,1290,1,0.014732748141606763,1.9328371636139012,True,False,[16],[0.05627541840775813]
61,18,1105,1,0.010904454159779657,1.3924539323793053,True,False,[7],[0.10341251021883126]
61,20,1342,1,0.01200802214364747,1.5532753468497675,True,False,[5],[0.058286840056599204]
61,21,643,1,0.011511754705232843,1.782941312832584,True,False,[5],[0.10514232724745616]
61,22,1282,1,0.013132902497463185,1.497917166184338,True,False,[7],[0.10472383723494169]
61,23,1258,1,0.012665970043977166,1.6052445743711075,True,False,[7],[0.08918772215511644]
62,1,1234,2,0.010074030403488398,2.3206265247721265,True,False,"[7, 8]","[0.11550725364467557, 0.12520656367723096]"
62,2,694,1,0.011886587891578959,1.770052796204528,True,False,[8],[0.14209896461180993]
62,3,472,2,0.009121006709722159,1.9710418690938694,True,False,"[7, 8]","[0.17616254331234607, 0.1750402006385792]"
62,4,514,1,0.014750827071627792,2.0517417984060793,True,False,[5],[0.1250564164354604]
62,5,491,1,0.01375479682916366,1.3786018995937392,True,False,[12],[0.09046180703737916]
62,6,839,2,0.00941957150949809,1.4518183071785777,True,False,"[7, 8]","[0.10856585245799061, 0.10203377911827978]"
62,9,1483,2,0.054837100915270644,1.9267131749724045,True,False,"[7, 12]","[0.12083438635811714, 0.06319157651136588]"
62,10,0,2,0.009085650072788574,1.4746131117677723,True,False,"[7, 16]","[0.11770412755545494, 0.03610047363441725]"
62,11,233,1,0.013476066596263611,1.7249735585123924,True,False,[5],[0.09274525757559887]
62,13,864,1,0.01026330352679794,2.0857082193142347,True,False,[7],[0.11895563517604016]
62,14,222,1,0.013921546936879504,1.883842015400986,True,False,[15],[0.12002028056124926]
62,16,19,1,0.014320305200083023,1.530835104840114,True,False,[5],[0.14104225872618778]
62,17,308,1,0.01276755214697085,1.9606285794577296,True,False,[5],[0.11943129798581548]
62,19,1105,1,0.013197264158294492,1.3917572238277092,True,False,[12],[0.13003476502204483]
62,22,1480,2,0.0619039818106267,2.247690017191408,True,False,"[7, 15]","[0.10789087235672838, 0.13940466183733222]"
62,23,1258,1,0.012794025916594266,1.6146797873840462,True,False,[7],[0.0879234144377862]
63,0,656,1,0.013590975592144568,1.7662938882527155,True,False,[5],[0.09019854371015232]
63,1,1234,2,0.010217472228914594,2.350873707622894,True,False,"[7, 12]","[0.11373000509779115, 0.11726791359003884]"
63,2,694,2,0.010868613747221739,1.7627571484787254,True,False,"[8, 15]","[0.1536285137882497, 0.12850629145091919]"
63,3,472,1,0.011282959172000482,1.9751517663397604,True,False,[15],[0.205980044340345]
63,5,491,3,0.007914615398483324,1.3879129393840197,True,False,"[7, 8, 12]","[0.14985052052198014, 0.12928263686261532, 0.08403077991810362]"
63,6,839,1,0.011881089022015153,1.4680903993738226,True,False,[5],[0.11900064033799476]
63,8,1460,1,0.012947263274573954,1.9480531602340867,True,False,[8],[0.11488574720764627]
63,9,1483,1,0.013097434167643031,1.9298218596366412,True,False,[11],[0.04417566128663253]
63,10,0,1,0.01359903863897721,1.4532424262160173,True,False,[17],[0.09221526291844935]
63,11,233,2,0.00833326168840821,1.7435089630398963,True,False,"[7, 8]","[0.12328959075386114, 0.1305392271860786]"
63,14,1496,1,0.08037682339317688,2.3013202839345217,True,False,[8],[0.07930010724326002]
63,16,19,2,0.009584617012630251,1.5468445825891104,True,False,"[7, 15]","[0.10881493642961998, 0.10978522023780567]"
63,18,1290,2,0.008720542592535479,1.9538419644885754,True,False,"[7, 16]","[0.09813161111783819, 0.1000124948055486]"
63,20,1105,1,0.011476128082733334,1.3938794681609614,True,False,[8],[0.13375261615825493]
63,22,1480,1,0.013264767587745738,2.272494157881489,True,False,[7],[0.11833649054138283]
63,23,1258,1,0.011531315743942205,1.6379855590270491,True,False,[7],[0.07645972167774098]
64,1,1234,2,0.009680601244356277,2.3657193102139655,True,False,"[8, 12]","[0.11860963420445597, 0.10620929338798496]"
64,2,694,2,0.009082673948933957,1.7662827058240795,True,False,"[8, 16]","[0.13361289264123788, 0.1161637804449177]"
64,3,472,1,0.011577121146648524,1.975702439387938,True,False,[15],[0.21522210039862075]
64,4,514,1,0.01451134534604231,2.065226328698271,True,False,[5],[0.1321233449610403]
64,5,1531,1,0.04686862478439918,1.9678782624117537,True,False,[5],[0.08568949356709084]
64,6,491,2,0.008878801774204097,1.4001195047570882,True,False,"[7, 12]","[0.10573102094648398, 0.052359425877160054]"
64,7,839,1,0.012679867953056062,1.481608982139118,True,False,[7],[0.1305046027500138]
64,8,1529,1,0.0290814274530645,2.0818085142508362,True,False,[7],[0.12136959172026192]
64,9,74,1,0.01468384642326844,1.752344897792443,True,False,[16],[0.05373622479378865]
64,12,0,1,0.01367766616791182,1.4572315608828756,True,False,[6],[0.06112126079800539]
64,14,7,1,0.013083187505096048,1.5173535418944062,True,False,[8],[0.0841521060952724]
64,15,864,1,0.01240053105489048,2.1060395025818477,True,False,[7],[0.14777954581058078]
64,18,308,1,0.013172313815060096,1.9609985756302548,True,False,[12],[0.08601323442936469]
64,19,1290,1,0.012105927359187188,1.948340838418075,True,False,[15],[0.12757142110998637]
64,22,885,1,0.01251623761357254,1.790373264031418,True,False,[7],[0.1054905457539655]
64,23,1258,1,0.01243705998101805,1.6630753808655363,True,False,[7],[0.07839929307900721]
65,1,1234,2,0.009767742493663766,2.4057918999618106,True,False,"[7, 12]","[0.11915641913187691, 0.09672774487764933]"
65,2,694,2,0.00838694288403362,1.7792647162148205,True,False,"[7, 8]","[0.12030220312694888, 0.1386927512259468]"
65,3,472,1,0.011172227207861322,1.977564607266052,True,False,[15],[0.2347043658258163]
65,4,514,1,0.01293188805346389,2.1034043614999973,True,False,[7],[0.13616466357777934]
65,5,1531,1,0.011920102925008372,2.0116968467993828,True,False,[5],[0.08538204384370016]
65,6,491,1,0.012901096993867956,1.404254903280921,True,False,[7],[0.1149725465219204]
65,7,839,3,0.010051868595036473,1.4785934500829296,True,False,"[7, 8, 17]","[0.1469886057110236, 0.1272901782168238, 0.10373239383789822]"
65,8,1529,1,0.01628934987700262,2.082906205616018,True,False,[8],[0.12287012857378649]
65,9,74,1,0.012246724933204339,1.7809196457912762,True,False,[7],[0.12439582056212424]
65,10,1460,1,0.011211342666007833,1.9467570636524967,True,False,[8],[0.09347181115148519]
65,11,1483,1,0.014055339552645011,1.9396637914121309,True,False,[5],[0.09560495117172661]
65,12,0,1,0.013208783455142611,1.480558076680892,True,False,[5],[0.12106788521630778]
65,13,233,2,0.008091549179892394,1.7414190953556228,True,False,"[7, 15]","[0.11774560933988376, 0.14075321822525477]"
65,14,7,1,0.012288543000622742,1.537379651472086,True,False,[8],[0.07938446859340732]
65,15,864,1,0.010791043876352062,2.149571467236159,True,False,[5],[0.08047881629068099]
65,16,1525,1,0.02975529387708647,2.1424733952988615,True,False,[7],[0.10182214252799075]
65,17,19,1,0.0144841239366729,1.5653055061770385,True,False,[7],[0.12882510205791978]
65,18,308,1,0.013245027062672542,1.9563087739011915,True,False,[8],[0.10564328167138065]
65,19,1290,2,0.008861269578433457,1.9663223806790262,True,False,"[7, 16]","[0.11281622864634963, 0.14952501406182434]"
65,20,1488,1,0.026394890419475434,1.7846001599220036,True,False,[5],[0.07364262396090195]
65,21,1105,3,0.009180910730743577,1.3994530123977376,True,False,"[7, 8, 15]","[0.11536058020865034, 0.13340645390572217, 0.06467513593994088]"
65,22,885,1,0.01325007665663675,1.78405720160052,True,False,[11],[0.091792769786601]
65,23,1258,1,0.012269470468883922,1.6971166978680272,True,False,[5],[0.09182411238502257]
66,0,656,1,0.01279972928357216,1.7980982623666995,True,False,[5],[0.08383434920598323]
66,1,1234,1,0.0120543126926605,2.4398771292926384,True,False,[12],[0.10602992006565501]
66,3,472,1,0.011704326196694603,2.007026321561816,True,False,[7],[0.1704635671233166]
66,4,514,1,0.014338559897548765,2.1157788641913133,True,False,[5],[0.13550091500857103]
66,5,1531,1,0.011616686211932983,2.058915302986683,True,False,[5],[0.08625564018808672]
66,6,491,1,0.011975821483188587,1.4058904141315096,True,False,[12],[0.08450014674016838]
66,8,1529,2,0.012285054037347271,2.099862039021797,True,False,"[7, 12]","[0.12016153673848129, 0.05656151017469857]"
66,10,1460,2,0.00851311128189013,1.947078902190711,True,False,"[8, 15]","[0.09467946678719788, 0.13017042048014338]"
66,11,1483,1,0.013809579744682873,1.9381078613926066,True,False,[11],[0.03866656893022547]
66,12,0,1,0.012738819563444111,1.5058196820728893,True,False,[5],[0.12312154727963287]
66,13,233,1,0.011439832243946263,1.7669512076552416,True,False,[8],[0.09541913822888311]
66,14,7,1,0.012717215322069417,1.5559164774931833,True,False,[8],[0.08162805844784388]
66,15,864,1,0.014275071202814063,2.1493162835620354,True,False,[15],[0.07974241445386046]
66,17,19,2,0.009772479420182988,1.5786695318273811,True,False,"[7, 15]","[0.11518069078405806, 0.09629182333388321]"
66,18,308,1,0.01276748608457943,1.9556620899135995,True,False,[12],[0.10819832556287584]
66,19,1290,1,0.01179693100586671,2.003130019808496,True,False,[7],[0.10793601770660641]
66,20,1488,1,0.011888620581321124,1.818255270577576,True,False,[7],[0.10543359991875949]
66,21,1105,2,0.010874026657939429,1.3997260432886793,True,False,"[8, 16]","[0.15296897913183344, 0.14361686128606205]"
66,22,885,1,0.012449845232132084,1.7827271496105035,True,False,[11],[0.08802689229490192]
66,23,1258,1,0.013726304173081945,1.7188663505075974,True,False,[7],[0.08326380779959383]
67,0,656,1,0.011083274871575973,1.8335763861834087,True,False,[7],[0.10338292493688639]
67,1,1234,2,0.010477348226674515,2.4574436551755943,True,False,"[7, 8]","[0.1377968205711318, 0.14218758210072124]"
67,2,694,1,0.013067384111667834,1.774232883117345,True,False,[16],[0.12322916136927167]
67,4,514,1,0.013485436925208824,2.1521981632299725,True,False,[7],[0.14741073077504832]
67,6,491,1,0.011978917916676995,1.4026396511067143,True,False,[12],[0.1139409861148092]
67,7,839,1,0.011612871885439111,1.4721561958246883,True,False,[16],[0.03153817265668658]
67,8,1529,1,0.01731321233911939,2.102826051083398,True,False,[8],[0.1450551307051241]
67,10,1460,1,0.012446714751378277,1.950882557335412,True,False,[8],[0.09529872352073161]
67,11,1483,1,0.012608559205495282,1.9402128155641958,True,False,[8],[0.13550819112311813]
67,12,0,3,0.011334358381812442,1.5077793424768553,True,False,"[6, 7, 16]","[0.06993957383792207, 0.12228352380035876, 0.09189971708342246]"
67,14,7,1,0.01224606445494262,1.5805910641357255,True,False,[8],[0.074092311284981]
67,16,1525,1,0.01301044544592018,2.163443528732299,True,False,[5],[0.15471841207851306]
67,17,19,3,0.009382045033918401,1.5769631582811825,True,False,"[8, 15, 16]","[0.14033566319736693, 0.10755310765344264, 0.08509734406216886]"
67,18,308,2,0.008414271763671934,1.97406294877923,True,False,"[7, 12]","[0.09867392831748872, 0.09793747363971875]"
67,19,1290,1,0.012408486137227639,2.0383611954829615,True,False,[7],[0.10465817575175315]
67,20,1488,1,0.012711249751695353,1.8475004175808034,True,False,[7],[0.11221182811134099]
67,21,1105,2,0.009686181854622656,1.3949040410692268,True,False,"[12, 15]","[0.07838540024320109, 0.0637838220592438]"
67,22,885,1,0.012941172449420012,1.8137241212415556,True,False,[5],[0.09117535862678573]
67,23,1258,1,0.013684932487741061,1.7420754050149507,True,False,[7],[0.07829025493015737]
68,0,656,2,0.011414758376187571,1.8442165306455367,True,False,"[8, 15]","[0.19950421969129323, 0.13187640763305863]"
68,1,1234,1,0.012291609122026531,2.4909293196832185,True,False,[12],[0.10456829832271815]
68,2,694,2,0.00963998294413097,1.7731794250568436,True,False,"[8, 16]","[0.13820005142147213, 0.13647928975006973]"
68,3,472,2,0.008632013286574222,2.032525666978862,True,False,"[7, 8]","[0.1774166565110699, 0.19915176443863897]"
68,6,491,1,0.013435049404287752,1.4065463477904423,True,False,[8],[0.11848253235003753]
68,7,839,1,0.014354965437177984,1.4783390651934392,True,False,[5],[0.1274724999966876]
68,8,1529,1,0.016950589611209415,2.1084788664431042,True,False,[8],[0.14356866647629554]
68,9,74,2,0.009686769361693097,1.7824139083918666,True,False,"[8, 15]","[0.1238098267200887, 0.15599917717044268]"
68,11,1483,2,0.010662639694093819,1.9623249023465774,True,False,"[7, 11]","[0.13704543558107932, 0.055859642189931044]"
68,12,0,1,0.013996468944850474,1.5126927665859984,True,False,[6],[0.0619846511598469]
68,13,233,1,0.0121896625520769,1.763572127325175,True,False,[5],[0.1415589200300643]
68,15,864,1,0.011313885550052083,2.180189489754999,True,False,[7],[0.13593863536918732]
68,16,1525,1,0.009718569326411472,2.209761480815929,True,False,[7],[0.09464543089146697]
68,17,19,1,0.014209145875644149,1.5900468752681691,True,False,[8],[0.1388767028683661]
68,18,308,1,0.011648485511373336,1.9739239767275798,True,False,[12],[0.10315248104203696]
68,19,1290,1,0.013670792524849297,2.030390797520529,True,False,[8],[0.0972407258058834]
68,21,1105,1,0.012947099092160465,1.422053045718768,True,False,[7],[0.12287227114029459]
68,22,885,1,0.013087029715145743,1.8437555630070763,True,False,[5],[0.08616271942894999]
69,1,1234,1,0.014508958559989626,2.470024904435421,True,False,[16],[0.12546559831074466]
69,2,694,2,0.01133042301581538,1.7580254556333117,True,False,"[15, 16]","[0.14174222910890916, 0.15434001315354592]"
69,5,1531,1,0.011938267687431938,2.084679370728486,True,False,[7],[0.13477419681723085]
69,6,491,1,0.01208216864241323,1.3988748488032954,True,False,[12],[0.1261883517449846]
69,7,839,1,0.013599529180503025,1.4931802495543234,True,False,[7],[0.1400880556431819]
69,8,1529,1,0.017892892476234323,2.0901186678627592,True,False,[12],[0.09494415455734576]
69,9,74,1,0.012783722434799083,1.7850878645629367,True,False,[15],[0.14313511876789248]
69,10,1460,1,0.012587857288592458,1.9586590374011168,True,False,[8],[0.0969354270720465]
69,11,1483,2,0.010808615772426642,1.987265992091884,True,False,"[7, 11]","[0.12971896483739512, 0.06995980756892603]"
69,12,0,2,0.011740939191504852,1.5151962795993608,True,False,"[6, 16]","[0.0635427209744572, 0.09464639363812392]"
69,17,19,1,0.014093579349425307,1.6206669813102514,True,False,[7],[0.12239583281772716]
69,18,308,1,0.01299161813208676,2.003549790017512,True,False,[5],[0.12379259729138706]
69,19,1290,1,0.012735354118076756,2.06327711602978,True,False,[7],[0.10037059152771338]
69,20,1488,1,0.012214341111459005,1.8805840667790217,True,False,[7],[0.10520266176929066]
69,23,1258,1,0.013264453824468767,1.7700604592772187,True,False,[7],[0.07350899223352386]
70,1,1234,2,0.009038585071156732,2.4725081874258503,True,False,"[8, 12]","[0.12846178543164943, 0.11218084449264466]"
70,2,694,3,0.008648216557348341,1.7642164564440384,True,False,"[7, 8, 16]","[0.13784400810196362, 0.13419198766448232, 0.1639048748025315]"
70,3,472,2,0.008035085133450554,2.0378240897114637,True,False,"[8, 15]","[0.20600587563396056, 0.22254692865732228]"
70,6,491,2,0.011019021285811262,1.4138411629983698,True,False,"[8, 15]","[0.14067562728226327, 0.15277358219243]"
70,7,839,1,0.013416677933667508,1.5113075541175496,True,False,[7],[0.1471039161176705]
70,8,1529,1,0.014825687716352782,2.124926332786922,True,False,[5],[0.10939081151799801]
70,12,0,1,0.013793518944540707,1.5206943921694211,True,False,[6],[0.06299969959410809]
70,13,233,1,0.010861565339776422,1.7957185337273767,True,False,[8],[0.09629704605849931]
70,15,864,1,0.011316319072719943,2.22496519416027,True,False,[5],[0.08564957781013356]
70,16,1525,1,0.012282442110396651,2.2369372896449553,True,False,[5],[0.15060239200185255]
70,18,308,1,0.01363545035050522,2.0305105758215096,True,False,[5],[0.12034054435081389]
70,19,1290,2,0.009126856054803675,2.078342467548031,True,False,"[7, 8]","[0.10317556410239821, 0.10031328401199129]"
70,20,1488,2,0.00952026989968543,1.91359994443506,True,False,"[7, 8]","[0.1096850291511908, 0.13159190439040627]"
70,21,1105,3,0.009357792575209894,1.4202520152101692,True,False,"[8, 12, 15]","[0.11960693223616435, 0.09524689093925838, 0.08878930608819244]"
70,22,885,1,0.011659504029889873,1.8832634740532606,True,False,[7],[0.10965347639434783]
70,23,1258,1,0.012345606559097624,1.8051602318748425,True,False,[7],[0.06841657915111644]
71,0,656,1,0.010690444365741705,1.8797378403877154,True,False,[7],[0.1208789051604201]
71,1,1234,1,0.012772153627981933,2.481069240291041,True,False,[12],[0.10436646127126753]
71,2,694,2,0.01075719259795747,1.7707110549649956,True,False,"[7, 8]","[0.15121796781526284, 0.15455971893567436]"
71,3,472,1,0.011823904036980002,2.050647764495017,True,False,[8],[0.19184357746220737]
71,5,1531,1,0.011288255048371047,2.109122736220754,True,False,[7],[0.12614972133102836]
71,6,491,2,0.008444215497416785,1.4170788909934249,True,False,"[12, 15]","[0.1342048997532936, 0.14817423354300477]"
71,7,839,2,0.010957463879724004,1.5186143072505416,True,False,"[7, 15]","[0.16230479255216565, 0.16677410352921948]"
71,8,1529,3,0.010717679511791095,2.133393397805669,True,False,"[7, 8, 12]","[0.12202381914669734, 0.13482896574174072, 0.09950227328049012]"
71,9,74,2,0.008610851798318095,1.8016413016712125,True,False,"[7, 8]","[0.10391251130228617, 0.1356607997888441]"
71,11,1483,1,0.013147392245170616,1.9914530538510766,True,False,[11],[0.0659508745536961]
71,12,0,1,0.011473419588691053,1.5279343490542079,True,False,[6],[0.056512236604646306]
71,13,233,3,0.007971079775720348,1.802380164395666,True,False,"[7, 8, 15]","[0.11769223917029896, 0.11023597706614473, 0.1495988174262129]"
71,15,864,1,0.013760375398450814,2.2248442136473146,True,False,[15],[0.08717247095467577]
71,16,1525,1,0.010989001886542197,2.2763045980775196,True,False,[7],[0.0992921124117187]
71,17,19,1,0.013345250010495965,1.601144268006605,True,False,[12],[0.11570227044530648]
71,18,308,1,0.012087662987093035,2.0296259014124067,True,False,[12],[0.09976518965545775]
71,19,1290,1,0.012889856330352145,2.1144187652615543,True,False,[7],[0.10023958667649056]
71,21,1105,4,0.007726186063207065,1.4185089384970064,True,False,"[7, 8, 12, 15]","[0.1167782020482314, 0.1291331376496849, 0.10808662833500145, 0.10345941102227403]"
72,0,656,2,0.00952775224534978,1.9014853228841224,True,False,"[7, 15]","[0.12385101989846366, 0.13687594626747837]"
72,1,1234,1,0.013110831258171937,2.4859433888730007,True,False,[12],[0.12137444681233943]
72,3,472,1,0.011884100412668968,2.088545996230572,True,False,[5],[0.15807287145801002]
72,4,514,1,0.013153009733832119,2.19166822158462,True,False,[7],[0.14913821477071343]
72,5,1531,1,0.010722595123581395,2.139601946466162,True,False,[7],[0.11974918465404938]
72,6,491,2,0.0083391216468875,1.4229269632699963,True,False,"[7, 12]","[0.10089187005614987, 0.14295952083369584]"
72,7,839,2,0.009477274724790177,1.5283080358587386,True,False,"[7, 8]","[0.1397186636087541, 0.11348222397983879]"
72,8,1529,3,0.010945520753495648,2.1395889308360134,True,False,"[7, 8, 16]","[0.11037309344177587, 0.14909413673916722, 0.09609850196854441]"
72,9,74,2,0.010066413903432585,1.801543359983815,True,False,"[8, 15]","[0.1523789275968483, 0.1461748900917046]"
72,10,1460,1,0.011383015997592418,1.9976079890629814,True,False,[7],[0.12720072188565576]
72,11,1483,1,0.010663776183913858,2.031740363751986,True,False,[7],[0.12463566621750695]
72,12,0,1,0.01232205253084456,1.5416773528444847,True,False,[7],[0.11519344411600303]
72,13,233,1,0.012320157449614783,1.7987576353339916,True,False,[5],[0.17235838468691822]
72,14,7,1,0.01359987719306884,1.5792838092463108,True,False,[7],[0.11685746313433641]
72,17,19,2,0.011564837779516475,1.624683006738075,True,False,"[7, 8]","[0.10538778886584126, 0.1326844024773176]"
72,18,308,1,0.012342824065442551,2.0629045845041776,True,False,[7],[0.11127931449480023]
72,19,1290,2,0.009024071547115386,2.132264395981916,True,False,"[7, 8]","[0.09911621289423982, 0.0857205578131678]"
72,21,1105,3,0.010255783891845715,1.4208582765590245,True,False,"[7, 12, 15]","[0.11789150197123616, 0.12185881198194706, 0.11476766330162062]"
72,23,1258,1,0.012245800963665931,1.8430542424309626,True,False,[7],[0.06474730084494713]
73,0,656,1,0.012619785991146323,1.9378039404524625,True,False,[5],[0.08918570888389299]
73,1,1234,1,0.011726216114823752,2.5348028774742764,True,False,[5],[0.11047289293876171]
73,2,694,2,0.0089879907386192,1.772588681690984,True,False,"[7, 15]","[0.14574311496867573, 0.141167802518852]"
73,4,514,1,0.01378023771411122,2.208933321245991,True,False,[5],[0.1336853512793136]
73,5,1531,1,0.010925571693438689,2.1759477718635907,True,False,[7],[0.12329566248023194]
73,6,491,3,0.008240591105562094,1.4311950115850176,True,False,"[7, 8, 15]","[0.11799051595485495, 0.1435651959772145, 0.14065935383375192]"
73,7,839,2,0.008569957940693108,1.5394791919633177,True,False,"[7, 8]","[0.11314911674075309, 0.09385798450590638]"
73,8,1529,2,0.013154642393233119,2.162481552620472,True,False,"[7, 12]","[0.108416192113952, 0.11230150403233675]"
73,11,1483,1,0.011958764716688155,2.0316320382314887,True,False,[11],[0.06782593814622176]
73,12,0,1,0.011953053126152446,1.5530463945422877,True,False,[7],[0.11014464854985381]
73,13,233,1,0.011621846105614852,1.7941277896556302,True,False,[15],[0.1434475728390708]
73,14,7,1,0.01114152987337727,1.6138846628866776,True,False,[8],[0.08171535364619292]
73,16,1525,1,0.011994329586846686,2.305817869137405,True,False,[5],[0.15433656789603364]
73,17,19,2,0.009545119709559548,1.6435082783641934,True,False,"[7, 15]","[0.10447036473473287, 0.1119459676499161]"
73,20,1488,1,0.01191740355187614,1.9481417248191448,True,False,[7],[0.11394049326230078]
73,21,1105,1,0.013392704438351595,1.4199286352391824,True,False,[8],[0.12241848771870972]
73,22,885,1,0.014319154557132301,1.8958557372464893,True,False,[8],[0.07781158428370413]
73,23,1258,1,0.012544397363600105,1.881771393966989,True,False,[7],[0.0626814784232519]
74,1,1234,3,0.008213738180218524,2.5420593826714106,True,False,"[7, 8, 12]","[0.13847873663875473, 0.1295111119345115, 0.11511383515493939]"
74,2,694,2,0.00870514439423286,1.7826186258236623,True,False,"[7, 16]","[0.13338226687497481, 0.15759633847053386]"
74,4,514,1,0.013244287389525012,2.2372755265132844,True,False,[5],[0.1172933880392431]
74,5,1531,1,0.011179382302426159,2.2128604520098767,True,False,[7],[0.12098502210774312]
74,7,839,4,0.009034657036059587,1.5494482875238078,True,False,"[7, 8, 16, 17]","[0.1175791651274447, 0.10640434873705913, 0.06234198553939087, 0.13068888346535598]"
74,8,1529,1,0.017908019265093465,2.153582017218837,True,False,[12],[0.125457628032148]
74,9,74,1,0.011929160299733375,1.8018150330187752,True,False,[15],[0.14559330242424334]
74,10,1460,1,0.011863731353691608,2.0005632217306326,True,False,[8],[0.08598078739029023]
74,11,1483,1,0.009762610889847938,2.0783554191455753,True,False,[7],[0.1134159260321012]
74,12,0,1,0.013877351818577235,1.551391610665732,True,False,[8],[0.10748970181366077]
74,14,1755,1,0.06430594662751817,2.435515213487206,True,False,[7],[0.1377655813313368]
74,15,864,1,0.012609525206574875,2.225868555162825,True,False,[15],[0.08299649472021817]
74,17,19,1,0.014048680539717954,1.6582162670347644,True,False,[5],[0.14135007152391457]
74,18,308,1,0.014180470932265841,2.0863268803500947,True,False,[5],[0.12385648370981228]
74,19,1290,1,0.012450324997998159,2.1317724493070904,True,False,[8],[0.09775912213298187]
74,21,1105,2,0.009574404414926572,1.435623292117933,True,False,"[7, 15]","[0.10462955614489917, 0.101893104519838]"
74,23,1258,1,0.013198070524127251,1.92008879799635,True,False,[7],[0.06427152774076225]
75,0,656,1,0.010742826121503927,1.975343081805051,True,False,[7],[0.11287016602472076]
75,1,1234,2,0.008713670944549261,2.5637732163173093,True,False,"[7, 12]","[0.12057019677148825, 0.11212629115495755]"
75,2,1782,1,0.023085774418874987,1.4459192264862575,True,False,[5],[0.13010880589495002]
75,3,694,2,0.010649578187271873,1.7938250288596629,True,False,"[7, 16]","[0.19066478539906517, 0.15050239386995634]"
75,4,472,1,0.012296747311110162,2.1358401790617108,True,False,[5],[0.1250907916814234]
75,6,1531,1,0.010330545592939076,2.2627822019573007,True,False,[5],[0.10915746863250801]
75,7,491,2,0.010821247077757378,1.4351731956552638,True,False,"[12, 15]","[0.09007455354697981, 0.1587295090875096]"
75,8,839,1,0.0119828541839608,1.5448065113374274,True,False,[8],[0.13007182004441922]
75,9,1529,2,0.010943835119737393,2.1589107216624694,True,False,"[11, 12]","[0.08001897299436467, 0.07180808066522892]"
75,10,74,1,0.011937294712288436,1.8376606977029109,True,False,[7],[0.11845714600386659]
75,12,1483,1,0.014765030629819598,2.0707324414007955,True,False,[11],[0.02303892990276812]
75,13,0,1,0.011267990504713762,1.5619893768094564,True,False,[15],[0.1579771512634508]
75,14,233,1,0.013339177841647317,1.7983037006111637,True,False,[7],[0.1404529673897699]
75,18,19,1,0.012509335358316685,1.6621660276134176,True,False,[15],[0.11012417094259187]
75,20,1290,2,0.008852855665795968,2.152130655436068,True,False,"[7, 16]","[0.10982055062405642, 0.07983932392560948]"
75,21,1488,1,0.011118421297244718,1.9879740643126689,True,False,[5],[0.10147089511662405]
75,22,1105,1,0.011169153580830366,1.4620057038065504,True,False,[7],[0.11507561287825756]
75,23,885,1,0.013172245359317287,1.92317837037042,True,False,[7],[0.07022567162774421]
76,0,656,1,0.012751933163437848,2.015905382385826,True,False,[5],[0.08936383238002082]
76,1,1234,1,0.01305568139090677,2.566247946433112,True,False,[12],[0.12303299362155047]
76,2,1782,2,0.008976962024274695,1.4533408735258484,True,False,"[7, 15]","[0.12436061238395782, 0.13462647242449566]"
76,3,694,2,0.010613853282876434,1.7876293230057696,True,False,"[15, 16]","[0.22632635557984246, 0.15644952077608462]"
76,6,1531,1,0.010729152890874867,2.304453370231655,True,False,[7],[0.12440489212684464]
76,7,491,3,0.010105665575087654,1.442421792599138,True,False,"[7, 8, 12]","[0.11635328976990995, 0.11856149004186416, 0.09882799981612597]"
76,8,839,1,0.010558528099440712,1.5795887383638598,True,False,[7],[0.11406524013405975]
76,9,1529,1,0.01712544226930774,2.1492005291074054,True,False,[8],[0.1493357785845489]
76,10,74,2,0.008192999409444155,1.8551714985711238,True,False,"[7, 8]","[0.12375825734148493, 0.0867119803218183]"
76,11,1460,1,0.011602211326094123,2.0031147470452604,True,False,[8],[0.1330490685784808]
76,12,1483,1,0.010521320604732187,2.1137529526620393,True,False,[5],[0.11980546773265191]
76,13,0,1,0.015099100949252132,1.5521913479267175,True,False,[6],[0.04815833312255415]
76,14,233,1,0.013558359424085809,1.8140913744116265,True,False,[7],[0.14410555914328663]
76,15,1755,1,0.011349027710550545,2.437575978514956,True,False,[8],[0.16003966884425808]
76,16,864,1,0.012649256784007362,2.224627614105355,True,False,[8],[0.1254529691959627]
76,18,19,2,0.010595863188671293,1.6707557187264968,True,False,"[7, 8]","[0.1241522916998833, 0.11447158133508245]"
76,19,308,1,0.012341326445858735,2.0874632805109297,True,False,[12],[0.14512101870436034]
76,20,1290,2,0.009102274537395951,2.1717321396981064,True,False,"[7, 8]","[0.10462819700818918, 0.1233689117367047]"
76,21,1488,1,0.010785447555681511,1.9948855225705198,True,False,[7],[0.09189537988034202]
76,22,1105,2,0.009618683460234905,1.4806519428303488,True,False,"[7, 12]","[0.11373151715942363, 0.0825252756774319]"
77,1,1234,1,0.012489810264231196,2.5663708328150827,True,False,[8],[0.13889732684736464]
77,2,1782,1,0.011804573572637847,1.4514252724178724,True,False,[15],[0.12989570635062567]
77,3,694,2,0.011331088618248289,1.7803161667709384,True,False,"[15, 16]","[0.22380293531656337, 0.16746295013278964]"
77,4,472,1,0.011840171421656472,2.1849414284279387,True,False,[5],[0.11494961438513322]
77,7,491,2,0.011004472552714705,1.4416400391299886,True,False,"[12, 15]","[0.10893422358664637, 0.15442735872776062]"
77,8,839,1,0.012305755525709127,1.5813375022669098,True,False,[8],[0.12539910757617512]
77,9,1529,1,0.012828845584387492,2.1889913864617307,True,False,[5],[0.10792186735704455]
77,10,74,2,0.008211383413684482,1.8731854901569664,True,False,"[7, 15]","[0.12368861728255764, 0.12576352773284938]"
77,13,0,1,0.012959169455295258,1.5647156130082032,True,False,[5],[0.1522166957025795]
77,14,233,2,0.010128733697201823,1.8285536556531514,True,False,"[8, 15]","[0.08788129616179158, 0.12635735322350436]"
77,15,1755,1,0.010928996045509478,2.455209155046196,True,False,[7],[0.1254828050625387]
77,19,308,1,0.011944726277060998,2.0913976524228195,True,False,[8],[0.10812127920124728]
77,20,1290,3,0.008509258934398821,2.1832966319476146,True,False,"[7, 8, 16]","[0.10748481518183349, 0.12861583421450354, 0.09055899842300841]"
77,21,1488,2,0.009032378815981963,2.005935469060154,True,False,"[7, 8]","[0.07791036515860057, 0.1290181917452513]"
77,22,1105,1,0.013316217913831923,1.4684881617158947,True,False,[15],[0.14215040842387977]
77,23,885,1,0.011883711360254068,1.956690768259893,True,False,[7],[0.06672734114959536]
78,0,656,1,0.011437517135999423,2.055586967378505,True,False,[7],[0.12323354971496824]
78,3,694,1,0.010846168232187602,1.785820725208791,True,False,[8],[0.19889379465455662]
78,4,472,1,0.010868109603453024,2.205055533528717,True,False,[15],[0.13316676608795341]
78,5,514,1,0.011430211615614916,2.2797206022541325,True,False,[7],[0.11521919350762892]
78,7,491,2,0.009983113562864326,1.4463536242096073,True,False,"[7, 15]","[0.12193197552221778, 0.1452946306392166]"
78,8,839,1,0.010862712634782737,1.611699313272415,True,False,[7],[0.10866187662487155]
78,9,1529,1,0.01341443659716342,2.2358678701461594,True,False,[7],[0.10938772328064347]
78,10,74,1,0.012482691225608515,1.9073369772123678,True,False,[7],[0.1151795461069682]
78,13,0,1,0.015089211768712966,1.5520235030582845,True,False,[6],[0.05529183261702461]
78,14,233,1,0.012159140759362475,1.8298782374609983,True,False,[5],[0.11622203399858945]
78,15,1755,1,0.010179466533551612,2.4852079551980273,True,False,[7],[0.11922173089229204]
78,16,864,1,0.010996036009575055,2.257367860239842,True,False,[7],[0.09766968985651973]
78,17,1525,1,0.011951200382251547,2.3516468045966388,True,False,[5],[0.128455786723434]
78,18,19,3,0.00820118509484369,1.677457046393218,True,False,"[7, 8, 15]","[0.11774851033050622, 0.12309324559557434, 0.12300292523964372]"
78,19,308,1,0.01240521949968478,2.0923637826788686,True,False,[12],[0.1587632996980709]
78,21,1488,1,0.011390404677999847,2.0250565156122002,True,False,[7],[0.08543197265834092]
78,22,1105,1,0.013017202438328868,1.4730117664957327,True,False,[5],[0.08967960124154016]
79,1,1234,1,0.012711340332227995,2.5662104371404877,True,False,[12],[0.11541724660054382]
79,2,1782,1,0.01412399918818657,1.444049644801238,True,False,[12],[0.05004058798947966]
79,3,694,2,0.008316853852944717,1.7968967396242819,True,False,"[7, 8]","[0.1771617186116079, 0.20322039360789035]"
79,4,472,1,0.011673577205331015,2.2352881376512554,True,False,[8],[0.1249131664280871]
79,5,514,1,0.011676458641219314,2.2793564544974454,True,False,[8],[0.13202292630329535]
79,9,1529,1,0.014951227459047454,2.2330306422652395,True,False,[15],[0.18280970502787758]
79,10,74,1,0.011190565382138737,1.948480071900729,True,False,[7],[0.09548862569890508]
79,11,1460,1,0.012939011388705467,2.0361188599739206,True,False,[5],[0.10067368607741874]
79,13,0,2,0.009113155977472484,1.5563369629190522,True,False,"[6, 15]","[0.053882165820773195, 0.15317977532148952]"
79,14,233,1,0.013473237703524314,1.8462752840471908,True,False,[7],[0.1396132622108569]
79,15,1755,2,0.00764974609185681,2.4884487495000753,True,False,"[8, 15]","[0.14508353777235491, 0.09441496144332662]"
79,16,864,1,0.010936227768814085,2.2932505439955575,True,False,[7],[0.10001566624210503]
79,19,308,1,0.012616606544259413,2.130850636912136,True,False,[5],[0.07235609671656242]
79,21,1488,1,0.012362228151941887,2.036414973635986,True,False,[7],[0.09697730987214404]
79,22,1105,1,0.012125864976257521,1.4691117747072815,True,False,[12],[0.08764526963988509]
79,23,885,2,0.008886116628630536,1.972617161854099,True,False,"[7, 11]","[0.0660260608273609, 0.05501535373141693]"
80,1,1234,1,0.011936194818920118,2.5708124498633653,True,False,[12],[0.11440718366364662]
80,3,1782,1,0.011084130925752332,1.4563421558012957,True,False,[7],[0.1578919380443594]
80,4,694,2,0.008684355565820288,1.797699416094684,True,False,"[8, 16]","[0.11564638901591016, 0.03488148571786124]"
80,5,472,1,0.010659727750140915,2.2432970891670143,True,False,[15],[0.1359169105287256]
80,6,514,1,0.010122632818618329,2.3336520471575968,True,False,[7],[0.11229166739182163]
80,7,1531,1,0.013215733939787788,2.334514890513865,True,False,[7],[0.12853271946715927]
80,8,491,2,0.0090112683116724,1.454844667254626,True,False,"[8, 15]","[0.154310349354914, 0.11120836248230717]"
80,9,839,3,0.008256657556094976,1.6094930897009263,True,False,"[8, 15, 16]","[0.1491040695163828, 0.1990210693774072, 0.07616504417030247]"
80,10,1529,2,0.010303435307907345,2.2608015001204285,True,False,"[7, 8]","[0.0999015952756647, 0.11182366708362]"
80,11,74,1,0.01260816765978178,1.9514719450294868,True,False,[15],[0.11299878504490551]
80,13,1483,1,0.012004756197023634,2.144460150477806,True,False,[5],[0.1530858953330666]
80,14,0,2,0.01013916233632331,1.5535968218685543,True,False,"[6, 15]","[0.043865043927502054, 0.12153069801874632]"
80,15,233,1,0.011850571071596148,1.8485473123984564,True,False,[5],[0.09134328823211088]
80,16,1916,1,0.034732171349328156,2.2349915491735177,True,False,[8],[0.11599956978046344]
80,17,19,1,0.011714050673124676,1.7187473405587343,True,False,[7],[0.08828740478083316]
80,18,308,1,0.012298371735136142,2.1296499194051677,True,False,[8],[0.12665843026636245]
80,19,1290,1,0.012782803995623628,2.215414227330848,True,False,[5],[0.08256673941017088]
80,20,1488,1,0.0119065127698355,2.0762941657066687,True,False,[5],[0.07911335395157924]
80,21,1105,3,0.007256104824598353,1.4671849441185043,True,False,"[7, 8, 12]","[0.10169934221934768, 0.13775256141193853, 0.13047664982853874]"
80,22,885,1,0.011367009696046896,2.0117126397013307,True,False,[7],[0.11082766747773064]
81,2,1914,1,0.022294464231101485,1.7216531206822476,True,False,[7],[0.1252448327667107]
81,3,1782,3,0.007904108448540339,1.464517417672438,True,False,"[7, 12, 15]","[0.16476740835892761, 0.08378936467292165, 0.2060631465385675]"
81,4,694,1,0.011444781314112147,1.7936939564337293,True,False,[15],[0.14198227643123287]
81,5,472,2,0.008179435850434402,2.276908057642998,True,False,"[7, 15]","[0.13462478895583344, 0.16108328120321533]"
81,7,1531,1,0.013518800052405437,2.36969446869546,True,False,[5],[0.1155484490854519]
81,8,491,1,0.014301761405673604,1.4502641923058501,True,False,[12],[0.1562507440292519]
81,10,1529,2,0.011656321180130214,2.264932244092373,True,False,"[8, 12]","[0.11254303577361317, 0.07389022468401389]"
81,11,74,1,0.011436235033126725,1.9869021441201202,True,False,[7],[0.1111457244780661]
81,12,1460,1,0.011586060234882484,2.0616183951325047,True,False,[7],[0.11634186868172518]
81,14,0,1,0.013088856211042844,1.583129591893307,True,False,[5],[0.11195821224389851]
81,15,233,1,0.010185620416163799,1.88594411753546,True,False,[8],[0.1351268055021513]
81,16,1916,1,0.011170699928478394,2.2349912062267543,True,False,[8],[0.10669980066229641]
81,17,19,1,0.011191550902414365,1.7587292823969707,True,False,[7],[0.08542745701510933]
81,18,308,1,0.012261534574370446,2.1642111381441094,True,False,[7],[0.12445636490479882]
81,19,1290,2,0.00930543612997473,2.2358747550290388,True,False,"[7, 16]","[0.10477947264742934, 0.14614303275885876]"
81,20,1488,1,0.012155419214206781,2.118651981016786,True,False,[7],[0.10796139699443269]
81,21,1105,4,0.007855000868623414,1.470432780047586,True,False,"[7, 8, 15, 16]","[0.09767949380629272, 0.1493621881508882, 0.10291773945900654, 0.1782498915306432]"
82,0,656,1,0.01180423946005419,2.078548704632129,True,False,[8],[0.18848408292933524]
82,1,1234,1,0.012188409071697872,2.611376058289234,True,False,[5],[0.12162521339402843]
82,2,1914,1,0.010799241749574908,1.7530162287652256,True,False,[7],[0.12369381187325763]
82,3,1782,1,0.013331915535292413,1.4707824961058966,True,False,[5],[0.16548049290830238]
82,4,694,1,0.01257058522864709,1.8137824808610334,True,False,[7],[0.13606292770154402]
82,6,514,1,0.010861461703357543,2.385794681402229,True,False,[5],[0.11095150343317893]
82,7,1531,1,0.013077824912266278,2.410492541387105,True,False,[5],[0.10995975425172101]
82,9,839,1,0.012697387986177403,1.619612708465012,True,False,[8],[0.142584097197119]
82,10,1529,2,0.012361789538684779,2.289700440306833,True,False,"[7, 12]","[0.11222287637087937, 0.09953224338361272]"
82,11,74,1,0.011781248338031325,2.0227346702071287,True,False,[7],[0.12133833208937367]
82,12,1460,1,0.012068548344923886,2.0595095129477294,True,False,[8],[0.10841672336025522]
82,13,1483,1,0.013233731559293752,2.1450736319774446,True,False,[11],[0.020874904390004178]
82,14,0,1,0.0143440468143895,1.5773485955223896,True,False,[7],[0.1386029365175735]
82,15,233,1,0.01023983763788691,1.9239172561650086,True,False,[8],[0.1296472606484423]
82,18,308,1,0.01129491826903614,2.164684237729811,True,False,[12],[0.10043406722853093]
82,19,1290,3,0.006477696931822306,2.2480382231814056,True,False,"[7, 8, 15]","[0.09978209203696149, 0.10265257224161778, 0.123710779213706]"
82,20,1488,1,0.010213714417246056,2.148207953766631,True,False,[8],[0.14322857076928586]
82,21,1105,1,0.011330989309626146,1.495937802047718,True,False,[7],[0.10361434086154647]
83,0,656,1,0.01118774599838519,2.1144291433122446,True,False,[7],[0.11296816271828693]
83,1,1234,2,0.012770431067332744,2.613109174367766,True,False,"[12, 17]","[0.14277531643199984, 0.10601508315143954]"
83,2,1914,1,0.011129890375731335,1.7811629065251173,True,False,[7],[0.12214488201330966]
83,3,1782,2,0.008874116448324492,1.480818977162137,True,False,"[7, 16]","[0.1585523429725931, 0.15944664470282233]"
83,4,694,3,0.008570033686504629,1.8187187805465237,True,False,"[7, 15, 16]","[0.14140140687974365, 0.15175925372070775, 0.06699096174661055]"
83,7,1531,1,0.012355146213004731,2.438683987700743,True,False,[7],[0.11100021506683377]
83,8,491,1,0.0116757725350584,1.4812446355982916,True,False,[7],[0.10218900765438058]
83,9,839,1,0.01252240399097728,1.6355720521670785,True,False,[8],[0.12556062807169208]
83,10,1529,3,0.011310798088474884,2.311356356778949,True,False,"[7, 8, 12]","[0.1115014823750494, 0.1314091781282903, 0.09990813087540278]"
83,11,74,1,0.012560184980874401,2.021663154871929,True,False,[8],[0.1361819060602269]
83,12,1984,2,0.05235546489873339,2.2351484843904115,True,False,"[7, 8]","[0.11659187176195014, 0.11077615967701972]"
83,13,1460,1,0.012805921563315281,2.0752049866693403,True,False,[8],[0.11130988630038702]
83,15,0,1,0.014042947248453664,1.5795594050945498,True,False,[16],[0.09258372082561925]
83,16,233,3,0.010509355134044645,1.9206268767177967,True,False,"[8, 15, 16]","[0.11596710270307303, 0.1236789947899637, 0.11964234427946922]"
83,18,19,2,0.009275812254197888,1.7670246261686482,True,False,"[7, 8]","[0.12932695103267633, 0.1538968915396729]"
83,19,308,1,0.01209963849339554,2.1645267158673462,True,False,[8],[0.11820562814165636]
83,20,1290,1,0.012583163173020006,2.2806167812356786,True,False,[7],[0.10271160198968751]
83,21,1488,2,0.007968483077013732,2.1609193056565643,True,False,"[7, 15]","[0.08751458744061856, 0.11095937167916102]"
83,22,1105,1,0.012809427130858692,1.4942996683916885,True,False,[12],[0.12596647032802047]
84,1,1234,1,0.012435154008959741,2.6523184220067946,True,False,[5],[0.12789748914885574]
84,2,1914,2,0.008026128195529147,1.7999047411501314,True,False,"[7, 15]","[0.12265166984622485, 0.12714278315193572]"
84,5,472,2,0.008588003385115775,2.2973589175964304,True,False,"[8, 15]","[0.1340661950530404, 0.1698601961381561]"
84,6,514,1,0.010003897268961342,2.4435074361671543,True,False,[7],[0.10189438624637934]
84,7,1531,1,0.011771056876673566,2.465587675045703,True,False,[7],[0.11511502281486265]
84,10,1529,1,0.015118379882827056,2.3490192334396824,True,False,[5],[0.10627387836073357]
84,11,74,1,0.012482736469793388,2.0227566048409793,True,False,[8],[0.14953558773415876]
84,12,1984,2,0.00842568918230987,2.24956376499267,True,False,"[7, 15]","[0.11193779040064113, 0.05309248791677618]"
84,13,1460,1,0.011500636137053162,2.0962368696256624,True,False,[8],[0.10144827640104744]
84,15,0,2,0.01087075382663183,1.594837137587331,True,False,"[6, 7]","[0.02577246039290641, 0.12033723636819721]"
84,16,233,3,0.009077773629055444,1.9230076518942933,True,False,"[7, 8, 15]","[0.10427564817123743, 0.12042674590592484, 0.13566259710765025]"
84,17,1916,1,0.012282553175899448,2.273979403437286,True,False,[5],[0.1186094345156878]
84,18,19,1,0.010881680560336122,1.7685659160561598,True,False,[8],[0.14381929615243752]
84,19,308,1,0.01232452730570225,2.2020446391561546,True,False,[5],[0.09264664065104188]
84,20,1290,3,0.007230853476576812,2.2928663027613814,True,False,"[7, 15, 16]","[0.08811350935309878, 0.09639141528318854, 0.08557621689727324]"
84,22,1105,3,0.00679644220069353,1.5003457384323182,True,False,"[7, 8, 12]","[0.0988523588483555, 0.09141822482159886, 0.12359947931522425]"
85,1,1234,1,0.01147363914248029,2.6855411825911717,True,False,[7],[0.11523177525582952]
85,2,1914,1,0.013166589816845127,1.8165467416246501,True,False,[5],[0.1405019863178281]
85,4,694,3,0.007795453143718335,1.8214680431614092,True,False,"[7, 8, 16]","[0.12099923236406264, 0.12065252204691462, 0.09516425429290735]"
85,6,514,1,0.010505561090999897,2.500688085784424,True,False,[7],[0.09606217698069766]
85,7,1531,1,0.012479581390492428,2.5143885420097782,True,False,[5],[0.10663018056067375]
85,8,491,2,0.00858215265825287,1.4852694401253124,True,False,"[12, 15]","[0.14141951177995313, 0.12103745725020347]"
85,10,1529,1,0.01400324281625225,2.390051423154979,True,False,[7],[0.1053559562533625]
85,11,74,1,0.012363950942422952,2.028129993138669,True,False,[15],[0.11198714524202205]
85,12,1984,1,0.012030489055689843,2.2909341913424632,True,False,[7],[0.11733376954059904]
85,14,1483,1,0.012547300454364595,2.1445147613649134,True,False,[8],[0.0961840338190975]
85,15,0,1,0.01472717318407047,1.5955065833638353,True,False,[6],[0.03696471249859747]
85,16,233,2,0.008267908808444595,1.934848454743811,True,False,"[7, 8]","[0.09128928965153323, 0.11834521633040272]"
85,17,1916,2,0.008322351237159227,2.264379183080703,True,False,"[8, 15]","[0.11538039629432738, 0.11070450331736285]"
85,19,308,1,0.011230596669750828,2.2532722844283426,True,False,[5],[0.0902716405139941]
85,20,1290,2,0.007853223655967021,2.31381450316287,True,False,"[7, 15]","[0.07711363225583896, 0.09804596119398423]"
85,21,1488,1,0.010745190942966689,2.208202531768027,True,False,[5],[0.10340552212661319]
85,22,1105,2,0.009378537300615096,1.509492021185301,True,False,"[7, 12]","[0.1124336981589168, 0.12744463481402746]"
86,1,1234,2,0.009738096391517521,2.687939187884088,True,False,"[8, 15]","[0.13832240521333916, 0.14914226284356139]"
86,2,1914,1,0.01294482684849035,1.8396433102383885,True,False,[5],[0.1352316700272517]
86,3,1782,2,0.009788143312655243,1.4798935642578488,True,False,"[8, 12]","[0.2049891519003506, 0.12435378981975029]"
86,4,694,2,0.010150687503699832,1.8221623765877735,True,False,"[8, 16]","[0.12029815049266934, 0.10848113788564845]"
86,5,472,1,0.011046942493827875,2.319434817502621,True,False,[15],[0.16334354870258982]
86,7,1531,2,0.009271194305193109,2.555814882042796,True,False,"[7, 8]","[0.1025460684993659, 0.1280663942419793]"
86,8,491,1,0.013035455887806415,1.492348610968293,True,False,[5],[0.12065027737132514]
86,9,839,1,0.01105845864243441,1.6667399135978647,True,False,[7],[0.11605511545093743]
86,10,1529,1,0.014861599758427033,2.4338660092824727,True,False,[5],[0.12328852935514299]
86,11,74,1,0.012628348204817287,2.063634633038985,True,False,[7],[0.12007413552119559]
86,12,1984,1,0.012173938783416915,2.2947094993145263,True,False,[8],[0.11169489735127297]
86,14,1483,1,0.012108603287682512,2.178541154049833,True,False,[5],[0.11065039923121471]
86,15,0,1,0.012488967212945474,1.6262973507175946,True,False,[5],[0.08679311232569141]
86,16,233,1,0.011138740952868643,1.952430168724184,True,False,[5],[0.15498276557906454]
86,17,1916,2,0.008865678674480019,2.2746165566088603,True,False,"[7, 15]","[0.09681271134778627, 0.12139515698968646]"
86,18,19,1,0.011882507971349526,1.7915548759418651,True,False,[7],[0.11724063290856616]
86,19,308,1,0.010309939409926772,2.290665855705087,True,False,[7],[0.10195310777541289]
86,22,1105,3,0.007906990587706943,1.514367795436306,True,False,"[7, 8, 12]","[0.1204622404519423, 0.09338461959920057, 0.12695754967946526]"
86,23,885,1,0.0116139822814923,2.0440393274935587,True,False,[5],[0.08725242571395107]
87,0,656,1,0.01236597143960588,2.156568920603292,True,False,[5],[0.09017577500326163]
87,1,1234,1,0.012138985310313759,2.687834373642759,True,False,[8],[0.13931740293906633]
87,2,1914,2,0.009349894923835603,1.8565184267111803,True,False,"[7, 8]","[0.1303883830760379, 0.16617091229987815]"
87,3,1782,1,0.013636906335859237,1.4784833689396057,True,False,[12],[0.12305727923993129]
87,4,694,1,0.012701652383502154,1.8267736290820662,True,False,[16],[0.12002315285736806]
87,5,472,1,0.010709229710351221,2.3680392013185263,True,False,[5],[0.08197176497712402]
87,6,514,1,0.010963766777464443,2.5564007103274684,True,False,[5],[0.11136936332376583]
87,7,1531,1,0.012513590779278246,2.5541441426900864,True,False,[15],[0.15409418997266663]
87,8,491,3,0.0071890109519011204,1.5062648462570187,True,False,"[7, 12, 15]","[0.09682612766928127, 0.1267284948635672, 0.11705020084448131]"
87,9,839,2,0.00864053200468216,1.6711877879778452,True,False,"[8, 17]","[0.1293419884765163, 0.0720726720749296]"
87,10,1529,1,0.014080371488743965,2.4384992546431543,True,False,[8],[0.12597566657997475]
87,11,74,1,0.012546600413575878,2.1029869988455276,True,False,[7],[0.13720030618296025]
87,12,1984,3,0.006791629836466313,2.299155091214682,True,False,"[7, 8, 15]","[0.10445667639670916, 0.10126070662189221, 0.06569460118202099]"
87,14,1483,1,0.014338253438191124,2.1832703281331396,True,False,[11],[0.029535898649371478]
87,17,1916,1,0.010527920347035208,2.27077434504373,True,False,[8],[0.11028634819988757]
87,18,19,1,0.010568704628596704,1.794916403587837,True,False,[8],[0.14159363384195855]
87,19,308,1,0.011670905574751714,2.293087696344949,True,False,[12],[0.16006650127705233]
87,21,1488,1,0.01129273433035222,2.2266468233247596,True,False,[7],[0.09066519049037909]
87,22,1105,1,0.013100514781336533,1.5197691363233385,True,False,[8],[0.09719196551290687]
87,23,885,1,0.011515822742384543,2.079632874183476,True,False,[5],[0.08142650837467731]
88,0,656,1,0.011694070175333443,2.204282138682596,True,False,[5],[0.09160438524715678]
88,1,1234,1,0.011585282126415493,2.6884020105834625,True,False,[8],[0.13973163281550718]
88,3,1782,3,0.009617707179436961,1.4779267156979536,True,False,"[12, 15, 16]","[0.14022627577303703, 0.22031442282336652, 0.1776715077202738]"
88,4,694,1,0.013002337879752657,1.8325436487773765,True,False,[16],[0.13632893108939872]
88,6,514,1,0.010879082347822347,2.6120155660570528,True,False,[5],[0.11156024246599507]
88,7,1531,1,0.010933089552047094,2.58719491147899,True,False,[7],[0.10468455266068515]
88,8,491,1,0.012087592874726003,1.5372739484127296,True,False,[7],[0.1121188496841673]
88,9,839,1,0.012262318813113616,1.6942449254213046,True,False,[8],[0.13486330823188925]
88,11,74,1,0.011394924157832342,2.1487488641967984,True,False,[7],[0.12116704867394126]
88,13,1460,1,0.011367410501073635,2.1403311027674117,True,False,[5],[0.14291963183386788]
88,14,1483,1,0.012388696434191056,2.215944840080723,True,False,[5],[0.10870468455297153]
88,15,0,1,0.012386884926923202,1.6613560019293816,True,False,[5],[0.08611018842806467]
88,16,233,3,0.009098164734480024,1.9574597940897702,True,False,"[7, 8, 15]","[0.08946712578288618, 0.1179902314281388, 0.1323344474664168]"
88,17,1916,1,0.010607746426952542,2.2654384872490447,True,False,[8],[0.10151384421896327]
88,18,19,2,0.008617214540552608,1.7962030883787594,True,False,"[8, 15]","[0.1508702760248733, 0.13372561408656605]"
88,19,308,1,0.013127825167844059,2.2716421558601656,True,False,[15],[0.15623617236901138]
88,22,1105,2,0.009604401952977232,1.5169588514677408,True,False,"[12, 15]","[0.11480886770625665, 0.14029398585518935]"
89,1,1234,1,0.012693562072639265,2.725220652806349,True,False,[5],[0.12692139082737422]
89,4,694,1,0.012839026730397989,1.8468831705601687,True,False,[16],[0.13066120273676055]
89,5,472,1,0.010186895797769937,2.3840344147019583,True,False,[15],[0.16080445341510813]
89,6,514,1,0.010277621640411804,2.672011484976788,True,False,[7],[0.08950379720934619]
89,8,491,1,0.012819873892442182,1.5434817815459099,True,False,[12],[0.14005052403521853]
89,9,839,1,0.01201980395783146,1.7190875171717954,True,False,[8],[0.11927097100660299]
89,10,1529,1,0.014439085010767523,2.438475126123955,True,False,[8],[0.14042984235964479]
89,11,74,1,0.013015338674040904,2.16327087593645,True,False,[5],[0.10261479715958365]
89,12,1984,1,0.011501369670354327,2.3063210140014374,True,False,[8],[0.08908214756462103]
89,13,1460,1,0.010794001916361325,2.1685545701065316,True,False,[8],[0.10610194778579282]
89,17,1916,1,0.010385330590856742,2.263553579635133,True,False,[8],[0.10327922302483943]
89,18,19,3,0.007976657208884996,1.8026927911969852,True,False,"[7, 8, 15]","[0.1313291627451142, 0.16393133109613794, 0.14327365097928377]"
89,19,308,2,0.00917788392336552,2.2736931149970885,True,False,"[8, 12]","[0.14869406196805043, 0.16525209819291742]"
89,21,1488,1,0.012203237002780655,2.237990015735409,True,False,[7],[0.11352274215601706]
89,22,1105,2,0.008857442243492296,1.524961007871914,True,False,"[7, 15]","[0.10845703796929708, 0.13927029689634254]"
89,23,885,1,0.011716982434925825,2.120515899698216,True,False,[7],[0.06850191083787016]
90,0,656,1,0.010675231720651,2.242470813538881,True,False,[7],[0.10531133090978646]
90,1,1234,3,0.007466035988736411,2.7438558671297955,True,False,"[7, 8, 12]","[0.1334591289398571, 0.13845768872315609, 0.14520376215043934]"
90,2,1914,1,0.010498757077743986,1.8955445017001824,True,False,[7],[0.12177229568062616]
90,3,1782,1,0.011800482044090023,1.4953953666584576,True,False,[7],[0.1517520501438933]
90,4,694,2,0.009950140326017752,1.8572969233077021,True,False,"[8, 16]","[0.13729433780985376, 0.14265528978269587]"
90,5,472,1,0.010426246583165306,2.3973043305475445,True,False,[15],[0.18259545990002113]
90,8,491,2,0.009528107196652128,1.5619370196957996,True,False,"[7, 12]","[0.10490763070858232, 0.14213734521290391]"
90,9,839,1,0.011849322957713558,1.7469309148312526,True,False,[8],[0.11533005377794071]
90,10,1529,1,0.013976545287011227,2.488326696320468,True,False,[5],[0.1538383107760808]
90,11,74,1,0.012867970217865154,2.1795239555838366,True,False,[5],[0.1077598210524234]
90,12,1984,2,0.008826364225337878,2.3191875385605063,True,False,"[7, 15]","[0.10985370802314452, 0.0712956236610613]"
90,13,1460,1,0.011091360322517048,2.2151406214731906,True,False,[5],[0.13479678892229285]
90,15,0,2,0.011713037327708875,1.6571823832298305,True,False,"[6, 8]","[0.05943657766209081, 0.1405398603720925]"
90,16,233,1,0.009726790020855726,1.9660364947427509,True,False,[7],[0.08745891189257285]
90,18,19,1,0.014411793437921627,1.8047990594248147,True,False,[5],[0.13148431417078132]
90,19,308,1,0.012675374871802871,2.3145234515750417,True,False,[5],[0.10027179687744121]
90,21,1488,1,0.01002184763984925,2.2914945126035473,True,False,[5],[0.09863644048883555]
90,22,1105,1,0.012891993642676552,1.5361593666295412,True,False,[8],[0.09493146332915328]
90,23,885,1,0.01194621534233657,2.1620460523535208,True,False,[7],[0.0668348879525935]
91,0,656,1,0.011245668695316664,2.2708676150793927,True,False,[7],[0.10449668592899543]
91,1,1234,1,0.014368586574477564,2.728746295956079,True,False,[17],[0.13941340717935147]
91,2,1914,1,0.013008474645705365,1.9187201309821125,True,False,[5],[0.12750895739080462]
91,3,1782,1,0.01192051150968458,1.5129955872671776,True,False,[7],[0.1539146493139117]
91,4,694,1,0.0114494618326789,1.8795274131776705,True,False,[7],[0.11289906945904962]
91,5,472,1,0.010589329718105774,2.443666943526612,True,False,[7],[0.14694482860346816]
91,7,1531,1,0.010634983409961546,2.6144878114500902,True,False,[7],[0.11110726573296774]
91,8,491,1,0.013661374072674513,1.5602977705384034,True,False,[12],[0.15174660270539525]
91,10,1529,1,0.013186539955488451,2.4993423974989866,True,False,[12],[0.09791672085356243]
91,14,1483,1,0.012354454313140355,2.228986613551696,True,False,[11],[0.03493683501021495]
91,15,0,1,0.011000465594417539,1.6799599186682594,True,False,[7],[0.11522944265714645]
91,16,233,1,0.010535964452107955,1.9985524832137833,True,False,[8],[0.10272453042496184]
91,18,1916,1,0.010652310814623239,2.2688478266854144,True,False,[8],[0.1471403357080067]
91,19,19,1,0.013023162580338317,1.8098186788260426,True,False,[5],[0.11804992535415727]
91,20,308,1,0.01059234496810302,2.367241151237183,True,False,[7],[0.09552276422043653]
91,22,1488,1,0.010838487452392005,2.322263862959495,True,False,[7],[0.10079136599562305]
91,23,1105,2,0.010663516971806064,1.5417198825370513,True,False,"[7, 8]","[0.07493740077967129, 0.08026253093712853]"
92,3,1782,1,0.011148981038755904,1.5358500722916382,True,False,[7],[0.13586633161885225]
92,4,694,2,0.00816712070834136,1.8929035329602342,True,False,"[7, 8]","[0.10324259590780605, 0.13267007371259287]"
92,7,1531,1,0.011973144581771887,2.6106736640295893,True,False,[15],[0.16286247292684985]
92,8,491,1,0.012337211901722748,1.5889318284201372,True,False,[7],[0.1203960819222636]
92,9,839,2,0.008134522533426457,1.7696779885798535,True,False,"[7, 8]","[0.12849459733451482, 0.11607200541508365]"
92,10,1529,2,0.011913360574680428,2.5051762921590663,True,False,"[8, 12]","[0.15439873593205963, 0.1271534067669182]"
92,11,74,1,0.01318622486950905,2.2139825292398703,True,False,[7],[0.13584878239812193]
92,12,1984,2,0.009980647101948254,2.340614173133327,True,False,"[7, 15]","[0.10977972419627448, 0.06985608168276186]"
92,15,0,1,0.011934412726678644,1.718182366386344,True,False,[5],[0.08914889886658568]
92,16,233,2,0.010678526113965154,2.012212987013802,True,False,"[8, 16]","[0.11792691967784409, 0.1376770883217608]"
92,17,2167,1,0.02038861574207256,2.6054670489690985,True,False,[7],[0.09541104655489727]
92,19,19,1,0.01265290177863833,1.8103558109488962,True,False,[15],[0.15365236214501257]
92,20,308,1,0.011103006363738743,2.4185368970222867,True,False,[7],[0.09534461054467551]
92,21,1290,1,0.011900079176029681,2.357210236376373,True,False,[7],[0.11453644071820036]
92,22,1488,1,0.011595314130147864,2.3729502180999296,True,False,[5],[0.08957146648748264]
92,23,1105,2,0.011104987519235145,1.5457495267096526,True,False,"[7, 8]","[0.07976607066220169, 0.08465037269163767]"
93,2,1234,2,0.009069772145997428,2.7642117182576245,True,False,"[7, 12]","[0.11810490076156986, 0.046409667154783917]"
93,4,1782,2,0.008486142602235588,1.5525457289636082,True,False,"[7, 12]","[0.09531427699542958, 0.09306701104935158]"
93,5,694,1,0.010772456075350876,1.9187272381241365,True,False,[7],[0.134929443148429]
93,7,514,1,0.0107636447291031,2.7284430557937234,True,False,[7],[0.10387081294488006]
93,10,839,1,0.011634294181526759,1.8032769092252936,True,False,[7],[0.11711189855432287]
93,11,1529,1,0.016012647910110218,2.5341053197343872,True,False,[5],[0.12287965316769317]
93,12,74,1,0.012295840449672302,2.2590566520926902,True,False,[7],[0.10970817875275218]
93,13,1984,3,0.007288255200712428,2.355232191722828,True,False,"[7, 8, 15]","[0.11278364014500018, 0.10045207398802887, 0.14341551614802614]"
93,14,1460,1,0.010611843173169929,2.220754696659911,True,False,[8],[0.09249138624431351]
93,16,0,1,0.009872066958803286,1.7462168739180224,True,False,[7],[0.09021862209961228]
93,17,233,2,0.007535784645429394,2.0430107645849893,True,False,"[7, 8]","[0.08195465095349637, 0.097106786645012]"
93,18,2167,1,0.010871787943169,2.6543677548393574,True,False,[7],[0.1343797987976707]
93,19,1916,1,0.01064608609127824,2.26830434650694,True,False,[8],[0.13130593234192386]
93,21,308,2,0.008883987322975757,2.4444685506272608,True,False,"[7, 12]","[0.10685459891259709, 0.13750612863134817]"
94,0,2209,1,0.12961253261253702,3.7153406799058684,True,False,[8],[0.17324469516610394]
94,1,656,1,0.012348387831200005,2.3108493651908195,True,False,[5],[0.1144572849603093]
94,3,1914,2,0.008513631306060254,1.9342703618640162,True,False,"[7, 15]","[0.1267839978473496, 0.20433267422477536]"
94,4,1782,3,0.00862663313198672,1.5646458465689146,True,False,"[7, 12, 15]","[0.09759704269173938, 0.10076977700892108, 0.1515340347015321]"
94,5,694,1,0.010437016115973372,1.9490268780253788,True,False,[7],[0.12026567226843618]
94,6,472,2,0.009387511933185965,2.4826915857717937,True,False,"[7, 8]","[0.11410827496727878, 0.17082342559018684]"
94,8,1531,1,0.012477211871191772,2.6151187634400674,True,False,[8],[0.157131800726369]
94,9,491,3,0.00802943024331728,1.6007521781757674,True,False,"[7, 12, 15]","[0.13224037996621824, 0.08376629964365699, 0.17930211248457223]"
94,10,839,1,0.010902555537682018,1.8438571040895977,True,False,[7],[0.10801693372783493]
94,11,1529,1,0.016573003078497194,2.5554139749987983,True,False,[12],[0.05061167610256188]
94,12,74,1,0.011921187996820687,2.3047087385036376,True,False,[7],[0.11076753324444423]
94,13,1984,3,0.008062255561539009,2.3726335351053462,True,False,"[7, 8, 15]","[0.11141994250507614, 0.09635276645272815, 0.1337966182237831]"
94,16,0,1,0.014053540758715006,1.7372210845526572,True,False,[6],[0.014888431380161616]
94,18,2167,1,0.01235740797354816,2.6761168399495276,True,False,[15],[0.142435215212283]
94,19,1916,1,0.011011137573276573,2.2667737468917037,True,False,[8],[0.12005674034288569]
94,20,2235,2,0.06594630877301814,2.0727710299369764,True,False,"[7, 8]","[0.11211897566223865, 0.1470896232641004]"
94,21,19,1,0.012538001013919197,1.8153884171296195,True,False,[15],[0.11158759870153401]
94,22,308,1,0.009874871731236282,2.491849538812737,True,False,[7],[0.11241728786811536]
94,23,2226,1,0.09561167095200598,2.7516422575968917,True,False,[7],[0.08751083677074113]
95,0,2209,1,0.010549888308146219,3.7892327866823776,True,False,[7],[0.11304805306355642]
95,2,1234,1,0.011533404494031934,2.814168083680376,True,False,[5],[0.12689529173850908]
95,3,1914,1,0.012061826863381867,1.9554170885855273,True,False,[7],[0.13359752987293308]
95,4,1782,2,0.011471962666149515,1.571474328512364,True,False,"[8, 16]","[0.15621976349942926, 0.1648559904719901]"
95,5,694,1,0.01084023123540666,1.9855013589420594,True,False,[7],[0.1109430400092036]
95,6,472,1,0.010272946922717135,2.513608383311991,True,False,[15],[0.15186494636722309]
95,8,1531,1,0.011639996285574895,2.630154985856532,True,False,[7],[0.11520977260838194]
95,9,491,1,0.011542016940682355,1.609059883496027,True,False,[5],[0.11014267230124498]
95,10,839,1,0.011342822799163555,1.8888686308671563,True,False,[7],[0.11549357424757101]
95,12,74,1,0.009557089203823482,2.3448209883409095,True,False,[5],[0.11680600146407784]
95,13,1984,2,0.009677846492705302,2.3734919399043806,True,False,"[8, 15]","[0.09328840945335813, 0.13583125367217724]"
95,15,1483,1,0.009939571833185569,2.280170635957676,True,False,[7],[0.11074089487234424]
95,16,0,1,0.011087224098369692,1.75844467827168,True,False,[6],[0.030643418062884707]
95,17,233,2,0.00722877652721235,2.069854529689272,True,False,"[7, 8]","[0.0826423248304741, 0.09391877818873322]"
95,18,2167,1,0.01173366018978803,2.7328214778850914,True,False,[5],[0.12420733283548238]
95,19,1916,1,0.012158260362877638,2.2661722756289056,True,False,[15],[0.1638529683814962]
95,20,2235,1,0.012631706679040625,2.1024110174684707,True,False,[5],[0.09419762247792778]
95,21,19,1,0.010852057349312617,1.8376131215406828,True,False,[5],[0.10799283329386879]
95,22,308,1,0.011116861388588903,2.4929452844469697,True,False,[12],[0.09554410855856568]
96,0,2209,2,0.009424189312790389,3.796770386927267,True,False,"[7, 15]","[0.12106557464796147, 0.14872173946260867]"
96,2,1234,1,0.012711060232638365,2.833327381289996,True,False,[12],[0.05457155860120332]
96,4,1782,1,0.012583918432641788,1.5898119640032147,True,False,[5],[0.11202838487207006]
96,5,694,2,0.007460202448043664,2.0040705388312836,True,False,"[7, 15]","[0.10170436433387058, 0.1768692562777556]"
96,6,472,1,0.011779901009768555,2.5043124006932906,True,False,[16],[0.11287103219498461]
96,9,491,1,0.014411010827916007,1.5977314783457401,True,False,[12],[0.11846466439045725]
96,10,839,2,0.00746243418212086,1.9116788277380952,True,False,"[7, 8]","[0.12195871962513848, 0.14704444188742116]"
96,11,1529,1,0.016687281644242283,2.5668676895362417,True,False,[12],[0.059504609964969875]
96,12,74,1,0.01321728123174192,2.347574217739204,True,False,[15],[0.09705653128509759]
96,13,1984,2,0.009354573595232852,2.4006013747688444,True,False,"[7, 8]","[0.10668588170083462, 0.09520446026548081]"
96,16,0,1,0.011273822313741407,1.7723397108859913,True,False,[8],[0.11708150187976883]
96,18,2167,1,0.009654038363401393,2.7895954038297406,True,False,[7],[0.13827481273515754]
96,19,1916,2,0.008216168242416505,2.265020920668966,True,False,"[8, 15]","[0.11602387591729549, 0.15754233104623042]"
96,21,19,1,0.013030545634911158,1.8378617711330936,True,False,[15],[0.13548248783527747]
96,22,308,1,0.010512708329706822,2.4959603313596634,True,False,[12],[0.09807819896923772]
96,23,2226,3,0.007900268525924436,2.740462231846196,True,False,"[8, 12, 15]","[0.08544041843661158, 0.05017119803293718, 0.0988401827696532]"
97,0,2209,1,0.011687357316956215,3.8421204946268337,True,False,[7],[0.12591669550987641]
97,1,656,1,0.010362594257588013,2.344341267291075,True,False,[8],[0.1384818740680293]
97,2,1234,1,0.01239631938519341,2.8405666384787516,True,False,[12],[0.08724338820732057]
97,3,1914,1,0.01206938918863044,1.9792012934336323,True,False,[7],[0.14559776515846695]
97,4,1782,1,0.010613255097458332,1.6234191307220223,True,False,[7],[0.10589725191113145]
97,5,694,2,0.008289725143259293,2.0126071327670902,True,False,"[8, 15]","[0.13533712125287561, 0.17268081381055023]"
97,6,472,1,0.010890577604989248,2.539423347172803,True,False,[5],[0.10668493800853997]
97,8,1531,1,0.012520022618001706,2.6393563024363798,True,False,[7],[0.129675698623783]
97,9,491,3,0.007730080054759031,1.5988255960241367,True,False,"[8, 12, 15]","[0.12789610724482126, 0.11159512394796646, 0.17918538454358457]"
97,11,1529,2,0.010738523815767361,2.5729336946541435,True,False,"[8, 12]","[0.13295410147573508, 0.034757265128639026]"
97,12,74,1,0.013744556013940002,2.346934014394761,True,False,[15],[0.10435708303580374]
97,13,1984,2,0.009349861502928394,2.4302175539000768,True,False,"[7, 8]","[0.09889895886287467, 0.08763946410578624]"
97,14,1460,1,0.011301204977931736,2.2729765255051335,True,False,[5],[0.10120215967178321]
97,16,0,1,0.012392562578261355,1.7985541002932501,True,False,[5],[0.13806039472161624]
97,19,2235,2,0.008300863504116615,2.1034497420342606,True,False,"[8, 15]","[0.11088732766354213, 0.17711242056826698]"
97,20,19,1,0.012414703833914461,1.8520824110353737,True,False,[5],[0.08745946407810219]
97,21,308,1,0.011623827411921313,2.511335570179962,True,False,[12],[0.12055581157801609]
97,22,2226,1,0.014225281871605011,2.734649354896079,True,False,[16],[0.11071031993653944]
98,0,2209,1,0.011360974733202094,3.83794219310439,True,False,[8],[0.16010107013966113]
98,1,656,1,0.009620268572794657,2.396279662990828,True,False,[7],[0.12368162719231987]
98,2,1234,1,0.01213644712304413,2.8472822890286507,True,False,[12],[0.09813603969552794]
98,4,1782,2,0.009295357230997033,1.6508561170391995,True,False,"[7, 12]","[0.12808505738109213, 0.12181133878957531]"
98,5,694,3,0.010302419469618415,2.0069807668106696,True,False,"[8, 15, 16]","[0.15869967487627357, 0.197316108528563, 0.07097573742364317]"
98,6,472,2,0.009665603772660715,2.583532104121133,True,False,"[7, 8]","[0.11346489404979758, 0.16040619842899997]"
98,8,1531,1,0.012834789070836844,2.640425380700589,True,False,[7],[0.13620028746401344]
98,9,491,1,0.011776534412636147,1.632237711364613,True,False,[7],[0.1283897668880869]
98,10,839,1,0.011205096349958898,1.9104696362200384,True,False,[8],[0.1392257557598296]
98,11,1529,1,0.01654797973531803,2.577729315078944,True,False,[12],[0.06344377510940147]
98,12,74,2,0.008353797646994982,2.369118124910496,True,False,"[7, 8]","[0.11273228835112498, 0.09929521071200897]"
98,16,0,1,0.012458880391831541,1.8273450533837126,True,False,[5],[0.12298897511051671]
98,17,2311,1,0.04608111311819822,2.9941687876271477,True,False,[5],[0.11981024729454472]
98,19,2235,1,0.01077193013313332,2.102974882399401,True,False,[8],[0.11210700667655323]
98,20,19,1,0.014160803263008741,1.8518406048993212,True,False,[17],[0.06434469726532545]
98,21,308,1,0.010195259940077939,2.5236622389801804,True,False,[12],[0.10793962146741136]
98,22,2226,2,0.007852118089480905,2.7571958703088932,True,False,"[7, 15]","[0.1150336995532066, 0.127408702461954]"
99,0,2209,1,0.013966392867713206,3.837826709735701,True,False,[10],[0.07909945622583667]
99,1,656,1,0.009272805068406288,2.445504227387982,True,False,[7],[0.12100278811649083]
99,2,1234,2,0.009365317070333206,2.8711316488263057,True,False,"[7, 8]","[0.11292991063089268, 0.17015773083536548]"
99,4,1782,3,0.009775411230941314,1.6778611063931088,True,False,"[7, 12, 15]","[0.1743080069247756, 0.15838320966693822, 0.17972569053318835]"
99,5,694,1,0.011857896404922586,2.0216772160595995,True,False,[8],[0.1576129523573829]
99,6,472,1,0.01135681717375381,2.5926510986191142,True,False,[8],[0.16139129769263288]
99,7,514,1,0.013016225704245965,2.7414203856406663,True,False,[8],[0.1352877166688487]
99,9,491,2,0.00968138534818835,1.6301132358233899,True,False,"[12, 15]","[0.12994376970893826, 0.19159923392767317]"
99,11,1529,2,0.011602348279386266,2.5745148071834953,True,False,"[8, 12]","[0.1450031706254691, 0.05989682953016806]"
99,12,74,1,0.013304762887850999,2.392609326473724,True,False,[7],[0.11651006955746084]
99,13,1984,2,0.009245683454659977,2.46727946406144,True,False,"[7, 8]","[0.1008062779974865, 0.08757804479910024]"
99,15,1483,1,0.01315321550238986,2.2897405582173738,True,False,[11],[0.04758853863685509]
99,17,2311,1,0.011448185134182378,2.995175950218237,True,False,[8],[0.09332561993484258]
99,18,1916,1,0.01042893287694142,2.274358521019442,True,False,[8],[0.13533152576708907]
99,19,2235,1,0.011513017277952151,2.105495443168865,True,False,[8],[0.10947828326079474]
99,21,308,1,0.014204053556979963,2.5232283746218216,True,False,[8],[0.1539979269012526]
99,22,2226,2,0.008731142822109163,2.7572374548830534,True,False,"[8, 16]","[0.0945474013046168, 0.10400092037749373]"
100,0,2209,1,0.01073303483981637,3.894092283688463,True,False,[7],[0.1499855722989411]
100,1,656,1,0.010168281440974614,2.4795127026355424,True,False,[8],[0.13706077086283772]
100,2,1234,1,0.010547090155493254,2.906245022423444,True,False,[7],[0.12641092658659614]
100,4,1782,1,0.01268970559190168,1.6962923053488823,True,False,[5],[0.12223764912046275]
100,6,472,1,0.010816313863179484,2.6003744580868338,True,False,[8],[0.15913437456691787]
100,7,514,1,0.010804286552323435,2.7993915750061498,True,False,[7],[0.09775681147691913]
100,8,1531,1,0.012532889332665326,2.6470252357384934,True,False,[7],[0.12319943106399975]
100,9,491,2,0.010152198521757512,1.6280317285456798,True,False,"[12, 15]","[0.12273931805161616, 0.18418516395659532]"
100,10,839,2,0.008551645088384331,1.9239317995012226,True,False,"[7, 12]","[0.13952741987733888, 0.15756223347373685]"
100,11,1529,1,0.015030075689301396,2.612034658490546,True,False,[5],[0.12380108256146764]
100,13,1984,2,0.009377572915317529,2.4763486734211653,True,False,"[8, 15]","[0.08644186276332658, 0.13378691107850552]"
100,16,0,1,0.01149671567089077,1.8448250876417807,True,False,[15],[0.13473595309474715]
100,17,2311,1,0.009979285737135708,3.061074699040055,True,False,[7],[0.0810694584402303]
100,18,1916,1,0.010516445315777095,2.288805593855751,True,False,[8],[0.12621849617902972]
100,19,2235,1,0.011559245812097366,2.10696764997734,True,False,[8],[0.09977350159901]
100,21,308,1,0.009206085002143363,2.5788079213475363,True,False,[5],[0.10162052736874187]
100,23,233,1,0.012184618933867825,2.0693117163135315,True,False,[15],[0.09693213823217109]
101,0,2209,1,0.012193525633005943,3.929307232510223,True,False,[5],[0.1290363878771826]
101,2,1234,1,0.012118531544796564,2.9507946273810575,True,False,[5],[0.1423578159660728]
101,3,1914,1,0.01245896548945325,2.0060327247312064,True,False,[7],[0.14772707599656085]
101,4,1782,1,0.012497899899138007,1.6962536184466401,True,False,[8],[0.16040171253759827]
101,5,694,1,0.011918360652528222,2.043137893513084,True,False,[8],[0.16463731328485756]
101,6,472,1,0.010623721028604016,2.656952290988254,True,False,[7],[0.10420885380350274]
101,7,514,1,0.012460769924340444,2.8538263919671345,True,False,[5],[0.09477122575237522]
101,8,1531,1,0.012178480233647457,2.6599758617541283,True,False,[7],[0.12463006061391191]
101,9,491,1,0.012302833939560729,1.6414014979606852,True,False,[8],[0.14936805802518696]
101,10,839,1,0.011160107027085312,1.9654565939648394,True,False,[7],[0.13470811241285308]
101,11,1529,1,0.013722078951311462,2.6113910237328977,True,False,[8],[0.15053224498324297]
101,12,74,1,0.01256926130792442,2.421558930480456,True,False,[7],[0.1147732594935676]
101,13,1984,1,0.010858549386201486,2.4882751366251172,True,False,[8],[0.08040028362157046]
101,15,1483,1,0.01132995362515521,2.3321876048046275,True,False,[5],[0.08765835055349858]
101,16,0,2,0.011255580527543557,1.8402546938753777,True,False,"[6, 16]","[0.04121478541964193, 0.14676489726814468]"
101,18,1916,1,0.012151968576853772,2.3227101428692527,True,False,[5],[0.1297914181825625]
101,19,2235,1,0.008881534583562129,2.1541805124841384,True,False,[7],[0.09936092302240633]
101,20,19,2,0.008390854235540226,1.8513998110958616,True,False,"[8, 15]","[0.14341547121993478, 0.10843327120313183]"
101,21,308,1,0.010235245059144834,2.5927028490097457,True,False,[12],[0.12480695948555147]
101,22,2226,1,0.013785565648669264,2.7568841377120017,True,False,[16],[0.09830237053685674]
101,23,233,2,0.010188293685373662,2.0805700243453065,True,False,"[7, 8]","[0.09744702637878917, 0.08577793206596387]"
102,2,1234,1,0.010128744965976273,2.990101065035534,True,False,[7],[0.13753582101122544]
102,3,1914,1,0.012829822422325146,2.0300244554592415,True,False,[7],[0.17323100487972448]
102,4,1782,1,0.012068046781970602,1.7194807840646353,True,False,[12],[0.14681094339440748]
102,5,694,1,0.011412357941238323,2.0545251229065147,True,False,[5],[0.09587268005445493]
102,6,472,1,0.011185856544740866,2.69191434251374,True,False,[7],[0.11830969651883783]
102,7,514,1,0.0099203196886155,2.9163449154873478,True,False,[7],[0.08916946224770411]
102,8,1531,1,0.011943978618527118,2.710359857137404,True,False,[5],[0.13325854518262517]
102,9,491,2,0.007797252272401308,1.657988206795021,True,False,"[7, 15]","[0.1454225057505653, 0.1710785948218193]"
102,10,839,1,0.012469889406616504,1.983011285703475,True,False,[5],[0.15245093093915887]
102,11,1529,1,0.014492492753968566,2.6089132981560548,True,False,[8],[0.15754132292193998]
102,12,74,1,0.012914854361805618,2.4616833374212943,True,False,[7],[0.13235222175726669]
102,15,1483,2,0.008515403336948153,2.3383986185712757,True,False,"[8, 11]","[0.13791668359301437, 0.045137152676978515]"
102,16,0,1,0.01422309072683745,1.839274350169131,True,False,[6],[0.048189291230511605]
102,18,1916,2,0.008558558342557903,2.366900987490788,True,False,"[7, 8]","[0.1431004898395193, 0.12045638570309783]"
102,19,2235,1,0.011871934455308836,2.1556620026179854,True,False,[8],[0.10352882925559574]
102,20,19,1,0.010227078077204426,1.8517563234980317,True,False,[8],[0.14013949998771033]
103,0,2209,1,0.012039804358470902,3.976735778364324,True,False,[5],[0.13687032202968347]
103,2,1234,1,0.011845166833636303,2.9920761250424737,True,False,[12],[0.08736313015201568]
103,3,1914,1,0.013288789670222385,2.0262547129058963,True,False,[15],[0.2185353195406325]
103,4,1782,2,0.011678982585772173,1.7356554642546895,True,False,"[12, 15]","[0.16504135809862888, 0.19271173318320378]"
103,5,694,1,0.011635881576336464,2.0668293834561253,True,False,[5],[0.1069528180121019]
103,7,514,1,0.012664860051267265,2.9715901346692988,True,False,[5],[0.09456731654007555]
103,9,491,1,0.012016850216374811,1.6767541188574162,True,False,[7],[0.14983794090434147]
103,10,839,2,0.008742568175386961,1.9785869346634417,True,False,"[8, 12]","[0.14811117244677308, 0.18716190094628707]"
103,11,1529,2,0.012308981809765808,2.602035015202095,True,False,"[8, 12]","[0.1606011922605819, 0.09137705613085809]"
103,13,1984,1,0.010107331260758056,2.5051540870171864,True,False,[8],[0.06653011926561786]
103,19,2235,1,0.012711469758632302,2.1590427379786084,True,False,[8],[0.10381380280527448]
103,20,19,2,0.009293533911078096,1.8518223487370278,True,False,"[8, 15]","[0.1430728534721816, 0.11856458398509512]"
103,21,308,2,0.008695808762490657,2.5954364654181012,True,False,"[8, 12]","[0.15612158733310438, 0.12508320636627962]"
103,22,2226,1,0.013569994669799355,2.7563925885938354,True,False,[16],[0.10743786591791239]
104,0,2209,1,0.010649171043375594,4.028671898684086,True,False,[7],[0.14638263367980522]
104,2,1234,1,0.011195940071248,2.99771287472843,True,False,[12],[0.09224400740413179]
104,3,1914,1,0.012650375699472749,2.0527773046853257,True,False,[7],[0.17191450191760538]
104,5,694,1,0.011656688351732915,2.083664942240125,True,False,[5],[0.13190396027035295]
104,7,491,4,0.007416733636063028,1.6810369738951232,True,False,"[7, 8, 12, 15]","[0.09405283574174116, 0.1389126227618025, 0.10436459611868207, 0.16707980962597585]"
104,8,839,1,0.010871145662122036,2.001353661390173,True,False,[8],[0.15391083292146698]
104,9,1529,2,0.014864552144407095,2.6027094425609514,True,False,"[12, 15]","[0.17898629372738392, 0.2195537440822026]"
104,11,1984,1,0.012104541358392314,2.519689830264743,True,False,[15],[0.10008028349606075]
104,14,1531,2,0.009777186255368449,2.70308070244748,True,False,"[6, 7]","[0.06668192255735686, 0.15771144125313333]"
104,15,1916,1,0.009518398365874732,2.366248187560484,True,False,[8],[0.1248775760770401]
104,16,2235,1,0.0099792620202597,2.158896543409898,True,False,[8],[0.12079588529963393]
104,17,19,1,0.010645017593561177,1.8929580055542008,True,False,[7],[0.08157167368760372]
104,19,2226,2,0.008435993213513565,2.785136312702869,True,False,"[7, 16]","[0.10760245488227263, 0.1410401410448983]"
104,20,1460,1,0.010123470224823477,2.3077091806252157,True,False,[8],[0.12985234006461555]
104,21,1483,1,0.013811775996595445,2.319635162469472,True,False,[11],[0.012480317026996915]
104,22,0,1,0.01350078541965284,1.8564309072185035,True,False,[6],[0.017260021441168106]
104,23,2311,1,0.010849588390306598,3.1243838965436392,True,False,[5],[0.08529276950032451]
105,0,2209,2,0.00910500986268267,4.030282975033091,True,False,"[8, 12]","[0.15164116638736433, 0.04554139449152384]"
105,2,1234,2,0.009448881808067706,3.0268181303044894,True,False,"[7, 8]","[0.12603603867583088, 0.17675576930025855]"
105,3,1914,1,0.011741562406221283,2.087765519031191,True,False,[7],[0.15235794785932863]
105,4,1782,1,0.010704573794551003,1.7751701010773693,True,False,[7],[0.17415228655252074]
105,5,694,2,0.011616394885821207,2.083356682487444,True,False,"[8, 16]","[0.1626321127419277, 0.0768973949023569]"
105,8,839,2,0.008217730257876628,2.028965344162699,True,False,"[7, 8]","[0.1130364749269002, 0.1517369632397425]"
105,10,74,1,0.011031477831966818,2.4624543885899124,True,False,[8],[0.13963743976715098]
105,11,1984,2,0.00804014856558406,2.5365534477423513,True,False,"[7, 8]","[0.12918507712971355, 0.1433967403345584]"
105,12,472,1,0.011886618163373396,2.6914136045799673,True,False,[8],[0.10709991395868004]
105,15,1916,2,0.009579607487030758,2.3569424658332285,True,False,"[15, 16]","[0.09366750092498549, 0.09183705582878984]"
105,16,2235,2,0.008261744575589593,2.1543095680065587,True,False,"[8, 17]","[0.11960924171120879, 0.10746644870751014]"
105,17,19,2,0.008954850400725257,1.8885500068614505,True,False,"[8, 15]","[0.10837143225381948, 0.12042553037045711]"
105,18,308,2,0.007262421630951461,2.6240885171416464,True,False,"[7, 12]","[0.1308417609362684, 0.10105663729025159]"
105,19,2226,2,0.008635060698537521,2.786894042908406,True,False,"[8, 16]","[0.10770469036582656, 0.14413725257209467]"
105,21,0,2,0.009998685037889806,1.8558661285451807,True,False,"[6, 15]","[0.053330092829121566, 0.13275044564822217]"
105,22,2311,1,0.010139694190650386,3.1821719352652593,True,False,[7],[0.10609175846917653]
105,23,2500,1,0.030071510351913036,1.7916316157789942,True,False,[16],[0.10328091052634314]
106,0,2209,1,0.011776732734582695,4.064981009082266,True,False,[7],[0.1689139759879498]
106,1,656,1,0.009542626463321085,2.530295404011221,True,False,[7],[0.11666128528210723]
106,2,1234,1,0.011440631132555994,3.0299813611158006,True,False,[12],[0.0987576956543013]
106,4,1782,1,0.010548616333644317,1.8158693225199878,True,False,[7],[0.17096239229361937]
106,5,694,2,0.007758717728490177,2.11135983487453,True,False,"[7, 8]","[0.10136903129548076, 0.150729688597617]"
106,7,491,1,0.011514951651332678,1.700433672056518,True,False,[5],[0.11737845089070878]
106,8,839,1,0.011016642257644755,2.0716179096806746,True,False,[7],[0.11440121223346333]
106,9,1529,1,0.014499217347244792,2.6319034524592606,True,False,[7],[0.16449722032232128]
106,10,74,1,0.009832341375999074,2.522207665071899,True,False,[7],[0.11036899265646631]
106,11,1984,2,0.007854266557584741,2.543655083194176,True,False,"[8, 15]","[0.13436294183690492, 0.09486631867517106]"
106,12,472,1,0.012047913921981492,2.7200072347628543,True,False,[7],[0.12253387305381859]
106,15,2533,1,0.0584098906336824,3.420405857472516,True,False,[5],[0.0801915406960825]
106,17,2235,1,0.01264352323272112,2.1793065256858104,True,False,[5],[0.12869627849888157]
106,18,19,1,0.013061734297412208,1.8893678843291934,True,False,[5],[0.14761482962073616]
106,19,308,1,0.011955208343835972,2.6721039589309807,True,False,[5],[0.12342530454336981]
106,20,2226,2,0.009586174732758856,2.786668344505835,True,False,"[8, 16]","[0.1313536551817023, 0.09848521922188505]"
106,23,2500,1,0.012232653391229273,1.8078474015750765,True,False,[8],[0.08964182053657756]
107,0,2209,2,0.011377206219672753,4.046381159732978,True,False,"[8, 12]","[0.15193811583872197, 0.07065947755954743]"
107,2,1234,1,0.012300628313338668,3.0301632461286765,True,False,[12],[0.11239138699588229]
107,3,1914,1,0.012967071505390285,2.1019132303045853,True,False,[5],[0.16904143186033893]
107,4,1782,1,0.012733874226312919,1.8383255571308017,True,False,[16],[0.1727583619021533]
107,5,694,1,0.011556710556141827,2.148428917323741,True,False,[7],[0.11271355667936346]
107,7,491,3,0.00845055302540767,1.7103503875393058,True,False,"[7, 12, 15]","[0.09690330778515878, 0.10146191782693152, 0.1559376006638291]"
107,8,839,1,0.01158731846535801,2.111974797275587,True,False,[7],[0.13246968451513727]
107,9,1529,2,0.012738838913917494,2.630457088554084,True,False,"[12, 16]","[0.16702817383552182, 0.12537667558513427]"
107,10,74,2,0.007180820640463484,2.5523049685267964,True,False,"[7, 15]","[0.10271418031661061, 0.11964352024540925]"
107,11,1984,3,0.007854929725719646,2.554162909868341,True,False,"[7, 15, 16]","[0.12723355655714055, 0.0932779276414899, 0.050005204835811466]"
107,16,1916,1,0.00960953612668367,2.3863519374536972,True,False,[8],[0.12233489730259717]
107,18,19,2,0.010775049959902805,1.903055630714501,True,False,"[7, 8]","[0.13925536709197545, 0.13882591775112074]"
107,19,308,1,0.012016458467197583,2.6728300003713743,True,False,[12],[0.18665203155835952]
107,20,2226,1,0.010877853951750723,2.8308500455339303,True,False,[5],[0.09882373930889357]
108,0,2209,1,0.011124482729549507,4.045251088132042,True,False,[12],[0.07045418149365407]
108,2,1234,1,0.011705514074641245,3.0822259557408165,True,False,[5],[0.1450986085050041]
108,3,1914,1,0.013100213682696947,2.11543207634469,True,False,[5],[0.17509845113335912]
108,4,1782,2,0.009113003563774572,1.8485890699223992,True,False,"[8, 12]","[0.15150093136787082, 0.16362970730412976]"
108,5,694,1,0.011310812921892613,2.183528529573132,True,False,[7],[0.111679110708144]
108,7,491,2,0.009316667102758334,1.7351756490658856,True,False,"[7, 12]","[0.09666556409661389, 0.10051098703126682]"
108,8,839,1,0.012101566589509088,2.116570835695151,True,False,[5],[0.1409099018762066]
108,9,1529,3,0.008592330511578856,2.6426371208175023,True,False,"[7, 8, 12]","[0.1613709822930708, 0.1472287258733419, 0.16409916022258994]"
108,10,74,1,0.009454086081841081,2.6130249925432283,True,False,[7],[0.1151777057777109]
108,11,1984,3,0.006234875591192586,2.568356603658739,True,False,"[7, 8, 15]","[0.11556697269965609, 0.1252255755968307, 0.0854044755631502]"
108,12,472,1,0.0117039829311075,2.750143715254958,True,False,[7],[0.1328213299127464]
108,14,1531,1,0.013773013016059073,2.694901277665307,True,False,[7],[0.15570137212142346]
108,15,2533,1,0.010245094046315939,3.4996656829095603,True,False,[5],[0.07591191454111099]
108,17,2235,1,0.012204128868643,2.1779653515922766,True,False,[8],[0.11964799283780793]
108,18,19,1,0.01182400724628931,1.9068271143233242,True,False,[8],[0.14438191384025995]
108,19,308,1,0.009829538492909998,2.716292344946365,True,False,[7],[0.10402205732893284]
108,20,2226,2,0.008590055919135614,2.818591958340446,True,False,"[8, 12]","[0.11011030186323824, 0.07278176615107877]"
108,23,2566,1,0.0930323812267091,3.330939038216507,True,False,[8],[0.08328200256361512]
109,0,2209,2,0.011965970492730916,4.001726456139802,True,False,"[8, 15]","[0.16357975893903418, 0.16395630611156445]"
109,1,656,1,0.00887649407056316,2.581886860896282,True,False,[7],[0.10420802740878336]
109,2,1234,1,0.010685088197488429,3.088389478858713,True,False,[8],[0.16065344035640913]
109,3,1914,1,0.013019423017390482,2.1140135186925817,True,False,[15],[0.20915870672149411]
109,4,1782,1,0.010166995566947947,1.891214106768687,True,False,[7],[0.1643316863429867]
109,5,694,2,0.007897061568104179,2.2034987054460706,True,False,"[7, 8]","[0.12455122037388774, 0.15069030306562214]"
109,7,491,1,0.009503967294529294,1.7645341616372252,True,False,[7],[0.11186823659912758]
109,9,1529,1,0.01235428581574206,2.688712907713734,True,False,[7],[0.16002455465942494]
109,12,472,1,0.011741556597863384,2.759039844988121,True,False,[15],[0.10364027562427378]
109,13,514,1,0.009346441464323002,3.0433527991605285,True,False,[7],[0.10010529664835438]
109,15,2533,1,0.008391905201607187,3.5758751723956266,True,False,[7],[0.10553006606052899]
109,16,1916,1,0.009455156918251575,2.4274115768558056,True,False,[8],[0.1140741753418443]
109,17,2235,1,0.009180444549259587,2.2309171591500667,True,False,[7],[0.0785318781993063]
109,18,19,1,0.012102192596291342,1.9159096413747139,True,False,[5],[0.16137770823178166]
109,19,308,1,0.01062617420715242,2.7778691768579504,True,False,[5],[0.14203895914053855]
109,20,2226,2,0.008071873444627472,2.8172780272329443,True,False,"[8, 15]","[0.10045868703804106, 0.11722498407656168]"
110,0,2209,2,0.009635665269067709,3.992965486515481,True,False,"[8, 12]","[0.15617523150742, 0.09967022606857577]"
110,2,1234,1,0.01225305947524432,3.0858081702757447,True,False,[12],[0.12326598652551483]
110,3,1914,2,0.008732948379164886,2.1282304901605085,True,False,"[7, 15]","[0.1506514916443811, 0.20956527505643271]"
110,4,1782,2,0.010011615755102387,1.9208712018923966,True,False,"[7, 12]","[0.1687444253984707, 0.18060102299812483]"
110,5,694,1,0.010752446858970552,2.245339252615166,True,False,[7],[0.11704494700634226]
110,7,491,2,0.010041324427085847,1.7726578691586867,True,False,"[12, 15]","[0.13071403442424054, 0.1711230955561789]"
110,9,1529,1,0.015329829153562475,2.684560924776182,True,False,[16],[0.14532025373858284]
110,10,74,1,0.009524617047813865,2.6764401120481622,True,False,[7],[0.1074495692275709]
110,12,472,1,0.012316630422807942,2.7577957763909806,True,False,[17],[0.09510654484592367]
110,13,514,1,0.009490200158390432,3.116808622240468,True,False,[7],[0.09878086383693509]
110,14,1531,1,0.012645683985713925,2.7051145486825323,True,False,[7],[0.14367600050465482]
110,16,1916,1,0.012011634398106315,2.432186069925067,True,False,[15],[0.131058198489033]
110,17,2235,1,0.012436163318824132,2.228783295348728,True,False,[8],[0.11524377772858876]
110,19,308,2,0.008481447024405394,2.805946462938779,True,False,"[7, 12]","[0.09373772516474409, 0.15774396052038106]"
110,20,2627,1,0.030268370936423795,2.619294662409076,True,False,[7],[0.10355408499566936]
111,0,2209,3,0.007954685142685037,4.0058430663605655,True,False,"[7, 10, 12]","[0.16550877069411626, 0.09088976356744034, 0.11055691184014568]"
111,3,1914,1,0.012965616173867003,2.1545577356213617,True,False,[7],[0.16346037961960141]
111,4,1782,3,0.008858976006072782,1.9359065765916283,True,False,"[8, 12, 16]","[0.1711812792731998, 0.1562885994292747, 0.17514928047488265]"
111,5,694,1,0.013207779202632575,2.2397980921204246,True,False,[16],[0.09411889680209504]
111,8,839,3,0.007620036954895057,2.1331549769129867,True,False,"[7, 8, 16]","[0.11108708006222467, 0.1560528746766108, 0.11741078644412889]"
111,9,1529,1,0.011921273145541544,2.7392820767158588,True,False,[5],[0.11011726785604452]
111,10,74,2,0.007787924404059732,2.7058559729091423,True,False,"[7, 15]","[0.10786615180356805, 0.12163340426165699]"
111,12,472,1,0.012399777416146836,2.7540842416383433,True,False,[8],[0.12368876804301682]
111,13,514,1,0.010657299319794734,3.179845978770274,True,False,[5],[0.13135249555944312]
111,15,2533,1,0.009964357791962414,3.659426032359919,True,False,[5],[0.07241816284412529]
111,19,308,1,0.011604403133911177,2.864051436633563,True,False,[5],[0.15049365430543976]
111,20,2627,1,0.00853161707906083,2.679476960805886,True,False,[7],[0.09468845290023852]
112,0,2209,1,0.011528782232700664,4.006342170566375,True,False,[12],[0.11924562068905352]
112,1,656,1,0.011419167599343518,2.6332231670610495,True,False,[5],[0.10253815655693885]
112,2,1234,1,0.01123448551174539,3.119116158885575,True,False,[7],[0.13640331802931524]
112,3,1914,1,0.013182648551322642,2.151468404534639,True,False,[15],[0.22167448675986534]
112,4,1782,3,0.008352015183543162,1.964270520277588,True,False,"[7, 12, 16]","[0.15473396808975556, 0.14089658998502058, 0.1692193850341208]"
112,5,694,2,0.008337159243933839,2.2597277842760106,True,False,"[7, 8]","[0.12103938621669953, 0.14929006293119026]"
112,7,491,1,0.010783264979824006,1.789564878108359,True,False,[12],[0.1355040982422315]
112,8,839,1,0.012024330085466856,2.1350562967861126,True,False,[5],[0.15189880797198765]
112,9,1529,1,0.01572846102210317,2.7425783741339593,True,False,[12],[0.15629296288208674]
112,10,74,1,0.01027808518260138,2.7062242315466447,True,False,[15],[0.11861007268858959]
112,11,1984,2,0.008145558833993802,2.587912978913102,True,False,"[7, 15]","[0.11205288429323326, 0.09154161308124878]"
112,12,472,1,0.010588335870818848,2.78465857532945,True,False,[7],[0.12608485405583023]
112,16,1916,2,0.006914561526646026,2.466919268289627,True,False,"[7, 8]","[0.09093940970917572, 0.11703346570640065]"
112,17,2235,1,0.011571385419748122,2.230085323743171,True,False,[12],[0.1581086227412414]
112,18,19,2,0.007741368213311671,1.9398739521627253,True,False,"[7, 15]","[0.12022057677936826, 0.13266212478931724]"
112,19,308,2,0.010190670841142018,2.8746274232826066,True,False,"[7, 8]","[0.1327177229076494, 0.14264955302956156]"
112,22,1460,1,0.012041817182129138,2.358360417738442,True,False,[5],[0.08980872700547866]
112,23,2687,1,0.11990578363968578,4.166563705327516,True,False,[8],[0.08221958636190167]
113,0,2209,2,0.010312873621835588,3.985528869789191,True,False,"[8, 15]","[0.14768567640072092, 0.16440495549686912]"
113,1,656,1,0.010585262208974626,2.690046048359032,True,False,[5],[0.09965243675075904]
113,2,1234,1,0.011707560705942333,3.1511322985446557,True,False,[7],[0.1334797436603804]
113,3,1914,1,0.012835551317846524,2.1670539659042607,True,False,[5],[0.16327432631993583]
113,5,694,2,0.007475578890157393,2.277752596697395,True,False,"[7, 15]","[0.11494825274169089, 0.20131041632737307]"
113,7,491,2,0.010638439048670498,1.7917116333000596,True,False,"[12, 15]","[0.13534430455040466, 0.17160673087995681]"
113,8,839,2,0.008011428356568694,2.159728114967482,True,False,"[7, 8]","[0.11133127015932519, 0.13468085905055663]"
113,9,1529,1,0.01624993459726866,2.7432330646414713,True,False,[12],[0.16324706286149182]
113,10,74,1,0.010258010651511728,2.7060163299153057,True,False,[15],[0.11664383156440826]
113,11,1984,2,0.007591615170150314,2.591725452003591,True,False,"[8, 15]","[0.11981261723707082, 0.09203614620434182]"
113,12,472,1,0.009420190095523735,2.8245037707123912,True,False,[5],[0.11988377990949453]
113,13,514,1,0.009204233226688811,3.258369055128061,True,False,[7],[0.09038142701089924]
113,14,1531,1,0.01362301394916414,2.7038152803166637,True,False,[15],[0.1456814050115913]
113,15,2533,1,0.01024340041357519,3.7440620432921454,True,False,[5],[0.07009456058519478]
113,18,19,1,0.009684731313443764,1.9812314793391572,True,False,[7],[0.11558296390120187]
113,20,2627,1,0.007877009211143758,2.745047861690356,True,False,[7],[0.08254527917241715]
114,0,2734,1,0.06851472793214373,2.534789274156637,True,False,[8],[0.1367909798833334]
114,1,2209,2,0.00915849088160119,3.9910651772253445,True,False,"[12, 15]","[0.14393376417129047, 0.15547338122042867]"
114,3,1234,2,0.009282121421929431,3.1514474086085817,True,False,"[8, 12]","[0.21514727664979832, 0.14433316592495546]"
114,4,1914,1,0.012816526418915706,2.1679606579711885,True,False,[15],[0.19069734542826394]
114,6,694,1,0.010531697190295617,2.2734969739380437,True,False,[15],[0.13773904457767153]
114,7,2735,1,0.09046811631961568,4.858641093725735,True,False,[8],[0.12462918641130308]
114,9,491,2,0.007949945066821548,1.8011669479456185,True,False,"[7, 15]","[0.16023176825945545, 0.19675251572544575]"
114,11,1529,1,0.013762618017424235,2.7871933475931288,True,False,[5],[0.13006444545239115]
114,13,1984,1,0.009001037221089829,2.649262543431608,True,False,[7],[0.08445443656066434]
114,16,1531,1,0.008746595641950735,2.7423083661957453,True,False,[7],[0.1044118314230479]
114,18,1916,1,0.010567886298335877,2.514344106271276,True,False,[8],[0.12936342151004349]
114,20,19,1,0.012553126391892207,1.97049847496411,True,False,[16],[0.11056911141261455]
114,21,308,1,0.010625101674031693,2.884336005274093,True,False,[12],[0.12029034906791634]
114,23,2226,1,0.012754495092941305,2.787656118607653,True,False,[15],[0.1016080004505395]
115,1,2209,1,0.008679915607843354,4.050361952170978,True,False,[7],[0.11142532845731626]
115,2,656,1,0.012214390346819193,2.738712229905861,True,False,[7],[0.12560295202250452]
115,4,1234,1,0.008724196231343535,3.2133754346744725,True,False,[7],[0.1385917505660893]
115,6,1782,1,0.011265465566502878,1.9877324546177502,True,False,[5],[0.10921391640229881]
115,7,694,2,0.007742486085728692,2.2897328075328964,True,False,"[7, 8]","[0.11825539550156004, 0.118521457753544]"
115,11,839,1,0.010386049732556593,2.189361085682173,True,False,[8],[0.1281873402398854]
115,12,1529,2,0.009995441222999214,2.806220050048262,True,False,"[7, 8]","[0.13838621798208997, 0.1447218314854719]"
115,13,74,2,0.007794058384756259,2.7357671060289173,True,False,"[7, 15]","[0.0768417549153388, 0.13185421811891576]"
115,14,1984,1,0.010098050307741066,2.6607258421816335,True,False,[8],[0.08827576733494984]
115,15,472,1,0.01040098965072613,2.827262130613138,True,False,[8],[0.13027158434813516]
115,16,514,1,0.007995789588122495,3.3338258705007657,True,False,[7],[0.09228039155799332]
115,19,1916,1,0.010087045757130727,2.538879244010226,True,False,[8],[0.1296762375471344]
115,20,2235,2,0.007263636146111853,2.253194033901649,True,False,"[7, 8]","[0.08597459921410719, 0.10157422375868187]"
115,22,308,3,0.011449017855809205,2.861095390331732,True,False,"[8, 12, 17]","[0.11287539971077908, 0.1528217299604859, 0.09803044670192451]"
115,23,2226,1,0.009889748563288947,2.802290854001559,True,False,[8],[0.07746528417488877]
116,0,2734,1,0.0106437796749676,2.5523423179892726,True,False,[8],[0.12868989106060566]
116,1,2209,1,0.012124460103809596,4.120496513282003,True,False,[5],[0.13100256078160682]
116,4,1234,2,0.007519736627804936,3.2347294907657322,True,False,"[8, 12]","[0.16482900792676444, 0.14528038099268473]"
116,5,1914,1,0.01214965076735488,2.177494380161278,True,False,[15],[0.20219899834059915]
116,6,1782,1,0.008500500088455243,2.0346108868904507,True,False,[7],[0.11433423291722286]
116,7,694,2,0.00978426110678637,2.2993243878212364,True,False,"[7, 16]","[0.13278815909901498, 0.06434302769460046]"
116,8,2735,2,0.008133203396890594,4.907990845843889,True,False,"[8, 12]","[0.1237460111500925, 0.14794610135886077]"
116,10,491,2,0.007567778668176998,1.8280189817237011,True,False,"[7, 12]","[0.11506067098185999, 0.17363895922317532]"
116,11,839,1,0.013491073617250677,2.1902708996226146,True,False,[16],[0.06987409516440102]
116,12,1529,1,0.016057267132169328,2.8216271431384063,True,False,[8],[0.13723275533792334]
116,15,472,2,0.007539341559716336,2.835063044408835,True,False,"[8, 15]","[0.13384882905887854, 0.10718103636813639]"
116,17,1531,1,0.011328886396931338,2.804481294793566,True,False,[5],[0.11741646342702473]
116,19,1916,1,0.009395131367154716,2.5732219666113143,True,False,[8],[0.11281176418960916]
116,21,19,2,0.00851455199992628,1.9708929283950423,True,False,"[8, 15]","[0.16413843660165142, 0.12640479773586785]"
116,22,308,1,0.013596303044265715,2.856317935426717,True,False,[16],[0.14135007335071356]
117,1,2209,1,0.011190404068009722,4.120363345582322,True,False,[8],[0.13185759827562216]
117,4,1234,1,0.008683691474118283,3.2940979845335914,True,False,[7],[0.13043258499165175]
117,5,1914,1,0.012572314660908123,2.174311745692627,True,False,[8],[0.1548690403986571]
117,6,1782,1,0.010381453686180974,2.0660601531872307,True,False,[5],[0.10841678119684053]
117,7,694,2,0.010190759770260988,2.299412179599718,True,False,"[8, 16]","[0.12318234964337976, 0.08224811944330379]"
117,8,2735,2,0.00791061550317539,4.94599314584728,True,False,"[7, 8]","[0.10410931821972275, 0.1108137424850931]"
117,10,491,2,0.009194495789950918,1.8335683008402897,True,False,"[8, 12]","[0.1485810978780749, 0.16923473200715938]"
117,12,1529,1,0.012952986633996718,2.8574674710733436,True,False,[7],[0.13465956212084043]
117,13,74,1,0.008996317839374404,2.797449574695504,True,False,[7],[0.07586345663082357]
117,14,1984,2,0.009236373531171129,2.6708155670681735,True,False,"[8, 15]","[0.08216803021537873, 0.13171536365577532]"
117,15,472,1,0.00969951675846195,2.859913088172226,True,False,[7],[0.12491720043817803]
117,16,514,1,0.011715357501941578,3.4000573922207282,True,False,[5],[0.11889949427346683]
117,19,1916,1,0.009049105618480359,2.6155118198473235,True,False,[8],[0.10822300668500501]
117,20,2235,1,0.009400861407644354,2.2520480241707603,True,False,[8],[0.10661778480625314]
117,21,19,2,0.009146427985599798,1.9693770121689138,True,False,"[7, 12]","[0.11986222354450894, 0.1394592804787523]"
117,22,308,1,0.011217109131410911,2.9110572790945124,True,False,[5],[0.08172335946150922]
118,0,2734,1,0.01047220464312012,2.576242069770499,True,False,[8],[0.11516493235518326]
118,1,2209,1,0.009590430009479853,4.169493692545984,True,False,[7],[0.11700856136026286]
118,4,1234,1,0.009280548918981427,3.351096284149131,True,False,[7],[0.13958777568702485]
118,6,1782,2,0.00799540041137236,2.0983984718938142,True,False,"[7, 12]","[0.14187816024669161, 0.15066142482419925]"
118,7,694,1,0.01177182856903139,2.304515359858306,True,False,[16],[0.12227292740106308]
118,8,2735,1,0.009593530569972395,5.004473277653732,True,False,[8],[0.10003473896739072]
118,10,491,1,0.011069269102279032,1.8453938081595536,True,False,[12],[0.1574438745713485]
118,12,1529,1,0.010275455664920916,2.9130661967242872,True,False,[5],[0.12779822867700733]
118,14,1984,1,0.010195266877959996,2.683213047655826,True,False,[8],[0.07680582927660852]
118,15,472,1,0.010083367367416083,2.867677869608166,True,False,[8],[0.1361758742647648]
118,19,1916,2,0.008816683170991225,2.6474244643024543,True,False,"[8, 16]","[0.09982987430584668, 0.1465857682506024]"
118,20,2235,1,0.009525328819937947,2.249220621167548,True,False,[8],[0.11111503124058958]
118,21,19,2,0.008987398791448496,1.969564736619098,True,False,"[8, 15]","[0.1667135049692249, 0.13034604754086218]"
118,22,308,1,0.011643252111956623,2.966478992477114,True,False,[5],[0.09704951116313143]
118,23,2226,1,0.009830209554889313,2.867984042832941,True,False,[5],[0.08440784732603925]
119,1,2209,1,0.012510506328449607,4.169533950570326,True,False,[8],[0.13785777752061007]
119,2,656,1,0.0120652675101108,2.7902935967638163,True,False,[7],[0.11736940957559887]
119,5,1914,1,0.011044037469751612,2.2103375947493724,True,False,[5],[0.12273104545535078]
119,6,1782,1,0.010552757350003512,2.1053466217793444,True,False,[12],[0.15912445161661132]
119,7,694,1,0.011869119795054133,2.306367862618601,True,False,[8],[0.11747868960937144]
119,10,491,1,0.011492748567123543,1.8732589695725403,True,False,[5],[0.16365292900333597]
119,11,839,2,0.010652465410988497,2.2081829721319215,True,False,"[7, 16]","[0.12303524640229929, 0.09555445900268596]"
119,12,1529,2,0.014169771622056102,2.915433918202785,True,False,"[7, 16]","[0.1735113032293364, 0.14409774852113585]"
119,13,74,1,0.009668326856189534,2.8589884434641513,True,False,[7],[0.07371299996449171]
119,14,1984,1,0.010719728225990675,2.7030820243402447,True,False,[8],[0.08830565184336156]
119,20,2235,1,0.009595338495790171,2.248717579026966,True,False,[8],[0.1075865371004937]
119,21,19,3,0.007200029329478658,1.9845021457360537,True,False,"[7, 8, 15]","[0.11657190485612952, 0.1619337383243945, 0.1309655343144553]"
119,22,308,2,0.009619646079643447,2.967399846110354,True,False,"[7, 16]","[0.13740852742192566, 0.1859279357022257]"
120,1,2209,3,0.006887057670497797,4.197559853115217,True,False,"[7, 8, 12]","[0.1024075819166824, 0.12621297136758677, 0.1499317622662065]"
120,2,656,1,0.011431923968643936,2.843990085583372,True,False,[7],[0.10752850469370434]
120,4,1234,1,0.010129501141431522,3.397778067032122,True,False,[12],[0.13733154063800992]
120,6,1782,1,0.010482506965375981,2.1084285752481433,True,False,[12],[0.16287590537220806]
120,7,694,2,0.008674883151137765,2.3204914444277827,True,False,"[7, 16]","[0.1276523099217835, 0.12765976878151558]"
120,8,2864,2,0.04121326699529292,5.461780307173529,True,False,"[7, 8]","[0.10179380210009274, 0.08813765905764195]"
120,9,2735,2,0.007307785668255991,5.034796160781564,True,False,"[7, 8]","[0.1426420628160463, 0.1266509783419932]"
120,11,491,3,0.008434298507103314,1.8830503439130835,True,False,"[7, 8, 12]","[0.11315092296230847, 0.14333425917264625, 0.1050503154897552]"
120,12,839,1,0.012698403096529453,2.218272714198907,True,False,[16],[0.15455247407137504]
120,13,1529,1,0.013632242958545785,2.92234517776429,True,False,[8],[0.09367776130093011]
120,16,472,1,0.00867740702283986,2.9038877464927637,True,False,[7],[0.10855824537756856]
120,17,1531,1,0.008979899339431193,2.8596824309211764,True,False,[7],[0.09453925634143785]
120,21,19,1,0.011826213805366534,1.9860683107172916,True,False,[15],[0.13485562345708912]
120,22,308,3,0.008057738120203578,2.962303217313276,True,False,"[8, 12, 16]","[0.11859752538113452, 0.13529666875502697, 0.22046893679625562]"
120,23,2226,1,0.009272000609130032,2.9355354371204077,True,False,[7],[0.09063289723317222]
121,1,2209,3,0.007887230665556055,4.210435231443497,True,False,"[7, 8, 17]","[0.11738110349206556, 0.14241580389644062, 0.1632732979292862]"
121,6,1782,1,0.010846076463349006,2.1057772082780577,True,False,[12],[0.1746958549081887]
121,7,694,1,0.012567608352057447,2.318758493110861,True,False,[8],[0.13466741633382606]
121,8,2864,1,0.010837170094812854,5.454289517473829,True,False,[15],[0.1115845584396368]
121,9,2735,2,0.007159968138848771,5.072151476299958,True,False,"[7, 8]","[0.13441652850872027, 0.11424215062637744]"
121,11,491,2,0.008888756437624136,1.9009847105101445,True,False,"[7, 12]","[0.1027415213430417, 0.07717736023319251]"
121,12,839,2,0.011412401722099993,2.239900386558273,True,False,"[7, 16]","[0.16986002795289035, 0.1688252048096602]"
121,13,1529,1,0.0142874899789743,2.9516648978969315,True,False,[7],[0.10612141509336942]
121,14,74,1,0.011948125287522622,2.8911553964948378,True,False,[5],[0.10761096607384993]
121,15,1984,2,0.009154577428797021,2.7110099107420367,True,False,"[8, 15]","[0.13458951269411726, 0.11712047753854705]"
121,16,472,1,0.01024784594375657,2.946556387003061,True,False,[15],[0.13306063244344046]
121,19,1916,2,0.006759987346187881,2.6768921712276676,True,False,"[8, 15]","[0.09482296202191452, 0.1686005048090119]"
121,20,2235,1,0.013925083999725479,2.2265868475755775,True,False,[17],[0.08096278762039955]
121,21,19,1,0.010498634960732688,2.0250150204983184,True,False,[7],[0.11466921004126823]
121,22,308,1,0.012307902173277388,2.958625768672241,True,False,[12],[0.14240999458142722]
121,23,2226,1,0.010712517205691463,2.933760577606664,True,False,[16],[0.09555767927857475]
122,0,2734,1,0.011355965101923353,2.633581254504606,True,False,[5],[0.13218596657144754]
122,1,2209,1,0.010982401633895904,4.272097662777335,True,False,[7],[0.13073434889379967]
122,4,1234,4,0.00753788513480359,3.4242729923218422,True,False,"[7, 8, 12, 15]","[0.13943494040586424, 0.17200333480917906, 0.154315413917578, 0.2211396644416279]"
122,5,1914,1,0.010176538552548232,2.2441326151885193,True,False,[7],[0.11287853425903473]
122,6,1782,1,0.010225448484240927,2.14056034190592,True,False,[5],[0.12112862507471724]
122,11,491,2,0.010148869098532732,1.9099663803344669,True,False,"[12, 15]","[0.10171781491711476, 0.13590335832895528]"
122,13,1529,1,0.011838582270974016,3.0096963623205553,True,False,[5],[0.15012762091966467]
122,15,1984,1,0.008998454561004334,2.7756634067363444,True,False,[7],[0.12923682070058531]
122,19,1916,1,0.008361232539685333,2.736133789396279,True,False,[8],[0.09011842731155087]
122,20,2235,1,0.009537162914517687,2.225731943512238,True,False,[8],[0.11239040108468584]
122,21,19,1,0.011662073285490697,2.025739357211997,True,False,[15],[0.13698238996489]
122,22,308,1,0.011979477995493584,3.0172386875036223,True,False,[5],[0.10659870209098785]
123,1,2209,1,0.010383328727785347,4.344258859765103,True,False,[7],[0.14906909382507263]
123,4,1234,1,0.011195075028542998,3.4576725823784034,True,False,[12],[0.14618212037798636]
123,5,1914,1,0.010584392319214703,2.2753574886585826,True,False,[7],[0.11627909042339603]
123,7,694,2,0.009476163764324128,2.3325243938329967,True,False,"[7, 16]","[0.1404501771077643, 0.13221332846348122]"
123,8,2864,2,0.007569715173232078,5.506359939021969,True,False,"[7, 8]","[0.09868112132220264, 0.08199541689161328]"
123,11,491,2,0.007697037653709018,1.9305902378375526,True,False,"[7, 15]","[0.12292322585103202, 0.1228322979176568]"
123,12,839,1,0.011454473765810415,2.2587021176644595,True,False,[8],[0.1368976452004424]
123,13,1529,1,0.012265830197894003,3.039476729767615,True,False,[7],[0.11693619337489368]
123,14,74,2,0.010010649068899374,2.9164288013410955,True,False,"[7, 8]","[0.12509463246051608, 0.09311680293298308]"
123,16,472,1,0.010158864862949996,2.9494345187967586,True,False,[8],[0.12143223954943293]
123,17,1531,1,0.0095552145113795,2.917469737114641,True,False,[7],[0.09566631603187412]
123,19,1916,1,0.010890369280387887,2.7650823451721114,True,False,[5],[0.1457512804308915]
123,20,2235,2,0.0076235118086055995,2.22395717540363,True,False,"[8, 17]","[0.10247650929016974, 0.10201085038907637]"
123,21,19,2,0.008782849740544245,2.047768332160335,True,False,"[7, 15]","[0.11350183294585534, 0.14703578416855884]"
124,1,2209,1,0.009918401362779,4.42684328691692,True,False,[7],[0.13719669564240494]
124,4,1234,2,0.00892039492029507,3.4480692908073785,True,False,"[8, 15]","[0.17798513238932975, 0.21373509007555605]"
124,5,1914,1,0.010972776143849861,2.3177854436560676,True,False,[5],[0.11725245203977122]
124,6,1782,3,0.00726077535869085,2.1509519654960547,True,False,"[7, 12, 16]","[0.14645310901292738, 0.19435218993962552, 0.1303476294371344]"
124,7,694,3,0.008143555215999732,2.340860072379537,True,False,"[7, 8, 16]","[0.13461934933562714, 0.13104349760063824, 0.13051798137416512]"
124,11,491,2,0.008227295223163724,1.947541278286342,True,False,"[7, 12]","[0.13751904024672038, 0.0891197698727041]"
124,12,839,1,0.012130903402916244,2.2969025431219987,True,False,[7],[0.15242421688661975]
124,13,1529,1,0.014698112840092656,3.0206099646009745,True,False,[15],[0.18024492167290818]
124,14,74,2,0.00825933476745439,2.933273799776592,True,False,"[7, 15]","[0.11635549649225085, 0.1351671085396034]"
124,15,2937,1,0.05480040514438377,5.396686171762172,True,False,[15],[0.11648545888967789]
124,16,472,2,0.006407872262676927,2.9776373339565447,True,False,"[7, 8]","[0.10894470671505879, 0.11371555445674103]"
124,19,1916,1,0.007829292187101348,2.825228932116567,True,False,[8],[0.09162249994289791]
124,22,2226,1,0.01019957396989452,2.933607120091267,True,False,[8],[0.10968440309447405]
124,23,1984,1,0.011668631705393742,2.7558655784614188,True,False,[15],[0.08730360589152225]
125,1,2209,1,0.01147446702758019,4.4355085358771005,True,False,[8],[0.12518876692905712]
125,4,1234,1,0.011928452378575271,3.4890685624954485,True,False,[5],[0.14745108609248886]
125,5,1914,1,0.01078068091873201,2.3640563376154344,True,False,[5],[0.11468630756921534]
125,6,1782,2,0.008146756546035095,2.1751579752917034,True,False,"[7, 12]","[0.15228475142682363, 0.17829050976659438]"
125,7,694,2,0.0076740788657441664,2.355414787573508,True,False,"[7, 15]","[0.1210640645779814, 0.1698948183038548]"
125,8,2864,1,0.009605940040848393,5.596669856255632,True,False,[8],[0.07494398324747571]
125,11,491,2,0.010177984664957458,1.9495231941590947,True,False,"[8, 12]","[0.1467843352554423, 0.09974019467805523]"
125,12,839,1,0.011685437859115305,2.3443850332463483,True,False,[7],[0.14483641698110447]
125,13,1529,1,0.011947954646054833,3.0466571388727712,True,False,[7],[0.13161428481486573]
125,15,2937,1,0.009733581837823165,5.4131554787062415,True,False,[7],[0.12082907857588879]
125,16,472,1,0.0099828699253401,3.0317681411785418,True,False,[5],[0.12016644470198151]
125,17,1531,1,0.009243518845256293,2.976323525259929,True,False,[7],[0.09540690674300187]
125,19,1916,1,0.007954807878105184,2.886630871810116,True,False,[8],[0.0819534687099777]
125,20,2235,1,0.01311638657155952,2.2228786389857165,True,False,[17],[0.11331116737436454]
125,23,1984,1,0.010277263527473615,2.7539990041468863,True,False,[8],[0.0720521259357289]
126,1,2209,2,0.008887461202514196,4.435023237255288,True,False,"[8, 12]","[0.13618922751944357, 0.14908970034445462]"
126,4,1234,1,0.011322075587157029,3.5106431891715877,True,False,[12],[0.1280058030949267]
126,5,1914,2,0.007853670730317707,2.3835288665674375,True,False,"[7, 15]","[0.13221122673409935, 0.19146803203863524]"
126,6,1782,1,0.010224719380542212,2.215901986753022,True,False,[5],[0.12222607004249918]
126,7,694,1,0.010849134306330064,2.389856623147433,True,False,[7],[0.132028616351385]
126,8,3022,1,0.033818888471956354,3.1658138772730164,True,False,[16],[0.10297814061994896]
126,9,2864,1,0.00990325982292336,5.6679643023542505,True,False,[8],[0.09820065580265112]
126,10,2735,2,0.007341997610665899,5.11540279589227,True,False,"[7, 8]","[0.1081999239450259, 0.1296756609346993]"
126,12,491,2,0.011148301739238769,1.9377719059580067,True,False,"[12, 15]","[0.09699104740268598, 0.1176922247619697]"
126,14,1529,1,0.01619711982635306,3.0449022646321313,True,False,[12],[0.03027659406326316]
126,15,74,1,0.01119947824465799,2.9458825231469645,True,False,[8],[0.129179568504399]
126,16,2937,1,0.009272498043577743,5.457226609423576,True,False,[7],[0.10320855726215653]
126,18,1531,1,0.011056306454581671,3.038230897069656,True,False,[5],[0.1492588413009086]
126,20,2235,3,0.008818018218429988,2.231127982457693,True,False,"[7, 8, 12]","[0.11485175850153666, 0.11704295644525828, 0.11670239263376077]"
126,22,2226,1,0.009596387730806951,2.933611069605747,True,False,[8],[0.09816934581318229]
126,23,1984,3,0.006463175929575303,2.7703692302715863,True,False,"[7, 8, 15]","[0.08936180745269813, 0.07533649853483966, 0.08531653082433131]"
127,1,2209,2,0.00811875367279981,4.468548634879856,True,False,"[7, 8]","[0.1381516079486585, 0.13692675426472967]"
127,4,1234,1,0.0115366988301665,3.5576105830957863,True,False,[5],[0.14529141506678392]
127,5,1914,1,0.010483489346055034,2.433160033917151,True,False,[5],[0.11567942181137811]
127,6,1782,1,0.008835548830389181,2.2638233897160047,True,False,[7],[0.1447231848505849]
127,7,694,2,0.008139200872168368,2.3860641559732274,True,False,"[8, 15]","[0.11884745568746283, 0.16141209078679813]"
127,8,3022,2,0.008044755944059625,3.208597692692981,True,False,"[7, 8]","[0.09847820827247186, 0.08188616639562236]"
127,9,2864,2,0.006548066996534037,5.715277447503835,True,False,"[7, 8]","[0.11828907740038953, 0.08749704673756573]"
127,10,2735,2,0.006831122170959271,5.174578167028956,True,False,"[7, 8]","[0.10161030450234627, 0.11772263722053564]"
127,12,491,1,0.009397972829510765,1.9672786262126114,True,False,[5],[0.12350706322874856]
127,13,839,1,0.009775894270664841,2.3474229929553037,True,False,[8],[0.08167051184169859]
127,16,2937,1,0.009227643091648243,5.523217780800731,True,False,[8],[0.10991513941069725]
127,17,472,1,0.010018927140489749,3.040488276522385,True,False,[15],[0.14755772441481038]
127,18,1531,1,0.009328228624278586,3.108182587896901,True,False,[7],[0.11865056177250473]
127,20,2235,1,0.010845128237627963,2.2267628476034327,True,False,[8],[0.10991082881788104]
128,1,2209,2,0.008967070111132536,4.499760983171618,True,False,"[7, 8]","[0.14631932034464856, 0.14759095564720656]"
128,2,656,1,0.011367790396964443,2.898795263755101,True,False,[7],[0.09944035570705638]
128,4,1234,1,0.011811762258465416,3.5589023374623086,True,False,[12],[0.14395672729139924]
128,5,1914,1,0.010919316911359217,2.469229291488663,True,False,[7],[0.1276335695510867]
128,6,1782,3,0.006697169777015318,2.2826016123012742,True,False,"[7, 8, 15]","[0.1454157221120317, 0.17470616035711672, 0.16836534896229755]"
128,7,694,3,0.008550781153889464,2.3976638425963097,True,False,"[7, 8, 16]","[0.1504115374301257, 0.13778615619919843, 0.15823883288235693]"
128,8,3022,1,0.008844807366574958,3.242009986233181,True,False,[8],[0.0784098164657141]
128,9,2864,1,0.009372027975257182,5.80250988375654,True,False,[8],[0.08589754922672273]
128,12,491,2,0.012036783847020975,1.9818941108126369,True,False,"[7, 16]","[0.18821525156485808, 0.20741366056149077]"
128,13,839,1,0.010283128736443608,2.376050442750031,True,False,[7],[0.12046278889453493]
128,14,1529,2,0.009933888216960876,3.062728903635331,True,False,"[7, 8]","[0.15034189713803894, 0.09429067055060941]"
128,15,74,1,0.010399761916425837,2.9491595763844374,True,False,[15],[0.11484284679195558]
128,19,1916,2,0.007201624859186144,2.9296915256930998,True,False,"[7, 8]","[0.12105755287063828, 0.08228317245114887]"
128,20,2235,1,0.012525113427898048,2.251679166697547,True,False,[7],[0.12158876900508352]
128,22,2226,1,0.009461822614926828,2.9336378030857895,True,False,[8],[0.08909072853049566]
128,23,1984,2,0.008220548941779898,2.764439230788761,True,False,"[8, 15]","[0.07793077649609031, 0.08113135870046301]"
129,0,2734,1,0.010017823330688846,2.6602114217255375,True,False,[8],[0.10542557626850786]
129,1,2209,2,0.008692257683006414,4.530708254685053,True,False,"[7, 15]","[0.14742187921718092, 0.15923868628290863]"
129,4,1234,2,0.008727923389385587,3.540988110070764,True,False,"[8, 12]","[0.17679204314391359, 0.14275505679219105]"
129,6,1782,1,0.010716287976426705,2.2833738757250135,True,False,[12],[0.17284392217968028]
129,10,3082,2,0.028584786469224167,5.2309137439766324,True,False,"[7, 8]","[0.09759339327741705, 0.11169729202760754]"
129,13,491,2,0.009975560649690057,1.9829977568421127,True,False,"[7, 15]","[0.1601349794589298, 0.1994060166018151]"
129,14,839,1,0.013227171839448644,2.377142237885019,True,False,[16],[0.10399674126084811]
129,16,74,1,0.008224960015752625,3.0187035885436053,True,False,[7],[0.0967816704210888]
129,17,2937,1,0.010954245335306631,5.540752932529805,True,False,[8],[0.10325949398120562]
129,18,472,1,0.010768110695229252,3.0718438406553217,True,False,[8],[0.14035309743593624]
129,19,1531,1,0.009761108567491524,3.184673928855209,True,False,[5],[0.12736368917490393]
129,22,2226,3,0.006291908881483464,2.9316469131531333,True,False,"[8, 15, 16]","[0.08427079115607997, 0.11752139293467939, 0.2040020973207686]"
129,23,1984,1,0.008487865519734062,2.765605914483059,True,False,[8],[0.07826600669807923]
130,0,2734,1,0.00990027357008445,2.6930332176860374,True,False,[8],[0.09451811522634902]
130,1,3107,1,0.089614792656537,5.530754840685639,True,False,[15],[0.15419842530949865]
130,6,1234,3,0.0063049415608381855,3.5776703074732064,True,False,"[7, 8, 12]","[0.1472451084392581, 0.17975890279406823, 0.1510551602819203]"
130,7,1914,1,0.010827903096547475,2.5190099413734455,True,False,[5],[0.11690775276009836]
130,8,1782,2,0.009186269530451409,2.2964293329982555,True,False,"[7, 16]","[0.11812000087256068, 0.13350814548730885]"
130,9,694,4,0.0056870087879150625,2.4074685150679564,True,False,"[7, 8, 15, 16]","[0.11500161175515701, 0.09302884529580584, 0.18872470625050097, 0.14128801784745967]"
130,10,3022,1,0.010644046932861844,3.2784893895517215,True,False,[7],[0.10174456719307196]
130,12,3082,1,0.012043033151437834,5.254210324879466,True,False,[7],[0.17756988954163197]
130,15,491,2,0.010072449434898715,1.9819097457784438,True,False,"[8, 12]","[0.15478631966095904, 0.10705455409535684]"
130,16,839,1,0.010571201127443228,2.383269710912641,True,False,[8],[0.11334300140673803]
130,17,1529,2,0.010921997333757918,3.0601463172396937,True,False,"[8, 12]","[0.13179751739249218, 0.176411604259284]"
130,18,74,1,0.012265406447983794,3.0189276238100993,True,False,[8],[0.13351455671560883]
130,19,2937,1,0.008192378201165773,5.642361164149279,True,False,[8],[0.08317706241403353]
130,20,472,1,0.01002180445720608,3.1200349591907126,True,False,[5],[0.09844057293522095]
130,21,1531,1,0.008690736611510187,3.2620903203675073,True,False,[5],[0.09441455518727519]
130,22,1916,1,0.009212778028389624,2.976976421020294,True,False,[8],[0.08348928658628035]
130,23,2226,2,0.009251039844313759,2.9347046912323536,True,False,"[8, 15]","[0.079168922532847, 0.09418849047123468]"
131,1,3107,1,0.010638780522847028,5.624116536262027,True,False,[8],[0.13773545716614738]
131,2,2735,2,0.008067704035818952,5.255777900819601,True,False,"[7, 8]","[0.09107209430120657, 0.1521976905592053]"
131,3,2209,2,0.010833558539107732,4.5325067128610455,True,False,"[12, 15]","[0.14388584712096086, 0.22155345740318108]"
131,6,1234,1,0.008440046942525039,3.6551712819446633,True,False,[7],[0.13746178280358012]
131,7,3122,1,0.041365593865732624,5.555623162378155,True,False,[8],[0.13121678358436284]
131,8,1782,1,0.010792002873791532,2.3299792532213472,True,False,[7],[0.12648704071894779]
131,9,694,1,0.010284689341727113,2.431191463736945,True,False,[5],[0.11607632478684418]
131,10,3022,1,0.010093803433555044,3.3181224947875543,True,False,[7],[0.09892100870103035]
131,11,2864,1,0.01139138875558517,5.805016045783364,True,False,[15],[0.11970870455983845]
131,12,3082,1,0.01162136499490083,5.282304944507565,True,False,[7],[0.15894791093310073]
131,15,491,1,0.010247870589701879,2.024165910271244,True,False,[7],[0.11870067742243173]
131,16,839,1,0.012364090201887877,2.385189644515428,True,False,[16],[0.1434191693081646]
131,17,1914,1,0.011062243032832545,2.5259366860681247,True,False,[15],[0.13340408650680155]
131,18,1529,1,0.012792256840518167,3.1106843832074573,True,False,[5],[0.1307964338326113]
131,20,2937,1,0.010027156689503462,5.714747034010397,True,False,[8],[0.09976065364456771]
131,21,472,1,0.008971984353952134,3.1629981573647425,True,False,[7],[0.1155821629492688]
131,22,1916,2,0.006675414376208305,3.00961998551959,True,False,"[8, 15]","[0.08306541593266914, 0.11587494858714592]"
131,23,2226,1,0.010574701325303654,2.933247370216623,True,False,[16],[0.09625371205283503]
132,1,3107,3,0.007326439383834566,5.648242273931706,True,False,"[8, 12, 15]","[0.1216644189124329, 0.1513338651492928, 0.13965820398591475]"
132,3,2209,2,0.009116277937368756,4.532723180177752,True,False,"[8, 12]","[0.2062260331505721, 0.15307112646203758]"
132,6,1234,2,0.006958024346886037,3.7146739850358808,True,False,"[7, 12]","[0.14443546400546545, 0.1617468708122311]"
132,8,1782,1,0.012078646749478035,2.327055452086524,True,False,[15],[0.12982449523307113]
132,10,3022,1,0.012141145441986892,3.349973650487405,True,False,[16],[0.04624827067380701]
132,15,491,2,0.010515319047217555,2.025313160698402,True,False,"[8, 12]","[0.1599666081156153, 0.11314743807242332]"
132,18,1529,2,0.011350837896004976,3.093440267194224,True,False,"[12, 15]","[0.13024016507596545, 0.1775955338642984]"
132,22,1916,2,0.007180899272740929,3.03564065604984,True,False,"[8, 15]","[0.08833400313431584, 0.1166161101068834]"
132,23,2226,1,0.00951921022182661,3.0037700176565045,True,False,[5],[0.08513059525646575]
133,2,2735,2,0.008091623361044737,5.347492471416075,True,False,"[7, 8]","[0.09010186673401403, 0.1484756702337345]"
133,3,2209,1,0.011422558696542554,4.5812395538745605,True,False,[7],[0.16956313090145375]
133,6,1234,2,0.008408190429327054,3.775017398662108,True,False,"[7, 12]","[0.1623744100135117, 0.16558804530569893]"
133,7,3122,1,0.014412455719157268,5.6472308285732975,True,False,[8],[0.13933014284634632]
133,8,1782,1,0.011675590737952192,2.3545844408960543,True,False,[7],[0.1404498132091328]
133,10,3022,1,0.012491279640083579,3.357782941892493,True,False,[16],[0.06138724652071817]
133,15,491,2,0.00764678817187449,2.0522666398684324,True,False,"[7, 12]","[0.11761035644609386, 0.12825302184071846]"
133,16,839,1,0.009338100097869955,2.4271365488376624,True,False,[7],[0.10085807026207992]
133,18,1529,2,0.010005030865395234,3.093599818297933,True,False,"[8, 12]","[0.12955173615731672, 0.129169609022213]"
133,20,2937,1,0.011509448789828609,5.7560870216006625,True,False,[7],[0.10748444365918965]
133,21,472,1,0.009169438250564228,3.1995339443198714,True,False,[7],[0.11226029673724448]
133,22,1916,1,0.008881257960254864,3.0896616248539237,True,False,[8],[0.07309499351749456]
133,23,2226,2,0.007946937639319841,2.9992404942828657,True,False,"[15, 16]","[0.08835617844764634, 0.09838929553692358]"
134,0,2734,1,0.009873822228498707,2.729638071232126,True,False,[8],[0.08635500215690625]
134,1,3107,1,0.0111869316300635,5.6708039213638415,True,False,[15],[0.12938301216714937]
134,2,2735,1,0.008910609986002826,5.454781069695556,True,False,[8],[0.131533267201848]
134,3,2209,1,0.012810514380544754,4.581097651167221,True,False,[12],[0.15301405725306289]
134,4,656,1,0.009997524426881664,2.9461257482202563,True,False,[7],[0.12841691773419492]
134,6,1234,1,0.012226734024938825,3.806386376888694,True,False,[12],[0.1673122654018671]
134,7,3122,1,0.012269877683915381,5.754279645502647,True,False,[5],[0.11852813928288962]
134,8,1782,2,0.008118648257879026,2.372781168364373,True,False,"[7, 15]","[0.11593460486983635, 0.13670278009335718]"
134,9,694,1,0.010662191972489942,2.426488758706568,True,False,[15],[0.17703111553199913]
134,11,2864,1,0.012438572574742563,5.80489671014555,True,False,[7],[0.13300465377570864]
134,15,491,2,0.00962411044125273,2.0589121056964013,True,False,"[12, 15]","[0.14990560875882203, 0.16624049529365603]"
134,16,839,1,0.010050206720581885,2.438096926488189,True,False,[8],[0.10325746025568289]
134,18,1529,2,0.010157755796954203,3.1333714026851616,True,False,"[7, 8]","[0.13525374404548707, 0.12837076727007748]"
134,19,74,2,0.00806935061495796,3.0364964173722973,True,False,"[7, 8]","[0.10739894895710021, 0.08672857486779467]"
134,20,2937,2,0.007507792076297993,5.831915729820858,True,False,"[7, 8]","[0.09183607995719752, 0.08381987766259658]"
134,22,1916,1,0.009018406286479456,3.136186321773705,True,False,[8],[0.07524425461816371]
134,23,2226,2,0.008397483750385293,3.0027434994916278,True,False,"[8, 15]","[0.07829874762322915, 0.08113306268945114]"
135,2,2735,1,0.011926017462338213,5.53036414449083,True,False,[12],[0.12969327205091427]
135,6,1234,1,0.008515822586629295,3.882555192458699,True,False,[7],[0.15919637470303988]
135,7,3122,1,0.013316520246307542,5.742190076114931,True,False,[15],[0.1514727333505505]
135,8,1782,1,0.012503655239592246,2.372649240902894,True,False,[16],[0.15985810503090453]
135,9,694,2,0.0073871226261861015,2.44482306886917,True,False,"[7, 16]","[0.11425269863099431, 0.13781961712423946]"
135,10,3022,1,0.010399260784672053,3.4075102114056333,True,False,[7],[0.09007865055410512]
135,12,3082,1,0.010548284589989765,5.306802068244249,True,False,[8],[0.1308484739002936]
135,15,491,1,0.011899289223725082,2.06435995309954,True,False,[8],[0.1546271433747856]
135,16,839,2,0.006818963735476811,2.4634588458993902,True,False,"[7, 8]","[0.09133621500872922, 0.0960687275051892]"
135,18,1529,2,0.00902858520897698,3.1592738575685213,True,False,"[7, 12]","[0.14572321918992992, 0.10538874918359316]"
135,19,74,1,0.01082526292760767,3.070779233193405,True,False,[7],[0.09752151611235908]
135,21,472,1,0.00906266842367775,3.2372401988334496,True,False,[7],[0.1303975993247507]
135,22,1916,1,0.011211923755818752,3.1733131911622343,True,False,[5],[0.10374778298546457]
136,2,2735,2,0.008402084736276483,5.6191186355321046,True,False,"[8, 12]","[0.12128444036483149, 0.12652537020283733]"
136,3,2209,1,0.012912058402200792,4.615352113466731,True,False,[7],[0.1815525347245721]
136,6,1234,1,0.008796612599999847,3.9602257879909195,True,False,[7],[0.15363966804082702]
136,7,3122,2,0.009824114065802012,5.782376723749787,True,False,"[8, 15]","[0.11767337157803005, 0.15528165019076628]"
136,8,1782,2,0.006642635685720425,2.3960732332698194,True,False,"[7, 15]","[0.09646511170335673, 0.15037291333880565]"
136,9,694,2,0.007097163957376965,2.466679220233714,True,False,"[7, 8]","[0.10093716844577967, 0.08750037249932882]"
136,10,3022,1,0.010123642483255037,3.4116922344269778,True,False,[15],[0.1126592083848247]
136,11,2864,1,0.011636282378866868,5.805165777602603,True,False,[7],[0.11335248034669328]
136,12,3082,1,0.010503254279869822,5.3374173393087645,True,False,[8],[0.12115990095573526]
136,15,491,3,0.006922150760318072,2.083632951740709,True,False,"[7, 12, 15]","[0.12179797683901744, 0.13199588772037213, 0.15265328852450552]"
136,16,839,1,0.009118130397549029,2.496578612065092,True,False,[7],[0.08482693961115333]
136,17,1914,1,0.010519631413184832,2.562313651627241,True,False,[7],[0.11781849773385636]
136,18,1529,2,0.01107606114607696,3.1507381922793267,True,False,"[8, 15]","[0.14281008231476514, 0.22252533437237573]"
136,19,74,1,0.010122018188582568,3.121055564980113,True,False,[7],[0.08398490556989893]
136,23,2226,3,0.006911899883592562,3.025613766049072,True,False,"[7, 15, 16]","[0.091312550924688, 0.09972501069761851, 0.10659073458092773]"
137,1,3107,1,0.009744797763998883,5.728563418573712,True,False,[7],[0.12654300320493497]
137,2,2735,1,0.008572482635247113,5.723290288151829,True,False,[8],[0.11802767613902845]
137,3,2209,1,0.01210656847430668,4.61768106381865,True,False,[15],[0.2296908613051544]
137,6,1234,2,0.008175858561305814,3.9797016153863356,True,False,"[12, 15]","[0.15058999571377205, 0.17761343355554246]"
137,7,3122,3,0.009265556850667536,5.798076537519891,True,False,"[8, 12, 15]","[0.11489454470644349, 0.14627196658271918, 0.16511981626980388]"
137,8,1782,2,0.007372468188614119,2.418606110116093,True,False,"[7, 15]","[0.11976478165168146, 0.1640483200826014]"
137,9,694,1,0.009815113677517246,2.5014297587957692,True,False,[5],[0.14094266822510118]
137,10,3022,2,0.008502941127055507,3.4096630004083144,True,False,"[12, 16]","[0.1648121690823933, 0.06049888499653167]"
137,11,2864,1,0.01086509959544221,5.806840582063591,True,False,[7],[0.09915356167095277]
137,12,3082,2,0.0074686140748579915,5.370268250605597,True,False,"[7, 8]","[0.13236069885502622, 0.1170812400071645]"
137,15,491,2,0.007485553819625292,2.107392366276923,True,False,"[7, 12]","[0.13331046363782031, 0.10377319216736304]"
137,16,839,2,0.007242907140956682,2.513011770565169,True,False,"[7, 8]","[0.08257447112094553, 0.08983390873098156]"
137,18,1529,2,0.009808899540365424,3.183780244357543,True,False,"[7, 8]","[0.14926020438467305, 0.13656707872804963]"
137,22,1916,1,0.008966953022883802,3.2191122214817773,True,False,[8],[0.0758168627730101]
137,23,2226,1,0.011697102112251603,3.0256266437999,True,False,[16],[0.10448899177369417]
138,0,2734,1,0.009283645081144135,2.7696225093851616,True,False,[8],[0.07696785795125298]
138,1,3107,1,0.011125831072411326,5.745691672089805,True,False,[15],[0.12835650072549162]
138,2,2735,1,0.008662729909922066,5.833196462946232,True,False,[8],[0.10691291606539748]
138,3,2209,1,0.011311479083796254,4.613575818856916,True,False,[15],[0.2094599168922363]
138,6,1234,2,0.007388547172316482,4.052924069694671,True,False,"[7, 12]","[0.13794074577792215, 0.13132492700122717]"
138,7,3122,1,0.01650043947517289,5.771162820688859,True,False,[12],[0.141011488346027]
138,8,1782,1,0.008508869691966743,2.4653708471146527,True,False,[7],[0.12494079693678344]
138,9,694,3,0.007039256303235042,2.514033607749122,True,False,"[7, 8, 16]","[0.10582624929941276, 0.08981372622161371, 0.14043126314268825]"
138,11,2864,1,0.007936819153133635,5.906630497262862,True,False,[8],[0.12990126706319055]
138,12,3082,1,0.011183357519567583,5.398972434346282,True,False,[7],[0.1195146431574029]
138,15,491,2,0.009965727479685757,2.110572757248982,True,False,"[8, 12]","[0.19521063714778253, 0.11008623349594908]"
138,16,839,2,0.008566622376527899,2.5259061728605174,True,False,"[7, 8]","[0.08849279014643903, 0.09619811924454344]"
138,17,1914,1,0.011160224954469795,2.610481735694052,True,False,[5],[0.10776697672015474]
138,18,1529,2,0.009829773058816665,3.1914006240118846,True,False,"[8, 12]","[0.13801763738253042, 0.13825444989006247]"
138,19,74,2,0.008021087855476703,3.1462386288046273,True,False,"[7, 8]","[0.07846752810242459, 0.08557339909839923]"
138,20,2937,1,0.008921332046607132,5.91762809208251,True,False,[8],[0.07829143257986575]
138,21,472,1,0.009106334066498217,3.3148682544112753,True,False,[5],[0.09375891351636327]
138,23,2226,1,0.009436705170386602,3.1000563569419866,True,False,[5],[0.08815944109398999]
139,2,2735,1,0.012095073535990876,5.8407781241671,True,False,[15],[0.13003499222170453]
139,3,2209,1,0.011300371437734495,4.683113252194008,True,False,[5],[0.18062851811185351]
139,6,1234,1,0.009071678251543865,4.137125350869266,True,False,[7],[0.1383803035037368]
139,7,3122,1,0.012326669574116529,5.81425914959722,True,False,[7],[0.14236519758349192]
139,9,694,2,0.00811151996233843,2.536952344856169,True,False,"[7, 8]","[0.09149494486136377, 0.1005074899005652]"
139,10,3022,1,0.010272085975449843,3.465259698945164,True,False,[7],[0.09189100297712442]
139,11,2864,1,0.0077753440193691235,6.024825535605516,True,False,[8],[0.11945203104318432]
139,12,3082,2,0.007017401090569116,5.439240703149281,True,False,"[7, 8]","[0.09988667205560445, 0.10448235255033124]"
139,16,839,2,0.009094130108190105,2.537031905716428,True,False,"[7, 8]","[0.08828224078103175, 0.09326818312310871]"
139,18,1529,1,0.0130986761375768,3.239817381097477,True,False,[5],[0.14797795083416965]
139,20,2937,1,0.014625351639093464,5.8491231322050306,True,False,[12],[0.11477682837392617]
139,22,1916,1,0.009280944714514633,3.263897054056314,True,False,[8],[0.07278537586126681]
139,23,2226,1,0.009567639630142172,3.1181994255078083,True,False,[8],[0.07048162851568805]
140,1,3107,1,0.009619024792314806,5.825118039064519,True,False,[7],[0.12199671726031491]
140,2,2735,1,0.010209526244548139,5.909547235896172,True,False,[7],[0.09156471749237698]
140,3,2209,2,0.0078239808440945,4.7092869299356215,True,False,"[7, 8]","[0.16046245654509153, 0.1924019799513655]"
140,7,3122,2,0.010171110404867028,5.818367775490177,True,False,"[7, 12]","[0.1293917584618773, 0.14571646895813808]"
140,8,1782,1,0.012032778851317875,2.4982866732045297,True,False,[5],[0.19146103838284675]
140,9,694,2,0.008257646495458735,2.555884776430355,True,False,"[7, 16]","[0.08832378007716297, 0.13548217590677375]"
140,10,3022,1,0.011013019152383731,3.5202066012037085,True,False,[7],[0.09702517329631406]
140,11,2864,2,0.006794404262461122,6.082300844205226,True,False,"[8, 15]","[0.11178580688399516, 0.11604029547865169]"
140,12,3082,1,0.009465670978684315,5.476325763893154,True,False,[8],[0.09898949489810284]
140,15,491,3,0.00708528741161465,2.1190831996967057,True,False,"[7, 12, 15]","[0.13788716773392104, 0.11207895122452555, 0.15695763628991702]"
140,17,1914,1,0.01099911081513866,2.6581599031313177,True,False,[5],[0.11810169925498142]
140,18,1529,1,0.012475500790578893,3.301669609937275,True,False,[7],[0.14180820701430832]
140,19,74,1,0.010322017426010398,3.1908264618380717,True,False,[7],[0.08051965983837583]
140,21,472,1,0.008636042918433645,3.3971670638586633,True,False,[5],[0.08926810174734286]
140,22,1916,1,0.01152751053262662,3.2565488984115185,True,False,[16],[0.21676231512303407]
140,23,2226,1,0.009047933343763855,3.1354096116090933,True,False,[8],[0.06462478349722242]
141,2,2735,2,0.008738170167605128,6.011068921665726,True,False,"[7, 8]","[0.09993828391813843, 0.10590647366442474]"
141,3,2209,1,0.009785008655428452,4.70726529262467,True,False,[8],[0.17352114306297814]
141,6,1234,1,0.007920533312557957,4.226107962494802,True,False,[7],[0.1364509252804537]
141,8,1782,1,0.011410112892665867,2.5308986340105597,True,False,[5],[0.20934799137336985]
141,9,694,3,0.009881783413409695,2.5594897213601002,True,False,"[7, 15, 16]","[0.1244205562070075, 0.19474745076277022, 0.16763910602679108]"
141,10,3022,1,0.009755596794163964,3.538590208366677,True,False,[8],[0.1010128009180746]
141,15,491,1,0.012136764682605088,2.126188212152079,True,False,[15],[0.1603835047267131]
141,16,839,1,0.01144821871122569,2.5406766376839056,True,False,[16],[0.13902679972441884]
141,18,1529,1,0.013731575530287988,3.2958455379352043,True,False,[12],[0.16948464229241386]
141,19,74,1,0.010027467211463883,3.1901321996276493,True,False,[8],[0.08725280036610375]
141,20,2937,1,0.010764690140482992,5.91109122909944,True,False,[7],[0.0826644024377989]
142,3,2209,1,0.01329891544720545,4.695260362096968,True,False,[12],[0.167950442801818]
142,6,1234,2,0.007204763138431294,4.252196208391002,True,False,"[8, 12]","[0.1719275198661697, 0.1552898352852256]"
142,7,3122,1,0.013242069600726126,5.893149136686288,True,False,[8],[0.10952237407160789]
142,8,1782,1,0.010414435484256492,2.5641489564486006,True,False,[7],[0.14766840511870497]
142,9,694,1,0.011201895389715003,2.602696600875191,True,False,[7],[0.12017806173396592]
142,11,2864,1,0.008507030267694917,6.2008277443031,True,False,[8],[0.09939557932598238]
142,12,3082,1,0.00995356664812936,5.552722504864145,True,False,[8],[0.09719937426798586]
142,15,491,1,0.01166285833904163,2.1410536142076553,True,False,[5],[0.07663132456072087]
142,17,1914,1,0.01087056042469502,2.7061875407875458,True,False,[5],[0.11212864384266676]
142,18,1529,1,0.014151804197475111,3.2949783397900343,True,False,[12],[0.1838646000510683]
142,20,2937,1,0.011223972847539124,5.970216964816394,True,False,[7],[0.07956857158906265]
142,22,1916,1,0.011076783785127045,3.265853169716876,True,False,[15],[0.11477127321069905]
142,23,2226,2,0.007079771561060591,3.1501597715663827,True,False,"[8, 16]","[0.06419635122449588, 0.1081315237913695]"
143,0,2734,1,0.00956228991180956,2.815457484491998,True,False,[8],[0.07142369518317485]
143,2,2735,2,0.007717745702754953,6.0995198329130975,True,False,"[8, 12]","[0.10722965603055482, 0.11437936859227081]"
143,3,2209,1,0.011707053635083543,4.737267790252122,True,False,[7],[0.1662165668394387]
143,7,3122,1,0.01594009286995846,5.860815547393915,True,False,[12],[0.14181693083918187]
143,8,1782,1,0.011511463838293564,2.600545917891858,True,False,[5],[0.19105291763103358]
143,10,3022,1,0.01124144548546303,3.586339298238483,True,False,[7],[0.0929920664142992]
143,15,491,1,0.01182094297895939,2.169047449510492,True,False,[7],[0.16231780938351792]
143,16,839,1,0.011471476960592766,2.5381016898840203,True,False,[8],[0.08798218568869128]
143,17,1914,1,0.010206781125340642,2.747423158779457,True,False,[7],[0.11393762063212044]
143,18,1529,1,0.013880169761715638,3.2953193758975163,True,False,[12],[0.1780255346682921]
143,23,2226,1,0.009057926051430147,3.188774184580779,True,False,[8],[0.062478532226805966]
144,1,3107,1,0.010686373953589318,5.927514586530698,True,False,[5],[0.1334760434380294]
144,3,2209,1,0.011384944522189676,4.813992766156846,True,False,[5],[0.18218863706670899]
144,6,1234,1,0.009720378376365139,4.252742448157668,True,False,[8],[0.18408413018303948]
144,7,3122,1,0.013191364731158072,5.852168596403685,True,False,[15],[0.1593404086585949]
144,8,1782,1,0.011348352138762228,2.641073597646978,True,False,[5],[0.1886873001875591]
144,10,3022,1,0.0108144161182595,3.6003378119793554,True,False,[8],[0.10778674185532028]
144,11,2864,1,0.011198851286017657,6.22959039163804,True,False,[7],[0.09323751439738685]
144,15,491,1,0.011192779857937311,2.1786465011526834,True,False,[8],[0.191827449132921]
144,16,839,1,0.01071859531200595,2.5432889543049173,True,False,[5],[0.13288099432028425]
144,17,1914,1,0.011044095197788345,2.7999946686118204,True,False,[5],[0.0982060032112369]
144,18,1529,3,0.0078095406207692895,3.2900633286022853,True,False,"[8, 12, 16]","[0.13364091844113712, 0.17867656953753858, 0.13249355841961638]"
144,23,2226,1,0.01064232094492396,3.2384521552340497,True,False,[8],[0.0688706354267842]
145,1,3107,1,0.009245170418068426,6.012849739954317,True,False,[8],[0.1126958998305134]
145,3,2209,2,0.0073569815928401045,4.806441980866799,True,False,"[8, 15]","[0.17090894916172228, 0.20589267168880704]"
145,6,1234,1,0.010830440607719186,4.285289321389904,True,False,[12],[0.14130684644181285]
145,7,3476,1,0.13975073301184487,6.334136759382514,True,False,[12],[0.13358000947355728]
145,8,3022,1,0.010178892673918399,3.6412652021716974,True,False,[7],[0.13145085189999695]
145,9,2864,1,0.008706492007620815,6.353056280740682,True,False,[8],[0.0960230376089722]
145,13,491,1,0.011346526650470602,2.185102580614415,True,False,[7],[0.13619872182962195]
145,15,1782,1,0.011036889274050637,2.6812820102367567,True,False,[5],[0.08827410305627752]
145,16,694,3,0.00832607063713795,2.612261700008703,True,False,"[7, 8, 15]","[0.10694385401117008, 0.10729064554662104, 0.1263426831820038]"
145,17,472,1,0.009730257922176811,3.4795898647957832,True,False,[5],[0.09584074564339345]
145,20,1914,1,0.011546593396557921,2.7937177130142397,True,False,[15],[0.11414649378404156]
145,21,1529,1,0.012699270842525355,3.299400322943078,True,False,[8],[0.1511287527526117]
145,22,74,1,0.011593764036909713,3.248792598677628,True,False,[7],[0.1212840670074718]
146,0,2734,1,0.009681164828676463,2.868700666362728,True,False,[8],[0.06678884823157126]
146,1,3107,1,0.008587809877516304,6.1086275703060124,True,False,[7],[0.11716671962941574]
146,2,2735,1,0.010057335457650758,6.202461077977093,True,False,[8],[0.11130888248655209]
146,3,2209,1,0.013201346286792138,4.798094867565326,True,False,[12],[0.16376671337636006]
146,7,1234,1,0.007791125626357649,4.367272359542379,True,False,[7],[0.12668523460375047]
146,11,3082,1,0.010993023047798289,5.586380844218008,True,False,[7],[0.09351328900997567]
146,14,491,1,0.012301531591068775,2.20003632263524,True,False,[7],[0.15733840882213412]
146,15,3122,1,0.013116867557791775,5.851451690659208,True,False,[7],[0.16154153728109893]
146,16,1782,1,0.010984357010108267,2.728273749490185,True,False,[5],[0.12618396527785566]
146,17,694,2,0.009697128799169225,2.613735901740817,True,False,"[15, 16]","[0.14490291636653754, 0.10876219626692833]"
146,18,472,1,0.010148283306263101,3.515541693901667,True,False,[7],[0.14469713438518356]
146,20,839,1,0.009542037062292268,2.581046610433884,True,False,[7],[0.07836378826504567]
146,22,1529,2,0.01294183920245002,3.30024677498734,True,False,"[8, 12]","[0.0859744861258426, 0.1560593842980554]"
146,23,2937,1,0.011065188088331379,6.066974332739247,True,False,[8],[0.06617076301625224]
147,1,3107,1,0.011006520133067296,6.129586471199927,True,False,[15],[0.12532560692534045]
147,2,2735,1,0.011136389170451927,6.259386560424263,True,False,[7],[0.09221618766802958]
147,3,2209,4,0.00589985829995999,4.812394707788558,True,False,"[7, 8, 12, 15]","[0.13871692021681736, 0.18552929982884556, 0.14039631498948332, 0.2065699186941727]"
147,7,1234,1,0.011844317812766892,4.352235207755197,True,False,[15],[0.16792056681757983]
147,8,3476,2,0.008173747415446254,6.344420858385327,True,False,"[12, 15]","[0.14752916529726162, 0.16360237519648965]"
147,9,3022,1,0.011318306492966081,3.6331004244583047,True,False,[15],[0.1756425936938438]
147,15,3122,1,0.012721014616264062,5.85139880915923,True,False,[7],[0.14921396508619839]
147,16,1782,3,0.00961772492387398,2.7483003021295906,True,False,"[7, 8, 12]","[0.12524765755093553, 0.12783443020322655, 0.10546182118573372]"
147,17,694,2,0.007957273486844921,2.638084235069707,True,False,"[7, 8]","[0.10503522262880906, 0.12892877097773786]"
147,18,472,1,0.009565812519685453,3.554896123614413,True,False,[7],[0.1335287688409344]
147,21,839,1,0.008727640948566975,2.637209532948077,True,False,[7],[0.12328824099204737]
147,22,1529,2,0.014237971751532689,3.292235016885711,True,False,"[8, 12]","[0.12800262826640757, 0.17872093957003654]"
147,23,2937,1,0.011088772071497477,6.161218392037958,True,False,[8],[0.06413896822472583]
148,3,2209,1,0.009177453355963133,4.804380984418489,True,False,[8],[0.18345497594799873]
148,7,1234,2,0.009708377323110284,4.362607869482227,True,False,"[12, 15]","[0.14933591066018306, 0.2026161648002712]"
148,9,3476,1,0.012095223502280142,6.351193202780474,True,False,[15],[0.15895452017968945]
148,10,3022,2,0.00724254417638312,3.672117910041264,True,False,"[7, 8]","[0.07931863776818514, 0.10485273205266511]"
148,11,2864,1,0.010786100463211063,6.394633764575354,True,False,[7],[0.09441219936677661]
148,12,3082,1,0.009549806346477556,5.609853570477979,True,False,[7],[0.0875477304302323]
148,15,491,1,0.011067067258523817,2.211367684942521,True,False,[8],[0.18625667190944956]
148,16,3122,2,0.011615256246631967,5.853777195877946,True,False,"[8, 12]","[0.12530955722574447, 0.11291449009760272]"
148,17,1782,1,0.010757948760451485,2.792255529153255,True,False,[5],[0.12024093178461244]
148,18,694,1,0.01011101051426618,2.637479822278314,True,False,[8],[0.13308717560246655]
148,20,3525,1,0.0107509947849361,2.796097750647105,True,False,[8],[0.08521816555235304]
148,22,839,2,0.008091036624550775,2.670410995755705,True,False,"[7, 8]","[0.12035490023658922, 0.11693791105943152]"
148,23,2937,2,0.010436516383043493,6.167403676071145,True,False,"[8, 12]","[0.06794829366134728, 0.06575214915518036]"
149,1,3107,3,0.007862732564814883,6.1487628194335295,True,False,"[7, 12, 15]","[0.11021906196583357, 0.1596273240614698, 0.1278662394885321]"
149,2,2735,1,0.011231309033921038,6.300444641152393,True,False,[7],[0.0941048894330307]
149,7,1234,1,0.010761598048409302,4.381897931933118,True,False,[12],[0.14074200983736218]
149,9,3476,2,0.009328519449221681,6.338050424243364,True,False,"[12, 15]","[0.14651479894298788, 0.143796367331021]"
149,10,3022,1,0.0100845082063589,3.687174433042586,True,False,[8],[0.10141008982827017]
149,11,2864,1,0.008900919132309665,6.530556504298406,True,False,[8],[0.0914984980832264]
149,15,491,1,0.012791990349654498,2.2163854548163915,True,False,[5],[0.10089290972908725]
149,16,3122,1,0.013758468480947706,5.871468294933695,True,False,[15],[0.11458900522521595]
149,17,1782,1,0.0098385589572384,2.8540200314902835,True,False,[7],[0.09906459157258683]
149,18,694,1,0.00977615811844053,2.6902208515466564,True,False,[7],[0.1376723647584905]
149,20,3525,1,0.010203364255174756,2.8470107674096754,True,False,[5],[0.09232198051543862]
149,22,839,1,0.010084777089651529,2.718189752219006,True,False,[7],[0.11604227763248987]
150,1,3107,1,0.011665561842865525,6.163188512834348,True,False,[15],[0.12932416358981577]
150,2,2735,1,0.010170068437869082,6.405392196665362,True,False,[8],[0.10420924346532522]
150,5,1234,1,0.008968171140708187,4.422232247987289,True,False,[12],[0.06475376892377344]
150,7,3476,3,0.00823401781410999,6.340987930176282,True,False,"[7, 12, 15]","[0.12371918280189588, 0.1367963635787512, 0.19266282721716654]"
150,9,2864,1,0.01343011783051792,6.506566867566534,True,False,[12],[0.13787223631479908]
150,10,3082,2,0.006907168297476423,5.66942498401284,True,False,"[7, 8]","[0.0734865166763953, 0.0886885516856233]"
150,11,2209,2,0.008859315926848124,4.82891803839414,True,False,"[7, 15]","[0.10371974807618199, 0.13317090976451465]"
150,16,3122,3,0.010932581352617076,5.88245819477414,True,False,"[7, 8, 15]","[0.13272974369041107, 0.12952193153733754, 0.10975961581535323]"
150,17,1782,2,0.010420232509413327,2.8855914070546604,True,False,"[7, 8]","[0.1375025673820974, 0.15563304757587954]"
150,18,694,1,0.009333794230092802,2.6913607957635373,True,False,[8],[0.12514774210779286]
150,21,491,1,0.009986577078695298,2.2195270076051394,True,False,[8],[0.15103709432511733]
150,23,2937,1,0.008685105907478457,6.242108156850038,True,False,[7],[0.09090943001066228]
151,1,3107,1,0.009018419565971126,6.245313181415697,True,False,[8],[0.11217484060648444]
151,2,2735,2,0.00792607602117593,6.4730460137829775,True,False,"[8, 12]","[0.10482375379851905, 0.11698741831026795]"
151,5,1234,2,0.007327803914109884,4.437430517774409,True,False,"[8, 12]","[0.14142904975997597, 0.0730191725389183]"
151,7,3476,2,0.011223440170596384,6.2893539786484,True,False,"[12, 15]","[0.12499605308573726, 0.17414623781035615]"
151,8,3022,1,0.011007466371653073,3.6887959886494905,True,False,[16],[0.14009474314126213]
151,9,2864,2,0.007248150834330044,6.572474752882564,True,False,"[7, 8]","[0.11146659136659318, 0.08882674891894538]"
151,10,3082,2,0.007530999463521276,5.715201381556603,True,False,"[7, 8]","[0.07775935182691272, 0.08807232464392493]"
151,17,3122,1,0.01384685348682485,5.921872307294491,True,False,[7],[0.13770582065883924]
151,18,1782,1,0.010941403912828069,2.887244089798094,True,False,[12],[0.17224803006373152]
151,19,694,2,0.008411352741807675,2.69243882261265,True,False,"[8, 16]","[0.09935349053800546, 0.16133388945994515]"
152,2,3107,1,0.011299608784038701,6.274919793752106,True,False,[15],[0.12157558251743437]
152,3,2735,1,0.010796449503973026,6.469220374007524,True,False,[15],[0.1910826223075143]
152,6,1234,1,0.009411097283689997,4.517065439385614,True,False,[7],[0.15657434101767417]
152,8,3476,2,0.007878728355113981,6.302171930051332,True,False,"[12, 15]","[0.13095347963043566, 0.15103664197901492]"
152,9,3022,1,0.012459530093358187,3.685528037798696,True,False,[16],[0.1522653998373122]
152,12,2209,2,0.008519250841891977,4.858106075426791,True,False,"[7, 12]","[0.09155588153663471, 0.09409767646961606]"
152,18,3122,2,0.00858020021744442,5.979407038225488,True,False,"[7, 8]","[0.1375237255283747, 0.12353236808760965]"
152,19,1782,2,0.010138487602636779,2.904933672264614,True,False,"[7, 15]","[0.12902760658916837, 0.20668034298560659]"
152,20,694,2,0.0063134285070768036,2.7216499701023307,True,False,"[7, 8]","[0.07802994174989267, 0.09218259696565702]"
152,23,2937,2,0.007811153914080556,6.334282483335993,True,False,"[7, 8]","[0.08317484268726986, 0.06498033676455013]"
153,3,2735,3,0.0065148132306230115,6.4891910726918365,True,False,"[7, 12, 15]","[0.12664289442574433, 0.12668863239228745, 0.18451219508198]"
153,9,3476,1,0.013959312167929748,6.261232462752632,True,False,[12],[0.12912186205199447]
153,10,3022,1,0.010320139869391533,3.7475180672612005,True,False,[7],[0.07130715205715743]
153,13,2209,2,0.006292014219753823,4.9197122679676175,True,False,"[7, 12]","[0.1186011468998616, 0.09286657365799589]"
153,19,3122,1,0.014148169801931103,5.986024599673976,True,False,[15],[0.18737906468658383]
153,20,1782,1,0.00927548547674637,2.899373822202752,True,False,[12],[0.12150718688424547]
153,21,694,2,0.0071803288090089385,2.753913771814934,True,False,"[7, 16]","[0.12180897440064677, 0.1642388542062692]"
154,2,3107,1,0.009781607297633946,6.397250777146492,True,False,[5],[0.14941567846674425]
154,3,2735,2,0.006947302180100627,6.526105449470835,True,False,"[7, 15]","[0.12179818352959401, 0.17382401931870245]"
154,7,1234,1,0.010778089798534313,4.530873577390685,True,False,[12],[0.12052815544886564]
154,10,3022,1,0.01006699064485713,3.8099835487080247,True,False,[7],[0.06592455388809895]
154,11,2864,2,0.007190658982057798,6.6692638118372285,True,False,"[7, 8]","[0.09387178283418765, 0.08429573263753329]"
154,13,2209,2,0.012447451017012319,4.88878576371002,True,False,"[8, 17]","[0.10003604301656152, 0.041090359080656794]"
154,18,3122,1,0.011700160258616395,6.067903592091206,True,False,[8],[0.11781725635962746]
154,19,1782,1,0.009198787561438295,2.9613475681333354,True,False,[5],[0.1181329710691404]
154,20,694,2,0.006823667923448145,2.7850422862363784,True,False,"[7, 15]","[0.07338613148612454, 0.11402942200431634]"
154,23,2937,2,0.008907147762348498,6.382299822648152,True,False,"[7, 15]","[0.08841365569238517, 0.10308934737961586]"
155,3,2735,1,0.008414938889105767,6.602161844531689,True,False,[7],[0.1130144999655589]
155,7,1234,2,0.008145494857257742,4.536776755573994,True,False,"[8, 12]","[0.11141385205084474, 0.12280256555265877]"
155,10,3022,2,0.008856701338764716,3.8676485398554457,True,False,"[7, 16]","[0.0519012444538265, 0.061090555267115446]"
155,11,2864,1,0.009934528926797458,6.735219260490957,True,False,[7],[0.08855660922864302]
155,12,3082,1,0.009638973651521361,5.842515439864244,True,False,[7],[0.07594297644330843]
155,13,2209,1,0.008205216308523538,4.973923193205133,True,False,[7],[0.12062149821398838]
155,18,3122,1,0.0117772633388243,6.151206350732524,True,False,[8],[0.11363245549480352]
155,20,694,1,0.009952992843190683,2.8418374799351067,True,False,[7],[0.08425202922512856]
155,23,2937,1,0.010344161146882745,6.4644563152751315,True,False,[7],[0.0882668963704524]
156,2,3107,3,0.0057217112418377685,6.452559140247636,True,False,"[7, 8, 15]","[0.08774809243682909, 0.09632054488423644, 0.11200644760358534]"
156,6,3722,1,0.05922978267205332,6.846844669942658,True,False,[12],[0.1441343949082724]
156,9,3476,1,0.009145993779448832,6.412202198284294,True,False,[5],[0.13196979651133825]
156,11,2735,2,0.006744424606073793,6.6568695660616095,True,False,"[7, 8]","[0.08096714098807072, 0.07793961719272448]"
156,12,2209,2,0.007133855335342491,5.022576572284441,True,False,"[7, 8]","[0.07905759880384375, 0.09801082506108752]"
156,17,1234,2,0.009133054604588619,4.510165824511561,True,False,"[8, 15]","[0.15071534489401264, 0.16236543635433337]"
156,21,694,2,0.007577104389408416,2.8430842770887494,True,False,"[8, 16]","[0.152815965601925, 0.1553722833759077]"
156,22,3022,1,0.009060305340914928,3.930810779105732,True,False,[7],[0.0999890209344642]
156,23,3082,1,0.010389753537761072,5.8830160332691275,True,False,[8],[0.05980463390438756]
157,2,3107,2,0.008302256615382433,6.506859717327363,True,False,"[7, 12]","[0.0856207676303158, 0.11996493543250764]"
157,6,3722,2,0.008293617368187586,6.849783474873207,True,False,"[12, 15]","[0.147660392957853, 0.17200197741494067]"
157,9,3476,2,0.009824274867137033,6.386606284574153,True,False,"[12, 15]","[0.11700299156549729, 0.13797658275297048]"
157,11,2735,1,0.010644991745501965,6.6491385688905345,True,False,[7],[0.09114576109568803]
157,17,1234,2,0.007478490728623472,4.500137067624782,True,False,"[8, 12]","[0.148763662948482, 0.17462862271206253]"
157,19,3122,2,0.009913306629289997,6.219783120078006,True,False,"[7, 8]","[0.1113717598041243, 0.1043991719167993]"
157,23,3082,2,0.008165784937786975,5.911299864280669,True,False,"[7, 8]","[0.08806274178139464, 0.060835500136627786]"
158,6,3722,1,0.01286109333341752,6.836165936846054,True,False,[12],[0.13820986442038627]
158,9,3476,1,0.013714324844515761,6.353421236534827,True,False,[12],[0.10796920368454493]
158,11,2735,1,0.011023013160249394,6.639974609376398,True,False,[7],[0.09162721402238984]
158,17,1234,1,0.009192277527365907,4.581323502873023,True,False,[5],[0.11205541777404515]
158,19,3122,1,0.013040260818390161,6.2259447776939885,True,False,[15],[0.1723917698046551]
158,22,3022,1,0.008624796178402458,4.00369970231165,True,False,[7],[0.08887989393461851]
159,13,2735,2,0.006080320972741152,6.7185337741307425,True,False,"[7, 8]","[0.12365015397125931, 0.0907964379405998]"
159,19,1234,1,0.009422710129074998,4.584112473148557,True,False,[12],[0.14320824509093105]
159,23,3082,2,0.007529813745318269,5.940795452557713,True,False,"[7, 8]","[0.07649899453620518, 0.055616054958993806]"
160,9,3476,2,0.009546689883830905,6.336565915641804,True,False,"[12, 15]","[0.10479099068603093, 0.12312172909689617]"
160,22,2735,1,0.008741839799457415,6.796918058153818,True,False,[8],[0.1216328939720229]
161,15,3722,1,0.013564765990618444,6.784120923859298,True,False,[12],[0.11465270783077847]
161,19,3082,1,0.012872133965538072,5.970560521480683,True,False,[7],[0.10589970638073633]
161,20,2735,2,0.006479178196211954,6.8526402718572665,True,False,"[7, 8]","[0.07991321233339371, 0.09402678722693346]"
162,2,3107,1,0.009448430415519527,6.525118436810425,True,False,[8],[0.10064906853599628]
162,18,3476,1,0.010149822076187148,6.341187291916206,True,False,[15],[0.20218468606988219]
162,19,3082,1,0.011731884349824116,6.065508514808413,True,False,[7],[0.10226028869566602]
162,20,2735,4,0.006409880184542994,6.847507201353345,True,False,"[7, 8, 12, 15]","[0.0856961520377785, 0.10697494959772472, 0.13540283432291528, 0.1328309231036533]"
163,2,3107,1,0.013827847404487973,6.551757867843488,True,False,[12],[0.12705389082325105]
163,18,3476,1,0.0099363565553761,6.344982320465736,True,False,[15],[0.18308196425260687]
163,20,2735,2,0.007575453090753426,6.908757982536241,True,False,"[7, 8]","[0.07883361467552655, 0.09815372081339117]"
164,2,3107,1,0.010638242880566256,6.590821851014154,True,False,[15],[0.1057772583115235]
164,16,3722,1,0.012368624824688831,6.746686740923612,True,False,[12],[0.11933273589402738]
164,20,3082,1,0.010105377863189427,6.069714451445242,True,False,[8],[0.10341092990376378]
165,2,3107,1,0.01315148512093405,6.608885435084449,True,False,[12],[0.12790762349814055]
165,16,3722,1,0.009581732511646448,6.874614258114033,True,False,[5],[0.12377375867647994]
166,16,3722,1,0.012393115316986406,6.835336288033056,True,False,[12],[0.121420279254021]
166,20,3082,1,0.009841419892072791,6.182238922741824,True,False,[7],[0.06530622041338438]
166,21,2735,1,0.008725294525582529,6.927874520488707,True,False,[7],[0.1193561110555095]
167,17,3722,2,0.0071952285715184035,6.862591497591278,True,False,"[12, 15]","[0.16597877331442393, 0.16270724276016788]"
167,20,3476,2,0.008458470899722605,6.34051154662266,True,False,"[7, 12]","[0.06886445867781228, 0.1322163889564393]"
167,22,2735,2,0.006501682729029541,7.000747335535412,True,False,"[7, 8]","[0.09312835900502514, 0.10252493659734446]"
168,2,3107,1,0.010455845346401808,6.690286544993478,True,False,[7],[0.09251971346351524]
168,17,3722,1,0.009369331490839298,7.020068952025986,True,False,[5],[0.11259024216341153]
168,21,3082,1,0.008755684761770353,6.199357898986253,True,False,[8],[0.1447548353775688]
168,22,2735,3,0.006890225961211044,7.042489329620533,True,False,"[7, 8, 12]","[0.07852915803774879, 0.10229972482814816, 0.17312539277224312]"
169,2,3107,2,0.007004687803997424,6.771526664673365,True,False,"[7, 15]","[0.08668780901383413, 0.10453931905970151]"
169,18,3722,2,0.007946770651269966,7.059121959180725,True,False,"[12, 15]","[0.15716127792711065, 0.16914354399897702]"
169,21,3476,1,0.01431515513243002,6.242080916993297,True,False,[12],[0.12430432473614152]
169,22,3082,1,0.007708767972327008,6.291916676888055,True,False,[8],[0.09850868428698967]
169,23,2735,3,0.008572955355688779,7.03312491962264,True,False,"[8, 12, 15]","[0.05902904647917894, 0.0776303525460355, 0.10405311471590993]"
170,2,3107,1,0.01026089786585246,6.813907607932687,True,False,[15],[0.10076828481095193]
170,22,2735,1,0.008185501566098595,7.075929764498965,True,False,[7],[0.08340834629774418]
171,2,3107,1,0.009590876174664859,6.943095278498177,True,False,[5],[0.15817854451018395]
171,20,3476,2,0.00958017962753376,6.187370788241326,True,False,"[12, 15]","[0.1344852620277196, 0.13172248173811754]"
172,2,3107,1,0.010317838472626814,6.998054106561822,True,False,[15],[0.10058448090785259]
172,17,3722,3,0.006497282850593996,7.092025550401457,True,False,"[7, 12, 15]","[0.13716802502481473, 0.1640992673162066, 0.16037286914142612]"
172,20,3476,1,0.00914056946199917,6.295841038834533,True,False,[7],[0.06273104501213182]
172,23,2735,1,0.009300952249589475,7.152515869996473,True,False,[7],[0.0862624112552368]
173,10,4126,1,0.06876684620696197,7.637438542997381,True,False,[15],[0.10321437973838773]
173,20,3476,1,0.009087326457555599,6.418874021283593,True,False,[7],[0.061220084282883135]
173,22,3082,1,0.007448837543299449,6.4282483069113106,True,False,[8],[0.09038751969657974]
173,23,2735,2,0.0094099823025952,7.179605707211694,True,False,"[8, 15]","[0.05637188235839105, 0.10809250078533261]"
174,2,3107,2,0.007801643017859497,7.006693767603048,True,False,"[12, 15]","[0.14072929931272407, 0.11558090215324364]"
174,10,4126,1,0.010816658740818651,7.642388080461203,True,False,[15],[0.10999797149596571]
174,17,3722,1,0.00984014121659051,7.103866130342125,True,False,[8],[0.14288647670166607]
174,20,3476,2,0.010149382113727496,6.357305425045,True,False,"[12, 15]","[0.13069995255647732, 0.12995011268816564]"
174,23,2735,1,0.009024532172358523,7.263759608772984,True,False,[7],[0.07906525333278308]
175,10,4126,2,0.006238726143306471,7.711735566151854,True,False,"[8, 15]","[0.08842820201899174, 0.10289126449306386]"
175,17,3722,1,0.011467952865642088,7.156292382806434,True,False,[12],[0.157128069517275]
175,20,3476,1,0.008908559236019934,6.493465682324651,True,False,[7],[0.06322740083912552]
175,23,2735,2,0.00788787496550477,7.375805160545235,True,False,"[7, 8]","[0.08484330207704065, 0.06459459863707227]"
176,10,4126,1,0.010826500466446277,7.722214136409196,True,False,[15],[0.10222311107045434]
176,21,3476,1,0.014023695976492816,6.393911608556376,True,False,[12],[0.1171519686098646]
176,23,2735,3,0.010293219021554684,7.350893423871458,True,False,"[8, 12, 15]","[0.08463411201566572, 0.10929721279619692, 0.1205316988966072]"
177,2,3107,1,0.009658834111009058,7.011149502410405,True,False,[8],[0.10992501644590423]
177,19,3722,2,0.008174507362168718,7.184997738130189,True,False,"[12, 15]","[0.1285280240568636, 0.1579581151464348]"
177,23,2735,1,0.008394791491550486,7.467809440611492,True,False,[7],[0.08590625483215827]
178,12,4126,1,0.009430016376876122,7.832422498590319,True,False,[8],[0.09587628577562886]
178,20,3722,1,0.009028718448831208,7.305491812643781,True,False,[5],[0.10710036715610168]
178,23,2735,1,0.011118361739253634,7.446182793051147,True,False,[15],[0.12140396630742985]
179,0,4240,1,0.14841660051209493,5.206737325702777,True,False,[8],[0.06585406977926747]
179,12,4126,1,0.012130652254024122,7.852223002568927,True,False,[15],[0.11269583969482747]
179,22,3476,2,0.008227960143787134,6.375563418632863,True,False,"[12, 15]","[0.15737028888399468, 0.11230972299130632]"
179,23,2735,2,0.01189855226463851,7.368269537582525,True,False,"[12, 15]","[0.12910496358222442, 0.12724416375174077]"
180,2,3107,1,0.008781818835316771,7.133837233436719,True,False,[7],[0.08521358491698931]
180,13,4126,1,0.011945317937284991,7.854306501854677,True,False,[15],[0.1755375165987803]
180,22,3476,1,0.012487643184150547,6.3516373766154635,True,False,[12],[0.14256319801479628]
180,23,2735,3,0.00869993809823622,7.346625174476422,True,False,"[7, 12, 15]","[0.07439975145942934, 0.13799352846394342, 0.13535128155093318]"
181,0,4240,1,0.009375265807364926,5.231615822608757,True,False,[8],[0.06321429547808438]
181,13,4126,1,0.011245701078294144,7.854337237667294,True,False,[15],[0.15598990664392998]
181,22,3476,1,0.012228418829182176,6.338526886495586,True,False,[12],[0.13028296699824266]
182,2,3107,2,0.007513826697358013,7.181654229731924,True,False,"[7, 12]","[0.08892526927792653, 0.13429061777604695]"
182,13,4126,1,0.010509669797463945,7.853054993020087,True,False,[15],[0.1329881727395821]
182,23,2735,1,0.011675845743575622,7.3815271596308,True,False,[8],[0.08046298968000912]
183,13,4126,1,0.010296777059367544,7.85283646392497,True,False,[15],[0.1335332153727041]
183,22,3476,2,0.008143309614646824,6.320551447899084,True,False,"[12, 15]","[0.12705273853785537, 0.10975336034247814]"
183,23,2735,1,0.010298492438136977,7.442319311446223,True,False,[7],[0.07247169929789589]
184,2,3107,1,0.00877213278428569,7.291648938591895,True,False,[7],[0.08430740409745323]
185,16,4126,2,0.007490356725014903,7.891197135334949,True,False,"[8, 15]","[0.12436941960102339, 0.11440458735158178]"
186,17,4126,2,0.006588535605276258,7.9326118922873805,True,False,"[8, 15]","[0.13155909786612138, 0.14739382839078335]"
187,15,4126,1,0.011644908904337366,8.020880462616242,True,False,[15],[0.15114907478630787]
189,3,3107,1,0.009192941749308231,7.300012201962667,True,False,[15],[0.16091019859752428]
193,3,3107,2,0.008318911917661834,7.284969994300431,True,False,"[12, 15]","[0.12437739300674323, 0.1511406665084519]"
196,3,3107,1,0.009241738567389518,7.2824469530208376,True,False,[15],[0.13989615172506978]
199,3,3107,1,0.007449248174453115,7.43808824487129,True,False,[7],[0.10065169369698895]
208,13,4967,1,0.0773431007246128,9.554909964122595,True,False,[12],[0.0903057917563669]
222,23,5261,1,0.08931931985006594,8.452559945839143,True,False,[15],[0.12198155004045985]
333,19,7921,1,0.18633281679860322,65.19898026159154,True,False,[12],[0.11589183498897504]
335,0,7896,1,0.1994720319095241,65.06518865223575,True,False,[12],[0.10795287356121101]
337,21,7765,1,0.08374736244521976,56.33319017468171,True,False,[12],[0.10922820934031721]
338,0,8083,1,0.14019060407405917,72.14845382985432,True,False,[12],[0.09734055808471968]
342,1,8083,1,0.01991829179833045,71.92020675438765,True,False,[12],[0.14534955471394995]
343,21,8210,1,0.23696320383302827,65.61843202821736,True,False,[12],[0.0994943080422072]
344,0,8160,1,0.13889642582728626,77.97300051906163,True,False,[12],[0.08749588474391981]
347,1,8083,1,0.020607486636842937,71.66013539426348,True,False,[12],[0.1311196039883218]
350,0,8160,1,0.009496850502020178,78.50018270355694,True,False,[12],[0.07840195622385693]
351,0,8160,1,0.00939899824995462,79.01531748089418,True,False,[12],[0.07032609034016735]
352,15,8428,1,0.15335666914089585,67.01091794489206,True,False,[12],[0.10383130144643804]
355,0,8160,1,0.009426023676563639,79.53431931219731,True,False,[12],[0.06398294537822459]
355,18,8428,1,0.009071393263782975,67.97415205530636,True,False,[12],[0.14134621368330685]
356,5,8403,1,0.2593718175011968,60.4097287767981,True,False,[12],[0.0672701044701117]
357,1,8499,1,0.151211390209522,64.35321065837148,True,False,[12],[0.11858237815164152]
357,2,8083,1,0.010640991793881501,72.26376622885995,True,False,[12],[0.12412732856810073]
358,1,8499,1,0.021749149882336043,64.00961925763056,True,False,[12],[0.10788989193170462]
358,2,8083,1,0.010641839290338366,72.8802456268965,True,False,[12],[0.11148157700513862]
359,1,8499,1,0.02200697410895829,63.6802312117516,True,False,[12],[0.09841036688771303]
361,0,8160,1,0.009348154727947887,80.05287730169371,True,False,[12],[0.05791236484959159]
361,1,8499,1,0.02275761093497981,63.27269711974304,True,False,[12],[0.08962041632042664]
361,2,8083,1,0.010625294351230467,73.48550445652558,True,False,[12],[0.10084467988606294]
364,0,8160,1,0.009385148628966994,80.4925243689529,True,False,[12],[0.054871434830855575]
365,21,8738,1,0.13581716852317893,81.78800407501402,True,False,[12],[0.08959521047168435]
366,0,8160,1,0.009262114467247236,80.95775691971569,True,False,[12],[0.052956236182876495]
366,21,8738,1,0.012044154302049043,81.59139443989238,True,False,[12],[0.079676538988265]
367,0,8160,1,0.00958730252809355,81.43278217760981,True,False,[12],[0.048882063977095824]
367,21,8738,1,0.012212682687129838,81.35443209643158,True,False,[12],[0.07291832558558632]
368,21,8738,1,0.012001078687074205,81.13672513545991,True,False,[12],[0.06469765780643957]
370,20,8738,1,0.012421303825387428,80.92034527178048,True,False,[12],[0.11669440426914432]
371,0,8160,1,0.009858116037235931,81.70374950037613,True,False,[12],[0.044618521448844824]
373,0,8160,1,0.010369521940250464,81.85248963546418,True,False,[12],[0.043616169582549894]
375,3,8691,1,0.1574712298679177,65.0861625137705,True,False,[12],[0.11458710104910762]
376,0,8160,1,0.011215464957587165,82.01486452391003,True,False,[12],[0.04331400893902843]
376,2,8083,1,0.010531741622740025,74.12884226619367,True,False,[12],[0.09203098048626461]
377,2,8083,1,0.010666159165926146,74.77058420754312,True,False,[12],[0.08389037328127191]
380,0,8160,1,0.013683881239627294,82.00147938326036,True,False,[12],[0.04638217748105144]
380,2,8083,1,0.010663625743979731,75.42075727019993,True,False,[12],[0.0772670002697801]
383,0,8160,1,0.014808657966731437,81.9581191926629,True,False,[12],[0.04428866975080594]
384,0,8160,1,0.015332907978071299,81.90336100812968,True,False,[12],[0.04141976484626565]
386,0,8160,1,0.015567775823643678,81.83134526248985,True,False,[12],[0.03945184538493171]
387,0,8160,1,0.01832132882239411,81.55740438596872,True,False,[12],[0.03706270124060377]
389,1,8160,1,0.025382252841686284,80.75062210467462,True,False,[12],[0.08322313109712559]
390,1,8160,1,0.027461988949345546,79.80048337344802,True,False,[12],[0.07568560228786263]
391,1,8160,1,0.028996805868900105,78.71487415654589,True,False,[12],[0.07314637006508416]
391,5,9244,1,0.26269982592471813,79.14956136036683,True,False,[12],[0.060355995473223616]
393,5,9244,1,0.010574625840678836,79.09162723583403,True,False,[12],[0.05398567840780484]
397,1,8160,1,0.030500562734944593,77.47955652133192,True,False,[12],[0.06589129778395258]
397,5,9244,1,0.010478368609502454,79.02258810748232,True,False,[12],[0.049771351988375796]
398,0,9333,1,0.29090987630453125,75.61698767939866,True,False,[12],[0.03512935894946874]
398,2,9286,1,0.16189693823617546,77.06343334385113,True,False,[12],[0.07061214623133352]
398,6,9244,1,0.009653913187909292,79.19415242781876,True,False,[12],[0.12266320250953441]
399,1,8160,1,0.03078652045146532,76.22796239631997,True,False,[12],[0.06100401447926273]
403,0,9333,1,0.03150497107546482,74.5661225420243,True,False,[12],[0.0329875657121712]
404,1,8160,1,0.02909690780402234,75.05634916229474,True,False,[12],[0.06060830058940281]
405,4,9244,1,0.010562558837911101,78.99965744946506,True,False,[12],[0.12678239015326048]
406,4,9244,1,0.010513753808439578,78.81968693623658,True,False,[12],[0.1128115225635951]
407,0,9333,1,0.03228650003796645,73.45066277929185,True,False,[12],[0.03068361090973873]
411,19,9840,1,0.2610636467134471,90.26424851854046,True,False,[12],[0.10259469096758429]
413,22,9888,1,0.08216821926729255,105.80048101030174,True,False,[12],[0.11243619986865627]
414,1,9862,1,0.1617878157659932,98.38363996968651,True,False,[12],[0.0577233831645896]
416,0,9864,1,0.12795518785919116,103.23360555230855,True,False,[12],[0.027784098999941532]
416,1,9862,1,0.03056316825497424,96.89635093225019,True,False,[12],[0.051325635890956525]
417,0,9864,1,0.023234066645344095,102.3706675974955,True,False,[12],[0.026196438621745543]
417,1,9862,1,0.030567720530873935,95.36818818481403,True,False,[12],[0.04658221095212785]
418,0,9864,1,0.020463090870020687,101.78395910831117,True,False,[12],[0.023313459971770464]
419,0,9864,1,0.01901204523712214,101.51791536688283,True,False,[12],[0.022109068396973405]
420,0,9864,1,0.021848316154930107,101.07697283160451,True,False,[12],[0.021365056181781535]
420,2,10035,1,0.1716330647043407,92.60179086062725,True,False,[12],[0.06341511262549578]
420,3,9987,1,0.10242380402166618,91.3648819635515,True,False,[12],[0.10190479473958834]
421,0,9864,1,0.02291237511605839,100.5757766346056,True,False,[12],[0.02077029084489428]
421,1,9862,1,0.02884285606472257,94.02989448472029,True,False,[12],[0.04237586233015735]
422,0,9864,1,0.027677735043699355,99.41431847757383,True,False,[12],[0.02113015688297309]
422,3,9987,1,0.008746052954404435,91.27891579907717,True,False,[12],[0.09129598149312447]
423,1,9862,1,0.028565563601738057,92.72514265736955,True,False,[12],[0.039101767084584384]
423,7,9244,1,0.009839001586853049,78.78521137897057,True,False,[12],[0.10853932887649079]
424,0,9864,1,0.02818794747848255,98.30061511483866,True,False,[12],[0.02154910352293313]
424,2,10035,1,0.009922037757464901,93.47972780232217,True,False,[12],[0.05753606264593197]
424,3,9987,1,0.008666773609141306,91.186729616636,True,False,[12],[0.08157610828073036]
425,0,9864,1,0.02567790922360803,97.28535318257615,True,False,[12],[0.019445323021343386]
427,3,9987,1,0.008581377091947437,91.09290441936541,True,False,[12],[0.07335859375658532]
428,0,9864,1,0.02668963720368945,96.06953406310168,True,False,[12],[0.018679917779162378]
432,0,9864,1,0.025626371065071252,94.97029135949013,True,False,[12],[0.01764220076398591]
432,2,10322,1,0.14584494117359664,95.8224999511147,True,False,[12],[0.05237394349761927]
433,1,9862,1,0.028238929754263817,91.4468789496293,True,False,[12],[0.036735408831865254]
433,3,9987,1,0.008528888364004818,91.00032347103581,True,False,[12],[0.06631927747623621]
434,1,9862,1,0.030949115023293748,89.94364227129203,True,False,[12],[0.03546878033914575]
435,3,9987,1,0.00852135406207117,90.90190587698066,True,False,[12],[0.06014445272407086]
436,0,9864,1,0.025725314082617568,93.69322689882067,True,False,[12],[0.016019477667423565]
436,2,10322,1,0.0096784759688552,96.73758093847498,True,False,[12],[0.047436979657669125]
438,0,9864,1,0.025174192828464365,92.46952389476778,True,False,[12],[0.01641883654163154]
440,1,9862,1,0.03092727231701514,88.440811132629,True,False,[12],[0.03189859833106865]
441,2,10322,1,0.009839845127551356,97.61555632805997,True,False,[12],[0.04585503054164817]
443,1,9862,1,0.03205443193021677,86.85940217046297,True,False,[12],[0.029064619325448]
444,1,9862,1,0.03248088922174741,85.22639277445298,True,False,[12],[0.026092717779868282]
445,0,9864,1,0.020592155637582137,91.56470524186834,True,False,[12],[0.014683683755149059]
446,1,9862,1,0.03384591236173693,83.5198397174193,True,False,[12],[0.024067731683575656]
447,1,9862,1,0.0315926664369141,81.97046706396837,True,False,[12],[0.022432207794228033]
448,0,9864,1,0.02489600613122809,90.26206676765702,True,False,[12],[0.01513215819409939]
449,0,9864,1,0.023936839373344038,88.98477093332735,True,False,[12],[0.013813186538999668]
450,0,9864,1,0.023171660415015057,87.87907937076774,True,False,[12],[0.013836334933781969]
451,0,9864,1,0.026761405713213317,86.4404200215496,True,False,[12],[0.013731648402196667]
451,1,9862,1,0.031775645316447484,80.39544051001735,True,False,[12],[0.02098450857833572]
452,0,9864,1,0.030931764945062567,84.76063456224142,True,False,[12],[0.013151385872064053]
453,0,9864,1,0.029204445578933334,83.17404366444866,True,False,[12],[0.013153460205177285]
453,1,9862,1,0.03183592111758215,78.79711241547014,True,False,[12],[0.019236513587233006]
453,19,10801,1,0.211188309073357,89.78865273986713,True,False,[12],[0.09029356083688163]
454,0,9864,1,0.02709813460791011,81.71164097915239,True,False,[12],[0.013120565462912202]
454,1,9862,1,0.03261313238193628,77.193902411314,True,False,[12],[0.017959193372272975]
455,0,9864,1,0.02569990597950558,80.32826471637644,True,False,[12],[0.012235092147013949]
455,22,10801,1,0.009050369830793034,89.70062888375281,True,False,[12],[0.09898556726282262]
456,0,9864,1,0.027099010949034455,78.89525729273,True,False,[12],[0.013610350203155179]
456,1,9862,1,0.03375186547079748,75.53344336038924,True,False,[12],[0.01651491768706488]
457,0,9864,1,0.026431210799783084,77.59249555786872,True,False,[12],[0.012823951408704235]
458,0,9864,1,0.02550342717846897,76.31782406071574,True,False,[12],[0.011717433703168792]
460,22,11016,1,0.10051054314033118,76.03088740331202,True,False,[12],[0.08792605837126852]
461,0,9864,1,0.02467951364245549,75.04576287628844,True,False,[12],[0.01080892875251591]
463,0,9864,1,0.0259809733602469,73.71762255566128,True,False,[12],[0.009824395355638577]
464,1,9862,1,0.032997093739054566,73.92303888882567,True,False,[12],[0.015108016520713504]
466,0,9864,1,0.02489340562123842,72.51790820710573,True,False,[12],[0.009520394387195279]
466,2,10971,1,0.16041131001733916,103.73638623479701,True,False,[12],[0.0424002053687922]
468,2,10971,1,0.01064313895290245,104.38981222291565,True,False,[12],[0.03870797536986339]
469,0,9864,1,0.024100382783518202,71.41157453689415,True,False,[12],[0.008474546035386775]
469,2,10971,1,0.010669294502539957,105.0263475929292,True,False,[12],[0.03540802680996482]
470,0,9864,1,0.019547821005408864,70.59662376988724,True,False,[12],[0.007596026970962671]
473,1,11281,1,0.1691624476484195,76.95223483235638,True,False,[12],[0.014471855764133644]
474,0,11305,1,0.1361718882074173,82.47483596062824,True,False,[12],[0.007286111144697994]
474,22,11355,1,0.2351541067150784,122.34196246076863,True,False,[12],[0.07750398811059579]
481,1,11281,1,0.031875332172277254,75.38766665223027,True,False,[12],[0.013618246118969357]
483,0,11305,1,0.0210015046763146,81.87146596934781,True,False,[12],[0.0068356388628019755]
487,0,11305,1,0.020393434218089753,81.28556850432159,True,False,[12],[0.006551364773491715]
492,0,11785,1,0.3917813531557208,184.91013428999227,True,False,[12],[0.006004959610414455]
494,0,11785,1,0.02568281010286481,183.99560058178844,True,False,[12],[0.00570327771670205]
495,0,11785,1,0.023346098296066462,183.2276408099327,True,False,[12],[0.005140964265331428]
496,21,11546,1,0.1329220265203197,78.00656492908263,True,False,[12],[0.057125973437094496]
497,0,11785,1,0.02330681141008208,182.6337139858386,True,False,[12],[0.004927841721534616]
499,21,11785,1,0.010720994131540372,182.32420613539009,True,False,[12],[0.050251706309745986]
