generation,mu,mean_sigma,min_sigma,max_sigma,mean_psucc,min_psucc,max_psucc,gens_silent,sigma_floor_active,archive_size,n_pitot3_sentinels,n_spark_sentinels,n_both_sentinels,n_sentinels,lineage_0,lineage_1,lineage_2,lineage_3,lineage_4,lineage_5,lineage_6,lineage_7,lineage_8,lineage_9,lineage_10,lineage_11,lineage_12,lineage_13,lineage_14,lineage_15,lineage_16,lineage_17,lineage_18,lineage_19,lineage_20,lineage_21,lineage_22,lineage_23,sigma_0,sigma_1,sigma_2,sigma_3,sigma_4,sigma_5,sigma_6,sigma_7,sigma_8,sigma_9,sigma_10,sigma_11,sigma_12,sigma_13,sigma_14,sigma_15,sigma_16,sigma_17,sigma_18,sigma_19,sigma_20,sigma_21,sigma_22,sigma_23,psucc_0,psucc_1,psucc_2,psucc_3,psucc_4,psucc_5,psucc_6,psucc_7,psucc_8,psucc_9,psucc_10,psucc_11,psucc_12,psucc_13,psucc_14,psucc_15,psucc_16,psucc_17,psucc_18,psucc_19,psucc_20,psucc_21,psucc_22,psucc_23
1,24,0.10013694110609737,0.09953810705865762,0.10210518621451076,0.18623737373737373,0.16666666666666666,0.25,0,False,3,0,0,0,0,0,7,19,4,12,23,11,17,8,2,16,5,13,6,21,18,9,10,22,34,14,3,15,1,0.1,0.1,0.09953810705865762,0.1,0.1,0.1,0.1,0.1,0.1,0.1,0.1,0.1,0.09953810705865762,0.1,0.1,0.1,0.1,0.10210518621451076,0.1,0.10210518621451076,0.1,0.1,0.1,0.1,0.18181818181818182,0.18181818181818182,0.16666666666666666,0.18181818181818182,0.18181818181818182,0.18181818181818182,0.18181818181818182,0.18181818181818182,0.18181818181818182,0.18181818181818182,0.18181818181818182,0.18181818181818182,0.16666666666666666,0.18181818181818182,0.18181818181818182,0.18181818181818182,0.18181818181818182,0.25,0.18181818181818182,0.25,0.18181818181818182,0.18181818181818182,0.18181818181818182,0.18181818181818182
2,24,0.10027388221219474,0.09953810705865762,0.10210518621451076,0.19065656565656566,0.16666666666666666,0.25,0,False,3,0,0,0,0,0,7,19,4,12,54,23,11,17,8,2,16,5,13,6,21,18,9,10,22,34,14,3,15,0.1,0.1,0.09953810705865762,0.09953810705865762,0.1,0.10210518621451076,0.1,0.10210518621451076,0.1,0.1,0.1,0.1,0.1,0.09953810705865762,0.1,0.1,0.1,0.1,0.10210518621451076,0.09953810705865762,0.10210518621451076,0.1,0.1,0.1,0.18181818181818182,0.18181818181818182,0.16666666666666666,0.16666666666666666,0.18181818181818182,0.25,0.18181818181818182,0.25,0.18181818181818182,0.18181818181818182,0.18181818181818182,0.18181818181818182,0.18181818181818182,0.16666666666666666,0.18181818181818182,0.18181818181818182,0.18181818181818182,0.18181818181818182,0.25,0.16666666666666666,0.25,0.18181818181818182,0.18181818181818182,0.18181818181818182
3,24,0.10126804063926702,0.09953810705865762,0.10626479815687233,0.21667192760942763,0.16666666666666666,0.3125,0,False,2,0,0,0,0,0,75,7,19,4,12,54,23,11,17,8,85,76,72,13,2,16,5,21,83,92,6,9,18,0.10210518621451076,0.10120316818419796,0.1,0.09953810705865762,0.10120316818419796,0.10210518621451076,0.1035931400515108,0.1,0.1035931400515108,0.1,0.1,0.10120316818419796,0.10210518621451076,0.10210518621451076,0.10120316818419796,0.1,0.10210518621451076,0.1,0.1,0.10210518621451076,0.10626479815687233,0.1,0.1,0.1,0.25,0.2361111111111111,0.18181818181818182,0.16666666666666666,0.2361111111111111,0.25,0.22916666666666666,0.18181818181818182,0.22916666666666666,0.18181818181818182,0.18181818181818182,0.2361111111111111,0.25,0.25,0.2361111111111111,0.18181818181818182,0.25,0.18181818181818182,0.18181818181818182,0.25,0.3125,0.18181818181818182,0.18181818181818182,0.18181818181818182
4,24,0.1017427606374192,0.09953810705865762,0.10718608167904842,0.22254664702581373,0.16666666666666666,0.3125,0,False,2,0,0,0,0,0,75,104,7,19,4,12,54,23,11,17,8,85,76,72,13,2,16,5,21,83,92,6,18,0.10210518621451076,0.10120316818419796,0.10718608167904842,0.1,0.09953810705865762,0.10120316818419796,0.10210518621451076,0.1035931400515108,0.1,0.10718608167904842,0.1,0.1,0.1022793177746068,0.10210518621451076,0.10210518621451076,0.10120316818419796,0.1,0.10210518621451076,0.09953810705865762,0.1,0.10210518621451076,0.10626479815687233,0.1,0.1,0.25,0.2361111111111111,0.2934027777777778,0.18181818181818182,0.16666666666666666,0.2361111111111111,0.25,0.22916666666666666,0.18181818181818182,0.2934027777777778,0.18181818181818182,0.18181818181818182,0.21643518518518517,0.25,0.25,0.2361111111111111,0.18181818181818182,0.25,0.16666666666666666,0.18181818181818182,0.25,0.3125,0.18181818181818182,0.18181818181818182
5,24,0.10273645588122961,0.09953810705865762,0.11007817489808147,0.2304042669168537,0.16666666666666666,0.3125,0,False,2,0,0,0,0,0,75,132,7,19,104,4,12,54,23,11,17,8,85,76,72,13,2,16,5,120,21,92,6,0.10626479815687233,0.10120316818419796,0.1054499865926845,0.1,0.09953810705865762,0.11007817489808147,0.10120316818419796,0.10210518621451076,0.1035931400515108,0.09953810705865762,0.10718608167904842,0.09953810705865762,0.1,0.1054499865926845,0.10210518621451076,0.1035931400515108,0.10120316818419796,0.1,0.10210518621451076,0.09953810705865762,0.10626479815687233,0.1,0.10971734353948906,0.1,0.3125,0.2361111111111111,0.28173225308641975,0.18181818181818182,0.16666666666666666,0.2689525462962963,0.2361111111111111,0.25,0.22916666666666666,0.16666666666666666,0.2934027777777778,0.16666666666666666,0.18181818181818182,0.28173225308641975,0.25,0.22916666666666666,0.2361111111111111,0.18181818181818182,0.25,0.16666666666666666,0.3125,0.18181818181818182,0.2864583333333333,0.18181818181818182
6,24,0.10251307419819833,0.09953810705865762,0.11007817489808147,0.23033192895389076,0.16666666666666666,0.3125,0,False,2,0,0,0,0,0,75,132,7,148,19,104,4,12,54,23,11,17,8,85,76,72,13,2,16,5,120,21,6,0.10626479815687233,0.10120316818419796,0.1054499865926845,0.1,0.10120316818419796,0.10120316818419796,0.11007817489808147,0.10120316818419796,0.10210518621451076,0.1035931400515108,0.09953810705865762,0.10718608167904842,0.09953810705865762,0.1,0.1054499865926845,0.1035931400515108,0.1035931400515108,0.10120316818419796,0.1,0.10210518621451076,0.09953810705865762,0.10626479815687233,0.1,0.1,0.3125,0.2361111111111111,0.28173225308641975,0.18181818181818182,0.2361111111111111,0.2361111111111111,0.2689525462962963,0.2361111111111111,0.25,0.22916666666666666,0.16666666666666666,0.2934027777777778,0.16666666666666666,0.18181818181818182,0.28173225308641975,0.22916666666666666,0.22916666666666666,0.2361111111111111,0.18181818181818182,0.25,0.16666666666666666,0.3125,0.18181818181818182,0.18181818181818182
7,24,0.10260910181855425,0.09953810705865762,0.11007817489808147,0.22660981195052377,0.16666666666666666,0.3125,0,False,2,0,0,0,0,0,75,132,7,148,19,104,4,12,54,23,11,17,8,85,76,72,13,2,16,5,120,21,6,0.10626479815687233,0.10120316818419796,0.1054499865926845,0.1,0.1022793177746068,0.1022793177746068,0.11007817489808147,0.10120316818419796,0.10210518621451076,0.1035931400515108,0.09953810705865762,0.10718608167904842,0.09953810705865762,0.1,0.1054499865926845,0.1035931400515108,0.1035931400515108,0.1022793177746068,0.09953810705865762,0.10210518621451076,0.09953810705865762,0.10626479815687233,0.1,0.09953810705865762,0.3125,0.2361111111111111,0.28173225308641975,0.18181818181818182,0.21643518518518517,0.21643518518518517,0.2689525462962963,0.2361111111111111,0.25,0.22916666666666666,0.16666666666666666,0.2934027777777778,0.16666666666666666,0.18181818181818182,0.28173225308641975,0.22916666666666666,0.22916666666666666,0.21643518518518517,0.16666666666666666,0.25,0.16666666666666666,0.3125,0.18181818181818182,0.16666666666666666
8,24,0.10289778720836107,0.09953810705865762,0.11227675551386578,0.2306062560646979,0.16666666666666666,0.3125,0,False,2,0,0,0,0,0,75,132,7,148,19,104,4,12,54,23,11,17,205,8,85,76,72,13,2,16,5,120,6,0.10626479815687233,0.10120316818419796,0.1054499865926845,0.1,0.1022793177746068,0.10279881408516497,0.11227675551386578,0.10120316818419796,0.10210518621451076,0.1035931400515108,0.09953810705865762,0.10718608167904842,0.09953810705865762,0.10210518621451076,0.10210518621451076,0.1054499865926845,0.1035931400515108,0.1035931400515108,0.1022793177746068,0.09953810705865762,0.10210518621451076,0.09953810705865762,0.10626479815687233,0.09953810705865762,0.3125,0.2361111111111111,0.28173225308641975,0.18181818181818182,0.21643518518518517,0.1983989197530864,0.24653983410493824,0.2361111111111111,0.25,0.22916666666666666,0.16666666666666666,0.2934027777777778,0.16666666666666666,0.25,0.25,0.28173225308641975,0.22916666666666666,0.22916666666666666,0.21643518518518517,0.16666666666666666,0.25,0.16666666666666666,0.3125,0.16666666666666666
9,24,0.10443655951391262,0.09953810705865762,0.11227675551386578,0.25581567081404316,0.16666666666666666,0.3125,0,False,3,0,0,0,0,219,0,75,132,7,148,19,104,4,225,220,11,17,205,232,12,54,23,8,85,76,233,72,5,0.10210518621451076,0.10626479815687233,0.10120316818419796,0.1054499865926845,0.10210518621451076,0.1054499865926845,0.10279881408516497,0.11227675551386578,0.10120316818419796,0.10718608167904842,0.1054499865926845,0.10718608167904842,0.09953810705865762,0.1035931400515108,0.10718608167904842,0.10210518621451076,0.10718608167904842,0.09953810705865762,0.10210518621451076,0.1054499865926845,0.10718608167904842,0.10718608167904842,0.10718608167904842,0.09953810705865762,0.25,0.3125,0.2361111111111111,0.28173225308641975,0.25,0.28173225308641975,0.1983989197530864,0.24653983410493824,0.2361111111111111,0.2934027777777778,0.28173225308641975,0.2934027777777778,0.16666666666666666,0.22916666666666666,0.2934027777777778,0.25,0.2934027777777778,0.16666666666666666,0.25,0.28173225308641975,0.2934027777777778,0.2934027777777778,0.2934027777777778,0.16666666666666666
10,24,0.10547551603349818,0.09953810705865762,0.11291708149019393,0.2670340832368827,0.16666666666666666,0.35228587962962965,0,False,3,0,0,0,0,219,0,75,132,7,248,148,19,104,4,225,220,11,17,205,232,12,54,23,249,8,85,76,233,0.1035931400515108,0.10626479815687233,0.10120316818419796,0.1054499865926845,0.10210518621451076,0.10491709251729248,0.1054499865926845,0.10279881408516497,0.11227675551386578,0.10491709251729248,0.11291708149019393,0.1054499865926845,0.10718608167904842,0.09953810705865762,0.1035931400515108,0.11007817489808147,0.10210518621451076,0.10718608167904842,0.09953810705865762,0.11291708149019393,0.10210518621451076,0.1054499865926845,0.10718608167904842,0.10718608167904842,0.22916666666666666,0.3125,0.2361111111111111,0.28173225308641975,0.25,0.2997685185185185,0.28173225308641975,0.1983989197530864,0.24653983410493824,0.2997685185185185,0.35228587962962965,0.28173225308641975,0.2934027777777778,0.16666666666666666,0.22916666666666666,0.2689525462962963,0.25,0.2934027777777778,0.16666666666666666,0.35228587962962965,0.25,0.28173225308641975,0.2934027777777778,0.2934027777777778
11,24,0.10630889662658083,0.09953810705865762,0.11789222587057693,0.26371570477269807,0.16666666666666666,0.35228587962962965,0,False,3,0,0,0,0,219,0,75,132,7,248,148,19,104,284,225,220,11,17,205,4,12,54,23,249,232,8,85,233,0.1035931400515108,0.10626479815687233,0.10120316818419796,0.1054499865926845,0.10210518621451076,0.10491709251729248,0.10794181602145747,0.10279881408516497,0.11380258997578568,0.10626479815687233,0.11291708149019393,0.1054499865926845,0.11007817489808147,0.09953810705865762,0.10449126110942733,0.10491709251729248,0.1035931400515108,0.10718608167904842,0.09953810705865762,0.11789222587057693,0.11007817489808147,0.10626479815687233,0.10794181602145747,0.10718608167904842,0.22916666666666666,0.3125,0.2361111111111111,0.28173225308641975,0.25,0.2997685185185185,0.2582545653292181,0.1983989197530864,0.2259948479295267,0.3125,0.35228587962962965,0.28173225308641975,0.2689525462962963,0.16666666666666666,0.21006944444444442,0.2997685185185185,0.22916666666666666,0.2934027777777778,0.16666666666666666,0.3229287229938272,0.2689525462962963,0.3125,0.2582545653292181,0.2934027777777778
12,24,0.10636903532745078,0.09953810705865762,0.11789222587057693,0.26287776212687897,0.16666666666666666,0.35228587962962965,0,False,3,0,0,0,0,219,0,75,132,7,248,148,19,104,284,225,220,11,17,205,4,12,54,23,249,306,232,8,233,0.1035931400515108,0.10626479815687233,0.10120316818419796,0.10794181602145747,0.10210518621451076,0.10491709251729248,0.10976832150949774,0.10279881408516497,0.11380258997578568,0.10626479815687233,0.11291708149019393,0.1054499865926845,0.11227675551386578,0.09953810705865762,0.10449126110942733,0.10491709251729248,0.1035931400515108,0.10718608167904842,0.10120316818419796,0.11789222587057693,0.10120316818419796,0.11007817489808147,0.10626479815687233,0.10718608167904842,0.22916666666666666,0.3125,0.2361111111111111,0.2582545653292181,0.25,0.2997685185185185,0.23673335155178324,0.1983989197530864,0.2259948479295267,0.3125,0.35228587962962965,0.28173225308641975,0.24653983410493824,0.16666666666666666,0.21006944444444442,0.2997685185185185,0.22916666666666666,0.2934027777777778,0.2361111111111111,0.3229287229938272,0.2361111111111111,0.2689525462962963,0.3125,0.2934027777777778
13,24,0.10723611748740314,0.09953810705865762,0.11789222587057693,0.2681132710356117,0.16666666666666666,0.35228587962962965,0,False,3,0,0,0,0,219,0,75,132,320,7,319,19,104,284,248,148,220,11,17,205,4,225,54,23,249,306,232,233,0.1035931400515108,0.10626479815687233,0.10120316818419796,0.10794181602145747,0.11764506533899231,0.10210518621451076,0.10545151691989858,0.10545151691989858,0.11764506533899231,0.10626479815687233,0.10491709251729248,0.10976832150949774,0.1054499865926845,0.11227675551386578,0.09953810705865762,0.10449126110942733,0.10491709251729248,0.11291708149019393,0.10718608167904842,0.1022793177746068,0.11789222587057693,0.10120316818419796,0.11007817489808147,0.10718608167904842,0.22916666666666666,0.3125,0.2361111111111111,0.2582545653292181,0.2904952772687328,0.25,0.2651990097736625,0.2651990097736625,0.2904952772687328,0.3125,0.2997685185185185,0.23673335155178324,0.28173225308641975,0.24653983410493824,0.16666666666666666,0.21006944444444442,0.2997685185185185,0.35228587962962965,0.2934027777777778,0.21643518518518517,0.3229287229938272,0.2361111111111111,0.2689525462962963,0.2934027777777778
14,24,0.10756500581192281,0.09953810705865762,0.11789222587057693,0.2644401100273812,0.16666666666666666,0.35228587962962965,0,False,3,0,0,0,0,219,0,75,132,320,7,319,19,104,284,248,148,220,11,17,205,4,225,54,23,249,306,232,233,0.10449126110942733,0.10626479815687233,0.10120316818419796,0.10794181602145747,0.11764506533899231,0.10210518621451076,0.10545151691989858,0.10545151691989858,0.11764506533899231,0.10971734353948906,0.10794024955467327,0.10976832150949774,0.1054499865926845,0.11227675551386578,0.09953810705865762,0.10449126110942733,0.10491709251729248,0.11291708149019393,0.10718608167904842,0.10279881408516497,0.11789222587057693,0.10120316818419796,0.11007817489808147,0.10718608167904842,0.21006944444444442,0.3125,0.2361111111111111,0.2582545653292181,0.2904952772687328,0.25,0.2651990097736625,0.2651990097736625,0.2904952772687328,0.2864583333333333,0.2747878086419753,0.23673335155178324,0.28173225308641975,0.24653983410493824,0.16666666666666666,0.21006944444444442,0.2997685185185185,0.35228587962962965,0.2934027777777778,0.1983989197530864,0.3229287229938272,0.2361111111111111,0.2689525462962963,0.2934027777777778
15,24,0.10856592488687132,0.10120316818419796,0.12072101116155737,0.2713862775102873,0.21006944444444442,0.34158789866255146,0,False,3,0,0,0,0,219,0,75,132,320,7,319,19,104,284,248,148,220,11,17,205,4,225,372,374,249,306,232,360,0.10753858838607169,0.10626479815687233,0.10120316818419796,0.10794181602145747,0.12072101116155737,0.1035931400515108,0.10545151691989858,0.10545151691989858,0.11764506533899231,0.10971734353948906,0.10794024955467327,0.10976832150949774,0.11072562610326185,0.11227675551386578,0.10120316818419796,0.10449126110942733,0.10491709251729248,0.11789222587057693,0.11072562610326185,0.10120316818419796,0.11789222587057693,0.10120316818419796,0.11227675551386578,0.10753858838607169,0.2758969907407407,0.3125,0.2361111111111111,0.2582545653292181,0.26628733749633837,0.22916666666666666,0.2651990097736625,0.2651990097736625,0.2904952772687328,0.2864583333333333,0.2747878086419753,0.23673335155178324,0.34158789866255146,0.24653983410493824,0.2361111111111111,0.21006944444444442,0.2997685185185185,0.3229287229938272,0.34158789866255146,0.2361111111111111,0.3229287229938272,0.2361111111111111,0.24653983410493824,0.2758969907407407
16,24,0.10916488453339661,0.10120316818419796,0.12304027560195115,0.27628357698839495,0.21006944444444442,0.34158789866255146,0,False,3,0,0,0,0,219,0,75,132,320,7,319,19,104,284,248,148,220,403,4,225,391,407,11,17,205,232,372,306,0.10753858838607169,0.10626479815687233,0.10120316818419796,0.10794181602145747,0.12304027560195115,0.1035931400515108,0.10545151691989858,0.11021565842926595,0.11764506533899231,0.10971734353948906,0.10794024955467327,0.10976832150949774,0.11525833369163992,0.10491709251729248,0.10491709251729248,0.11789222587057693,0.11021565842926595,0.1127343150108359,0.11380258997578568,0.10120316818419796,0.10449126110942733,0.11227675551386578,0.11072562610326185,0.10120316818419796,0.2758969907407407,0.3125,0.2361111111111111,0.2582545653292181,0.24409672603831017,0.22916666666666666,0.2651990097736625,0.3264324256258573,0.2904952772687328,0.2864583333333333,0.2747878086419753,0.23673335155178324,0.31312224044067216,0.2997685185185185,0.2997685185185185,0.3229287229938272,0.3264324256258573,0.33623890817901225,0.2259948479295267,0.2361111111111111,0.21006944444444442,0.24653983410493824,0.34158789866255146,0.2361111111111111
17,24,0.10956275378281412,0.10120316818419796,0.12304027560195115,0.27692088783801777,0.21006944444444442,0.33623890817901225,0,False,4,0,0,0,0,219,0,418,75,132,320,7,319,19,104,284,248,148,220,403,4,225,391,407,11,17,205,232,306,0.10753858838607169,0.10626479815687233,0.11312023349781512,0.1022793177746068,0.10794181602145747,0.12304027560195115,0.10449126110942733,0.10545151691989858,0.11021565842926595,0.11764506533899231,0.10971734353948906,0.11312023349781512,0.10976832150949774,0.11525833369163992,0.10491709251729248,0.10491709251729248,0.11789222587057693,0.11021565842926595,0.1127343150108359,0.11380258997578568,0.10120316818419796,0.10449126110942733,0.11227675551386578,0.10120316818419796,0.2758969907407407,0.3125,0.33522215792181065,0.21643518518518517,0.2582545653292181,0.24409672603831017,0.21006944444444442,0.2651990097736625,0.3264324256258573,0.2904952772687328,0.2864583333333333,0.33522215792181065,0.23673335155178324,0.31312224044067216,0.2997685185185185,0.2997685185185185,0.3229287229938272,0.3264324256258573,0.33623890817901225,0.2259948479295267,0.2361111111111111,0.21006944444444442,0.24653983410493824,0.2361111111111111
18,24,0.1101861849724289,0.10120316818419796,0.12304027560195115,0.27627769069131874,0.21006944444444442,0.33623890817901225,0,False,4,0,0,0,0,219,0,418,75,132,320,7,319,19,104,454,248,148,220,403,284,225,391,407,11,17,205,4,306,0.10753858838607169,0.10971734353948906,0.11312023349781512,0.1022793177746068,0.10794181602145747,0.12304027560195115,0.10449126110942733,0.10545151691989858,0.1142415111638651,0.11764506533899231,0.11673754891002361,0.11312023349781512,0.10976832150949774,0.11525833369163992,0.10794024955467327,0.10971734353948906,0.11789222587057693,0.11021565842926595,0.1127343150108359,0.11380258997578568,0.10120316818419796,0.10449126110942733,0.10491709251729248,0.10120316818419796,0.2758969907407407,0.2864583333333333,0.33522215792181065,0.21643518518518517,0.2582545653292181,0.24409672603831017,0.21006944444444442,0.2651990097736625,0.29922972349036914,0.2904952772687328,0.30932818126286005,0.33522215792181065,0.23673335155178324,0.31312224044067216,0.2747878086419753,0.2864583333333333,0.3229287229938272,0.3264324256258573,0.33623890817901225,0.2259948479295267,0.2361111111111111,0.21006944444444442,0.2997685185185185,0.2361111111111111
19,24,0.11185250635038602,0.10120316818419796,0.12462707461157417,0.27881657870512844,0.20716194393539947,0.3576272465328384,0,False,4,0,0,0,0,219,0,418,75,132,320,7,319,19,464,104,454,248,148,220,403,284,225,391,407,11,17,205,4,0.10753858838607169,0.10971734353948906,0.11754120512889314,0.1022793177746068,0.10794181602145747,0.12462707461157417,0.10449126110942733,0.10545151691989858,0.12054633030798138,0.12054633030798138,0.11764506533899231,0.12042332220123424,0.11312023349781512,0.10976832150949774,0.11902382147249842,0.10794024955467327,0.10971734353948906,0.11789222587057693,0.11021565842926595,0.1127343150108359,0.11468729006608666,0.10120316818419796,0.10449126110942733,0.10491709251729248,0.2758969907407407,0.2864583333333333,0.30728697809499306,0.21643518518518517,0.2582545653292181,0.2237553322017843,0.21006944444444442,0.2651990097736625,0.3576272465328384,0.3576272465328384,0.2904952772687328,0.2835508328242884,0.33522215792181065,0.23673335155178324,0.28702872040394944,0.2747878086419753,0.2864583333333333,0.3229287229938272,0.3264324256258573,0.33623890817901225,0.20716194393539947,0.2361111111111111,0.21006944444444442,0.2997685185185185
20,24,0.11436264663011686,0.10120316818419796,0.12604605424210039,0.29444662301522345,0.20510905451830228,0.37935132941100824,0,False,5,0,0,0,0,219,0,418,75,497,132,320,7,487,319,19,464,104,454,248,148,220,403,502,225,482,407,17,205,0.10990000344505797,0.10971734353948906,0.12430834942601654,0.1022793177746068,0.1252270159441647,0.10976832150949774,0.12551716605386137,0.10449126110942733,0.11021565842926595,0.11021565842926595,0.12604605424210039,0.12054633030798138,0.11764506533899231,0.12042332220123424,0.11312023349781512,0.10976832150949774,0.11902382147249842,0.10794024955467327,0.10753858838607169,0.1252270159441647,0.12430834942601654,0.1127343150108359,0.10120316818419796,0.10753858838607169,0.25290557484567894,0.2864583333333333,0.3650130632537436,0.21643518518518517,0.37935132941100824,0.23673335155178324,0.20510905451830228,0.21006944444444442,0.3264324256258573,0.3264324256258573,0.3278249759884352,0.3576272465328384,0.2904952772687328,0.2835508328242884,0.33522215792181065,0.23673335155178324,0.28702872040394944,0.2747878086419753,0.2758969907407407,0.37935132941100824,0.3650130632537436,0.33623890817901225,0.2361111111111111,0.2758969907407407
21,24,0.1147399502393513,0.10120316818419796,0.12604605424210039,0.290708997441196,0.19256365740740738,0.37935132941100824,0,False,5,0,0,0,0,219,0,418,75,497,132,320,7,487,319,19,464,104,454,248,148,220,403,502,225,482,407,17,205,0.11159232948155068,0.10971734353948906,0.12430834942601654,0.1022793177746068,0.1252270159441647,0.10976832150949774,0.12551716605386137,0.1048349052634947,0.11021565842926595,0.1142415111638651,0.12604605424210039,0.12054633030798138,0.11764506533899231,0.12042332220123424,0.11312023349781512,0.10976832150949774,0.1220172851689655,0.10794024955467327,0.10753858838607169,0.1252270159441647,0.12430834942601654,0.1127343150108359,0.10120316818419796,0.10753858838607169,0.23183011027520567,0.2864583333333333,0.3650130632537436,0.21643518518518517,0.37935132941100824,0.23673335155178324,0.20510905451830228,0.19256365740740738,0.3264324256258573,0.29922972349036914,0.3278249759884352,0.3576272465328384,0.2904952772687328,0.2835508328242884,0.33522215792181065,0.23673335155178324,0.263109660370287,0.2747878086419753,0.2758969907407407,0.37935132941100824,0.3650130632537436,0.33623890817901225,0.2361111111111111,0.2758969907407407
22,24,0.1155589763383008,0.10120316818419796,0.1292967710588442,0.29076778570652756,0.18801663330844373,0.41115830932176856,0,False,5,0,0,0,0,219,0,418,75,497,132,320,7,487,319,19,464,104,454,248,148,220,403,502,539,482,407,17,205,0.11159232948155068,0.10971734353948906,0.12430834942601654,0.1022793177746068,0.1252270159441647,0.10976832150949774,0.12575511722782096,0.1048349052634947,0.11021565842926595,0.1142415111638651,0.12604605424210039,0.1292967710588442,0.12072101116155737,0.12042332220123424,0.11312023349781512,0.11095488522060533,0.1220172851689655,0.11027621935628654,0.10753858838607169,0.1292967710588442,0.12430834942601654,0.1127343150108359,0.10120316818419796,0.10753858838607169,0.23183011027520567,0.2864583333333333,0.3650130632537436,0.21643518518518517,0.37935132941100824,0.23673335155178324,0.18801663330844373,0.19256365740740738,0.3264324256258573,0.29922972349036914,0.3278249759884352,0.41115830932176856,0.26628733749633837,0.2835508328242884,0.33522215792181065,0.2170055722558013,0.263109660370287,0.25188882458847733,0.2758969907407407,0.41115830932176856,0.3650130632537436,0.33623890817901225,0.2361111111111111,0.2758969907407407
23,24,0.11774350480320363,0.10120316818419796,0.13360798542399208,0.2980945887140887,0.18801663330844373,0.41792864131593166,0,False,3,0,0,0,0,560,75,497,219,0,418,572,319,19,464,132,320,7,487,248,148,220,403,104,553,454,482,17,205,0.11718778983751016,0.10279881408516497,0.1252270159441647,0.11159232948155068,0.11535908238757993,0.13024887814302702,0.13360798542399208,0.1142415111638651,0.13070111373635954,0.1292967710588442,0.10976832150949774,0.12575511722782096,0.1048349052634947,0.11718778983751016,0.11312023349781512,0.11153626414879021,0.12425081542898024,0.11027621935628654,0.12072101116155737,0.11535908238757993,0.12042332220123424,0.13360798542399208,0.10120316818419796,0.10753858838607169,0.3825630568237025,0.1983989197530864,0.37935132941100824,0.23183011027520567,0.34592013888888884,0.3345953079825983,0.41792864131593166,0.29922972349036914,0.3005062279893989,0.41115830932176856,0.23673335155178324,0.18801663330844373,0.19256365740740738,0.3825630568237025,0.33522215792181065,0.19892177456781784,0.24118385533942974,0.25188882458847733,0.26628733749633837,0.34592013888888884,0.2835508328242884,0.41792864131593166,0.2361111111111111,0.2758969907407407
24,24,0.11915560708807231,0.10120316818419796,0.1407774278379277,0.2979290208951115,0.18801663330844373,0.4602284502116212,0,False,3,0,0,0,0,560,75,497,219,0,418,572,319,19,591,464,132,320,7,487,248,148,220,585,403,104,454,17,205,0.1233931022353138,0.10279881408516497,0.1252270159441647,0.11159232948155068,0.11535908238757993,0.13024887814302702,0.13360798542399208,0.11751561283592189,0.1344950176477788,0.11443119209945982,0.1407774278379277,0.10976832150949774,0.12575511722782096,0.1048349052634947,0.11718778983751016,0.11312023349781512,0.11443119209945982,0.12425081542898024,0.1407774278379277,0.11027621935628654,0.12072101116155737,0.12042332220123424,0.10120316818419796,0.10753858838607169,0.350682802088394,0.1983989197530864,0.37935132941100824,0.23183011027520567,0.34592013888888884,0.3345953079825983,0.41792864131593166,0.274293913199505,0.27546404232361565,0.26567829335383303,0.4602284502116212,0.23673335155178324,0.18801663330844373,0.19256365740740738,0.3825630568237025,0.33522215792181065,0.26567829335383303,0.24118385533942974,0.4602284502116212,0.25188882458847733,0.26628733749633837,0.2835508328242884,0.2361111111111111,0.2758969907407407
25,24,0.11944221787929994,0.10120316818419796,0.1407774278379277,0.2958739283345982,0.18801663330844373,0.4602284502116212,0,False,3,0,0,0,0,560,75,497,219,0,418,572,319,19,591,464,132,320,7,487,248,148,220,585,403,104,454,17,205,0.12877198882621296,0.10279881408516497,0.1252270159441647,0.11159232948155068,0.11535908238757993,0.13024887814302702,0.13360798542399208,0.11751561283592189,0.1344950176477788,0.11443119209945982,0.1407774278379277,0.10976832150949774,0.12575511722782096,0.1048349052634947,0.11718778983751016,0.11312023349781512,0.11443119209945982,0.12575058782754422,0.1407774278379277,0.11027621935628654,0.12072101116155737,0.12042332220123424,0.10120316818419796,0.10753858838607169,0.3214592352476945,0.1983989197530864,0.37935132941100824,0.23183011027520567,0.34592013888888884,0.3345953079825983,0.41792864131593166,0.274293913199505,0.27546404232361565,0.26567829335383303,0.4602284502116212,0.23673335155178324,0.18801663330844373,0.19256365740740738,0.3825630568237025,0.33522215792181065,0.26567829335383303,0.22108520072781057,0.4602284502116212,0.25188882458847733,0.26628733749633837,0.2835508328242884,0.2361111111111111,0.2758969907407407
26,24,0.12154453406530803,0.10279881408516497,0.1407774278379277,0.30273012674815175,0.1765166859567901,0.4602284502116212,0,False,3,0,0,0,0,560,75,497,219,0,418,572,319,19,591,464,132,320,7,487,248,148,220,585,403,104,454,626,205,0.12877198882621296,0.10279881408516497,0.13513700591613179,0.11159232948155068,0.11535908238757993,0.13024887814302702,0.13360798542399208,0.11751561283592189,0.13743169596578753,0.11660972397122346,0.1407774278379277,0.10976832150949774,0.12575511722782096,0.10466522051521766,0.11718778983751016,0.11312023349781512,0.11443119209945982,0.12575058782754422,0.1407774278379277,0.11194245467508451,0.12072101116155737,0.12042332220123424,0.13513700591613179,0.10753858838607169,0.3214592352476945,0.1983989197530864,0.4310720519600909,0.23183011027520567,0.34592013888888884,0.3345953079825983,0.41792864131593166,0.274293913199505,0.25250870546331433,0.24353843557434693,0.4602284502116212,0.23673335155178324,0.18801663330844373,0.1765166859567901,0.3825630568237025,0.33522215792181065,0.26567829335383303,0.22108520072781057,0.4602284502116212,0.23089808920610422,0.26628733749633837,0.2835508328242884,0.4310720519600909,0.2758969907407407
27,24,0.12229223860747983,0.10279881408516497,0.15149174597777504,0.29900203787231344,0.1765166859567901,0.4602284502116212,0,False,3,0,0,0,0,560,75,497,219,0,418,572,319,19,591,464,132,320,7,487,248,148,220,585,403,104,454,626,205,0.12877198882621296,0.10279881408516497,0.13513700591613179,0.11159232948155068,0.11535908238757993,0.13024887814302702,0.13360798542399208,0.11751561283592189,0.13743169596578753,0.11660972397122346,0.15149174597777504,0.10976832150949774,0.12575511722782096,0.10466522051521766,0.1233931022353138,0.11312023349781512,0.11443119209945982,0.12575058782754422,0.1407774278379277,0.11296773314955653,0.12072101116155737,0.12042332220123424,0.13513700591613179,0.10753858838607169,0.3214592352476945,0.1983989197530864,0.4310720519600909,0.23183011027520567,0.34592013888888884,0.3345953079825983,0.41792864131593166,0.274293913199505,0.25250870546331433,0.24353843557434693,0.42187607936065274,0.23673335155178324,0.18801663330844373,0.1765166859567901,0.350682802088394,0.33522215792181065,0.26567829335383303,0.22108520072781057,0.4602284502116212,0.21165658177226218,0.26628733749633837,0.2835508328242884,0.4310720519600909,0.2758969907407407
28,24,0.12291656130423086,0.10279881408516497,0.15149174597777504,0.29476116577677797,0.1765166859567901,0.4602284502116212,0,False,3,0,0,0,0,560,75,497,219,0,418,572,319,19,591,464,132,320,7,487,248,148,220,585,403,104,454,626,205,0.13328985356808562,0.10279881408516497,0.13513700591613179,0.11159232948155068,0.11535908238757993,0.13024887814302702,0.13360798542399208,0.11751561283592189,0.13743169596578753,0.11660972397122346,0.15149174597777504,0.10976832150949774,0.12575511722782096,0.10466522051521766,0.12877198882621296,0.11312023349781512,0.11660972397122346,0.12575058782754422,0.1407774278379277,0.11296773314955653,0.12072101116155737,0.12333178371872335,0.13513700591613179,0.10753858838607169,0.2946709656437199,0.1983989197530864,0.4310720519600909,0.23183011027520567,0.34592013888888884,0.3345953079825983,0.41792864131593166,0.274293913199505,0.25250870546331433,0.24353843557434693,0.42187607936065274,0.23673335155178324,0.18801663330844373,0.1765166859567901,0.3214592352476945,0.33522215792181065,0.24353843557434693,0.22108520072781057,0.4602284502116212,0.21165658177226218,0.26628733749633837,0.2599215967555977,0.4310720519600909,0.2758969907407407
29,24,0.12309912347977937,0.10279881408516497,0.15149174597777504,0.292236133748297,0.1765166859567901,0.4602284502116212,0,False,3,0,0,0,0,560,75,497,219,0,418,572,319,19,591,464,132,320,7,487,248,148,220,585,403,104,454,626,205,0.13328985356808562,0.10279881408516497,0.13513700591613179,0.11264380324157071,0.11535908238757993,0.13024887814302702,0.13360798542399208,0.12004219880591617,0.13743169596578753,0.11660972397122346,0.15149174597777504,0.10976832150949774,0.12575511722782096,0.10466522051521766,0.12877198882621296,0.11312023349781512,0.11660972397122346,0.1265540203106943,0.1407774278379277,0.11296773314955653,0.12072101116155737,0.12333178371872335,0.13513700591613179,0.10753858838607169,0.2946709656437199,0.1983989197530864,0.4310720519600909,0.21251093441893854,0.34592013888888884,0.3345953079825983,0.41792864131593166,0.25143608709954623,0.25250870546331433,0.24353843557434693,0.42187607936065274,0.23673335155178324,0.18801663330844373,0.1765166859567901,0.3214592352476945,0.33522215792181065,0.24353843557434693,0.20266143400049302,0.4602284502116212,0.21165658177226218,0.26628733749633837,0.2599215967555977,0.4310720519600909,0.2758969907407407
30,24,0.12500625274658958,0.10280030593763319,0.15149174597777504,0.29624303584904926,0.17234858053274008,0.46643458787293735,0,False,3,0,0,0,0,560,75,497,219,0,418,572,319,19,591,726,464,740,132,320,7,487,248,148,220,585,403,104,205,0.13328985356808562,0.10280030593763319,0.14423928985524262,0.11264380324157071,0.11535908238757993,0.13024887814302702,0.14574757026509694,0.12004219880591617,0.13743169596578753,0.11660972397122346,0.14574757026509694,0.15149174597777504,0.12621347364802268,0.10976832150949774,0.1253917720651771,0.10466522051521766,0.12877198882621296,0.11754120512889314,0.11809512250881997,0.1265540203106943,0.1407774278379277,0.11296773314955653,0.12621347364802268,0.10753858838607169,0.2946709656437199,0.1818656764403292,0.3951493809634167,0.21251093441893854,0.34592013888888884,0.3345953079825983,0.46643458787293735,0.25143608709954623,0.25250870546331433,0.24353843557434693,0.46643458787293735,0.42187607936065274,0.3274300593716435,0.23673335155178324,0.17234858053274008,0.1765166859567901,0.3214592352476945,0.30728697809499306,0.22324356594315134,0.20266143400049302,0.4602284502116212,0.21165658177226218,0.3274300593716435,0.2758969907407407
31,24,0.12548817237373636,0.10280030593763319,0.15241339217374608,0.2918085550696295,0.1579861988216784,0.46643458787293735,0,False,3,0,0,0,0,560,75,497,219,0,418,572,319,19,591,726,464,740,132,320,7,487,248,148,220,585,403,104,205,0.13328985356808562,0.10280030593763319,0.15241339217374608,0.11264380324157071,0.11535908238757993,0.13024887814302702,0.14574757026509694,0.12004219880591617,0.13743169596578753,0.11660972397122346,0.14574757026509694,0.15149174597777504,0.12621347364802268,0.10976832150949774,0.12448198638008662,0.10402719351425245,0.13328985356808562,0.11754120512889314,0.11809512250881997,0.1265540203106943,0.1407774278379277,0.11338964982675916,0.12621347364802268,0.10753858838607169,0.2946709656437199,0.1818656764403292,0.36222026588313194,0.21251093441893854,0.34592013888888884,0.3345953079825983,0.46643458787293735,0.25143608709954623,0.25250870546331433,0.24353843557434693,0.46643458787293735,0.42187607936065274,0.3274300593716435,0.23673335155178324,0.1579861988216784,0.16180696212705759,0.2946709656437199,0.30728697809499306,0.22324356594315134,0.20266143400049302,0.4602284502116212,0.19401853329124033,0.3274300593716435,0.2758969907407407
32,24,0.12870809091653332,0.10280030593763319,0.16116495971129102,0.3006172873924425,0.14832304861646944,0.5108983722168592,0,False,3,0,0,0,0,560,75,497,219,0,418,572,319,19,591,726,464,740,132,320,7,487,248,148,220,585,403,774,104,0.13328985356808562,0.10280030593763319,0.15241339217374608,0.11264380324157071,0.11535908238757993,0.13024887814302702,0.16116495971129102,0.12004219880591617,0.13743169596578753,0.11660972397122346,0.14574757026509694,0.15149174597777504,0.13086024050527953,0.10976832150949774,0.12448198638008662,0.10296794405545209,0.13328985356808562,0.11754120512889314,0.11809512250881997,0.1265540203106943,0.1407774278379277,0.11338964982675916,0.16116495971129102,0.13086024050527953,0.2946709656437199,0.1818656764403292,0.36222026588313194,0.21251093441893854,0.34592013888888884,0.3345953079825983,0.5108983722168592,0.25143608709954623,0.25250870546331433,0.24353843557434693,0.46643458787293735,0.42187607936065274,0.3001442210906732,0.23673335155178324,0.1579861988216784,0.14832304861646944,0.2946709656437199,0.30728697809499306,0.22324356594315134,0.20266143400049302,0.4602284502116212,0.19401853329124033,0.5108983722168592,0.3001442210906732
33,24,0.12938366992726422,0.10280030593763319,0.16116495971129102,0.2964296236992521,0.14832304861646944,0.5108983722168592,0,False,3,0,0,0,0,560,75,497,219,0,418,572,319,19,591,726,464,740,132,320,7,487,248,148,220,585,403,774,104,0.13328985356808562,0.10280030593763319,0.1595721502091401,0.11264380324157071,0.11535908238757993,0.13024887814302702,0.16116495971129102,0.12004219880591617,0.13743169596578753,0.11809512250881997,0.14574757026509694,0.15149174597777504,0.13464511034755527,0.10976832150949774,0.12448198638008662,0.10296794405545209,0.13328985356808562,0.11754120512889314,0.11809512250881997,0.1265540203106943,0.1407774278379277,0.11338964982675916,0.16116495971129102,0.13464511034755527,0.2946709656437199,0.1818656764403292,0.33203524372620424,0.21251093441893854,0.34592013888888884,0.3345953079825983,0.5108983722168592,0.25143608709954623,0.25250870546331433,0.22324356594315134,0.46643458787293735,0.42187607936065274,0.2751322026664504,0.23673335155178324,0.1579861988216784,0.14832304861646944,0.2946709656437199,0.30728697809499306,0.22324356594315134,0.20266143400049302,0.4602284502116212,0.19401853329124033,0.5108983722168592,0.2751322026664504
34,24,0.12999804095034656,0.10280030593763319,0.17590986426526747,0.29465567101794354,0.14832304861646944,0.5108983722168592,0,False,3,0,0,0,0,560,75,497,219,0,418,572,319,19,591,726,464,740,132,320,7,487,248,148,220,585,403,774,104,0.13328985356808562,0.10280030593763319,0.1595721502091401,0.11264380324157071,0.11535908238757993,0.13024887814302702,0.17590986426526747,0.12004219880591617,0.13743169596578753,0.11809512250881997,0.14574757026509694,0.15149174597777504,0.13464511034755527,0.10976832150949774,0.12448198638008662,0.10296794405545209,0.13328985356808562,0.11754120512889314,0.11809512250881997,0.1265540203106943,0.1407774278379277,0.11338964982675916,0.16116495971129102,0.13464511034755527,0.2946709656437199,0.1818656764403292,0.33203524372620424,0.21251093441893854,0.34592013888888884,0.3345953079825983,0.46832350786545424,0.25143608709954623,0.25250870546331433,0.22324356594315134,0.46643458787293735,0.42187607936065274,0.2751322026664504,0.23673335155178324,0.1579861988216784,0.14832304861646944,0.2946709656437199,0.30728697809499306,0.22324356594315134,0.20266143400049302,0.4602284502116212,0.19401853329124033,0.5108983722168592,0.2751322026664504
35,24,0.12928603978027461,0.10280030593763319,0.17590986426526747,0.2963244651224342,0.14482068225320519,0.5108983722168592,0,False,3,0,0,0,0,560,75,497,219,0,418,572,319,19,591,861,726,464,740,132,320,7,487,248,148,220,585,403,774,0.13328985356808562,0.10280030593763319,0.1595721502091401,0.11264380324157071,0.11535908238757993,0.13024887814302702,0.17590986426526747,0.12004219880591617,0.13743169596578753,0.11809512250881997,0.11617302529691723,0.14574757026509694,0.15149174597777504,0.13464511034755527,0.10976832150949774,0.12308266787883988,0.10296794405545209,0.13328985356808562,0.11754120512889314,0.11809512250881997,0.1265540203106943,0.1407774278379277,0.11617302529691723,0.16116495971129102,0.2946709656437199,0.1818656764403292,0.33203524372620424,0.21251093441893854,0.34592013888888884,0.3345953079825983,0.46832350786545424,0.25143608709954623,0.25250870546331433,0.22324356594315134,0.2611836555169703,0.46643458787293735,0.42187607936065274,0.2751322026664504,0.23673335155178324,0.14482068225320519,0.14832304861646944,0.2946709656437199,0.30728697809499306,0.22324356594315134,0.20266143400049302,0.4602284502116212,0.2611836555169703,0.5108983722168592
36,24,0.13026802375007027,0.10280030593763319,0.17590986426526747,0.2963843181656987,0.1327522920654381,0.46832350786545424,0,False,3,0,0,0,0,560,75,497,219,0,418,572,319,19,591,861,726,464,740,132,320,7,487,886,148,220,585,403,774,0.13328985356808562,0.10280030593763319,0.1595721502091401,0.11264380324157071,0.11535908238757993,0.13024887814302702,0.17590986426526747,0.12184054329136006,0.13743169596578753,0.11809512250881997,0.11617302529691723,0.14574757026509694,0.15149174597777504,0.13464511034755527,0.10976832150949774,0.12125113262248903,0.10296794405545209,0.13328985356808562,0.12128506595891793,0.11809512250881997,0.1265540203106943,0.1407774278379277,0.12128506595891793,0.17590986426526747,0.2946709656437199,0.1818656764403292,0.33203524372620424,0.21251093441893854,0.34592013888888884,0.3345953079825983,0.46832350786545424,0.23048307984125072,0.25250870546331433,0.22324356594315134,0.2611836555169703,0.46643458787293735,0.42187607936065274,0.2751322026664504,0.23673335155178324,0.1327522920654381,0.14832304861646944,0.2946709656437199,0.32275168422388945,0.22324356594315134,0.20266143400049302,0.4602284502116212,0.32275168422388945,0.46832350786545424
37,24,0.13046563750617282,0.10280030593763319,0.17590986426526747,0.30689565212709796,0.1327522920654381,0.46832350786545424,0,False,3,0,0,0,0,560,75,497,219,0,418,572,319,19,591,861,726,464,740,132,320,7,487,886,148,585,403,774,892,0.13328985356808562,0.10280030593763319,0.1595721502091401,0.11264380324157071,0.12332791642236789,0.13024887814302702,0.17590986426526747,0.12184054329136006,0.13743169596578753,0.11809512250881997,0.11617302529691723,0.14574757026509694,0.15149174597777504,0.13464511034755527,0.10976832150949774,0.12125113262248903,0.10296794405545209,0.13328985356808562,0.12128506595891793,0.11809512250881997,0.1407774278379277,0.12128506595891793,0.17590986426526747,0.12332791642236789,0.2946709656437199,0.1818656764403292,0.33203524372620424,0.21251093441893854,0.4004267939814814,0.3345953079825983,0.46832350786545424,0.23048307984125072,0.25250870546331433,0.22324356594315134,0.2611836555169703,0.46643458787293735,0.42187607936065274,0.2751322026664504,0.23673335155178324,0.1327522920654381,0.14832304861646944,0.2946709656437199,0.32275168422388945,0.22324356594315134,0.4602284502116212,0.32275168422388945,0.46832350786545424,0.4004267939814814
38,24,0.13084261026747096,0.10280030593763319,0.17590986426526747,0.3039515350100533,0.1327522920654381,0.46832350786545424,0,False,3,0,0,0,0,560,75,497,219,0,418,572,319,19,591,861,726,464,740,132,320,7,487,886,148,585,403,774,892,0.13693491037704744,0.10280030593763319,0.1595721502091401,0.11264380324157071,0.12332791642236789,0.13024887814302702,0.17590986426526747,0.12294218638192012,0.13743169596578753,0.11809512250881997,0.11617302529691723,0.14574757026509694,0.15149174597777504,0.13464511034755527,0.10976832150949774,0.12125113262248903,0.10296794405545209,0.13328985356808562,0.12128506595891793,0.11809512250881997,0.1407774278379277,0.12558571233055182,0.17590986426526747,0.12332791642236789,0.27011505184007656,0.1818656764403292,0.33203524372620424,0.21251093441893854,0.4004267939814814,0.3345953079825983,0.46832350786545424,0.21127615652114648,0.25250870546331433,0.22324356594315134,0.2611836555169703,0.46643458787293735,0.42187607936065274,0.2751322026664504,0.23673335155178324,0.1327522920654381,0.14832304861646944,0.2946709656437199,0.32275168422388945,0.22324356594315134,0.4602284502116212,0.2958557105385653,0.46832350786545424,0.4004267939814814
39,24,0.13146155026914444,0.10280030593763319,0.17590986426526747,0.30132489824844483,0.1327522920654381,0.46832350786545424,0,False,3,0,0,0,0,560,75,497,219,0,418,572,319,19,591,861,726,464,740,132,320,7,487,886,148,585,403,774,892,0.13693491037704744,0.10280030593763319,0.1595721502091401,0.11264380324157071,0.12332791642236789,0.1353155122279076,0.17590986426526747,0.12294218638192012,0.13743169596578753,0.11809512250881997,0.11617302529691723,0.14574757026509694,0.1612796719330581,0.13464511034755527,0.10976832150949774,0.12125113262248903,0.10296794405545209,0.13328985356808562,0.12128506595891793,0.11809512250881997,0.1407774278379277,0.12558571233055182,0.17590986426526747,0.12332791642236789,0.27011505184007656,0.1818656764403292,0.33203524372620424,0.21251093441893854,0.4004267939814814,0.3067123656507151,0.46832350786545424,0.21127615652114648,0.25250870546331433,0.22324356594315134,0.2611836555169703,0.46643458787293735,0.3867197394139317,0.2751322026664504,0.23673335155178324,0.1327522920654381,0.14832304861646944,0.2946709656437199,0.32275168422388945,0.22324356594315134,0.4602284502116212,0.2958557105385653,0.46832350786545424,0.4004267939814814
40,24,0.13176185818709044,0.10280030593763319,0.17590986426526747,0.2971356076489347,0.1327522920654381,0.46832350786545424,0,False,3,0,0,0,0,560,75,497,219,0,418,572,319,19,591,861,726,464,740,132,320,7,487,886,148,585,403,774,892,0.13693491037704744,0.10280030593763319,0.1595721502091401,0.11309156942304299,0.12332791642236789,0.1353155122279076,0.17590986426526747,0.12338820782579124,0.13743169596578753,0.11809512250881997,0.11617302529691723,0.14574757026509694,0.1612796719330581,0.13464511034755527,0.11095488522060533,0.12125113262248903,0.10296794405545209,0.13328985356808562,0.12558571233055182,0.11892151483143859,0.1407774278379277,0.12558571233055182,0.17590986426526747,0.12332791642236789,0.27011505184007656,0.1818656764403292,0.33203524372620424,0.194801689884027,0.4004267939814814,0.3067123656507151,0.46832350786545424,0.19366981014438425,0.25250870546331433,0.22324356594315134,0.2611836555169703,0.46643458787293735,0.3867197394139317,0.2751322026664504,0.2170055722558013,0.1327522920654381,0.14832304861646944,0.2946709656437199,0.2958557105385653,0.20463993544788872,0.4602284502116212,0.2958557105385653,0.46832350786545424,0.4004267939814814
41,24,0.13340213078180363,0.10153528247798899,0.17590986426526747,0.3053899187376797,0.12168960105998491,0.5052094126939861,0,False,4,0,0,0,0,560,75,989,497,219,0,418,572,1004,1003,740,132,320,7,487,319,19,591,861,726,464,892,886,774,0.13693491037704744,0.10280030593763319,0.14308293802194116,0.1595721502091401,0.11309156942304299,0.12332791642236789,0.14308293802194116,0.17590986426526747,0.1553987049794584,0.12220369379837087,0.13464511034755527,0.11095488522060533,0.11904377100971157,0.10153528247798899,0.13328985356808562,0.12322666569526243,0.13743169596578753,0.11809512250881997,0.11617302529691723,0.14574757026509694,0.1612796719330581,0.12332791642236789,0.12558571233055182,0.17590986426526747,0.27011505184007656,0.1818656764403292,0.3644863351798222,0.33203524372620424,0.194801689884027,0.4004267939814814,0.3644863351798222,0.46832350786545424,0.5052094126939861,0.27091994082723136,0.2751322026664504,0.2170055722558013,0.12168960105998491,0.135962794565097,0.2946709656437199,0.1775306592990189,0.25250870546331433,0.22324356594315134,0.2611836555169703,0.46643458787293735,0.3867197394139317,0.4004267939814814,0.2958557105385653,0.46832350786545424
42,24,0.1335635817066941,0.09977652794962316,0.17590986426526747,0.30234150153088746,0.12168960105998491,0.5052094126939861,0,False,4,0,0,0,0,560,75,989,497,219,0,418,572,1004,1003,740,132,320,7,487,319,19,591,861,726,464,892,886,774,0.13693491037704744,0.10280030593763319,0.14308293802194116,0.1595721502091401,0.11297932012702314,0.12332791642236789,0.14308293802194116,0.17590986426526747,0.1553987049794584,0.12220369379837087,0.13464511034755527,0.11095488522060533,0.11904377100971157,0.09977652794962316,0.13693491037704744,0.12322666569526243,0.13953246517858317,0.11809512250881997,0.11617302529691723,0.14574757026509694,0.1612796719330581,0.12332791642236789,0.12558571233055182,0.17590986426526747,0.27011505184007656,0.1818656764403292,0.3644863351798222,0.33203524372620424,0.17856821572702472,0.4004267939814814,0.3644863351798222,0.46832350786545424,0.5052094126939861,0.27091994082723136,0.2751322026664504,0.2170055722558013,0.12168960105998491,0.12463256168467224,0.27011505184007656,0.1775306592990189,0.23146631334137147,0.22324356594315134,0.2611836555169703,0.46643458787293735,0.3867197394139317,0.4004267939814814,0.2958557105385653,0.46832350786545424
43,24,0.13387151844107337,0.09977652794962316,0.17590986426526747,0.2982588758416029,0.12168960105998491,0.5052094126939861,0,False,4,0,0,0,0,560,75,989,497,219,0,418,572,1004,1003,740,132,320,7,487,319,19,591,861,726,464,892,886,774,0.13971538314991436,0.10232683981465825,0.14308293802194116,0.1595721502091401,0.11235515412387342,0.12332791642236789,0.14308293802194116,0.17590986426526747,0.1553987049794584,0.12220369379837087,0.13757227855304807,0.11095488522060533,0.11904377100971157,0.09977652794962316,0.13971538314991436,0.12322666569526243,0.13953246517858317,0.11809512250881997,0.11617302529691723,0.14574757026509694,0.1612796719330581,0.12332791642236789,0.12558571233055182,0.17590986426526747,0.24760546418673685,0.1667102034036351,0.3644863351798222,0.33203524372620424,0.163687531083106,0.4004267939814814,0.3644863351798222,0.46832350786545424,0.5052094126939861,0.27091994082723136,0.25220451911091285,0.2170055722558013,0.12168960105998491,0.12463256168467224,0.24760546418673685,0.1775306592990189,0.23146631334137147,0.22324356594315134,0.2611836555169703,0.46643458787293735,0.3867197394139317,0.4004267939814814,0.2958557105385653,0.46832350786545424
44,24,0.13392254393004147,0.09977652794962316,0.17590986426526747,0.29678270874616625,0.12168960105998491,0.5052094126939861,0,False,4,0,0,0,0,560,75,989,497,219,0,418,572,1004,1003,740,132,320,7,487,319,19,591,861,726,464,892,886,774,0.13971538314991436,0.10232683981465825,0.14308293802194116,0.1595721502091401,0.11235515412387342,0.12332791642236789,0.14308293802194116,0.17590986426526747,0.1553987049794584,0.12220369379837087,0.13757227855304807,0.11095488522060533,0.11904377100971157,0.09977652794962316,0.14165638152964144,0.12251027905076982,0.13953246517858317,0.11809512250881997,0.11617302529691723,0.14574757026509694,0.1612796719330581,0.12332791642236789,0.12558571233055182,0.17590986426526747,0.24760546418673685,0.1667102034036351,0.3644863351798222,0.33203524372620424,0.163687531083106,0.4004267939814814,0.3644863351798222,0.46832350786545424,0.5052094126939861,0.27091994082723136,0.25220451911091285,0.2170055722558013,0.12168960105998491,0.12463256168467224,0.22697167550450878,0.16273643769076732,0.23146631334137147,0.22324356594315134,0.2611836555169703,0.46643458787293735,0.3867197394139317,0.4004267939814814,0.2958557105385653,0.46832350786545424
45,24,0.13622646076125625,0.09773757360493614,0.19462080621492772,0.30016463645769714,0.11424651487761621,0.5126298822099997,0,False,4,0,0,0,0,560,75,989,497,219,0,418,572,1004,1003,740,132,320,7,487,319,19,591,861,726,1087,886,774,892,0.13971538314991436,0.10232683981465825,0.14308293802194116,0.1595721502091401,0.11126969983978449,0.12332791642236789,0.14308293802194116,0.19462080621492772,0.1553987049794584,0.12220369379837087,0.13757227855304807,0.11095488522060533,0.11904377100971157,0.09773757360493614,0.14165638152964144,0.12251027905076982,0.13953246517858317,0.11892151483143859,0.11823577555279396,0.14574757026509694,0.19462080621492772,0.1290629060984579,0.17590986426526747,0.12332791642236789,0.24760546418673685,0.1667102034036351,0.3644863351798222,0.33203524372620424,0.15004690349284716,0.4004267939814814,0.3644863351798222,0.5126298822099997,0.5052094126939861,0.27091994082723136,0.25220451911091285,0.2170055722558013,0.12168960105998491,0.11424651487761621,0.22697167550450878,0.16273643769076732,0.23146631334137147,0.20463993544788872,0.2394183508905561,0.46643458787293735,0.5126298822099997,0.2712010679936848,0.46832350786545424,0.4004267939814814
46,24,0.13642907923714645,0.09773757360493614,0.19462080621492772,0.2976411769768313,0.11154880097165283,0.5126298822099997,0,False,4,0,0,0,0,560,75,989,497,219,0,418,572,1004,1003,740,132,320,7,487,319,19,591,861,726,1087,886,774,892,0.13971538314991436,0.10232683981465825,0.14308293802194116,0.1595721502091401,0.11126969983978449,0.12332791642236789,0.14308293802194116,0.19462080621492772,0.1553987049794584,0.12220369379837087,0.13757227855304807,0.11095488522060533,0.11651500341466116,0.09773757360493614,0.14165638152964144,0.12251027905076982,0.13953246517858317,0.11913130769587657,0.11823577555279396,0.14574757026509694,0.19462080621492772,0.1290629060984579,0.17590986426526747,0.1305097345743451,0.24760546418673685,0.1667102034036351,0.3644863351798222,0.33203524372620424,0.15004690349284716,0.4004267939814814,0.3644863351798222,0.5126298822099997,0.5052094126939861,0.27091994082723136,0.25220451911091285,0.2170055722558013,0.11154880097165283,0.11424651487761621,0.22697167550450878,0.16273643769076732,0.23146631334137147,0.187586607493898,0.2394183508905561,0.46643458787293735,0.5126298822099997,0.2712010679936848,0.46832350786545424,0.3670578944830246
47,24,0.13618935416614705,0.09773757360493614,0.19462080621492772,0.28878944870598683,0.10225306755734842,0.5126298822099997,0,False,5,0,0,0,0,1138,560,75,989,497,219,0,418,572,1004,1003,740,132,320,7,487,319,19,591,861,726,1087,886,892,0.14326520115459854,0.13971538314991436,0.10232683981465825,0.14308293802194116,0.1656606185548055,0.11126969983978449,0.12332791642236789,0.14308293802194116,0.19462080621492772,0.16934600064673688,0.12220369379837087,0.14326520115459854,0.11095488522060533,0.113716497468309,0.09773757360493614,0.14165638152964144,0.12251027905076982,0.1408328524723354,0.11913130769587657,0.11823577555279396,0.14574757026509694,0.19462080621492772,0.13172359954324636,0.1305097345743451,0.31452080918500347,0.24760546418673685,0.1667102034036351,0.3644863351798222,0.3043656400823539,0.15004690349284716,0.4004267939814814,0.3644863351798222,0.5126298822099997,0.46310862830282057,0.27091994082723136,0.31452080918500347,0.2170055722558013,0.10225306755734842,0.11424651487761621,0.22697167550450878,0.16273643769076732,0.21217745389625717,0.187586607493898,0.2394183508905561,0.46643458787293735,0.5126298822099997,0.24860097899421107,0.3670578944830246
48,24,0.13674412654514767,0.09773757360493614,0.21252961834233697,0.28543803900129233,0.09373197859423604,0.5126298822099997,0,False,5,0,0,0,0,1138,560,75,989,497,219,0,418,572,1004,1003,740,132,320,7,487,319,19,591,861,726,1087,886,892,0.14326520115459854,0.13971538314991436,0.10232683981465825,0.14308293802194116,0.1656606185548055,0.11126969983978449,0.12332791642236789,0.14308293802194116,0.19462080621492772,0.16934600064673688,0.12220369379837087,0.14326520115459854,0.11095488522060533,0.11069661464879128,0.09773757360493614,0.14165638152964144,0.12129440047480874,0.1408328524723354,0.11877279405996069,0.11823577555279396,0.14574757026509694,0.21252961834233697,0.13172359954324636,0.1305097345743451,0.31452080918500347,0.24760546418673685,0.1667102034036351,0.3644863351798222,0.3043656400823539,0.15004690349284716,0.4004267939814814,0.3644863351798222,0.5126298822099997,0.46310862830282057,0.27091994082723136,0.31452080918500347,0.2170055722558013,0.09373197859423604,0.11424651487761621,0.22697167550450878,0.14917506788320337,0.21217745389625717,0.1719543902027398,0.2394183508905561,0.46643458787293735,0.4699107253591664,0.24860097899421107,0.3670578944830246
49,24,0.13662653544249898,0.09773757360493614,0.21252961834233697,0.2846648144221708,0.09373197859423604,0.5126298822099997,0,False,5,0,0,0,0,1138,560,75,989,497,219,0,418,572,1004,1003,740,132,320,7,487,319,19,591,861,726,1087,1195,886,0.14326520115459854,0.13971538314991436,0.10232683981465825,0.14308293802194116,0.1656606185548055,0.11126969983978449,0.12332791642236789,0.14308293802194116,0.19462080621492772,0.16934600064673688,0.12220369379837087,0.14326520115459854,0.11095488522060533,0.11069661464879128,0.09773757360493614,0.14165638152964144,0.12129440047480874,0.14137946566644127,0.11877279405996069,0.12268835523473241,0.14574757026509694,0.21252961834233697,0.12268835523473241,0.13172359954324636,0.31452080918500347,0.24760546418673685,0.1667102034036351,0.3644863351798222,0.3043656400823539,0.15004690349284716,0.4004267939814814,0.3644863351798222,0.5126298822099997,0.46310862830282057,0.27091994082723136,0.31452080918500347,0.2170055722558013,0.09373197859423604,0.11424651487761621,0.22697167550450878,0.14917506788320337,0.1944959994049024,0.1719543902027398,0.3028001549830098,0.46643458787293735,0.4699107253591664,0.3028001549830098,0.24860097899421107
50,24,0.13676011210578978,0.09546217669913135,0.21252961834233697,0.2811209453898131,0.09373197859423604,0.5126298822099997,0,False,5,0,0,0,0,1138,560,75,989,497,219,0,418,572,1004,1003,740,132,320,7,487,319,19,591,861,726,1087,1195,886,0.14326520115459854,0.13971538314991436,0.10232683981465825,0.14308293802194116,0.1706536791449768,0.10977452102945225,0.12332791642236789,0.14308293802194116,0.19462080621492772,0.16934600064673688,0.12220369379837087,0.14326520115459854,0.11095488522060533,0.11069661464879128,0.09546217669913135,0.14165638152964144,0.11963529757830758,0.14137946566644127,0.11877279405996069,0.12633081317617917,0.14574757026509694,0.21252961834233697,0.12268835523473241,0.13172359954324636,0.31452080918500347,0.24760546418673685,0.1667102034036351,0.3644863351798222,0.2790018367421577,0.13754299486844324,0.4004267939814814,0.3644863351798222,0.5126298822099997,0.46310862830282057,0.27091994082723136,0.31452080918500347,0.2170055722558013,0.09373197859423604,0.10472597197114819,0.22697167550450878,0.13674381222626975,0.1944959994049024,0.1719543902027398,0.27756680873442563,0.46643458787293735,0.4699107253591664,0.3028001549830098,0.24860097899421107
51,24,0.13719586553989715,0.09546217669913135,0.21252961834233697,0.27880397841008103,0.09373197859423604,0.5126298822099997,0,False,5,0,0,0,0,1138,560,75,989,497,219,0,418,572,1004,1003,740,132,320,7,487,319,19,591,861,726,1087,1195,886,0.14326520115459854,0.13971538314991436,0.10232683981465825,0.14308293802194116,0.1706536791449768,0.10977452102945225,0.12332791642236789,0.14989856249907105,0.19462080621492772,0.16934600064673688,0.12220369379837087,0.14326520115459854,0.11095488522060533,0.11069661464879128,0.09546217669913135,0.14165638152964144,0.11963529757830758,0.14137946566644127,0.11877279405996069,0.12633081317617917,0.14574757026509694,0.21252961834233697,0.12633081317617917,0.13172359954324636,0.31452080918500347,0.24760546418673685,0.1667102034036351,0.3644863351798222,0.2790018367421577,0.13754299486844324,0.4004267939814814,0.334112473914837,0.5126298822099997,0.46310862830282057,0.27091994082723136,0.31452080918500347,0.2170055722558013,0.09373197859423604,0.10472597197114819,0.22697167550450878,0.13674381222626975,0.1944959994049024,0.1719543902027398,0.27756680873442563,0.46643458787293735,0.4699107253591664,0.27756680873442563,0.24860097899421107
52,24,0.13717713610706736,0.09546217669913135,0.21252961834233697,0.2785068870392684,0.09373197859423604,0.5126298822099997,0,False,5,0,0,0,0,1138,560,75,989,497,219,0,418,572,1004,1266,1003,740,132,320,7,487,319,19,591,861,726,1087,1195,0.14326520115459854,0.13971538314991436,0.10232683981465825,0.14308293802194116,0.1706536791449768,0.10977452102945225,0.1305097345743451,0.14989856249907105,0.19462080621492772,0.16934600064673688,0.12093859444291098,0.12220369379837087,0.14326520115459854,0.11095488522060533,0.11069661464879128,0.09546217669913135,0.14279668082816138,0.11963529757830758,0.14122704654541415,0.12093859444291098,0.12633081317617917,0.14574757026509694,0.21252961834233697,0.12633081317617917,0.31452080918500347,0.24760546418673685,0.1667102034036351,0.3644863351798222,0.2790018367421577,0.13754299486844324,0.3670578944830246,0.334112473914837,0.5126298822099997,0.46310862830282057,0.24095819101917818,0.27091994082723136,0.31452080918500347,0.2170055722558013,0.09373197859423604,0.10472597197114819,0.20805736921246637,0.13674381222626975,0.17828799945449386,0.24095819101917818,0.27756680873442563,0.46643458787293735,0.4699107253591664,0.27756680873442563
53,24,0.13787613106601151,0.09546217669913135,0.21252961834233697,0.2747074922796118,0.0859209803780497,0.5126298822099997,0,False,5,0,0,0,0,1138,560,75,989,497,219,0,418,572,1004,1266,1003,740,1284,132,320,7,487,319,19,591,861,1087,1195,0.14326520115459854,0.13971538314991436,0.10232683981465825,0.14308293802194116,0.1706536791449768,0.10977452102945225,0.1305097345743451,0.14989856249907105,0.19462080621492772,0.16934600064673688,0.12093859444291098,0.12471316080083163,0.1518206397579411,0.1518206397579411,0.11095488522060533,0.10750005242832839,0.09546217669913135,0.14279668082816138,0.11963529757830758,0.14122704654541415,0.12093859444291098,0.12916527931265395,0.21252961834233697,0.12633081317617917,0.31452080918500347,0.24760546418673685,0.1667102034036351,0.3644863351798222,0.2790018367421577,0.13754299486844324,0.3670578944830246,0.334112473914837,0.5126298822099997,0.46310862830282057,0.24095819101917818,0.24834327909162873,0.3716440750862532,0.3716440750862532,0.2170055722558013,0.0859209803780497,0.10472597197114819,0.20805736921246637,0.13674381222626975,0.17828799945449386,0.24095819101917818,0.2544362413398901,0.4699107253591664,0.27756680873442563
54,24,0.13457264243327588,0.09299144753870912,0.19462080621492772,0.26629479044172116,0.07876089867987889,0.5126298822099997,0,False,5,0,0,0,0,1138,560,75,989,497,219,0,418,572,1004,1266,1003,740,1284,132,320,7,487,319,19,591,861,1306,1195,0.14326520115459854,0.14165638152964144,0.10142410044140027,0.14308293802194116,0.1706536791449768,0.10977452102945225,0.1305097345743451,0.1557085030046122,0.19462080621492772,0.16934600064673688,0.12554709469024292,0.12471316080083163,0.1518206397579411,0.1518206397579411,0.11095488522060533,0.10416764889642902,0.09299144753870912,0.14279668082816138,0.11963529757830758,0.14122704654541415,0.12093859444291098,0.1312105087120722,0.12554709469024292,0.12633081317617917,0.31452080918500347,0.22697167550450878,0.15281768645333216,0.3644863351798222,0.2790018367421577,0.13754299486844324,0.3670578944830246,0.30626976775526726,0.5126298822099997,0.46310862830282057,0.3042116751009133,0.24834327909162873,0.3716440750862532,0.3716440750862532,0.2170055722558013,0.07876089867987889,0.09599880764021917,0.20805736921246637,0.13674381222626975,0.17828799945449386,0.24095819101917818,0.2332332212282326,0.3042116751009133,0.27756680873442563
55,24,0.13564687467780065,0.09299144753870912,0.19462080621492772,0.2701753876389363,0.07219749045655564,0.5126298822099997,0,False,5,0,0,0,0,1138,560,75,989,497,219,0,418,572,1004,1266,1003,1342,740,1284,132,320,7,487,319,19,591,1306,1195,0.14326520115459854,0.14165638152964144,0.10142410044140027,0.14308293802194116,0.1706536791449768,0.10977452102945225,0.1305097345743451,0.1604871739894278,0.19462080621492772,0.18238169274478183,0.12554709469024292,0.12471316080083163,0.1326608390456647,0.1518206397579411,0.1518206397579411,0.11095488522060533,0.10073631885667386,0.09299144753870912,0.14279668082816138,0.11963529757830758,0.14122704654541415,0.12093859444291098,0.1326608390456647,0.12916527931265395,0.31452080918500347,0.22697167550450878,0.15281768645333216,0.3644863351798222,0.2790018367421577,0.13754299486844324,0.3670578944830246,0.280747287108995,0.5126298822099997,0.42451624261091886,0.3042116751009133,0.24834327909162873,0.3621940355091705,0.3716440750862532,0.3716440750862532,0.2170055722558013,0.07219749045655564,0.09599880764021917,0.20805736921246637,0.13674381222626975,0.17828799945449386,0.24095819101917818,0.3621940355091705,0.2544362413398901
56,24,0.1357567807113846,0.09299144753870912,0.19462080621492772,0.2673272008336383,0.06618103291850934,0.5126298822099997,0,False,5,0,0,0,0,1138,560,75,989,497,219,0,418,572,1004,1266,1003,1342,740,1284,132,320,7,487,319,19,591,1306,1195,0.14326520115459854,0.14165638152964144,0.10142410044140027,0.14308293802194116,0.1706536791449768,0.10792080506531157,0.1305097345743451,0.1604871739894278,0.19462080621492772,0.18238169274478183,0.12554709469024292,0.1264718740798959,0.1388908120649399,0.1518206397579411,0.1518206397579411,0.11095488522060533,0.09723909332849015,0.09299144753870912,0.14279668082816138,0.11963529757830758,0.14122704654541415,0.12093859444291098,0.1326608390456647,0.12916527931265395,0.31452080918500347,0.22697167550450878,0.15281768645333216,0.3644863351798222,0.2790018367421577,0.1260810786294063,0.3670578944830246,0.280747287108995,0.5126298822099997,0.42451624261091886,0.3042116751009133,0.227648005833993,0.3320111992167396,0.3716440750862532,0.3716440750862532,0.2170055722558013,0.06618103291850934,0.09599880764021917,0.20805736921246637,0.13674381222626975,0.17828799945449386,0.24095819101917818,0.3621940355091705,0.2544362413398901
57,24,0.13641202730094437,0.09299144753870912,0.19462080621492772,0.2627265089917306,0.06066594684196689,0.5126298822099997,0,False,5,0,0,0,0,1138,560,75,989,497,219,0,418,572,1004,1266,1003,1342,740,1284,132,320,7,487,319,19,591,1306,1195,0.14326520115459854,0.14165638152964144,0.10142410044140027,0.14308293802194116,0.17455275675981688,0.10792080506531157,0.13682496211753273,0.16423424082531202,0.19462080621492772,0.18238169274478183,0.12554709469024292,0.1264718740798959,0.14418921379407215,0.1518206397579411,0.1518206397579411,0.11095488522060533,0.09370523775488011,0.09299144753870912,0.14279668082816138,0.11963529757830758,0.14122704654541415,0.12093859444291098,0.1326608390456647,0.12916527931265395,0.31452080918500347,0.22697167550450878,0.15281768645333216,0.3644863351798222,0.25575168368031126,0.1260810786294063,0.33646973660943924,0.2573516798499121,0.5126298822099997,0.42451624261091886,0.3042116751009133,0.227648005833993,0.30434359928201127,0.3716440750862532,0.3716440750862532,0.2170055722558013,0.06066594684196689,0.09599880764021917,0.20805736921246637,0.13674381222626975,0.17828799945449386,0.24095819101917818,0.3621940355091705,0.2544362413398901
58,24,0.13634924360421902,0.09016042771341358,0.19462080621492772,0.2610087811098668,0.05561045127180298,0.5126298822099997,0,False,5,0,0,0,0,1138,560,75,989,497,219,0,418,572,1004,1266,1003,1342,740,1284,132,320,7,487,319,19,591,1306,1195,0.14326520115459854,0.14165638152964144,0.10142410044140027,0.14308293802194116,0.1773820043325214,0.10792080506531157,0.13682496211753273,0.16423424082531202,0.19462080621492772,0.18238169274478183,0.12554709469024292,0.1264718740798959,0.14418921379407215,0.1518206397579411,0.1518206397579411,0.11095488522060533,0.09016042771341358,0.09299144753870912,0.14279668082816138,0.11963529757830758,0.14043580029276803,0.12093859444291098,0.1326608390456647,0.12916527931265395,0.31452080918500347,0.22697167550450878,0.15281768645333216,0.3644863351798222,0.23443904337361865,0.1260810786294063,0.33646973660943924,0.2573516798499121,0.5126298822099997,0.42451624261091886,0.3042116751009133,0.227648005833993,0.30434359928201127,0.3716440750862532,0.3716440750862532,0.2170055722558013,0.05561045127180298,0.09599880764021917,0.20805736921246637,0.13674381222626975,0.16343066616661936,0.24095819101917818,0.3621940355091705,0.2544362413398901
59,24,0.13822102086639046,0.09299144753870912,0.21252961834233697,0.2661209346322262,0.09599880764021917,0.4699107253591664,0,False,5,0,0,0,0,1138,560,75,989,497,219,0,418,572,1004,1266,1003,1342,740,1284,132,1421,7,487,319,19,591,1306,1195,0.14326520115459854,0.14165638152964144,0.10142410044140027,0.14308293802194116,0.1773820043325214,0.1084858180589802,0.13682496211753273,0.16423424082531202,0.21252961834233697,0.18238169274478183,0.1293255444603666,0.1264718740798959,0.14853420284941818,0.1518206397579411,0.1518206397579411,0.11095488522060533,0.1084858180589802,0.09299144753870912,0.14279668082816138,0.11963529757830758,0.14043580029276803,0.12093859444291098,0.1326608390456647,0.12916527931265395,0.31452080918500347,0.22697167550450878,0.15281768645333216,0.3644863351798222,0.23443904337361865,0.1989076554102891,0.33646973660943924,0.2573516798499121,0.4699107253591664,0.42451624261091886,0.2788607021758372,0.227648005833993,0.278981632675177,0.3716440750862532,0.3716440750862532,0.2170055722558013,0.1989076554102891,0.09599880764021917,0.20805736921246637,0.13674381222626975,0.16343066616661936,0.24095819101917818,0.3621940355091705,0.2544362413398901
60,24,0.1374477550219568,0.09269397624645354,0.21252961834233697,0.267356772164631,0.13674381222626975,0.4699107253591664,0,False,5,0,0,0,0,1138,560,75,989,497,219,0,418,572,1004,1266,1003,1342,740,1284,1457,1421,7,487,319,19,591,1306,1195,0.14326520115459854,0.14165638152964144,0.10142410044140027,0.14308293802194116,0.1773820043325214,0.1084858180589802,0.13682496211753273,0.16423424082531202,0.21252961834233697,0.18238169274478183,0.1293255444603666,0.1264718740798959,0.14853420284941818,0.1518206397579411,0.1518206397579411,0.09269397624645354,0.1084858180589802,0.09269397624645354,0.14279668082816138,0.11963529757830758,0.14043580029276803,0.12093859444291098,0.1326608390456647,0.12916527931265395,0.31452080918500347,0.22697167550450878,0.15281768645333216,0.3644863351798222,0.23443904337361865,0.1989076554102891,0.33646973660943924,0.2573516798499121,0.4699107253591664,0.42451624261091886,0.2788607021758372,0.227648005833993,0.278981632675177,0.3716440750862532,0.3716440750862532,0.1713322403368676,0.1989076554102891,0.1713322403368676,0.20805736921246637,0.13674381222626975,0.16343066616661936,0.24095819101917818,0.3621940355091705,0.2544362413398901
61,24,0.13755867171172145,0.09269397624645354,0.21252961834233697,0.2637302297006341,0.12534849454074726,0.4699107253591664,0,False,5,0,0,0,0,1138,560,75,989,497,219,0,418,572,1004,1266,1003,1342,740,1284,1457,1421,7,487,319,19,591,1306,1195,0.14326520115459854,0.14165638152964144,0.10142410044140027,0.14308293802194116,0.1773820043325214,0.1084858180589802,0.13682496211753273,0.16697105101155996,0.21252961834233697,0.18238169274478183,0.1322751320893457,0.1264718740798959,0.14853420284941818,0.1518206397579411,0.1518206397579411,0.09269397624645354,0.1084858180589802,0.09269397624645354,0.1431855839230174,0.11758874223164877,0.1390690552836951,0.12093859444291098,0.1326608390456647,0.12916527931265395,0.31452080918500347,0.22697167550450878,0.15281768645333216,0.3644863351798222,0.23443904337361865,0.1989076554102891,0.33646973660943924,0.23590570652908607,0.4699107253591664,0.42451624261091886,0.25562231032785077,0.227648005833993,0.278981632675177,0.3716440750862532,0.3716440750862532,0.1713322403368676,0.1989076554102891,0.1713322403368676,0.1907192551114275,0.12534849454074726,0.14981144398606774,0.24095819101917818,0.3621940355091705,0.2544362413398901
62,24,0.13762250878282006,0.09269397624645354,0.21252961834233697,0.2615507132698301,0.12534849454074726,0.4699107253591664,0,False,5,0,0,0,0,1138,560,75,989,497,219,0,418,572,1004,1266,1003,1342,740,1284,1457,1421,7,487,319,19,591,1306,1195,0.14326520115459854,0.14165638152964144,0.10142410044140027,0.14308293802194116,0.1773820043325214,0.1084858180589802,0.13682496211753273,0.16697105101155996,0.21252961834233697,0.18238169274478183,0.1322751320893457,0.1264718740798959,0.1519270371981188,0.1518206397579411,0.1518206397579411,0.09269397624645354,0.10850285224836277,0.09269397624645354,0.1431855839230174,0.11758874223164877,0.13719127645197887,0.12093859444291098,0.1326608390456647,0.12916527931265395,0.31452080918500347,0.22697167550450878,0.15281768645333216,0.3644863351798222,0.23443904337361865,0.1989076554102891,0.33646973660943924,0.23590570652908607,0.4699107253591664,0.42451624261091886,0.25562231032785077,0.227648005833993,0.25573316328557893,0.3716440750862532,0.3716440750862532,0.1713322403368676,0.18233201745943167,0.1713322403368676,0.1907192551114275,0.12534849454074726,0.13732715698722875,0.24095819101917818,0.3621940355091705,0.2544362413398901
63,24,0.13749581319446233,0.09199523894714122,0.21252961834233697,0.25847300411649715,0.11490278666235165,0.4699107253591664,0,False,5,0,0,0,0,1138,560,75,989,497,219,0,418,572,1004,1266,1003,1342,740,1284,1457,1421,7,487,319,19,591,1306,1195,0.14326520115459854,0.14165638152964144,0.10142410044140027,0.14308293802194116,0.1773820043325214,0.1084858180589802,0.13682496211753273,0.16697105101155996,0.21252961834233697,0.18238169274478183,0.1322751320893457,0.12751409515890746,0.1519270371981188,0.1518206397579411,0.1518206397579411,0.09199523894714122,0.10850285224836277,0.09199523894714122,0.14287999378014526,0.11520889177354766,0.13719127645197887,0.12093859444291098,0.1326608390456647,0.12916527931265395,0.31452080918500347,0.22697167550450878,0.15281768645333216,0.3644863351798222,0.23443904337361865,0.1989076554102891,0.33646973660943924,0.23590570652908607,0.4699107253591664,0.42451624261091886,0.25562231032785077,0.20867733868116023,0.25573316328557893,0.3716440750862532,0.3716440750862532,0.1570545536421286,0.18233201745943167,0.1570545536421286,0.17482598385214188,0.11490278666235165,0.13732715698722875,0.24095819101917818,0.3621940355091705,0.2544362413398901
64,24,0.1377389057733891,0.09199523894714122,0.21252961834233697,0.25449742498463296,0.11490278666235165,0.4699107253591664,0,False,5,0,0,0,0,1138,560,75,989,497,219,0,418,572,1004,1266,1003,1342,740,1284,1457,1421,7,487,319,19,591,1306,1195,0.14326520115459854,0.14165638152964144,0.10142410044140027,0.14308293802194116,0.1773820043325214,0.1084858180589802,0.13682496211753273,0.16697105101155996,0.21252961834233697,0.18238169274478183,0.1322751320893457,0.12788358143358367,0.1519270371981188,0.1518206397579411,0.1518206397579411,0.09199523894714122,0.10801723012195705,0.09199523894714122,0.14287999378014526,0.11520889177354766,0.13486643177925786,0.12093859444291098,0.1388908120649399,0.1312105087120722,0.31452080918500347,0.22697167550450878,0.15281768645333216,0.3644863351798222,0.23443904337361865,0.1989076554102891,0.33646973660943924,0.23590570652908607,0.4699107253591664,0.42451624261091886,0.25562231032785077,0.1912875604577302,0.25573316328557893,0.3716440750862532,0.3716440750862532,0.1570545536421286,0.1671376826711457,0.1570545536421286,0.17482598385214188,0.11490278666235165,0.125883227238293,0.24095819101917818,0.3320111992167396,0.2332332212282326
65,24,0.1379735579713455,0.09093737535406482,0.21252961834233697,0.25007202987476357,0.11490278666235165,0.4699107253591664,0,False,5,0,0,0,0,1138,560,75,989,497,219,0,418,572,1004,1266,1003,1342,740,1284,1457,1421,7,487,319,19,591,1306,1195,0.14326520115459854,0.14279668082816138,0.10142410044140027,0.14308293802194116,0.1773820043325214,0.1084858180589802,0.13682496211753273,0.16873683899117822,0.21252961834233697,0.18238169274478183,0.1322751320893457,0.12788358143358367,0.1519270371981188,0.1518206397579411,0.15937166966277125,0.09093737535406482,0.10801723012195705,0.09093737535406482,0.14287999378014526,0.11520889177354766,0.13215669453339626,0.12093859444291098,0.1388908120649399,0.1312105087120722,0.31452080918500347,0.20805736921246637,0.15281768645333216,0.3644863351798222,0.23443904337361865,0.1989076554102891,0.33646973660943924,0.21624689765166222,0.4699107253591664,0.42451624261091886,0.25562231032785077,0.1912875604577302,0.25573316328557893,0.3716440750862532,0.3406737354957321,0.14396667417195122,0.1671376826711457,0.14396667417195122,0.17482598385214188,0.11490278666235165,0.11539295830176859,0.24095819101917818,0.3320111992167396,0.2332332212282326
66,24,0.1383901504700271,0.08956275297498813,0.21252961834233697,0.2460683186060857,0.11490278666235165,0.4699107253591664,0,False,5,0,0,0,0,1138,560,75,989,497,219,0,418,572,1004,1266,1003,1342,740,1284,1457,1421,7,487,319,19,591,1306,1195,0.14326520115459854,0.14279668082816138,0.10013890641594993,0.14308293802194116,0.1773820043325214,0.1084858180589802,0.13682496211753273,0.16873683899117822,0.21252961834233697,0.18238169274478183,0.1322751320893457,0.12788358143358367,0.1519270371981188,0.15937166966277125,0.1658532985099024,0.08956275297498813,0.10801723012195705,0.08956275297498813,0.14287999378014526,0.11520889177354766,0.13215669453339626,0.12093859444291098,0.1388908120649399,0.1312105087120722,0.31452080918500347,0.20805736921246637,0.1400828792488878,0.3644863351798222,0.23443904337361865,0.1989076554102891,0.33646973660943924,0.21624689765166222,0.4699107253591664,0.42451624261091886,0.25562231032785077,0.1912875604577302,0.25573316328557893,0.3406737354957321,0.3122842575377544,0.1319694513242886,0.1671376826711457,0.1319694513242886,0.17482598385214188,0.11490278666235165,0.11539295830176859,0.24095819101917818,0.3320111992167396,0.2332332212282326
67,24,0.13834045303323841,0.08956275297498813,0.21252961834233697,0.2448237865118882,0.11490278666235165,0.4699107253591664,0,False,5,0,0,0,0,1138,560,75,989,497,219,0,418,572,1004,1266,1003,1342,740,1284,1457,1421,7,487,319,19,591,1306,1195,0.14326520115459854,0.14279668082816138,0.10013890641594993,0.14308293802194116,0.1773820043325214,0.1084858180589802,0.13682496211753273,0.16873683899117822,0.21252961834233697,0.18238169274478183,0.1322751320893457,0.12763096363493984,0.1519270371981188,0.15937166966277125,0.1658532985099024,0.08956275297498813,0.10707710943767308,0.08956275297498813,0.14287999378014526,0.11520889177354766,0.13215669453339626,0.12093859444291098,0.1388908120649399,0.1312105087120722,0.31452080918500347,0.20805736921246637,0.1400828792488878,0.3644863351798222,0.23443904337361865,0.1989076554102891,0.33646973660943924,0.21624689765166222,0.4699107253591664,0.42451624261091886,0.25562231032785077,0.17534693041958602,0.25573316328557893,0.3406737354957321,0.3122842575377544,0.1319694513242886,0.15320954244855023,0.1319694513242886,0.17482598385214188,0.11490278666235165,0.11539295830176859,0.24095819101917818,0.3320111992167396,0.2332332212282326
68,24,0.13859987318847325,0.08791299571562199,0.21252961834233697,0.24161864759997986,0.11490278666235165,0.4699107253591664,0,False,5,0,0,0,0,1138,560,75,989,497,219,0,418,572,1004,1266,1003,1342,740,1284,1457,1421,7,487,319,19,591,1306,1195,0.14326520115459854,0.14279668082816138,0.10013890641594993,0.14308293802194116,0.1773820043325214,0.10850285224836277,0.14222205239260713,0.16873683899117822,0.21252961834233697,0.18238169274478183,0.1322751320893457,0.12763096363493984,0.15438875371866373,0.15937166966277125,0.1658532985099024,0.08791299571562199,0.10707710943767308,0.08956275297498813,0.14287999378014526,0.11520889177354766,0.13215669453339626,0.12093859444291098,0.1388908120649399,0.1312105087120722,0.31452080918500347,0.20805736921246637,0.1400828792488878,0.3644863351798222,0.23443904337361865,0.18233201745943167,0.30843059189198596,0.21624689765166222,0.4699107253591664,0.42451624261091886,0.25562231032785077,0.17534693041958602,0.234422066345114,0.3406737354957321,0.3122842575377544,0.12097199704726455,0.15320954244855023,0.1319694513242886,0.17482598385214188,0.11490278666235165,0.11539295830176859,0.24095819101917818,0.3320111992167396,0.2332332212282326
69,24,0.1387220077780266,0.0860282254303711,0.21252961834233697,0.23874371182202728,0.11089099729332584,0.4699107253591664,0,False,5,0,0,0,0,1138,560,75,989,497,219,0,418,572,1004,1266,1003,1342,740,1284,1457,1421,7,487,319,19,591,1306,1195,0.14326520115459854,0.14279668082816138,0.10013890641594993,0.14308293802194116,0.1773820043325214,0.10801723012195705,0.14667557191813257,0.1695849420265903,0.21252961834233697,0.18238169274478183,0.1322751320893457,0.12763096363493984,0.15438875371866373,0.15937166966277125,0.1658532985099024,0.0860282254303711,0.10707710943767308,0.08956275297498813,0.14287999378014526,0.11520889177354766,0.13215669453339626,0.12093859444291098,0.1388908120649399,0.1312105087120722,0.31452080918500347,0.20805736921246637,0.1400828792488878,0.3644863351798222,0.23443904337361865,0.1671376826711457,0.28272804256765377,0.19822632284735703,0.4699107253591664,0.42451624261091886,0.25562231032785077,0.17534693041958602,0.234422066345114,0.3406737354957321,0.3122842575377544,0.11089099729332584,0.15320954244855023,0.1319694513242886,0.17482598385214188,0.11490278666235165,0.11539295830176859,0.24095819101917818,0.3320111992167396,0.2332332212282326
70,24,0.1386608274725557,0.08394649540691974,0.21252961834233697,0.23634695971738795,0.10165008085221534,0.4699107253591664,0,False,5,0,0,0,0,1138,560,75,989,497,219,0,418,572,1004,1266,1003,1342,740,1284,1457,1421,7,487,319,19,591,1306,1195,0.14326520115459854,0.14279668082816138,0.10013890641594993,0.14308293802194116,0.1773820043325214,0.10801723012195705,0.14667557191813257,0.1695849420265903,0.21252961834233697,0.18238169274478183,0.1322751320893457,0.12763096363493984,0.15438875371866373,0.15937166966277125,0.1658532985099024,0.08394649540691974,0.10707710943767308,0.08791299571562199,0.14287999378014526,0.11520889177354766,0.12912145275577985,0.12093859444291098,0.14418921379407215,0.1312105087120722,0.31452080918500347,0.20805736921246637,0.1400828792488878,0.3644863351798222,0.23443904337361865,0.1671376826711457,0.28272804256765377,0.19822632284735703,0.4699107253591664,0.42451624261091886,0.25562231032785077,0.17534693041958602,0.234422066345114,0.3406737354957321,0.3122842575377544,0.10165008085221534,0.15320954244855023,0.12097199704726455,0.17482598385214188,0.11490278666235165,0.10577687844328787,0.24095819101917818,0.30434359928201127,0.2332332212282326
71,24,0.13955791977675794,0.08394649540691974,0.2293259414929884,0.23293615522484057,0.10165008085221534,0.43075149824590253,0,False,5,0,0,0,0,1138,560,75,989,497,219,0,418,572,1004,1266,1003,1342,740,1284,1457,1421,7,487,319,19,591,1306,1195,0.14326520115459854,0.1431855839230174,0.10013890641594993,0.14308293802194116,0.1773820043325214,0.10801723012195705,0.14667557191813257,0.1695849420265903,0.2293259414929884,0.18238169274478183,0.1322751320893457,0.12763096363493984,0.15438875371866373,0.15937166966277125,0.1658532985099024,0.08394649540691974,0.10707710943767308,0.08791299571562199,0.14287999378014526,0.11520889177354766,0.12912145275577985,0.12093859444291098,0.14853420284941818,0.1312105087120722,0.31452080918500347,0.1907192551114275,0.1400828792488878,0.3644863351798222,0.23443904337361865,0.1671376826711457,0.28272804256765377,0.19822632284735703,0.43075149824590253,0.42451624261091886,0.25562231032785077,0.17534693041958602,0.234422066345114,0.3406737354957321,0.3122842575377544,0.10165008085221534,0.15320954244855023,0.12097199704726455,0.17482598385214188,0.11490278666235165,0.10577687844328787,0.24095819101917818,0.278981632675177,0.2332332212282326
72,24,0.13821559608775255,0.08381051513444883,0.2293259414929884,0.2312493645251783,0.10577687844328787,0.43075149824590253,0,False,5,0,0,0,0,1138,560,75,989,497,219,0,418,572,1004,1266,1003,1342,740,1284,1457,1421,7,487,319,19,591,1306,1743,0.14326520115459854,0.1431855839230174,0.10013890641594993,0.14308293802194116,0.1773820043325214,0.10801723012195705,0.14667557191813257,0.1695849420265903,0.2293259414929884,0.19430906371004567,0.1322751320893457,0.12763096363493984,0.15438875371866373,0.15937166966277125,0.1658532985099024,0.08381051513444883,0.10707710943767308,0.08791299571562199,0.14287999378014526,0.11520889177354766,0.12912145275577985,0.12093859444291098,0.1519270371981188,0.08381051513444883,0.31452080918500347,0.1907192551114275,0.1400828792488878,0.3644863351798222,0.23443904337361865,0.1671376826711457,0.28272804256765377,0.19822632284735703,0.43075149824590253,0.38913988906000896,0.25562231032785077,0.17534693041958602,0.234422066345114,0.3406737354957321,0.3122842575377544,0.17651257411453075,0.15320954244855023,0.12097199704726455,0.17482598385214188,0.11490278666235165,0.10577687844328787,0.24095819101917818,0.25573316328557893,0.17651257411453075
73,24,0.13813829288584456,0.08329952005411867,0.2293259414929884,0.228074605621123,0.10577687844328787,0.43075149824590253,0,False,5,0,0,0,0,1138,560,75,989,497,219,0,418,572,1004,1266,1003,1342,740,1284,1457,1421,7,487,319,19,591,1306,1743,0.14326520115459854,0.1431855839230174,0.10013890641594993,0.14308293802194116,0.1773820043325214,0.10707710943767308,0.14667557191813257,0.1695849420265903,0.2293259414929884,0.19430906371004567,0.1322751320893457,0.12763096363493984,0.15438875371866373,0.15937166966277125,0.1658532985099024,0.08329952005411867,0.10573188745844787,0.08791299571562199,0.14287999378014526,0.11520889177354766,0.12912145275577985,0.12239065042128922,0.1519270371981188,0.08329952005411867,0.31452080918500347,0.1907192551114275,0.1400828792488878,0.3644863351798222,0.23443904337361865,0.15320954244855023,0.28272804256765377,0.19822632284735703,0.43075149824590253,0.38913988906000896,0.25562231032785077,0.17534693041958602,0.234422066345114,0.3406737354957321,0.3122842575377544,0.16180319293831985,0.1404420805778377,0.12097199704726455,0.17482598385214188,0.11490278666235165,0.10577687844328787,0.22087834176757998,0.25573316328557893,0.16180319293831985
74,24,0.13799205399996886,0.08245124160243265,0.2293259414929884,0.22711382096973176,0.10532755444048901,0.43075149824590253,0,False,5,0,0,0,0,1138,560,75,989,497,219,0,418,572,1004,1266,1003,1342,740,1284,1457,1421,7,487,319,19,591,1306,1743,0.14326520115459854,0.1431855839230174,0.10013890641594993,0.14308293802194116,0.1773820043325214,0.10707710943767308,0.14667557191813257,0.1695849420265903,0.2293259414929884,0.19430906371004567,0.1322751320893457,0.12763096363493984,0.15438875371866373,0.15937166966277125,0.1658532985099024,0.08245124160243265,0.10573188745844787,0.08791299571562199,0.14287999378014526,0.11254743696421668,0.12912145275577985,0.12239065042128922,0.1519270371981188,0.08329952005411867,0.31452080918500347,0.1907192551114275,0.1400828792488878,0.3644863351798222,0.23443904337361865,0.15320954244855023,0.28272804256765377,0.19822632284735703,0.43075149824590253,0.38913988906000896,0.25562231032785077,0.17534693041958602,0.234422066345114,0.3406737354957321,0.3122842575377544,0.1483195935267932,0.1404420805778377,0.12097199704726455,0.17482598385214188,0.10532755444048901,0.10577687844328787,0.22087834176757998,0.25573316328557893,0.16180319293831985
75,24,0.13845222333210494,0.08130396388781497,0.2447504365914285,0.22213904091238415,0.10532755444048901,0.39485554005874396,0,False,5,0,0,0,0,1138,560,75,989,497,219,0,418,572,1004,1266,1003,1342,740,1284,1457,1421,7,487,319,19,591,1306,1743,0.14326520115459854,0.1431855839230174,0.10013890641594993,0.14308293802194116,0.1773820043325214,0.10707710943767308,0.14667557191813257,0.1695849420265903,0.2447504365914285,0.19430906371004567,0.13441424975812266,0.12763096363493984,0.15438875371866373,0.15937166966277125,0.1658532985099024,0.08130396388781497,0.10403087781798999,0.0860282254303711,0.14194178107620706,0.11254743696421668,0.12912145275577985,0.12239065042128922,0.1519270371981188,0.08245124160243265,0.31452080918500347,0.1907192551114275,0.1400828792488878,0.3644863351798222,0.23443904337361865,0.15320954244855023,0.28272804256765377,0.19822632284735703,0.39485554005874396,0.38913988906000896,0.23432045113386318,0.17534693041958602,0.234422066345114,0.3406737354957321,0.3122842575377544,0.1359596273995604,0.12873857386301787,0.11089099729332584,0.16025715186446338,0.10532755444048901,0.10577687844328787,0.22087834176757998,0.25573316328557893,0.1483195935267932
76,24,0.14073479687019932,0.07989557748732239,0.2447504365914285,0.23575417803815948,0.11089099729332584,0.44004489830500826,0,False,4,0,0,0,0,1138,560,75,1833,219,0,418,572,1004,989,497,1284,1457,1421,7,487,319,1843,1003,1342,740,1266,591,1743,0.14326520115459854,0.1431855839230174,0.10013890641594993,0.21026162972777174,0.10573188745844787,0.14667557191813257,0.1695849420265903,0.2447504365914285,0.21026162972777174,0.14308293802194116,0.1773820043325214,0.1658532985099024,0.07989557748732239,0.10403087781798999,0.0860282254303711,0.14194178107620706,0.11248092704305351,0.11248092704305351,0.1268113848654521,0.15438875371866373,0.15937166966277125,0.13441424975812266,0.12316547957127058,0.08245124160243265,0.31452080918500347,0.1907192551114275,0.1400828792488878,0.44004489830500826,0.1404420805778377,0.28272804256765377,0.19822632284735703,0.39485554005874396,0.44004489830500826,0.3644863351798222,0.23443904337361865,0.3122842575377544,0.12462965844959704,0.12873857386301787,0.11089099729332584,0.16025715186446338,0.17988359157044825,0.17988359157044825,0.16073468621795384,0.234422066345114,0.3406737354957321,0.23432045113386318,0.2024718132869483,0.1483195935267932
77,24,0.1406612196396835,0.07826283090751802,0.2447504365914285,0.23401982454728262,0.11089099729332584,0.44004489830500826,0,False,4,0,0,0,0,1138,560,75,1833,219,0,418,572,1004,989,497,1284,1457,1421,7,487,319,1843,1003,1342,740,1266,591,1743,0.14326520115459854,0.1431855839230174,0.10013890641594993,0.21026162972777174,0.10403087781798999,0.14667557191813257,0.1695849420265903,0.2447504365914285,0.21026162972777174,0.14308293802194116,0.1773820043325214,0.1658532985099024,0.07826283090751802,0.10403087781798999,0.0860282254303711,0.14194178107620706,0.11248092704305351,0.11248092704305351,0.1268113848654521,0.1559566564065459,0.15937166966277125,0.13441424975812266,0.12316547957127058,0.08245124160243265,0.31452080918500347,0.1907192551114275,0.1400828792488878,0.44004489830500826,0.12873857386301787,0.28272804256765377,0.19822632284735703,0.39485554005874396,0.44004489830500826,0.3644863351798222,0.23443904337361865,0.3122842575377544,0.11424385357879728,0.12873857386301787,0.11089099729332584,0.16025715186446338,0.17988359157044825,0.17988359157044825,0.16073468621795384,0.21488689414968784,0.3406737354957321,0.23432045113386318,0.2024718132869483,0.1483195935267932
78,24,0.14008207067964706,0.07826283090751802,0.2447504365914285,0.236355251026951,0.10165008085221534,0.44004489830500826,0,False,4,0,0,0,0,1138,560,75,1833,219,0,418,572,1004,1889,989,497,1284,1457,1421,7,487,319,1843,1003,1342,740,1266,1743,0.14326520115459854,0.1431855839230174,0.10013890641594993,0.21026162972777174,0.10202224956991844,0.14667557191813257,0.1695849420265903,0.2447504365914285,0.21026162972777174,0.11478664436246054,0.14308293802194116,0.1773820043325214,0.1658532985099024,0.07826283090751802,0.10202224956991844,0.08394649540691974,0.14194178107620706,0.11190073412579402,0.11478664436246054,0.1268113848654521,0.1559566564065459,0.15937166966277125,0.13441424975812266,0.08130396388781497,0.31452080918500347,0.1907192551114275,0.1400828792488878,0.44004489830500826,0.11801035937443305,0.28272804256765377,0.19822632284735703,0.39485554005874396,0.44004489830500826,0.24822662560624423,0.3644863351798222,0.23443904337361865,0.3122842575377544,0.11424385357879728,0.11801035937443305,0.10165008085221534,0.16025715186446338,0.16489329227291089,0.24822662560624423,0.16073468621795384,0.21488689414968784,0.3406737354957321,0.23432045113386318,0.1359596273995604
79,24,0.14028312632203876,0.07826283090751802,0.2447504365914285,0.22930162545579771,0.0931792407811974,0.44004489830500826,0,False,4,0,0,0,0,1138,560,75,1833,219,0,418,572,1004,1889,989,497,1284,1457,1421,7,487,319,1843,1003,1342,740,1266,1743,0.14326520115459854,0.14287999378014526,0.10013890641594993,0.21026162972777174,0.09975220836172269,0.14667557191813257,0.1695792049176542,0.2447504365914285,0.21026162972777174,0.1164015699061421,0.14308293802194116,0.1773820043325214,0.17123152797285665,0.07826283090751802,0.10202224956991844,0.08170339174121632,0.14194178107620706,0.11085710282652177,0.1164015699061421,0.1268113848654521,0.15668082853221244,0.15937166966277125,0.13577543592451952,0.08130396388781497,0.31452080918500347,0.17482598385214188,0.1400828792488878,0.44004489830500826,0.10817616275989696,0.28272804256765377,0.18170746261007728,0.39485554005874396,0.44004489830500826,0.22754107347239053,0.3644863351798222,0.23443904337361865,0.2862605694096082,0.11424385357879728,0.11801035937443305,0.0931792407811974,0.16025715186446338,0.15115218458350163,0.22754107347239053,0.16073468621795384,0.19697965297054718,0.3406737354957321,0.2147937468727079,0.1359596273995604
80,24,0.13971178548236343,0.07826283090751802,0.2447504365914285,0.23051878606097778,0.08541430404943094,0.44004489830500826,0,False,4,0,0,0,0,1138,560,75,1833,219,0,418,572,1004,1889,989,497,1284,1457,1421,7,487,319,1843,1003,1342,740,1939,1743,0.14326520115459854,0.14287999378014526,0.10013890641594993,0.21026162972777174,0.09726439390168899,0.14667557191813257,0.16879069598437002,0.2447504365914285,0.21026162972777174,0.1164015699061421,0.14308293802194116,0.1773820043325214,0.17123152797285665,0.07826283090751802,0.10202224956991844,0.07933177763397227,0.1404354941113065,0.11085710282652177,0.1164015699061421,0.12871862575185927,0.15668082853221244,0.15937166966277125,0.12871862575185927,0.07989557748732239,0.31452080918500347,0.17482598385214188,0.1400828792488878,0.44004489830500826,0.09916148252990555,0.28272804256765377,0.16656517405923751,0.39485554005874396,0.44004489830500826,0.22754107347239053,0.3644863351798222,0.23443904337361865,0.2862605694096082,0.11424385357879728,0.11801035937443305,0.08541430404943094,0.14690238920909143,0.15115218458350163,0.22754107347239053,0.2306734623664577,0.19697965297054718,0.3406737354957321,0.2306734623664577,0.12462965844959704
81,24,0.14041189279963814,0.07686165622239016,0.2447504365914285,0.22701893919671146,0.07829644537864502,0.44004489830500826,0,False,4,0,0,0,0,1138,560,75,1833,219,0,418,572,1004,1889,989,497,1284,1457,1421,7,487,319,1843,1003,1342,740,1939,1743,0.14326520115459854,0.14287999378014526,0.10013890641594993,0.21026162972777174,0.09726439390168899,0.14667557191813257,0.16879069598437002,0.2447504365914285,0.22498874348501238,0.1164015699061421,0.14989856249907105,0.1773820043325214,0.17123152797285665,0.07826283090751802,0.09975220836172269,0.07686165622239016,0.1404354941113065,0.11085710282652177,0.1164015699061421,0.12871862575185927,0.15668082853221244,0.15937166966277125,0.12871862575185927,0.07989557748732239,0.31452080918500347,0.17482598385214188,0.1400828792488878,0.44004489830500826,0.09916148252990555,0.28272804256765377,0.16656517405923751,0.39485554005874396,0.4033744901129242,0.22754107347239053,0.334112473914837,0.23443904337361865,0.2862605694096082,0.11424385357879728,0.10817616275989696,0.07829644537864502,0.14690238920909143,0.15115218458350163,0.22754107347239053,0.2306734623664577,0.19697965297054718,0.3406737354957321,0.2306734623664577,0.12462965844959704
82,24,0.14050061167138495,0.07644076222114464,0.2447504365914285,0.22298268759209514,0.07829644537864502,0.44004489830500826,0,False,4,0,0,0,0,1138,560,75,1833,219,0,418,572,1004,1889,989,497,1284,1457,1421,7,487,319,1843,1003,1342,740,1939,1743,0.14326520115459854,0.14194178107620706,0.10013890641594993,0.21026162972777174,0.09726439390168899,0.14667557191813257,0.16879069598437002,0.2447504365914285,0.22498874348501238,0.11735728927026569,0.14989856249907105,0.1773820043325214,0.17123152797285665,0.07644076222114464,0.09726439390168899,0.07686165622239016,0.1404354941113065,0.11085710282652177,0.1164015699061421,0.12871862575185927,0.15662082909322644,0.1658532985099024,0.12871862575185927,0.07989557748732239,0.31452080918500347,0.16025715186446338,0.1400828792488878,0.44004489830500826,0.09916148252990555,0.28272804256765377,0.16656517405923751,0.39485554005874396,0.4033744901129242,0.20857931734969132,0.334112473914837,0.23443904337361865,0.2862605694096082,0.10472353244723083,0.09916148252990555,0.07829644537864502,0.14690238920909143,0.15115218458350163,0.22754107347239053,0.2306734623664577,0.18056468188966823,0.3122842575377544,0.2306734623664577,0.12462965844959704
83,24,0.13751522761187687,0.07623683884284135,0.2447504365914285,0.22525785302320034,0.09089802565241341,0.44004489830500826,0,False,4,0,0,0,0,1138,560,75,1833,219,0,418,572,1004,1889,989,497,1284,1457,1421,2007,319,1843,1003,1342,740,7,1939,1743,0.14326520115459854,0.14194178107620706,0.10013890641594993,0.21026162972777174,0.09459946512666687,0.14667557191813257,0.167294808754235,0.2447504365914285,0.22498874348501238,0.11735728927026569,0.14989856249907105,0.1773820043325214,0.17123152797285665,0.07644076222114464,0.09459946512666687,0.07623683884284135,0.11085710282652177,0.1164015699061421,0.12871862575185927,0.15662082909322644,0.1658532985099024,0.07623683884284135,0.12871862575185927,0.07989557748732239,0.31452080918500347,0.16025715186446338,0.1400828792488878,0.44004489830500826,0.09089802565241341,0.28272804256765377,0.1526847428876344,0.39485554005874396,0.4033744901129242,0.20857931734969132,0.334112473914837,0.23443904337361865,0.2862605694096082,0.10472353244723083,0.09089802565241341,0.1551050749304246,0.15115218458350163,0.22754107347239053,0.2306734623664577,0.18056468188966823,0.3122842575377544,0.1551050749304246,0.2306734623664577,0.12462965844959704
84,24,0.13734825145506147,0.07531904483297161,0.2447504365914285,0.223077892094267,0.08332319018137896,0.44004489830500826,0,False,4,0,0,0,0,1138,560,75,1833,219,0,418,572,1004,1889,989,497,1284,1457,1421,2007,319,1843,1003,1342,740,7,1939,1743,0.14326520115459854,0.14194178107620706,0.10013890641594993,0.21026162972777174,0.0917948439659368,0.14667557191813257,0.167294808754235,0.2447504365914285,0.22498874348501238,0.11735728927026569,0.14989856249907105,0.1773820043325214,0.17123152797285665,0.07644076222114464,0.09459946512666687,0.07623683884284135,0.10940133159640165,0.1164015699061421,0.12871862575185927,0.15662082909322644,0.1658532985099024,0.07531904483297161,0.1298893843890092,0.07989557748732239,0.31452080918500347,0.16025715186446338,0.1400828792488878,0.44004489830500826,0.08332319018137896,0.28272804256765377,0.1526847428876344,0.39485554005874396,0.4033744901129242,0.20857931734969132,0.334112473914837,0.23443904337361865,0.2862605694096082,0.10472353244723083,0.09089802565241341,0.1551050749304246,0.13855616920154315,0.22754107347239053,0.2306734623664577,0.18056468188966823,0.3122842575377544,0.14217965201955587,0.21145067383591953,0.12462965844959704
85,24,0.13699395576296666,0.07446228986834787,0.2447504365914285,0.22014666723074683,0.08332319018137896,0.44004489830500826,0,False,4,0,0,0,0,1138,560,75,1833,219,0,418,572,1004,1889,989,497,1284,1457,1421,2007,319,1843,1003,1342,740,7,1939,1743,0.14326520115459854,0.1404354941113065,0.10013890641594993,0.21026162972777174,0.0917948439659368,0.14667557191813257,0.167294808754235,0.2447504365914285,0.22498874348501238,0.11769411372809228,0.14989856249907105,0.1773820043325214,0.17123152797285665,0.07446228986834787,0.0917948439659368,0.07531904483297161,0.10940133159640165,0.1164015699061421,0.12871862575185927,0.15662082909322644,0.1658532985099024,0.07531904483297161,0.1298893843890092,0.07826283090751802,0.31452080918500347,0.14690238920909143,0.1400828792488878,0.44004489830500826,0.08332319018137896,0.28272804256765377,0.1526847428876344,0.39485554005874396,0.4033744901129242,0.19119770757055038,0.334112473914837,0.23443904337361865,0.2862605694096082,0.0959965714099616,0.08332319018137896,0.14217965201955587,0.13855616920154315,0.22754107347239053,0.2306734623664577,0.18056468188966823,0.3122842575377544,0.14217965201955587,0.21145067383591953,0.11424385357879728
86,24,0.13722950088997268,0.07235794019011031,0.2447504365914285,0.21463467912567227,0.07637959099959737,0.44004489830500826,0,False,4,0,0,0,0,1138,560,75,1833,219,0,418,572,1004,1889,989,497,1284,1457,1421,2007,319,1843,1003,1342,740,7,1939,1743,0.14326520115459854,0.1404354941113065,0.10013890641594993,0.21026162972777174,0.0917948439659368,0.14667557191813257,0.167294808754235,0.2447504365914285,0.22498874348501238,0.11769411372809228,0.1557085030046122,0.1773820043325214,0.17123152797285665,0.07235794019011031,0.08888458966614113,0.07414339096872634,0.10940133159640165,0.11735728927026569,0.12871862575185927,0.15584268318293173,0.17123152797285665,0.07531904483297161,0.13036698185710743,0.07826283090751802,0.31452080918500347,0.14690238920909143,0.1400828792488878,0.44004489830500826,0.08332319018137896,0.28272804256765377,0.1526847428876344,0.39485554005874396,0.4033744901129242,0.19119770757055038,0.30626976775526726,0.23443904337361865,0.2862605694096082,0.08799685712579812,0.07637959099959737,0.13033134768459287,0.13855616920154315,0.20857931734969132,0.2306734623664577,0.1655176250655292,0.2862605694096082,0.14217965201955587,0.1938297843495929,0.11424385357879728
87,24,0.13737975472364358,0.07015568937677914,0.2447504365914285,0.2166900096065315,0.07001462508296426,0.44004489830500826,0,False,4,0,0,0,0,1138,560,75,1833,219,0,418,2089,1004,1889,989,497,1284,1457,1421,2007,572,319,1843,1003,1342,740,7,1743,0.14326520115459854,0.14199643407825854,0.10013890641594993,0.21026162972777174,0.0917948439659368,0.14667557191813257,0.167294808754235,0.14199643407825854,0.22498874348501238,0.11769411372809228,0.1557085030046122,0.1773820043325214,0.17123152797285665,0.07015568937677914,0.08589937774476561,0.07274427607405028,0.2447504365914285,0.10940133159640165,0.11735728927026569,0.12871862575185927,0.15584268318293173,0.17123152797285665,0.07414339096872634,0.07644076222114464,0.31452080918500347,0.2179938567750005,0.1400828792488878,0.44004489830500826,0.08332319018137896,0.28272804256765377,0.1526847428876344,0.2179938567750005,0.4033744901129242,0.19119770757055038,0.30626976775526726,0.23443904337361865,0.2862605694096082,0.08066378569864828,0.07001462508296426,0.11947040204421012,0.39485554005874396,0.13855616920154315,0.20857931734969132,0.2306734623664577,0.1655176250655292,0.2862605694096082,0.13033134768459287,0.10472353244723083
88,24,0.13744891620950148,0.06788089868432685,0.2447504365914285,0.2123785980334906,0.06418007299271723,0.44004489830500826,0,False,4,0,0,0,0,1138,560,75,1833,219,0,418,2089,1004,1889,989,497,1284,1457,1421,2007,572,319,1843,1003,1342,740,7,1743,0.1480036387396764,0.14199643407825854,0.09851796403718015,0.21026162972777174,0.0917948439659368,0.14667557191813257,0.167294808754235,0.14199643407825854,0.22498874348501238,0.11769411372809228,0.1557085030046122,0.1773820043325214,0.1755002583456595,0.06788089868432685,0.08286656034131233,0.07115477561428384,0.2447504365914285,0.10940133159640165,0.11735728927026569,0.1298893843890092,0.15584268318293173,0.17123152797285665,0.07414339096872634,0.07644076222114464,0.2883107417529198,0.2179938567750005,0.12840930597814715,0.44004489830500826,0.08332319018137896,0.28272804256765377,0.1526847428876344,0.2179938567750005,0.4033744901129242,0.19119770757055038,0.30626976775526726,0.23443904337361865,0.2624055219588075,0.07394180355709426,0.06418007299271723,0.1095145352071926,0.39485554005874396,0.13855616920154315,0.20857931734969132,0.21145067383591953,0.1655176250655292,0.2862605694096082,0.13033134768459287,0.10472353244723083
89,24,0.13713117034673655,0.0655563236042259,0.2447504365914285,0.21020787409411787,0.06418007299271723,0.44004489830500826,0,False,4,0,0,0,0,1138,560,75,1833,219,0,418,2089,1004,1889,989,497,1284,1457,1421,2007,572,319,1843,1003,1342,740,7,1743,0.1480036387396764,0.14199643407825854,0.09660686910428928,0.21026162972777174,0.0917948439659368,0.14667557191813257,0.167294808754235,0.14199643407825854,0.22498874348501238,0.11769411372809228,0.1557085030046122,0.1773820043325214,0.1755002583456595,0.0655563236042259,0.08286656034131233,0.06940619281588821,0.2447504365914285,0.10940133159640165,0.11769411372809228,0.1298893843890092,0.15584268318293173,0.17123152797285665,0.07414339096872634,0.07446228986834787,0.2883107417529198,0.2179938567750005,0.11770853047996821,0.44004489830500826,0.08332319018137896,0.28272804256765377,0.1526847428876344,0.2179938567750005,0.4033744901129242,0.19119770757055038,0.30626976775526726,0.23443904337361865,0.2624055219588075,0.06777998659400307,0.06418007299271723,0.10038832393992655,0.39485554005874396,0.13855616920154315,0.19119770757055038,0.21145067383591953,0.1655176250655292,0.2862605694096082,0.13033134768459287,0.0959965714099616
90,24,0.13716727649672214,0.0655563236042259,0.2447504365914285,0.20891747849712372,0.06418007299271723,0.44004489830500826,0,False,4,0,0,0,0,1138,560,75,1833,219,0,418,2089,1004,1889,989,497,1284,1457,1421,2007,572,319,1843,1003,1342,740,7,1743,0.15178044063912613,0.14199643407825854,0.09660686910428928,0.21026162972777174,0.08888458966614113,0.14667557191813257,0.167294808754235,0.14199643407825854,0.22498874348501238,0.11769411372809228,0.1557085030046122,0.1773820043325214,0.1755002583456595,0.0655563236042259,0.08286656034131233,0.06940619281588821,0.2447504365914285,0.10940133159640165,0.11769411372809228,0.1298893843890092,0.15584268318293173,0.17123152797285665,0.07414339096872634,0.07446228986834787,0.26428484660684315,0.2179938567750005,0.11770853047996821,0.44004489830500826,0.07637959099959737,0.28272804256765377,0.1526847428876344,0.2179938567750005,0.4033744901129242,0.19119770757055038,0.30626976775526726,0.23443904337361865,0.2624055219588075,0.06777998659400307,0.06418007299271723,0.10038832393992655,0.39485554005874396,0.13855616920154315,0.19119770757055038,0.21145067383591953,0.1655176250655292,0.2862605694096082,0.13033134768459287,0.0959965714099616
91,24,0.13691554797363273,0.0655563236042259,0.2447504365914285,0.2084294241082615,0.05883173357665746,0.44004489830500826,0,False,4,0,0,0,0,1138,560,75,1833,219,0,418,2089,1004,1889,989,497,1284,1457,1421,2007,572,319,1843,1003,1342,740,7,1743,0.15178044063912613,0.14199643407825854,0.09660686910428928,0.21026162972777174,0.08589937774476561,0.14667557191813257,0.167294808754235,0.14199643407825854,0.22498874348501238,0.11769411372809228,0.1557085030046122,0.1773820043325214,0.1755002583456595,0.0655563236042259,0.07981028770854237,0.06940619281588821,0.2447504365914285,0.10940133159640165,0.11769411372809228,0.1298893843890092,0.15584268318293173,0.17123152797285665,0.07414339096872634,0.07446228986834787,0.26428484660684315,0.2179938567750005,0.11770853047996821,0.44004489830500826,0.07001462508296426,0.28272804256765377,0.1526847428876344,0.2179938567750005,0.4033744901129242,0.19119770757055038,0.30626976775526726,0.23443904337361865,0.2624055219588075,0.06777998659400307,0.05883173357665746,0.10038832393992655,0.39485554005874396,0.13855616920154315,0.19119770757055038,0.21145067383591953,0.1655176250655292,0.2862605694096082,0.13033134768459287,0.0959965714099616
92,24,0.13651806027885013,0.06320217986589922,0.2447504365914285,0.20541440178464043,0.053929089111936,0.44004489830500826,0,False,4,0,0,0,0,1138,560,75,1833,219,0,418,2089,1004,1889,989,497,1284,1457,1421,2007,572,319,1843,1003,1342,740,7,1743,0.15178044063912613,0.14199643407825854,0.09444933747332958,0.21026162972777174,0.08286656034131233,0.14667557191813257,0.167294808754235,0.14199643407825854,0.22498874348501238,0.11745866779626916,0.1557085030046122,0.1773820043325214,0.17867755315075934,0.06320217986589922,0.07675167359507051,0.06752774615404027,0.2447504365914285,0.10940133159640165,0.11769411372809228,0.1298893843890092,0.15584268318293173,0.17123152797285665,0.07414339096872634,0.07446228986834787,0.26428484660684315,0.2179938567750005,0.10789948627330419,0.44004489830500826,0.06418007299271723,0.28272804256765377,0.1526847428876344,0.2179938567750005,0.4033744901129242,0.17526456527300452,0.30626976775526726,0.23443904337361865,0.24053839512890687,0.062131654377836146,0.053929089111936,0.092022630278266,0.39485554005874396,0.13855616920154315,0.19119770757055038,0.21145067383591953,0.1655176250655292,0.2862605694096082,0.13033134768459287,0.0959965714099616
93,24,0.13630616776741056,0.06320217986589922,0.2447504365914285,0.2010732405394495,0.053929089111936,0.44004489830500826,0,False,4,0,0,0,0,1138,560,75,1833,219,0,418,2089,1004,1889,989,497,1284,1457,1421,2007,572,319,1843,1003,1342,740,7,1743,0.15178044063912613,0.14277998144495554,0.09444933747332958,0.21026162972777174,0.07981028770854237,0.14667557191813257,0.167294808754235,0.14277998144495554,0.22498874348501238,0.11745866779626916,0.1557085030046122,0.1773820043325214,0.1808015949444432,0.06320217986589922,0.07675167359507051,0.06554637248991903,0.2447504365914285,0.10940133159640165,0.11745866779626916,0.1298893843890092,0.15584268318293173,0.17123152797285665,0.07274427607405028,0.07235794019011031,0.26428484660684315,0.19982770204375044,0.10789948627330419,0.44004489830500826,0.05883173357665746,0.28272804256765377,0.1526847428876344,0.19982770204375044,0.4033744901129242,0.17526456527300452,0.30626976775526726,0.23443904337361865,0.22049352886816462,0.062131654377836146,0.053929089111936,0.08435407775507717,0.39485554005874396,0.13855616920154315,0.17526456527300452,0.21145067383591953,0.1655176250655292,0.2862605694096082,0.11947040204421012,0.08799685712579812
94,24,0.135073100218249,0.06240521313220886,0.2447504365914285,0.20939262912013787,0.049434998352608,0.44004489830500826,0,False,5,0,0,0,0,2271,2269,560,75,1833,1138,219,0,418,2089,1004,1889,989,497,1284,1457,1421,2007,572,319,1843,1003,1342,740,0.06512394034392936,0.06240521313220886,0.14277998144495554,0.09444933747332958,0.21026162972777174,0.15178044063912613,0.07675167359507051,0.14667557191813257,0.16516878457547093,0.14277998144495554,0.22498874348501238,0.11745866779626916,0.1557085030046122,0.1773820043325214,0.1808015949444432,0.06240521313220886,0.07370899015465678,0.06512394034392936,0.2447504365914285,0.10758444378889599,0.11670171782424954,0.1298893843890092,0.15584268318293173,0.17123152797285665,0.16065790460882073,0.1402873498463498,0.19982770204375044,0.10789948627330419,0.44004489830500826,0.26428484660684315,0.053929089111936,0.28272804256765377,0.13996101431366487,0.19982770204375044,0.4033744901129242,0.17526456527300452,0.30626976775526726,0.23443904337361865,0.22049352886816462,0.1402873498463498,0.049434998352608,0.16065790460882073,0.39485554005874396,0.1270098217680812,0.16065918483358746,0.21145067383591953,0.1655176250655292,0.2862605694096082
95,24,0.13473796327938606,0.061398579987242186,0.2447504365914285,0.206604820503018,0.049434998352608,0.44004489830500826,0,False,5,0,0,0,0,2271,2269,560,75,1833,1138,219,0,418,2089,1004,1889,989,497,1284,1457,1421,2007,572,319,1843,1003,1342,740,0.06444007758507944,0.061398579987242186,0.14283920509393652,0.09208663978083581,0.21026162972777174,0.15178044063912613,0.07370899015465678,0.14667557191813257,0.16516878457547093,0.14277998144495554,0.22498874348501238,0.11745866779626916,0.1557085030046122,0.1773820043325214,0.1808015949444432,0.061398579987242186,0.07370899015465678,0.06512394034392936,0.2447504365914285,0.10758444378889599,0.11670171782424954,0.1298893843890092,0.15584268318293173,0.17123152797285665,0.147269745891419,0.12859673735915397,0.18317539354010456,0.0989078624171955,0.44004489830500826,0.26428484660684315,0.049434998352608,0.28272804256765377,0.13996101431366487,0.19982770204375044,0.4033744901129242,0.17526456527300452,0.30626976775526726,0.23443904337361865,0.22049352886816462,0.12859673735915397,0.049434998352608,0.16065790460882073,0.39485554005874396,0.1270098217680812,0.16065918483358746,0.21145067383591953,0.1655176250655292,0.2862605694096082
96,24,0.13461480034262105,0.06021070411045439,0.2447504365914285,0.20334878723674324,0.04531541515655733,0.44004489830500826,0,False,5,0,0,0,0,2271,2269,560,75,1833,1138,219,0,418,2089,1004,1889,989,497,1284,1457,1421,2007,572,319,1843,1003,1342,740,0.06352473589363898,0.061398579987242186,0.14283920509393652,0.09208663978083581,0.21026162972777174,0.15178044063912613,0.07069788067580914,0.14667557191813257,0.16516878457547093,0.14277998144495554,0.22498874348501238,0.11745866779626916,0.1557085030046122,0.1773820043325214,0.1808015949444432,0.06021070411045439,0.07370899015465678,0.06444007758507944,0.2447504365914285,0.10758444378889599,0.11670171782424954,0.1298893843890092,0.154416232133694,0.1755002583456595,0.13499726706713408,0.12859673735915397,0.18317539354010456,0.0989078624171955,0.44004489830500826,0.26428484660684315,0.04531541515655733,0.28272804256765377,0.13996101431366487,0.19982770204375044,0.4033744901129242,0.17526456527300452,0.30626976775526726,0.23443904337361865,0.22049352886816462,0.11788034257922447,0.049434998352608,0.147269745891419,0.39485554005874396,0.1270098217680812,0.16065918483358746,0.21145067383591953,0.15172448964340177,0.2624055219588075
97,24,0.13435889166911988,0.058868844853912,0.2447504365914285,0.1979405077882952,0.04531541515655733,0.44004489830500826,0,False,5,0,0,0,0,2271,2269,560,75,1833,1138,219,0,418,2089,1004,1889,989,497,1284,1457,1421,2007,572,319,1843,1003,1342,740,0.06240750562845448,0.06021070411045439,0.14283920509393652,0.0895572132019298,0.21026162972777174,0.15178044063912613,0.07069788067580914,0.14667557191813257,0.16248966108992915,0.14283920509393652,0.22498874348501238,0.11745866779626916,0.1604871739894278,0.17918426816794694,0.1808015949444432,0.058868844853912,0.07069788067580914,0.06352473589363898,0.2447504365914285,0.10758444378889599,0.11670171782424954,0.1298893843890092,0.154416232133694,0.1755002583456595,0.12374749481153957,0.11788034257922447,0.18317539354010456,0.09066554054909587,0.44004489830500826,0.26428484660684315,0.04531541515655733,0.28272804256765377,0.12829759645419278,0.18317539354010456,0.4033744901129242,0.17526456527300452,0.280747287108995,0.2149024564258171,0.22049352886816462,0.10805698069762243,0.04531541515655733,0.13499726706713408,0.39485554005874396,0.1270098217680812,0.16065918483358746,0.21145067383591953,0.15172448964340177,0.2624055219588075
98,24,0.13424263812319337,0.058868844853912,0.2447504365914285,0.19531635293326813,0.04153913056017755,0.44004489830500826,0,False,5,0,0,0,0,2271,2269,560,75,1833,1138,219,0,418,2089,1004,1889,989,497,1284,1457,1421,2007,572,319,1843,1003,1342,740,0.06240750562845448,0.06021070411045439,0.14283920509393652,0.08689642267718263,0.21026162972777174,0.1546096694927328,0.07069788067580914,0.14667557191813257,0.16248966108992915,0.14283920509393652,0.22498874348501238,0.11745866779626916,0.1604871739894278,0.17918426816794694,0.1819266016522655,0.058868844853912,0.06773158080207609,0.06240750562845448,0.2447504365914285,0.10758444378889599,0.11670171782424954,0.1298893843890092,0.154416232133694,0.1755002583456595,0.12374749481153957,0.11788034257922447,0.18317539354010456,0.08311007883667121,0.44004489830500826,0.2422611093896062,0.04531541515655733,0.28272804256765377,0.12829759645419278,0.18317539354010456,0.4033744901129242,0.17526456527300452,0.280747287108995,0.2149024564258171,0.2021190681291509,0.10805698069762243,0.04153913056017755,0.12374749481153957,0.39485554005874396,0.1270098217680812,0.16065918483358746,0.21145067383591953,0.15172448964340177,0.2624055219588075
99,24,0.1339023759000368,0.058868844853912,0.2447504365914285,0.19332964321273638,0.04153913056017755,0.44004489830500826,0,False,5,0,0,0,0,2271,2269,560,75,1833,1138,219,0,418,2089,1004,1889,989,497,1284,1457,1421,2007,572,319,1843,1003,1342,740,0.06111704228432248,0.058868844853912,0.14283920509393652,0.08413644509175515,0.21026162972777174,0.1546096694927328,0.06773158080207609,0.14667557191813257,0.16248966108992915,0.14283920509393652,0.22498874348501238,0.11745866779626916,0.1604871739894278,0.17918426816794694,0.18211890835634312,0.058868844853912,0.06773158080207609,0.06240750562845448,0.2447504365914285,0.10758444378889599,0.11670171782424954,0.1298893843890092,0.154416232133694,0.1755002583456595,0.1134352035772446,0.10805698069762243,0.18317539354010456,0.07618423893361527,0.44004489830500826,0.2422611093896062,0.04153913056017755,0.28272804256765377,0.12829759645419278,0.18317539354010456,0.4033744901129242,0.17526456527300452,0.280747287108995,0.2149024564258171,0.18527581245172164,0.10805698069762243,0.04153913056017755,0.12374749481153957,0.39485554005874396,0.1270098217680812,0.16065918483358746,0.21145067383591953,0.15172448964340177,0.2624055219588075
100,24,0.13389679575369606,0.05739874306028385,0.2447504365914285,0.19447589048451674,0.03807753634682942,0.4033744901129242,0,False,5,0,0,0,0,2271,2269,560,75,1833,1138,219,0,418,2089,1004,1889,989,497,1284,1457,1421,2007,2402,572,319,1843,1003,740,0.05968063264432695,0.05739874306028385,0.1459016895981678,0.08130625190455247,0.22498874348501238,0.15652310988672216,0.06773158080207609,0.14667557191813257,0.15933262951479335,0.14283920509393652,0.22498874348501238,0.11745866779626916,0.1604871739894278,0.17918426816794694,0.18211890835634312,0.05739874306028385,0.06482114098594673,0.06240750562845448,0.1459016895981678,0.2447504365914285,0.10758444378889599,0.11547628119275621,0.1298893843890092,0.17867755315075934,0.10398226994580755,0.09905223230615388,0.2512441107450959,0.069835552355814,0.4033744901129242,0.22207268360713903,0.04153913056017755,0.28272804256765377,0.11760613008301005,0.18317539354010456,0.4033744901129242,0.17526456527300452,0.280747287108995,0.2149024564258171,0.18527581245172164,0.09905223230615388,0.03807753634682942,0.12374749481153957,0.2512441107450959,0.39485554005874396,0.1270098217680812,0.1472709194307885,0.21145067383591953,0.24053839512890687
101,24,0.13025032698106345,0.05739874306028385,0.2447504365914285,0.1924316287233929,0.03807753634682942,0.4033744901129242,0,False,6,0,0,0,0,2271,2269,560,75,1833,2441,1138,219,0,418,2089,1004,1889,989,497,1284,1457,1421,2007,572,319,1843,1003,740,0.058123884043130555,0.05739874306028385,0.14807947083931003,0.08130625190455247,0.22498874348501238,0.06269324550891286,0.15652310988672216,0.06773158080207609,0.14667557191813257,0.1557697689197505,0.14283920509393652,0.22498874348501238,0.11745866779626916,0.1604871739894278,0.17918426816794694,0.18211890835634312,0.05739874306028385,0.06482114098594673,0.06269324550891286,0.2447504365914285,0.10545612794150888,0.11547628119275621,0.13036698185710743,0.17867755315075934,0.09531708078365692,0.09905223230615388,0.2303071015163379,0.069835552355814,0.4033744901129242,0.19676853691057794,0.22207268360713903,0.04153913056017755,0.28272804256765377,0.1078056192427592,0.18317539354010456,0.4033744901129242,0.17526456527300452,0.280747287108995,0.2149024564258171,0.18527581245172164,0.09905223230615388,0.03807753634682942,0.19676853691057794,0.39485554005874396,0.11642566995407443,0.1472709194307885,0.1938297843495929,0.24053839512890687
102,24,0.13240197914324672,0.05739874306028385,0.2447504365914285,0.20127594813019442,0.03807753634682942,0.4033744901129242,0,False,7,0,0,0,0,2271,2269,560,2469,75,1833,2441,1138,219,0,418,2089,1004,1889,989,497,1284,1457,2007,572,319,1843,1003,740,0.058123884043130555,0.05739874306028385,0.14941099320897264,0.11677185247630685,0.08130625190455247,0.22498874348501238,0.06269324550891286,0.15652310988672216,0.06482114098594673,0.14667557191813257,0.1557697689197505,0.14283920509393652,0.22498874348501238,0.11745866779626916,0.1604871739894278,0.17918426816794694,0.18211890835634312,0.05739874306028385,0.06266553207386737,0.2447504365914285,0.10545612794150888,0.11677185247630685,0.13036698185710743,0.17867755315075934,0.09531708078365692,0.09905223230615388,0.21111484305664308,0.21833167614488946,0.069835552355814,0.4033744901129242,0.19676853691057794,0.22207268360713903,0.03807753634682942,0.28272804256765377,0.1078056192427592,0.18317539354010456,0.4033744901129242,0.17526456527300452,0.280747287108995,0.2149024564258171,0.18527581245172164,0.09905223230615388,0.18037115883469643,0.39485554005874396,0.11642566995407443,0.21833167614488946,0.1938297843495929,0.24053839512890687
103,24,0.13225766852723383,0.055824377468093704,0.2447504365914285,0.19996179665989233,0.03807753634682942,0.4033744901129242,0,False,7,0,0,0,0,2271,2269,560,2469,75,1833,2441,1138,219,0,418,2089,1004,1889,989,497,1284,1457,2007,572,319,1843,1003,740,0.058123884043130555,0.055824377468093704,0.14941099320897264,0.11677185247630685,0.08130625190455247,0.22498874348501238,0.06269324550891286,0.15652310988672216,0.06482114098594673,0.14667557191813257,0.1557697689197505,0.14283920509393652,0.22498874348501238,0.11745866779626916,0.1604871739894278,0.17918426816794694,0.18211890835634312,0.055824377468093704,0.06235080847393832,0.2447504365914285,0.10545612794150888,0.11677185247630685,0.13036698185710743,0.17867755315075934,0.09531708078365692,0.09079787961397438,0.21111484305664308,0.21833167614488946,0.069835552355814,0.4033744901129242,0.19676853691057794,0.22207268360713903,0.03807753634682942,0.28272804256765377,0.1078056192427592,0.18317539354010456,0.4033744901129242,0.17526456527300452,0.280747287108995,0.2149024564258171,0.18527581245172164,0.09079787961397438,0.16534022893180506,0.39485554005874396,0.11642566995407443,0.21833167614488946,0.1938297843495929,0.24053839512890687
104,24,0.1304272773897192,0.05416781452575652,0.2447504365914285,0.19821385689740034,0.03490440831792697,0.4033744901129242,0,False,8,0,0,0,0,2271,2269,560,2469,75,2500,1833,2441,1138,219,0,418,2089,1004,1889,989,497,1284,1457,2007,572,319,1003,740,0.058123884043130555,0.05416781452575652,0.14941099320897264,0.11677185247630685,0.08045441422560422,0.08045441422560422,0.22498874348501238,0.06266553207386737,0.15652310988672216,0.0619756446878529,0.14667557191813257,0.1557697689197505,0.14283920509393652,0.22498874348501238,0.11745866779626916,0.1604871739894278,0.17918426816794694,0.18211890835634312,0.05416781452575652,0.06177703272105133,0.2447504365914285,0.10545612794150888,0.13036698185710743,0.17867755315075934,0.09531708078365692,0.08323138964614318,0.21111484305664308,0.21833167614488946,0.14734925632616286,0.14734925632616286,0.4033744901129242,0.18037115883469643,0.22207268360713903,0.03490440831792697,0.28272804256765377,0.1078056192427592,0.18317539354010456,0.4033744901129242,0.17526456527300452,0.280747287108995,0.2149024564258171,0.18527581245172164,0.08323138964614318,0.1515618765208213,0.39485554005874396,0.11642566995407443,0.1938297843495929,0.24053839512890687
105,24,0.13012037176934924,0.05244913507700243,0.2447504365914285,0.1949535021907297,0.03199570762476638,0.4033744901129242,0,False,8,0,0,0,0,2271,2269,560,2469,75,2500,1833,2441,1138,219,0,418,2089,1004,1889,989,497,1284,1457,2007,572,319,1003,740,0.05647051915933113,0.05244913507700243,0.14941099320897264,0.11742731916979555,0.08045441422560422,0.08045441422560422,0.22498874348501238,0.06235080847393832,0.15652310988672216,0.05920241831173165,0.14667557191813257,0.1557697689197505,0.14283920509393652,0.22498874348501238,0.11670171782424954,0.1604871739894278,0.17918426816794694,0.18211890835634312,0.05416781452575652,0.060972775419307,0.2447504365914285,0.10545612794150888,0.13036698185710743,0.17867755315075934,0.08737399071835217,0.07629544050896458,0.21111484305664308,0.200137369799482,0.14734925632616286,0.14734925632616286,0.4033744901129242,0.16534022893180506,0.22207268360713903,0.03199570762476638,0.28272804256765377,0.1078056192427592,0.18317539354010456,0.4033744901129242,0.16065918483358746,0.280747287108995,0.2149024564258171,0.18527581245172164,0.08323138964614318,0.13893172014408617,0.39485554005874396,0.11642566995407443,0.1938297843495929,0.24053839512890687
106,24,0.12990813881280314,0.05244913507700243,0.2447504365914285,0.19261136857839709,0.02932939865603585,0.4033744901129242,0,False,8,0,0,0,0,2271,2269,560,2469,75,2500,1833,2441,1138,219,0,418,2089,1004,1889,989,497,1284,1457,2007,572,319,1003,740,0.05647051915933113,0.05244913507700243,0.14941099320897264,0.11748621659936659,0.08045441422560422,0.08045441422560422,0.22498874348501238,0.06177703272105133,0.15652310988672216,0.05650723008439157,0.14667557191813257,0.1557697689197505,0.14283920509393652,0.22498874348501238,0.11670171782424954,0.1604871739894278,0.17918426816794694,0.18211890835634312,0.05244913507700243,0.060972775419307,0.2447504365914285,0.10545612794150888,0.13020213689941057,0.17867755315075934,0.08737399071835217,0.07629544050896458,0.21111484305664308,0.18345925564952514,0.14734925632616286,0.14734925632616286,0.4033744901129242,0.1515618765208213,0.22207268360713903,0.02932939865603585,0.28272804256765377,0.1078056192427592,0.18317539354010456,0.4033744901129242,0.16065918483358746,0.280747287108995,0.2149024564258171,0.18527581245172164,0.07629544050896458,0.13893172014408617,0.39485554005874396,0.11642566995407443,0.17767730232046014,0.24053839512890687
107,24,0.12158252927299516,0.05068642262741806,0.22498874348501238,0.1816418987239865,0.06993748713321753,0.4033744901129242,0,False,8,0,0,0,0,2271,2269,560,2469,75,2500,1833,2441,1138,219,0,418,2089,1004,1889,2577,989,497,1284,1457,2007,319,1003,740,0.05474225892566745,0.05068642262741806,0.14941099320897264,0.11748621659936659,0.08045441422560422,0.08045441422560422,0.22498874348501238,0.060972775419307,0.15652310988672216,0.055284409934327865,0.14667557191813257,0.1518691168722326,0.14283920509393652,0.22498874348501238,0.11670171782424954,0.055284409934327865,0.1604871739894278,0.18001708050181495,0.18211890835634312,0.05068642262741806,0.060972775419307,0.10545612794150888,0.13020213689941057,0.17867755315075934,0.08009282482515614,0.06993748713321753,0.21111484305664308,0.18345925564952514,0.14734925632616286,0.14734925632616286,0.4033744901129242,0.13893172014408617,0.22207268360713903,0.11021861543469955,0.28272804256765377,0.09882181763919594,0.18317539354010456,0.4033744901129242,0.16065918483358746,0.11021861543469955,0.280747287108995,0.19699391839033234,0.18527581245172164,0.06993748713321753,0.13893172014408617,0.11642566995407443,0.17767730232046014,0.24053839512890687
108,24,0.12044782220852457,0.04889579949981762,0.22498874348501238,0.18556386116719148,0.0641093632054494,0.4033744901129242,0,False,9,0,0,0,0,2271,2269,560,2469,75,2500,1833,2441,2596,1138,219,0,418,2089,1004,1889,2577,989,497,1284,1457,2007,1003,740,0.052958777113894726,0.04889579949981762,0.14941099320897264,0.11748621659936659,0.08135884729985923,0.08045441422560422,0.22498874348501238,0.05996647464128341,0.08135884729985923,0.15652310988672216,0.053936466789989944,0.14667557191813257,0.1518691168722326,0.14283920509393652,0.22498874348501238,0.11670171782424954,0.055284409934327865,0.16423424082531202,0.17994886367536633,0.18211890835634312,0.04889579949981762,0.060972775419307,0.13020213689941057,0.17867755315075934,0.07341842275639313,0.0641093632054494,0.21111484305664308,0.18345925564952514,0.2184034849656493,0.14734925632616286,0.4033744901129242,0.12735407679874564,0.2184034849656493,0.22207268360713903,0.10103373081514125,0.28272804256765377,0.09882181763919594,0.18317539354010456,0.4033744901129242,0.16065918483358746,0.11021861543469955,0.2573516798499121,0.1805777585244713,0.18527581245172164,0.0641093632054494,0.13893172014408617,0.17767730232046014,0.24053839512890687
109,24,0.12012257745391974,0.047091498942380655,0.22498874348501238,0.1830888016311301,0.058766916271661945,0.4033744901129242,0,False,9,0,0,0,0,2271,2269,560,2469,75,2500,1833,2441,2596,1138,219,0,418,2089,1004,1889,2577,989,497,1284,1457,2007,1003,740,0.05113771161637521,0.047091498942380655,0.14941099320897264,0.116997321826094,0.08135884729985923,0.08045441422560422,0.22498874348501238,0.05996647464128341,0.08135884729985923,0.15652310988672216,0.052486188406669125,0.14667557191813257,0.1518691168722326,0.14283920509393652,0.22498874348501238,0.11670171782424954,0.053936466789989944,0.16423424082531202,0.17905547192073867,0.18211890835634312,0.04889579949981762,0.060972775419307,0.13020213689941057,0.17867755315075934,0.06730022086002703,0.058766916271661945,0.21111484305664308,0.16817098434539804,0.2184034849656493,0.14734925632616286,0.4033744901129242,0.12735407679874564,0.2184034849656493,0.22207268360713903,0.09261425324721281,0.28272804256765377,0.09882181763919594,0.18317539354010456,0.4033744901129242,0.16065918483358746,0.10103373081514125,0.2573516798499121,0.16552961198076535,0.18527581245172164,0.0641093632054494,0.13893172014408617,0.17767730232046014,0.24053839512890687
110,24,0.1197418357287353,0.047091498942380655,0.22498874348501238,0.1793521793203577,0.058766916271661945,0.4033744901129242,0,False,9,0,0,0,0,2271,2269,560,2469,75,2500,1833,2441,2596,1138,219,0,418,2089,1004,1889,2577,989,497,1284,1457,2007,1003,740,0.05113771161637521,0.047091498942380655,0.14941099320897264,0.11601261504821318,0.08181717840584425,0.08045441422560422,0.22498874348501238,0.058785841087320156,0.08135884729985923,0.15652310988672216,0.0509546014053132,0.14667557191813257,0.1518691168722326,0.14283920509393652,0.22498874348501238,0.11670171782424954,0.052486188406669125,0.16423424082531202,0.17741714646230775,0.18211890835634312,0.047091498942380655,0.05996647464128341,0.13020213689941057,0.17867755315075934,0.06730022086002703,0.058766916271661945,0.21111484305664308,0.1541567356499482,0.20020319455184518,0.14734925632616286,0.4033744901129242,0.11674123706551683,0.2184034849656493,0.22207268360713903,0.08489639880994508,0.28272804256765377,0.09882181763919594,0.18317539354010456,0.4033744901129242,0.16065918483358746,0.09261425324721281,0.2573516798499121,0.1517354776490349,0.18527581245172164,0.058766916271661945,0.12735407679874564,0.17767730232046014,0.24053839512890687
111,24,0.11542306472123791,0.04528596302931411,0.22498874348501238,0.17960930166846836,0.05386967324902345,0.4033744901129242,0,False,9,0,0,0,0,2271,2269,560,2469,75,2500,1833,2441,2596,1138,219,0,418,2089,1004,1889,2577,989,497,1284,1457,2007,1003,2669,0.04929471917659807,0.04528596302931411,0.14941099320897264,0.11601261504821318,0.08181717840584425,0.08135884729985923,0.22498874348501238,0.05745740141410844,0.08135884729985923,0.15652310988672216,0.04936088775042324,0.14667557191813257,0.1518691168722326,0.14283920509393652,0.22498874348501238,0.11670171782424954,0.052486188406669125,0.16423424082531202,0.17741714646230775,0.18145335863399614,0.047091498942380655,0.05996647464128341,0.13020213689941057,0.08135884729985923,0.06169186912169144,0.05386967324902345,0.21111484305664308,0.1541567356499482,0.20020319455184518,0.2184034849656493,0.4033744901129242,0.10701280064339042,0.2184034849656493,0.22207268360713903,0.07782169890911632,0.28272804256765377,0.09882181763919594,0.18317539354010456,0.4033744901129242,0.16065918483358746,0.09261425324721281,0.2573516798499121,0.1517354776490349,0.16983616141407817,0.058766916271661945,0.12735407679874564,0.17767730232046014,0.2184034849656493
112,24,0.11493495377574081,0.04348995789496351,0.22498874348501238,0.17707257641176477,0.04938053381160482,0.4033744901129242,0,False,9,0,0,0,0,2271,2269,560,2469,75,2500,1833,2441,2596,1138,219,0,418,2089,1004,1889,2577,989,497,1284,1457,2007,1003,2669,0.047443562144169914,0.04348995789496351,0.14941099320897264,0.11601261504821318,0.08181717840584425,0.08135884729985923,0.22498874348501238,0.05745740141410844,0.08181717840584425,0.15652310988672216,0.04772236187761768,0.14667557191813257,0.1476940316692207,0.14283920509393652,0.22498874348501238,0.11670171782424954,0.0509546014053132,0.16423424082531202,0.17741714646230775,0.18145335863399614,0.047091498942380655,0.058785841087320156,0.13020213689941057,0.08135884729985923,0.05655088002821715,0.04938053381160482,0.21111484305664308,0.1541567356499482,0.20020319455184518,0.2184034849656493,0.4033744901129242,0.10701280064339042,0.20020319455184518,0.22207268360713903,0.07133655733335663,0.28272804256765377,0.09058666616926293,0.18317539354010456,0.4033744901129242,0.16065918483358746,0.08489639880994508,0.2573516798499121,0.1517354776490349,0.16983616141407817,0.058766916271661945,0.11674123706551683,0.17767730232046014,0.2184034849656493
113,24,0.11471541663643586,0.04171269940960614,0.22498874348501238,0.17773854802009373,0.04526548932730442,0.4033744901129242,0,False,9,0,0,0,0,2271,2269,560,2469,75,2500,1833,2441,2596,1138,219,0,418,2089,1004,1889,2577,989,497,1284,1457,2007,1003,2735,0.047443562144169914,0.04171269940960614,0.14941099320897264,0.11601261504821318,0.08181717840584425,0.08181717840584425,0.22498874348501238,0.05600616452539207,0.08181717840584425,0.15652310988672216,0.04605449532290592,0.14667557191813257,0.1476940316692207,0.14283920509393652,0.22498874348501238,0.11670171782424954,0.04936088775042324,0.16423424082531202,0.17741714646230775,0.18145335863399614,0.04528596302931411,0.058785841087320156,0.13020213689941057,0.08392723634729765,0.05655088002821715,0.04526548932730442,0.21111484305664308,0.1541567356499482,0.20020319455184518,0.20020319455184518,0.4033744901129242,0.09809506725644121,0.20020319455184518,0.22207268360713903,0.06539184422224358,0.28272804256765377,0.09058666616926293,0.18317539354010456,0.4033744901129242,0.16065918483358746,0.07782169890911632,0.2573516798499121,0.1517354776490349,0.16983616141407817,0.05386967324902345,0.11674123706551683,0.17767730232046014,0.2835365278851785
114,24,0.10945292636400085,0.039961983806007975,0.22498874348501238,0.17467457301539357,0.041493365216695714,0.4033744901129242,0,False,7,0,0,0,0,2271,2269,560,2469,75,2500,2752,1138,219,0,418,2089,1833,2441,2596,1284,1457,2007,2756,1004,1889,2577,989,497,0.045596217625530545,0.039961983806007975,0.14941099320897264,0.11601261504821318,0.08181717840584425,0.08181717840584425,0.048953117455196815,0.15652310988672216,0.044370977325563526,0.1501834623254781,0.1476940316692207,0.14283920509393652,0.22498874348501238,0.05445539420729641,0.08181717840584425,0.18145335863399614,0.04461156014057685,0.05745740141410844,0.04461156014057685,0.22498874348501238,0.11670171782424954,0.048953117455196815,0.16423424082531202,0.17741714646230775,0.051838306692532386,0.041493365216695714,0.21111484305664308,0.1541567356499482,0.20020319455184518,0.20020319455184518,0.15466989066668996,0.22207268360713903,0.05994252387038994,0.2591673723536826,0.09058666616926293,0.18317539354010456,0.4033744901129242,0.08992047831840444,0.20020319455184518,0.16983616141407817,0.13271386714493816,0.10701280064339042,0.13271386714493816,0.4033744901129242,0.16065918483358746,0.15466989066668996,0.2573516798499121,0.1517354776490349
115,24,0.10901836642689593,0.03824431898701039,0.22498874348501238,0.17044590834939277,0.03803558478197107,0.4033744901129242,0,False,7,0,0,0,0,2271,2269,560,2469,75,2500,2752,1138,219,0,418,2089,1833,2441,2596,1284,1457,2007,2756,1004,1889,2577,989,497,0.04376300109015901,0.03824431898701039,0.14941099320897264,0.11458553100483998,0.08181717840584425,0.08185972427222044,0.048953117455196815,0.15652310988672216,0.04268380154016596,0.1501834623254781,0.1476940316692207,0.14283920509393652,0.22498874348501238,0.05282647132784168,0.08185972427222044,0.18145335863399614,0.04379894091133994,0.05745740141410844,0.04379894091133994,0.22498874348501238,0.11670171782424954,0.048357889752994626,0.16423424082531202,0.17741714646230775,0.04751844780148802,0.03803558478197107,0.21111484305664308,0.14131034101245252,0.20020319455184518,0.18351959500585807,0.15466989066668996,0.22207268360713903,0.054947313547857445,0.2591673723536826,0.09058666616926293,0.18317539354010456,0.4033744901129242,0.08242710512520407,0.18351959500585807,0.16983616141407817,0.1216543782161933,0.10701280064339042,0.1216543782161933,0.4033744901129242,0.16065918483358746,0.14178073311113246,0.2573516798499121,0.1517354776490349
116,24,0.10865021149676368,0.03656505328622622,0.22498874348501238,0.16687496401305812,0.034865952716806814,0.4033744901129242,0,False,7,0,0,0,0,2271,2269,560,2469,75,2500,2752,1138,219,0,418,2089,1833,2441,2596,1284,1457,2007,2756,1004,1889,2577,989,497,0.04195269802570869,0.03656505328622622,0.14994626559528143,0.11276950581834952,0.08181717840584425,0.08152045956708887,0.048357889752994626,0.15652310988672216,0.04268380154016596,0.1501834623254781,0.1476940316692207,0.14283920509393652,0.22498874348501238,0.051138829528222005,0.08185972427222044,0.18001009608319177,0.04379894091133994,0.05745740141410844,0.04379894091133994,0.22498874348501238,0.11670171782424954,0.048357889752994626,0.16423424082531202,0.17741714646230775,0.04355857715136402,0.034865952716806814,0.19352193946858948,0.12953447926141481,0.20020319455184518,0.16822629542203657,0.14178073311113246,0.22207268360713903,0.054947313547857445,0.2591673723536826,0.09058666616926293,0.18317539354010456,0.4033744901129242,0.07555817969810373,0.18351959500585807,0.155683147962905,0.1216543782161933,0.10701280064339042,0.1216543782161933,0.4033744901129242,0.16065918483358746,0.14178073311113246,0.2573516798499121,0.1517354776490349
117,24,0.10818571691400085,0.03656505328622622,0.22498874348501238,0.16189524504204914,0.034865952716806814,0.4033744901129242,0,False,7,0,0,0,0,2271,2269,560,2469,75,2500,2752,1138,219,0,418,2089,1833,2441,2596,1284,1457,2007,2756,1004,1889,2577,989,497,0.04017269859054787,0.03656505328622622,0.14974375102547724,0.11061680888364123,0.08185972427222044,0.08083559575558076,0.04759775356675671,0.15652310988672216,0.04100337060412934,0.1501834623254781,0.1476940316692207,0.14283920509393652,0.22498874348501238,0.04940994960344644,0.08152045956708887,0.18001009608319177,0.04286812623667926,0.05745740141410844,0.04286812623667926,0.22498874348501238,0.11670171782424954,0.048357889752994626,0.16423424082531202,0.17741714646230775,0.039928695722083685,0.034865952716806814,0.17739511117954035,0.11873993932296358,0.18351959500585807,0.1542074374702002,0.1299656720185381,0.22207268360713903,0.05036837075220266,0.2591673723536826,0.09058666616926293,0.18317539354010456,0.4033744901129242,0.06926166472326176,0.16822629542203657,0.155683147962905,0.11151651336484386,0.10701280064339042,0.11151651336484386,0.4033744901129242,0.16065918483358746,0.14178073311113246,0.2573516798499121,0.1517354776490349
118,24,0.10782339878252824,0.03492849932551759,0.22498874348501238,0.16023344714828838,0.03196045665707291,0.4033744901129242,0,False,7,0,0,0,0,2271,2269,560,2469,75,2500,2752,1138,219,0,418,2089,1833,2441,2596,1284,1457,2007,2756,1004,1889,2577,989,497,0.038429131381828976,0.03492849932551759,0.14974375102547724,0.11061680888364123,0.08185972427222044,0.07984236197725895,0.04669478240435086,0.15652310988672216,0.0393386118030022,0.1501834623254781,0.1476940316692207,0.14283920509393652,0.22498874348501238,0.047655399359386334,0.08152045956708887,0.18001009608319177,0.04286812623667926,0.05745740141410844,0.04286812623667926,0.22498874348501238,0.11670171782424954,0.048357889752994626,0.16423424082531202,0.17741714646230775,0.03660130441191004,0.03196045665707291,0.17739511117954035,0.11873993932296358,0.18351959500585807,0.14135681768101682,0.11913519935032658,0.22207268360713903,0.046171006522852436,0.2591673723536826,0.09058666616926293,0.18317539354010456,0.4033744901129242,0.0634898593296566,0.16822629542203657,0.155683147962905,0.11151651336484386,0.10701280064339042,0.11151651336484386,0.4033744901129242,0.16065918483358746,0.14178073311113246,0.2573516798499121,0.1517354776490349
119,24,0.10749510397076106,0.033338051328772655,0.22498874348501238,0.15549249528508266,0.0292970852689835,0.4033744901129242,0,False,7,0,0,0,0,2271,2269,560,2469,75,2500,2752,1138,219,0,418,2089,1833,2441,2596,1284,1457,2007,2756,1004,1889,2577,989,497,0.03672699342629136,0.033338051328772655,0.14886755347634403,0.11061680888364123,0.08185972427222044,0.07984236197725895,0.04669478240435086,0.157566725769178,0.03769709842127937,0.1527637995299488,0.1476940316692207,0.14283920509393652,0.22498874348501238,0.04588890745999455,0.08083559575558076,0.18001009608319177,0.041838123336333244,0.05600616452539207,0.04286812623667926,0.22498874348501238,0.11670171782424954,0.04759775356675671,0.16423424082531202,0.17741714646230775,0.03355119571091754,0.0292970852689835,0.162612185247912,0.11873993932296358,0.18351959500585807,0.14135681768101682,0.11913519935032658,0.20356662663987743,0.042323422645948065,0.23757009132420903,0.09058666616926293,0.18317539354010456,0.4033744901129242,0.05819903771885188,0.1542074374702002,0.155683147962905,0.1022234705844402,0.09809506725644121,0.11151651336484386,0.4033744901129242,0.16065918483358746,0.1299656720185381,0.2573516798499121,0.1517354776490349
120,24,0.09996019453974954,0.033338051328772655,0.22498874348501238,0.1457926829211277,0.0292970852689835,0.4033744901129242,0,False,7,0,0,0,0,2271,2269,560,2469,75,2500,2752,1138,219,0,418,2089,1833,2441,2596,1284,1457,2007,2897,1889,2577,989,497,2756,0.03507027432169143,0.033338051328772655,0.14886755347634403,0.11061680888364123,0.08185972427222044,0.07857799178081729,0.04669478240435086,0.157566725769178,0.03608517254573722,0.1527637995299488,0.1476940316692207,0.14283920509393652,0.22498874348501238,0.04412246151208699,0.07984236197725895,0.18001009608319177,0.04072672238906666,0.055859794105226325,0.055859794105226325,0.11547628119275621,0.04669478240435086,0.16423424082531202,0.17741714646230775,0.041838123336333244,0.030755262735007744,0.0292970852689835,0.162612185247912,0.11873993932296358,0.18351959500585807,0.12957708287426542,0.11913519935032658,0.20356662663987743,0.03879647075878573,0.23757009132420903,0.09058666616926293,0.18317539354010456,0.4033744901129242,0.05334911790894756,0.14135681768101682,0.155683147962905,0.09370484803573685,0.17325381165173778,0.17325381165173778,0.1472709194307885,0.11913519935032658,0.2573516798499121,0.1517354776490349,0.1022234705844402
121,24,0.09964780966910343,0.031796294828801204,0.22498874348501238,0.1420579869299136,0.026855661496568206,0.4033744901129242,0,False,7,0,0,0,0,2271,2269,560,2469,75,2500,2752,1138,219,0,418,2089,1833,2441,2596,1284,1457,2007,2897,1889,2577,989,497,2756,0.03346207312539684,0.031796294828801204,0.14886755347634403,0.11061680888364123,0.08152045956708887,0.07707890851019038,0.04567018892433675,0.157566725769178,0.03608517254573722,0.15445132556881971,0.1476940316692207,0.14283920509393652,0.22498874348501238,0.042366422287636554,0.07984236197725895,0.18001009608319177,0.04072672238906666,0.0554685630273521,0.055859794105226325,0.11547628119275621,0.04567018892433675,0.16423424082531202,0.17741714646230775,0.041838123336333244,0.028192324173757097,0.026855661496568206,0.162612185247912,0.11873993932296358,0.16822629542203657,0.1187789926347433,0.1092072660711327,0.20356662663987743,0.03879647075878573,0.21777258371385827,0.09058666616926293,0.18317539354010456,0.4033744901129242,0.048903358083201925,0.14135681768101682,0.155683147962905,0.09370484803573685,0.15881599401409296,0.17325381165173778,0.1472709194307885,0.1092072660711327,0.2573516798499121,0.1517354776490349,0.1022234705844402
122,24,0.09881069794111863,0.030305108161033295,0.22498874348501238,0.14349050806635985,0.02461768970518752,0.4033744901129242,0,False,8,0,0,0,0,2928,2271,2269,560,2469,75,2500,2752,1138,219,0,418,2089,1833,2441,2596,1284,1457,2007,2897,1889,2577,989,497,0.0327275267535626,0.0327275267535626,0.030305108161033295,0.14886755347634403,0.10817763867786333,0.08152045956708887,0.07707890851019038,0.04567018892433675,0.157566725769178,0.03450806609904452,0.15445132556881971,0.1476940316692207,0.14283920509393652,0.22498874348501238,0.04062964750037714,0.07857799178081729,0.18001009608319177,0.04072672238906666,0.05485778209745075,0.055859794105226325,0.11547628119275621,0.04454403964114753,0.16423424082531202,0.17741714646230775,0.10917629715927735,0.10917629715927735,0.02461768970518752,0.162612185247912,0.10884494437938327,0.16822629542203657,0.1187789926347433,0.1092072660711327,0.20356662663987743,0.03556343152888691,0.21777258371385827,0.09058666616926293,0.18317539354010456,0.4033744901129242,0.044828078242935096,0.12957708287426542,0.155683147962905,0.09370484803573685,0.14558132784625188,0.17325381165173778,0.1472709194307885,0.10010666056520497,0.2573516798499121,0.1517354776490349
123,24,0.09799234802375055,0.028865755491906613,0.22498874348501238,0.13793987352627105,0.02256621556308856,0.4033744901129242,0,False,8,0,0,0,0,2928,2271,2269,560,2469,75,2500,2752,1138,219,0,418,2089,1833,2441,2596,1284,1457,2007,2897,1889,2577,989,497,0.031920244652413166,0.0327275267535626,0.028865755491906613,0.14738495727636589,0.1054994548492392,0.08152045956708887,0.07538009464445988,0.04567018892433675,0.157566725769178,0.0329700177306735,0.1552939750509461,0.1476940316692207,0.14283920509393652,0.22498874348501238,0.0389196199051915,0.07707890851019038,0.1778718024123181,0.03955036508031817,0.054052984085116766,0.055859794105226325,0.11547628119275621,0.043335056794695834,0.16423424082531202,0.1751159187005475,0.10007827239600423,0.10917629715927735,0.02256621556308856,0.14906116981058598,0.099774532347768,0.16822629542203657,0.10888074324851468,0.1092072660711327,0.20356662663987743,0.032599812234813,0.19962486840437008,0.09058666616926293,0.18317539354010456,0.4033744901129242,0.04109240505602384,0.1187789926347433,0.14270955229932958,0.08589611069942545,0.13344955052573088,0.17325381165173778,0.1472709194307885,0.09176443885143788,0.2573516798499121,0.13909085451161532
124,24,0.09760873450302177,0.02747897139803034,0.22498874348501238,0.13614801090857873,0.020685697599497847,0.4033744901129242,0,False,8,0,0,0,0,2928,2271,2269,560,2469,75,2500,2752,1138,219,0,418,2089,1833,2441,2596,1284,1457,2007,2897,1889,2577,989,497,0.031053641010523995,0.031920244652413166,0.02747897139803034,0.14738495727636589,0.1054994548492392,0.08152045956708887,0.07538009464445988,0.04567018892433675,0.157566725769178,0.03147438389255022,0.1552939750509461,0.1476940316692207,0.14283920509393652,0.22498874348501238,0.03724257566407367,0.07538009464445988,0.1778718024123181,0.03955036508031817,0.054052984085116766,0.055859794105226325,0.11547628119275621,0.042060494079091654,0.16423424082531202,0.1751159187005475,0.09173841636300387,0.10007827239600423,0.020685697599497847,0.14906116981058598,0.099774532347768,0.16822629542203657,0.10888074324851468,0.1092072660711327,0.20356662663987743,0.02988316121524525,0.19962486840437008,0.09058666616926293,0.18317539354010456,0.4033744901129242,0.03766803796802185,0.10888074324851468,0.14270955229932958,0.08589611069942545,0.13344955052573088,0.17325381165173778,0.1472709194307885,0.08411740228048473,0.2573516798499121,0.13909085451161532
125,24,0.09694939632912196,0.026145037209530122,0.22498874348501238,0.13270233509633741,0.018961889466206357,0.4033744901129242,0,False,8,0,0,0,0,2928,2271,2269,560,2469,75,2500,2752,1138,219,0,418,2089,1833,2441,2596,1284,1457,2007,2897,1889,2577,989,497,0.030140077352875033,0.031053641010523995,0.026145037209530122,0.1453643420632693,0.10262651575256257,0.08152045956708887,0.07538009464445988,0.04567018892433675,0.157566725769178,0.030023742994105183,0.1553495633729565,0.14330280068894513,0.14283920509393652,0.22498874348501238,0.03560362992287468,0.07538009464445988,0.1778718024123181,0.03955036508031817,0.054052984085116766,0.0554685630273521,0.11547628119275621,0.042060494079091654,0.16423424082531202,0.1751159187005475,0.08409354833275354,0.09173841636300387,0.018961889466206357,0.1366394056597038,0.09145998798545399,0.16822629542203657,0.10888074324851468,0.1092072660711327,0.20356662663987743,0.027392897780641478,0.1829894627040059,0.08303777732182435,0.18317539354010456,0.4033744901129242,0.03452903480402003,0.10888074324851468,0.14270955229932958,0.08589611069942545,0.13344955052573088,0.15881599401409296,0.1472709194307885,0.08411740228048473,0.2573516798499121,0.13909085451161532
126,24,0.09407859576430057,0.02486384947076717,0.22498874348501238,0.13586851107526374,0.017381732010689162,0.4033744901129242,0,False,8,0,0,0,0,2928,2271,2269,560,2469,75,2500,2752,1138,3042,219,0,418,2089,1833,2441,2596,1284,1457,2007,2897,2577,989,497,0.029190817308051942,0.030140077352875033,0.02486384947076717,0.1453643420632693,0.10262651575256257,0.08152045956708887,0.07538009464445988,0.04454403964114753,0.1577972486989044,0.054448232630259275,0.02861999198225344,0.1553495633729565,0.14330280068894513,0.14283920509393652,0.22498874348501238,0.03400689737824682,0.07538009464445988,0.1778718024123181,0.038324072893136406,0.054448232630259275,0.0554685630273521,0.042060494079091654,0.16423424082531202,0.1751159187005475,0.0770857526383574,0.08409354833275354,0.017381732010689162,0.1366394056597038,0.09145998798545399,0.16822629542203657,0.10888074324851468,0.10010666056520497,0.1866027410865543,0.20566208798191998,0.025110156298921354,0.1829894627040059,0.08303777732182435,0.18317539354010456,0.4033744901129242,0.03165161523701836,0.10888074324851468,0.14270955229932958,0.07873810147447333,0.20566208798191998,0.15881599401409296,0.08411740228048473,0.2573516798499121,0.13909085451161532
127,24,0.08853437245491591,0.0236349809654456,0.22498874348501238,0.13952838409539337,0.015933254343131732,0.4033744901129242,0,False,7,0,0,0,0,3068,2269,560,2469,75,2500,2752,2928,2271,219,0,418,2089,1833,2441,2596,1138,3042,1457,2007,2897,2577,989,497,0.05627255954419997,0.0236349809654456,0.1453643420632693,0.10262651575256257,0.08152045956708887,0.07351462584470661,0.04454403964114753,0.02821601647487136,0.029190817308051942,0.02726443504309796,0.1553495633729565,0.14330280068894513,0.14283920509393652,0.22498874348501238,0.03245560629877103,0.07351462584470661,0.1577972486989044,0.054448232630259275,0.03706142373820602,0.054559904443764115,0.05627255954419997,0.040736073348018764,0.16423424082531202,0.1751159187005475,0.22891466117958523,0.015933254343131732,0.1366394056597038,0.09145998798545399,0.16822629542203657,0.09980734797780512,0.10010666056520497,0.07066193991849429,0.0770857526383574,0.02301764327401124,0.1829894627040059,0.08303777732182435,0.18317539354010456,0.4033744901129242,0.029013980633933494,0.09980734797780512,0.1866027410865543,0.20566208798191998,0.07217659301826722,0.1885235806500933,0.22891466117958523,0.077107618757111,0.2573516798499121,0.13909085451161532
128,24,0.08829950248450369,0.02245773481080574,0.23828728442693006,0.14201226586866547,0.014605483147870755,0.3697599492701805,0,False,7,0,0,0,0,3068,2269,560,2469,75,2500,2752,2928,2271,3079,219,0,418,2089,1833,2441,2596,1138,3042,1457,2007,2897,989,497,0.056756419256827506,0.02245773481080574,0.1453643420632693,0.10262651575256257,0.08152045956708887,0.07351462584470661,0.043335056794695834,0.02792686336391023,0.02821601647487136,0.02792686336391023,0.025957864389658553,0.1553495633729565,0.14330280068894513,0.14283920509393652,0.23828728442693006,0.030952205015196063,0.07351462584470661,0.1577972486989044,0.054448232630259275,0.03706142373820602,0.05440998936568198,0.05627255954419997,0.16423424082531202,0.1751159187005475,0.20983843941461977,0.014605483147870755,0.1366394056597038,0.09145998798545399,0.16822629542203657,0.09980734797780512,0.09176443885143788,0.1481067782586198,0.07066193991849429,0.1481067782586198,0.021099506334510305,0.1829894627040059,0.08303777732182435,0.18317539354010456,0.3697599492701805,0.026596148914439035,0.09980734797780512,0.1866027410865543,0.20566208798191998,0.07217659301826722,0.17281328226258552,0.22891466117958523,0.2573516798499121,0.13909085451161532
129,24,0.08777075289348495,0.021331192155375028,0.23828728442693006,0.1369124446369696,0.013388359552214858,0.3697599492701805,0,False,7,0,0,0,0,3068,2269,560,2469,75,2500,2752,2928,2271,3079,219,0,418,2089,1833,2441,2596,1138,3042,1457,2007,2897,989,497,0.05693939186913278,0.021331192155375028,0.1453643420632693,0.09959958989671387,0.08083559575558076,0.07151334822994126,0.042060494079091654,0.027536630214079077,0.027224739686477834,0.027536630214079077,0.024700633298151843,0.1553495633729565,0.14330280068894513,0.14283920509393652,0.23828728442693006,0.029498460329770344,0.07351462584470661,0.1577972486989044,0.054559904443764115,0.03706142373820602,0.054022246273566984,0.05627255954419997,0.16423424082531202,0.1751159187005475,0.19235190279673478,0.013388359552214858,0.1366394056597038,0.08383832231999949,0.1542074374702002,0.09149006897965468,0.08411740228048473,0.13576454673706814,0.06477344492528643,0.13576454673706814,0.01934121413996778,0.1829894627040059,0.08303777732182435,0.18317539354010456,0.3697599492701805,0.024379803171569115,0.09980734797780512,0.1866027410865543,0.1885235806500933,0.07217659301826722,0.15841217540737004,0.22891466117958523,0.2573516798499121,0.13909085451161532
130,24,0.08705576634598029,0.020254254023402224,0.23828728442693006,0.13187609676524167,0.012272662922863619,0.3697599492701805,0,False,7,0,0,0,0,3068,2269,560,2469,75,2500,2752,2928,2271,3079,219,0,418,2089,1833,2441,2596,1138,3042,1457,2007,2897,989,497,0.05684385876825831,0.020254254023402224,0.1453643420632693,0.09645581082738527,0.07984236197725895,0.07151334822994126,0.040736073348018764,0.027058148934754157,0.02622499893772475,0.027058148934754157,0.023492721697143167,0.1553495633729565,0.13874845114651893,0.14283920509393652,0.23828728442693006,0.02809554763111174,0.07351462584470661,0.1577972486989044,0.054559904443764115,0.03577456659913133,0.05342134852096973,0.056756419256827506,0.16423424082531202,0.1751159187005475,0.17632257756367353,0.012272662922863619,0.1366394056597038,0.07685179545999953,0.14135681768101682,0.09149006897965468,0.077107618757111,0.12445083450897912,0.05937565784817923,0.12445083450897912,0.017729446294970464,0.1829894627040059,0.07611796254500565,0.18317539354010456,0.3697599492701805,0.022348152907271688,0.09980734797780512,0.1866027410865543,0.1885235806500933,0.06616187693341162,0.1452111607900892,0.20983843941461977,0.2573516798499121,0.13909085451161532
131,24,0.090555713137794,0.019225677842162378,0.23828728442693006,0.13495307024401457,0.011249941012624984,0.3697599492701805,0,False,7,0,0,0,0,3068,2269,560,2469,75,2500,2752,2928,2271,3079,219,0,418,3157,1833,2441,2596,1138,3042,1457,2089,2897,989,497,0.05684385876825831,0.019225677842162378,0.1453643420632693,0.09645581082738527,0.07984236197725895,0.06940467690942999,0.040736073348018764,0.026503860875006533,0.02522380622799434,0.026503860875006533,0.022333794710437217,0.1553495633729565,0.13874845114651893,0.1459016895981678,0.23828728442693006,0.026744132755093204,0.07151334822994126,0.15727902588509346,0.05440998936568198,0.03447426510928527,0.1459016895981678,0.05693939186913278,0.16423424082531202,0.1751159187005475,0.17632257756367353,0.011249941012624984,0.1366394056597038,0.07685179545999953,0.14135681768101682,0.08386589656468346,0.077107618757111,0.11407993163323085,0.05442768636083096,0.11407993163323085,0.01625199243705626,0.1829894627040059,0.07611796254500565,0.2512441107450959,0.3697599492701805,0.020485806831665714,0.09149006897965468,0.17105251266267477,0.17281328226258552,0.06064838718896065,0.2512441107450959,0.19235190279673478,0.2573516798499121,0.13909085451161532
132,24,0.09022840352747274,0.018244109170230265,0.23828728442693006,0.13372737788634856,0.010312445928239568,0.3697599492701805,0,False,7,0,0,0,0,3068,2269,560,2469,75,2500,2752,2928,2271,3079,219,0,418,3157,1833,2441,2596,1138,3042,1457,2089,2897,989,497,0.05684385876825831,0.018244109170230265,0.1453643420632693,0.09322864718214859,0.07984236197725895,0.06940467690942999,0.040736073348018764,0.025885625225581188,0.02522380622799434,0.025885625225581188,0.021223254615411687,0.1553495633729565,0.13874845114651893,0.1459016895981678,0.23828728442693006,0.025444445818428175,0.07151334822994126,0.15727902588509346,0.05440998936568198,0.03447426510928527,0.1459016895981678,0.05693939186913278,0.16423424082531202,0.1751159187005475,0.17632257756367353,0.010312445928239568,0.1366394056597038,0.07044747917166623,0.14135681768101682,0.08386589656468346,0.077107618757111,0.10457327066379495,0.05442768636083096,0.10457327066379495,0.014897659733968237,0.1829894627040059,0.07611796254500565,0.2512441107450959,0.3697599492701805,0.01877865626236024,0.09149006897965468,0.17105251266267477,0.17281328226258552,0.06064838718896065,0.2512441107450959,0.19235190279673478,0.2573516798499121,0.13909085451161532
133,24,0.0853949217360307,0.017308109119099063,0.23828728442693006,0.13278444276148535,0.009453075434219605,0.3697599492701805,0,False,7,0,0,0,0,3068,2269,560,2469,75,2500,2752,2928,2271,3079,219,0,418,3157,1833,2441,2596,1138,3042,1457,2089,2897,3213,497,0.0564942736395569,0.017308109119099063,0.1453643420632693,0.09322864718214859,0.07857799178081729,0.06940467690942999,0.039375970333558726,0.025214581218804814,0.024227236521644848,0.025214581218804814,0.020160286711640246,0.1553495633729565,0.13874845114651893,0.1459016895981678,0.23828728442693006,0.024196347382895,0.07151334822994126,0.1560812100527607,0.054022246273566984,0.033169962263009806,0.1459016895981678,0.05830985696024987,0.05830985696024987,0.1751159187005475,0.1616290294333674,0.009453075434219605,0.1366394056597038,0.07044747917166623,0.12957708287426542,0.08386589656468346,0.07068198386068508,0.09585883144181202,0.04989204583076171,0.09585883144181202,0.013656188089470883,0.1829894627040059,0.07611796254500565,0.2512441107450959,0.3697599492701805,0.017213768240496884,0.09149006897965468,0.15679813660745187,0.15841217540737004,0.05559435492321393,0.2512441107450959,0.2596559108970069,0.2596559108970069,0.13909085451161532
134,24,0.08905592603700119,0.016416177929919895,0.23828728442693006,0.1334517718317604,0.008665319148034638,0.3697599492701805,0,False,7,0,0,0,0,3068,2269,560,2469,75,2500,2752,2928,2271,3079,219,0,418,3157,1833,2441,2596,1138,3042,1457,2089,3229,3213,497,0.05591623793603052,0.016416177929919895,0.1453643420632693,0.08994796254689857,0.07707890851019038,0.06940467690942999,0.039375970333558726,0.025214581218804814,0.023240496907130304,0.024501056523797773,0.019143899606731848,0.15468275270423568,0.13874845114651893,0.1518984275608533,0.23828728442693006,0.022999387395564286,0.07151334822994126,0.1560812100527607,0.05342134852096973,0.031869859717910155,0.1459016895981678,0.1518984275608533,0.05931980878701386,0.1751159187005475,0.14815994364725346,0.008665319148034638,0.1366394056597038,0.0645768559073607,0.1187789926347433,0.08386589656468346,0.07068198386068508,0.09585883144181202,0.0457343753448649,0.08787059548832768,0.012518172415348309,0.1677403408120054,0.07611796254500565,0.31364043484967125,0.3697599492701805,0.01577928755378881,0.09149006897965468,0.15679813660745187,0.1452111607900892,0.0509614920129461,0.2512441107450959,0.31364043484967125,0.23801791832225633,0.13909085451161532
135,24,0.08896799395037387,0.015566775133772892,0.23828728442693006,0.12984540892722105,0.00794320921903175,0.3697599492701805,0,False,7,0,0,0,0,3068,2269,560,2469,75,2500,2752,2928,2271,3079,219,0,418,3157,1833,2441,2596,1138,3042,1457,2089,3229,3213,497,0.05591623793603052,0.015566775133772892,0.14287347159628785,0.08994796254689857,0.07707890851019038,0.06940467690942999,0.03799283862722052,0.024501056523797773,0.02226799882392256,0.023754514280536165,0.01817296042274928,0.15468275270423568,0.13874845114651893,0.15688371540771964,0.23828728442693006,0.02185285740342526,0.07151334822994126,0.1560812100527607,0.05342134852096973,0.031869859717910155,0.14807947083931003,0.1518984275608533,0.05931980878701386,0.1751159187005475,0.14815994364725346,0.00794320921903175,0.12525278852139515,0.0645768559073607,0.1187789926347433,0.08386589656468346,0.06479181853896132,0.08787059548832768,0.04192317739945949,0.08054804586430037,0.01147499138073595,0.1677403408120054,0.07611796254500565,0.28750373194553197,0.3697599492701805,0.014464346924306409,0.09149006897965468,0.15679813660745187,0.1452111607900892,0.0509614920129461,0.2303071015163379,0.31364043484967125,0.23801791832225633,0.13909085451161532
136,24,0.08837426290320016,0.01475833668935082,0.23828728442693006,0.12735735113740973,0.007281275117445771,0.3697599492701805,0,False,7,0,0,0,0,3068,2269,560,2469,75,2500,2752,2928,2271,3079,219,0,418,3157,1833,2441,2596,1138,3042,1457,2089,3229,3213,497,0.05591623793603052,0.01475833668935082,0.14287347159628785,0.086640142950281,0.07707890851019038,0.06721449453199622,0.03799283862722052,0.023754514280536165,0.02131343091526729,0.023754514280536165,0.017246225411726296,0.15336236718366011,0.13874845114651893,0.15688371540771964,0.23828728442693006,0.020755836567333933,0.06940467690942999,0.1560812100527607,0.05263216664739245,0.031869859717910155,0.14807947083931003,0.1518984275608533,0.05931980878701386,0.1751159187005475,0.14815994364725346,0.007281275117445771,0.12525278852139515,0.05919545124841397,0.1187789926347433,0.07687707185095984,0.06479181853896132,0.08054804586430037,0.03842957928283787,0.08054804586430037,0.010518742099007954,0.1537619790776716,0.07611796254500565,0.28750373194553197,0.3697599492701805,0.013258984680614207,0.08386589656468346,0.15679813660745187,0.13311023072424844,0.0509614920129461,0.2303071015163379,0.31364043484967125,0.23801791832225633,0.13909085451161532
137,24,0.08428731072471303,0.013989289457424371,0.23828728442693006,0.12179278498415169,0.006674502190991956,0.3697599492701805,0,False,7,0,0,0,0,3068,2269,560,2469,75,2500,2752,2928,2271,3079,219,0,418,3157,1833,2441,2596,1138,3042,1457,2089,3293,3213,497,0.05513571917508368,0.013989289457424371,0.14287347159628785,0.08332827309410315,0.07538009464445988,0.06664160102029094,0.03799283862722052,0.022983531617295442,0.02037983065394934,0.022983531617295442,0.016362366446150436,0.15336236718366011,0.13874845114651893,0.15688371540771964,0.23828728442693006,0.019707232006724976,0.06940467690942999,0.1560812100527607,0.05263216664739245,0.030581006315252623,0.14807947083931003,0.06664160102029094,0.05931980878701386,0.1751159187005475,0.135813281676649,0.006674502190991956,0.12525278852139515,0.05426249697771281,0.10888074324851468,0.1538039825300465,0.06479181853896132,0.073835708708942,0.03522711434260138,0.073835708708942,0.009642180257423957,0.1537619790776716,0.07611796254500565,0.28750373194553197,0.3697599492701805,0.012154069290563023,0.08386589656468346,0.15679813660745187,0.13311023072424844,0.046714701011867255,0.2303071015163379,0.1538039825300465,0.23801791832225633,0.13909085451161532
138,24,0.08367454286929472,0.013258063337814135,0.23828728442693006,0.1188313213370964,0.00611829367507596,0.3697599492701805,0,False,7,0,0,0,0,3068,2269,560,2469,75,2500,2752,2928,2271,3079,219,0,418,3157,1833,2441,2596,1138,3042,1457,2089,3293,3213,497,0.05513571917508368,0.013258063337814135,0.14287347159628785,0.08003234555394702,0.07351462584470661,0.06581533218686753,0.0365978625220674,0.022983531617295442,0.01946965338223217,0.022195803119833213,0.015519993822539426,0.15336236718366011,0.13874845114651893,0.15688371540771964,0.23828728442693006,0.01870581399832368,0.06940467690942999,0.1560812100527607,0.05167918556310933,0.029309391502207783,0.14807947083931003,0.06581533218686753,0.05931980878701386,0.1751159187005475,0.135813281676649,0.00611829367507596,0.12525278852139515,0.04974062222957007,0.09980734797780512,0.14098698398587597,0.059392500327381206,0.073835708708942,0.032291521480717934,0.06768273298319684,0.00883866523597196,0.1537619790776716,0.07611796254500565,0.28750373194553197,0.3697599492701805,0.011141230183016104,0.08386589656468346,0.15679813660745187,0.12201771149722773,0.042821809260878314,0.2303071015163379,0.14098698398587597,0.23801791832225633,0.13909085451161532
139,24,0.08305154654383486,0.01256310136240666,0.23828728442693006,0.11574178180283722,0.005608435868819629,0.3697599492701805,0,False,7,0,0,0,0,3068,2269,560,2469,75,2500,2752,2928,2271,3079,219,0,418,3157,1833,2441,2596,1138,3042,1457,2089,3293,3213,497,0.05513571917508368,0.01256310136240666,0.14287347159628785,0.08003234555394702,0.07151334822994126,0.06476638232493047,0.03520083069119252,0.022195803119833213,0.018584837813730177,0.0213981634649357,0.014717675785514394,0.15336236718366011,0.13874845114651893,0.15688371540771964,0.23828728442693006,0.017750246533401615,0.06721449453199622,0.1560812100527607,0.05058604773063162,0.028060040268812914,0.14807947083931003,0.06476638232493047,0.05931980878701386,0.1751159187005475,0.135813281676649,0.005608435868819629,0.12525278852139515,0.04974062222957007,0.09149006897965468,0.12923806865371965,0.05444312530009944,0.06768273298319684,0.02960056135732477,0.062042505234597096,0.008102109799640963,0.1537619790776716,0.07611796254500565,0.28750373194553197,0.3697599492701805,0.010212794334431428,0.07687707185095984,0.15679813660745187,0.11184956887245875,0.03925332515580512,0.2303071015163379,0.12923806865371965,0.23801791832225633,0.13909085451161532
140,24,0.08254622607481792,0.011902868007406406,0.23828728442693006,0.11135724274625065,0.00514106621308466,0.3697599492701805,0,False,7,0,0,0,0,3068,2269,560,2469,75,2500,2752,2928,2271,3079,219,0,418,3157,1833,2441,2596,1138,3042,1457,2089,3293,3213,497,0.054178410868651106,0.011902868007406406,0.13997813716113341,0.07676949008193658,0.07151334822994126,0.06476638232493047,0.03381022400369027,0.0213981634649357,0.017726867373589583,0.020596624219685705,0.013953955147657836,0.15336236718366011,0.13874845114651893,0.16085075939825522,0.23828728442693006,0.016839113712293834,0.06496613015309657,0.1560812100527607,0.04937521027234491,0.028060040268812914,0.14807947083931003,0.06476638232493047,0.05998261643261002,0.1751159187005475,0.12449550820359491,0.00514106621308466,0.11481505614461222,0.0455955703771059,0.09149006897965468,0.12923806865371965,0.04990619819175782,0.062042505234597096,0.02713384791088104,0.05687229646504734,0.0074269339830042155,0.1537619790776716,0.07611796254500565,0.2635450876167376,0.3697599492701805,0.009361728139895475,0.07047064919671318,0.15679813660745187,0.10252877146642052,0.03925332515580512,0.2303071015163379,0.12923806865371965,0.21818309179540163,0.13909085451161532
141,24,0.0837919193578575,0.01127585595974119,0.25000689323840836,0.11387581740813811,0.004712644028660938,0.33894662016433214,0,False,7,0,0,0,0,3068,2269,560,3400,75,2500,2752,2928,2271,3079,2469,3157,1833,2441,2596,1138,3042,219,0,418,2089,3293,3213,497,0.054178410868651106,0.01127585595974119,0.13997813716113341,0.06429692283769395,0.07151334822994126,0.06352475977473537,0.032433312005970334,0.020596624219685705,0.016896827014013106,0.01979642058740392,0.07355421273952926,0.16085075939825522,0.25000689323840836,0.015970942424553086,0.06429692283769395,0.15427533414317599,0.048067702013133505,0.013227363348124138,0.15336236718366011,0.13874845114651893,0.14807947083931003,0.06352475977473537,0.06031680208158698,0.17223346476092546,0.12449550820359491,0.004712644028660938,0.11481505614461222,0.14793142843032042,0.09149006897965468,0.118468229599243,0.04574734834244466,0.05687229646504734,0.02487269391830762,0.05213293842629339,0.04179593951234707,0.2635450876167376,0.33894662016433214,0.00858158412823752,0.14793142843032042,0.14373162522349756,0.09398470717755214,0.006808022817753864,0.1537619790776716,0.07611796254500565,0.2303071015163379,0.118468229599243,0.20000116747911814,0.1274999499689807
142,24,0.07990813658581607,0.010680591546448069,0.25000689323840836,0.11382857002979896,0.004319923692939194,0.33894662016433214,0,False,6,0,0,0,0,3068,3418,3400,75,2500,2752,2928,2271,3079,2269,560,2469,3157,1833,2441,2596,1138,3042,219,418,2089,3293,3213,497,0.05306922639897522,0.07221421159987773,0.06429692283769395,0.07151334822994126,0.06211927117175454,0.031076253696361616,0.01979642058740392,0.0160954553447677,0.01900206461617023,0.010680591546448069,0.13997813716113341,0.07221421159987773,0.16085075939825522,0.25000689323840836,0.015144221730267483,0.06429692283769395,0.15193328318704122,0.048067702013133505,0.012536432261303692,0.13874845114651893,0.14807947083931003,0.06352475977473537,0.06031680208158698,0.17223346476092546,0.114120882519962,0.12164627788631815,0.14793142843032042,0.09149006897965468,0.1085958771326394,0.04193506931390761,0.05213293842629339,0.022799969425115318,0.04778852689076894,0.004319923692939194,0.11481505614461222,0.12164627788631815,0.2635450876167376,0.33894662016433214,0.007866452117551059,0.14793142843032042,0.1317539897882061,0.09398470717755214,0.006240687582941042,0.07611796254500565,0.2303071015163379,0.118468229599243,0.20000116747911814,0.1274999499689807
143,24,0.07938683872497222,0.01011563901198437,0.25000689323840836,0.11158369929332008,0.003959930051860927,0.33894662016433214,0,False,6,0,0,0,0,3068,3418,3400,75,2500,2752,2928,2271,3079,2269,560,2469,3157,1833,2441,2596,1138,3042,219,418,2089,3293,3213,497,0.05183191493811843,0.07067935550296045,0.06429692283769395,0.07151334822994126,0.060577141009020084,0.031076253696361616,0.01900206461617023,0.015323192072190262,0.01900206461617023,0.01011563901198437,0.13674112482551667,0.07221421159987773,0.16085075939825522,0.25000689323840836,0.014357419324226621,0.06429692283769395,0.15193328318704122,0.046682965818197385,0.011879704036428759,0.13874845114651893,0.14807947083931003,0.06352475977473537,0.06031680208158698,0.17223346476092546,0.10461080897663183,0.11150908806245831,0.14793142843032042,0.09149006897965468,0.09954622070491945,0.04193506931390761,0.04778852689076894,0.020899971973022374,0.04778852689076894,0.003959930051860927,0.10524713479922787,0.12164627788631815,0.2635450876167376,0.33894662016433214,0.00721091444108847,0.14793142843032042,0.1317539897882061,0.08615264824608945,0.005720630284362621,0.07611796254500565,0.2303071015163379,0.118468229599243,0.20000116747911814,0.1274999499689807
144,24,0.07887244202530337,0.00957960380669736,0.25000689323840836,0.10900045008095714,0.003629935880872517,0.33894662016433214,0,False,6,0,0,0,0,3068,3418,3400,75,2500,2752,2928,2271,3079,2269,560,2469,3157,1833,2441,2596,1138,3042,219,418,2089,3293,3213,497,0.050488785139986135,0.06898098196474824,0.06339536271828566,0.07151334822994126,0.060577141009020084,0.029744199182676467,0.01821740205473177,0.014580220853842052,0.01821740205473177,0.00957960380669736,0.13674112482551667,0.07221421159987773,0.16085075939825522,0.25000689323840836,0.013608995430904778,0.06429692283769395,0.15193328318704122,0.045238771854577024,0.011255739220249106,0.13874845114651893,0.14807947083931003,0.06211927117175454,0.06031680208158698,0.17223346476092546,0.0958932415619125,0.10221666405725345,0.13560380939446037,0.09149006897965468,0.09954622070491945,0.0384404802044153,0.04380614964987153,0.019158307641937176,0.04380614964987153,0.003629935880872517,0.10524713479922787,0.12164627788631815,0.2635450876167376,0.33894662016433214,0.006610004904331097,0.14793142843032042,0.1317539897882061,0.07897326089224867,0.005243911093999069,0.07611796254500565,0.2303071015163379,0.1085958771326394,0.20000116747911814,0.1274999499689807
145,24,0.08517624624080648,0.009071135030064077,0.25000689323840836,0.12258491996135938,0.0033274412241331404,0.33894662016433214,0,False,6,0,0,0,0,3068,3418,3400,75,2500,2752,2928,2271,3079,2269,560,2469,3157,1833,2441,2596,1138,3042,3492,418,2089,3293,3213,497,0.050488785139986135,0.06714842164597642,0.06339536271828566,0.07151334822994126,0.060577141009020084,0.029744199182676467,0.017445670632568203,0.013866507756881124,0.017445670632568203,0.009071135030064077,0.13674112482551667,0.07067935550296045,0.16803989292388316,0.25000689323840836,0.012897414445438505,0.06429692283769395,0.1491256529749781,0.04375118829126381,0.16803989292388316,0.13874845114651893,0.14807947083931003,0.060577141009020084,0.06031680208158698,0.17223346476092546,0.0958932415619125,0.09369860871914899,0.13560380939446037,0.09149006897965468,0.09954622070491945,0.0384404802044153,0.0401556371790489,0.017561782005109078,0.0401556371790489,0.0033274412241331404,0.10524713479922787,0.11150908806245831,0.32491633031534284,0.33894662016433214,0.006059171162303505,0.14793142843032042,0.12077449063918892,0.07239215581789461,0.32491633031534284,0.07611796254500565,0.2303071015163379,0.09954622070491945,0.20000116747911814,0.1274999499689807
146,24,0.08143136963087334,0.008588927154669905,0.25000689323840836,0.12730436185987162,0.0030501544554553785,0.33894662016433214,0,False,3,0,0,0,0,3068,3508,2752,2928,2271,3079,3418,3400,75,2500,1833,2441,2596,1138,3042,2269,560,2469,3157,3213,497,3492,2089,3293,0.050488785139986135,0.06044338714548991,0.02844138963491942,0.016689558052583865,0.013181835562949815,0.016689558052583865,0.0652087816975788,0.06339536271828566,0.07151334822994126,0.06044338714548991,0.25000689323840836,0.012221154604461123,0.06429692283769395,0.1491256529749781,0.04223459721725607,0.008588927154669905,0.13674112482551667,0.06898098196474824,0.16803989292388316,0.06034475272485163,0.17223346476092546,0.16803989292388316,0.14807947083931003,0.058923748770565755,0.0958932415619125,0.17458403564617617,0.03523710685404736,0.03680933408079483,0.016098300171349986,0.03680933408079483,0.08589039132588658,0.13560380939446037,0.09149006897965468,0.17458403564617617,0.33894662016433214,0.005554240232111546,0.14793142843032042,0.12077449063918892,0.06635947616640339,0.0030501544554553785,0.10524713479922787,0.10221666405725345,0.32491633031534284,0.18333440352252495,0.1274999499689807,0.32491633031534284,0.2303071015163379,0.09125070231284282
147,24,0.08126948688062834,0.008131721141102057,0.25000689323840836,0.1358565779939173,0.0027959749175007634,0.33894662016433214,0,False,3,0,0,0,0,3068,3508,2752,2928,2271,3079,3418,3400,75,2500,1833,2441,2596,1138,3042,2269,560,2469,3157,3213,497,3541,3492,3529,0.050488785139986135,0.06159090908535238,0.027171253635034524,0.01595125841815565,0.012525834196470732,0.01595125841815565,0.06318682759538222,0.06229098937490756,0.07151334822994126,0.060042420269408335,0.25000689323840836,0.01157871594117624,0.06429692283769395,0.14968374575313004,0.04223459721725607,0.008131721141102057,0.13674112482551667,0.06714842164597642,0.16803989292388316,0.06034475272485163,0.17223346476092546,0.14968374575313004,0.16803989292388316,0.06159090908535238,0.0958932415619125,0.24336869934232816,0.03230068128287674,0.03374188957406193,0.01475677515707082,0.03374188957406193,0.07873285871539602,0.124303491944922,0.09149006897965468,0.16003536600899482,0.33894662016433214,0.005091386879435584,0.14793142843032042,0.19404328308592317,0.06635947616640339,0.0027959749175007634,0.10524713479922787,0.09369860871914899,0.32491633031534284,0.18333440352252495,0.1274999499689807,0.19404328308592317,0.32491633031534284,0.24336869934232816
148,24,0.07665435215544221,0.007698305039854352,0.25000689323840836,0.13630067818636063,0.002562977007709033,0.33894662016433214,0,False,3,0,0,0,0,3068,3508,2752,2928,2271,3079,3418,3400,75,3553,2500,1833,2441,2596,1138,3042,2269,560,2469,3157,3213,497,3541,3529,0.050488785139986135,0.06398108272388996,0.025936498593307142,0.015232526176194945,0.011898007571371966,0.015232526176194945,0.06318682759538222,0.06101243612390515,0.07151334822994126,0.06398108272388996,0.060042420269408335,0.25000689323840836,0.010968626751616653,0.06429692283769395,0.14968374575313004,0.04070174501519958,0.007698305039854352,0.13674112482551667,0.0652087816975788,0.16803989292388316,0.06034475272485163,0.17223346476092546,0.14968374575313004,0.06159090908535238,0.0958932415619125,0.3064213077304675,0.02960895784263701,0.0309300654428901,0.013527043893981584,0.0309300654428901,0.07873285871539602,0.1139448676161785,0.09149006897965468,0.3064213077304675,0.16003536600899482,0.33894662016433214,0.004667104639482619,0.14793142843032042,0.19404328308592317,0.06082951981920311,0.002562977007709033,0.10524713479922787,0.08589039132588658,0.32491633031534284,0.18333440352252495,0.1274999499689807,0.19404328308592317,0.24336869934232816
149,24,0.07620800947926688,0.007287514163831733,0.25000689323840836,0.13333561429386537,0.002349395590399947,0.33894662016433214,0,False,3,0,0,0,0,3068,3508,2752,2928,2271,3079,3418,3400,75,3553,2500,1833,2441,2596,1138,3042,2269,560,2469,3157,3213,497,3541,3529,0.04906052138488161,0.06594745180825594,0.024739196359906974,0.014534726951476014,0.011297757157273942,0.014534726951476014,0.061104944662120374,0.059586990622896144,0.07151334822994126,0.06398108272388996,0.060042420269408335,0.25000689323840836,0.010389448773742599,0.06429692283769395,0.14968374575313004,0.039163817945030446,0.007287514163831733,0.13674112482551667,0.06318682759538222,0.16803989292388316,0.06034475272485163,0.17223346476092546,0.14968374575313004,0.06159090908535238,0.08790213809841979,0.28088619875292853,0.027141544689083925,0.028352559989315924,0.012399790236149785,0.028352559989315924,0.07217178715577968,0.10444946198149696,0.09149006897965468,0.3064213077304675,0.16003536600899482,0.33894662016433214,0.004278179252859067,0.14793142843032042,0.19404328308592317,0.05576039316760285,0.002349395590399947,0.10524713479922787,0.07873285871539602,0.32491633031534284,0.18333440352252495,0.1274999499689807,0.19404328308592317,0.24336869934232816
150,24,0.07565590965390606,0.006898230903967031,0.25000689323840836,0.13016921235669046,0.0021536126245332845,0.33894662016433214,0,False,4,0,0,0,0,3068,3607,3508,2752,2928,2271,3079,3418,3400,75,3553,2500,1833,2441,2596,1138,3042,2269,560,2469,3157,3213,497,3541,0.04906052138488161,0.059537132892166444,0.06748982381764922,0.023580862524059335,0.013858884882607782,0.01072440256320819,0.013858884882607782,0.05898316225641258,0.059537132892166444,0.06940467690942999,0.06398108272388996,0.05940155960015062,0.25000689323840836,0.009839781257900694,0.06429692283769395,0.14968374575313004,0.03763053517307212,0.006898230903967031,0.13674112482551667,0.061104944662120374,0.16803989292388316,0.06034475272485163,0.17223346476092546,0.14950341530304603,0.08790213809841979,0.17907867348303888,0.2574790155235178,0.024879749298326932,0.025989846656872928,0.011366474383137303,0.025989846656872928,0.0661574715594647,0.17907867348303888,0.08386589656468346,0.3064213077304675,0.14669908550824523,0.33894662016433214,0.0039216643151208114,0.14793142843032042,0.19404328308592317,0.05111369373696927,0.0021536126245332845,0.10524713479922787,0.07217178715577968,0.32491633031534284,0.18333440352252495,0.1274999499689807,0.17787300949542956
151,24,0.07533389583246172,0.006529384250683565,0.25000689323840836,0.1260948296183837,0.0019741449058221774,0.33894662016433214,0,False,4,0,0,0,0,3068,3607,3508,2752,2928,2271,3079,3418,3400,75,3553,2500,1833,2441,2596,1138,3042,2269,560,2469,3157,3213,497,3541,0.04906052138488161,0.059537132892166444,0.06861692591115232,0.022462529176279483,0.013205726254712204,0.010177199427531087,0.013205726254712204,0.05683922565320835,0.059216679735429274,0.06940467690942999,0.06594745180825594,0.058548428744617256,0.25000689323840836,0.009318264086149981,0.06429692283769395,0.14968374575313004,0.03611025286600367,0.006529384250683565,0.13674112482551667,0.05898316225641258,0.16803989292388316,0.06034475272485163,0.17223346476092546,0.14950341530304603,0.08790213809841979,0.17907867348303888,0.236022430896558,0.022806436856799686,0.023824026102133515,0.010419268184542528,0.023824026102133515,0.06064434892950931,0.16415545069278564,0.08386589656468346,0.28088619875292853,0.13447416171589147,0.33894662016433214,0.0035948589555274105,0.14793142843032042,0.19404328308592317,0.046854219258888496,0.0019741449058221774,0.10524713479922787,0.0661574715594647,0.32491633031534284,0.18333440352252495,0.1274999499689807,0.17787300949542956
152,24,0.07468686979953926,0.006179949075326608,0.25000689323840836,0.12391326536247477,0.0018096328303369958,0.33894662016433214,0,False,4,0,0,0,0,3068,3607,3508,2752,2928,2271,3079,3418,3400,75,3553,2500,1833,2441,2596,1138,3042,2269,560,2469,3157,3213,497,3541,0.04906052138488161,0.059216679735429274,0.06861692591115232,0.021384811124018396,0.012575719365854256,0.00965535488885037,0.012575719365854256,0.05468870276133487,0.059216679735429274,0.06721449453199622,0.06594745180825594,0.058548428744617256,0.25000689323840836,0.008823580078980247,0.06429692283769395,0.14968374575313004,0.034610074220075816,0.006179949075326608,0.13322146926173842,0.05683922565320835,0.16803989292388316,0.06034475272485163,0.17223346476092546,0.14950341530304603,0.08790213809841979,0.16415545069278564,0.236022430896558,0.02090590045206638,0.021838690593622388,0.00955099583583065,0.021838690593622388,0.05559065318538353,0.16415545069278564,0.07687707185095984,0.28088619875292853,0.13447416171589147,0.33894662016433214,0.003295287375900126,0.14793142843032042,0.19404328308592317,0.04294970098731445,0.0018096328303369958,0.09647654023262554,0.06064434892950931,0.32491633031534284,0.18333440352252495,0.1274999499689807,0.17787300949542956
153,24,0.07421411604327614,0.005848945218124118,0.25000689323840836,0.12143178539511545,0.0016588300944755795,0.33894662016433214,0,False,4,0,0,0,0,3068,3607,3508,2752,2928,2271,3079,3418,3400,75,3553,2500,1833,2441,2596,1138,3042,2269,560,2469,3157,3213,497,3541,0.04906052138488161,0.05865227857392241,0.06861692591115232,0.020347965709796464,0.011969110670699034,0.00915804089607065,0.011969110670699034,0.05254511489121839,0.05865227857392241,0.06721449453199622,0.06594745180825594,0.058548428744617256,0.25000689323840836,0.008354456610890081,0.06339536271828566,0.14968374575313004,0.033135961396777686,0.005848945218124118,0.13322146926173842,0.05468870276133487,0.16803989292388316,0.06034475272485163,0.17223346476092546,0.14950341530304603,0.08790213809841979,0.15047582980172017,0.236022430896558,0.019163742081060847,0.02001879971082052,0.008755079516178096,0.02001879971082052,0.05095809875326823,0.15047582980172017,0.07687707185095984,0.28088619875292853,0.13447416171589147,0.33894662016433214,0.0030206800945751155,0.13560380939446037,0.19404328308592317,0.03937055923837158,0.0016588300944755795,0.09647654023262554,0.05559065318538353,0.32491633031534284,0.18333440352252495,0.1274999499689807,0.17787300949542956
154,24,0.07385349001836501,0.005535436422610478,0.25000689323840836,0.1178886817022264,0.001520594253269281,0.33894662016433214,0,False,4,0,0,0,0,3068,3607,3508,2752,2928,2271,3079,3418,3400,75,3553,2500,1833,2441,2596,1138,3042,2269,560,2469,3157,3213,497,3541,0.04906052138488161,0.05865227857392241,0.06934484540332049,0.019351946493945327,0.011385957322170024,0.008684405597297613,0.011385957322170024,0.05042008271524878,0.057871094844811954,0.06721449453199622,0.06748982381764922,0.0575102915111433,0.25000689323840836,0.007909666641030605,0.06339536271828566,0.14968374575313004,0.03169284628307503,0.005535436422610478,0.13322146926173842,0.05254511489121839,0.16803989292388316,0.06034475272485163,0.17223346476092546,0.14950341530304603,0.08790213809841979,0.15047582980172017,0.21635389498851149,0.017566763574305776,0.018350566401585475,0.008025489556496587,0.018350566401585475,0.04671159052382921,0.13793617731824348,0.07687707185095984,0.2574790155235178,0.1232679815729005,0.33894662016433214,0.0027689567533605223,0.13560380939446037,0.19404328308592317,0.036089679301840615,0.001520594253269281,0.09647654023262554,0.05095809875326823,0.32491633031534284,0.18333440352252495,0.1274999499689807,0.17787300949542956
155,24,0.07324616654170053,0.005238529150653557,0.25000689323840836,0.11412782659615935,0.001393878065496841,0.33894662016433214,0,False,4,0,0,0,0,3068,3607,3508,2752,2928,2271,3079,3418,3400,75,3553,2500,1833,2441,2596,1138,3042,2269,560,2469,3157,3213,497,3541,0.04906052138488161,0.057871094844811954,0.06969547430038332,0.01839645114054879,0.010826156285675983,0.008233583028236437,0.010826156285675983,0.04832348030543251,0.05690011603490876,0.06496613015309657,0.06748982381764922,0.05631352896314654,0.25000689323840836,0.007488029251520175,0.06339536271828566,0.14968374575313004,0.030284737792559698,0.005238529150653557,0.13322146926173842,0.05042008271524878,0.16803989292388316,0.06034475272485163,0.17223346476092546,0.14864852016516017,0.08790213809841979,0.13793617731824348,0.19832440373946886,0.016102866609780293,0.016821352534786685,0.007356698760121871,0.016821352534786685,0.04281895798017678,0.12644149587505651,0.07047064919671318,0.2574790155235178,0.11299564977515879,0.33894662016433214,0.0025382103572471454,0.13560380939446037,0.19404328308592317,0.03308220602668723,0.001393878065496841,0.09647654023262554,0.04671159052382921,0.32491633031534284,0.18333440352252495,0.1274999499689807,0.16305025870414375
156,24,0.07262985014353603,0.004957371307171165,0.25000689323840836,0.11122997592677313,0.0012777215600387707,0.33894662016433214,0,False,4,0,0,0,0,3068,3607,3508,2752,2928,2271,3079,3418,3400,75,3553,2500,1833,2441,2596,1138,3042,2269,560,2469,3157,3213,497,3541,0.04756607744549065,0.05690011603490876,0.06969547430038332,0.017480963892833074,0.010289470235598116,0.007804701301558387,0.010289470235598116,0.04626359166475927,0.05576559773691343,0.06496613015309657,0.06748982381764922,0.05631352896314654,0.25000689323840836,0.007088409773957473,0.06229098937490756,0.14968374575313004,0.0289148240842009,0.004957371307171165,0.13322146926173842,0.04832348030543251,0.16803989292388316,0.06034475272485163,0.17223346476092546,0.14718616415432245,0.08057695992355147,0.12644149587505651,0.19832440373946886,0.014760961058965268,0.015419573156887793,0.0067436405301117145,0.015419573156887793,0.03925071148182871,0.11590470455213513,0.07047064919671318,0.2574790155235178,0.11299564977515879,0.33894662016433214,0.00232669282747655,0.124303491944922,0.19404328308592317,0.030325355524463294,0.0012777215600387707,0.09647654023262554,0.04281895798017678,0.32491633031534284,0.18333440352252495,0.1274999499689807,0.1494627371454651
157,24,0.0720343124864266,0.004691150899222967,0.25000689323840836,0.1082132249752979,0.001171244763368873,0.33894662016433214,0,False,4,0,0,0,0,3068,3607,3508,2752,2928,2271,3079,3418,3400,75,3553,2500,1833,2441,2596,1138,3042,2269,560,2469,3157,3213,497,3541,0.04602263324367635,0.05576559773691343,0.06969547430038332,0.017480963892833074,0.009775550464270956,0.0073968894799816215,0.009775550464270956,0.044247265485346375,0.054492639901990686,0.06496613015309657,0.06748982381764922,0.05631352896314654,0.25000689323840836,0.006709719573969057,0.06101243612390515,0.14968374575313004,0.027585568611816467,0.004691150899222967,0.13322146926173842,0.04832348030543251,0.16803989292388316,0.06009153897648666,0.16884939194836385,0.14718616415432245,0.07386221326325551,0.11590470455213513,0.19832440373946886,0.014760961058965268,0.014134608727147143,0.006181670485935738,0.014134608727147143,0.035979818858342984,0.10624597917279052,0.07047064919671318,0.2574790155235178,0.11299564977515879,0.33894662016433214,0.002132801758520171,0.1139448676161785,0.19404328308592317,0.02779824256409135,0.001171244763368873,0.09647654023262554,0.04281895798017678,0.32491633031534284,0.16805653656231453,0.1168749541382323,0.1494627371454651
158,24,0.071574496494134,0.004439094650341096,0.25000689323840836,0.10560302266992533,0.0010736410330881335,0.33894662016433214,0,False,4,0,0,0,0,3068,3607,3508,2752,2928,2271,3079,3418,3400,75,3553,2500,1833,2441,2596,1138,3042,2269,560,2469,3157,3213,497,3541,0.04602263324367635,0.054492639901990686,0.06969547430038332,0.016604793049614153,0.009283957043051917,0.007009283297859481,0.009283957043051917,0.042280064975554664,0.0531048786716513,0.06496613015309657,0.06861692591115232,0.054983244673456805,0.25000689323840836,0.00635091555419093,0.06101243612390515,0.14968374575313004,0.026298799345147332,0.004439094650341096,0.13322146926173842,0.04626359166475927,0.16803989292388316,0.06009153897648666,0.16884939194836385,0.14718616415432245,0.07386221326325551,0.10624597917279052,0.19832440373946886,0.013530880970718162,0.012956724666551548,0.005666531278774426,0.012956724666551548,0.032981500620147736,0.09739214757505797,0.07047064919671318,0.236022430896558,0.10357934562722888,0.33894662016433214,0.0019550682786434897,0.1139448676161785,0.19404328308592317,0.025481722350417072,0.0010736410330881335,0.09647654023262554,0.03925071148182871,0.32491633031534284,0.16805653656231453,0.1168749541382323,0.1494627371454651
159,24,0.06710419923383187,0.004200466587648272,0.25000689323840836,0.10772685316157837,0.0009841709469974556,0.33894662016433214,0,False,4,0,0,0,0,3068,3607,3508,2752,2928,2271,3079,3418,3400,75,3553,2500,3827,1833,2441,2596,1138,3042,2269,560,2469,3157,3213,497,0.04602263324367635,0.0531048786716513,0.06969547430038332,0.01576710386284574,0.00881417647604854,0.006641029879117611,0.00881417647604854,0.040366410515241306,0.0531048786716513,0.06496613015309657,0.06861692591115232,0.05492385170114196,0.05492385170114196,0.25000689323840836,0.006010999427777114,0.059586990622896144,0.14968374575313004,0.025055790837864036,0.004200466587648272,0.12947395412775142,0.044247265485346375,0.16803989292388316,0.05958386909569937,0.16884939194836385,0.07386221326325551,0.09739214757505797,0.19832440373946886,0.012403307556491648,0.011876997611005585,0.005194320338876557,0.011876997611005585,0.030233042235135423,0.09739214757505797,0.07047064919671318,0.236022430896558,0.1782810668249598,0.1782810668249598,0.33894662016433214,0.0017921459220898654,0.10444946198149696,0.19404328308592317,0.023358245487882314,0.0009841709469974556,0.0884368285465734,0.035979818858342984,0.32491633031534284,0.15405182518212165,0.1168749541382323
160,24,0.06659896750181538,0.003974566616444321,0.25000689323840836,0.10553498785797105,0.0009021567014143343,0.33894662016433214,0,False,4,0,0,0,0,3068,3607,3508,2752,2928,2271,3079,3418,3400,75,3553,2500,3827,1833,2441,2596,1138,3042,2269,560,2469,3157,3213,497,0.04602263324367635,0.051624277944694576,0.06969503109866826,0.014966947272213043,0.008365637081921723,0.006291291583566442,0.008365637081921723,0.038509713642728635,0.051624277944694576,0.06496613015309657,0.06861692591115232,0.05492385170114196,0.05492385170114196,0.25000689323840836,0.00568901680723449,0.05804027912290102,0.14968374575313004,0.023857339073580352,0.003974566616444321,0.12947395412775142,0.042280064975554664,0.16803989292388316,0.05958386909569937,0.16884939194836385,0.07386221326325551,0.08927613527713647,0.1817973700945131,0.011369698593450677,0.010887247810088452,0.004761460310636844,0.010887247810088452,0.027713622048874138,0.08927613527713647,0.07047064919671318,0.236022430896558,0.1782810668249598,0.1782810668249598,0.33894662016433214,0.0016428004285823764,0.09574534014970554,0.19404328308592317,0.021411725030558788,0.0009021567014143343,0.0884368285465734,0.032981500620147736,0.32491633031534284,0.15405182518212165,0.1168749541382323
161,24,0.0659863512127535,0.0037607290944657477,0.25000689323840836,0.10334681819107655,0.000826976976296473,0.33894662016433214,0,False,4,0,0,0,0,3068,3607,3508,2752,2928,2271,3079,3418,3400,75,3553,2500,3827,1833,2441,2596,1138,3042,2269,560,2469,3157,3213,497,0.044445601615070184,0.051624277944694576,0.06969503109866826,0.014203284879615221,0.00793772232971608,0.005959249099006574,0.00793772232971608,0.03671250147029456,0.05007100476121368,0.06268040073415085,0.06861692591115232,0.05461602632096507,0.05492385170114196,0.25000689323840836,0.0053840561469938215,0.05639605685532339,0.14968374575313004,0.02270382921141796,0.0037607290944657477,0.12947395412775142,0.040366410515241306,0.16803989292388316,0.05958386909569937,0.16884939194836385,0.06770702882465088,0.08927613527713647,0.1817973700945131,0.01042222371066312,0.009979977159247748,0.004364671951417107,0.009979977159247748,0.025404153544801293,0.0818364573373751,0.06459809509698708,0.236022430896558,0.16342431125621315,0.1782810668249598,0.33894662016433214,0.0015059003928671784,0.08776656180389673,0.19404328308592317,0.019627414611345553,0.000826976976296473,0.0884368285465734,0.030233042235135423,0.32491633031534284,0.15405182518212165,0.1168749541382323
162,24,0.06596278463878043,0.003558321415889402,0.2600488173611964,0.10041848006140697,0.0007580622282717669,0.32491633031534284,0,False,4,0,0,0,0,3068,3607,3508,2752,2928,2271,3079,3418,3400,75,3553,2500,3827,1833,2441,2596,1138,3042,2269,560,2469,3157,3213,497,0.044445601615070184,0.05007100476121368,0.06969503109866826,0.013475010547076777,0.007529782342311395,0.005644103883160487,0.007529782342311395,0.03497653108846218,0.048463373312897545,0.06268040073415085,0.06861692591115232,0.05408439762832449,0.05492385170114196,0.2600488173611964,0.005095247572542196,0.05467608716125965,0.14968374575313004,0.021595296489832147,0.003558321415889402,0.12947395412775142,0.040366410515241306,0.16803989292388316,0.05958386909569937,0.16884939194836385,0.06770702882465088,0.0818364573373751,0.1817973700945131,0.009553705068107859,0.009148312395977102,0.004000949288799014,0.009148312395977102,0.023287140749401185,0.0750167525592605,0.06459809509698708,0.236022430896558,0.14980561865152872,0.1782810668249598,0.3107010684839711,0.0013804086934615801,0.080452681653572,0.19404328308592317,0.017991796727066755,0.0007580622282717669,0.0884368285465734,0.030233042235135423,0.32491633031534284,0.15405182518212165,0.1168749541382323
163,24,0.06537210896207567,0.0033667426133171673,0.2600488173611964,0.09920525786508196,0.0006948903759157863,0.32491633031534284,0,False,4,0,0,0,0,3068,3607,3508,2752,2928,2271,3079,3418,3400,75,3553,2500,3827,1833,2441,2596,1138,3042,2269,560,2469,3157,3213,497,0.044445601615070184,0.05007100476121368,0.06969503109866826,0.012780968978319476,0.007141143766949912,0.0053450800472871676,0.007141143766949912,0.03330289387348036,0.046817843628769944,0.06268040073415085,0.06861692591115232,0.05408439762832449,0.05492385170114196,0.2600488173611964,0.004821761624071276,0.05290009290284035,0.14968374575313004,0.0205314806417186,0.0033667426133171673,0.1255488190713885,0.038509713642728635,0.16803989292388316,0.05958386909569937,0.16884939194836385,0.06770702882465088,0.0818364573373751,0.1817973700945131,0.00875756297909887,0.008385953029645676,0.003667536848065763,0.008385953029645676,0.021346545686951084,0.06876535651265546,0.06459809509698708,0.236022430896558,0.14980561865152872,0.1782810668249598,0.3107010684839711,0.0012653746356731152,0.07374829151577433,0.19404328308592317,0.016492480333144526,0.0006948903759157863,0.08106709283435895,0.027713622048874138,0.32491633031534284,0.15405182518212165,0.1168749541382323
164,24,0.06489265518110215,0.003185421984405636,0.2600488173611964,0.0972586674774615,0.0006369828445894708,0.32491633031534284,0,False,4,0,0,0,0,3068,3607,3508,2752,2928,2271,3079,3418,3400,75,3553,2500,3827,1833,2441,2596,1138,3042,2269,560,2469,3157,3213,497,0.04284867348792121,0.05007100476121368,0.06937271028030706,0.01211997161860369,0.006771118197220148,0.005061425762324145,0.006771118197220148,0.03169210987584307,0.046817843628769944,0.06037569982305542,0.06861692591115232,0.053354036417903365,0.05492385170114196,0.2600488173611964,0.004562807938356206,0.05290009290284035,0.14968374575313004,0.01951187423421747,0.003185421984405636,0.1255488190713885,0.03671250147029456,0.16803989292388316,0.05958386909569937,0.16884939194836385,0.06206477642259663,0.0818364573373751,0.16664758925330367,0.008027766064173963,0.007687123610508537,0.003361908777393616,0.007687123610508537,0.01956766687970516,0.06876535651265546,0.059214920505571485,0.236022430896558,0.13732181709723465,0.1782810668249598,0.3107010684839711,0.0011599267493670221,0.07374829151577433,0.19404328308592317,0.015118106972049149,0.0006369828445894708,0.08106709283435895,0.025404153544801293,0.32491633031534284,0.15405182518212165,0.1168749541382323
165,24,0.06416205680657823,0.0030138177484591395,0.2600488173611964,0.09416039736329578,0.0005839009408736815,0.32491633031534284,0,False,4,0,0,0,0,3068,3607,3508,2752,2928,2271,3079,3418,3400,75,3553,2500,3827,1833,2441,2596,1138,3042,2269,560,2469,3157,3213,497,0.04124389146169895,0.048463373312897545,0.06875949020194035,0.011490810180792541,0.006419009315504177,0.004792414258494222,0.006419009315504177,0.030144212657164975,0.045149062512593076,0.05806812023732391,0.06861692591115232,0.05244981996308085,0.05492385170114196,0.2600488173611964,0.004317633888897592,0.05108576513801249,0.14968374575313004,0.01853576538064313,0.0030138177484591395,0.1255488190713885,0.03497653108846218,0.16803989292388316,0.058849192026151985,0.16884939194836385,0.05689271172071358,0.0750167525592605,0.1527602901488617,0.007358785558826133,0.007046529976299492,0.0030817497126108145,0.007046529976299492,0.017937027973063062,0.06303491013660084,0.05428034379677386,0.236022430896558,0.12587833233913176,0.1782810668249598,0.3107010684839711,0.0010632661869197702,0.06760260055612646,0.19404328308592317,0.013858264724378386,0.0005839009408736815,0.08106709283435895,0.023287140749401185,0.32491633031534284,0.1412141730836115,0.1168749541382323
166,24,0.06378017528091433,0.002851415737156691,0.2600488173611964,0.09175449152232229,0.000535242529134208,0.3107010684839711,0,False,4,0,0,0,0,3068,3607,3508,2752,2928,2271,3079,3418,3400,75,3553,2500,3827,1833,2441,2596,1138,3042,2269,560,2469,3157,3213,497,0.04124389146169895,0.046817843628769944,0.06875949020194035,0.010892268078854022,0.006084118909687013,0.004537344480441661,0.006084118909687013,0.02865882507274627,0.04346993595371757,0.05806812023732391,0.06861692591115232,0.05244981996308085,0.05492385170114196,0.2600488173611964,0.00408552320116691,0.04924881575644856,0.14968374575313004,0.017602275285844963,0.002851415737156691,0.12149163542443737,0.03330289387348036,0.17410394586432473,0.058849192026151985,0.16884939194836385,0.05689271172071358,0.06876535651265546,0.1527602901488617,0.006745553428923955,0.0064593191449412,0.002824937236559913,0.0064593191449412,0.016442275641974473,0.05778200095855077,0.05428034379677386,0.236022430896558,0.12587833233913176,0.1782810668249598,0.3107010684839711,0.0009746606713431227,0.06196905050978259,0.19404328308592317,0.012703409330680187,0.000535242529134208,0.07431150176482904,0.021346545686951084,0.29783996945573094,0.1412141730836115,0.1168749541382323
167,24,0.05997771506142289,0.002767302297125283,0.2600488173611964,0.09906167335197641,0.0008934389487311958,0.3107010684839711,0,False,4,0,0,0,0,3068,3607,3508,2752,2928,2271,3079,3418,3400,75,3553,2500,3827,1833,2441,2596,1138,3042,4026,2469,4016,3157,3213,497,0.03964174333204333,0.045149062512593076,0.06875949020194035,0.010323130023881124,0.005765751903214,0.004295541452048771,0.005765751903214,0.02723522658015401,0.04286952881440567,0.05806812023732391,0.06861692591115232,0.05244981996308085,0.05461602632096507,0.2600488173611964,0.003865794557034341,0.04740306259093475,0.14968374575313004,0.016710391085159815,0.002767302297125283,0.03169210987584307,0.04286952881440567,0.17410394586432473,0.05791495217061488,0.16884939194836385,0.05215165241065411,0.06303491013660084,0.1527602901488617,0.0061834239765136256,0.005921042549529434,0.0025895258001799202,0.005921042549529434,0.015072086005143266,0.13630016754533822,0.05428034379677386,0.236022430896558,0.12587833233913176,0.16342431125621315,0.3107010684839711,0.0008934389487311958,0.056804962967300705,0.19404328308592317,0.011644791886456838,0.08382397231837303,0.01956766687970516,0.13630016754533822,0.29783996945573094,0.12944632532664388,0.1168749541382323
168,24,0.05963534058863901,0.0026799439064330408,0.2600488173611964,0.09970268656505586,0.0008189857030035961,0.3107010684839711,0,False,4,0,0,0,0,3068,4033,3508,2752,2928,2271,3079,3607,3418,3400,75,3553,2500,3827,1833,2441,2596,1138,3042,4026,2469,3157,3213,497,0.03805126858060885,0.04459102183520112,0.06788711393286583,0.010323130023881124,0.005463220523589663,0.00406635639805056,0.005463220523589663,0.04459102183520112,0.025872412700583245,0.042130940574055135,0.05806812023732391,0.06861692591115232,0.05244981996308085,0.05461602632096507,0.2600488173611964,0.0036578002000743097,0.04740306259093475,0.14950341530304603,0.015858994425080417,0.0026799439064330408,0.030144212657164975,0.17410394586432473,0.05680799051056914,0.16884939194836385,0.04780568137643293,0.1411153342918841,0.14003026596978987,0.0061834239765136256,0.005427622337068647,0.0023737319834982603,0.005427622337068647,0.1411153342918841,0.013816078838047993,0.12494182024989336,0.05428034379677386,0.236022430896558,0.12587833233913176,0.16342431125621315,0.3107010684839711,0.0008189857030035961,0.056804962967300705,0.17787300949542956,0.010674392562585434,0.07683864129184194,0.017937027973063062,0.29783996945573094,0.11865913154942355,0.1168749541382323
169,24,0.05906844615087873,0.002590270324252907,0.2600488173611964,0.09575397076969666,0.0007507368944199631,0.3107010684839711,0,False,4,0,0,0,0,3068,4033,3508,2752,2928,2271,3079,3607,3418,3400,75,3553,2500,3827,1833,2441,2596,1138,3042,4026,2469,3157,3213,497,0.03805126858060885,0.04459102183520112,0.06678724513110351,0.009782190012655418,0.005175847721281828,0.0038491666633348963,0.005175847721281828,0.0438819177511325,0.024569147278317445,0.04127356094144426,0.05577159975698196,0.06934484540332049,0.05139592736578426,0.05461602632096507,0.2600488173611964,0.003460924551390691,0.045560537312840876,0.14950341530304603,0.015046886214128094,0.002590270324252907,0.02865882507274627,0.17410394586432473,0.055554081185386295,0.16884939194836385,0.04780568137643293,0.1411153342918841,0.12836107713897404,0.00566813864513749,0.0049753204756462594,0.002175920984873405,0.0049753204756462594,0.12935572310089377,0.012664738934877327,0.11453000189573558,0.04975698181370937,0.21635389498851149,0.11538847131087078,0.16342431125621315,0.3107010684839711,0.0007507368944199631,0.05207121605335898,0.17787300949542956,0.009784859849036648,0.07043542118418844,0.016442275641974473,0.29783996945573094,0.10877087058697159,0.1168749541382323
170,24,0.05849037841946148,0.002499111145208973,0.2600488173611964,0.09141116819074567,0.0006881754865516328,0.3107010684839711,0,False,4,0,0,0,0,3068,4033,3508,2752,2928,2271,3079,3607,3418,3400,75,3553,2500,3827,1833,2441,2596,1138,3042,4026,2469,3157,3213,497,0.03648017218818285,0.0438819177511325,0.0654907919922676,0.009268257915120563,0.004902969938808567,0.0036433754653130224,0.004902969938808567,0.043042085224021094,0.023324008181383176,0.04031588555002043,0.05577159975698196,0.06969547430038332,0.05021545439142039,0.05461602632096507,0.2600488173611964,0.003274582843838966,0.043731608110863976,0.14864852016516017,0.01427280794776917,0.002499111145208973,0.02723522658015401,0.17410394586432473,0.055554081185386295,0.16884939194836385,0.043821874595063516,0.12935572310089377,0.1176643207107262,0.005195793758042699,0.004560710436009071,0.0019945942361339545,0.004560710436009071,0.11857607950915262,0.011609344023637549,0.10498583507109094,0.04975698181370937,0.19832440373946886,0.10577276536829822,0.16342431125621315,0.3107010684839711,0.0006881754865516328,0.0477319480489124,0.16305025870414375,0.008969454861616927,0.06456580275217273,0.015072086005143266,0.29783996945573094,0.10877087058697159,0.1168749541382323
171,24,0.05818001600817588,0.0024692808076039177,0.2600488173611964,0.09141652341122707,0.0006308275293389967,0.3107010684839711,0,False,4,0,0,0,0,3068,4033,3508,2752,2928,2271,3079,3607,3418,3400,75,3553,2500,3827,1833,2441,2596,1138,3042,4123,2469,3157,3213,497,0.03493494131530779,0.0438819177511325,0.06402738622359688,0.008780164845059418,0.004643939318576379,0.0034484115098986747,0.004643939318576379,0.043042085224021094,0.022135427069219407,0.039275298047289325,0.05577159975698196,0.06969547430038332,0.0489301342124109,0.05408439762832449,0.2600488173611964,0.0030982197810095883,0.04192511069023484,0.14864852016516017,0.013535459983556252,0.0024692808076039177,0.025872412700583245,0.179023973052348,0.055554081185386295,0.16884939194836385,0.04017005171214155,0.12935572310089377,0.10785896065149901,0.004762810944872474,0.0041806512330083145,0.0018283780497894582,0.0041806512330083145,0.11857607950915262,0.01064189868833442,0.09623701548183336,0.04975698181370937,0.19832440373946886,0.09695836825427336,0.14980561865152872,0.3107010684839711,0.0006308275293389967,0.04375428571150303,0.16305025870414375,0.008222000289815515,0.142518652522825,0.013816078838047993,0.2730199720010867,0.10877087058697159,0.1168749541382323
172,24,0.05785160192358774,0.002493663123901956,0.2600488173611964,0.09104100459840565,0.000578258568560747,0.3107010684839711,0,False,4,0,0,0,0,3068,4033,3508,2752,2928,2271,3079,3607,3418,3400,75,3553,2500,3827,1833,2441,2596,1138,3042,4147,2469,3157,3213,497,0.03342096141979079,0.043042085224021094,0.06402738622359688,0.0083167674778782,0.004398125427805359,0.003263728497376051,0.004398125427805359,0.04209104832278222,0.02100172382542249,0.03816792458931018,0.05577159975698196,0.06969547430038332,0.04756014941493571,0.05408439762832449,0.2600488173611964,0.0029313082260429774,0.04192511069023484,0.14718616415432245,0.012833517113532951,0.002493663123901956,0.024569147278317445,0.18280774754839252,0.055554081185386295,0.16884939194836385,0.03682254740279642,0.11857607950915262,0.10785896065149901,0.004365910032799768,0.0038322636302576215,0.0016760132123070032,0.0038322636302576215,0.10869473955005657,0.009755073797639884,0.08821726419168058,0.04975698181370937,0.19832440373946886,0.08887850423308391,0.14980561865152872,0.3107010684839711,0.000578258568560747,0.04375428571150303,0.1494627371454651,0.007536833598997555,0.21397543147925627,0.012664738934877327,0.2502683076676628,0.10877087058697159,0.1168749541382323
173,24,0.05667105918397605,0.0025046027554796297,0.2600488173611964,0.09378854325923573,0.0005300703545140181,0.3107010684839711,0,False,4,0,0,0,0,3068,4033,3508,2752,2928,2271,3079,4159,3607,3418,3400,75,3553,2500,3827,1833,2441,2596,1138,3042,4147,2469,3157,497,0.03194262924855812,0.04209104832278222,0.06242500036068768,0.00787695146071979,0.004164916569596255,0.0030888045407048296,0.004164916569596255,0.04210586692958108,0.04210586692958108,0.019921136218970195,0.03700854896776032,0.0534980808540825,0.06969503109866826,0.046124020600775494,0.05408439762832449,0.2600488173611964,0.002773347924243133,0.040148482490204064,0.14718616415432245,0.012165641751451472,0.0025046027554796297,0.023324008181383176,0.18280774754839252,0.16884939194836385,0.033754001785896715,0.10869473955005657,0.09887071393054075,0.004002084196733121,0.003512908327736153,0.001536345444614753,0.003512908327736153,0.1829701779208852,0.1829701779208852,0.008942150981169893,0.08086582550904052,0.04561056666256692,0.1817973700945131,0.08147196221366025,0.14980561865152872,0.3107010684839711,0.0005300703545140181,0.04010809523554444,0.1494627371454651,0.006908764132414425,0.19614414552265158,0.011609344023637549,0.2502683076676628,0.1168749541382323
174,24,0.043557784731563014,0.0025030578088313105,0.2600488173611964,0.09679054088389327,0.0014083166575635235,0.3107010684839711,0,False,4,0,0,0,0,3068,4033,3508,2752,2928,2271,3079,4159,3607,3418,3400,75,3553,2500,3827,1833,2441,2596,4183,1138,3042,4147,2469,4192,0.03194262924855812,0.041047261609504865,0.060709685027754645,0.007459634043131928,0.003943720740823375,0.0029231415155468064,0.003943720740823375,0.04300614820071291,0.04210586692958108,0.01889184531854737,0.03581057720066428,0.0534980808540825,0.06969503109866826,0.046124020600775494,0.05408439762832449,0.2600488173611964,0.0026915334944857235,0.0384078961934138,0.04300614820071291,0.14718616415432245,0.01153049502334499,0.0025030578088313105,0.022135427069219407,0.0026915334944857235,0.033754001785896715,0.09963684458755186,0.09063148776966236,0.0036685771803386938,0.0032201659670914734,0.0014083166575635235,0.0032201659670914734,0.2510559964274781,0.1829701779208852,0.008196971732739068,0.07412700671662048,0.04561056666256692,0.1817973700945131,0.08147196221366025,0.14980561865152872,0.3107010684839711,0.08381923115830453,0.036765753965915735,0.2510559964274781,0.1494627371454651,0.006333033788046556,0.1797988000624306,0.01064189868833442,0.08381923115830453
175,24,0.04316163642928291,0.0024900875350554364,0.2600488173611964,0.09125986937947571,0.0012909569360998966,0.3107010684839711,0,False,4,0,0,0,0,3068,4033,3508,2752,2928,2271,3079,4159,3607,3418,3400,75,3553,2500,3827,1833,2441,2596,4183,1138,3042,4147,2469,4192,0.03194262924855812,0.041047261609504865,0.060709685027754645,0.007063766041144933,0.0037339662900238582,0.0027662643584508142,0.0037339662900238582,0.043645773748344614,0.0419249084448043,0.017911997143803763,0.034586041376459195,0.0534980808540825,0.06937271028030706,0.044638557617370934,0.05408439762832449,0.2600488173611964,0.002606563517181723,0.03670838959604388,0.043645773748344614,0.14518460322135143,0.010926746022053934,0.0024900875350554364,0.02100172382542249,0.002606563517181723,0.033754001785896715,0.09963684458755186,0.09063148776966236,0.003362862415310469,0.002951818803167184,0.0012909569360998966,0.002951818803167184,0.23013466339185493,0.16772266309414477,0.007513890755010812,0.0679497561569021,0.04561056666256692,0.16664758925330367,0.07468263202918857,0.14980561865152872,0.3107010684839711,0.07683429522844581,0.033701941135422755,0.23013466339185493,0.13700750905000966,0.005805280972376009,0.16481556672389472,0.009755073797639884,0.07683429522844581
176,24,0.04265793770997701,0.002466810272250215,0.2600488173611964,0.08966496721784911,0.0011833771914249052,0.3107010684839711,0,False,4,0,0,0,0,3068,4033,3508,2752,2928,2271,3079,4244,4159,3607,3418,3400,75,3553,2500,3827,1833,2441,2596,4183,1138,4147,2469,4192,0.03194262924855812,0.041047261609504865,0.058905407453820516,0.006688333233784675,0.00353510232173893,0.002617720327152655,0.00353510232173893,0.010620084481970516,0.0440361071839963,0.04156682794110696,0.016979720996145163,0.03334563369329091,0.05125767729527094,0.06875949020194035,0.04311886061142353,0.05408439762832449,0.2600488173611964,0.0025193422488371973,0.035053989734241425,0.0440361071839963,0.14518460322135143,0.002466810272250215,0.019921136218970195,0.0025193422488371973,0.033754001785896715,0.09963684458755186,0.08307886378885716,0.0030826238807012633,0.0027058339029032517,0.0011833771914249052,0.0027058339029032517,0.08865484089134468,0.210956774775867,0.15374577450296603,0.006887733192093244,0.06228727647716026,0.041809686107353014,0.1527602901488617,0.06845907936008952,0.14980561865152872,0.3107010684839711,0.070431437292742,0.03089344604080419,0.210956774775867,0.13700750905000966,0.15108093616357016,0.008942150981169893,0.070431437292742
177,24,0.04402416406217046,0.00243067652365973,0.2600488173611964,0.09014297087307109,0.0010847624254728297,0.3107010684839711,0,False,4,0,0,0,0,3068,4033,3508,2752,2928,2271,3079,4244,4159,3607,4249,3418,3400,75,3553,2500,3827,1833,2441,2596,4183,1138,2469,4192,0.03194262924855812,0.04095766918868247,0.058905407453820516,0.006332357278661568,0.0033465988877843947,0.002477078234791711,0.0033465988877843947,0.010298754642655731,0.044191912164207564,0.04105078426919392,0.04095766918868247,0.01609314487113715,0.03209876286138251,0.05125767729527094,0.06788711393286583,0.04311886061142353,0.05408439762832449,0.2600488173611964,0.00243067652365973,0.035053989734241425,0.044191912164207564,0.14518460322135143,0.01889184531854737,0.00243067652365973,0.033754001785896715,0.17466710753858922,0.08307886378885716,0.002825738557309491,0.0024803477443279807,0.0010847624254728297,0.0024803477443279807,0.08126693748373262,0.19337704354454474,0.14093362662771886,0.17466710753858922,0.006313755426085473,0.057096670104063565,0.041809686107353014,0.14003026596978987,0.06845907936008952,0.14980561865152872,0.3107010684839711,0.06456215085168016,0.03089344604080419,0.19337704354454474,0.13700750905000966,0.008196971732739068,0.06456215085168016
178,24,0.0446901642441991,0.0023412792032652245,0.2600488173611964,0.0994977375915444,0.000994365556683427,0.3107010684839711,0,False,5,0,0,0,0,3068,4292,4033,3508,2752,2928,2271,3079,4244,4159,3607,4249,3418,3400,75,3553,2500,3827,1833,2441,2596,4183,1138,4192,0.030503460862519278,0.045268556501415445,0.040686912558349005,0.058905407453820516,0.005994896222229565,0.003167947000623293,0.0023439276679769173,0.003167947000623293,0.009966502211777731,0.0441304363713938,0.04039592244296923,0.040686912558349005,0.015250408315590672,0.03085362625116166,0.04905884203450288,0.06788711393286583,0.04157835951934134,0.05408439762832449,0.2600488173611964,0.0023412792032652245,0.03344782983645071,0.045268556501415445,0.14518460322135143,0.0023412792032652245,0.030941168303738654,0.260595623249166,0.1601115152437068,0.08307886378885716,0.0025902603442003666,0.0022736520989673154,0.000994365556683427,0.0022736520989673154,0.07449469269342157,0.17726228991583268,0.12918915774207562,0.1601115152437068,0.00578760914057835,0.05233861426205827,0.03832554559840693,0.14003026596978987,0.06275415608008206,0.14980561865152872,0.3107010684839711,0.05918197161404014,0.028318992204070508,0.260595623249166,0.13700750905000966,0.05918197161404014
179,24,0.04625130209030993,0.002217878197017238,0.2600488173611964,0.10137492767048421,0.0009115017602931415,0.3107010684839711,0,False,6,0,0,0,0,3068,4292,4033,3508,4310,2752,2928,2271,3079,4244,4159,3607,4249,3418,3400,75,3553,2500,3827,1833,2441,2596,4183,1138,0.029106193441437087,0.04606475033433822,0.040686912558349005,0.058905407453820516,0.04811829914371235,0.005675044670491388,0.0029986584993219683,0.002217878197017238,0.0029986584993219683,0.009626690943231875,0.0441304363713938,0.039620958005145535,0.040253500773740354,0.01444967305543987,0.029617292317213315,0.04811829914371235,0.06788711393286583,0.04002888212840804,0.05408439762832449,0.2600488173611964,0.0022517739422869207,0.031892258210980046,0.04606475033433822,0.14518460322135143,0.028362737611760433,0.2388793213117355,0.1601115152437068,0.08307886378885716,0.11846508346520636,0.0023744053155170027,0.002084181090720039,0.0009115017602931415,0.002084181090720039,0.06828680163563644,0.17726228991583268,0.11842339459690265,0.14676888897339788,0.005305308378863487,0.047977063073553414,0.11846508346520636,0.14003026596978987,0.05752464307340855,0.14980561865152872,0.3107010684839711,0.05425014064620346,0.025959076187064632,0.2388793213117355,0.13700750905000966
180,24,0.04104043077896457,0.002098558585234766,0.2600488173611964,0.09864314984563965,0.000835543280268713,0.3107010684839711,0,False,7,0,0,0,0,3068,4292,4033,4341,3508,4310,2752,2928,2271,3079,4244,4159,3607,4249,3418,3400,75,3553,2500,3827,1833,2441,2596,4183,0.029106193441437087,0.04606475033433822,0.040253500773740354,0.03117266669524478,0.05703397327211428,0.04705363781672551,0.005371933677229275,0.0028382657944328363,0.002098558585234766,0.0028382657944328363,0.009282311677088644,0.04387058326283214,0.038743855708893216,0.03967615188052235,0.013689131685949152,0.028395788873858237,0.04705363781672551,0.06788711393286583,0.038480742356874015,0.05408439762832449,0.2600488173611964,0.002162700844019208,0.03117266669524478,0.04659069278582558,0.028362737611760433,0.2388793213117355,0.14676888897339788,0.10712915317147592,0.07615562513978573,0.10859299317643915,0.002176538205890586,0.0019104993331600358,0.000835543280268713,0.0019104993331600358,0.06259623483266673,0.1624904324228466,0.1085547783804941,0.13453814822561472,0.00486319934729153,0.043978974484090626,0.10859299317643915,0.14003026596978987,0.05273092281729117,0.14980561865152872,0.3107010684839711,0.04972929559235317,0.10712915317147592,0.2189727112024242
181,24,0.04093195846082242,0.001985616003074574,0.2600488173611964,0.10300531239167594,0.0007659146735796536,0.3107010684839711,0,False,7,0,0,0,0,3068,4292,4033,4341,3508,4310,2752,2928,2271,3079,4244,4367,3607,4249,3418,3400,75,3553,2500,3827,1833,2441,2596,4183,0.02775288008700158,0.04659069278582558,0.03967615188052235,0.030386309758312764,0.05703397327211428,0.04705363781672551,0.005084730399159351,0.0026863215145071073,0.001985616003074574,0.0026863215145071073,0.008935997706039629,0.048069161447650194,0.038743855708893216,0.03897334231688527,0.012967014683778338,0.027194193724681577,0.04705363781672551,0.06788711393286583,0.036942841836461834,0.05408439762832449,0.2600488173611964,0.0020745226585225525,0.030386309758312764,0.048069161447650194,0.02599917614411373,0.2189727112024242,0.13453814822561472,0.0982017237405196,0.07615562513978573,0.10859299317643915,0.00199516002206637,0.0017512910553966995,0.0007659146735796536,0.0017512910553966995,0.0573798819299445,0.2840583186022222,0.1085547783804941,0.12332663587348015,0.004457932735017236,0.04031405994374974,0.10859299317643915,0.14003026596978987,0.04833667924918357,0.14980561865152872,0.3107010684839711,0.04558518762632374,0.0982017237405196,0.2840583186022222
182,24,0.03188753538335537,0.0018787152516901433,0.06788711393286583,0.10055985845953773,0.0007020884507813491,0.2840583186022222,0,False,7,0,0,0,0,3068,4292,4033,4341,3508,4310,2752,2928,2271,3079,4244,4367,3607,4249,3418,3400,75,3553,2500,4369,2596,4183,3827,2441,0.026444977212456644,0.048069161447650194,0.03897334231688527,0.029545817377536934,0.055115014997712125,0.04705363781672551,0.0048126375606421185,0.002542398073746578,0.0018787152516901433,0.002542398073746578,0.008590044611401082,0.049237125028571645,0.038743855708893216,0.03897334231688527,0.012281595971054573,0.026016724950027745,0.04588547960696678,0.06788711393286583,0.036942841836461834,0.048069161447650194,0.030386309758312764,0.049237125028571645,0.05408439762832449,0.0019876312457497744,0.02383257813210425,0.2840583186022222,0.12332663587348015,0.09001824676214296,0.06980932304480358,0.10859299317643915,0.0018288966868941726,0.0016053501341136412,0.0007020884507813491,0.0016053501341136412,0.05259822510244912,0.260386792052037,0.1085547783804941,0.12332663587348015,0.004086438340432466,0.03695455494843726,0.09954357707840256,0.14003026596978987,0.04833667924918357,0.2840583186022222,0.0982017237405196,0.260386792052037,0.14980561865152872,0.04178642199079676
183,24,0.03272806719294303,0.0017775379997950586,0.06788711393286583,0.10373156502464236,0.0006435810798829033,0.2840583186022222,0,False,8,0,0,0,0,3068,4292,4033,4412,4341,3508,4310,2752,2928,2271,3079,4244,4367,3607,4249,3418,3400,75,3553,2500,4369,2596,4183,3827,0.026444977212456644,0.048069161447650194,0.038162952061951326,0.030307801447495408,0.02866279896012211,0.05316603232291339,0.04705363781672551,0.004554892764637576,0.002406087177507186,0.0017775379997950586,0.002406087177507186,0.008246433031821229,0.05010018841234745,0.03778159255735211,0.038162952061951326,0.011631197234827525,0.02486682883588232,0.044633048465605035,0.06788711393286583,0.03542277919247933,0.049237125028571645,0.030307801447495408,0.05010018841234745,0.05408439762832449,0.02383257813210425,0.2840583186022222,0.1130494162173568,0.1733515800954763,0.08251672619863104,0.06399187945773661,0.10859299317643915,0.0016764886296529915,0.0014715709562708376,0.0006435810798829033,0.0014715709562708376,0.048215039677245025,0.23868789271436724,0.09950854684878625,0.1130494162173568,0.0037459018120630933,0.033875008702734154,0.09124827898853567,0.14003026596978987,0.044308622645084936,0.260386792052037,0.1733515800954763,0.23868789271436724,0.14980561865152872
184,24,0.03191763872537906,0.0016817820368116728,0.06788711393286583,0.10285221913277638,0.0005899493232259947,0.2840583186022222,0,False,8,0,0,0,0,3068,4292,4033,4412,4341,3508,4310,2752,2928,2271,3079,4244,4367,3607,4249,3418,3400,75,3553,2500,4433,4369,2596,4183,0.025183424391718046,0.048069161447650194,0.03726199670706986,0.030307801447495408,0.027747808017295445,0.05120247128274642,0.04588547960696678,0.004310767681383716,0.002276999279924195,0.0016817820368116728,0.002276999279924195,0.00790685312009183,0.05010018841234745,0.0367499941307617,0.03726199670706986,0.011014191181039381,0.023747263992449245,0.044431112501187996,0.06788711393286583,0.03542277919247933,0.044431112501187996,0.05010018841234745,0.030096355684880328,0.0506694884614032,0.021846529954428897,0.2840583186022222,0.10362863153257706,0.1733515800954763,0.07564033234874512,0.05865922283625856,0.09954357707840256,0.0015367812438485755,0.0013489400432482677,0.0005899493232259947,0.0013489400432482677,0.04419711970414127,0.23868789271436724,0.09121616794472073,0.10362863153257706,0.003433743327724502,0.03105209131083964,0.16697758907282437,0.14003026596978987,0.044308622645084936,0.16697758907282437,0.23868789271436724,0.15890561508751994,0.21879723498816997
185,24,0.030479259349086064,0.0015911605446989234,0.06788711393286583,0.10009912719266773,0.0005407868796238284,0.260386792052037,0,False,8,0,0,0,0,3068,4292,4033,4412,4341,3508,4310,2752,2928,2271,3079,4244,4367,3607,4455,3400,75,3553,2500,4433,4369,2596,4183,3418,0.023968716754275844,0.049237125028571645,0.03628643604404594,0.030307801447495408,0.026810338765083274,0.05120247128274642,0.044633048465605035,0.004079567141721153,0.0021547630057994612,0.0015911605446989234,0.0021547630057994612,0.007572729702782375,0.0506694884614032,0.0356636329023014,0.010697966986680185,0.02266018067188949,0.044431112501187996,0.06788711393286583,0.03392696258148418,0.044042434354809694,0.05010018841234745,0.029765702890298708,0.050960552507492284,0.010697966986680185,0.02002598579155982,0.260386792052037,0.09499291223819564,0.1733515800954763,0.06933697131968303,0.05865922283625856,0.09124827898853567,0.0014087161401945276,0.0012365283729775787,0.0005407868796238284,0.0012365283729775787,0.04051402639546283,0.21879723498816997,0.083614820615994,0.08648093138374748,0.028464417034936334,0.16697758907282437,0.14003026596978987,0.04061623742466119,0.15306278998342232,0.23868789271436724,0.14566348049689326,0.20056413207248913,0.08648093138374748
186,24,0.031131143266628043,0.001505401390289715,0.06678724513110351,0.11193699410924203,0.0004957213063218427,0.24223894842085328,0,False,8,0,0,0,0,3068,4292,4033,4412,4341,3508,4310,2752,2928,2271,4467,4367,3607,4455,4478,75,3553,2500,4433,4369,2596,4183,3079,3400,0.02280097016715297,0.05010018841234745,0.035251048174190114,0.030872538090079865,0.025858847473969927,0.05120247128274642,0.044633048465605035,0.0038606281580110284,0.0020390245470388382,0.001505401390289715,0.030872538090079865,0.050960552507492284,0.03453577763856892,0.01063535467472832,0.01063535467472832,0.044042434354809694,0.06678724513110351,0.03246072205618189,0.04348733665968619,0.0506694884614032,0.029329696270011016,0.050960552507492284,0.0020390245470388382,0.02160719466431726,0.018357153642263167,0.23868789271436724,0.087076836218346,0.24223894842085328,0.0635588903763761,0.05865922283625856,0.09124827898853567,0.0012913231285116504,0.0011334843418961138,0.0004957213063218427,0.24223894842085328,0.20056413207248913,0.07664691889799449,0.16260752043510185,0.16260752043510185,0.15306278998342232,0.12836107713897404,0.03723155097260609,0.14030755748480378,0.21879723498816997,0.13352485712215215,0.20056413207248913,0.0011334843418961138,0.02609238228202497
187,24,0.03128621746156395,0.001424246439500397,0.0654907919922676,0.1193042429545189,0.00045441119746168914,0.30538570271911547,0,False,8,0,0,0,0,3068,4292,4033,4412,4341,3508,4310,2752,2928,2271,4467,4498,4367,3607,4455,4478,75,3553,2500,4433,4369,2596,4183,3079,0.02280097016715297,0.0506694884614032,0.03416935827232971,0.031254420848545204,0.024900792325797096,0.05120247128274642,0.0433140469827574,0.003653318892131374,0.0019294470423196425,0.001424246439500397,0.03206046965396683,0.03206046965396683,0.050960552507492284,0.03337838378390768,0.010529421688603486,0.010529421688603486,0.044042434354809694,0.0654907919922676,0.03102841918441396,0.042786102265012546,0.050960552507492284,0.028801984619841993,0.05099220742015305,0.0019294470423196425,0.018357153642263167,0.21879723498816997,0.07982043320015049,0.22205236938578216,0.05826231617834476,0.05865922283625856,0.08364425573949102,0.0011837128678023462,0.001039027313404771,0.00045441119746168914,0.30538570271911547,0.30538570271911547,0.20056413207248913,0.07025967565649495,0.14905689373217668,0.14905689373217668,0.15306278998342232,0.1176643207107262,0.03412892172488891,0.1286152610277368,0.20056413207248913,0.12239778569530613,0.1838504543997817,0.001039027313404771
188,24,0.03044725007048057,0.0013474508943795904,0.06402738622359688,0.1163279801490491,0.000416543597673215,0.30538570271911547,0,False,8,0,0,0,0,3068,4292,4033,4412,4341,3508,4310,2752,2928,2271,4467,4498,4367,3607,4455,4478,75,3553,2500,4530,4369,2596,4183,3079,0.02167997955306657,0.050960552507492284,0.03305361176032582,0.031254420848545204,0.024900792325797096,0.05120247128274642,0.04194459471584708,0.0034570375870286185,0.001825709947274889,0.0013474508943795904,0.03303621929384672,0.03206046965396683,0.050960552507492284,0.03220211576948665,0.010385053204597117,0.010385053204597117,0.04348733665968619,0.06402738622359688,0.03039779880281573,0.03039779880281573,0.050960552507492284,0.02819575550888246,0.0507855781824792,0.001825709947274889,0.016827390838741237,0.20056413207248913,0.07316873043347127,0.22205236938578216,0.05826231617834476,0.05865922283625856,0.07667390109453344,0.0010850701288188174,0.0009524417039543734,0.000416543597673215,0.27993689415918915,0.30538570271911547,0.20056413207248913,0.06440470268512037,0.13663548592116195,0.13663548592116195,0.14030755748480378,0.10785896065149901,0.11461817824781484,0.11461817824781484,0.20056413207248913,0.11219797022069727,0.16852958319979988,0.0009524417039543734
189,24,0.02999963806949099,0.001274782653631071,0.06242500036068768,0.10970737469392323,0.00038183163120044706,0.30538570271911547,0,False,8,0,0,0,0,3068,4292,4033,4412,4341,3508,4310,2752,2928,2271,4467,4498,4367,3607,4455,4478,75,3553,2500,4530,4369,2596,4183,3079,0.02167997955306657,0.050960552507492284,0.03191478256931554,0.031254420848545204,0.023942686476820203,0.04923783127460245,0.04053921633443937,0.0032712114756918115,0.001727508401276431,0.001274782653631071,0.03379987853504682,0.03206046965396683,0.05099220742015305,0.031016393339487896,0.010207090363437879,0.010207090363437879,0.04348733665968619,0.06242500036068768,0.029693208366695308,0.029693208366695308,0.05099220742015305,0.02752354217546132,0.05036320014671722,0.001727508401276431,0.016827390838741237,0.20056413207248913,0.067071336230682,0.22205236938578216,0.05340712316348269,0.053770954266570345,0.07028440933665565,0.0009946476180839158,0.0008730715619581755,0.00038183163120044706,0.25660881964592336,0.30538570271911547,0.1838504543997817,0.059037644128027006,0.12524919542773177,0.12524919542773177,0.14030755748480378,0.09887071393054075,0.10506666339383026,0.10506666339383026,0.1838504543997817,0.1028481393689725,0.15448545126648322,0.0008730715619581755
190,24,0.029558388017227377,0.0012060216969670022,0.060709685027754645,0.10323535500952259,0.0003500123286004098,0.30538570271911547,0,False,8,0,0,0,0,3068,4292,4033,4412,4341,3508,4310,2752,2928,2271,4467,4498,4367,3607,4455,4478,75,3553,2500,4530,4369,2596,4183,3079,0.02167997955306657,0.05099220742015305,0.030762608255279298,0.031254420848545204,0.022990159922903496,0.04728379076464505,0.04053921633443937,0.003095295679159017,0.0016345525958598895,0.0012060216969670022,0.034355972754399534,0.03206046965396683,0.0507855781824792,0.029829455155118784,0.010000233360572729,0.010000233360572729,0.042786102265012546,0.060709685027754645,0.028927456144720344,0.028927456144720344,0.0507855781824792,0.026797086368065114,0.05036320014671722,0.0016345525958598895,0.016827390838741237,0.1838504543997817,0.061482058211458496,0.22205236938578216,0.0489565295665258,0.04929004141102281,0.07028440933665565,0.0009117603165769228,0.0008003155984616609,0.0003500123286004098,0.2352247513420964,0.30538570271911547,0.16852958319979988,0.05411784045069142,0.11481176247542078,0.11481176247542078,0.1286152610277368,0.09063148776966236,0.09631110811101107,0.09631110811101107,0.16852958319979988,0.09427746108822478,0.15448545126648322,0.0008003155984616609
191,24,0.02893263718437245,0.0011409594934160203,0.051662062714422155,0.11493777671242551,0.00032084463455037566,0.27993689415918915,0,False,8,0,0,0,0,3068,4292,4033,4412,4597,3508,4603,2752,2928,2271,4467,4498,4367,4341,4455,4478,4310,4369,2596,4183,3079,3607,75,4596,0.020605270764398765,0.05099220742015305,0.029605644872619904,0.031254420848545204,0.02938727469103667,0.04728379076464505,0.028837442198169895,0.002928772103215035,0.0015465671489395827,0.0011409594934160203,0.03471267998904621,0.03303621929384672,0.051662062714422155,0.022048026586571828,0.009768967672132296,0.009768967672132296,0.039110868575048224,0.05036320014671722,0.02602724898091365,0.049748256987919515,0.0015465671489395827,0.02938727469103667,0.04195853894665108,0.051662062714422155,0.015425108268846133,0.1838504543997817,0.05635855336050362,0.22205236938578216,0.13294135374646715,0.04929004141102281,0.17161851576842682,0.0008357802901955125,0.0007336226319231891,0.00032084463455037566,0.215622688730255,0.27993689415918915,0.23781878459981656,0.04487681876931531,0.10524411560246905,0.10524411560246905,0.06442737522526767,0.15448545126648322,0.08642100599753938,0.14161166366094294,0.0007336226319231891,0.13294135374646715,0.11789732260875872,0.23781878459981656
192,24,0.028496297949065465,0.00107939843351896,0.05223639321108647,0.1084201137634933,0.0002941075816711777,0.27993689415918915,0,False,8,0,0,0,0,3068,4292,4033,4412,4597,3508,4603,2752,2928,2271,4467,4498,4367,4341,4455,4478,4310,4369,2596,4183,3079,3607,75,4596,0.01957614647381626,0.0507855781824792,0.02845133563087666,0.031254420848545204,0.028853810959638827,0.04535034421561335,0.02862235736719217,0.002771148341758796,0.0014632904881932334,0.00107939843351896,0.03488105342915047,0.03303621929384672,0.05223639321108647,0.02112035377992036,0.009517510752872684,0.009517510752872684,0.03767099639740135,0.049748256987919515,0.025223960468140762,0.049748256987919515,0.0014632904881932334,0.028853810959638827,0.04102364361255373,0.051662062714422155,0.01413968257977562,0.16852958319979988,0.051662007247128314,0.22205236938578216,0.12186290760092822,0.04518253796010424,0.15731697278772458,0.0007661319326792197,0.0006724874125962567,0.0002941075816711777,0.19765413133606707,0.27993689415918915,0.21800055254983183,0.04113708387187237,0.09647377263559662,0.09647377263559662,0.0590584272898287,0.14161166366094294,0.07921925549774443,0.14161166366094294,0.0006724874125962567,0.12186290760092822,0.10807254572469549,0.23781878459981656
193,24,0.02807621125180566,0.0010211512851876852,0.05252473619813093,0.11316510454505384,0.0002695986165319129,0.25660881964592336,0,False,8,0,0,0,0,3068,4292,4033,4412,4597,3508,4603,2752,2928,2271,4467,4498,4367,4341,4455,4478,4310,4369,4636,2596,4183,4648,3079,4596,0.018591726561201498,0.0507855781824792,0.027306088411630125,0.031462630291073435,0.0289706249835603,0.04344594429097473,0.02829530533807347,0.0026219565933734267,0.0013844742463378324,0.0010211512851876852,0.03488105342915047,0.03379987853504682,0.05252473619813093,0.020210531836042732,0.009249776347775289,0.009249776347775289,0.03716396865902158,0.04896394691421311,0.0289706249835603,0.024396203504362165,0.049748256987919515,0.03716396865902158,0.0013844742463378324,0.05223639321108647,0.012961375698127652,0.16852958319979988,0.04735683997653429,0.20354800527030031,0.1950409986341842,0.04141732646342888,0.1442072250554142,0.0007022876049559514,0.0006164467948799019,0.0002695986165319129,0.19765413133606707,0.25660881964592336,0.19983383983734584,0.037708993549216335,0.08843429158263023,0.08843429158263023,0.13747022501567632,0.12981069168919768,0.1950409986341842,0.0726176508729324,0.14161166366094294,0.13747022501567632,0.0006164467948799019,0.21800055254983183
194,24,0.026146643898166663,0.0009660406728746306,0.05036320014671722,0.11360722036355286,0.00024713206515425347,0.2352247513420964,0,False,9,0,0,0,0,3068,4292,4677,4412,4597,4662,3508,4603,2752,2928,2271,4467,4498,4033,4341,4455,4478,4310,4369,4636,2596,4183,4648,3079,0.017650983478567524,0.05036320014671722,0.03747790302377815,0.031462630291073435,0.02894381012173081,0.02858821828050754,0.04157764471508883,0.02858821828050754,0.0024807525963921073,0.001309882670455393,0.0009660406728746306,0.034874283761833214,0.034355972754399534,0.02617535817698422,0.01932134224539533,0.00896935356427768,0.00896935356427768,0.03716396865902158,0.04803297276388524,0.02894381012173081,0.023552021058054814,0.04896394691421311,0.03747790302377815,0.001309882670455393,0.011881261056617014,0.15448545126648322,0.20934770626436996,0.20354800527030031,0.1787875820813355,0.21552328963412967,0.03796588259147647,0.21552328963412967,0.0006437636378762888,0.00056507622863991,0.00024713206515425347,0.18118295372472815,0.2352247513420964,0.04341043664515643,0.03456657742011497,0.08106476728407772,0.08106476728407772,0.13747022501567632,0.1189931340484312,0.1787875820813355,0.0665661799668547,0.12981069168919768,0.20934770626436996,0.00056507622863991
195,24,0.026699730162353833,0.0009138985795979519,0.049748256987919515,0.11621412867983856,0.000226537726391399,0.2472219502412242,0,False,9,0,0,0,0,3068,4292,4677,4412,4597,4662,4699,4603,2752,2928,2271,4467,4498,4033,4341,3508,4310,4369,4636,2596,4183,4648,3079,4478,0.017650983478567524,0.049748256987919515,0.03747790302377815,0.03150849634073508,0.02878567565354068,0.028726085319516394,0.02952805573430519,0.028726085319516394,0.002347114586691824,0.0012392920470478998,0.0009138985795979519,0.034874283761833214,0.03471267998904621,0.025063731143360253,0.018455023087581474,0.03975124029868903,0.03653565173151467,0.04697714691083872,0.02952805573430519,0.0226985438539195,0.04803297276388524,0.037593557508083346,0.0012392920470478998,0.008679497995170624,0.011881261056617014,0.14161166366094294,0.20934770626436996,0.18658567149777527,0.16388861690789086,0.1975630154979522,0.2472219502412242,0.1975630154979522,0.0005901166680532647,0.0005179865429199175,0.000226537726391399,0.18118295372472815,0.215622688730255,0.03979290025806006,0.031686029301772056,0.034802059042186764,0.12601437293103662,0.10907703954439527,0.2472219502412242,0.061018998302950135,0.1189931340484312,0.19190206407567245,0.0005179865429199175,0.07430937001040457
196,24,0.026749305230982984,0.0008645658712859401,0.04896394691421311,0.12200200375561514,0.0002076595825254491,0.3099534543877889,0,False,9,0,0,0,0,3068,4292,4677,4412,4597,4662,4699,4603,2752,2928,2271,4467,4498,4033,4341,3508,4310,4369,4636,4722,4183,4648,3079,4478,0.017650983478567524,0.04896394691421311,0.03747790302377815,0.03150849634073508,0.028509185178621534,0.028719777236930307,0.029935058980654995,0.028719777236930307,0.0022206422815417436,0.001172490144093503,0.0008645658712859401,0.0347070261901709,0.03488105342915047,0.02397500832082224,0.017613330921295058,0.037971401583685616,0.03580289229474085,0.04581709903229922,0.030707081557829266,0.030707081557829266,0.04697714691083872,0.03752575450101823,0.001172490144093503,0.008383132412466115,0.011881261056617014,0.12981069168919768,0.20934770626436996,0.18658567149777527,0.1502312321655666,0.18109943087312283,0.2266201210544555,0.18109943087312283,0.000540940279048826,0.000474820997676591,0.0002076595825254491,0.16608437424766745,0.19765413133606707,0.03647682523655505,0.029045526859957718,0.03190188745533787,0.11551317518678357,0.09998728624902899,0.3099534543877889,0.3099534543877889,0.10907703954439527,0.17591022540269974,0.000474820997676591,0.06811692250953752
197,24,0.027388916304688066,0.0008178918428413379,0.04803297276388524,0.13986625957907683,0.000190354617314995,0.36745733318880647,0,False,8,0,0,0,0,3068,4292,4677,4412,4597,4746,4603,2752,2928,2271,4467,4498,4033,4735,4341,4662,4699,4369,4636,4722,4183,4648,3079,3508,0.01675277306435876,0.04803297276388524,0.037593557508083346,0.03150849634073508,0.02812754715881642,0.03249922918465006,0.029318479131146283,0.002100955892062603,0.001109275671031292,0.0008178918428413379,0.0347070261901709,0.03488105342915047,0.022912286632016207,0.029318479131146283,0.016797598594825165,0.028581368123868335,0.03017305767865838,0.04457207337687644,0.03249922918465006,0.03168214929954082,0.04697714691083872,0.03729066694844449,0.001109275671031292,0.037971401583685616,0.010891155968565595,0.1189931340484312,0.19190206407567245,0.18658567149777527,0.13771196281843606,0.36745733318880647,0.24934114496702928,0.0004958619224614238,0.00043525258120354174,0.000190354617314995,0.16608437424766745,0.19765413133606707,0.033437089800175464,0.24934114496702928,0.026625066288294575,0.16600781163369593,0.2077351109665842,0.09165501239494324,0.36745733318880647,0.2841239998554731,0.10907703954439527,0.16125103995247475,0.00043525258120354174,0.03190188745533787
198,24,0.027191411763026252,0.00077373378527864,0.04803297276388524,0.1431359788931522,0.0001744917325387454,0.3368358887564059,0,False,9,0,0,0,0,3068,4292,4755,4677,4412,4597,4746,4603,2752,2928,2271,4467,4498,4033,4735,4341,4662,4699,4369,4636,4722,4183,4648,3079,0.01675277306435876,0.04803297276388524,0.032214797814534894,0.037593557508083346,0.032214797814534894,0.02765387788699241,0.03407564455656003,0.029740241354153325,0.001987695166200291,0.0010494577573113325,0.00077373378527864,0.0347070261901709,0.034874283761833214,0.02187803633378998,0.029740241354153325,0.016008788676209022,0.028323647151334362,0.03025250244766693,0.04325980184386041,0.03407564455656003,0.03245254540409127,0.04697714691083872,0.0369052104529174,0.0010494577573113325,0.010891155968565595,0.1189931340484312,0.25437019887296064,0.19190206407567245,0.25437019887296064,0.12623596591689973,0.3368358887564059,0.22856271621977683,0.00045454009558963844,0.0003989815327699132,0.0001744917325387454,0.16608437424766745,0.18118295372472815,0.03065066565016084,0.22856271621977683,0.024406310764270026,0.15217382733088794,0.19042385171936885,0.08401709469536463,0.3368358887564059,0.260446999867517,0.10907703954439527,0.14781345328976853,0.0003989815327699132
199,24,0.02854106150180428,0.000731956573252954,0.04803297276388524,0.14950583248886093,0.00015995075482718327,0.3220764165452239,0,False,9,0,0,0,0,3068,4292,4755,4677,4412,4597,4746,4603,2752,2928,2271,4467,4498,4033,4735,4341,4796,4662,4699,4369,4636,4722,4183,4648,0.015895861259614775,0.04803297276388524,0.032724288159534654,0.03752575450101823,0.032724288159534654,0.027100933414402523,0.03542339845251304,0.029993006105666648,0.0018805184635649374,0.0009928554499027045,0.000731956573252954,0.034394807139553014,0.034874283761833214,0.020874173878951248,0.029993006105666648,0.015247542385221443,0.03387358691729161,0.027959701753014994,0.030185439168188468,0.04189643962839889,0.03542339845251304,0.03387358691729161,0.04697714691083872,0.03638652972164938,0.009983559637851795,0.1189931340484312,0.2331726823002139,0.17591022540269974,0.2331726823002139,0.11571630209049141,0.3087662313600387,0.2095158232014621,0.0004166617542905019,0.0003657330717057538,0.00015995075482718327,0.15224400972702848,0.18118295372472815,0.028096443512647434,0.2095158232014621,0.02237245153391419,0.3220764165452239,0.13949267505331395,0.17455519740942144,0.07701567013741757,0.3087662313600387,0.3220764165452239,0.10907703954439527,0.13549566551562114
200,24,0.028465171579053705,0.0006924322722754808,0.04803297276388524,0.1400568228695753,0.00014662152525825133,0.3220764165452239,0,False,9,0,0,0,0,3068,4292,4755,4677,4412,4597,4746,4603,2752,2928,2271,4467,4498,4033,4735,4341,4796,4662,4699,4369,4636,4722,4183,4648,0.015078947153752175,0.04803297276388524,0.03304505538337359,0.03729066694844449,0.03304505538337359,0.02648090465332855,0.03653607591590903,0.03008697937392431,0.0017791018630225325,0.000939297229948579,0.0006924322722754808,0.03395351765921913,0.034874283761833214,0.019902129686837328,0.03008697937392431,0.014514224047676424,0.03506807690253477,0.027502572887458027,0.029984954032396583,0.04049655113848288,0.03653607591590903,0.03387358691729161,0.04697714691083872,0.03638652972164938,0.009151596334697478,0.1189931340484312,0.21374162544186273,0.16125103995247475,0.21374162544186273,0.10607327691628379,0.2830357120800355,0.1920561712680069,0.00038193994143296005,0.0003352553157302743,0.00014662152525825133,0.13955700891644277,0.18118295372472815,0.025755073219926813,0.1920561712680069,0.02050808057275467,0.2952367151664552,0.12786828546553777,0.1600089309586363,0.0705976976259661,0.2830357120800355,0.3220764165452239,0.10907703954439527,0.13549566551562114
201,24,0.028396919422464445,0.0006550397648963536,0.04803297276388524,0.13069227474147654,0.0001344030648200637,0.2952367151664552,0,False,9,0,0,0,0,3068,4292,4755,4677,4412,4597,4746,4603,2752,2928,2271,4467,4498,4033,4735,4341,4796,4662,4699,4369,4636,4722,4183,4648,0.014300682759422034,0.04803297276388524,0.03318784967784921,0.03729066694844449,0.03318784967784921,0.025805268531081456,0.03741309603740847,0.030034011453359863,0.0016831383035373997,0.0008886205485883113,0.0006550397648963536,0.03395351765921913,0.0347070261901709,0.018962910550983175,0.030034011453359863,0.013808961193923774,0.03603278750905627,0.026964979373985905,0.029664691030054063,0.03907313513964017,0.03741309603740847,0.03506807690253477,0.04697714691083872,0.03638652972164938,0.00838896330680602,0.1189931340484312,0.1959298233217075,0.16125103995247475,0.1959298233217075,0.09723383717326015,0.25944940274003253,0.1760514903290063,0.00035011161298021336,0.00030731737275275145,0.0001344030648200637,0.13955700891644277,0.16608437424766745,0.023608817118266245,0.1760514903290063,0.01879907385835845,0.2706336555692506,0.11721259501007629,0.14667485337874994,0.06471455615713559,0.25944940274003253,0.2952367151664552,0.10907703954439527,0.13549566551562114
202,24,0.027774833324804554,0.0006196643951289254,0.04697714691083872,0.13362615504809625,0.00012320280941839173,0.2706336555692506,0,False,10,0,0,0,0,3068,4292,4755,4677,4412,4597,4746,4855,4603,2752,2928,2271,4862,4498,4033,4735,4341,4796,4662,4699,4369,4722,4183,4648,0.013559689885724806,0.04697714691083872,0.03318784967784921,0.0369052104529174,0.03316538700551617,0.02508468748702419,0.03805890552404341,0.030616790890213817,0.030616790890213817,0.0015923367584401986,0.0008406713818272135,0.0006196643951289254,0.030616790890213817,0.0347070261901709,0.01805715661127494,0.030616790890213817,0.013131680494945678,0.036769776419408526,0.026359105839204037,0.029238445463619707,0.037637679473515026,0.03603278750905627,0.04581709903229922,0.03638652972164938,0.0076898830312388524,0.10907703954439527,0.1959298233217075,0.14781345328976853,0.17960233804489853,0.0891310174088218,0.23782861917836315,0.24471386613492244,0.24471386613492244,0.00032093564523186225,0.00028170759169002214,0.00012320280941839173,0.24471386613492244,0.16608437424766745,0.021641415691744055,0.24471386613492244,0.01723248437016191,0.24808085093847973,0.1074448787592366,0.1344519489305208,0.05932167647737429,0.2706336555692506,0.09998728624902899,0.13549566551562114
203,24,0.027614618175972966,0.000586197630389298,0.04581709903229922,0.12439821427777598,0.00011293590863352575,0.24808085093847973,0,False,10,0,0,0,0,3068,4292,4755,4677,4412,4597,4746,4855,4603,2752,2928,2271,4862,4498,4033,4735,4341,4796,4662,4699,4369,4722,4183,4648,0.012854574448284648,0.04581709903229922,0.03316538700551617,0.0369052104529174,0.03299171604278728,0.024328949577183803,0.038482114843728696,0.03101700386933377,0.03101700386933377,0.001506421443028464,0.0007953038042208729,0.000586197630389298,0.03101700386933377,0.0347070261901709,0.017185192966784862,0.03101700386933377,0.01248213977713831,0.03728556550360245,0.02569644735246451,0.0287198323896757,0.036200237112466276,0.036769776419408526,0.04581709903229922,0.03638652972164938,0.007049059445302281,0.09998728624902899,0.17960233804489853,0.14781345328976853,0.16463547654115698,0.08170343262475331,0.2180095675801662,0.22432104395701222,0.22432104395701222,0.00029419100812920707,0.00025823195904918695,0.00011293590863352575,0.22432104395701222,0.16608437424766745,0.019837964384098718,0.22432104395701222,0.01579644400598175,0.2274074466936064,0.09849113886263354,0.12324761985297739,0.054378203437593094,0.24808085093847973,0.09998728624902899,0.13549566551562114
204,24,0.027426603080661402,0.0005545367402298112,0.04581709903229922,0.11623342895528181,0.00010352458291406526,0.2274074466936064,0,False,10,0,0,0,0,3068,4292,4755,4677,4412,4597,4746,4855,4603,2752,2928,2271,4862,4498,4033,4735,4341,4796,4662,4699,4369,4722,4183,4648,0.01218393852423306,0.04457207337687644,0.03316538700551617,0.03638652972164938,0.03299171604278728,0.02354694181043034,0.03869463242088354,0.031243478713607498,0.031243478713607498,0.0014251310551870228,0.0007523795810488884,0.0005545367402298112,0.031243478713607498,0.034394807139553014,0.016347076113148024,0.031243478713607498,0.011859956385831635,0.03759029305737631,0.02498770315126193,0.028122025585413525,0.036200237112466276,0.03728556550360245,0.04581709903229922,0.03638652972164938,0.006461637824860424,0.09165501239494324,0.17960233804489853,0.13549566551562114,0.16463547654115698,0.0748948132393572,0.19984210361515234,0.2056276236272612,0.2056276236272612,0.00026967509078510647,0.00023671262912842135,0.00010352458291406526,0.2056276236272612,0.15224400972702848,0.018184800685423823,0.2056276236272612,0.014480073672149936,0.20845682613580588,0.09028354395741407,0.11297698486522927,0.054378203437593094,0.2274074466936064,0.09998728624902899,0.13549566551562114
205,24,0.027039941581804616,0.0005245844911543932,0.04457207337687644,0.10769955413877196,9.489753433789316e-05,0.20845682613580588,0,False,10,0,0,0,0,3068,4292,4755,4677,4412,4597,4746,4855,4603,2752,2928,2271,4862,4498,4033,4735,4341,4796,4662,4699,4369,4722,4183,4648,0.011546390430689758,0.04325980184386041,0.03316538700551617,0.03575157843682488,0.032681661913614796,0.022746649946538296,0.03871083870177353,0.031307256004062145,0.031307256004062145,0.0013482180485370897,0.0007117677785795364,0.0005245844911543932,0.031307256004062145,0.034394807139553014,0.015542635462862699,0.031307256004062145,0.011264632182144092,0.03769688673304609,0.024242711760431798,0.027457560525378722,0.03476951667547927,0.03759029305737631,0.04457207337687644,0.03575157843682488,0.0059231680061220555,0.08401709469536463,0.17960233804489853,0.12420436005598605,0.15091585349606057,0.0686535788027441,0.1831885949805563,0.18849198832498942,0.18849198832498942,0.00024720216655301424,0.0002169865767010529,9.489753433789316e-05,0.18849198832498942,0.15224400972702848,0.01666940062830517,0.18849198832498942,0.01327340086613744,0.19108542395782205,0.08275991529429623,0.10356223612646015,0.049846686484460334,0.20845682613580588,0.09165501239494324,0.12420436005598605
206,24,0.02675288311411106,0.000496248856816301,0.04457207337687644,0.10072571919987883,8.698940647640206e-05,0.19108542395782205,0,False,10,0,0,0,0,3068,4292,4755,4677,4412,4597,4746,4855,4603,2752,2928,2271,4862,4498,4033,4735,4341,4796,4662,4699,4369,4722,4183,4648,0.01094055307730717,0.04325980184386041,0.03299171604278728,0.03575157843682488,0.032250352711156866,0.021935178730629452,0.03854682914516723,0.03122095631277424,0.03122095631277424,0.001275447937479428,0.0006733443919693573,0.000496248856816301,0.03122095631277424,0.034394807139553014,0.014771510255136653,0.03122095631277424,0.010695575461421334,0.03762029130758401,0.023470420118355158,0.026738193693510156,0.03335298179126235,0.03769688673304609,0.04457207337687644,0.03575157843682488,0.00542957067227855,0.08401709469536463,0.16463547654115698,0.12420436005598605,0.13833953237138885,0.06293244723584876,0.16792287873217662,0.1727843226312403,0.1727843226312403,0.00022660198600692972,0.00019890436197596514,8.698940647640206e-05,0.1727843226312403,0.15224400972702848,0.015280283909279737,0.1727843226312403,0.012167284127292654,0.17516163862800355,0.0758632556864382,0.09493204978258847,0.045692795944088635,0.19108542395782205,0.09165501239494324,0.12420436005598605
207,24,0.025782713544572244,0.0004694427429141188,0.04457207337687644,0.10083401167090274,7.974028927003522e-05,0.17516163862800355,0,False,10,0,0,0,0,3068,4292,4755,4677,4412,4597,4746,4855,4603,2752,2928,2271,4862,4498,4033,4984,4662,4699,4369,4722,4183,4648,4735,4986,0.010365070817150115,0.04189643962839889,0.032681661913614796,0.03501678737931463,0.031712829106454246,0.02111878733897933,0.038219744067305626,0.03099821429263672,0.03099821429263672,0.0012065986333835077,0.0006369919902975993,0.0004694427429141188,0.03122095631277424,0.034394807139553014,0.014033182189653033,0.010413942374228794,0.02326376624345373,0.025974810125162666,0.03195695482444626,0.03762029130758401,0.04457207337687644,0.03575157843682488,0.03099821429263672,0.02326376624345373,0.004977106449588671,0.07701567013741757,0.15091585349606057,0.11385399671798721,0.12681123800710645,0.05768807663286136,0.15392930550449524,0.15838562907863693,0.15838562907863693,0.0002077184871730189,0.00018232899847796805,7.974028927003522e-05,0.1727843226312403,0.15224400972702848,0.014006926916839758,0.09448667711668494,0.1528746510459017,0.08702104563403942,0.041885062948747914,0.17516163862800355,0.09165501239494324,0.12420436005598605,0.15838562907863693,0.1528746510459017
208,24,0.025718614993878026,0.00044408372611938186,0.04325980184386041,0.10147485983643763,7.309526516419895e-05,0.1995769681731809,0,False,9,0,0,0,0,3068,4292,4755,5010,4597,4746,4855,4603,2752,2928,2271,4862,4498,4677,4412,4984,4662,4699,4369,4722,4183,4996,4648,4033,0.009818614995775724,0.04049655113848288,0.032250352711156866,0.031375550364656446,0.02030293560990422,0.037747194127568,0.03065318846780906,0.03065318846780906,0.0011414598110865842,0.0006025993782027748,0.00044408372611938186,0.03122095631277424,0.03395351765921913,0.03419781289107946,0.03188538003160486,0.010115359224607701,0.022969346246411292,0.025177371173041644,0.031375550364656446,0.03737677376562322,0.04325980184386041,0.03188538003160486,0.03501678737931463,0.013327004130703752,0.004562347578789615,0.0705976976259661,0.13833953237138885,0.1217279743696856,0.052880736913456246,0.14110186337912062,0.14518682665541718,0.14518682665541718,0.000190408613241934,0.00016713491527147072,7.309526516419895e-05,0.1727843226312403,0.13955700891644277,0.10436616365815495,0.1995769681731809,0.0866127873569612,0.14013509679207656,0.07976929183120281,0.1217279743696856,0.16056483540900324,0.08401709469536463,0.1995769681731809,0.11385399671798721,0.01283968300710311
209,24,0.025241709906599907,0.00042009380638830153,0.04189643962839889,0.09466444026777676,6.700399306718237e-05,0.1995769681731809,0,False,9,0,0,0,0,3068,4292,4755,5010,4597,4746,4855,4603,2752,2928,2271,4862,4498,4677,4412,4984,4662,4699,4369,4722,4183,4996,4648,4033,0.009299888375928166,0.03907313513964017,0.031712829106454246,0.03070939049623496,0.019492337391533526,0.037146783142472,0.030200149793488514,0.030200149793488514,0.0010798323048002005,0.0005700612735655161,0.00042009380638830153,0.03099821429263672,0.03339899435711015,0.03330935622609005,0.03189636563614745,0.00980369179629422,0.022597873346128644,0.02435489495033779,0.03070939049623496,0.03737677376562322,0.04189643962839889,0.03188538003160486,0.03501678737931463,0.012652225228482009,0.0041821519472238135,0.06471455615713559,0.12681123800710645,0.11158397650554513,0.04847400883733489,0.12934337476419389,0.13308792443413242,0.13308792443413242,0.00017454122880510616,0.0001532070056655148,6.700399306718237e-05,0.15838562907863693,0.12792725817340586,0.0956689833533087,0.18294555415874916,0.07939505507721442,0.12845717205940352,0.07312185084526923,0.11158397650554513,0.16056483540900324,0.07701567013741757,0.1995769681731809,0.11385399671798721,0.011769709423177852
210,24,0.02471444025262705,0.0003973991720303918,0.04049655113848288,0.08911600106436723,6.14203269782505e-05,0.1995769681731809,0,False,9,0,0,0,0,3068,4292,4755,5010,4597,4746,4855,4603,2752,2928,2271,4862,4498,4677,4412,4984,4662,4699,4369,4722,4183,4996,4648,4033,0.008807628594767766,0.037637679473515026,0.03108373324469605,0.029972094843288964,0.01869101803180728,0.036435724730639815,0.030200149793488514,0.029653147372692045,0.0010215275324734101,0.0005392780006668948,0.0003973991720303918,0.03099821429263672,0.032746684237864095,0.03236504373478609,0.03189636563614745,0.009482437845492011,0.022159806921788355,0.02351546258707352,0.029972094843288964,0.036983318316608206,0.04049655113848288,0.03188538003160486,0.03419781289107946,0.012008012796130327,0.003833639284955162,0.05932167647737429,0.11624363483984756,0.1022853117967497,0.044434508100890314,0.11856476020051106,0.13308792443413242,0.12199726406462139,0.00015999612640468065,0.00014043975519338858,6.14203269782505e-05,0.15838562907863693,0.11726665332562203,0.0876965680738663,0.18294555415874916,0.07277880048744655,0.11775240772111989,0.06702836327483012,0.1022853117967497,0.14718443245825297,0.0705976976259661,0.1995769681731809,0.10436616365815495,0.010788900304579697
211,24,0.02512415745586789,0.0003759299769279569,0.03907313513964017,0.09343099621269328,5.630196639672962e-05,0.1995769681731809,0,False,9,0,0,0,0,3068,4292,4755,5010,4597,4746,4855,4603,4369,4722,4183,4648,2928,2271,4862,4498,4677,4412,4984,4662,4699,4033,5081,4996,0.008340610791964666,0.036200237112466276,0.03108373324469605,0.029176412142994133,0.017902373652400893,0.03563054578032279,0.029653147372692045,0.029025746460074643,0.029176412142994133,0.036983318316608206,0.03907313513964017,0.03330935622609005,0.0005101551982430917,0.0003759299769279569,0.03065318846780906,0.03201138682256167,0.031377357901057466,0.03189636563614745,0.009154730015135445,0.02166517581956833,0.02325080471093769,0.0113934712669545,0.02325080471093769,0.03188538003160486,0.0035141693445422317,0.054378203437593094,0.11624363483984756,0.09376153581368722,0.04073163242581612,0.10868436351713513,0.12199726406462139,0.1118308253925696,0.09376153581368722,0.14718443245825297,0.06471455615713559,0.0956689833533087,0.00012873644226060618,5.630196639672962e-05,0.14518682665541718,0.10749443221515352,0.08038852073437744,0.18294555415874916,0.066713900446826,0.10793970707769322,0.14477599966859428,0.009889825279198055,0.14477599966859428,0.1995769681731809
212,24,0.024676321780554688,0.00035562012932210333,0.037637679473515026,0.09466800040980751,5.1610135863668815e-05,0.21825239642006522,0,False,9,0,0,0,0,3068,4292,4755,5010,4597,4746,4855,4603,4369,4722,4183,4648,2928,2271,4862,4498,4677,4412,4984,4662,4699,5097,4033,5092,0.007897649530220218,0.03476951667547927,0.03108373324469605,0.028334125764761586,0.01757099175029411,0.03474686760540365,0.029025746460074643,0.02833083182359966,0.028334125764761586,0.03739734196177135,0.037637679473515026,0.03330935622609005,0.0004826035418546209,0.00035562012932210333,0.030200149793488514,0.03201138682256167,0.03035760978927766,0.031759065508527244,0.008823346334310136,0.02112344851303111,0.022904533770163472,0.03739734196177135,0.010807658538043306,0.01757099175029411,0.0032213218991637123,0.049846686484460334,0.11624363483984756,0.08594807449587995,0.12067066305699811,0.09962733322404053,0.1118308253925696,0.10251158994318879,0.08594807449587995,0.21825239642006522,0.05932167647737429,0.0956689833533087,0.00011800840540555567,5.1610135863668815e-05,0.13308792443413242,0.10749443221515352,0.07368947733984599,0.16770009131218672,0.06115440874292383,0.09894473148788545,0.13271133302954474,0.21825239642006522,0.009065673172598217,0.12067066305699811
213,24,0.024260556503575767,0.0003364070916029346,0.03760642657547498,0.08932492648194701,4.730929120836308e-05,0.21825239642006522,0,False,9,0,0,0,0,4292,4755,5010,4597,4746,4855,4603,4369,4722,4183,4648,3068,2928,4862,4498,4677,4412,4984,4662,4699,5097,2271,4033,5092,0.03476951667547927,0.03108373324469605,0.027456002079845502,0.01719283538367541,0.03379925462045093,0.02833083182359966,0.02758046843436356,0.027456002079845502,0.03739734196177135,0.036200237112466276,0.03236504373478609,0.007477600114729468,0.0004565384799902447,0.029653147372692045,0.03201138682256167,0.03035760978927766,0.031759065508527244,0.008490726283161814,0.020543443895390846,0.022487301631819216,0.03760642657547498,0.0003364070916029346,0.010249599985935262,0.01719283538367541,0.049846686484460334,0.11624363483984756,0.07878573495455661,0.11061477446891493,0.09132505545537048,0.10251158994318879,0.09396895744792305,0.07878573495455661,0.21825239642006522,0.054378203437593094,0.0876965680738663,0.0029528784075667364,0.00010817437162175936,0.12199726406462139,0.10749443221515352,0.07368947733984599,0.16770009131218672,0.05605820801434684,0.09069933719722832,0.12165205527708267,0.2000646967183931,4.730929120836308e-05,0.008310200408215031,0.11061477446891493
214,24,0.024043711785761413,0.0003182316905636553,0.03762452277944531,0.09350996171165525,4.336685027433282e-05,0.2000646967183931,0,False,9,0,0,0,0,4292,4755,5010,4597,4746,4855,4603,4369,4722,4183,4648,3068,2928,4862,4498,5139,4677,4412,4984,4662,4699,5097,2271,5092,0.03335298179126235,0.03108373324469605,0.026551773508343632,0.017208140142190614,0.032801120145749874,0.02758046843436356,0.02678581108389536,0.026551773508343632,0.03760642657547498,0.03476951667547927,0.031377357901057466,0.007079359404647578,0.00043187998333143904,0.029025746460074643,0.03201138682256167,0.017208140142190614,0.029315944288526664,0.03148761236430079,0.008158990724861643,0.019933276380777035,0.022009387391788555,0.03762452277944531,0.0003182316905636553,0.01677550141434763,0.045692795944088635,0.11624363483984756,0.0722202570416769,0.18473020992983868,0.08371463416742293,0.09396895744792305,0.08613821099392946,0.0722202570416769,0.2000646967183931,0.049846686484460334,0.08038852073437744,0.002706805206936175,9.915984065327941e-05,0.1118308253925696,0.10749443221515352,0.18473020992983868,0.06754868756152549,0.15372508370283783,0.05138669067981794,0.0831410590974593,0.11151438400399244,0.183392638658527,4.336685027433282e-05,0.10139687659650536
215,24,0.023449358082599025,0.000408552306612059,0.03762452277944531,0.10272506220557098,9.089652059883946e-05,0.183392638658527,0,False,9,0,0,0,0,4292,5178,5010,4597,4746,4855,4603,4369,4722,4183,4648,2928,4755,4677,4412,4984,4662,4699,5097,3068,4862,5139,5179,5092,0.03195695482444626,0.008031898408074337,0.02563014884321375,0.017142633431630003,0.03176467930979835,0.02678581108389536,0.025957054683048146,0.02563014884321375,0.03762452277944531,0.03335298179126235,0.031377357901057466,0.000408552306612059,0.03108373324469605,0.029315944288526664,0.03148761236430079,0.008031898408074337,0.01979808304953799,0.021480549673907015,0.03762452277944531,0.006701866197647745,0.02833083182359966,0.017142633431630003,0.01979808304953799,0.016326091465775846,0.041885062948747914,0.1304377997898331,0.06620190228820381,0.1693360257690188,0.07673841465347102,0.08613821099392946,0.07896002674443534,0.06620190228820381,0.183392638658527,0.045692795944088635,0.08038852073437744,9.089652059883946e-05,0.11624363483984756,0.06754868756152549,0.15372508370283783,0.1304377997898331,0.1595459708393377,0.1022215186703264,0.183392638658527,0.0024812381063581603,0.10251158994318879,0.1693360257690188,0.1595459708393377,0.0929471368801299
216,24,0.02338913520499636,0.0003864837625191014,0.03746725694602529,0.10285348855226073,8.332181054893617e-05,0.1773022907812564,0,False,9,0,0,0,0,5204,4292,5178,5010,4597,4746,4855,4603,4369,4722,4183,4648,2928,4755,4677,4412,4984,4662,4699,5097,3068,5139,5189,5092,0.028291766325379275,0.030586721468391403,0.0078805682990012,0.024698844338701877,0.01700390042903132,0.030700939751249885,0.02662648487408971,0.025103417505747582,0.024698844338701877,0.03746725694602529,0.03335298179126235,0.031377357901057466,0.0003864837625191014,0.03108373324469605,0.029315944288526664,0.031096519877985406,0.0078805682990012,0.019584084212522234,0.020909922226093555,0.03746725694602529,0.0063441012580328325,0.01700390042903132,0.02662648487408971,0.015851161532750017,0.1773022907812564,0.038394641036352255,0.11956798314068035,0.06068507709752016,0.15522469028826721,0.07034354676568176,0.16229336007776868,0.07238002451573239,0.06068507709752016,0.16810991877031642,0.045692795944088635,0.08038852073437744,8.332181054893617e-05,0.11624363483984756,0.06754868756152549,0.14091466006093467,0.11956798314068035,0.1462504732693929,0.09370305878113253,0.16810991877031642,0.002274468264161647,0.15522469028826721,0.16229336007776868,0.08520154214011907
217,24,0.022762911662886114,0.00036560650709365513,0.03715127871475713,0.09734593703129894,7.637832633652481e-05,0.16252709988281835,1,False,10,0,0,0,0,5204,4292,5178,5010,5211,4597,4746,4855,4603,4369,4722,4183,4648,2928,4755,4677,4412,4984,4662,4699,5097,3068,5139,5092,0.028125491122151392,0.0292466335525024,0.007708584448213551,0.024377517719736525,0.024377517719736525,0.016799758060135127,0.029619721777835725,0.026358953401939916,0.02423315036674702,0.02376462997201424,0.03715127871475713,0.03195695482444626,0.03035760978927766,0.00036560650709365513,0.030377070412107507,0.02826137052729478,0.030600290696829752,0.007708584448213551,0.019300390426499763,0.02030594643704609,0.03715127871475713,0.006005087049464764,0.016799758060135127,0.01535669516033116,0.16252709988281835,0.03519508761665623,0.10960398454562365,0.13896132067272682,0.13896132067272682,0.14228929943091162,0.06448158453520828,0.14876891340462128,0.06634835580608801,0.05562798733939348,0.15410075887279004,0.041885062948747914,0.07368947733984599,7.637832633652481e-05,0.10655666526986027,0.0619196302647317,0.12917177172252345,0.10960398454562365,0.13406293383027681,0.08589447054937148,0.15410075887279004,0.002084929242148176,0.14228929943091162,0.07810141362844249
218,24,0.0223976690980046,0.0003458563361058183,0.03669370140191715,0.10099204294358471,7.001346580848107e-05,0.183803652500155,0,False,11,0,0,0,0,5204,4292,5178,5010,5249,5211,4597,4746,4855,4603,4369,4722,4183,4648,4755,4677,4412,4984,4662,4699,5097,2928,5139,5092,0.027844721180183347,0.0292466335525024,0.007519339336395429,0.02397538750789496,0.007713262446314247,0.02397538750789496,0.016538038782372224,0.028529700697640374,0.025995449927537412,0.02335356555945186,0.02283338618552576,0.03669370140191715,0.030586721468391403,0.029315944288526664,0.030377070412107507,0.02826137052729478,0.03001310170077984,0.007713262446314247,0.018955986732790142,0.01967633452520238,0.03669370140191715,0.0003458563361058183,0.016538038782372224,0.014848095644678141,0.14898317489258348,0.03519508761665623,0.10047031916682167,0.12738121061666624,0.183803652500155,0.12738121061666624,0.13043185781166897,0.05910811915727425,0.13637150395423617,0.06081932615558067,0.05099232172777736,0.1412590289667242,0.038394641036352255,0.06754868756152549,0.10655666526986027,0.0619196302647317,0.11840745741231315,0.183803652500155,0.12289102267775374,0.07873659800359052,0.1412590289667242,7.001346580848107e-05,0.13043185781166897,0.07159296249273894
219,24,0.021829115097274563,0.000335610242108912,0.03611163701935352,0.1012898388439125,0.032262163648601544,0.16848668145847542,0,False,11,0,0,0,0,5204,4292,5178,5010,5249,5211,4597,4746,4855,4603,4369,4722,4183,4648,4755,4677,4412,4984,4662,4699,5279,5097,5277,5092,0.027462376258436182,0.02794020811982267,0.007315999897498977,0.023503533266427182,0.00768190627202931,0.023503533266427182,0.016226416300018552,0.02743846511246707,0.025548091379306578,0.022471080250231847,0.021910167255532718,0.03611163701935352,0.030586721468391403,0.02826137052729478,0.029606035368529477,0.027201810874970297,0.03001310170077984,0.00768190627202931,0.018559561737587032,0.019028057544891473,0.014699767590550873,0.03611163701935352,0.000335610242108912,0.014699767590550873,0.1365679103182015,0.032262163648601544,0.09209779256958653,0.11676610973194405,0.16848668145847542,0.11676610973194405,0.11956253632736322,0.05418244256083473,0.1250072119580498,0.05575104897594895,0.046742961583795914,0.12948744321949718,0.038394641036352255,0.0619196302647317,0.09767694316403858,0.05675966107600405,0.11840745741231315,0.16848668145847542,0.11265010412127426,0.07217521483662465,0.14896021561834405,0.12948744321949718,0.08339751234365779,0.14896021561834405
220,24,0.021638421514886947,0.007284632799877862,0.03542182255711901,0.10628653822306029,0.029573650011218082,0.1929323249667496,0,False,11,0,0,0,0,5204,4292,5178,5010,5249,5211,4597,4746,4855,4603,4369,4722,4183,4648,4755,5282,4677,4412,4984,5286,4662,4699,5279,5097,0.026991258015499352,0.026670221413208933,0.007284632799877862,0.02297256156786633,0.007617925166306878,0.02297256156786633,0.016281614691540366,0.02635258599535018,0.02502863704230863,0.02159126987540013,0.020999268191057793,0.03542182255711901,0.0292466335525024,0.027201810874970297,0.029606035368529477,0.007284632799877862,0.026144162976029516,0.02934856069910741,0.007617925166306878,0.016281614691540366,0.018119378809056556,0.018367352909312025,0.014497827069533288,0.03542182255711901,0.12518725112501805,0.029573650011218082,0.1677563098554543,0.10703560058761538,0.15444612467026914,0.10703560058761538,0.1929323249667496,0.0496672390140985,0.114589944294879,0.051105128227953205,0.042847714785146256,0.11869682295120575,0.03519508761665623,0.05675966107600405,0.09767694316403858,0.1677563098554543,0.05202968931967038,0.10854016929462039,0.15444612467026914,0.1929323249667496,0.10326259544450139,0.06616061360023925,0.13654686431681537,0.11869682295120575
221,24,0.02107203468125571,0.007222482841207469,0.03464033075287013,0.097609985347943,0.027109179176949907,0.17685463121952047,0,False,11,0,0,0,0,5204,4292,5178,5010,5249,5211,4597,4746,4855,4603,4369,4722,4183,4648,4755,5282,4677,4412,4984,5286,4662,4699,5279,5097,0.02644379408332278,0.02543879687910447,0.007222482841207469,0.022392472466266463,0.007524826129505626,0.022392472466266463,0.016256940051941712,0.02527769232753092,0.024448305040574388,0.02071892788104681,0.020104292732360755,0.03464033075287013,0.02794020811982267,0.026144162976029516,0.028782894531836613,0.007222482841207469,0.026144162976029516,0.0286195270181474,0.007524826129505626,0.016256940051941712,0.017643184305751625,0.017699746766701607,0.014249032228295233,0.03464033075287013,0.1147549801979332,0.027109179176949907,0.15377661736749978,0.0981159672053141,0.14157561428108004,0.0981159672053141,0.17685463121952047,0.045528302429590294,0.10504078227030574,0.046846367542290435,0.03927707188638407,0.10880542103860526,0.032262163648601544,0.05202968931967038,0.0895371979003687,0.15377661736749978,0.05202968931967038,0.09949515518673535,0.14157561428108004,0.17685463121952047,0.0946573791574596,0.060647229133552645,0.12516795895708074,0.10880542103860526
222,24,0.02030457648208357,0.00713287881279406,0.03378235648963814,0.10549890787165017,0.02485008091220408,0.1980706290439907,0,False,12,0,0,0,0,5204,4292,5178,5010,5249,5211,4597,5350,4746,4855,4603,4369,4722,4183,4648,4755,5282,4412,4984,5286,5337,4699,5279,5097,0.02644379408332278,0.024247486671229952,0.00713287881279406,0.02177256850203581,0.007406118107825779,0.02177256850203581,0.01615936914602116,0.014319969278095259,0.024218549923784888,0.02381763992592984,0.02037026828621641,0.019228220591485514,0.03378235648963814,0.02794020811982267,0.025094370232623266,0.028782894531836613,0.00713287881279406,0.0286195270181474,0.007406118107825779,0.01615936914602116,0.02037026828621641,0.01703008722656949,0.014319969278095259,0.03378235648963814,0.1147549801979332,0.02485008091220408,0.14096189925354147,0.08993963660487125,0.12977764642432335,0.08993963660487125,0.16211674528456044,0.1980706290439907,0.04173427722712444,0.09628738374778026,0.12627583691376623,0.03600398256251873,0.09973830261872148,0.032262163648601544,0.04769388187636451,0.0895371979003687,0.14096189925354147,0.09949515518673535,0.12977764642432335,0.16211674528456044,0.12627583691376623,0.055593293372423254,0.1980706290439907,0.09973830261872148
223,24,0.019823247024460044,0.007019147288324735,0.03378235648963814,0.09716566716799639,0.022779240836187074,0.1815647432903248,0,False,12,0,0,0,0,5204,4292,5178,5010,5249,5211,4597,5350,4746,4855,4603,4369,4722,4183,4755,5282,4412,4984,5286,5337,4699,5279,5097,4648,0.025831843289357233,0.023097346426601675,0.007019147288324735,0.02112139953030177,0.007265234916269139,0.02112139953030177,0.01599621542416552,0.014318860389052283,0.02317914082023438,0.023146424211483135,0.019963183892069927,0.01837347255966688,0.03286206894550168,0.02794020811982267,0.02791891514108134,0.007019147288324735,0.027837987593370413,0.007265234916269139,0.01599621542416552,0.019963183892069927,0.016362585076668726,0.014318860389052283,0.03378235648963814,0.024057497033248058,0.10519206518143877,0.022779240836187074,0.12921507431574633,0.08244466688779864,0.11896284255562974,0.08244466688779864,0.14860701651084707,0.1815647432903248,0.038256420791530736,0.0882634351021319,0.1157528505042857,0.03300365068230884,0.09142677740049468,0.032262163648601544,0.08207576474200463,0.12921507431574633,0.0912038922545074,0.11896284255562974,0.14860701651084707,0.1157528505042857,0.05096051892472132,0.1815647432903248,0.09973830261872148,0.0437193917200008
224,24,0.01891838306077183,0.006884540367173853,0.03286206894550168,0.1151107042731393,0.020880970766504817,0.20178048478943414,0,False,12,0,0,0,0,5204,4292,5178,5378,5249,5388,5393,5350,4746,4855,4603,4369,4722,4183,5097,5389,5282,5010,5211,4597,5286,5337,4699,5279,0.025831843289357233,0.021989003306550542,0.007062092066683134,0.007062092066683134,0.00710547552323628,0.032715024708302474,0.007288725121275907,0.014251710872153588,0.022162741235425453,0.022443626710443296,0.019506655835622035,0.01754197250537667,0.032715024708302474,0.02735804411242392,0.03286206894550168,0.02735804411242392,0.006884540367173853,0.02044673694611844,0.02044673694611844,0.01577490406968062,0.01577490406968062,0.019506655835622035,0.015700859232214596,0.014251710872153588,0.10519206518143877,0.020880970766504817,0.20178048478943414,0.20178048478943414,0.10904927234266058,0.16714121261712012,0.1923826056759939,0.16643434801613105,0.03506838572556984,0.08090814884362091,0.10610677962892856,0.0302533464587831,0.16714121261712012,0.11290698334455143,0.09142677740049468,0.11290698334455143,0.1184471514561008,0.07557427798048208,0.07557427798048208,0.13622309846827646,0.13622309846827646,0.10610677962892856,0.046713809014327874,0.16643434801613105
225,24,0.017133282800280727,0.006732179808898467,0.032430323759281565,0.1276218844406283,0.01914088986929608,0.26829877772364796,1,False,13,0,0,0,0,5204,4292,5403,5178,5378,5249,5388,5393,5350,4746,4855,4603,4369,4722,5097,5389,5282,5402,5211,4597,5286,5337,4699,5279,0.025166554977762365,0.020922717458023952,0.007251192665051546,0.007251192665051546,0.007251192665051546,0.006929959888820356,0.032430323759281565,0.0072765586496303086,0.01412488920613642,0.021171996648745237,0.02171738090529467,0.019009139687268625,0.016735205610714465,0.032430323759281565,0.03189251939661863,0.026711106620610717,0.006732179808898467,0.007251192665051546,0.019755571387152164,0.015502787593746575,0.015502787593746575,0.019009139687268625,0.015047984701393556,0.01412488920613642,0.0964260597496522,0.01914088986929608,0.26829877772364796,0.26829877772364796,0.26829877772364796,0.0999618329807722,0.1532127782323601,0.17635072186966108,0.1525648190147868,0.03214602024843902,0.0741658031066525,0.09726454799318451,0.027732234253884505,0.1532127782323601,0.08380787928378679,0.1034980680658388,0.10857655550142573,0.26829877772364796,0.06927642148210857,0.12487117359592008,0.12487117359592008,0.09726454799318451,0.04282099159646722,0.1525648190147868
226,24,0.016694755859913177,0.006565015829334346,0.03202292691370882,0.12297022698558628,0.017545815713521408,0.2459405462466773,0,False,13,0,0,0,0,5204,4292,5403,5178,5378,5249,5388,5393,5350,4746,4855,4603,4369,4722,5097,5389,5282,5402,4597,5286,5337,4699,5436,5279,0.025166554977762365,0.01989843716619318,0.00739466582295375,0.00739466582295375,0.00739466582295375,0.006741598335259033,0.03202292691370882,0.007231865411782235,0.013944918174461496,0.020208992978785676,0.02097498715258764,0.01847849130492289,0.01636573175608956,0.03202292691370882,0.03189251939661863,0.026010828806457068,0.006565015829334346,0.00739466582295375,0.015186999832362663,0.015186999832362663,0.01847849130492289,0.014406541328230264,0.01636573175608956,0.013944918174461496,0.0964260597496522,0.017545815713521408,0.2459405462466773,0.2459405462466773,0.2459405462466773,0.09163168023237452,0.14044504671299676,0.16165482838052264,0.1398510840968879,0.029467185227735764,0.06798531951443144,0.08915916899375247,0.1087545480660608,0.14044504671299676,0.08380787928378679,0.09487322906035224,0.09952850920964025,0.2459405462466773,0.11446524246292673,0.11446524246292673,0.08915916899375247,0.039252575630094946,0.1087545480660608,0.1398510840968879
227,24,0.016281325860656493,0.006385798635069154,0.031507769745665916,0.11272270807012075,0.01608366440406129,0.22544550072612085,1,False,13,0,0,0,0,5204,4292,5403,5178,5378,5249,5388,5393,5350,4746,4855,4603,4369,4722,5097,5389,5282,5402,4597,5286,5337,4699,5436,5279,0.02445827486919074,0.0189158480476158,0.007493900891326472,0.007493900891326472,0.007493900891326472,0.0065430723789166945,0.031507769745665916,0.0071579224428247904,0.013718301955955399,0.019275323198351374,0.020222933226765893,0.017921922618636985,0.015960156686501567,0.031507769745665916,0.030885594915763807,0.02526779543038524,0.006385798635069154,0.007493900891326472,0.014834344974068632,0.014834344974068632,0.017921922618636985,0.013778661983909524,0.015960156686501567,0.013718301955955399,0.08839055477051451,0.01608366440406129,0.22544550072612085,0.22544550072612085,0.22544550072612085,0.08399570687967664,0.12874129282024702,0.14818359268214576,0.1281968270888139,0.027011586458757782,0.062319876221562154,0.0817292382442731,0.09969166906055574,0.12874129282024702,0.07682388934347122,0.08696712663865622,0.09123446677550356,0.22544550072612085,0.10492647225768284,0.10492647225768284,0.0817292382442731,0.035981527660920366,0.09969166906055574,0.1281968270888139
228,24,0.016034247459278225,0.0061970607330394745,0.030899441241260997,0.11667944136258816,0.01474335903705618,0.20665837566561077,2,False,15,0,0,0,0,5204,4292,5389,5403,5178,5378,5249,5388,5393,5495,5350,4746,4855,4603,5482,4722,5097,5282,5402,4597,5337,4699,4369,5279,0.02371648991515746,0.01797441668188477,0.024491692279729166,0.00755099644819207,0.00755099644819207,0.00755099644819207,0.006336825020573544,0.030899441241260997,0.0070580538040185565,0.013798297839116621,0.013451387715524725,0.01837214900339291,0.0199689788475472,0.01734598191144119,0.0199689788475472,0.030899441241260997,0.029852008918730383,0.0061970607330394745,0.00755099644819207,0.014451217553524081,0.01734598191144119,0.01316607922306031,0.015525172702541671,0.013798297839116621,0.08102467520630496,0.01474335903705618,0.07971986608543487,0.20665837566561077,0.20665837566561077,0.20665837566561077,0.07699606463970358,0.11801285175189309,0.1358349599586336,0.20084709149807944,0.11751375816474609,0.024760620920527967,0.140459886536432,0.07491846839058366,0.140459886536432,0.11801285175189309,0.07042189856484861,0.0836315945442116,0.20665837566561077,0.0961825995695426,0.07491846839058366,0.03298306702251033,0.0913840299721761,0.20084709149807944
229,24,0.01573984224612431,0.006125058634867486,0.030211935785452962,0.1188808742613367,0.013514745783968165,0.27277017769347656,0,False,15,0,0,0,0,5204,4292,5389,5403,5178,5378,5249,5388,5393,5495,5350,4746,4855,4603,5482,4722,5097,5500,5402,4597,5337,4699,4369,5279,0.02371648991515746,0.01707342910551364,0.023691287341756736,0.007568595075265102,0.007763788486421256,0.007568595075265102,0.006125058634867486,0.030211935785452962,0.006935548615751313,0.01380796316361549,0.013150258999839973,0.017500257370993907,0.019647816843202815,0.016756553608238377,0.019647816843202815,0.030211935785452962,0.028801320437718523,0.007763788486421256,0.007568595075265102,0.01404354906257649,0.016756553608238377,0.012570169707079233,0.015066943716071576,0.01380796316361549,0.08102467520630496,0.013514745783968165,0.07307654391164863,0.1894368443601432,0.27277017769347656,0.1894368443601432,0.07057972591972829,0.10817844743923533,0.12451537996208079,0.18410983387323948,0.10772094498435057,0.0226972358438173,0.12875489599172932,0.06867526269136835,0.12875489599172932,0.10817844743923533,0.06455340701777788,0.27277017769347656,0.1894368443601432,0.08816738293874737,0.06867526269136835,0.030234478103967802,0.08376869414116142,0.18410983387323948
230,24,0.015397666568765109,0.0059097387889045115,0.0294584706591449,0.11619991486180276,0.012388516968637483,0.2500393295523535,0,False,15,0,0,0,0,4292,5389,5403,5178,5378,5249,5388,5393,5495,5350,4746,4855,4603,5482,4722,5097,5204,5500,5402,4597,5533,4699,4369,5279,0.016212024600282145,0.022874437047810392,0.007549729693425931,0.007927325956344124,0.007549729693425931,0.0059097387889045115,0.0294584706591449,0.006793596239078986,0.013753010033972892,0.012820657502665414,0.016660112006775835,0.019268544874367462,0.016575609070368615,0.019268544874367462,0.0294584706591449,0.02774197502828358,0.02371648991515746,0.007927325956344124,0.007549729693425931,0.013616776847247295,0.016575609070368615,0.011991995928404279,0.014591083477078918,0.013753010033972892,0.012388516968637483,0.06698683191901124,0.17365044066346458,0.2500393295523535,0.17365044066346458,0.06469808209308427,0.09916357681929905,0.11413909829857405,0.1687673477171362,0.09874419956898801,0.02080579952349919,0.11802532132575187,0.14628565746708766,0.11802532132575187,0.09916357681929905,0.059173956432963054,0.08102467520630496,0.2500393295523535,0.17365044066346458,0.08082010102718509,0.14628565746708766,0.027714938261970485,0.07678796962939796,0.1687673477171362
231,24,0.015061125849773538,0.005692602530386597,0.028651360387015542,0.1146595628979204,0.011356140554584358,0.229202718756324,0,False,11,0,0,0,0,5389,5403,5178,5378,5553,4746,4855,4603,5482,4722,4292,5500,5402,5249,5388,5393,5495,5350,5533,4699,4369,5279,5204,5097,0.022874437047810392,0.007497685755551213,0.008042937533136169,0.007497685755551213,0.012789476236105051,0.015851899803908758,0.018839889986507076,0.016335656846401272,0.018839889986507076,0.028651360387015542,0.015389225203899699,0.008042937533136169,0.007497685755551213,0.005692602530386597,0.028651360387015542,0.006635237083055936,0.013639536080292152,0.012789476236105051,0.016335656846401272,0.011432344954400446,0.01410265118957048,0.013639536080292152,0.02371648991515746,0.026681361260806998,0.06698683191901124,0.15917957060817586,0.229202718756324,0.15917957060817586,0.17384884960490568,0.019071982896540926,0.1081898778819392,0.134095186011497,0.1081898778819392,0.0908999454176908,0.011356140554584358,0.229202718756324,0.15917957060817586,0.059306575251993905,0.0908999454176908,0.10462750677369287,0.1547034020740415,0.17384884960490568,0.134095186011497,0.025405360073472945,0.07038897216028146,0.1547034020740415,0.08102467520630496,0.054242793396882795
232,24,0.01392373959828064,0.005475169899781042,0.027801939121164323,0.11605704567491391,0.010409795508368994,0.22924793972416121,1,False,11,0,0,0,0,5389,5403,5178,5378,5553,4746,4855,4603,5482,4722,4292,5500,5402,5249,5388,5393,5495,5350,5533,4699,4369,5279,5204,5569,0.022048111694611464,0.007607136600210371,0.00811274928001892,0.007415881654931672,0.012702018059382056,0.015075572522473818,0.018370094759674577,0.016044301952012497,0.018370094759674577,0.027801939121164323,0.014603961357257231,0.00811274928001892,0.007415881654931672,0.005475169899781042,0.027801939121164323,0.00646332721138843,0.013473817549853925,0.012702018059382056,0.016044301952012497,0.010891764053861542,0.013606160681851158,0.013473817549853925,0.022949804983014,0.007607136600210371,0.0614045959257603,0.22924793972416121,0.210102492193297,0.14591460639082787,0.15936144547116354,0.017482650988495847,0.09917405472511094,0.12292058717720558,0.09917405472511094,0.08332494996621656,0.010409795508368994,0.210102492193297,0.14591460639082787,0.05436436064766108,0.08332494996621656,0.09590854787588513,0.14181145190120473,0.15936144547116354,0.12292058717720558,0.023288246734016867,0.064523224480258,0.14181145190120473,0.07427261893911288,0.22924793972416121
233,24,0.012912931335107042,0.005258757627216889,0.02692052256952911,0.11415644193222835,0.009542312549338244,0.21014394474714776,0,False,11,0,0,0,0,5403,5178,5378,5553,4746,4855,4603,5482,4722,5389,5500,5402,5249,5388,5393,5607,5495,5350,5533,4699,4369,5279,4292,5569,0.007673262835896993,0.00813950531164499,0.007307768167558672,0.012564071694708356,0.014330883956270942,0.017866838915530415,0.015708898863394605,0.017866838915530415,0.02692052256952911,0.02121843496646668,0.00813950531164499,0.007307768167558672,0.005258757627216889,0.02692052256952911,0.0064424887326869785,0.0064424887326869785,0.013262137133269899,0.012564071694708356,0.015708898863394605,0.010370593179418302,0.013105599782150257,0.013262137133269899,0.013855094082605891,0.007673262835896993,0.21014394474714776,0.1925939511771889,0.13375505585825886,0.14608132501523324,0.01602576340612119,0.09090955016468502,0.11267720491243845,0.09090955016468502,0.07638120413569852,0.05628754626528027,0.1925939511771889,0.13375505585825886,0.049833997260355985,0.07638120413569852,0.17124950221956137,0.17124950221956137,0.12999383090943767,0.14608132501523324,0.11267720491243845,0.021347559506182126,0.059146289106903165,0.12999383090943767,0.009542312549338244,0.21014394474714776
234,24,0.01263479086681314,0.005044494165421181,0.026016401614764987,0.12328465964263106,0.014690283122277758,0.27596528268488546,1,False,11,0,0,0,0,5403,5178,5378,5553,4746,4855,4603,5482,5639,4722,5636,5389,5500,5402,5249,5388,5393,5607,5495,5637,5533,4699,4369,5279,0.007698658816404973,0.008126399740971083,0.007176746593741209,0.012381482745579077,0.013617422890311575,0.017337190884793473,0.015336442411899463,0.017337190884793473,0.00789720656017482,0.026016401614764987,0.01292952489896104,0.020390733285089124,0.008126399740971083,0.007176746593741209,0.005044494165421181,0.026016401614764987,0.006393776376974655,0.006393776376974655,0.01301064536729424,0.01334618878391654,0.015336442411899463,0.00986899436119546,0.01292952489896104,0.01334618878391654,0.19263194935155212,0.17654445524575646,0.12260880120340395,0.1339078812639638,0.014690283122277758,0.08333375431762793,0.1032874378364019,0.08333375431762793,0.27596528268488546,0.07001610379105697,0.13755076501466124,0.051596917409840244,0.17654445524575646,0.12260880120340395,0.04568116415532632,0.07001610379105697,0.15697871036793123,0.15697871036793123,0.11916101166698452,0.20249434500031788,0.1032874378364019,0.01956859621400028,0.13755076501466124,0.20249434500031788
235,24,0.012333205692047539,0.004833335380882329,0.02509786058748619,0.11301093800574513,0.013466092862087943,0.25296817579447833,2,False,11,0,0,0,0,5403,5178,5378,5553,4746,4855,4603,5482,5639,4722,5636,5500,5402,5249,5388,5393,5607,5495,5637,5533,4699,4369,5279,5389,0.007686344866357236,0.008076924975936676,0.007026104458606408,0.012160014629167012,0.012934642171214027,0.016787584039957507,0.014933490032573585,0.016787584039957507,0.008070773874400288,0.02509786058748619,0.012711217138021959,0.008076924975936676,0.007026104458606408,0.004833335380882329,0.02509786058748619,0.0063201193631422705,0.0063201193631422705,0.012725253172446507,0.01336170086497618,0.014933490032573585,0.00938697812607137,0.012711217138021959,0.01336170086497618,0.01956959146720065,0.17657928690558944,0.1618324173086101,0.11239140110312028,0.12274889115863348,0.013466092862087943,0.07638927479115894,0.09468015135003507,0.07638927479115894,0.25296817579447833,0.06418142847513555,0.12608820126343945,0.1618324173086101,0.11239140110312028,0.04187440047571579,0.06418142847513555,0.14389715117060362,0.14389715117060362,0.10923092736140247,0.1856198162502914,0.09468015135003507,0.01793787986283359,0.12608820126343945,0.1856198162502914,0.047297174292353555
236,24,0.011736922418071644,0.0047453865867556795,0.02417221405826183,0.13369147738550222,0.05883297610220759,0.25348483156276713,3,False,9,0,0,0,0,5403,5178,5378,5553,4746,5668,5639,4722,5636,5500,5402,5682,5680,5388,5393,5607,5677,5495,5637,5533,4855,4603,5482,5279,0.007639623755224424,0.00799473926571475,0.0068589671181467846,0.011905239284117639,0.012598632948434605,0.012598632948434605,0.008195197644078358,0.02417221405826183,0.01245653840918961,0.00799473926571475,0.0068589671181467846,0.013657524473547938,0.006384990669060581,0.02417221405826183,0.006224462325060238,0.006384990669060581,0.0047453865867556795,0.012411552299868242,0.013657524473547938,0.014506110833696078,0.016223812694972393,0.014506110833696078,0.016223812694972393,0.013314153605755365,0.16186434633012364,0.14834638253289256,0.10302545101119358,0.11251981689541402,0.09567725179024729,0.09567725179024729,0.23188749447827178,0.05883297610220759,0.11558085115815282,0.14834638253289256,0.10302545101119358,0.25348483156276713,0.21523905523971998,0.05883297610220759,0.13190572190638664,0.21523905523971998,0.12171820043607282,0.1001283500812856,0.25348483156276713,0.08679013873753215,0.07002350189189568,0.08679013873753215,0.07002350189189568,0.17015149822943376
237,24,0.011560203470616525,0.00464462070336351,0.023245856924061177,0.13615005797374738,0.05393022809369029,0.3156944289325365,4,False,9,0,0,0,0,5403,5178,5378,5553,4746,5668,5639,4722,5636,5500,5402,5680,5388,5393,5607,5677,5705,5637,5533,4855,4603,5482,5699,5682,0.00756195537416086,0.007883554658231581,0.00667826333965782,0.011622454861724533,0.012241492988934493,0.012241492988934493,0.008272549492002906,0.023245856924061177,0.01217108970414561,0.007883554658231581,0.00667826333965782,0.006415271613547179,0.023245856924061177,0.006109697880333652,0.006415271613547179,0.00464462070336351,0.0123861670888923,0.013870083872261118,0.014059857017360166,0.015651043483709312,0.014059857017360166,0.015651043483709312,0.01422779213345433,0.01422779213345433,0.14837565080261333,0.13598418398848483,0.09443999676026077,0.10314316548746284,0.08770414747439334,0.08770414747439334,0.21256353660508245,0.05393022809369029,0.10594911356164008,0.13598418398848483,0.09443999676026077,0.19730246730307663,0.05393022809369029,0.12091357841418775,0.19730246730307663,0.11157501706640008,0.17511765424117848,0.2323610955992032,0.07955762717607114,0.06418821006757104,0.07955762717607114,0.06418821006757104,0.3156944289325365,0.3156944289325365
238,24,0.011248703381054015,0.0045330975523147216,0.022324323438348167,0.12304070211468658,0.0494360424192161,0.28938655985482514,5,False,9,0,0,0,0,5403,5178,5402,5553,5637,4746,5668,4722,5378,5680,5388,5393,5607,5677,5705,5533,4855,4603,5482,5699,5500,5716,5639,5636,0.007456850717704327,0.007747045214376332,0.006486702826993739,0.011316627133260902,0.014002856541260893,0.012174017107509994,0.011867943863649175,0.022324323438348167,0.006486702826993739,0.00641339480555349,0.022324323438348167,0.005978613992737876,0.00641339480555349,0.0045330975523147216,0.012305839364402308,0.013599753442765103,0.015073838290517038,0.013599753442765103,0.015073838290517038,0.01470320297946037,0.007747045214376332,0.012174017107509994,0.008305555763843377,0.011860142984534708,0.1360110132357289,0.12465216865611109,0.08656999703023903,0.09454790169684094,0.21299767096593628,0.16372880185152722,0.08039546851819389,0.0494360424192161,0.08656999703023903,0.18086059502782023,0.0494360424192161,0.11083744687967209,0.18086059502782023,0.1022770989775334,0.16052451638774692,0.07292782491139854,0.05883919256194012,0.07292782491139854,0.05883919256194012,0.28938655985482514,0.12465216865611109,0.16372880185152722,0.19484990855465892,0.09712002076483674
239,24,0.010589613256271203,0.004526549535987618,0.021412351639149042,0.12501578015779166,0.04531637221761475,0.24912221210883523,6,False,9,0,0,0,0,5403,5178,5402,5553,5680,5388,5749,5607,5677,5705,5637,4746,5668,4722,5500,5378,5745,5393,5533,5753,4855,4603,5482,5716,0.007327785026527544,0.007588774390874886,0.006286763692387574,0.010992351176117361,0.006546652576274179,0.021412351639149042,0.004526549535987618,0.006382059806874016,0.004526549535987618,0.012176161528992669,0.014060435520906484,0.012056544256695043,0.01148226409209647,0.021412351639149042,0.007588774390874886,0.006286763692387574,0.006546652576274179,0.005833854666141418,0.01313030150831527,0.013468930846446042,0.014496185474454441,0.013468930846446042,0.014496185474454441,0.012056544256695043,0.12467676213275149,0.1142644879347685,0.07935583061105245,0.08666890988877085,0.24912221210883523,0.04531637221761475,0.17708734072940563,0.16578887877550189,0.17708734072940563,0.14714747335543468,0.19524786505210825,0.1500847350305666,0.07369584614167773,0.04531637221761475,0.1142644879347685,0.07935583061105245,0.24912221210883523,0.10160099297303275,0.06685050616878199,0.15018383950211533,0.053935926515111775,0.15018383950211533,0.053935926515111775,0.1500847350305666
240,24,0.010597169439599772,0.004499675370341874,0.020513950349284864,0.14130925248330695,0.04154000786614685,0.26231054296443257,7,False,10,0,0,0,0,5403,5178,5402,5680,5388,5749,5607,5677,5705,4746,5668,4722,5760,5745,5393,5637,5771,5533,5753,4855,4603,5482,5500,5770,0.007363252390327854,0.007412139897104968,0.006080687995722368,0.006640422511155131,0.020513950349284864,0.004499675370341874,0.006324124337191012,0.004499675370341874,0.01200279367520752,0.012201423610396117,0.01108829111502504,0.020513950349284864,0.007363252390327854,0.006640422511155131,0.005677892298060005,0.014410538078030222,0.012201423610396117,0.012655493977337194,0.013288452695764867,0.013921536673519802,0.013288452695764867,0.013921536673519802,0.007412139897104968,0.014410538078030222,0.19762036528835553,0.10474244727353778,0.07274284472679807,0.22836202776643227,0.04154000786614685,0.1623300623352885,0.15197313887754338,0.1623300623352885,0.13488518390914844,0.22091100711135273,0.06755452562987126,0.04154000786614685,0.19762036528835553,0.22836202776643227,0.09313424355861336,0.26231054296443257,0.22091100711135273,0.061279630654716824,0.1376685195436057,0.04944126597218579,0.1376685195436057,0.04944126597218579,0.10474244727353778,0.26231054296443257
241,24,0.0101113658961787,0.0044545103590904545,0.019632466550689252,0.130459700010393,0.03807834054396795,0.24045133105072986,8,False,10,0,0,0,0,5403,5178,5402,5680,5745,5388,5749,5607,5677,5705,4746,5668,5760,5785,5393,5771,5533,5753,4855,4603,5482,5500,5637,4722,0.007361753715340539,0.007406545776983546,0.005870483645372567,0.006696483577980451,0.006696483577980451,0.019632466550689252,0.0044545103590904545,0.006242511436655295,0.0044545103590904545,0.011791326446294806,0.012278780567492906,0.01068943278973012,0.007361753715340539,0.007406545776983546,0.0055130099573532515,0.012278780567492906,0.012178837842094706,0.013064515529693772,0.013352846977310786,0.013064515529693772,0.013352846977310786,0.007220333989062979,0.014671039292561673,0.019632466550689252,0.1811520015143259,0.1793472433340763,0.0666809409995649,0.20933185878589625,0.20933185878589625,0.03807834054396795,0.1488025571406811,0.13930871063774808,0.1488025571406811,0.1236447519167194,0.20250175651874,0.06192498182738198,0.1811520015143259,0.1793472433340763,0.08537305659539557,0.20250175651874,0.056172994766823754,0.1261961429149719,0.04532116047450364,0.1261961429149719,0.04532116047450364,0.09601391000074296,0.24045133105072986,0.03807834054396795
242,24,0.009057141171930455,0.004393121776414104,0.01877065147039898,0.136154794023827,0.03490514549863728,0.27522087055373823,9,False,11,0,0,0,0,5403,5178,5402,5812,5745,5815,5749,5607,5677,5705,4746,5668,5760,5785,5680,5388,5393,5771,5533,5753,4855,4603,5482,5500,0.0073263831213089894,0.0073672348988772585,0.005657931156082286,0.006890352604322121,0.006890352604322121,0.006298486211111399,0.004393121776414104,0.006298486211111399,0.004393121776414104,0.011547172916090339,0.012293077534824963,0.010288685917553103,0.0073263831213089894,0.0073672348988772585,0.006717118695224955,0.01877065147039898,0.005341291891547338,0.012293077534824963,0.011703382781617555,0.012803145283772525,0.012792616705507145,0.012803145283772525,0.012792616705507145,0.007016317025539368,0.16605600138813206,0.16440163972290328,0.06112419591626782,0.27522087055373823,0.27522087055373823,0.21103298475126908,0.13640234404562435,0.21103298475126908,0.13640234404562435,0.11334102259032612,0.18562661014217832,0.056764566675100145,0.16605600138813206,0.16440163972290328,0.19188753722040489,0.03490514549863728,0.07825863521244593,0.18562661014217832,0.05149191186958844,0.11567979767205756,0.041544397101628334,0.11567979767205756,0.041544397101628334,0.08801275083401437
243,24,0.008882077626803651,0.004317557357303223,0.01793072416405938,0.13572044539076603,0.03199638337375084,0.25923024245203785,10,False,11,0,0,0,0,5178,5402,5812,5745,5815,5749,5607,5677,5705,4746,5668,5403,5760,5785,5846,5680,5388,5393,5771,5533,5753,4855,4603,5482,0.007297520102230345,0.0054445939696921575,0.00704032287168586,0.00704032287168586,0.006320905927468873,0.004317557357303223,0.006320905927468873,0.004317557357303223,0.011275486839724878,0.012249356252976216,0.00988865970251854,0.007260418410592239,0.007260418410592239,0.007297520102230345,0.006877897313470695,0.006877897313470695,0.01793072416405938,0.005164620680166731,0.012249356252976216,0.011231753200882948,0.012510100586320818,0.012242933421073233,0.012510100586320818,0.012242933421073233,0.150701503079328,0.0560305129232455,0.2522857980075934,0.2522857980075934,0.19344690268866332,0.1250354820418223,0.19344690268866332,0.1250354820418223,0.1038959373744656,0.17015772596366346,0.0520341861188418,0.15221800127245438,0.15221800127245438,0.150701503079328,0.25923024245203785,0.25923024245203785,0.03199638337375084,0.07173708227807543,0.17015772596366346,0.0472009192137894,0.10603981453271943,0.038082364009825974,0.10603981453271943,0.038082364009825974
244,24,0.008418230372563057,0.004229804491842959,0.012466445947562545,0.15336247182057375,0.03490883367567381,0.3145953148402939,11,False,11,0,0,0,0,5178,5812,5745,5815,5749,5607,5677,5705,4746,5668,5402,5846,5680,5858,5863,5393,5771,5533,5753,4855,4603,5482,5403,5865,0.007200780317394023,0.007331827643143225,0.007147494382367626,0.006312236365117771,0.004229804491842959,0.006312236365117771,0.004338890783165992,0.010981104138083174,0.012466445947562545,0.009491602406880134,0.005231831250509181,0.0069961912744150034,0.0069961912744150034,0.007331827643143225,0.004338890783165992,0.004984679603575584,0.012153020599389493,0.010766182230380967,0.0121908025238783,0.011705513141173364,0.0121908025238783,0.011705513141173364,0.0071672141641778335,0.012466445947562545,0.138143044489384,0.3145953148402939,0.2312619815069606,0.17732632746460805,0.1146158585383371,0.17732632746460805,0.19794919187167043,0.09523794259326013,0.23931124880002486,0.047698003942271645,0.05136130351297504,0.23762772224770135,0.23762772224770135,0.3145953148402939,0.19794919187167043,0.06575899208823581,0.1559779154666915,0.04326750927930695,0.09720316332165947,0.03490883367567381,0.09720316332165947,0.03490883367567381,0.13953316783308317,0.23931124880002486
245,24,0.00887589368970529,0.004131759188788536,0.012610306596145813,0.15730316191022475,0.039661883506031365,0.3011587453937262,12,False,11,0,0,0,0,5812,5815,5749,5607,5677,5705,4746,5668,5882,5863,5393,5771,5533,5753,4855,4603,5482,5178,5846,5892,5901,5896,5899,5889,0.007574482892243226,0.006275180597153268,0.004131759188788536,0.006275180597153268,0.00433840722683988,0.01066850429284958,0.012610306596145813,0.009334103309105628,0.007399733859508994,0.00433840722683988,0.0048029589709756995,0.012319377312720368,0.010308546410321863,0.01185028723350997,0.011470116093754434,0.01185028723350997,0.011470116093754434,0.0070803736765709755,0.0070735898315165925,0.007256017100329732,0.011470116093754434,0.012319377312720368,0.011470116093754434,0.009334103309105628,0.28837903860360276,0.16254913350922404,0.10506453699347566,0.16254913350922404,0.18145342588236454,0.08730144737715512,0.2193686447333561,0.127056503613749,0.29532348304804723,0.18145342588236454,0.06027907608088282,0.22631308917780055,0.039661883506031365,0.08910289971152117,0.11533309753603432,0.08910289971152117,0.11533309753603432,0.12663112411526867,0.21782541206039288,0.3011587453937262,0.11533309753603432,0.22631308917780055,0.11533309753603432,0.127056503613749
246,24,0.008732932322942104,0.004025203678654853,0.0126847748082659,0.16594885605923146,0.03635672654719541,0.3476807853866358,13,False,11,0,0,0,0,5815,5749,5607,5677,5705,4746,5668,5812,5863,5393,5771,5533,5753,5917,4855,5482,5882,5922,5892,5901,4603,5178,5904,5926,0.006212575334949559,0.004025203678654853,0.006212575334949559,0.004317927264636445,0.010341788362976684,0.0126847748082659,0.009149568735605285,0.00796825341600556,0.004317927264636445,0.004620765330907634,0.012416254715839611,0.009860400081242126,0.011789585723750362,0.011789585723750362,0.011206494130555737,0.011206494130555737,0.007603482751469347,0.007295712146338262,0.007468004645620747,0.011206494130555737,0.011493177667611073,0.006939568312611815,0.00796825341600556,0.011495508643116109,0.14900337238345537,0.09630915891068602,0.14900337238345537,0.16633230705883417,0.08002632676239219,0.20108792433890976,0.11646846164593659,0.3476807853866358,0.16633230705883417,0.05525581974080925,0.2074536650796505,0.03635672654719541,0.16501099140222775,0.16501099140222775,0.10572200607469813,0.10572200607469813,0.27071319279404327,0.2830066277220268,0.27606218327758236,0.10572200607469813,0.0816776580688944,0.11607853043899627,0.3476807853866358,0.1890553394080315
247,24,0.009051266787906702,0.00391179144613731,0.013021906905446733,0.17243719931338553,0.03332699933492913,0.31870738660441617,14,False,11,0,0,0,0,5815,5749,5607,5677,5705,4746,5668,5930,5863,5393,5771,5533,5753,5917,4855,5482,5812,5922,5892,5933,5947,5901,5926,5941,0.006127303105751824,0.00391179144613731,0.006285325721905257,0.004279381025063974,0.010004670517492648,0.013021906905446733,0.008942123985858778,0.006285325721905257,0.004279381025063974,0.004439232662141158,0.012447965024438835,0.0094230087539602,0.011680016345350982,0.011981242954799212,0.010919496252924411,0.010919496252924411,0.008308612114434108,0.00747077918961886,0.007632345971583613,0.013021906905446733,0.01120110911508965,0.01120110911508965,0.011465629842534086,0.011981242954799212,0.1365864246848341,0.08828339566812884,0.21991975801816743,0.152471281470598,0.0733574661988595,0.2676639306440006,0.1067627565087752,0.21991975801816743,0.152471281470598,0.050651168095741814,0.19016585965634628,0.03332699933492913,0.1512600754520421,0.23459340878537543,0.09691183890180662,0.09691183890180662,0.31870738660441617,0.25942274207852456,0.2530570013377838,0.2676639306440006,0.18024517223513997,0.18024517223513997,0.17330072779069552,0.23459340878537543
248,24,0.009192662491085775,0.0038908606191622973,0.013619616966470774,0.17847012025222364,0.0305497493903517,0.32869193642366723,15,False,11,0,0,0,0,5815,5749,5393,5607,5677,5705,4746,5668,5930,5863,5771,5533,5753,5917,4855,5971,5953,5957,5975,5926,5482,5812,5901,5941,0.0060222201876606206,0.0038908606191622973,0.00425933480531009,0.006323418764254858,0.004224744982392826,0.009660480257120983,0.013619616966470774,0.008715656839557941,0.006323418764254858,0.004224744982392826,0.012419473083878665,0.008997380939964605,0.011526983151509585,0.012103499919324601,0.01061362519250191,0.013619616966470774,0.0038908606191622973,0.013619616966470774,0.012415648133449855,0.011385476426537346,0.01061362519250191,0.008593487110742891,0.011144460781515493,0.012415648133449855,0.12520422262776457,0.16425977936245145,0.046430237421096664,0.20159311151665346,0.13976534134804816,0.0672443440156212,0.32869193642366723,0.09786586013304394,0.20159311151665346,0.13976534134804816,0.1743187046849841,0.0305497493903517,0.13865506916437192,0.21504395805326082,0.08883585232665606,0.32869193642366723,0.16425977936245145,0.32869193642366723,0.2983772913865942,0.15885900047480422,0.08883585232665606,0.2921484377207148,0.16522474121554498,0.2983772913865942
249,24,0.008612295968623203,0.003853888983014597,0.014126038529393975,0.1736329638923947,0.028003936941155723,0.30130094172169497,16,False,12,0,0,0,0,5984,5815,5393,5607,5705,5998,4746,5668,5971,5930,5985,5992,5771,5533,5753,5917,4855,5953,5749,5677,5996,5926,5482,5941,0.006492399274310777,0.005900099487341549,0.004081898542053935,0.006329170515160925,0.009312172824451211,0.011326308631050634,0.014126038529393975,0.008473782557546642,0.014126038529393975,0.006492399274310777,0.004263172255228246,0.003953280445938829,0.012336168465920483,0.008584298092651632,0.01133586224369976,0.01216023648934738,0.010293012632780228,0.003953280445938829,0.003853888983014597,0.004155989642474218,0.010558468536668093,0.011260243179619996,0.010558468536668093,0.012768425131992068,0.2681270188902657,0.11477053740878418,0.042561050969338605,0.18479368555693232,0.06164064868098609,0.23478934611424956,0.30130094172169497,0.08971037178862361,0.30130094172169497,0.2681270188902657,0.2114515629023775,0.23390479774891385,0.15979214596123542,0.028003936941155723,0.12710048006734093,0.19712362821548907,0.08143286463276805,0.23390479774891385,0.1505714644155805,0.12811822956904415,0.1647661979661014,0.1456207504352372,0.1647661979661014,0.273512517104378
250,24,0.008653739953927986,0.003907616856938942,0.014914283349867772,0.19620922259833815,0.025670275529392744,0.359525863244887,17,False,13,0,0,0,0,5984,5815,6010,5607,5705,5998,4746,4855,5971,5930,5393,6017,6019,6004,5771,5533,5753,5917,6008,5953,5992,6007,5668,5941,0.006620540324167894,0.005763587062891915,0.004389199954987161,0.006305189183231855,0.009193483764637723,0.011442510580531392,0.014539315658887823,0.009961408392636525,0.014914283349867772,0.006620540324167894,0.003907616856938942,0.004095824890646433,0.004180132545708059,0.009193483764637723,0.01220366741138736,0.008184342445079231,0.011111889904854226,0.012156070042636916,0.014914283349867772,0.004095824890646433,0.003992849644308666,0.008431811278318156,0.008431811278318156,0.01304009199491567,0.2457831006494102,0.10520632595805215,0.2771639326605127,0.16939421176052127,0.13983726129090393,0.21522356727139544,0.2761925299115537,0.07464679258003738,0.359525863244887,0.2457831006494102,0.03901429672189372,0.297746064603171,0.2007750437716238,0.13983726129090393,0.14647613379779914,0.025670275529392744,0.1165087733950625,0.18069665919753164,0.359525863244887,0.297746064603171,0.21441273126983768,0.16556784080623832,0.16556784080623832,0.25071980734567983
251,24,0.008691235179630455,0.0037370620277301135,0.015603017787199091,0.19333844129773592,0.023531085901943347,0.3295653746411464,18,False,14,0,0,0,0,5984,5930,5607,5705,5998,5917,4855,5971,5815,6010,6017,6004,5533,4746,5941,6031,5953,5393,6019,5771,5753,6008,5992,6024,0.006882117769174751,0.006709090896315828,0.00625426407189701,0.00904404718930902,0.011496727039531418,0.01209612165943803,0.009870335922356862,0.015603017787199091,0.005615170719371148,0.004487173425012004,0.004211458594236636,0.00904404718930902,0.007797922635832569,0.014859811157480848,0.01323278968703166,0.009870335922356862,0.004211458594236636,0.0037370620277301135,0.004182976199030846,0.012027646062581523,0.01086007680187797,0.015603017787199091,0.004010857403447223,0.006882117769174751,0.308634508928626,0.22530117559529267,0.1552780274471445,0.1281841561833286,0.19728826999877913,0.165638604264404,0.15175955986503425,0.3295653746411464,0.09643913212821448,0.2540669382721366,0.27293389255290673,0.1281841561833286,0.023531085901943347,0.25317648575225754,0.22982649006687317,0.15175955986503425,0.27293389255290673,0.03576310532840258,0.18404379012398847,0.1342697893146492,0.10679970894547396,0.3295653746411464,0.19654500366401786,0.308634508928626
252,24,0.008661696640381815,0.0035706982823768578,0.01618714822744704,0.1800717913605442,0.0215701620767814,0.30210159342105086,0,False,14,0,0,0,0,5984,5930,5607,5705,5998,5917,4855,5971,5815,6010,6004,5533,4746,5941,6052,6063,5953,5393,6017,6019,5771,5753,6031,5992,0.0070980287459387545,0.006759933763682165,0.006179270066944171,0.008868047510213282,0.011789729605269033,0.011985810211832034,0.009742376293831486,0.01618714822744704,0.005457158990242988,0.004557752770982228,0.008868047510213282,0.007425297095762489,0.015089779099726721,0.013349980958162668,0.011789729605269033,0.00999363133425168,0.004300366506537057,0.0035706982823768578,0.004300366506537057,0.004166251660862652,0.011813704506313643,0.010585145372225458,0.00999363133425168,0.004008833410290091,0.28291496651790715,0.20652607762901828,0.1423381918265491,0.1175021431680512,0.26418091416554756,0.15183538724237033,0.1391129298762814,0.30210159342105086,0.0884025377841966,0.2328946934161252,0.1175021431680512,0.0215701620767814,0.23207844527290272,0.21067428256130039,0.26418091416554756,0.22244626320961475,0.25018940150683117,0.032782846551035694,0.25018940150683117,0.16870680761365608,0.12308064020509508,0.09789973320001778,0.22244626320961475,0.18016625335868303
253,24,0.00867755905913795,0.0034088938376923288,0.016664462717613474,0.17310852477983918,0.01977264857038295,0.27692646063596327,0,False,15,0,0,0,0,5984,5930,5607,5705,6077,5998,5917,4855,5971,5815,6010,6004,5533,5941,6052,6031,6063,5953,5393,6017,6019,4746,5992,5753,0.007268165599243305,0.006775437638042302,0.0060830880498016215,0.008669495271532768,0.01213578884002423,0.012009143784266915,0.01213578884002423,0.009582073472626743,0.016664462717613474,0.005291668821505921,0.004602070042899528,0.008669495271532768,0.007066595228955905,0.013396154778252034,0.012009143784266915,0.010061316476177187,0.010061316476177187,0.004363266157906305,0.0034088938376923288,0.004363266157906305,0.004131806501343725,0.01523302139525189,0.00398847102741059,0.010291487248856604,0.25933871930808156,0.18931557115993342,0.13047667584100334,0.10771029790404693,0.22251577163883948,0.24216583798508526,0.22251577163883948,0.12752018571992463,0.27692646063596327,0.08103565963551354,0.21348680229811476,0.10771029790404693,0.01977264857038295,0.19311809234785868,0.24216583798508526,0.20390907460881352,0.20390907460881352,0.22934028471459522,0.030050942671782717,0.22934028471459522,0.15464790697918473,0.21273857483349415,0.1651523989121261,0.0897414221000163
254,24,0.009010307939546424,0.004186804783326444,0.017035305180010965,0.1805523687120445,0.01812492785618437,0.2568726068966056,0,False,15,0,0,0,0,5984,5930,5705,6077,5998,5917,4855,5971,5815,5607,6116,6107,6004,5533,5941,6031,6063,5953,6010,6097,6019,4746,6052,5753,0.007393396475784791,0.006932616180969628,0.008452175591007225,0.012218220317110761,0.01215744383486956,0.012218220317110761,0.00939385648400817,0.017035305180010965,0.005120620359971028,0.005968540736748675,0.004186804783326444,0.008670156467100228,0.008670156467100228,0.006721836465078103,0.01337654901841062,0.010077002872544275,0.010077002872544275,0.004401308376746432,0.004621626632031531,0.006932616180969628,0.004186804783326444,0.015294548765884663,0.01215744383486956,0.009983137551590193,0.2377271593657414,0.2568726068966056,0.09873443974537635,0.20397279066893617,0.22198535148632814,0.20397279066893617,0.11689350357659757,0.25384925558296634,0.07428268799922075,0.11960361952091972,0.22509391473091933,0.1820677730787097,0.1820677730787097,0.01812492785618437,0.1770249179855371,0.18691665172474572,0.18691665172474572,0.2102285943217123,0.19569623543993853,0.2568726068966056,0.22509391473091933,0.1950103602640363,0.22198535148632814,0.08226297025834828
255,24,0.008881375215140803,0.004218288360846139,0.01730220078472287,0.1917221332923259,0.016614517201502338,0.28966942183667604,0,False,15,0,0,0,0,5984,5930,5705,6077,5998,5917,4855,5971,5815,5607,6116,6107,6004,5533,6132,5953,6010,6140,6019,4746,6123,5941,6135,6063,0.0074753974954841935,0.007047196062835884,0.008219612807700387,0.012553091644362933,0.012238204076615617,0.012237487892031905,0.009181966147582675,0.01730220078472287,0.00494573738317695,0.005838342844912799,0.004218288360846139,0.008630712966892148,0.008853298306438578,0.006390947290469041,0.008853298306438578,0.004415979962727024,0.004618196395888238,0.004327077652148662,0.004327077652148662,0.015280261186259095,0.012553091644362933,0.013296899838579087,0.010303846388942125,0.01004479207181277,0.2179165627519296,0.23546655632188848,0.09050656976659499,0.27030839144652485,0.2034865721958008,0.18697505811319148,0.10715237827854777,0.23269515095105248,0.06809246399928569,0.10963665122750973,0.2063360885033427,0.16689545865548389,0.2502287919888172,0.016614517201502338,0.2502287919888172,0.19270954479490293,0.17938821581994363,0.28966942183667604,0.28966942183667604,0.1787594969086999,0.27030839144652485,0.16227284148674234,0.25467359741435025,0.1713402640810169
256,24,0.009254078521992457,0.004227738001007985,0.017469462191090995,0.18195024949611938,0.015229974101377143,0.3311160254926478,0,False,15,0,0,0,0,5984,5930,5705,6077,5998,5917,4855,5971,5815,5607,6116,6107,6164,5533,6132,5953,6010,6140,6004,4746,6123,5941,6135,6063,0.007516484590477274,0.00712084714084408,0.007975048805703593,0.0128086766429154,0.012255833975986695,0.012198570730792311,0.008950401493372086,0.017469462191090995,0.004768552072612226,0.005695064117921942,0.004227738001007985,0.008555015702077867,0.01313901130363699,0.0060737763848891565,0.008982890882976586,0.004409012458203257,0.004593737639549461,0.004439186375268049,0.008982890882976586,0.015196657955343485,0.01313901130363699,0.013163222655262371,0.010467695482841722,0.009969095738431882,0.1997568491892688,0.21584434329506444,0.08296435561937873,0.24778269215931445,0.1865293578461507,0.17139380327042553,0.09822301342200213,0.2133038883717981,0.06241809199934521,0.10050026362521726,0.18914141446139746,0.1529875037675269,0.3311160254926478,0.015229974101377143,0.22937639265641577,0.17665041606199436,0.16443919783494831,0.2655303033502864,0.22937639265641577,0.16386287216630824,0.3311160254926478,0.14875010469618047,0.23345079762982104,0.15706190874093215
257,24,0.009601980381910171,0.00421685104687222,0.01754280023131597,0.18751161727226276,0.013960809592929047,0.32673611140442915,0,False,15,0,0,0,0,5984,5930,5705,6077,5998,5917,4855,5971,5815,6185,6107,6164,5533,6132,5607,6116,6004,6186,4746,6123,5941,6135,6063,6168,0.007713379166700597,0.007155830972337443,0.0077214325816490495,0.012987266080006863,0.012215333446313934,0.012106825334704783,0.008702883206470967,0.01754280023131597,0.004590413006979542,0.004640172718329113,0.008447012713023817,0.013636818227761902,0.005770108001964504,0.009061302088068494,0.005541103559067528,0.00421685104687222,0.009294992283738594,0.009294992283738594,0.015050583383353992,0.013636818227761902,0.012981626679955382,0.010571124471756586,0.00985448028727172,0.007713379166700597,0.2664437784234964,0.1978573146871424,0.07605065931776384,0.22713413447937156,0.1709852446923048,0.1571109863312234,0.09003776230350194,0.19552856434081492,0.05721658433273311,0.32673611140442915,0.14023854512023298,0.3035230233682605,0.013960809592929047,0.21026169326838112,0.09212524165644916,0.17337962992294767,0.29359502660171444,0.29359502660171444,0.15020763281911587,0.3035230233682605,0.1363542626381654,0.21399656449400262,0.14397341634585448,0.2664437784234964
258,24,0.009403290627639936,0.00418746461335216,0.017528956479498085,0.18896311510543382,0.012797408793518292,0.35246210771823827,0,False,15,0,0,0,0,5984,5930,5705,6077,5998,5917,4855,5971,5815,6185,6208,6164,5533,6132,5607,6116,6107,6004,6186,4746,6123,6202,6168,6063,0.007861911327355633,0.007154849350388358,0.007461418810248692,0.013092406139740867,0.012122074718241196,0.011967796755379668,0.008442831418893959,0.017528956479498085,0.00441249542595502,0.004810073661802858,0.009792501998100491,0.014044520959340036,0.005479673736144754,0.009091591862942368,0.005378673172430875,0.00418746461335216,0.008524974558883744,0.009792501998100491,0.009546303654069643,0.01484901069560781,0.014044520959340036,0.008524974558883744,0.007861911327355633,0.009705536881302363,0.24424013022153837,0.18136920512988053,0.06971310437461685,0.20820628993942392,0.1567364743012794,0.14401840413695477,0.08253461544487678,0.17923451731241366,0.052448535638338685,0.2995081021207267,0.35246210771823827,0.2782294380875721,0.012797408793518292,0.19273988549601603,0.08444813818507839,0.1589313274293687,0.21188533302688023,0.35246210771823827,0.2691287743849049,0.13769033008418954,0.2782294380875721,0.21188533302688023,0.24424013022153837,0.1319756316503666
259,24,0.009644136916271336,0.004141488973291006,0.017435369528606984,0.20092144584619973,0.011730958060725102,0.4064235987417184,0,False,16,0,0,0,0,5984,5930,5705,6237,6077,5998,5917,4855,6235,5815,5607,6185,6208,6164,5533,6132,5971,6168,6116,6107,6226,6236,6123,6202,0.007963622975886162,0.007120906060107223,0.007197373398928277,0.008778055892084309,0.013128610575633444,0.01198161410898462,0.011787060610628031,0.00817335527862972,0.014975367612896974,0.004235812979128772,0.005209789562845561,0.004948313658931965,0.010488153934441701,0.01436230120046331,0.0052021628189736525,0.009077324348950137,0.017435369528606984,0.007963622975886162,0.004141488973291006,0.008557362260889689,0.010488153934441701,0.014732703703899171,0.014732703703899171,0.008778055892084309,0.22388678603641016,0.16625510470239047,0.06390367901006544,0.2775615552746402,0.19085576577780525,0.14367510144283946,0.1320168704588752,0.07565673082447037,0.2095494692438404,0.04807782433514379,0.07741079333632185,0.27454909361066615,0.4064235987417184,0.2550436515802744,0.011730958060725102,0.17667822837134803,0.1642983075363792,0.22388678603641016,0.14568705014358796,0.19422822194130687,0.4064235987417184,0.3383769849136078,0.3383769849136078,0.2775615552746402
260,24,0.00935734765420172,0.004061230324610109,0.01726988197288281,0.18305475325059914,0.010753378222331344,0.37255496551324185,0,False,16,0,0,0,0,5984,5930,5705,6242,6237,6077,5998,5917,4855,6235,5815,5607,6185,6208,6164,5533,6247,6132,5971,6168,6116,6226,6236,6202,0.00802079479689173,0.00705718495717875,0.00711014408192836,0.00711014408192836,0.008974994652949911,0.013101092095698387,0.011799534639320547,0.011570095130572281,0.008100921370669088,0.015022429596860362,0.004061230324610109,0.005036271860707709,0.005055063708413942,0.011117574087875632,0.014592199185337804,0.00493723108398413,0.008100921370669088,0.009022398262060652,0.01726988197288281,0.00802079479689173,0.0040808515773970875,0.011117574087875632,0.015322021325187306,0.008974994652949911,0.2052295538667093,0.15240051264385793,0.14191170575922665,0.14191170575922665,0.2544314256684202,0.1749511186296548,0.13170217632260284,0.12101546458730225,0.15268533658909783,0.19208701347352036,0.04407133897388181,0.07095989389162836,0.25167000247644394,0.37255496551324185,0.23379001394858487,0.010753378222331344,0.15268533658909783,0.1619550426737357,0.1506067819083476,0.2052295538667093,0.1335464626316223,0.37255496551324185,0.3101789028374738,0.2544314256684202
261,24,0.009272246689762153,0.003889476074583873,0.017040491184350966,0.17023297194397616,0.009857263370470397,0.34150871838713837,0,False,17,0,0,0,0,5984,5930,5705,6242,6237,6077,5998,6287,4855,6235,5815,5607,6185,6208,6164,5533,6247,5917,6132,5971,6168,6116,6236,6202,0.008036271574264769,0.006966945823482519,0.0069986366816798,0.0069986366816798,0.009117094252915207,0.013015520756290918,0.011581318685788123,0.009352223323682194,0.007997974170266077,0.014996112258677204,0.003889476074583873,0.004859744591199583,0.005131129463937907,0.011673501429214816,0.01473778168435917,0.0046845087336099085,0.007997974170266077,0.011322181237204663,0.008930898749598648,0.017040491184350966,0.008036271574264769,0.004007451511468118,0.01580955261782436,0.009352223323682194,0.18812709104448352,0.13970046992353644,0.1300857302792911,0.1300857302792911,0.2332288068627185,0.1603718587438502,0.12072699496238593,0.31656214019605183,0.13996155854000633,0.176079762350727,0.040398727392724994,0.06504656940065934,0.2306975022700736,0.34150871838713837,0.21430751278620278,0.009857263370470397,0.13996155854000633,0.1109308425383604,0.14845878911759106,0.13805621674931862,0.18812709104448352,0.12241759074565375,0.28433066093435094,0.31656214019605183
262,24,0.00937529897174372,0.0037211557000757485,0.016755143981133074,0.163284215722499,0.00903582475626453,0.3130496585215435,1,False,18,0,0,0,0,5984,5930,5607,5705,6291,6237,6077,5998,6287,4855,6235,5815,6185,6242,6164,5533,6247,5917,6132,5971,6168,6208,6236,6202,0.008013300231937782,0.006853438184577891,0.0046816442794553135,0.006866097286343045,0.00704317334039583,0.009206605783295225,0.012877813716924204,0.011332248641540041,0.009667069942821417,0.007868244073926965,0.014902873792562278,0.0037211557000757485,0.00517783445157185,0.00704317334039583,0.014803812818108244,0.004443607033971044,0.007868244073926965,0.011048327894418961,0.008806972041645248,0.016755143981133074,0.008013300231937782,0.012151102967035286,0.01619492157102782,0.009667069942821417,0.17244983345744322,0.12805876409657507,0.05962602195060439,0.11924525275601684,0.2025785860893502,0.21379307295749195,0.14700753718186269,0.11066641204885376,0.29018196184638084,0.12829809532833913,0.16140644882149974,0.03703216677666458,0.21147271041423413,0.2025785860893502,0.19644855338735254,0.00903582475626453,0.12829809532833913,0.1016866056601637,0.1360872233577918,0.12655153202020872,0.17244983345744322,0.3130496585215435,0.2606364391898217,0.29018196184638084
263,24,0.009211907522233718,0.0035567641046649473,0.016479949995836865,0.15327567992157085,0.008282839359909151,0.2869621869780815,2,False,18,0,0,0,0,5984,5930,5607,5705,6291,6237,6077,5998,6287,4855,6235,5815,6185,6242,6164,5533,6247,5917,6132,5971,6168,6208,6236,6325,0.007955384981998445,0.006719832353260491,0.00450322875905064,0.006715645951569234,0.007051525899245018,0.009246522610587123,0.012693957977516586,0.01105733280319626,0.009918954485471889,0.007715372071859857,0.014749471645409802,0.0035567641046649473,0.005196905194377456,0.007233384141156762,0.014795942673596735,0.004214124054877223,0.007715372071859857,0.010753219565477359,0.008654722735310729,0.01642157313755948,0.007955384981998445,0.012547824196571258,0.016479949995836865,0.007233384141156762,0.15807901400265628,0.11738720042186047,0.05465718678805402,0.1093081483596821,0.185697037248571,0.1959769835443676,0.13475690908337412,0.10144421104478261,0.26600013169251574,0.11760658738431087,0.1479559114197081,0.03394615287860919,0.19384998454638128,0.2690303705819044,0.18007784060507315,0.008282839359909151,0.11760658738431087,0.09321272185515006,0.12474662141130914,0.11600557101852466,0.15807901400265628,0.2869621869780815,0.23891673592400323,0.2690303705819044
264,24,0.008263206492928275,0.0033966976579686706,0.016047172265297213,0.15915129646100862,0.007592602746583388,0.2610291525008495,3,False,18,0,0,0,0,5984,5930,6337,5607,5705,6291,6237,6077,5998,6287,4855,6235,5815,6185,6339,6242,6164,5533,6247,6352,6132,5971,6348,6325,0.00786616193815609,0.006738584577304553,0.006738584577304553,0.004325588320965359,0.006719164596035397,0.0070265852073634295,0.009240386305245957,0.012469865664472283,0.010761253309148585,0.010108701949838695,0.00754284845709723,0.014542756880329718,0.0033966976579686706,0.005324222255578809,0.006719164596035397,0.0073780166390989286,0.01472042394059135,0.00399564956338395,0.007737377865201833,0.007737377865201833,0.008478132503981037,0.016047172265297213,0.005324222255578809,0.0073780166390989286,0.14490576283576825,0.1909382670533721,0.1909382670533721,0.05010242122238285,0.1835324693297086,0.17022228414452342,0.17964556824900363,0.1235271666597596,0.09299052679105073,0.24383345405147275,0.1078060384356183,0.13562625213473242,0.031117306805391758,0.2610291525008495,0.1835324693297086,0.24661117303341235,0.16507135388798372,0.007592602746583388,0.19113937176895163,0.19113937176895163,0.11435106962703337,0.10633844010031426,0.2610291525008495,0.24661117303341235
265,24,0.00818587161871682,0.0032412655459480174,0.015638904767800423,0.1475315478650366,0.006959885851034772,0.23927672312577872,4,False,18,0,0,0,0,5984,5930,6337,5607,5705,6291,6237,6077,5998,6287,4855,6235,5815,6185,6339,6242,6164,5533,6247,6352,6132,5971,6348,6370,0.007749293951167237,0.00672461542642953,0.00672461542642953,0.004149657997482579,0.006691341387170433,0.006971450347288699,0.009192110208726898,0.012211259985900407,0.010448332838270681,0.010238314647323273,0.007543626015574765,0.014289505886695914,0.0032412655459480174,0.00541852382935697,0.006691341387170433,0.007478432877383408,0.0145838626738999,0.003787769170094824,0.007721773145533568,0.007721773145533568,0.008280998343090883,0.015638904767800423,0.00541852382935697,0.007543626015574765,0.13283028259945423,0.1750267447989244,0.1750267447989244,0.04592721945385094,0.1682380968855662,0.15603709379914646,0.16467510422825332,0.11323323610477963,0.08524131622512983,0.22351399954718335,0.1821555352326501,0.12432406445683805,0.028524197904942445,0.23927672312577872,0.1682380968855662,0.22606024194729465,0.15131540773065175,0.006959885851034772,0.17521109078820565,0.17521109078820565,0.10482181382478059,0.09747690342528807,0.23927672312577872,0.1821555352326501
266,24,0.008143239879073208,0.003090700348190196,0.015203242205101677,0.1429406380129421,0.00637989536344854,0.23755158881176902,5,False,18,0,0,0,0,5984,5930,6337,5607,5705,6291,6237,6077,5998,6287,4855,6235,5815,6185,6388,6398,6242,6164,5533,6247,6352,6132,5971,6370,0.00760838522994844,0.0066808343160376345,0.0066808343160376345,0.003976230416747227,0.006806268409452375,0.006889321237161585,0.009105824388116107,0.011923589046945004,0.010122516858568253,0.010310740107982583,0.007509492079316741,0.013996287386461739,0.003090700348190196,0.005480999661583836,0.006806268409452375,0.006806268409452375,0.007536708176759148,0.014393005946181535,0.003590067818391899,0.007671896085465247,0.007671896085465247,0.008066888079621411,0.015203242205101677,0.007509492079316741,0.12176109238283304,0.16044118273234736,0.16044118273234736,0.04209995116603003,0.23755158881176902,0.1430340026492176,0.15095217887589887,0.10379713309604799,0.078137873206369,0.20488783291825138,0.16697590729659592,0.11396372575210155,0.026147181412863908,0.21933699619863048,0.23755158881176902,0.23755158881176902,0.20722188845168676,0.1387057904197641,0.00637989536344854,0.16061016655585517,0.16061016655585517,0.09608666267271554,0.0893538281398474,0.16697590729659592
267,24,0.008021297376804456,0.002945167794093424,0.014746127381399032,0.13102891817853024,0.005848237416494495,0.21775562307745494,6,False,18,0,0,0,0,5984,5930,6337,5607,5705,6291,6237,6077,5998,6287,4855,6235,5815,6185,6388,6398,6242,6164,5533,6247,6352,6132,5971,6370,0.0074469144833938005,0.006610277987880941,0.006610277987880941,0.0038059687873274297,0.006881419114454816,0.006783408980318543,0.008985743654358148,0.011611964203212297,0.009787368427437302,0.010329646787466795,0.00744379641941469,0.013669361583281695,0.002945167794093424,0.005513317982879662,0.006881419114454816,0.006881419114454816,0.00755546593164688,0.01415456659097336,0.003402132698082083,0.007591232441490746,0.007591232441490746,0.007839110716499294,0.014746127381399032,0.00744379641941469,0.11161433468426361,0.14707108417131842,0.14707108417131842,0.03859162190219419,0.21775562307745494,0.13111450242844946,0.13837283063624062,0.09514737200471066,0.07162638377250491,0.18781384684173041,0.15306124835521293,0.10446674860609308,0.02396824962845858,0.20105891318207794,0.21775562307745494,0.21775562307745494,0.18995339774737952,0.12714697455145044,0.005848237416494495,0.1472259860095339,0.1472259860095339,0.08807944078332257,0.08190767579486011,0.15306124835521293
268,24,0.007684912439668209,0.002804775682044862,0.01427295768009305,0.12837009499508928,0.0219708954927537,0.21814849382370854,7,False,19,0,0,0,0,5984,5930,6337,6433,5705,6291,6237,6077,6450,5998,6287,4855,6235,5815,5607,6185,6388,6398,6242,6164,5533,6352,6132,5971,0.007268184795479569,0.006684067017927849,0.0065160194411671545,0.006684067017927849,0.00691892962207669,0.0066568634515890256,0.008836058731144465,0.01128111943643208,0.0033066908777546434,0.009446072836570096,0.010299216263210334,0.007349973857746432,0.013314607682672936,0.002804775682044862,0.003639419677948038,0.005517507251292888,0.00691892962207669,0.00691892962207669,0.007537723775261892,0.013875083386997522,0.0033066908777546434,0.007483310750736731,0.0076006991940548675,0.01427295768009305,0.10231314012724164,0.21814849382370854,0.1348151604903752,0.21814849382370854,0.1996093211543337,0.12018829389274534,0.1268417614165539,0.08721842433765144,0.08869421763178663,0.06565751845812949,0.17216269293825287,0.14030614432561184,0.09576118622225198,0.0219708954927537,0.03537565341034467,0.18430400375023812,0.1996093211543337,0.1996093211543337,0.1741239479350979,0.11655139333882956,0.08869421763178663,0.13495715384207274,0.08073948738471236,0.07508203614528842
269,24,0.007725349993019393,0.0026695819698384945,0.013788584534819723,0.1263840186701969,0.020139987535024224,0.20704405768856668,8,False,18,0,0,0,0,5984,5930,6337,6433,5705,6291,6237,6077,6477,5998,6287,4855,6235,5815,5607,6185,6388,6398,6242,6164,6450,6352,6132,5971,0.007075288168535891,0.006721241328321379,0.0064010935733631764,0.006721241328321379,0.006921376150150551,0.006512716925901484,0.00866084951849116,0.010935388274566945,0.007541214281254065,0.009101449725185416,0.010223957501089218,0.007231452482568768,0.012937475766227932,0.0026695819698384945,0.003477025346380674,0.005495847483406815,0.006921376150150551,0.006921376150150551,0.007486755471673231,0.0135608138054573,0.003206676338959125,0.007541214281254065,0.007354403276397551,0.013788584534819723,0.09378704511663817,0.19996945267173283,0.12358056378284393,0.19996945267173283,0.18297521105813921,0.11017260273501656,0.11627161463184107,0.07995022230951382,0.20704405768856668,0.0601860585866187,0.15781580186006514,0.12861396563181085,0.08778108737039764,0.020139987535024224,0.032427682292815944,0.1689453367710516,0.18297521105813921,0.18297521105813921,0.15961361894050638,0.10683877722726043,0.08130303282913774,0.20704405768856668,0.07401119676931966,0.06882519979984772
270,24,0.007420247880408266,0.002539602062167919,0.01329732537404338,0.11891314919587836,0.01846165524043887,0.18979038621451944,9,False,18,0,0,0,0,5984,5930,6337,6433,5705,6291,6237,6077,6477,5998,6287,4855,6235,5815,5607,6185,6388,6242,6164,6450,6500,6352,6132,5971,0.006871082577883498,0.006724296200665472,0.006268438568884146,0.006724296200665472,0.006891639850798448,0.006353842131837763,0.008464018636921455,0.010578694974675808,0.007559606704742305,0.00875597062599364,0.010108546178913418,0.0070915800803922225,0.012542959029939203,0.002539602062167919,0.0033191354446413693,0.005450773830754107,0.006891639850798448,0.007405970943520272,0.01321765572002683,0.0031832884841307297,0.0031832884841307297,0.007559606704742305,0.007102690468529444,0.01329732537404338,0.08597145802358498,0.18330533161575507,0.11328218346760693,0.18330533161575507,0.16772727680329427,0.1009915525070985,0.10658231341252099,0.073287703783721,0.18979038621451944,0.05517055370440047,0.14466448503839305,0.11789613516249327,0.08046599675619782,0.01846165524043887,0.029725375435081282,0.1548665587067973,0.16772727680329427,0.1463124840287975,0.09793554579165539,0.1578611134267096,0.1578611134267096,0.18979038621451944,0.06784359703854302,0.06308976648319374
271,24,0.007342378735805506,0.002414815333311466,0.012851094152653788,0.12685603919018526,0.016923183970402298,0.23708333706968643,10,False,19,0,0,0,0,5984,5930,6337,6433,6521,5705,6520,6291,6237,6077,6477,5998,6287,6524,4855,6235,5815,5607,6388,6164,6500,6352,6132,5971,0.006658179423240921,0.006696025730505527,0.006120851595661613,0.006696025730505527,0.0074870511083281665,0.006832787207507105,0.007009004197513103,0.0061829228966228415,0.008249242994968405,0.010214556981232551,0.007541510484187035,0.008411780238966047,0.009957690005132915,0.00322856547407181,0.006933567383709064,0.01213558261025704,0.002414815333311466,0.0031660179868340005,0.007009004197513103,0.012851094152653788,0.00322856547407181,0.007541510484187035,0.006847753107259786,0.01280298486109146,0.0788071698549529,0.16802988731444216,0.10384200151197302,0.16802988731444216,0.21745311035973106,0.15375000373635309,0.23708333706968643,0.09257558979817362,0.09770045396147757,0.06718039513507758,0.17397452069664282,0.0505730075623671,0.13260911128519362,0.2280393539744838,0.10807145723228549,0.07376049702651467,0.016923183970402298,0.027248260815491174,0.23708333706968643,0.08977425030901744,0.2280393539744838,0.17397452069664282,0.062189963951997766,0.057832285942927594
272,24,0.007318374041262892,0.002295170931190888,0.012466169094429606,0.12367642429410754,0.015512918639535439,0.24280997730525591,11,False,13,0,0,0,0,5984,5930,6337,6433,6521,5705,6520,6291,6237,6550,6235,5815,5607,6388,6077,6549,5998,6287,6524,4855,5971,6528,6164,6132,0.006604999083633056,0.006639406301481104,0.0059609571053460455,0.006639406301481104,0.007527225085814953,0.006747967544547373,0.007085464041850191,0.006002435488874645,0.008019940924612598,0.006761514751174233,0.011719405552049124,0.002295170931190888,0.003017869512968914,0.007085464041850191,0.009846096019136765,0.00768337476662072,0.008070720035569629,0.009776019447398738,0.00325552805447255,0.006760446335393393,0.0123088827356063,0.006604999083633056,0.012466169094429606,0.006761514751174233,0.15557323903370684,0.1540273967049053,0.09518850138597526,0.1540273967049053,0.19933201782975346,0.1409375034249903,0.2173263923138792,0.08486095731499249,0.08955874946468777,0.1403408002893313,0.06761378894097178,0.015512918639535439,0.024977572414200244,0.2173263923138792,0.06158202887382111,0.24280997730525591,0.04635859026550317,0.12155835201142748,0.20903607447661013,0.09906550246292836,0.05301292878101696,0.15557323903370684,0.08229306278326598,0.1403408002893313
273,24,0.00719536502516933,0.0021805929137494657,0.011817886022406061,0.12905690516479532,0.014220175419574151,0.2825491929543893,12,False,13,0,0,0,0,6562,6337,6433,6521,5705,6558,6520,6291,6237,6550,6235,5984,5930,5607,6388,6077,6549,5998,6287,6524,4855,5971,5815,6132,0.011589408154873287,0.005791185932703064,0.006557496666313332,0.007529301878526723,0.006640327935890735,0.007306937851583198,0.007306937851583198,0.005814638816547987,0.00777925241233883,0.006652547098173438,0.011589408154873287,0.0065263390825937235,0.006557496666313332,0.002874824418648949,0.007123230357896186,0.00947605554522166,0.0077796596766626785,0.007734353073170589,0.009568002228672504,0.003265289386446999,0.006575041380701244,0.011817886022406061,0.0021805929137494657,0.006652547098173438,0.14531263986255746,0.08725612627047732,0.14119178031282986,0.18272101634394067,0.12919271147290778,0.2825491929543893,0.2825491929543893,0.07778921087207645,0.08209552034263046,0.1286457335985537,0.14531263986255746,0.1426088024475646,0.14119178031282986,0.02289610804635022,0.19921585962105592,0.05645019313433602,0.22257581252981792,0.04249537441004458,0.11142848934380851,0.19161640160355928,0.09081004392435099,0.04859518471593221,0.014220175419574151,0.1286457335985537
274,24,0.007104522233882099,0.0020709847708270607,0.011418524918448534,0.1279419942699774,0.013035160801276304,0.26594787131930125,13,False,13,0,0,0,0,6562,6337,6433,6521,5705,6558,6520,6291,6237,6550,6235,5984,5930,5607,6388,6077,6549,5998,6287,6524,4855,6590,5971,5815,0.011418524918448534,0.005613763408815127,0.006453354935552957,0.007496419999122894,0.006512944878010347,0.007481315667384907,0.007481315667384907,0.005621571762580402,0.007530030062680632,0.006523930065381146,0.011418524918448534,0.006425241831313154,0.006453354935552957,0.002736963448317852,0.007308716072791619,0.009106822640710447,0.007832634178563976,0.007403989142381737,0.00933787928381096,0.0032591393936924153,0.006379951763623014,0.007308716072791619,0.01133244379498315,0.0020709847708270607,0.13320325320734433,0.07998478241460422,0.12942579862009404,0.1674942649819456,0.11842665218349879,0.25900342687485683,0.25900342687485683,0.07130677663273674,0.07525422698074458,0.11792525579867422,0.13320325320734433,0.1307247355769342,0.12942579862009404,0.0209880990424877,0.26594787131930125,0.051746010373141346,0.20402782815233308,0.03895409320920753,0.10214278189849113,0.17564836813659598,0.0832425402639884,0.26594787131930125,0.04454558598960452,0.013035160801276304
275,24,0.00740754925907271,0.0026043213703292154,0.011212068225777314,0.1407772355370409,0.019239090788947057,0.3207531413019521,14,False,13,0,0,0,0,6562,6337,6433,6521,5705,6606,6558,6520,6291,6237,6550,6235,5984,5930,5607,6388,6077,6549,6287,6524,4855,6590,5971,6622,0.011212068225777314,0.005430704803028887,0.006329971872063956,0.007431917646376565,0.0063687714668429355,0.007805752927255893,0.00760950446644607,0.007805752927255893,0.005425056110065865,0.007274838621317378,0.006378617621812446,0.011212068225777314,0.006304689639720986,0.006329971872063956,0.0026043213703292154,0.007448421209270953,0.00874045276403673,0.007845106820647617,0.009089619517862548,0.0032384843337357034,0.006177542879707174,0.007448421209270953,0.011134562843539352,0.011134562843539352,0.1221029821067323,0.07331938388005386,0.11864031540175286,0.15353640956678347,0.10855776450154056,0.3207531413019521,0.23741980796861875,0.3207531413019521,0.06536454524667534,0.06898304139901586,0.1080981511487847,0.1221029821067323,0.11983100761218968,0.11864031540175286,0.019239090788947057,0.24378554870935948,0.047433842842046235,0.18702550913963864,0.0936308834069502,0.161011004125213,0.07630566190865604,0.24378554870935948,0.12416678715713748,0.12416678715713748
276,24,0.007299151474164487,0.0024768938667666567,0.01097516840889546,0.1290457992422875,0.017635833223201468,0.29402371286012274,15,False,13,0,0,0,0,6562,6337,6433,6521,5705,6606,6558,6520,6291,6237,6550,6235,5984,5930,5607,6388,6077,6549,6287,6524,4855,6590,5971,6622,0.01097516840889546,0.0052438165595072575,0.006190219277386792,0.007339221511933692,0.006210598442069971,0.0080780139171522,0.007693240049682205,0.0080780139171522,0.0052267036996880055,0.007015961120660745,0.006219399359158673,0.01097516840889546,0.006167551784731666,0.006190219277386792,0.0024768938667666567,0.007543822847858443,0.00837869608931757,0.007820268638146112,0.008826890593358849,0.0032047941359238078,0.005969944884270338,0.007543822847858443,0.010905602871073177,0.010905602871073177,0.11192773359783793,0.06720943522338271,0.10875362245160679,0.1407417087695515,0.09951128412641218,0.29402371286012274,0.21763482397123385,0.29402371286012274,0.05991749980945239,0.06323445461576453,0.09908997188638596,0.11192773359783793,0.10984509031117387,0.10875362245160679,0.017635833223201468,0.22347008631691284,0.043481022605209044,0.17144005004466875,0.08582830978970434,0.1475934204481119,0.06994685674960137,0.22347008631691284,0.11381955489404269,0.11381955489404269
277,24,0.006772786655596473,0.002354643680899387,0.010712699181769774,0.13438815314859312,0.016166180454601345,0.2695217367884458,16,False,13,0,0,0,0,6660,6562,6337,6433,6521,5705,6606,6558,6520,6291,6237,6550,6235,5984,5930,5607,6388,6077,6549,6667,6524,4855,6590,6622,0.006171711372001485,0.010712699181769774,0.005054701972028841,0.006036811885315373,0.007221754511358956,0.006041027279021398,0.008297417721046736,0.0077349140657433845,0.008297417721046736,0.005027926658146148,0.006755409965934832,0.006048874051948103,0.010712699181769774,0.006171711372001485,0.006036811885315373,0.002354643680899387,0.007597094129698148,0.008023024425875422,0.007761552970265089,0.003241042662145604,0.003241042662145604,0.0057590569430677075,0.007597094129698148,0.010650439306071863,0.18402466611857604,0.10260042246468477,0.06160864895476748,0.09969082058063955,0.12901323303875553,0.09121867711587782,0.2695217367884458,0.19949858864029768,0.2695217367884458,0.05492437482533136,0.057964916731117484,0.09083247422918712,0.10260042246468477,0.18402466611857604,0.09969082058063955,0.016166180454601345,0.20484757912383678,0.03985760405477495,0.15715337920761302,0.21862730207743591,0.21862730207743591,0.06411795202046792,0.20484757912383678,0.1043345919862058
278,24,0.006570610982120924,0.0022375060713903734,0.010429224776396724,0.1360349836175529,0.014818998750051233,0.2837416935709829,17,False,13,0,0,0,0,6660,6562,6337,6433,6521,5705,6606,6558,6520,6291,6237,6550,6235,5984,5930,5607,6388,6077,6549,6667,6524,6692,6590,6622,0.006147002469038164,0.010429224776396724,0.0048647701277894926,0.005872280996972152,0.007082861734745804,0.005862453470878468,0.008464490585920028,0.007737409143046982,0.008464490585920028,0.004829949726035849,0.006494941535111549,0.005869433345826485,0.010429224776396724,0.006147002469038164,0.005872280996972152,0.0022375060713903734,0.007610939017138497,0.007674657947254121,0.0076725143748763444,0.0032595052486183687,0.0033435676065371417,0.0033435676065371417,0.007610939017138497,0.010373649941322918,0.16868927727536137,0.09405038725929438,0.056474594875203524,0.09138325219891959,0.1182621302855259,0.08361712068955467,0.24706159205607534,0.1828737062536062,0.24706159205607534,0.05034734358988707,0.05313450700352436,0.08326310137675486,0.09405038725929438,0.16868927727536137,0.09138325219891959,0.014818998750051233,0.1877769475301837,0.036536137050210374,0.14405726427364526,0.20040836023764957,0.2837416935709829,0.2837416935709829,0.1877769475301837,0.09564004265402198
279,24,0.006466616924942536,0.002125393625725107,0.010128965606671267,0.12894421337652381,0.013584082187546963,0.26009655244006763,18,False,13,0,0,0,0,6660,6562,6709,6337,6433,6521,5705,6606,6558,6520,6291,6237,6550,6235,5984,5930,5607,6388,6705,6077,6549,6667,6692,6622,0.0060961511989213405,0.010128965606671267,0.006253370410096996,0.004675247135083298,0.005698958052633954,0.006925753237963781,0.005677058208729148,0.008580776419630912,0.007703947890126013,0.008580776419630912,0.004753329806397858,0.0062360731089929535,0.005683253781798316,0.010128965606671267,0.006253370410096996,0.005698958052633954,0.002125393625725107,0.007588439215438347,0.004753329806397858,0.007334591155166919,0.007556727288708881,0.00326138764006547,0.003424504444881494,0.010079477676157834,0.15463183750241458,0.08621285498768651,0.23796517083574792,0.05176837863560323,0.08376798118234295,0.10840695276173207,0.07664902729875844,0.22647312605140238,0.16763423073247233,0.22647312605140238,0.12948506495739648,0.048706631419897325,0.07632450959535861,0.08621285498768651,0.23796517083574792,0.08376798118234295,0.013584082187546963,0.17212886856933504,0.12948506495739648,0.033491458962692844,0.13205249225084148,0.18370766355117876,0.26009655244006763,0.08767003909952015
280,24,0.006344768444854226,0.002018200486490754,0.009815779341475142,0.11819886226181349,0.012452075338584716,0.23842183973672865,19,False,13,0,0,0,0,6660,6562,6709,6337,6433,6521,5705,6606,6558,6520,6291,6237,6550,6235,5984,5930,5607,6388,6705,6077,6549,6667,6692,6622,0.006021963071388944,0.009815779341475142,0.006323148788430951,0.004487188822765246,0.005518966396898838,0.006753461889183415,0.005486806799056941,0.00864864179483422,0.007637959307936691,0.00864864179483422,0.00466252728198137,0.005980101170373347,0.005492295499163505,0.009815779341475142,0.006323148788430951,0.005518966396898838,0.002018200486490754,0.007532917363105906,0.00466252728198137,0.007003617667207331,0.007417703941918046,0.0032480420267369625,0.0034842483371225006,0.009771809086810803,0.14174585104388002,0.0790284504053793,0.2181347399327689,0.04745434708263629,0.07678731608381437,0.09937304003158773,0.07026160835719523,0.20760036554711883,0.1536647115047663,0.20760036554711883,0.11869464287761343,0.044647745468239214,0.06996413379574538,0.0790284504053793,0.2181347399327689,0.07678731608381437,0.012452075338584716,0.15778479618855712,0.11869464287761343,0.030700504049135106,0.12104811789660469,0.16839869158858053,0.23842183973672865,0.08036420250789346
281,24,0.006206682751098552,0.0019158060436738266,0.009493154459852021,0.11257241799782643,0.011414402393702656,0.21855335309200125,20,False,13,0,0,0,0,6660,6747,6562,6709,6337,6433,6521,5705,6606,6558,6520,6291,6237,6550,6235,5984,5930,5607,6388,6077,6549,6667,6692,6622,0.005927246107806065,0.004412429420622947,0.009493154459852021,0.006358291310530377,0.004412429420622947,0.005334219620995179,0.006568814289324414,0.0052934523294688885,0.008671086149723157,0.007542964338413318,0.008671086149723157,0.004559657773372894,0.0057281203093674585,0.005298306132895852,0.009493154459852021,0.006358291310530377,0.005334219620995179,0.0019158060436738266,0.007447818687384406,0.006682353550225551,0.007258830248920631,0.0032209103340633417,0.0035235780733233147,0.009454165884677937,0.12993369679022335,0.1268331514924166,0.07244274620493102,0.1999568449383715,0.1268331514924166,0.07038837307682984,0.09109195336228874,0.06440647432742896,0.1903003350848589,0.1408593188793691,0.1903003350848589,0.1088034226378123,0.04092710001255261,0.0641337893127666,0.07244274620493102,0.1999568449383715,0.07038837307682984,0.011414402393702656,0.14463606317284403,0.028142128711707178,0.1109607747385543,0.15436546728953215,0.21855335309200125,0.07366718563223566
282,24,0.006260173973882128,0.003181475555790582,0.009164213634945167,0.13973083719883322,0.025796951319064912,0.2577753071611207,21,False,13,0,0,0,0,6660,6747,6562,6709,6337,6769,6433,6777,6778,5705,6606,6558,6520,6291,6237,6550,6235,5984,6521,6779,6077,6667,6692,6622,0.005814748969442382,0.004436464877023343,0.009164213634945167,0.006361158755002957,0.004324925425074695,0.004436464877023343,0.005146425031817671,0.007613906000807533,0.00887468801374919,0.005098543282741459,0.008651564904537746,0.007613906000807533,0.00887468801374919,0.004561401903007654,0.005481042144110349,0.005102828611443662,0.009164213634945167,0.006361158755002957,0.006374412746266451,0.004561401903007654,0.006371259027672663,0.003181475555790582,0.003543576724311597,0.009129706580890105,0.11910588872437139,0.19959705553471524,0.06640585068785343,0.1832937745268405,0.11626372220138188,0.19959705553471524,0.06452267532042735,0.21245437563942166,0.2577753071611207,0.05903926813347655,0.17444197382778734,0.21245437563942166,0.2577753071611207,0.18306980408466128,0.0375165083448399,0.05878930687003605,0.06640585068785343,0.1832937745268405,0.08350095724876468,0.18306980408466128,0.025796951319064912,0.1415016783487378,0.2003405736676678,0.06752825349621602
283,24,0.006160989089657727,0.003131221289591909,0.009023647034416101,0.1280866007655971,0.023647205375809503,0.2362940315643606,22,False,13,0,0,0,0,6660,6747,6562,6709,6337,6769,6433,6777,6778,5705,6606,6558,6520,6291,6237,6550,6235,5984,6521,6779,6077,6667,6692,6622,0.005687112995210111,0.004438018360636275,0.008831724609496435,0.00633439449241618,0.0042266256215251164,0.004438018360636275,0.004957090980956132,0.007644050658928391,0.009023647034416101,0.004903433991319508,0.008593830546882682,0.007644050658928391,0.009023647034416101,0.0045419250937744834,0.005239613812404384,0.004907211753344279,0.008831724609496435,0.00633439449241618,0.006172626354686947,0.0045419250937744834,0.006070658472644654,0.003131221289591909,0.003545555851011056,0.00880123598287292,0.10918039799734043,0.18296396757348896,0.060872029797198975,0.16801929331627047,0.10657507868460006,0.18296396757348896,0.05914578571039174,0.1947498443361365,0.2362940315643606,0.0541193291223535,0.15990514267547173,0.1947498443361365,0.2362940315643606,0.16781398707760617,0.03439013264943657,0.05389019796419971,0.060872029797198975,0.16801929331627047,0.07654254414470095,0.16781398707760617,0.023647205375809503,0.12970987181967633,0.1836455258620288,0.061900899038198016
284,24,0.006045713166928579,0.003071599192382529,0.009120067745161909,0.11741271736846402,0.021676604927825378,0.21660286226733055,23,False,13,0,0,0,0,6660,6747,6562,6709,6337,6769,6433,6777,6778,5705,6606,6558,6520,6291,6237,6550,6235,5984,6521,6779,6077,6667,6692,6622,0.005546836705770549,0.00441893739191183,0.008498116554716436,0.006280814263149958,0.004119366065136023,0.00441893739191183,0.0047675369736243,0.00763635264644299,0.009120067745161909,0.0047092970088310464,0.008501794492478107,0.00763635264644299,0.009120067745161909,0.004503247714514264,0.005004435711980577,0.004712622745403414,0.008498116554716436,0.006280814263149958,0.0059655893779184035,0.004503247714514264,0.005780758662369553,0.003071599192382529,0.0035309859651506104,0.008471220473445992,0.10008203149756206,0.1677169702756982,0.05579936064743239,0.1540176855399146,0.09769382212755005,0.1677169702756982,0.054216970234525756,0.17852069064145845,0.21660286226733055,0.04960938502882404,0.1465797141191824,0.17852069064145845,0.21660286226733055,0.1538294881544723,0.03152428826198352,0.04939934813384973,0.05579936064743239,0.1540176855399146,0.07016399879930921,0.1538294881544723,0.021676604927825378,0.1189007158347033,0.16834173204019307,0.056742490785014844
285,24,0.006063820514346282,0.0030040037725621977,0.009166820832520201,0.11551583546052552,0.01987022118383993,0.24697729975467025,24,False,13,0,0,0,0,6660,6747,6562,6709,6337,6769,6433,6777,6778,5705,6606,6558,6520,6291,6237,6550,6235,5984,6847,6521,6077,6667,6692,6622,0.0053962511578976875,0.0043811882764514445,0.008165500225725965,0.006203311665863833,0.004004853674716572,0.0043811882764514445,0.004578905656794102,0.007789913979287527,0.009166820832520201,0.0045171366454049506,0.008379410739755231,0.007594063733638831,0.009166820832520201,0.004447445095254007,0.004775978267028883,0.004520060755067913,0.008165500225725965,0.006203311665863833,0.007789913979287527,0.0057552053149641635,0.0055016653177487685,0.0030040037725621977,0.003501434910122027,0.00814180734365748,0.09174186220609855,0.1537405560860567,0.05114941392681303,0.1411828784115884,0.08955267028358754,0.1537405560860567,0.049698889381648605,0.24697729975467025,0.198552623745053,0.04547526960975537,0.13436473794258388,0.1636439664213369,0.198552623745053,0.14101036414159962,0.02889726424015156,0.045282735789362254,0.05114941392681303,0.1411828784115884,0.24697729975467025,0.06431699889936678,0.01987022118383993,0.10899232284847801,0.15431325437017698,0.05201394988626361
286,24,0.0059216508770182285,0.0030053118493782644,0.009167348522872137,0.1111029524820835,0.018214369418519935,0.22639585810844773,25,False,13,0,0,0,0,6660,6747,6562,6709,6337,6769,6433,6777,6778,5705,6606,6558,6520,6291,6237,6550,6235,5984,6847,6521,6077,6667,6885,6622,0.005237504492167976,0.004326790395375474,0.007835690527185978,0.006104779640524967,0.003884656365269118,0.004326790395375474,0.004392175951541673,0.007896745985211453,0.009167348522872137,0.004327803065945591,0.008230580993726488,0.007520606314703291,0.009167348522872137,0.004376591382842904,0.004554597579053204,0.004330371081474265,0.007835690527185978,0.006104779640524967,0.007896745985211453,0.005543155241879078,0.005233397986220577,0.0030053118493782644,0.0030053118493782644,0.007814846752516771,0.084096707022257,0.14092884307888529,0.04688696276624527,0.12941763854395602,0.08208994775995525,0.14092884307888529,0.04555731526651122,0.22639585810844773,0.18200657176629859,0.04168566380894242,0.12316767644736855,0.15000696921955883,0.18200657176629859,0.12925950046313298,0.026489158886805596,0.041509174473582065,0.04688696276624527,0.12941763854395602,0.22639585810844773,0.05895724899108621,0.018214369418519935,0.18324296261110484,0.18324296261110484,0.047679454062408304
287,24,0.0058970806028865,0.0029926245561297856,0.00912548669560362,0.11929231648031265,0.01669650530030994,0.2208397217845956,26,False,13,0,0,0,0,6660,6747,6562,6709,6337,6769,6890,6433,6899,6606,6558,6520,6291,6237,6550,6235,5984,6847,6778,6077,6667,6885,6903,6622,0.005072554069922379,0.0042577616522413405,0.007703918564920094,0.005988047375969021,0.003760198539166809,0.0042577616522413405,0.007703918564920094,0.0042081767430140644,0.007610813081498101,0.008059079991932321,0.007610813081498101,0.00912548669560362,0.004292714448256875,0.0043405498835375035,0.004251139472400344,0.0075102303743432896,0.005988047375969021,0.007959029109960639,0.00912548669560362,0.004975903350225471,0.0029926245561297856,0.0029926245561297856,0.004251139472400344,0.007491915161392043,0.07708864810373557,0.1291847728223115,0.1263130492023915,0.11863283533195967,0.07524911877995898,0.1291847728223115,0.1263130492023915,0.04176087232763528,0.2208397217845956,0.11290370341008783,0.2208397217845956,0.16683935745244036,0.11848787542453855,0.024281728979571794,0.12138340993411689,0.04297971586905817,0.11863283533195967,0.2075295365994104,0.16683935745244036,0.01669650530030994,0.1679727157268461,0.1679727157268461,0.12138340993411689,0.04370616622387428
288,24,0.005710186908187166,0.002967272373960454,0.009045307791420517,0.11335965263109367,0.015305129858617445,0.2024364116358793,27,False,13,0,0,0,0,6919,6562,6709,6337,6769,6890,6433,6899,6606,6558,6520,6291,6237,6550,6235,6660,6747,6847,6778,6077,6667,6885,6903,6622,0.004131472143321652,0.00755004027603243,0.005855831493358379,0.00363276085094177,0.004176074668607514,0.00755004027603243,0.004131472143321652,0.0076589126705037406,0.007868499161761347,0.0076589126705037406,0.009045307791420517,0.004197761017312301,0.004134004782915483,0.0041604785203352545,0.0071904149737790045,0.004903164710059682,0.004176074668607514,0.007979525525182586,0.009045307791420517,0.004729067059121497,0.002967272373960454,0.002967272373960454,0.0041604785203352545,0.007174339333696799,0.12161413296699902,0.11578696176885887,0.10874676572096303,0.06897835888162906,0.11841937508711887,0.11578696176885887,0.12161413296699902,0.2024364116358793,0.10349506145924718,0.2024364116358793,0.152936077664737,0.108613885805827,0.02225825156460748,0.11126812577294048,0.039398072879969985,0.07066459409509093,0.11841937508711887,0.19023540854945953,0.152936077664737,0.015305129858617445,0.1539749894162756,0.1539749894162756,0.11126812577294048,0.04006398570521809
289,24,0.005591151583529176,0.0029306224380211414,0.008930986455320467,0.11097948135863685,0.014029702370399324,0.19481295521974912,28,False,13,0,0,0,0,6919,6942,6562,6709,6337,6769,6890,6433,6899,6606,6558,6520,6291,6237,6550,6235,6660,6847,6778,6077,6667,6885,6903,6622,0.004043624555127071,0.00414790928201509,0.007377452671573245,0.00571070000626424,0.0035034832784630486,0.0040836229202789055,0.007377452671573245,0.00414790928201509,0.007667690090912618,0.007662206407700886,0.007667690090912618,0.008930986455320467,0.004093570947137092,0.003935057263290825,0.004060231204241335,0.006877315853818344,0.00473091168722444,0.007961416409549168,0.008930986455320467,0.004492724191381033,0.0029306224380211414,0.0029306224380211414,0.004060231204241335,0.006863220200297398,0.11147962188641576,0.19481295521974912,0.10613804828812062,0.09968453524421611,0.06323016230815998,0.10855109382985896,0.10613804828812062,0.19481295521974912,0.18556671066622268,0.09487047300430991,0.18556671066622268,0.1401914045260089,0.09956272865534141,0.020403397267556855,0.10199578195852878,0.03611490013997248,0.06477587792050002,0.17438245783700457,0.1401914045260089,0.014029702370399324,0.14114374029825263,0.14114374029825263,0.10199578195852878,0.03672532022978325
290,24,0.0056232065529910474,0.0028840414659378664,0.008786688207559089,0.10840348847286012,0.01286056050619938,0.17857854228477002,29,False,13,0,0,0,0,6919,6942,6562,6709,6337,6769,6890,6433,6969,6899,6606,6558,6520,6291,6237,6550,6235,6660,6847,6778,6077,6667,6885,6622,0.0039464266252363855,0.004143805340247558,0.007189354125459164,0.005555047386939747,0.0033733706606608096,0.003982195764558887,0.007189354125459164,0.004143805340247558,0.00763528227527562,0.007640291172262536,0.00763528227527562,0.007640291172262536,0.008786688207559089,0.003981859449579946,0.003743738529400482,0.00395212190689566,0.006571804147961495,0.004557187321117163,0.007908155779479715,0.008786688207559089,0.004266668457843626,0.0028840414659378664,0.0028840414659378664,0.006559456068627549,0.10218965339588111,0.17857854228477002,0.09729321093077724,0.09137749064053143,0.05796098211581331,0.09950516934403737,0.09729321093077724,0.17857854228477002,0.1702979335872841,0.17010281811070413,0.1702979335872841,0.17010281811070413,0.1285087874821748,0.09126583460072962,0.018703114161927117,0.09349613346198471,0.033105325128308105,0.05937788809379168,0.15985058635058752,0.1285087874821748,0.01286056050619938,0.1293817619400649,0.1293817619400649,0.03366487687730131
291,24,0.0056038236248553966,0.0028288659722447234,0.008616480239528325,0.11279340124655197,0.011788847130682763,0.2392609166014788,30,False,13,0,0,0,0,6919,6942,6562,6988,6769,6890,6433,6969,6899,6606,6558,6520,6291,6237,6550,6235,6660,6847,6778,6993,6077,6667,6885,6622,0.0038415561312725136,0.004120924376029621,0.006988716292741852,0.0033269444151587005,0.0038734611916619154,0.006988716292741852,0.004120924376029621,0.00757553172297964,0.0077755769472339555,0.00757553172297964,0.007580087156303634,0.008616480239528325,0.0038642060374610345,0.0035600257113367027,0.0038377438127400756,0.006274572778167519,0.004383210158051833,0.00782334344496306,0.008616480239528325,0.0077755769472339555,0.004050660256969438,0.0028288659722447234,0.0028288659722447234,0.006263764800926851,0.09367384894622435,0.16369699709437252,0.08918544335321246,0.13646423360616222,0.09121307189870093,0.08918544335321246,0.16369699709437252,0.15610643912167707,0.2392609166014788,0.15610643912167707,0.15592758326814546,0.11779972185866024,0.08366034838400215,0.017144521315099855,0.08570478900681931,0.03034654803428243,0.05442973075264237,0.14652970415470523,0.11779972185866024,0.2392609166014788,0.011788847130682763,0.11859994844505949,0.11859994844505949,0.030859470470859535
292,24,0.005422192820978686,0.002766379225422101,0.008424262626694786,0.10585084035296151,0.010806443203125866,0.2193225068846889,31,False,13,0,0,0,0,6919,6942,6562,6988,6769,6890,6433,6969,6899,6606,6558,6520,6291,7021,6550,7031,6235,6660,6847,6778,6077,6667,6885,6622,0.0037305636046511344,0.004081123271104454,0.00677826735387845,0.0032697755883296462,0.003758955109369804,0.00677826735387845,0.004081123271104454,0.007486431472542089,0.007865194890157391,0.007486431472542089,0.007490558068863328,0.008424262626694786,0.0037420490119951712,0.00347111972058635,0.003718552077932492,0.006130843403727442,0.005986157301388349,0.004210035910977134,0.007710618022039431,0.008424262626694786,0.003844433690459586,0.002766379225422101,0.002766379225422101,0.006130843403727442,0.08586769486737232,0.15005558066984148,0.08175332307377808,0.12509221413898203,0.08361198257380918,0.08175332307377808,0.15005558066984148,0.14309756919487066,0.2193225068846889,0.14309756919487066,0.1429336179958,0.10798307837043855,0.0766886526853353,0.09904914453884155,0.07856272325625104,0.11162118126495459,0.02781766903142556,0.049893919856588836,0.13431889547514644,0.10798307837043855,0.010806443203125866,0.10871661940797119,0.10871661940797119,0.11162118126495459
293,24,0.005291968426551688,0.002697794238827757,0.008213717768860793,0.09702993699021471,0.009905906269532043,0.2010456313109648,32,False,13,0,0,0,0,6919,6942,6562,6988,6769,6890,6433,6969,6899,6606,6558,6520,6291,7021,6550,7031,6235,6660,6847,6778,6077,6667,6885,6622,0.003614865585205458,0.004026293248091911,0.0065604845294505885,0.0032033694281641484,0.0036400760116519445,0.0065604845294505885,0.004026293248091911,0.007371470848497468,0.00791153933971863,0.007371470848497468,0.007375195389433988,0.008213717768860793,0.003616684396523855,0.0033759089415733236,0.003595861667516937,0.005983711557551822,0.00570695527571687,0.0040385694769028485,0.007573569699170033,0.008213717768860793,0.0036477026431018193,0.002697794238827757,0.002697794238827757,0.005983711557551822,0.07871205362842462,0.13755094894735467,0.07494054615096324,0.11466786296073352,0.07664431735932509,0.07494054615096324,0.13755094894735467,0.13117277176196476,0.2010456313109648,0.13117277176196476,0.13102248316281667,0.09898448850623534,0.07029793162822402,0.09079504916060474,0.07201582965156345,0.1023194161595417,0.02549952994547343,0.0457360932018731,0.1231256541855509,0.09898448850623534,0.009905906269532043,0.09965690112397359,0.09965690112397359,0.1023194161595417
294,24,0.004987867436393013,0.002624242006178895,0.00798827563931068,0.10206444359844231,0.009080414080404373,0.20357504078180105,33,False,13,0,0,0,0,6919,7056,6942,6562,6988,6769,6890,6433,6969,6899,6606,7065,6291,7021,6550,7031,6235,6660,6847,6778,6077,6667,6885,6622,0.0035858973263906547,0.0035858973263906547,0.003958311753482473,0.006337593978305522,0.0031291620893058357,0.003518083966650041,0.006337593978305522,0.003958311753482473,0.007234073000918947,0.007917521430757257,0.007420639116764765,0.007420639116764765,0.003489268334425615,0.0032757277863727707,0.003470848860111159,0.005824914913489198,0.0054372440752108,0.0038695774876253285,0.007415671588613795,0.00798827563931068,0.003460166024907056,0.002624242006178895,0.002624242006178895,0.005824914913489198,0.15548604915938924,0.15548604915938924,0.12608836986840843,0.06869550063838296,0.10511220771400571,0.07025729091271465,0.06869550063838296,0.12608836986840843,0.1202417074484677,0.18429182870171773,0.20357504078180105,0.20357504078180105,0.06443977065920535,0.08322879506388768,0.06601451051393316,0.09379279814624655,0.023374569116683976,0.041924752101717006,0.11286518300342165,0.09073578113071573,0.009080414080404373,0.09135215936364245,0.09135215936364245,0.09379279814624655
295,24,0.00486836139333941,0.0025467641750083207,0.00788641316836885,0.09703129552079437,0.008323712907037342,0.1866104540499843,34,False,13,0,0,0,0,6919,7056,6942,6562,6988,6769,6890,6433,6969,6899,6606,7065,6291,7021,6550,7031,6235,6660,6847,6778,6077,7101,6885,6622,0.003543105767789663,0.003543105767789663,0.0038790042043912966,0.006111576399201169,0.003048503641333215,0.003394102969230722,0.006111576399201169,0.0038790042043912966,0.007077533567666861,0.00788641316836885,0.007431513158241627,0.007431513158241627,0.0033608220937718938,0.0031717905880002508,0.0033445555411778724,0.005656806467732042,0.005177197138055816,0.003703700969363865,0.007240227939662182,0.007751092384370451,0.0032815122670247277,0.002612445002399228,0.0025467641750083207,0.005656806467732042,0.14252887839610678,0.14252887839610678,0.11558100571270773,0.06297087558518438,0.0963528570711719,0.06440251666998843,0.06297087558518438,0.11558100571270773,0.11022156516109538,0.16893417630990792,0.1866104540499843,0.1866104540499843,0.059069789770938234,0.07629306214189704,0.06051330130443872,0.08597673163405933,0.02142668835696031,0.03843102275990725,0.10345975108646983,0.08317446603648941,0.008323712907037342,0.16707281275000557,0.08373947941667224,0.08597673163405933
296,24,0.00479605371348699,0.0024663093790748742,0.007821709075940764,0.10605600694904026,0.00763007016478423,0.2543929162124856,35,False,14,0,0,0,0,6919,7056,6942,6562,6988,7114,6969,6899,6606,7065,6291,7117,7021,6550,7031,6235,6660,6847,6769,6778,6077,7101,6885,6622,0.003488142660417335,0.003488142660417335,0.003790114767626783,0.005884176878962563,0.0029626467076876283,0.007598152354577269,0.00690497502046243,0.007821709075940764,0.007598152354577269,0.0074071232868524045,0.003232238947877568,0.0031442418995176976,0.0031442418995176976,0.0032178955308776033,0.005481536225382654,0.00492689867415088,0.0035414677893024758,0.007050337187086764,0.003269125824676586,0.00750503990751595,0.0031114231559443402,0.002589660709858237,0.0024663093790748742,0.005481536225382654,0.1306514718630979,0.1306514718630979,0.10594925523664875,0.05772330261975235,0.0883234523152409,0.2543929162124856,0.1010364347310041,0.15485632828408225,0.2543929162124856,0.17105958287915227,0.05414730729002671,0.15326864029673898,0.15326864029673898,0.055470526195735496,0.07881200399788772,0.019641130993880283,0.03522843752991498,0.09483810516259734,0.059035640280822727,0.07624326053344863,0.00763007016478423,0.15315007835417177,0.07676118946528289,0.07881200399788772
297,24,0.004695735712889008,0.0024452087624695466,0.007727007329451408,0.11123385012056147,0.006994230984385543,0.2331935065281118,36,False,15,0,0,0,0,6919,7056,6942,6562,6988,7114,6969,6899,6606,7065,6291,7117,7021,7139,6550,7031,6235,6660,6847,6778,6077,7101,7150,6622,0.003422626913114246,0.003422626913114246,0.003693285149340599,0.005656917752689265,0.0028727398214395024,0.007718369386640985,0.006719314703223436,0.007727007329451408,0.007718369386640985,0.007350726192420437,0.0031042923224820548,0.003184864133551491,0.0031047918215115528,0.003184864133551491,0.0030916623141166457,0.005301047792647505,0.004686356888036249,0.0033833046528789637,0.006848867696516671,0.007252704251189708,0.002949577083393028,0.002557083916268665,0.0024452087624695466,0.005301047792647505,0.11976384920783972,0.11976384920783972,0.09712015063359468,0.052913027401439654,0.08096316462230416,0.2331935065281118,0.09261673183675376,0.14195163426040872,0.2331935065281118,0.1568046176392229,0.049635031682524484,0.2238295869386774,0.14049625360534407,0.2238295869386774,0.05084798234609087,0.07224433699806375,0.018004370077723594,0.032292734402422064,0.0869349297323809,0.06988965548899458,0.006994230984385543,0.14038757182465744,0.15369775700984267,0.07224433699806375
298,24,0.0045975214147441395,0.00241481951756916,0.007794071188592237,0.10890880705495913,0.006411378402353414,0.28851045469378767,37,False,15,0,0,0,0,6919,7056,6942,6562,6988,7114,6969,6899,6606,7065,6291,7117,7021,7163,6550,7031,6235,6660,6847,6778,6077,7101,7150,6622,0.003348115904157183,0.003348115904157183,0.0035900402911073844,0.005431113452823458,0.0027798246304354315,0.007794071188592237,0.006523244504991006,0.007605910810306781,0.007794071188592237,0.007265690711596726,0.002977644712543102,0.0032904029898778095,0.003054888429369442,0.0032904029898778095,0.002966537653794483,0.005117080419485849,0.004455515793608906,0.0032295484863230388,0.006638444095954829,0.006996390818479199,0.0027956517823328375,0.002515907258397405,0.00241481951756916,0.005117080419485849,0.10978352844051974,0.10978352844051974,0.08902680474746179,0.04850360845131968,0.07421623423711214,0.21376071431743582,0.08489867085035761,0.13012233140537466,0.21376071431743582,0.14373756616928765,0.04549877904231411,0.28851045469378767,0.1287882324715654,0.28851045469378767,0.04661065048391663,0.06622397558155843,0.01650400590457996,0.029601673202220225,0.07969035225468249,0.06406551753157835,0.006411378402353414,0.12868860750593597,0.14088961059235577,0.06622397558155843
299,24,0.004490391041908369,0.002376267860699045,0.007827792781661454,0.09983307313371252,0.0058770968688239625,0.2644679168026387,38,False,15,0,0,0,0,6919,7056,6942,6562,6988,7114,6969,6899,6606,7065,6291,7117,7021,7163,6550,7031,6235,6660,6847,6778,6077,7101,7150,6622,0.0032660841788150962,0.0032660841788150962,0.0034817798652990997,0.00520788651721225,0.0026848361584565373,0.007827792781661454,0.006319220164804478,0.007461947423022149,0.007827792781661454,0.007155402303766793,0.0028528569721126785,0.0033745572559275923,0.002995946312190541,0.0033745572559275923,0.0028431006705684158,0.004931175191945608,0.004234265710223527,0.0030804570960544678,0.006421442204661385,0.006738134728266485,0.0026493266126948957,0.002467295589068595,0.002376267860699045,0.004931175191945608,0.10063490107047642,0.10063490107047642,0.08160790435183997,0.04446164108037637,0.06803154805068613,0.19594732145764948,0.07782378161282781,0.1192788037882601,0.19594732145764948,0.13175943565518033,0.041707214122121264,0.2644679168026387,0.11805587976560161,0.2644679168026387,0.04272642961025691,0.06070531094976189,0.015128672079198298,0.027134867102035207,0.07304948956679228,0.05872672440394682,0.0058770968688239625,0.1179645568804413,0.12914880970965945,0.06070531094976189
300,24,0.004230775612094282,0.002330654665702803,0.007822533002552748,0.09826643732855188,0.005387338796421965,0.24242892373575214,39,False,15,0,0,0,0,6919,7056,6942,6562,6988,7114,6969,6899,6606,7065,6291,7117,7021,7163,6550,7031,6235,6660,7204,6778,6077,7101,7150,6622,0.0031779085867080785,0.0031779085867080785,0.003369774514674856,0.004988184098141087,0.0026553653277107533,0.007822533002552748,0.0061094583414644105,0.007298508284249075,0.007822533002552748,0.007023185743726616,0.0027303976684835865,0.0034376361903183878,0.002929322499768719,0.0034376361903183878,0.0027218370623562577,0.004744684257358155,0.004022452537195197,0.0029362190418516995,0.0026553653277107533,0.0064797148515921875,0.0025102844540604158,0.0024123661976996258,0.002330654665702803,0.004744684257358155,0.09224865931460338,0.09224865931460338,0.0748072456558533,0.04075650432367833,0.14569558571312896,0.17961837800284536,0.0713384664784255,0.10933890347257175,0.17961837800284536,0.1207794826839153,0.038231612945277826,0.24242892373575214,0.1082178897851348,0.24242892373575214,0.039165893809402164,0.05564653503728173,0.013867949405931774,0.024873628176865604,0.14569558571312896,0.05383283070361792,0.005387338796421965,0.10813417714040452,0.11838640890052116,0.05564653503728173
301,24,0.004158408557564443,0.002378213256473853,0.007781605171045884,0.10174300549510067,0.004938393896720134,0.22222651342443947,40,False,16,0,0,0,0,6919,7056,6942,6562,6988,7114,6969,6899,6606,7065,7234,6291,7117,7021,7163,6550,7031,6235,7241,7204,6778,6077,7238,6622,0.0030848588846210685,0.0030848588846210685,0.0032551658682782115,0.004772794463420346,0.0026164931894293495,0.007781605171045884,0.0058959397649274315,0.0071188019373485,0.007781605171045884,0.006872244805233891,0.002677980762460765,0.002677980762460765,0.0034803437631518597,0.0028562987441572985,0.0034803437631518597,0.0026702831809049116,0.004558782144951016,0.0038198859067606955,0.0028690961214766194,0.0026164931894293495,0.0062226703203400735,0.002378213256473853,0.0026702831809049116,0.004558782144951016,0.08456127103838643,0.08456127103838643,0.06857330851786551,0.037360128963371805,0.13355428690370155,0.16465017983594157,0.06539359427189004,0.10022732818319076,0.16465017983594157,0.11071452579358902,0.11837897853317135,0.11837897853317135,0.22222651342443947,0.09919973230304023,0.22222651342443947,0.11923540265861865,0.051009323784174915,0.012712286955437458,0.10613415916212682,0.13355428690370155,0.049346761478316424,0.004938393896720134,0.11923540265861865,0.051009323784174915
302,24,0.004049331626108488,0.0022528072949863968,0.007708505867422108,0.09326442170384226,0.004526861071993456,0.20370763730573618,41,False,16,0,0,0,0,6919,7056,6942,6562,6988,7114,6969,6899,6606,7065,7234,6291,7117,7021,7163,6550,7031,6235,7241,7204,6778,6077,7238,6622,0.002988092858618834,0.002988092858618834,0.003138969472458881,0.004562363107283787,0.0025694373752649506,0.007708505867422108,0.005680416993444862,0.006925822521464914,0.007708505867422108,0.006705617249837977,0.0026186648355967174,0.0026186648355967174,0.0035036998710092884,0.002778069316466286,0.0035036998710092884,0.0026117641813724955,0.004374478411919983,0.0036263463153291065,0.00279594142942005,0.0025694373752649506,0.00596831852350268,0.0022528072949863968,0.0026117641813724955,0.004374478411919983,0.07751449845185422,0.07751449845185422,0.06285886614137672,0.03424678488309082,0.12242476299505975,0.15092933151627977,0.05994412808256586,0.09187505083459152,0.15092933151627977,0.10148831531078993,0.10851406365540707,0.10851406365540707,0.20370763730573618,0.09093308794445354,0.20370763730573618,0.10929911910373376,0.046758546802160336,0.011652929709151003,0.09728964589861624,0.12242476299505975,0.045234531355123384,0.004526861071993456,0.10929911910373376,0.046758546802160336
303,24,0.003915122543285951,0.0025153744232626076,0.007606803235870394,0.1039679516352892,0.010681852233388418,0.18673200086359149,42,False,16,0,0,0,0,6919,7056,7274,6942,6562,6988,7114,6969,6899,6606,7065,7234,6291,7117,7021,7163,6550,7031,6235,7241,7204,6778,7283,7238,0.0028886550848671155,0.0028886550848671155,0.0031000190689948345,0.0031000190689948345,0.004357408194428227,0.0025153744232626076,0.007606803235870394,0.005464425513539012,0.006722329769291769,0.007606803235870394,0.006526143196789179,0.002553597152072112,0.0026194542013494027,0.003508964433876177,0.0026957334642441363,0.003508964433876177,0.0025474280507600503,0.004192630996283912,0.0034415913302575656,0.0027179106174028164,0.0025153744232626076,0.005717773806592927,0.0026194542013494027,0.0025474280507600503,0.0710549569141997,0.0710549569141997,0.14095396062959534,0.14095396062959534,0.03139288614283325,0.1122226994121381,0.13835188722325645,0.054948784075685375,0.08421879659837556,0.13835188722325645,0.09303095570155744,0.09947122501745648,0.18280455835078982,0.18673200086359149,0.08335533061574907,0.18673200086359149,0.1001908591784226,0.04286200123531364,0.010681852233388418,0.08918217540706488,0.1122226994121381,0.041464987075529765,0.18280455835078982,0.1001908591784226
304,24,0.0038104767873164956,0.002455422538282507,0.0074800448855815976,0.09530395566568177,0.00979169788060605,0.17117100079162553,43,False,16,0,0,0,0,6919,7056,7274,6942,6562,6988,7114,6969,6899,6606,7065,7234,6291,7117,7021,7163,6550,7031,6235,7241,7204,6778,7283,7238,0.002787478536348122,0.002787478536348122,0.003050583450205925,0.003050583450205925,0.004158335146905445,0.002455422538282507,0.0074800448855815976,0.005249297126127303,0.006510838773906929,0.0074800448855815976,0.0063364448784807535,0.0024838471062822295,0.00260807557843654,0.0034975672505488183,0.0026102917060378482,0.0034975672505488183,0.002478346005927175,0.004013959790895047,0.003265360965139254,0.0026360646468100287,0.002455422538282507,0.005471966264349698,0.00260807557843654,0.002478346005927175,0.06513371050468306,0.06513371050468306,0.12920779724379572,0.12920779724379572,0.02877681229759714,0.10287080779445992,0.12682256328798508,0.05036971873604493,0.07720056354851092,0.12682256328798508,0.08527837605976098,0.09118195626600177,0.16757084515489065,0.17117100079162553,0.07640905306443664,0.17117100079162553,0.09184162091355405,0.039290167799037504,0.00979169788060605,0.08175032745647615,0.10287080779445992,0.03800957148590228,0.16757084515489065,0.09184162091355405
305,24,0.0037060033311107333,0.0023906293448667957,0.007331684494200565,0.09430640380465272,0.008975723057222213,0.2369399413919831,44,False,16,0,0,0,0,6919,7056,7274,6942,6562,6988,7114,6969,6899,6606,7332,7234,6291,7117,7021,7163,6550,7031,6235,7241,7204,6778,7065,7238,0.002685388341146911,0.002685388341146911,0.0029920759939341918,0.0029920759939341918,0.003965450252976283,0.0023906293448667957,0.007331684494200565,0.005036174753613518,0.0062936176110555235,0.007331684494200565,0.002652374782330254,0.002410399365822381,0.002652374782330254,0.003471045444374577,0.002522645201357519,0.003471045444374577,0.002405505351235204,0.003839060067368086,0.0030973823112507796,0.002551366878988841,0.0023906293448667957,0.005231660165801341,0.0061389158342463135,0.002405505351235204,0.059705901295959464,0.059705901295959464,0.11844048080681274,0.11844048080681274,0.02637874460613071,0.09429824047825493,0.11625401634731965,0.04617224217470785,0.07076718325280167,0.11625401634731965,0.2369399413919831,0.08358345991050162,0.2369399413919831,0.15690675072565674,0.07004163197573358,0.15690675072565674,0.08418815250409122,0.03601598714911771,0.008975723057222213,0.07493780016843646,0.09429824047825493,0.03484210719541042,0.07817184472144756,0.08418815250409122
306,24,0.003480247036774581,0.0023219639055172127,0.007165025577031632,0.09840224167141436,0.008227746135787029,0.2171949462759845,45,False,16,0,0,0,0,6919,7056,7274,6942,7346,6562,6988,7114,6969,6899,6606,7332,7234,6291,7117,7021,7163,6550,7031,6235,7241,7364,6778,7238,0.0025831070988102797,0.0025831070988102797,0.0030013109230612113,0.0029258534169690304,0.0030013109230612113,0.003778973231735494,0.0023219639055172127,0.007165025577031632,0.004826027975025569,0.006072691096416009,0.007165025577031632,0.00268120132556454,0.0023341504645203862,0.00268120132556454,0.003430989461893782,0.002433597513545194,0.003430989461893782,0.002329805829398906,0.003668415475074725,0.0029373735068102345,0.0024646830367007085,0.0023818471534373677,0.004997471675317313,0.002329805829398906,0.054730409521296174,0.054730409521296174,0.1919037740729117,0.10857044073957835,0.1919037740729117,0.02418051588895315,0.08644005377173368,0.10656618165170967,0.042324555326815526,0.06486991798173486,0.10656618165170967,0.2171949462759845,0.07661817158462648,0.2171949462759845,0.14383118816518534,0.06420482931108912,0.14383118816518534,0.07717247312875028,0.03301465488669123,0.008227746135787029,0.06869298348773342,0.169773387105067,0.03193859826245955,0.07717247312875028
307,24,0.0031751037058404615,0.0022520587809522407,0.006983180510607525,0.09795298567003026,0.007542100624471443,0.19909536741965247,46,False,15,0,0,0,0,6919,7056,7274,6942,7346,6562,7374,6988,7114,6969,6899,7380,6291,7117,7021,7163,6550,7031,6235,7241,7364,6778,7234,7238,0.002481261258686828,0.002481261258686828,0.002995899252128731,0.002853197871119174,0.002995899252128731,0.003599048729530239,0.00230834764817341,0.00230834764817341,0.006983180510607525,0.004619668747250016,0.005849849172909135,0.0023140878390632918,0.0026953931903117134,0.003378997903446158,0.0023438581703324217,0.003378997903446158,0.0022520587809522407,0.003502410420052093,0.0027850471193770743,0.002376783383435855,0.0023628606247738165,0.004769885635570695,0.0023140878390632918,0.0022520587809522407,0.050169542061188156,0.050169542061188156,0.17591179290016906,0.09952290401128015,0.17591179290016906,0.022165472898207052,0.16257004929075589,0.16257004929075589,0.0976856665140672,0.038797509049580896,0.05946409148325695,0.15356665728590763,0.19909536741965247,0.13184525581808657,0.05885442686849836,0.13184525581808657,0.07074143370135443,0.03026343364613363,0.007542100624471443,0.06296856819708897,0.1556256048463114,0.029277048407254588,0.15356665728590763,0.07074143370135443
308,24,0.0031361044134052434,0.0021729884969121866,0.006789042731838639,0.10608840837423927,0.006913592239098822,0.22410276917874866,47,False,15,0,0,0,0,7392,6919,7056,7274,6942,7346,6562,7374,6988,7114,7402,6899,7380,7403,7117,7021,7163,6550,7031,6235,7241,7364,6969,7238,0.002441778158706985,0.002441778158706985,0.002380388154468951,0.002977132152501987,0.00277530457500692,0.002977132152501987,0.0034257567559873798,0.0022853314665861988,0.0022853314665861988,0.006789042731838639,0.005771769681871425,0.005771769681871425,0.0023441805107859274,0.0023441805107859274,0.0033166409583919904,0.0022540475152282398,0.0033166409583919904,0.0021729884969121866,0.0033413416933904734,0.002640113010327984,0.0022883465539956242,0.002334755180151738,0.004417766899816489,0.0021729884969121866,0.12932208022275582,0.12932208022275582,0.04598874688942248,0.16125247682515498,0.0912293286770068,0.16125247682515498,0.0203183501566898,0.14902254518319288,0.14902254518319288,0.08954519430456159,0.13784208385965221,0.13784208385965221,0.22410276917874866,0.22410276917874866,0.12085815116657934,0.053949891296123494,0.12085815116657934,0.06484631422624156,0.027741480842289157,0.006913592239098822,0.05772118751399822,0.14265680444245213,0.035564383295449156,0.06484631422624156
309,24,0.003292502794025256,0.0020932352263757074,0.006585270019850465,0.1285198763083597,0.006337459552507254,0.21993733308459348,48,False,15,0,0,0,0,7392,7437,6919,7056,7274,7423,6942,7346,6562,7374,7426,7114,7402,6899,7427,7380,7403,7117,7021,7163,6550,7031,6235,7238,0.0023950237052818026,0.002357900393634895,0.0023950237052818026,0.002280943370286728,0.002946360090711607,0.002312105529998652,0.0026932741283334813,0.002946360090711607,0.003259122090694078,0.002312105529998652,0.005821131691219715,0.006585270019850465,0.005821131691219715,0.005821131691219715,0.005821131691219715,0.002361152502949541,0.002361152502949541,0.003245431868203047,0.00216470242758758,0.003245431868203047,0.0020932352263757074,0.003185429270250174,0.002502280744049168,0.0020932352263757074,0.11854524020419283,0.21410207073891446,0.11854524020419283,0.04215635131530394,0.1478147704230587,0.21993733308459348,0.08362688462058956,0.1478147704230587,0.018625154310298982,0.21993733308459348,0.20968857687134787,0.08208309477918145,0.20968857687134787,0.20968857687134787,0.20968857687134787,0.20542753841385294,0.20542753841385294,0.1107866385693644,0.049454067021446536,0.1107866385693644,0.05944245470738809,0.025429690772098393,0.006337459552507254,0.05944245470738809
310,24,0.0032380194935163584,0.002013359379486964,0.006374276860198959,0.11780988661599641,0.005809337923131649,0.2016092219942107,0,False,15,0,0,0,0,7392,7437,6919,7056,7274,7423,6942,7346,6562,7374,7426,7114,7402,6899,7427,7380,7403,7117,7021,7163,6550,7031,6235,7238,0.0023420842000959514,0.0023683284426685783,0.0023420842000959514,0.002183308184729088,0.002904951827850179,0.002326129800029704,0.0026081086851167147,0.002904951827850179,0.003099122707878226,0.002326129800029704,0.005839652858765773,0.006374276860198959,0.005839652858765773,0.005839652858765773,0.005839652858765773,0.002365839730823469,0.002365839730823469,0.003166805622738222,0.0020762825672983936,0.003166805622738222,0.002013359379486964,0.003034826240968706,0.002371261598421867,0.002013359379486964,0.10866647018717675,0.1962602315106716,0.10866647018717675,0.03864332203902861,0.13549687288780382,0.2016092219942107,0.07665797756887377,0.13549687288780382,0.017073058117774067,0.2016092219942107,0.19221452879873555,0.07524283688091633,0.19221452879873555,0.19221452879873555,0.19221452879873555,0.1883085768793652,0.1883085768793652,0.10155441868858403,0.04533289476965932,0.10155441868858403,0.054488916815105745,0.023310549874423526,0.005809337923131649,0.054488916815105745
311,24,0.003181229382657655,0.0019338465420626991,0.006158234052257373,0.12249861785724837,0.005325226429537345,0.18480845349469313,0,False,15,0,0,0,0,7392,7466,7467,7437,6919,7056,7274,7423,7346,6562,7374,7426,7114,7402,6899,7427,7380,7403,7117,7021,7163,6550,7031,6235,0.0022839863937069915,0.0023428902048883934,0.0021416410011268626,0.0023669445154109667,0.0023428902048883934,0.0021416410011268626,0.002854260877442537,0.002328256142423552,0.002854260877442537,0.0029456972772201845,0.002328256142423552,0.005829630756216743,0.006158234052257373,0.005829630756216743,0.005829630756216743,0.005829630756216743,0.0023591969996687857,0.0023591969996687857,0.0030821039816739566,0.0019891768698531266,0.0030821039816739566,0.0019338465420626991,0.00288962786652767,0.00224677022742957,0.09961093100491202,0.18294426433824534,0.11875637853577622,0.17990521221811562,0.18294426433824534,0.11875637853577622,0.12420546681382016,0.18480845349469313,0.12420546681382016,0.01565030327462623,0.18480845349469313,0.17619665139884091,0.0689726004741733,0.17619665139884091,0.17619665139884091,0.17619665139884091,0.17261619547275142,0.17261619547275142,0.09309155046453536,0.041555153538854375,0.09309155046453536,0.04994817374718027,0.0213680040515549,0.005325226429537345
312,24,0.0031887588008566747,0.0018551129883636155,0.005939073920294484,0.12675305302259035,0.0048814575604092325,0.19718834457933515,0,False,16,0,0,0,0,7392,7466,7494,6919,7056,7274,7423,7346,6562,7374,7426,7114,7402,6899,7427,7380,7403,7117,7508,6550,7510,7031,7467,6235,0.0022216875458826307,0.00233280422803718,0.002867697265351974,0.00233280422803718,0.0020944261138827226,0.002867697265351974,0.0023194439354355207,0.0027955990091506075,0.0027987518053900476,0.0023194439354355207,0.005793574650404964,0.005939073920294484,0.005793574650404964,0.005793574650404964,0.005793574650404964,0.0023422553006792394,0.0023422553006792394,0.002992565878868141,0.003069743893571923,0.0018551129883636155,0.0028207989346550875,0.0028207989346550875,0.0020944261138827226,0.002128526021335443,0.09131002008783601,0.1676989089767249,0.19718834457933515,0.1676989089767249,0.10886001365779487,0.19718834457933515,0.16940774903680203,0.11385501124600181,0.014346111335074043,0.16940774903680203,0.16151359711560417,0.0632248837679922,0.16151359711560417,0.16151359711560417,0.16151359711560417,0.1582315125166888,0.1582315125166888,0.08533392125915741,0.16866725459249077,0.045785825934915245,0.102920670380592,0.102920670380592,0.10886001365779487,0.0048814575604092325
313,24,0.003259925231713303,0.0017775114414715816,0.005881993023966386,0.12604438344578045,0.004474669430375129,0.23138746402263716,0,False,17,0,0,0,0,7392,7466,7494,6919,7056,7274,7423,7346,6562,7374,7426,7114,7402,6899,7427,7380,7403,7526,7508,6550,7510,7031,7467,6235,0.0021560692401222685,0.0023128643665254398,0.002866766673990802,0.0023128643665254398,0.0020425824465119613,0.002866766673990802,0.0023007192099321646,0.00273021616645288,0.002658165486042476,0.0023007192099321646,0.0057341108032241865,0.005718499704707668,0.0057341108032241865,0.0057341108032241865,0.005881993023966386,0.002316084832516817,0.002316084832516817,0.005881993023966386,0.0030443305625568193,0.0017775114414715816,0.002746402619155105,0.002746402619155105,0.0020425824465119613,0.002016254204895647,0.083700851747183,0.15372399989533114,0.1807559825310572,0.15372399989533114,0.09978834585297862,0.1807559825310572,0.1552904366170685,0.10436709364216833,0.013150602057151206,0.1552904366170685,0.14805413068930381,0.05795614345399284,0.14805413068930381,0.14805413068930381,0.23138746402263716,0.14504555314029804,0.14504555314029804,0.23138746402263716,0.15461165004311653,0.041970340440338975,0.094343947848876,0.094343947848876,0.09978834585297862,0.004474669430375129
314,24,0.0032047850743225624,0.0017013368857959961,0.005936679754874513,0.11554068482529874,0.004101780311177201,0.21210517535408405,0,False,17,0,0,0,0,7392,7466,7467,6919,7056,7274,7423,7346,6562,7374,7426,7114,7402,6899,7427,7380,7403,7526,7508,6550,7510,7031,7494,6235,0.00208793429294285,0.0022841366974261654,0.00198696695607122,0.0022841366974261654,0.00198696695607122,0.0028526764432010585,0.0022731395087380673,0.002659286043844868,0.0025237958266345877,0.0022731395087380673,0.005653902422148749,0.005497997926040134,0.005653902422148749,0.005653902422148749,0.005936679754874513,0.002281763975729347,0.002281763975729347,0.005936679754874513,0.0030072650704402637,0.0017013368857959961,0.0026675525450084118,0.0026675525450084118,0.0028526764432010585,0.001909686709498989,0.07672578076825108,0.14091366657072021,0.09147265036523039,0.14091366657072021,0.09147265036523039,0.16569298398680243,0.14234956689897946,0.0956698358386543,0.012054718552388606,0.14234956689897946,0.13571628646519515,0.053126464832826764,0.13571628646519515,0.13571628646519515,0.21210517535408405,0.13295842371193986,0.13295842371193986,0.21210517535408405,0.14172734587285682,0.038472812070310725,0.086481952194803,0.086481952194803,0.16569298398680243,0.004101780311177201
315,24,0.0032097158440744047,0.0016268322833351055,0.005959601081374436,0.12419016316891378,0.011050158673022888,0.2352185686545689,0,False,17,0,0,0,0,7392,7466,7467,6919,7056,7274,7423,7346,6562,7567,7565,7426,7114,7402,6899,7427,7380,7403,7526,7508,6550,7510,7031,7494,0.0020180061468277385,0.0022476864857254976,0.001928369041828383,0.0022476864857254976,0.001928369041828383,0.002899604769553004,0.0022377646044751346,0.002650534988187181,0.002395483119227697,0.002650534988187181,0.002899604769553004,0.005555584132351886,0.005278852720042224,0.005555584132351886,0.005555584132351886,0.005959601081374436,0.002240354094889694,0.002240354094889694,0.005959601081374436,0.002959949701455312,0.0016268322833351055,0.0025852670259604374,0.0025852670259604374,0.002826704310329572,0.07033196570423016,0.1291708610231602,0.08384992950146118,0.1291708610231602,0.08384992950146118,0.2352185686545689,0.13048710299073116,0.17103068285209977,0.011050158673022888,0.17103068285209977,0.2352185686545689,0.12440659592642889,0.0486992594300912,0.12440659592642889,0.12440659592642889,0.19442974407457703,0.1218785550692782,0.1218785550692782,0.19442974407457703,0.12991673371678542,0.03526674439778483,0.07927512284523608,0.07927512284523608,0.15188523532123555
316,24,0.003060005515011286,0.001554194084822566,0.0059530656473672705,0.1317019025195156,0.010129312116937647,0.2989503546000215,0,False,17,0,0,0,0,7392,7466,7467,6919,7607,7056,7594,7423,7346,6562,7567,7426,7114,7598,7427,7380,7403,7526,7508,6550,7510,7031,7494,7603,0.0019469301985701151,0.002204555066100119,0.0018675077317845215,0.002204555066100119,0.0028621148657884147,0.0018675077317845215,0.003005262226190652,0.002195632892278689,0.002630332788601883,0.002273054319924613,0.002630332788601883,0.005441710177540694,0.0050621613304828485,0.005582051411483654,0.0059530656473672705,0.002192879798230011,0.002192879798230011,0.0059530656473672705,0.002978644697640891,0.001554194084822566,0.002500467263975402,0.002500467263975402,0.0028621148657884147,0.002978644697640891,0.06447096856221098,0.1184066226045635,0.07686243537633941,0.1184066226045635,0.22256146571113258,0.07686243537633941,0.2989503546000215,0.11961317774150355,0.1567781259477581,0.010129312116937647,0.1567781259477581,0.11403937959922647,0.04464098781091693,0.1973727129325598,0.1782272654016956,0.11172200881350501,0.11172200881350501,0.1782272654016956,0.20242367257371996,0.03232784903130276,0.07266886260813307,0.07266886260813307,0.22256146571113258,0.20242367257371996
317,24,0.0031407413513618505,0.0014835774594126666,0.005919611981029266,0.1397896197327916,0.009285202773859509,0.28734801023520484,0,False,17,0,0,0,0,7392,7466,7467,6919,7607,7056,7594,7423,7612,6562,7620,7114,7598,7427,7380,7403,7526,7508,6550,7510,7031,7494,7426,7626,0.0018752765842869538,0.0021557419719063975,0.0018050310997907396,0.0021557419719063975,0.00295590847593987,0.0018050310997907396,0.0030911495729118565,0.002147743053219998,0.00295590847593987,0.0021563263982026983,0.004973901538409015,0.004973901538409015,0.005580528162071134,0.005919611981029266,0.002140314129843247,0.002140314129843247,0.005919611981029266,0.003058954455216099,0.0014835774594126666,0.002413978157979171,0.002413978157979171,0.0028815924561908517,0.005314715126160653,0.003058954455216099,0.05909838784869339,0.1085394040541832,0.07045723242831112,0.1085394040541832,0.28734801023520484,0.07045723242831112,0.2740378250500197,0.10964541292971158,0.28734801023520484,0.009285202773859509,0.12425423882667386,0.12425423882667386,0.18092498685484648,0.1633749932848876,0.10241184141237959,0.10241184141237959,0.1633749932848876,0.26888836652590997,0.029633861612027527,0.06661312405745531,0.06661312405745531,0.20401467690187153,0.1045360979659576,0.26888836652590997
318,24,0.003020790103881578,0.0014151011928496562,0.005861909905225459,0.14553955084867606,0.008511435876037882,0.34673567604893774,0,False,17,0,0,0,0,7392,7466,7467,6919,7607,7056,7594,7423,7612,6562,7636,7620,7114,7598,7427,7380,7403,7526,7508,6550,7510,7494,7655,7031,0.001803544013001144,0.002102191757128704,0.0017415174219759034,0.002102191757128704,0.0031086778184930414,0.0017415174219759034,0.003157382814343323,0.002095040448826062,0.00303052094589941,0.002045109213457628,0.0031086778184930414,0.004871742550163055,0.004871742550163055,0.005553362597376099,0.005861909905225459,0.0020835680870694303,0.0020835680870694303,0.005861909905225459,0.003119994566828269,0.0014151011928496562,0.002326531103960158,0.0028861704561922046,0.0032004589563525737,0.002326531103960158,0.0541735221946356,0.0994944537163346,0.06458579639261852,0.0994944537163346,0.34673567604893774,0.06458579639261852,0.25120133962918473,0.10050829518556895,0.2634023427156044,0.008511435876037882,0.34673567604893774,0.11389971892445103,0.11389971892445103,0.1658479046169426,0.14976041051114697,0.09387752129468128,0.09387752129468128,0.14976041051114697,0.2464810026487508,0.027164373144358565,0.0610620303860007,0.18701345382671555,0.32981433598208415,0.0610620303860007
319,24,0.0029436053157332713,0.0013488522249267211,0.005782676853816838,0.13095118136997713,0.007802149553034725,0.3178410363781929,0,False,17,0,0,0,0,7392,7466,7467,6919,7663,7056,7594,7423,7612,6562,7636,7620,7114,7598,7427,7380,7403,7526,7508,6550,7510,7494,7655,7031,0.0017321643085414765,0.0020447848952485784,0.0016774776432955363,0.0020447848952485784,0.002090977995351319,0.0016774776432955363,0.003204472659595335,0.002090977995351319,0.003086247722089807,0.001939207971825784,0.003240604984352541,0.004757862906878612,0.004757862906878612,0.005503040907469035,0.005782676853816838,0.0020234838281750532,0.0020234838281750532,0.005782676853816838,0.0031623429979991445,0.0013488522249267211,0.0022387682550357685,0.0028770229146604233,0.003320506130534838,0.0022387682550357685,0.0496590620117493,0.09120324923997337,0.05920364669323364,0.09120324923997337,0.1754659372534382,0.05920364669323364,0.230267894660086,0.1754659372534382,0.24145214748930405,0.007802149553034725,0.3178410363781929,0.10440807568074677,0.10440807568074677,0.15202724589886404,0.13728037630188472,0.0860543945201245,0.0860543945201245,0.13728037630188472,0.22594091909468822,0.024900675382328683,0.05597352785383397,0.1714289993411559,0.3023298079835771,0.05597352785383397
320,24,0.002848521112070334,0.0012848898132586657,0.005684609071488143,0.12213753230431401,0.007151970423615164,0.2913542833466768,0,False,17,0,0,0,0,7392,7466,7467,6919,7663,7056,7594,7423,7612,7684,6562,7636,7620,7114,7598,7427,7380,7403,7526,7508,6550,7510,7494,7031,0.0016615073821617083,0.0019843321263404057,0.0016133587881549624,0.0019843321263404057,0.002131201730975695,0.0016133587881549624,0.0032332515932963733,0.0020776200889128524,0.0031237350774078036,0.002131201730975695,0.001838425311994124,0.003350901453699318,0.004634308381285672,0.004634308381285672,0.005432106421274576,0.005684609071488143,0.001960830947498179,0.001960830947498179,0.005684609071488143,0.0031868788795095205,0.0012848898132586657,0.0021512477947834437,0.0028554129871200804,0.0021512477947834437,0.04552080684410352,0.0836029784699756,0.0542700094687975,0.0836029784699756,0.24417710914898502,0.0542700094687975,0.21107890343841215,0.16084377581565168,0.2213311351985287,0.24417710914898502,0.007151970423615164,0.2913542833466768,0.0957074027073512,0.0957074027073512,0.13935830874062538,0.12584034494339433,0.0788831949767808,0.0788831949767808,0.12584034494339433,0.20711250917013085,0.02282561910046796,0.0513090671993478,0.1571432493960596,0.0513090671993478
321,24,0.0027473652525889496,0.0012232493227141482,0.005570326962477655,0.11497466280951048,0.0065559728883139,0.2670747597344537,0,False,17,0,0,0,0,7392,7466,7467,6919,7663,7056,7594,7423,7612,7684,6562,7636,7620,7114,7598,7427,7380,7403,7526,7508,6550,7510,7031,7706,0.0015918864143767177,0.001921571645715187,0.001589510718684414,0.001921571645715187,0.002158735551728163,0.0015495480097837372,0.003244802215788068,0.002055910149890251,0.003143909477280634,0.002158735551728163,0.001742563064374642,0.003439341474832113,0.004502975274150905,0.004502975274150905,0.005343092771705331,0.005570326962477655,0.0018963052339436518,0.0018963052339436518,0.005570326962477655,0.0031947126751737907,0.0012232493227141482,0.0020644498564077033,0.0020644498564077033,0.001589510718684414,0.04172740627376156,0.07663606359747763,0.1330808420130644,0.07663606359747763,0.22382901671990293,0.04974750867973104,0.19348899481854445,0.14744012783101404,0.20288687393198465,0.22382901671990293,0.0065559728883139,0.2670747597344537,0.08773178581507193,0.08773178581507193,0.12774511634557326,0.1153536495314448,0.0723095953953824,0.0723095953953824,0.1153536495314448,0.18985313340595328,0.020923484175428962,0.04703331159940215,0.04703331159940215,0.1330808420130644
322,24,0.0026832645502476225,0.0011939637063847555,0.005442333385424842,0.11854035896670584,0.006009641814287742,0.2693129677709859,0,False,18,0,0,0,0,7392,7466,7467,6919,7663,7736,7423,7612,7684,6562,7636,7620,7114,7598,7427,7380,7403,7526,7508,7748,6550,7510,7031,7706,0.0015235630734890973,0.0018571685721597106,0.0015607174935464538,0.0018571685721597106,0.0021741981971880797,0.0032290939913996093,0.0020268036131875565,0.0032290939913996093,0.0021741981971880797,0.001651423723815805,0.003506190525215335,0.00436560079116971,0.00436560079116971,0.005238470473333688,0.005442333385424842,0.0018305293837008092,0.0018305293837008092,0.005442333385424842,0.003187121170830039,0.0011939637063847555,0.0011939637063847555,0.001978782792061737,0.001978782792061737,0.0015607174935464538,0.03825012241761476,0.07024972496435448,0.12199077184530902,0.07024972496435448,0.205176598659911,0.2693129677709859,0.13515345051176286,0.2693129677709859,0.205176598659911,0.006009641814287742,0.24481852975658255,0.08042080366381593,0.08042080366381593,0.11709968998344214,0.10574084540382439,0.06628379577910053,0.06628379577910053,0.10574084540382439,0.17403203895545716,0.10251319382747656,0.10251319382747656,0.043113868966118636,0.043113868966118636,0.12199077184530902
323,24,0.002551024638025684,0.001162341201774145,0.005302983422153211,0.11438732441036921,0.035062612216146864,0.24687022045673707,0,False,18,0,0,0,0,7392,7466,7467,7775,6919,7663,7736,7423,7612,7684,7761,7620,7114,7598,7427,7380,7403,7526,7508,7748,6550,7510,7031,7706,0.0014567526401165374,0.0017917161917965154,0.0015276930747976484,0.0015670921468188105,0.0017917161917965154,0.002178361179359225,0.0032939208788058025,0.0019912446632133238,0.0032939208788058025,0.002178361179359225,0.0016051680294409153,0.004223759186297512,0.004223759186297512,0.005120605846907797,0.005302983422153211,0.0017640552013576908,0.0017640552013576908,0.005302983422153211,0.003165489121721218,0.001162341201774145,0.001162341201774145,0.0018945895598465792,0.0018945895598465792,0.0015670921468188105,0.035062612216146864,0.06439558121732494,0.11182487419153327,0.19515820752486662,0.06439558121732494,0.18807854877158509,0.24687022045673707,0.12389066296911595,0.24687022045673707,0.18807854877158509,0.0888421716630971,0.0737190700251646,0.0737190700251646,0.10734138248482196,0.09692910828683902,0.060760146130842144,0.060760146130842144,0.09692910828683902,0.1595293690425024,0.09397042767518685,0.09397042767518685,0.03952104655227542,0.03952104655227542,0.19515820752486662
324,24,0.0024531665497235394,0.0011288519171066378,0.0051544640328073646,0.10820508441762879,0.032140727864801294,0.2262977020853423,0,False,18,0,0,0,0,7392,7466,7467,7775,6919,7663,7736,7423,7612,7761,7620,7114,7598,7427,7380,7403,7526,7508,7748,6550,7510,7031,7706,7796,0.0013916289420743922,0.0017257385376655667,0.0014911156030223195,0.001565693065016821,0.0017257385376655667,0.0021721048932238484,0.003338994040690762,0.0019501478760128364,0.003338994040690762,0.001556682448182116,0.004078862472775962,0.004078862472775962,0.004991730943518781,0.0051544640328073646,0.0016973668893596754,0.0016973668893596754,0.0051544640328073646,0.0031312585722698618,0.0011288519171066378,0.0011579649102313873,0.001812154050429536,0.001812154050429536,0.001565693065016821,0.0011579649102313873,0.032140727864801294,0.05902928278254786,0.10250613467557215,0.17889502356446108,0.05902928278254786,0.172405336373953,0.2262977020853423,0.11356644105502295,0.2262977020853423,0.081438657357839,0.06757581418973421,0.06757581418973421,0.09839626727775345,0.0888516825962691,0.05569680061993863,0.05569680061993863,0.0888516825962691,0.1462352549556272,0.0861395587022546,0.16947289203558796,0.03622762600625246,0.03622762600625246,0.17889502356446108,0.16947289203558796
325,24,0.0024990652262620048,0.0010939255081921424,0.004998782007630298,0.11054178730698454,0.02946233387606785,0.29077289357823044,1,False,19,0,0,0,0,7392,7466,7467,7775,6919,7663,7806,7736,7423,7612,7761,7620,7114,7598,7427,7380,7403,7814,7526,7508,7748,6550,7510,7031,0.0013283290327836608,0.0016596939301379856,0.0014516200667195336,0.0015571857635975064,0.0016596939301379856,0.0021563793671839117,0.0034520259607334733,0.0034520259607334733,0.0019043843241215773,0.0033652367953854413,0.0015065341233837458,0.003932164640230024,0.003932164640230024,0.004853922991054351,0.004998782007630298,0.0016729454750909678,0.0016308850899410653,0.0016729454750909678,0.004998782007630298,0.003085886207979761,0.0010939255081921424,0.0011486376900287872,0.001731707221135566,0.001731707221135566,0.02946233387606785,0.05411017588400221,0.09396395678594113,0.1639871049340893,0.05411017588400221,0.1580382250094569,0.29077289357823044,0.29077289357823044,0.10410257096710436,0.2074395602448971,0.07465210257801909,0.06194449634058969,0.06194449634058969,0.09019657833794066,0.08144737571324667,0.13438873390161044,0.05105540056827708,0.13438873390161044,0.08144737571324667,0.13404898370932491,0.07896126214373339,0.15535015103262229,0.03320865717239809,0.03320865717239809
326,24,0.0024272257087100016,0.0010852349230384831,0.004837758701891014,0.11744147263421356,0.02700713938639553,0.3498751524467112,2,False,19,0,0,0,0,7392,7466,7467,7775,6919,7663,7806,7736,7830,7761,7620,7114,7598,7427,7380,7403,7814,7526,7508,7748,6550,7510,7031,7844,0.001266957569641154,0.0015939791656937056,0.0014097935466235079,0.0015422713188443617,0.0015939791656937056,0.0021321702911019148,0.003633920288120825,0.0035425580236608336,0.003633920288120825,0.001455232491016342,0.00378476846129572,0.00378476846129572,0.004709091867753811,0.004837758701891014,0.0016432427295402273,0.0015649714036027192,0.0016432427295402273,0.004837758701891014,0.0030308086086439897,0.0010852349230384831,0.001134887462235376,0.0016534329433780372,0.0016534329433780372,0.0010852349230384831,0.02700713938639553,0.04960099456033536,0.08613362705377937,0.1503215128562485,0.04960099456033536,0.1448683729253355,0.3498751524467112,0.2665418191133779,0.3498751524467112,0.06843109402985083,0.05678245497887388,0.05678245497887388,0.08268019680977894,0.07466009440380944,0.1231896727431429,0.046800783854253986,0.1231896727431429,0.07466009440380944,0.12287823506688117,0.15571449029842227,0.1424043051132371,0.030441269074698248,0.030441269074698248,0.15571449029842227
327,24,0.002397359997707083,0.0010723531101654398,0.004673030166574051,0.11126538686277115,0.024756544437529233,0.3207188897428186,3,False,20,0,0,0,0,7392,7466,7467,7775,6919,7663,7806,7736,7830,7857,7761,7620,7114,7598,7427,7380,7403,7814,7526,7508,7748,6550,7510,7031,0.0012075908672244413,0.001528934099205402,0.0013661726009627495,0.0015216641917466611,0.001528934099205402,0.0021004705259141587,0.0037914704208304385,0.0036108742059460593,0.0037914704208304385,0.001439419813989047,0.001439419813989047,0.003637634114495562,0.003637634114495562,0.004558974168495462,0.004673030166574051,0.001609012316887411,0.0014999331623714793,0.001609012316887411,0.004673030166574051,0.0029674149284355886,0.0010723531101654398,0.001117243319345912,0.0015774735001991137,0.0015774735001991137,0.024756544437529233,0.045467578346974076,0.07895582479929776,0.1377947201182278,0.045467578346974076,0.13279600851489087,0.3207188897428186,0.2443300008539297,0.3207188897428186,0.14606183619402993,0.14606183619402993,0.05205058373063439,0.05205058373063439,0.07579018040896403,0.06843841987015865,0.11292386668121432,0.04290071853306615,0.11292386668121432,0.06843841987015865,0.11263838214464107,0.14273828277355374,0.130537279687134,0.027904496651806728,0.027904496651806728
328,24,0.002347368900489835,0.0010557799494321453,0.004506051441199869,0.10199327129087354,0.02269349906773513,0.2939923155975837,4,False,20,0,0,0,0,7392,7466,7467,7775,6919,7663,7806,7736,7830,7857,7761,7620,7114,7598,7427,7380,7403,7814,7526,7508,7748,6550,7510,7031,0.0011502806145172835,0.0014648464164350756,0.0013212423844702688,0.0014960739703813446,0.0014648464164350756,0.0020622569757527483,0.003923677483012399,0.0036576811211771277,0.003923677483012399,0.0014184935217297471,0.0014184935217297471,0.0034915889850347464,0.0034915889850347464,0.004405132541172101,0.004506051441199869,0.0015709713243769183,0.0014360282837242242,0.0015709713243769183,0.004506051441199869,0.0028970263091462473,0.0010557799494321453,0.0010962237276965431,0.0015039346953542492,0.0015039346953542492,0.02269349906773513,0.041678613484726235,0.0723761727326896,0.12631182677504213,0.041678613484726235,0.1217296744719833,0.2939923155975837,0.22396916744943554,0.2939923155975837,0.1338900165111941,0.1338900165111941,0.047713035086414855,0.047713035086414855,0.06947433204155036,0.06273521821431209,0.10351354445777979,0.03932565865531064,0.10351354445777979,0.06273521821431209,0.10325185029925431,0.1308434258757576,0.11965917304653949,0.025579121930822832,0.025579121930822832
329,24,0.0023179346756530164,0.001036005550213428,0.004338103939974055,0.10113403142689881,0.020802374145423866,0.2694929559644517,5,False,20,0,0,0,0,7392,7466,7901,7467,7775,6919,7663,7806,7736,7830,7857,7761,7620,7114,7598,7427,7380,7403,7526,7508,7748,6550,7510,7031,0.0010950572561971438,0.0014019564384536508,0.0020705287094795162,0.0012754371321678588,0.0014661908442629233,0.0014019564384536508,0.0020705287094795162,0.004030211523387988,0.003684025066002966,0.004030211523387988,0.001393113896006645,0.001393113896006645,0.003347338127948973,0.003347338127948973,0.00424895911134422,0.004338103939974055,0.0015297922279923703,0.0013734700720334024,0.004338103939974055,0.002820881213364424,0.001036005550213428,0.001072327362239417,0.0014328905546762943,0.0014328905546762943,0.020802374145423866,0.03820539569433238,0.1949188682659847,0.06634482500496547,0.11578584121045528,0.03820539569433238,0.1949188682659847,0.2694929559644517,0.20530507016198257,0.2694929559644517,0.12273251513526125,0.12273251513526125,0.04373694882921361,0.04373694882921361,0.06368480437142116,0.057507283363119416,0.0948874157529648,0.03604852043403475,0.057507283363119416,0.0946475294409831,0.11993980705277779,0.1096875752926612,0.023447528436587595,0.023447528436587595
330,24,0.002256750136603258,0.0010135015306079137,0.004170305026580749,0.10296724360759006,0.021493567733538627,0.24703520963408074,6,False,20,0,0,0,0,7392,7920,7466,7901,7467,6919,7663,7806,7736,7830,7857,7761,7620,7932,7598,7427,7380,7403,7526,7508,7748,6550,7510,7031,0.0010688044090010561,0.0010688044090010561,0.0013404618381278079,0.0020685414915367563,0.0012291416829989332,0.0013404618381278079,0.0020685414915367563,0.004111328806918224,0.0036912117667126355,0.004111328806918224,0.0013639192644251707,0.0013639192644251707,0.0032881439087665714,0.0032881439087665714,0.004091681966906,0.004170305026580749,0.0014860976154501178,0.001312431868921832,0.004170305026580749,0.002740125821203215,0.0010135015306079137,0.0010460263045059697,0.0013643876152294474,0.0013643876152294474,0.10240217629997189,0.10240217629997189,0.03502161271980468,0.1786756292438193,0.06081608958788501,0.03502161271980468,0.1786756292438193,0.24703520963408074,0.1881963143151507,0.24703520963408074,0.11250480554065614,0.11250480554065614,0.12342553642677914,0.12342553642677914,0.05837773734046939,0.05271500974952613,0.0869801311068844,0.033044477064531855,0.05271500974952613,0.08676023532090117,0.10994482313171297,0.10054694401827276,0.021493567733538627,0.021493567733538627
331,24,0.0021789745116629,0.0009887145361772481,0.004167779765621275,0.09880372656829507,0.019702437089077075,0.226448942164574,7,False,20,0,0,0,0,7392,7920,7466,7467,6919,7663,7806,7736,7830,7857,7761,7954,7620,7932,7598,7427,7380,7403,7526,7508,7748,6550,7510,7031,0.001040464433841195,0.001040464433841195,0.0012805221810035614,0.0011826937641940256,0.0012805221810035614,0.002057175509648767,0.004167779765621275,0.0036807319587765855,0.004167779765621275,0.0013658562719701714,0.0013315165748827025,0.0013658562719701714,0.0032198612450985457,0.0032198612450985457,0.003934373828999406,0.004003619028465931,0.0014404572084798814,0.0012530514824744344,0.004003619028465931,0.0026558086462582496,0.0009887145361772481,0.0010177613004550825,0.001298448808780935,0.001298448808780935,0.09386866160830756,0.09386866160830756,0.03210314499315429,0.05574808212222792,0.03210314499315429,0.163785993473501,0.226448942164574,0.17251328812222144,0.226448942164574,0.18646273841226813,0.1031294050789348,0.18646273841226813,0.11314007505788087,0.11314007505788087,0.05351292589543027,0.04832209227039895,0.07973178684797737,0.030290770642487534,0.04832209227039895,0.07953021571082607,0.10078275453740355,0.09216803201675003,0.019702437089077075,0.019702437089077075
332,24,0.00223617970832062,0.000962061712253498,0.004200714288240083,0.09675930964881628,0.018060567331653985,0.20757819698419283,8,False,21,0,0,0,0,7392,7970,7920,7466,7467,6919,7663,7806,7736,7830,7978,7620,7932,7598,7427,7380,7403,7526,7986,7508,7748,6550,7510,7031,0.0010104578507487204,0.0012537852921486136,0.0010104578507487204,0.0012537852921486136,0.001136386801977227,0.0012222632293747591,0.0020373574859353827,0.004200714288240083,0.0036541948176895757,0.004200714288240083,0.0013299106563775217,0.003143926223353262,0.003143926223353262,0.003777962182914506,0.003838869083578054,0.001393386752735008,0.0011954353484492665,0.003937873184597324,0.003937873184597324,0.002568878576019446,0.000962061712253498,0.0009879387660824972,0.0012350769540660687,0.0012350769540660687,0.08604627314094859,0.11276121624372477,0.08604627314094859,0.11276121624372477,0.05110240861204226,0.029427882910391428,0.1501371606840426,0.20757819698419283,0.15813718077870298,0.20757819698419283,0.1778686213223569,0.10371173546972413,0.10371173546972413,0.04905351540414441,0.0442952512478657,0.07308747127731259,0.02776653975561357,0.12762858458119905,0.12762858458119905,0.07290269773492389,0.09238419165928659,0.08448736268202085,0.018060567331653985,0.018060567331653985
333,24,0.002080716535314118,0.0009339278349728068,0.004211589539497227,0.10201707185963638,0.016555520054016153,0.20032620253276578,9,False,18,0,0,0,0,7392,7970,7920,7466,7467,6919,7995,7663,7806,7736,7830,7978,7620,7932,7598,7427,7380,7403,8010,7508,7748,6550,8014,7031,0.0009791689413498937,0.0012240869694215616,0.0009791689413498937,0.0012556560662931922,0.0010904730660107782,0.0011657809696827045,0.0012556560662931922,0.0020100314508915986,0.004211589539497227,0.0036132703277046607,0.004211589539497227,0.0013223042941393722,0.0030616859912099806,0.0030616859912099806,0.00362324027826202,0.003676749338721983,0.0013453483827929778,0.0011396623951218574,0.003960205846096714,0.0024801856146537266,0.0009339278349728068,0.0009569292378487071,0.001204541886716644,0.0011742578778001329,0.07887575037920287,0.10336444822341437,0.07887575037920287,0.1866977815567477,0.04684387456103874,0.026975559334525473,0.1866977815567477,0.13762573062703903,0.19028001390217675,0.14495908238047772,0.19028001390217675,0.1630462362121605,0.09506909084724711,0.09506909084724711,0.04496572245379904,0.04060398031054356,0.06699684867086987,0.025452661442645772,0.20032620253276578,0.06682747292368023,0.0846855090210127,0.07744674912518577,0.0998888533873495,0.016555520054016153
334,24,0.002033258348286711,0.0009046638144880074,0.004202084056368694,0.10127711915016085,0.01517589338284814,0.18363235232170197,10,False,18,0,0,0,0,7392,7970,7920,7466,8020,7467,6919,7995,7663,7806,7736,7830,7978,7620,7932,7598,7427,7380,8010,7508,7748,6550,8014,7031,0.0009469451300773099,0.0011919508037196726,0.0009469451300773099,0.001251565675687711,0.00107212175892194,0.00107212175892194,0.0011111453403122571,0.001251565675687711,0.001976134692654714,0.004202084056368694,0.0035596409386857253,0.004202084056368694,0.0013092944174955138,0.0029743880915427015,0.0029743880915427015,0.0034708785286058897,0.0035178371280682654,0.0012967521155358788,0.003962401715074274,0.002390483690875692,0.0009046638144880074,0.0009250669860779935,0.0011717775741780505,0.0011159631879124167,0.07230277118093596,0.0947507442047965,0.07230277118093596,0.1711396330936854,0.12627355168095217,0.12627355168095217,0.02472759605664835,0.1711396330936854,0.12615691974145243,0.17442334607699533,0.13287915884877124,0.17442334607699533,0.1494590498611471,0.08714666660997651,0.08714666660997651,0.04121857891598245,0.03722031528466493,0.06141377794829738,0.18363235232170197,0.06125851684670687,0.07762838326926164,0.07099285336475362,0.09156478227173703,0.01517589338284814
335,24,0.0019837740059842797,0.0008745863035005553,0.0041740205741934225,0.09283735922098078,0.013911235600944127,0.16832965629489346,11,False,18,0,0,0,0,7392,7970,7920,7466,8020,7467,6919,7995,7663,7806,7736,7830,7978,7620,7932,7598,7427,7380,8010,7508,7748,6550,8014,7031,0.0009140973410145384,0.0011578614450578465,0.0009140973410145384,0.001242064228649763,0.0010506955444958299,0.0010506955444958299,0.0010584036499815437,0.001242064228649763,0.0019365786322052157,0.0041740205741934225,0.0034949623126383435,0.0041740205741934225,0.0012914881998290066,0.002883174414959809,0.002883174414959809,0.0033214359459551278,0.0033626048532120387,0.0012479581732889363,0.003946104308438082,0.0023004349823926877,0.0008745863035005553,0.0008926505376539517,0.0011372498683659695,0.0010601527244766759,0.0662775402491913,0.08685484885439679,0.0662775402491913,0.15687799700254496,0.11575075570753948,0.11575075570753948,0.022666963051927655,0.15687799700254496,0.1156438430963314,0.15988806723724572,0.12180589561137363,0.15988806723724572,0.13700412903938483,0.07988444439247847,0.07988444439247847,0.037783697339650577,0.034118622344276185,0.056295963119272596,0.16832965629489346,0.05615364044281463,0.0711593513301565,0.06507678225102416,0.08393438374909228,0.013911235600944127
336,24,0.001979601156707197,0.0008439781707326997,0.004129298944606177,0.09167046844507602,0.012751965967532116,0.15656074069310527,12,False,18,0,0,0,0,7392,7970,7920,7466,8020,7467,6919,7663,7806,7736,7830,7978,7620,8078,7598,7427,7380,8010,7508,8083,7748,6550,8014,7031,0.0008809010977845032,0.0011222623081675453,0.0008809010977845032,0.0012277208774662555,0.0010266671118099755,0.0010266671118099755,0.001007583686878908,0.0018922342102565064,0.004129298944606177,0.0034208325801831645,0.004129298944606177,0.0012694877629640772,0.0027890789060946624,0.0028610090094031973,0.003175371335132843,0.0032114313634956414,0.0011992798853222768,0.003913065865254887,0.002267626872370284,0.002267626872370284,0.0008439781707326997,0.0008599438859072317,0.0011013831459229103,0.0010067767146480335,0.06075441189509202,0.07961694478319706,0.06075441189509202,0.1438048305856662,0.10610485939857786,0.10610485939857786,0.020778049464267017,0.1060068561716371,0.1465640616341419,0.11165540431042582,0.1465640616341419,0.12558711828610275,0.07322740735977193,0.15656074069310527,0.034635055894679696,0.0312754038155865,0.05160463285933321,0.15430218493698566,0.13480750373924674,0.13480750373924674,0.06522940538597678,0.05965371706343881,0.07693985177000125,0.012751965967532116
337,24,0.002004289015721888,0.0008130896287310463,0.004069839639011531,0.09172029570373331,0.01168930213690444,0.22477700285890354,13,False,18,0,0,0,0,7392,7970,7920,7466,8020,7467,6919,7663,7806,7736,7830,7978,7620,8078,7598,7427,7380,8010,8105,8083,7748,6550,8014,7031,0.0008475981667383407,0.0010855547286088955,0.0008475981667383407,0.0012091076614633854,0.0010004814873763417,0.0010004814873763417,0.0009586965260378131,0.0018439212762167987,0.004069839639011531,0.0033387692867370635,0.004069839639011531,0.0012438780374320734,0.0026930282366063054,0.002827718806913899,0.003033054047908646,0.003064612698525226,0.0011509869606386805,0.003964768557206383,0.003964768557206383,0.002227626973971121,0.0008130896287310463,0.0008271781978877905,0.0010645599510980953,0.0009557776578832697,0.055691544237167684,0.0729821993845973,0.055691544237167684,0.13182109470352735,0.09726278778202971,0.09726278778202971,0.019046545342244765,0.09717295149066735,0.13435038983129674,0.102350787284557,0.13435038983129674,0.11512152509559419,0.06712512341312427,0.14351401230201316,0.03174880123678972,0.028669120164287624,0.04730424678772211,0.22477700285890354,0.22477700285890354,0.12357354509430951,0.05979362160381205,0.05468257397481891,0.07052819745583447,0.01168930213690444
338,24,0.0019287400620789216,0.0007821398359056742,0.00399753767927802,0.09694814503959177,0.026280026817263654,0.2060455859539949,14,False,19,0,0,0,0,7392,7970,7920,7466,8020,7467,8118,7806,7736,7830,7978,7620,8078,7598,7427,7380,8010,8105,8083,7748,6550,8014,8134,8135,0.0008143985757504051,0.0010480982639648677,0.0008143985757504051,0.0011867864288568003,0.0009725521330622357,0.0009725521330622357,0.0009352527186847817,0.00399753767927802,0.0032501930801967977,0.00399753767927802,0.0012152175080392962,0.002595844749325967,0.002784621527928166,0.002894774158185076,0.002922372105558917,0.0011033089651601951,0.003994227923599192,0.003994227923599192,0.0021814577821173105,0.0007821398359056742,0.0007945538604006636,0.001053611045951678,0.001053611045951678,0.0009304857902865414,0.05105058221740371,0.06690034943588086,0.05105058221740371,0.1208360034782334,0.08915755546686056,0.08915755546686056,0.10079266656372438,0.12315452401202201,0.09382155501084391,0.12315452401202201,0.10552806467096133,0.06153136312869724,0.1315545112768454,0.029103067800390577,0.026280026817263654,0.0433622262220786,0.2060455859539949,0.2060455859539949,0.11327574966978371,0.05481081980349437,0.050125692810250665,0.1479841810011816,0.1479841810011816,0.09404852695882908
339,24,0.001881834031626284,0.000751318822211434,0.004002849916977807,0.08886913295295913,0.02409002458249168,0.18887512045782864,15,False,20,0,0,0,0,7392,7970,7920,7466,8020,7467,8118,7806,7736,7830,7978,7620,8078,7598,7427,7380,8010,8105,8083,7748,6550,8014,8134,8135,0.000781482870857526,0.0010102118704653263,0.000781482870857526,0.0011612986307874323,0.0009432586192481751,0.0009432586192481751,0.0009100435940088003,0.003914226379714034,0.003156417149500275,0.003914226379714034,0.0011840315148769793,0.0024982510741456128,0.002733010793073133,0.0027607519689794254,0.002784869284407468,0.0010564388718893078,0.004002849916977807,0.004002849916977807,0.002130092707786217,0.000751318822211434,0.0007622427350890884,0.001038852847134265,0.001038852847134265,0.0009036964739467019,0.046796367032620065,0.06132532031622412,0.046796367032620065,0.11076633652171394,0.08172775917795551,0.08172775917795551,0.092393277683414,0.11289164701102017,0.08600309209327359,0.11289164701102017,0.09673405928171455,0.056403749534639135,0.12059163533710827,0.026677812150358027,0.02409002458249168,0.039748707370238716,0.18887512045782864,0.18887512045782864,0.1038361038639684,0.05024325148653651,0.04594855174272977,0.13565216591774978,0.13565216591774978,0.08621114971225999
340,24,0.0018800999364003348,0.0007207896152480767,0.0039922442972441215,0.08719261950343615,0.022082522533950707,0.17851642854197103,16,False,21,0,0,0,0,7392,7970,7920,7466,8020,7467,8118,7806,7736,7830,7978,7620,8078,7598,7427,7380,8010,8105,8083,8178,7748,6550,8014,8135,0.0007490045000250773,0.0009721757228806039,0.0007490045000250773,0.0011331577030490511,0.0009129455872109095,0.0009129455872109095,0.0008834331474101451,0.0038216499914439385,0.003058641442612473,0.0038216499914439385,0.0011508077548159105,0.002400875910795036,0.002674132755780227,0.0026311468010180965,0.0026522088433007652,0.0010105365831969448,0.0039922442972441215,0.0039922442972441215,0.0021279448068231895,0.0021279448068231895,0.0007207896152480767,0.0007303905188072356,0.001020769427950332,0.0008757538812486701,0.042896669779901725,0.056214876956538776,0.042896669779901725,0.10153580847823777,0.07491711257979254,0.07491711257979254,0.08469383787646283,0.10348400976010182,0.07883616775216745,0.10348400976010182,0.088672887674905,0.051703437073419206,0.11054233239234924,0.02445466113782819,0.022082522533950707,0.03643631508938549,0.17313552708634292,0.17313552708634292,0.17851642854197103,0.17851642854197103,0.04605631386265847,0.04211950576416895,0.1243478187579373,0.07902688723623832
341,24,0.0018767742568286932,0.0006906904681546433,0.003964152061597444,0.08853847190216953,0.02024231232278815,0.16364005949680677,17,False,22,0,0,0,0,7392,7970,7920,7466,8192,7467,8118,7806,7736,7830,7978,7620,8078,7598,7427,7380,8199,8010,8105,8083,7748,6550,8014,8135,0.0007170922371128915,0.0009342334823120074,0.0007170922371128915,0.0011028437105228173,0.003034236046716313,0.0008819227382007237,0.0008557533414177302,0.003721444179803995,0.003034236046716313,0.003721444179803995,0.0011159936285396635,0.00230426056245523,0.0026091686801643934,0.0025060650430049126,0.0025244479723518175,0.0009906385038490255,0.0009906385038490255,0.003964152061597444,0.003964152061597444,0.0021161580589124456,0.0006906904681546433,0.0006991191282449914,0.000999830045879115,0.0008469692455688117,0.039321947298243246,0.05153030387682721,0.039321947298243246,0.09307449110505128,0.15559982043948684,0.06867401986480982,0.07763601805342425,0.09486034228009332,0.15559982043948684,0.09486034228009332,0.08128348036866291,0.047394817317300934,0.10133047135965347,0.02241677270967584,0.02024231232278815,0.1167332888319367,0.1167332888319367,0.15870756649581433,0.15870756649581433,0.16364005949680677,0.04221828770743693,0.038609546950488204,0.11398550052810918,0.07244131329988512
342,24,0.0018352462966925338,0.0006611371122174242,0.003920382535333518,0.09022294683707203,0.018555452962555802,0.157843190337941,18,False,22,0,0,0,0,7392,8209,7920,7466,8192,7467,8118,7806,7736,7830,7978,8218,7620,8078,7598,7427,7380,8010,8105,8083,7748,6550,8014,8135,0.0006858525795721589,0.0009197179545214878,0.0006858525795721589,0.0010707999171497204,0.002998123161202241,0.0008504656155194345,0.0008273037343511927,0.003615123206221722,0.002998123161202241,0.003615123206221722,0.0011078480754542226,0.0011078480754542226,0.002208865884740345,0.0025392227141029992,0.0023855674664805407,0.0024016033581601482,0.0009682499459511433,0.003920382535333518,0.003920382535333518,0.0020956861574276627,0.0006611371122174242,0.0006685290472189571,0.0009764819338488382,0.0008176211633631855,0.03604511835672297,0.13056944522042496,0.03604511835672297,0.08531828351296367,0.14263316873619625,0.06295118487607566,0.07116634988230557,0.08695531375675221,0.14263316873619625,0.08695531375675221,0.157843190337941,0.157843190337941,0.043445249207525856,0.09288626541301567,0.020548708317202853,0.018555452962555802,0.10700551476260864,0.14548193595449646,0.14548193595449646,0.15000338787207287,0.03870009706515052,0.035392084704614184,0.10448670881743341,0.06640453719156136
343,24,0.0017496016802199376,0.0006322249755657522,0.0038627605321823856,0.10103875391084272,0.032442744312563,0.22802292447644593,19,False,22,0,0,0,0,7392,8209,7920,7466,8192,7467,8118,7806,7736,7830,7978,8218,8243,8078,7598,8246,7380,8010,8105,8083,7748,6550,8014,8135,0.0006553720706451932,0.0009024226956400334,0.0006553720706451932,0.0010374309523548226,0.002951700421697202,0.0008188169769345583,0.000798351927371434,0.0035040727003882626,0.002951700421697202,0.0035040727003882626,0.0010953507326335267,0.001123599733113664,0.001123599733113664,0.002465314080661807,0.0023282105678166533,0.0023282105678166533,0.0009437923361650283,0.0038627605321823856,0.0038627605321823856,0.002067500321561075,0.0006322249755657522,0.000638701591370518,0.0009511451187270633,0.0007879565646061593,0.03304135849366272,0.11968865811872288,0.03304135849366272,0.07820842655355002,0.13074707134151323,0.05770525280306935,0.06523582072544677,0.07970903761035619,0.13074707134151323,0.07970903761035619,0.14468959114311258,0.22802292447644593,0.22802292447644593,0.08514574329526436,0.1021696492907693,0.1021696492907693,0.09808838853239125,0.13335844129162175,0.13335844129162175,0.13750310554940012,0.03547508897638797,0.032442744312563,0.09577948308264729,0.06087082575893125
344,24,0.0016875543620330717,0.0006040313248279142,0.003793083389831876,0.09556544809256862,0.03028791195252416,0.2923543474367421,20,False,23,0,0,0,0,7392,8209,7920,7466,8192,7467,8118,7806,7736,7830,7978,8268,8078,7598,8246,7380,8010,8105,8083,7748,6550,8277,8014,8135,0.0006257195110991559,0.0008827582510411963,0.0006257195110991559,0.0010031022664608593,0.0028963379091525377,0.0007871885857327139,0.0007691346306720955,0.0033895469728283277,0.0028963379091525377,0.0033895469728283277,0.0010790117143673105,0.0011621973938341873,0.0023883729305280107,0.0022663290916548084,0.0022663290916548084,0.0009176576901749851,0.003793083389831876,0.003793083389831876,0.0020325646076460647,0.0006040313248279142,0.0006254251959290866,0.0006254251959290866,0.0009242089801007668,0.0007581921724160305,0.03028791195252416,0.10971460327549597,0.03028791195252416,0.07169105767408752,0.11985148206305378,0.0528964817361469,0.05979950233165954,0.07306661780949317,0.11985148206305378,0.07306661780949317,0.13263212521451986,0.2923543474367421,0.07805026468732566,0.09365551184987185,0.09365551184987185,0.08991435615469198,0.12224523785065326,0.12224523785065326,0.12604451342028344,0.03251883156168897,0.11307251561984942,0.11307251561984942,0.08779785949242667,0.05579825694568698
345,24,0.0016434895790898468,0.0005766172993943833,0.003713087265837372,0.09107388297374346,0.027763919289813813,0.26799148515034693,21,False,24,0,0,0,0,7392,8209,7920,7466,8192,7467,8118,7806,7736,7830,7978,8268,8078,7598,8246,7380,8010,8105,8083,7748,6550,8277,8014,8303,0.0005969480371051124,0.0008611132887335525,0.0005969480371051124,0.0009681405974194349,0.0028333538212614896,0.0007557632781112571,0.00073985917842697,0.003272669913216865,0.0028333538212614896,0.003272669913216865,0.0010593327864170292,0.0011932053409300966,0.002309239148496748,0.0022008376586760167,0.0022008376586760167,0.0008902062915559128,0.003713087265837372,0.003713087265837372,0.0019918162844046387,0.0005766172993943833,0.0006106640370464166,0.0006106640370464166,0.000896030264316393,0.0007473046736633607,0.027763919289813813,0.10057171966920463,0.027763919289813813,0.06571680286791357,0.10986385855779929,0.04848844159146799,0.05481621047068791,0.0669777329920354,0.10986385855779929,0.0669777329920354,0.12157944811330987,0.26799148515034693,0.07154607596338186,0.08585088586238253,0.08585088586238253,0.08242149314180099,0.11205813469643215,0.11205813469643215,0.11554080396859315,0.029808928931548222,0.10364980598486197,0.10364980598486197,0.08048137120139112,0.13448173553354642
346,24,0.0016542184070928983,0.0005500298182757838,0.0036244218126100266,0.09063392279978881,0.025450259348995995,0.245658861387818,22,False,24,0,0,0,0,7392,8209,7920,7466,8192,7467,8118,7806,7736,7830,7978,8268,8078,8317,7598,8246,7380,8010,8105,8083,7748,6550,8277,8303,0.0005690970501058198,0.0008378506913615946,0.0005690970501058198,0.0009328352050380796,0.002763996399478257,0.0007246971915029142,0.0007107053500165102,0.0031544386313215296,0.002763996399478257,0.0031544386313215296,0.0010367980962497038,0.001216709549051902,0.0022286634760082273,0.002187570673130389,0.002187570673130389,0.0021325718304158695,0.0008617656089151974,0.0036244218126100266,0.0036244218126100266,0.0019461508446246205,0.0005500298182757838,0.0005946796978962798,0.0005946796978962798,0.0007340555796845544,0.025450259348995995,0.09219074303010423,0.025450259348995995,0.06024040262892077,0.100708537011316,0.04444773812551232,0.05024819293146392,0.06139625524269911,0.100708537011316,0.06139625524269911,0.1114478274372007,0.245658861387818,0.06558390296643336,0.162029978707184,0.162029978707184,0.07869664537385065,0.07555303537998423,0.1027199568050628,0.1027199568050628,0.10591240363787705,0.02732485152058587,0.09501232215279014,0.09501232215279014,0.12327492423908422
347,24,0.0015113648492621134,0.0005243033477576152,0.0035286322069518167,0.08959974629764118,0.023329404403246327,0.22518728960549983,23,False,24,0,0,0,0,7392,8209,7920,7466,8192,7467,8118,8334,7736,7830,7978,8268,8078,8317,7598,8246,7380,8010,8105,8083,7748,6550,8277,8303,0.0005421939917315093,0.0008133050876205569,0.0005421939917315093,0.0008974396637918501,0.002689431311575902,0.0006941220623332764,0.000699411650021465,0.000699411650021465,0.002689431311575902,0.0030357291144466722,0.0010118672291897165,0.001232940289404911,0.002147310389847734,0.002165431151252927,0.002165431151252927,0.0020622868230365026,0.0008326302018786642,0.0035286322069518167,0.0035286322069518167,0.0018964111283055855,0.0005243033477576152,0.000577714400525695,0.000577714400525695,0.0007187816205590046,0.023329404403246327,0.08450818111092888,0.023329404403246327,0.0552203690765107,0.09231615892703966,0.0407437599483863,0.12939417685384194,0.12939417685384194,0.09231615892703966,0.056279900639140845,0.10216050848410065,0.22518728960549983,0.06011857771923058,0.14852748048158532,0.14852748048158532,0.07213859159269644,0.06925694909831888,0.09415996040464089,0.09415996040464089,0.09708637000138728,0.025047780560537046,0.08709462864005763,0.08709462864005763,0.1130020138858272
348,24,0.001473559605303821,0.0004994615244497707,0.0034271474603087553,0.09489721103570481,0.021385287369642465,0.20642168213837483,24,False,24,0,0,0,0,7392,8209,7920,8192,7467,8118,8334,7736,7830,7978,8362,8268,8078,7598,8367,8246,7380,8010,8105,8083,7748,6550,8277,8303,0.0005162559623389391,0.0007877815736766955,0.0005162559623389391,0.0026107336653369765,0.0006641475224513409,0.0006860333739131944,0.0006860333739131944,0.0026107336653369765,0.002917303290135545,0.001010372601193602,0.001010372601193602,0.001242244137381189,0.0020657622575452127,0.002135424336148909,0.002041997239559272,0.002041997239559272,0.0008030623932789444,0.0034271474603087553,0.0034271474603087553,0.001843379990178946,0.0004994615244497707,0.0005599898365799076,0.0005599898365799076,0.0007018032235838552,0.021385287369642465,0.07746583268501814,0.021385287369642465,0.08462314568311968,0.0373484466193541,0.11861132878268844,0.11861132878268844,0.08462314568311968,0.05158990891921244,0.17698046611042562,0.17698046611042562,0.20642168213837483,0.05510869624262803,0.1361501904414532,0.1494603756266384,0.1494603756266384,0.06348553667345896,0.08631329703758749,0.08631329703758749,0.08899583916793834,0.022960465513825624,0.07983674292005281,0.07983674292005281,0.10358517939534159
349,24,0.0014328995183541398,0.00047551863319638164,0.003321273954403126,0.08698911011606274,0.019603180088838927,0.18921987529351025,25,False,24,0,0,0,0,7392,8209,7920,8192,7467,8118,8334,7736,7830,7978,8362,8268,8078,7598,8367,8246,7380,8010,8105,8083,7748,6550,8277,8303,0.0004912911858553652,0.0007615553925278549,0.0004912911858553652,0.0025288838524966874,0.0006348633410925611,0.0006708817390394994,0.0006708817390394994,0.0025288838524966874,0.002799816990677206,0.0010043439446232255,0.0010043439446232255,0.0012450568116164499,0.0019845243680079944,0.0020985454953482193,0.002014227115788724,0.002014227115788724,0.0007732935140040395,0.003321273954403126,0.003321273954403126,0.001787775943112008,0.00047551863319638164,0.0005417067261623341,0.0005417067261623341,0.0006834209141787162,0.019603180088838927,0.07101034662793329,0.019603180088838927,0.07757121687619303,0.03423607606774126,0.10872705138413107,0.10872705138413107,0.07757121687619303,0.0472907498426114,0.16223209393455681,0.16223209393455681,0.18921987529351025,0.05051630488907569,0.12480434123799877,0.13700534432441852,0.13700534432441852,0.05819507528400405,0.0791205222844552,0.0791205222844552,0.08157951923727681,0.021047093387673486,0.07318368101004841,0.07318368101004841,0.09495308111239646
350,24,0.0014080744623541162,0.00046415038722449556,0.0032121932111629165,0.0981319120332953,0.01796958174810235,0.2567848856857177,26,False,26,0,0,0,0,7392,8209,7920,8192,7467,8118,8334,7736,7830,8362,8268,8411,8078,7598,8367,8414,7380,8010,8105,8083,8420,6550,8277,8303,0.00046730032656464536,0.0007348723624180448,0.00046730032656464536,0.002444766477318607,0.0006063415739165633,0.0006542509292562102,0.0006542509292562102,0.002444766477318607,0.0026838284137058795,0.0009942356670558706,0.00127390585028558,0.00127390585028558,0.0019040305084419545,0.002055760185389587,0.0020309773815964287,0.0020309773815964287,0.0007435255561782348,0.0032121932111629165,0.0032121932111629165,0.0017302512357290937,0.00046415038722449556,0.0005230449520465106,0.0005230449520465106,0.0006639129499772627,0.01796958174810235,0.06509281774227219,0.01796958174810235,0.07110694880317694,0.03138306972876282,0.09966646376878681,0.09966646376878681,0.07110694880317694,0.04334985402239378,0.14871275277334375,0.2567848856857177,0.2567848856857177,0.04630661281498605,0.11440397946816554,0.20892156563071698,0.20892156563071698,0.05334548567700371,0.07252714542741726,0.07252714542741726,0.07478122596750374,0.10262650227203404,0.0670850409258777,0.0670850409258777,0.08704032435303008
351,24,0.0013710048888565592,0.0004442776655032231,0.0031009629981975906,0.08995425269718733,0.016472116602427152,0.2353861452119079,27,False,26,0,0,0,0,7392,8209,7920,8192,7467,8118,8334,7736,7830,8362,8268,8411,8078,7598,8367,8414,7380,8010,8105,8083,8420,6550,8277,8303,0.0004442776655032231,0.0007079498714028438,0.0004442776655032231,0.002359171698341779,0.0005786385926748002,0.0006364152406640481,0.0006364152406640481,0.002359171698341779,0.002569806759418065,0.0009805092240310709,0.0012949287085963527,0.0012949287085963527,0.001824648823911083,0.002007989255761741,0.002037001703171651,0.002037001703171651,0.0007139330981948387,0.0031009629981975906,0.0031009629981975906,0.0016713918674025347,0.00045187155886430223,0.0005041641342397286,0.0005041641342397286,0.0006435339834673938,0.016472116602427152,0.0596684162637495,0.016472116602427152,0.06518136973624553,0.028767813918032584,0.09136092512138791,0.09136092512138791,0.06518136973624553,0.0397373661871943,0.1363200233755651,0.2353861452119079,0.2353861452119079,0.04244772841373721,0.10487031451248507,0.19151143516149055,0.19151143516149055,0.0489000285372534,0.06648321664179915,0.06648321664179915,0.06854945713687842,0.09407429374936453,0.061494620848721225,0.061494620848721225,0.07978696399027757
352,24,0.0012378719788878666,0.000422212145432393,0.0030655946749256983,0.09382492189351714,0.015099440218891555,0.21577063311091557,28,False,24,0,0,0,0,7392,8209,7920,8192,7467,8118,8334,7736,7830,8362,8268,8411,8078,7598,8367,8414,7380,8466,8083,8420,6550,8277,8303,8453,0.000422212145432393,0.0006809782817485032,0.000422212145432393,0.0022727983951245255,0.0005517969787141009,0.0006335558584415949,0.0006176273037954361,0.0022727983951245255,0.0024581407992827525,0.0009636216384035044,0.0013084326918216872,0.0013084326918216872,0.0017466877531562204,0.0019560980414968818,0.0020331053477998435,0.0020331053477998435,0.0006846653906800158,0.0030655946749256983,0.0016117190985998487,0.0004388650378412157,0.0004852045285806311,0.0004852045285806311,0.0006225145602632693,0.0006335558584415949,0.015099440218891555,0.05469604824177038,0.015099440218891555,0.05974958892489173,0.026370496091529867,0.16708084802793893,0.08374751469460558,0.05974958892489173,0.03642591900492811,0.12496002142760133,0.21577063311091557,0.21577063311091557,0.03891041771259244,0.09613112163644465,0.175552148898033,0.175552148898033,0.04482502615914895,0.14427628192164924,0.06283700237547188,0.08623476927025081,0.05637006911132779,0.05637006911132779,0.0731380503244211,0.16708084802793893
353,24,0.0012078800633286387,0.0004010882940826923,0.003019516544740693,0.08865814785500233,0.013841153533983925,0.19778974701833926,29,False,24,0,0,0,0,7392,8209,7920,8473,8192,7467,8118,8334,7736,7830,8362,8268,8411,8078,7598,8367,8414,7380,8466,8083,8420,6550,8277,8303,0.0004010882940826923,0.0006709923790451772,0.0004010882940826923,0.0006709923790451772,0.0021862586571234697,0.0005258472711279611,0.0006280317500224528,0.0005981171933221991,0.0021862586571234697,0.0023491471939244843,0.0009440164077632015,0.0013148337120965435,0.0013148337120965435,0.0016704018834169778,0.001900889155631402,0.002020165933136401,0.002020165933136401,0.0006558485152430447,0.003019516544740693,0.001551692073458018,0.00042529799990572613,0.00046628815141593587,0.00046628815141593587,0.0006010612775307315,0.013841153533983925,0.1334713775549562,0.013841153533983925,0.1334713775549562,0.05477045651448408,0.024172954750569044,0.15315744402561068,0.07676855513672178,0.05477045651448408,0.03339042575451743,0.11454668630863456,0.19778974701833926,0.19778974701833926,0.035667882903209734,0.08812019483340759,0.16092280315653024,0.16092280315653024,0.0410896073125532,0.13225325842817845,0.05760058551084922,0.0790485384977299,0.05167256335205047,0.05167256335205047,0.06704321279738601
354,24,0.0011741539040430106,0.0003808870356614194,0.0029641322835790456,0.08126996886708547,0.012687724072818598,0.1813072681001443,30,False,24,0,0,0,0,7392,8209,7920,8473,8192,7467,8118,8334,7736,7830,8362,8268,8411,8078,7598,8367,8414,7380,8466,8083,8420,6550,8277,8303,0.0003808870356614194,0.0006589097452032915,0.0003808870356614194,0.0006589097452032915,0.0021000831743004872,0.0005008095662368989,0.0006201326659991662,0.0005780922501583763,0.0021000831743004872,0.0022430784299178183,0.000922116590885933,0.0013146284661070026,0.0013146284661070026,0.0015959976083025139,0.0018430982952314116,0.001999100606656339,0.001999100606656339,0.0006275875476723649,0.0029641322835790456,0.0014917112301507786,0.00041132162621273626,0.0004475200496432123,0.0004475200496432123,0.0005793574475417069,0.012687724072818598,0.12234876275870984,0.012687724072818598,0.12234876275870984,0.05020625180494374,0.02215854185468829,0.14039432369014312,0.07037117554199496,0.05020625180494374,0.03060789027497431,0.10500112911624834,0.1813072681001443,0.1813072681001443,0.032695559327942256,0.08077684526395695,0.1475125695601527,0.1475125695601527,0.037665473369840434,0.12123215355916357,0.05280053671827845,0.07246116028958574,0.04736651640604626,0.04736651640604626,0.06145627839760384
355,24,0.0011390278542093575,0.00036158640058556353,0.002900795498389208,0.074497471461495,0.011630413733417047,0.16619832909179894,31,False,24,0,0,0,0,7392,8209,7920,8473,8192,7467,8118,8334,7736,7830,8362,8268,8411,8078,7598,8367,8414,7380,8466,8083,8420,6550,8277,8303,0.00036158640058556353,0.0006450320429319935,0.00036158640058556353,0.0006450320429319935,0.002014727185521595,0.0004766949694991586,0.0006101478391829203,0.0005577374588090646,0.002014727185521595,0.002140130287603233,0.0008983198208251876,0.001308369044890905,0.001308369044890905,0.0015236385068403597,0.0017833925050381183,0.0019708383394275125,0.0019708383394275125,0.0005999686740934901,0.002900795498389208,0.001432122230282053,0.0003970712488374479,0.00042898965104976955,0.00042898965104976955,0.0005575641328096622,0.011630413733417047,0.11215303252881735,0.011630413733417047,0.11215303252881735,0.04602239748786509,0.02031199670013093,0.12869479671596454,0.06450691091349538,0.04602239748786509,0.028057232752059784,0.09625103502322764,0.16619832909179894,0.16619832909179894,0.029970929383947065,0.07404544149196053,0.13521985543013998,0.13521985543013998,0.03452668392235373,0.11112947409589993,0.048400491991755244,0.06642273026545359,0.04341930670554241,0.04341930670554241,0.056334921864470186
356,24,0.0011028373810233023,0.0003431621431389954,0.002830790485424535,0.06828934883970376,0.010661212588965626,0.15234846833414903,32,False,24,0,0,0,0,7392,8209,7920,8473,8192,7467,8118,8334,7736,7830,8362,8268,8411,8078,7598,8367,8414,7380,8466,8083,8420,6550,8277,8303,0.0003431621431389954,0.000629645947061052,0.0003431621431389954,0.000629645947061052,0.0019305767095238353,0.00045350690418213645,0.000598359767431204,0.0005372162427273912,0.0019305767095238353,0.0020404487858910665,0.0008729949744616692,0.0012966405443010803,0.0012966405443010803,0.0014534503894516036,0.0017223703907140195,0.001936297277624987,0.001936297277624987,0.0005730612226776288,0.002830790485424535,0.001373220189437128,0.00038266682112982666,0.00041077214368605443,0.00041077214368605443,0.0005358214403590361,0.010661212588965626,0.10280694648474924,0.010661212588965626,0.10280694648474924,0.04218719769720966,0.018619330308453353,0.11797023032296748,0.05913133500403742,0.04218719769720966,0.025719130022721467,0.08823011543795867,0.15234846833414903,0.15234846833414903,0.027473351935284808,0.06787498803429715,0.12395153414429498,0.12395153414429498,0.031649460262157585,0.10186868458790826,0.04436711765910897,0.060887502743332454,0.039801031146747205,0.039801031146747205,0.051640345042431
357,24,0.0011084123896906507,0.00032558827632565916,0.0027553186670537908,0.07495468023221809,0.009772778206551824,0.22298609597296995,33,False,24,0,0,0,0,7392,8209,8473,8192,7467,8118,8334,7736,7830,8362,8268,8580,8411,8078,7598,8367,8414,7380,8466,8083,8420,6550,8277,8303,0.00032558827632565916,0.0006130200118982311,0.0006130200118982311,0.001847954843392864,0.00043124228339065006,0.0005850394161132851,0.0005166715606699452,0.001847954843392864,0.0019441365765487954,0.0008464802292428492,0.0012800419423988113,0.0013130541131749075,0.0013130541131749075,0.0013855259785685602,0.0016605638311567544,0.0018963668673587929,0.0018963668673587929,0.0005469195850242852,0.0027553186670537908,0.0013152540362373203,0.0003682136258635377,0.00039292984492160494,0.00039292984492160494,0.00051424998248857,0.009772778206551824,0.09423970094435347,0.09423970094435347,0.03867159788910885,0.017067719449415573,0.10813937779605352,0.05420372375370097,0.03867159788910885,0.023575869187494675,0.08087760581812878,0.1396527626396366,0.22298609597296995,0.22298609597296995,0.02518390594067774,0.06221873903143905,0.11362223963227039,0.11362223963227039,0.02901200524031112,0.0933796275389159,0.04066985785418322,0.05581354418138808,0.03648427855118494,0.03648427855118494,0.04733698295556175
358,24,0.0010772096499019914,0.00030883753265554777,0.002675489865722226,0.07565290132397769,0.008958380022672505,0.20440392130855578,34,False,24,0,0,0,0,7392,8209,8473,8192,7467,8118,8334,8599,8600,8362,8268,8580,8411,8078,7598,8367,8414,7380,8466,8083,8420,6550,8277,8303,0.00030883753265554777,0.0005954026312367998,0.0005954026312367998,0.001767127965024972,0.00040989255354672075,0.0005704426886027835,0.0004962272064817146,0.0018127020421175523,0.0018990025843459084,0.0008190822516337138,0.0012591702769444415,0.0013221470999909542,0.0013221470999909542,0.0013199292087380243,0.0015984408004427728,0.0018518943213255163,0.0018518943213255163,0.0005215850106239474,0.002675489865722226,0.0012584308664538948,0.00035380314806106284,0.000375513530895439,0.000375513530895439,0.0004929524293550911,0.008958380022672505,0.08638639253232401,0.08638639253232401,0.03544896473168311,0.015645409495297607,0.09912776297971572,0.04968674677422589,0.11878229806501645,0.10494454675520345,0.0741378053332847,0.12801503241966689,0.20440392130855578,0.20440392130855578,0.02308524711228793,0.05703384411215246,0.10415371966291452,0.10415371966291452,0.026594338136951858,0.08559799191067291,0.03728070303300129,0.051162415499605735,0.03344392200525286,0.03344392200525286,0.0433922343759316
359,24,0.0010538100842832682,0.00029288175900065344,0.0025923175922917077,0.0789948498713104,0.008211848354116463,0.18737026119950945,35,False,24,0,0,0,0,7392,8209,8617,8473,8192,8118,8334,8599,8600,8362,8268,8580,8411,8078,7598,8367,8414,7380,8466,8083,8420,6550,8277,8303,0.00029288175900065344,0.0005919022268548199,0.0005919022268548199,0.0005770209076467059,0.001688311719314732,0.0005548079970562626,0.00047598923269620493,0.0017727518544906104,0.0018499663085894049,0.0007910762837135445,0.0012346079872417553,0.0013243919848127045,0.0013243919848127045,0.0012566991441072084,0.0015364089704614232,0.0018036749139461797,0.0018036749139461797,0.0004970872651370252,0.0025923175922917077,0.0012029201920327269,0.0003395140523951962,0.0003585637054175414,0.0003585637054175414,0.00047201509456078173,0.008211848354116463,0.16252085982129702,0.16252085982129702,0.07918752648796368,0.032494884337376184,0.0908671160647394,0.045546184543040394,0.10888377322626507,0.0961991678589365,0.06795965488884431,0.11734711305136131,0.18737026119950945,0.18737026119950945,0.021161476519597266,0.052281023769473085,0.09547424302433831,0.09547424302433831,0.02437814329220587,0.07846482591811683,0.03417397778025118,0.04689888087463859,0.03065692850481512,0.03065692850481512,0.03977621484460397
360,24,0.0010215212829749064,0.00027769225302675657,0.00250671757894721,0.07241194571536787,0.00752752765794009,0.171756072766217,36,False,24,0,0,0,0,7392,8209,8617,8473,8192,8118,8334,8599,8600,8362,8268,8580,8411,8078,7598,8367,8414,7380,8466,8083,8420,6550,8277,8303,0.00027769225302675657,0.00058599238659058,0.00058599238659058,0.0005580802587818279,0.0016116767034690738,0.0005383547627734898,0.0004560474344154371,0.0017288821474033087,0.0017977871475184557,0.0007627069207015713,0.0012069131714360927,0.0013203263506911677,0.0013203263506911677,0.0011958535208723953,0.0014748198224094776,0.001752445559892169,0.001752445559892169,0.00047344614889408606,0.00250671757894721,0.001148858012616794,0.0003254132168382654,0.0003421117941723356,0.0003421117941723356,0.00045150950860100344,0.00752752765794009,0.14897745483618893,0.14897745483618893,0.07258856594730004,0.0297869773092615,0.08329485639267778,0.04175066916445369,0.09981012545740964,0.08818257053735845,0.06229635031477395,0.10756818696374786,0.171756072766217,0.171756072766217,0.01939802014296416,0.04792427178868366,0.08751805610564345,0.08751805610564345,0.022346631351188712,0.07192609042494043,0.031326146298563576,0.042990640801752036,0.028102184462747194,0.028102184462747194,0.036461530274220305
361,24,0.0009888559770702958,0.0002632400480683829,0.0024195088606437354,0.06984983912797611,0.006900233686445083,0.15744306670236557,37,False,25,0,0,0,0,7392,8209,8617,8473,8192,8118,8334,8599,8600,8362,8268,8580,8411,8078,7598,8367,8414,8681,8466,8083,8420,6550,8277,8303,0.0002632400480683829,0.0005779450086103884,0.0005779450086103884,0.0005387646044368041,0.0015373537957075138,0.0005212826817388249,0.0004364768439744198,0.0016818183568188825,0.001743161250360025,0.000734189400232393,0.0011766124430696563,0.0013105291534326938,0.0013105291534326938,0.0011373919292063334,0.0014139730473455784,0.0016988811356220402,0.0016988811356220402,0.0004622956907304648,0.0024195088606437354,0.0010963506598377398,0.00031155678459165125,0.00032618125550577467,0.00032618125550577467,0.00043149394658290464,0.006900233686445083,0.13656266693317318,0.13656266693317318,0.06653951878502504,0.027304729200156374,0.07635361835995463,0.038271446734082545,0.0914926150026255,0.08083402299257858,0.05710498778854278,0.09860417138343552,0.15744306670236557,0.15744306670236557,0.017781518464383812,0.043930582472960014,0.08022488476350649,0.08022488476350649,0.10381774540525633,0.0659322495561954,0.02871563410701661,0.039408087401606035,0.02576033575751826,0.02576033575751826,0.03342306941803528
362,24,0.0009555291145443087,0.0002494961526863668,0.0023314167933182013,0.06402901920064476,0.006325214212574658,0.1443228111438351,38,False,25,0,0,0,0,7392,8209,8617,8473,8192,8118,8334,8599,8600,8362,8268,8580,8411,8078,7598,8367,8414,8681,8466,8083,8420,6550,8277,8303,0.0002494961526863668,0.0005680295029643369,0.0005680295029643369,0.0005192369966206276,0.0014654390945310518,0.0005037716032937615,0.0004173391988897924,0.0016322287489605079,0.0016867198586588785,0.0007057112519888382,0.0011441960392825706,0.0012956002104567701,0.0012956002104567701,0.0010812986539124904,0.0013541210620874513,0.0016435930332011287,0.0016435930332011287,0.00045021612060893926,0.0023314167933182013,0.001045478382863901,0.00029799120524285765,0.00031078860333461,0.00031078860333461,0.00041201488620347924,0.006325214212574658,0.12518244468874207,0.12518244468874207,0.06099455888627295,0.02502933510014334,0.0699908168299584,0.035082159506242334,0.08386823041907338,0.07409785440986369,0.052346238806164215,0.09038715710148255,0.1443228111438351,0.1443228111438351,0.016299725259018495,0.04026970060021334,0.07353947769988095,0.07353947769988095,0.09516626662148496,0.06043789542651244,0.02632266459809856,0.03612408011813886,0.023613641111058403,0.023613641111058403,0.030637813633199003
363,24,0.0009221152881048111,0.00023643175054276883,0.002243077484224602,0.062165489822813245,0.005798113028193437,0.13229591021518217,39,False,26,0,0,0,0,7392,8209,8617,8473,8192,8118,8334,8599,8600,8362,8268,8580,8411,8078,7598,8367,8414,8681,8466,8083,8420,8733,8277,8303,0.00023643175054276883,0.0005565074061848095,0.0005565074061848095,0.0004996405742385457,0.0013959984535870428,0.0004859818857467176,0.00039868435564104635,0.0015807220337860583,0.0016290294947129706,0.0006774341825454297,0.0011101148283080642,0.0012761430228860387,0.0012761430228860387,0.0010275451960461725,0.001295473506598128,0.0015871294809015667,0.0015871294809015667,0.0004373910062909873,0.002243077484224602,0.0009962986580427343,0.00028475424361374573,0.0003035767198909676,0.0002959443409812701,0.00039310837977338226,0.005798113028193437,0.11475057429801355,0.11475057429801355,0.055911678979083536,0.022943557175131395,0.0641582487607952,0.032158646214055474,0.07687921121748392,0.06792303320904171,0.04798405223898386,0.08285489400969234,0.13229591021518217,0.13229591021518217,0.014941414820766953,0.036913892216862226,0.06741118789155753,0.06741118789155753,0.08723574440302788,0.05540140414096974,0.02412910921492368,0.03311374010829395,0.10497917101847021,0.02164583768513687,0.028084662497099084
364,24,0.0008837812708221059,0.000224018365654828,0.0021550431945103923,0.06551332685750802,0.00531493694251065,0.159283652842218,40,False,26,0,0,0,0,7392,8209,8617,8473,8192,8118,8742,8599,8600,8362,8268,8746,8411,8078,7598,8367,8414,8681,8466,8083,8420,8733,8277,8303,0.000224018365654828,0.000543628282699529,0.000543628282699529,0.0004800997428732214,0.0013290716107347332,0.00046805511016881346,0.0003903660236610761,0.0015278468674633033,0.0015705935706583991,0.000649496094197258,0.0011024973319980539,0.0011024973319980539,0.0012527508513828817,0.0009760924993839039,0.0012382016227817328,0.0015299772186414301,0.0015299772186414301,0.00042398839159492335,0.0021550431945103923,0.0009488492165447186,0.00027187594098293294,0.00029574059297652326,0.00028165380717811957,0.00037480133030475774,0.00531493694251065,0.10518802643984575,0.10518802643984575,0.05125237239749324,0.02103159407720378,0.058811728030728934,0.1128120923628842,0.0704726102826936,0.06226278044162156,0.04398538121906854,0.159283652842218,0.159283652842218,0.12127125103058364,0.013696296919036373,0.03383773453212371,0.0617935889005944,0.0617935889005944,0.07996609903610889,0.050784620462555594,0.02211835011368004,0.03035426176593612,0.09623090676693102,0.01984201787804213,0.02574427395567416
365,24,0.0008582591028709216,0.00021222799755342577,0.002067788353137603,0.0704884701296299,0.004872025530634763,0.1460100151053665,41,False,26,0,0,0,0,7392,8209,8617,8473,8192,8118,8742,8599,8600,8768,8362,8268,8746,8411,8078,8774,8414,8681,8466,8083,8420,8733,8277,8303,0.00021222799755342577,0.0005296267646971565,0.0005296267646971565,0.00046072149783766355,0.0012646759199655153,0.00045011505127174326,0.0003811248825207968,0.0014740928279131384,0.0015508456602272918,0.0015508456602272918,0.0006220131577446441,0.0010905002371255595,0.0010905002371255595,0.001225995832228856,0.0009268929062360888,0.0012129375308199597,0.0014725641728573953,0.00041016045343657834,0.002067788353137603,0.0009031507922466411,0.000259379518418605,0.00028740164679723487,0.0002679179372506395,0.00035711266656557593,0.004872025530634763,0.09642235756985859,0.09642235756985859,0.0469813413643688,0.019278961237436797,0.05391075069483486,0.10341108466597718,0.06459989275913579,0.14040754873815312,0.14040754873815312,0.04031993278414616,0.1460100151053665,0.1460100151053665,0.11116531344470167,0.012554938842450009,0.11435125665444673,0.0566441231588782,0.07330225744976648,0.04655256875734263,0.02027515427087337,0.02782473995210811,0.08821166453635343,0.018188516388205282,0.02359891779270131
366,24,0.0008314517410445548,0.00020103323037501625,0.001981715892491772,0.0715588753966052,0.004466023403081866,0.17172049443903703,42,False,26,0,0,0,0,7392,8209,8785,8473,8192,8118,8742,8599,8600,8768,8362,8268,8746,8411,8078,8774,8414,8681,8466,8083,8420,8733,8277,8303,0.00020103323037501625,0.0005279951702649845,0.0005279951702649845,0.0004415968246694385,0.0012028097020096364,0.0004322688211760185,0.0003711239932255501,0.0014198925000358045,0.001525880969506617,0.001525880969506617,0.0005950818775445154,0.0010746309413101483,0.0010746309413101483,0.0011964208361347573,0.0008798918669475008,0.0011847342801552968,0.0014152628311426038,0.0003960435962608803,0.001981715892491772,0.0008592095981740628,0.0002472822159884555,0.0002786711971147537,0.0002547339437114136,0.000340054415748339,0.004466023403081866,0.17172049443903703,0.17172049443903703,0.04306622958400473,0.017672381134317062,0.04941818813693195,0.09479349427714574,0.05921656836254113,0.12870691967664036,0.12870691967664036,0.036959938385467316,0.13384251384658594,0.13384251384658594,0.10190153732430986,0.011508693938912507,0.10482198526657617,0.05192377956230501,0.06719373599561927,0.04267318802756408,0.01858555808163392,0.025506011622765765,0.08086069249165731,0.016672806689188174,0.0216323413099762
367,24,0.0008040376861401014,0.00019040731946015358,0.0018971636785984779,0.06559563578022143,0.004093854786158377,0.15741045323578393,43,False,26,0,0,0,0,7392,8209,8785,8473,8192,8118,8742,8599,8600,8768,8362,8268,8746,8411,8078,8774,8414,8681,8466,8083,8420,8733,8277,8303,0.00019040731946015358,0.0005240720733229832,0.0005240720733229832,0.00042280212532357954,0.0011434552343373274,0.00041460811746391437,0.0003605142990145902,0.001365624360678779,0.0014964059915309647,0.0014964059915309647,0.000568781102682866,0.001055389648036774,0.001055389648036774,0.0011645337281292875,0.0008350294267281421,0.0011541023080877996,0.0013583940694305147,0.0003817588814519457,0.0018971636785984779,0.000817019544085951,0.0002355960647653736,0.0002696501848541169,0.00024209592128824134,0.000323632675199929,0.004093854786158377,0.15741045323578393,0.15741045323578393,0.039477377118671005,0.016199682706457306,0.04530000579218762,0.08689403642071693,0.05428185433232937,0.11798134303692032,0.11798134303692032,0.0338799435200117,0.1226889710260371,0.1226889710260371,0.09340974254728403,0.010549636110669797,0.09608681982769482,0.047596797932112925,0.06159425799598433,0.03911708902526707,0.017036761574831093,0.02338051065420195,0.07412230145068587,0.015283406131755824,0.019829646200811516
368,24,0.0007766018710710533,0.00018032425861632211,0.0018144108626103861,0.06360155502075852,0.003752700220645179,0.16298620005232384,44,False,26,0,0,0,0,7392,8209,8785,8473,8192,8118,8838,8599,8600,8768,8362,8268,8746,8411,8078,8774,8414,8681,8466,8083,8420,8733,8277,8303,0.00018032425861632211,0.0005180973535228735,0.0005180973535228735,0.0004044006304479008,0.001086581404323449,0.0003972105208454787,0.0003584457786969827,0.0013116162048074484,0.0014630983902083712,0.0014630983902083712,0.0005431739510465975,0.0010332598938136476,0.0010332598938136476,0.0011308036729666233,0.000792241512372565,0.001121515022919293,0.0013022312321726466,0.0003674127034429341,0.0018144108626103861,0.0007765642105997687,0.0002243285909583573,0.0002604292052395343,0.00022999538186515723,0.0003078484866840523,0.003752700220645179,0.14429291546613526,0.14429291546613526,0.036187595692115083,0.014849709147585863,0.041525005309505314,0.16298620005232384,0.04975836647130192,0.10814956445051029,0.10814956445051029,0.031056614893344058,0.11246489010720066,0.11246489010720066,0.08562559733501035,0.009670499768113981,0.08807958484205358,0.04363039810443685,0.05646140316298563,0.03585733160649481,0.015617031443595168,0.021432134766351786,0.06794544299646205,0.014009788954109505,0.018177175684077222
369,24,0.0007752954520055788,0.00017075883082652126,0.0017336840254664947,0.06309883294658108,0.0034399752022580806,0.16407295277188244,45,False,26,0,0,0,0,7392,8209,8473,8192,8118,8838,8599,8600,8768,8362,8268,8746,8411,8078,8774,8871,8414,8681,8466,8083,8420,8733,8277,8303,0.00017075883082652126,0.000510312348860727,0.00038644376835263704,0.0010321460509990972,0.00038014079991534956,0.00035491313715223195,0.0012581489018399956,0.0014265981705548483,0.0014265981705548483,0.0005183096236240783,0.001008701416020106,0.001008701416020106,0.0010956591382854988,0.0007514610400915253,0.0011154504528870027,0.0011154504528870027,0.0012470043080932676,0.00035309763815270627,0.0017336840254664947,0.000737818596936779,0.0002134834532942087,0.0002510887642565505,0.00021842172501352635,0.0002926986180487802,0.0034399752022580806,0.13226850584395733,0.03317196271777216,0.01361223338528704,0.03806458820037987,0.1494040167146302,0.04561183593202676,0.0991371007463011,0.0991371007463011,0.028468563652232052,0.1030928159316006,0.1030928159316006,0.07849013089042615,0.008864624787437816,0.16407295277188244,0.16407295277188244,0.039994531595733775,0.05175628623273683,0.03286922063928691,0.014315612156628903,0.01964612353582247,0.062283322746756874,0.012842306541267046,0.016662411043737453
370,24,0.0007487151699979362,0.0001616866448461137,0.0016551630249994694,0.061312819089921554,0.0031533106020699073,0.1504002067075589,46,False,25,0,0,0,0,7392,8209,8473,8192,8118,8838,8599,8600,8768,8362,8268,8746,8411,8078,8774,8871,8414,8681,8466,8083,8900,8733,8277,8303,0.0001616866448461137,0.000500954290381632,0.0003689724697527701,0.0009800980213989453,0.00036345219084483343,0.0003500809726963185,0.0012054603136656995,0.0013875016009758775,0.0013875016009758775,0.0004942250948209559,0.0009821450776954577,0.0009821450776954577,0.0010594872700907087,0.0007126188641983173,0.001104793434189751,0.001104793434189751,0.0011929040804894383,0.0003388934024426048,0.0016551630249994694,0.0007007506601769986,0.00020829794207832169,0.00024169970347049657,0.0002073626497964036,0.00027817625807826973,0.0031533106020699073,0.12124613035696089,0.030407632491291147,0.012477880603179786,0.03489253918368154,0.136953681988411,0.04181084960435786,0.09087567568410933,0.09087567568410933,0.02609618334787938,0.09450174793730055,0.09450174793730055,0.07194928664955731,0.008125906055151332,0.1504002067075589,0.1504002067075589,0.03666165396275596,0.04744326238000876,0.030130118919346336,0.013122644476909827,0.10134227990783727,0.0570930458511938,0.011772114329494793,0.015273876790092665
371,24,0.0007221424822574332,0.00015308415982655057,0.0015789864850863393,0.059675639721316974,0.0028905347185640817,0.17623042324885085,47,False,27,0,0,0,0,7392,8209,8473,8192,8118,8838,8599,8600,8768,8362,8268,8746,8411,8078,8774,8871,8414,8681,8466,8083,8924,8733,8277,8303,0.00015308415982655057,0.0004902519524347188,0.00035201839424291425,0.0009303789673051611,0.00034718762852802563,0.0003441124985518945,0.0011537492430408064,0.00134635746069309,0.00134635746069309,0.0004709466712270328,0.0009539895508796127,0.0009539895508796127,0.0010226343462868465,0.0006756445848411648,0.0010900557136525716,0.0010900557136525716,0.001140086161824573,0.000324867875148178,0.0015789864850863393,0.0006653226640666222,0.00020794260371404273,0.0002323237433787964,0.0001968045133953216,0.0002642716308288586,0.0028905347185640817,0.11114228616054747,0.027873663117016882,0.011438057219581469,0.03198482758504141,0.12554087515604342,0.038326612137328034,0.08330270271043355,0.08330270271043355,0.023921501402222763,0.08662660227585883,0.08662660227585883,0.0659535127620942,0.007448747217222054,0.13786685614859567,0.13786685614859567,0.0336065161325263,0.0434896571816747,0.027619275676067475,0.012029090770500675,0.17623042324885085,0.05233529203026098,0.010791104802036893,0.01400105372425161
372,24,0.0007179626154344421,0.00014492869983325196,0.001544077335355794,0.06090849132371482,0.002649656825350408,0.16154455464477993,48,False,30,0,0,0,0,7392,8209,8473,8192,8118,8838,8599,8600,8768,8362,8268,8746,8411,8078,8774,8944,8681,8466,8946,8083,8924,8733,8277,8303,0.00014492869983325196,0.0004784223994432824,0.0003356050699554117,0.000882924907409577,0.0003313809128261819,0.0003371662554207516,0.0011031793128276663,0.0013036652011584261,0.0013036652011584261,0.00044849141638731094,0.0009245994646023642,0.0009245994646023642,0.0009854070495889727,0.0006404672314105008,0.0010717456181561634,0.0011167516779037182,0.00031107814071580756,0.001544077335355794,0.001544077335355794,0.0006314923550927826,0.0002066584392556485,0.00022301410411408696,0.00018673264187638836,0.00025097253597593683,0.002649656825350408,0.10188042898050184,0.025550857857265474,0.010484885784616347,0.02931942528628796,0.11507913555970646,0.035132727792550694,0.07636081081789742,0.07636081081789742,0.02192804295203753,0.07940771875287059,0.07940771875287059,0.06045738669858634,0.006828018282453549,0.12637795146954603,0.11413930645481578,0.0398655190832018,0.10865100270306186,0.10865100270306186,0.011026666539625618,0.16154455464477993,0.047974017694405895,0.009891846068533819,0.012834299247230641
373,24,0.0007049285691669918,0.0001407367962754134,0.0015057683861502416,0.06622875736512365,0.006259016758915753,0.1480825084243816,49,False,30,0,0,0,0,8952,8209,8473,8192,8955,8118,8838,8599,8600,8768,8362,8268,8746,8411,8078,8774,8944,8681,8466,8946,8924,8733,8277,8303,0.0001407367962754134,0.0004656686925363419,0.0003197489421479921,0.0008592709530119748,0.0008592709530119748,0.0003160577993018655,0.0003293936058681791,0.0010538827031672984,0.0012598746411716028,0.0012598746411716028,0.00042686844297126287,0.0008943047410590252,0.0008943047410590252,0.0009480743379582191,0.0006070158367178413,0.001050357634551091,0.001090720189579082,0.00029757152551260533,0.0015057683861502416,0.0015057683861502416,0.00020453912062747055,0.00021381617018896028,0.00017713159811492938,0.0002382648217035622,0.08576218542323788,0.09339039323212668,0.02342161970249335,0.09294447863589833,0.09294447863589833,0.02687613984576396,0.10548920759639759,0.0322050004765048,0.06999740991640596,0.06999740991640596,0.020100706039367734,0.07279040885679804,0.07279040885679804,0.05541927114037081,0.006259016758915753,0.11584645551375052,0.10462769758358112,0.036543392492934985,0.0995967524778067,0.0995967524778067,0.1480825084243816,0.043976182886538734,0.009067525562822667,0.01176477430996142
374,24,0.0006815596628084536,0.00013636801859777847,0.001464690680452411,0.06418191647358557,0.008311898432587445,0.13574229938901644,50,False,30,0,0,0,0,8952,8209,8473,8192,8955,8118,8838,8599,8600,8768,8362,8268,8746,8411,8990,8774,8944,8681,8466,8946,8924,8733,8277,8303,0.00013636801859777847,0.0004521784138507676,0.0003044603297546589,0.0008342739328630382,0.0008342739328630382,0.0003012370083834733,0.00032093692105248755,0.0010059636955773428,0.001215386855062785,0.001215386855062785,0.00040608007652869437,0.0008634008689371975,0.0008634008689371975,0.0009108697265369892,0.0005900547873491494,0.0010263644406841496,0.001062461185612478,0.00028438660451831596,0.001464690680452411,0.001464690680452411,0.0002016796433022847,0.0002047681729492634,0.0001679854115604201,0.00022613279651376752,0.07861533663796805,0.08560786046278279,0.021469818060618904,0.08519910541624014,0.08519910541624014,0.024636461525283627,0.09669844029669779,0.029521250436796063,0.06416429242337213,0.06416429242337213,0.018425647202753755,0.06672454145206487,0.06672454145206487,0.050800998545339905,0.08907076536233945,0.10619258422093797,0.09590872278494936,0.033498109785190404,0.09129702310465614,0.09129702310465614,0.13574229938901644,0.04031150097932717,0.008311898432587445,0.010784376450797968
375,24,0.000658674057473308,0.0001318706170528992,0.0014214253629546525,0.062305645656342314,0.007619240229871824,0.16143251329822011,51,False,29,0,0,0,0,8952,8209,8473,8192,9004,8118,8838,8599,8600,8768,8362,8268,8746,8411,8990,8774,8944,8681,8466,8946,8924,8733,8277,8303,0.0001318706170528992,0.00043812286944629436,0.00028974429138394414,0.0008082487643972268,0.0008290934299945489,0.0002869311504282629,0.00031192836356309575,0.000959501990658794,0.001170555956920521,0.001170555956920521,0.0003861228969697776,0.0008321498924451915,0.0008321498924451915,0.0008739938284490262,0.0005722682777901816,0.001000211111977261,0.0010324099816632225,0.00027155416244541966,0.0014214253629546525,0.0014214253629546525,0.00019817398782924345,0.00019590187043902035,0.00015927777416559804,0.00021455958606484533,0.07206405858480404,0.07847387209088422,0.019680666555567328,0.07809917996488679,0.16143251329822011,0.022583423064843323,0.08864023693863964,0.027061146233729724,0.05881726805475778,0.05881726805475778,0.016890176602524273,0.061164162997726125,0.061164162997726125,0.046567581999894914,0.08164820158214449,0.09734320220252647,0.0879163292195369,0.030706600636424535,0.08368893784593479,0.08368893784593479,0.1244304411065984,0.0369522092310499,0.007619240229871824,0.00988567841323147
376,24,0.0006354773151953176,0.0001272877563583794,0.0013765016453470096,0.057113508518313795,0.006984303544049172,0.14797980385670176,52,False,29,0,0,0,0,8952,8209,8473,8192,9004,8118,8838,8599,8600,8768,8362,8268,8746,8411,8990,8774,8944,8681,8466,8946,8924,8733,8277,8303,0.0001272877563583794,0.0004236568407197727,0.0002756014040155028,0.0007814798252476126,0.0008205651797625445,0.0002731475668236461,0.00030248917015775434,0.0009145557801194226,0.001125691527978259,0.001125691527978259,0.0003669886651843111,0.0008007819255190666,0.0008007819255190666,0.0008376170319489046,0.0005538652352298416,0.000972311205028088,0.0010009654800252575,0.0002590980984952602,0.0013765016453470096,0.0013765016453470096,0.00019411327114196304,0.00018724320949536268,0.00015099220643998977,0.00020352744080534164,0.0660587203694037,0.0719343827499772,0.018040611009270048,0.07159091496781289,0.14797980385670176,0.020701471142773046,0.08125355052708633,0.024806050714252247,0.05391582905019463,0.05391582905019463,0.01548266188564725,0.05606714941458228,0.05606714941458228,0.042686950166570335,0.07484418478363244,0.08923126868564926,0.08058996845124215,0.028147717250055822,0.07671485969210688,0.07671485969210688,0.11406123768104853,0.03387285846179574,0.006984303544049172,0.009061871878795515
377,24,0.0006158058535481143,0.00012265767242649058,0.0013647072165511199,0.06277071614178764,0.00640227824871174,0.153655288051098,53,False,31,0,0,0,0,8952,8209,8473,9051,9004,8118,8838,8599,8600,8768,8362,8268,8746,8411,8990,8774,8944,8681,8466,9066,8924,8733,8277,8303,0.00012265767242649058,0.000408918766671642,0.0002620284588629177,0.0007736726307983145,0.0008090703219440447,0.00025988908923261085,0.0002927293429099085,0.0008711645647154554,0.0010810614765694724,0.0010810614765694724,0.0003486651429676242,0.0007694970309822975,0.0007694970309822975,0.0008018822178646023,0.0005350333843741087,0.0009430444184173863,0.0009684892574858454,0.0002470362680852516,0.0013647072165511199,0.0013647072165511199,0.00018958434403625916,0.000178812959144907,0.00014311219722927535,0.0001930179997823223,0.06055382700528673,0.06593985085414576,0.016537226758497545,0.14895833872049516,0.13564815353530993,0.018976348547541957,0.0744824213164958,0.02273887982139789,0.049422843296011744,0.049422843296011744,0.014192440061843312,0.05139488696336709,0.05139488696336709,0.03912970431935614,0.0686071693849964,0.08179532962851183,0.07387413774697198,0.025802074145884504,0.153655288051098,0.153655288051098,0.10455613454096115,0.031050120256646094,0.00640227824871174,0.008306715888895888
378,24,0.0005969116336877426,0.0001180139038833485,0.001347730497324437,0.07076401117555348,0.0058687550613190954,0.17917645666254772,54,False,32,0,0,0,0,8952,8209,9074,9051,9004,8118,8838,8599,8600,8768,8362,8268,8746,8411,8990,8774,8944,8681,8466,9066,8924,9092,8277,8303,0.0001180139038833485,0.0003940312536146139,0.000255441260138272,0.0007630437722257887,0.0007949858575560469,0.0002471547204825434,0.0002827476649766978,0.0008293517179802809,0.0010368951590429833,0.0010368951590429833,0.0003311368147699207,0.0007384673328113114,0.0007384673328113114,0.0007669074440026065,0.000515939726750767,0.0009127555446776005,0.0009353057059527949,0.000235381258118602,0.001347730497324437,0.001347730497324437,0.00018943137447598548,0.00018943137447598548,0.00013562132047546902,0.00018301251559103444,0.055507674754846165,0.06044486328296694,0.0984924578619561,0.13654514382712055,0.12434414074070076,0.017394986168580127,0.06827555287345448,0.020843973169614734,0.0453042730213441,0.0453042730213441,0.013009736723356369,0.04711197971641983,0.04711197971641983,0.03586889562607646,0.06288990526958003,0.07497905215946916,0.06771795960139097,0.023651901300394126,0.14085068071350648,0.14085068071350648,0.17917645666254772,0.17917645666254772,0.0058687550613190954,0.007614489564821231
379,24,0.0006287812516703264,0.0001133855751590353,0.001360402625964979,0.0827662308678463,0.005379692139542504,0.21244645732071427,55,False,29,0,0,0,0,8952,8209,9074,9100,9004,8118,8838,8599,8600,8768,8362,8268,8746,8411,8990,8774,8944,9114,8466,9066,8924,9092,8277,8303,0.0001133855751590353,0.0003791018236402589,0.0002483959222641368,0.0007987592653363567,0.0007987592653363567,0.00023494024153247395,0.00027263196654073207,0.0007891268017082443,0.000993386624880889,0.000993386624880889,0.0003143855198325875,0.0007078392553601087,0.0007078392553601087,0.0007327885423160316,0.0004967313770245544,0.0008817544507764209,0.0009017029818332257,0.001360402625964979,0.001360402625964979,0.001326200041804898,0.00018841693783578842,0.00018841693783578842,0.00012850333188390707,0.00017349204501508343,0.050882035191942315,0.0554077913427197,0.09028475304012641,0.19731546234564235,0.19731546234564235,0.015945403987865116,0.06258592346733327,0.019106975405480172,0.04152891693623209,0.04152891693623209,0.011925591996410004,0.04318598140671818,0.04318598140671818,0.03287982099057009,0.05764907983044836,0.06873079781284673,0.062074796301275055,0.21244645732071427,0.21244645732071427,0.12911312398738092,0.16424508527400208,0.16424508527400208,0.005379692139542504,0.006979948767752795
380,24,0.0006120681556276321,0.000108797712090119,0.00136578564600307,0.07586904496219245,0.004931384461247295,0.1947425858773214,56,False,31,0,0,0,0,8952,8209,9074,9100,9004,8118,8838,8599,8600,8768,8362,8268,8746,8411,8990,8774,8944,9114,8466,9066,8924,9092,8277,8303,0.000108797712090119,0.0003642238274846119,0.0002409902482342616,0.0007985284922786724,0.0007985284922786724,0.00022323874952967976,0.0002624595764688099,0.0007504876434991342,0.000950697879649417,0.000950697879649417,0.0002983910031003907,0.0006777358060478978,0.0006777358060478978,0.0006996015904424677,0.00047753665232481117,0.000850316853256709,0.0008679345533724466,0.00136578564600307,0.00136578564600307,0.00130073022142256,0.00018662579913523154,0.00018662579913523154,0.00012174224811471084,0.00016443760949388136,0.04664186559261379,0.050790475397493054,0.08276102362011588,0.18087250715017214,0.18087250715017214,0.01461662032220969,0.0573704298450555,0.017514727455023492,0.03806817385821275,0.03806817385821275,0.010931792663375836,0.039587149622824995,0.039587149622824995,0.03013983590802258,0.05284498984457766,0.06300323132844284,0.05690189660950213,0.1947425858773214,0.1947425858773214,0.11835369698843251,0.1505579948345019,0.1505579948345019,0.004931384461247295,0.006398286370440062
381,24,0.0006124647921560777,0.000104271574730527,0.0013644074449358774,0.07955752994601119,0.004520435756143353,0.1918242222393965,57,False,32,0,0,0,0,8952,8209,9074,9100,9004,8118,8838,8599,8768,8362,8268,8746,8411,8990,8774,8944,9114,8466,9066,9163,8924,9092,8277,8303,0.000104271574730527,0.0003494774607841044,0.00023331317808987596,0.0007946296389670024,0.0007946296389670024,0.00021204113226452585,0.0002522979051617146,0.0007134221895968329,0.0009089620853427306,0.00028313139296761103,0.0006482588375238104,0.0006482588375238104,0.0006674052320417796,0.00045846632841389497,0.0008186856851779763,0.0008342211680131238,0.0013644074449358774,0.0013644074449358774,0.001304713161234151,0.001304713161234151,0.0001841443869264757,0.0001841443869264757,0.00011532241083050616,0.00015583032915602804,0.042755043459895975,0.0465579357810353,0.07586427165177288,0.1657997982209911,0.1657997982209911,0.013398568628692216,0.05258956069130087,0.016055166833771534,0.03489582603669502,0.01002080994142785,0.036288220487589576,0.036288220487589576,0.027628182915687364,0.04844124069086285,0.057752962051072596,0.052160071892043615,0.1785140370542113,0.1785140370542113,0.1918242222393965,0.1918242222393965,0.1380114952649601,0.1380114952649601,0.004520435756143353,0.0058650958395700566
382,24,0.000589175019442831,9.982499536643896e-05,0.0013568490437154742,0.09068109296519049,0.00414373277646474,0.2591722037194468,58,False,33,0,0,0,0,8952,8209,9169,9074,9100,9004,8118,8838,8599,8768,9177,8746,8411,8990,8774,8944,9114,8466,9066,9186,8924,9092,8277,8303,9.982499536643896e-05,0.0003435686719603962,0.0003435686719603962,0.00022544475229276039,0.000787418507614936,0.000787418507614936,0.0002013364844199946,0.00024220511346986442,0.0006779101480736208,0.0008682866393767809,0.0002755103615986614,0.0006194912417892584,0.0006362428305762606,0.00043961499282879526,0.0007870728829645916,0.0008007530928128826,0.0013568490437154742,0.0013568490437154742,0.0013359186304810042,0.0013359186304810042,0.00018105857603284387,0.00018105857603284387,0.0001092285376694355,0.00014765153377928886,0.03919212317157131,0.1260114411326157,0.1260114411326157,0.06954224901412515,0.15198314836924184,0.15198314836924184,0.012282021242967863,0.04820709730035913,0.014717236264290572,0.0319878405336371,0.0925190757796422,0.03326420211362378,0.02532583433938008,0.04440447063329094,0.05294021521348321,0.04781339923437331,0.16363786729969368,0.16363786729969368,0.2591722037194468,0.2591722037194468,0.12651053732621342,0.12651053732621342,0.00414373277646474,0.0053763378529392185
383,24,0.0005828675932159073,9.793494555025864e-05,0.0013588731999010994,0.09569781130595029,0.003798421711759345,0.2375745200761596,59,False,34,0,0,0,0,9192,8209,9169,9194,9100,9004,8118,8838,8599,8768,9177,8746,8411,8990,8774,8944,9114,8466,9066,9186,8924,9092,8277,8303,9.793494555025864e-05,0.000336677778389503,0.00034536066912031944,0.00034536066912031944,0.000777259041424164,0.000777259041424164,0.00019111247094456666,0.00023223083113231314,0.0006439244383710862,0.0008287560913134657,0.00026746362888001107,0.000591499042396693,0.0006061444491481722,0.00042106243961536076,0.0007556614506663984,0.0007676925091575257,0.0013437219401826917,0.0013437219401826917,0.0013588731999010994,0.0013588731999010994,0.00017745192235172407,0.00017745192235172407,0.00010344576197281404,0.00013988285368360937,0.11925944624060704,0.11551048770489772,0.19884382103823106,0.19884382103823106,0.13931788600513836,0.13931788600513836,0.011258519472720541,0.044189839191995865,0.013490799908933024,0.02932218715583401,0.08480915279800536,0.030492185270821794,0.02321534814443174,0.0407040980805167,0.04852853061235961,0.04382894929817553,0.15000137835805252,0.15000137835805252,0.2375745200761596,0.2375745200761596,0.11596799254902897,0.11596799254902897,0.003798421711759345,0.0049283096985276165
384,24,0.0005921256663168838,9.578935570584054e-05,0.0014093182791586275,0.0916648757363351,0.003481886569112733,0.30110997673647966,60,False,34,0,0,0,0,9192,8209,9194,9100,9004,8118,8838,8599,9225,8768,9177,8746,8411,8990,8774,8944,9114,8466,9234,9186,8924,9092,8277,8303,9.578935570584054e-05,0.00032895613123290197,0.0003454087210422736,0.0007645137675564529,0.0007645137675564529,0.00018135564269818519,0.0002224168958116856,0.0006114324635170992,0.0008108201175960036,0.0008108201175960036,0.0002590918028915564,0.0005643333619350826,0.0005771286550959198,0.0004028750628404752,0.0007246076860456346,0.0007351759679664497,0.0013256488667881673,0.0013256488667881673,0.0014093182791586275,0.0013738858813292921,0.0001734043121691194,0.0001734043121691194,9.795966287951968e-05,0.0001325062932351824,0.10932115905388978,0.10588461372948957,0.18227350261837846,0.12770806217137684,0.12770806217137684,0.010320309516660495,0.040507352592662874,0.012366566583188604,0.11021200489284785,0.11021200489284785,0.07774172339817158,0.027951169831586645,0.02128073579906243,0.03731208990714031,0.04448448639466297,0.0401765368566609,0.13750126349488148,0.13750126349488148,0.30110997673647966,0.21777664340314629,0.10630399316994321,0.10630399316994321,0.003481886569112733,0.004517617223650315
385,24,0.0005514179375151023,9.275628720335172e-05,0.0014170087937953803,0.08464113472441837,0.003191729355020005,0.28296192311955076,61,False,32,0,0,0,0,9192,8209,9194,9100,9004,8118,8838,8599,9225,8768,9177,8746,8411,8990,9254,8774,8944,9114,8466,9259,8924,9092,8277,8303,9.343033333692805e-05,0.00032054617654841917,0.0003438571525294652,0.0007495361589358266,0.0007495361589358266,0.0001720517092660086,0.00021279809039473945,0.0005803972211650853,0.0007910492564428029,0.0007910492564428029,0.0002504856855849982,0.0005380322508677613,0.0005492041525734165,0.0003851072167401038,0.000711942797953154,0.000711942797953154,0.0007033168331648187,0.001303247961077291,0.001303247961077291,0.0014170087937953803,0.0001689909795180343,0.0001689909795180343,9.275628720335172e-05,0.00012550428933776127,0.10021106246606563,0.09706089591869876,0.16708404406684693,0.11706572365709543,0.11706572365709543,0.009460283723605453,0.03713173987660763,0.011336019367922886,0.1010276711517772,0.1010276711517772,0.07126324644832395,0.025621905678954424,0.01950734114914056,0.03420274908154528,0.12411077919510774,0.12411077919510774,0.036828492118605824,0.12604282487030802,0.12604282487030802,0.28296192311955076,0.09744532707244793,0.09744532707244793,0.003191729355020005,0.004141149121679455
386,24,0.0005389735488616718,8.782216433388057e-05,0.0014509930001142606,0.08105992905293903,0.002925751908768338,0.2593817628595882,62,False,33,0,0,0,0,9192,8209,9194,9100,9004,8118,8838,8599,9225,8768,9177,8746,8411,8990,9254,9279,8944,9114,8466,9259,8924,9092,8277,8303,9.089717124728555e-05,0.00031158021745618565,0.00034085929393908287,0.0007326647622105247,0.0007326647622105247,0.0001631857735309319,0.0002034028618251395,0.0005507782690829821,0.0007697777091191394,0.0007697777091191394,0.00024172640467966475,0.0005126223707208038,0.000522371249585658,0.00036780251925308066,0.0006972921821686741,0.0007152752871249468,0.0006722076594694208,0.001277120183057067,0.001277120183057067,0.0014509930001142606,0.00016428184118128458,0.00016428184118128458,8.782216433388057e-05,0.00011885975701209356,0.0918601405938935,0.08897248792547387,0.15316037372794303,0.10731024668567081,0.10731024668567081,0.008671926746638331,0.03403742822022366,0.010391351087262645,0.09260869855579576,0.09260869855579576,0.06532464257763028,0.023486746872374887,0.01788172938671218,0.03135251999141651,0.11376821426218209,0.19710154759551543,0.033759451108722006,0.11553925613111568,0.11553925613111568,0.2593817628595882,0.08932488314974393,0.08932488314974393,0.002925751908768338,0.0037960533615395003
387,24,0.0005180790333367259,8.528859992985738e-05,0.0014760114809730467,0.08490731657566718,0.0034797155814112087,0.2377666159546225,63,False,33,0,0,0,0,9288,9194,9100,9004,8118,8838,8599,9225,8768,9177,8746,8411,8990,9254,9279,8944,9114,9306,9259,8924,9092,9310,8303,8277,9.050142836768646e-05,0.00033657240438524094,0.0007142188990057969,0.0007142188990057969,0.0001547425322645086,0.0001942540093932974,0.0005225325599628098,0.000747313845875907,0.000747313845875907,0.00023288573379147453,0.0004881205299292505,0.0004966231681781609,0.00035099508296425363,0.0006809675136503144,0.0007150257910674454,0.0006419224657165609,0.0012478397053281571,0.0012800213832005935,0.0014760114809730467,0.00015934109868535046,0.00015934109868535046,8.528859992985738e-05,0.00011255612391479958,8.528859992985738e-05,0.16753846221106905,0.14039700925061444,0.09836772612853158,0.09836772612853158,0.00794926618441847,0.031200975868538355,0.009525405163324091,0.08489130700947944,0.08489130700947944,0.05988092236282775,0.021529517966343645,0.01639158527115283,0.028739809992131795,0.10428752974033358,0.18067641862922246,0.030946163516328503,0.10591098478685604,0.18924431812018938,0.2377666159546225,0.08188114288726527,0.08188114288726527,0.08601527258303765,0.0034797155814112087,0.08601527258303765
388,24,0.0005088708731065022,8.26469138790222e-05,0.0014923985890250091,0.08461825051848137,0.0031897392829602746,0.21795273129173728,64,False,33,0,0,0,0,9288,9194,9100,9004,8118,8838,8599,9225,8768,9177,8746,8411,8990,9254,9279,8944,9114,9306,9259,8924,9092,9310,8303,9332,8.972382670077614e-05,0.00033115346279262377,0.0006944957290343952,0.0006944957290343952,0.00014670644665286774,0.00018536933421480457,0.0004956151595122547,0.0007239389816507673,0.0007239389816507673,0.0002240265490995716,0.0004645350746098152,0.0004719472078932632,0.000334710663322728,0.000663261419358061,0.0007114955651597498,0.0006125188773451614,0.0012159469393779132,0.0012767619670491308,0.0014923985890250091,0.0001542270589327891,0.00015820456141856155,8.26469138790222e-05,0.00010657735542306333,0.00015820456141856155,0.15357692369347994,0.1286972584797299,0.0901704156178206,0.0901704156178206,0.007286827335716931,0.028600894546160157,0.00873162139971375,0.07781703142535615,0.07781703142535615,0.05489084549925877,0.01973539146914834,0.015025619831890094,0.02634482582612081,0.09559690226197244,0.16562005041012057,0.02836731655663446,0.09708506938795136,0.17347395827684026,0.21795273129173728,0.07505771431332649,0.15839104764665984,0.07884733320111784,0.0031897392829602746,0.15839104764665984
389,24,0.0005174493032921216,7.992642167114748e-05,0.0015006164748916529,0.0821127865890539,0.0029239276760469183,0.1997900036840925,65,False,33,0,0,0,0,9288,9194,9100,9004,8118,8838,8599,9225,8768,9177,8746,8411,8990,9349,9254,9279,8944,9114,9306,9259,8924,9092,9310,8303,8.860573312706242e-05,0.00032475579340577877,0.0006737684611267387,0.0006737684611267387,0.0001390618863312685,0.00017676224468326555,0.00046997986079216935,0.0006999070411517937,0.0006999070411517937,0.0002152033793078325,0.0004418671393883453,0.00044832577339283346,0.00031896771860420964,0.0006610652848392514,0.0006610652848392514,0.0007050033666382205,0.0005840401215677285,0.0011819438344194272,0.0012678979538282883,0.0015006164748916529,0.0001489921290579029,0.00015644390195852445,7.992642167114748e-05,0.00010090797170969224,0.14077884671902327,0.1179724869397524,0.08265621431633555,0.08265621431633555,0.0066795917244071865,0.026217486667313477,0.008003986283070938,0.07133227880657647,0.07133227880657647,0.05031660837432053,0.018090775513385976,0.013773484845899252,0.024149423673944074,0.17096382707347474,0.17096382707347474,0.15181837954261052,0.026003373510248253,0.08899464693895541,0.15901779508710356,0.1997900036840925,0.06880290478721594,0.14519179367610485,0.07227672210102468,0.0029239276760469183
390,24,0.0005425486197860258,7.715335783128636e-05,0.0015399394761503387,0.08331549861884383,0.0026802670363763417,0.26647417004375146,66,False,32,0,0,0,0,9288,9194,9100,9004,8118,8838,8599,9225,8768,9177,8746,8411,8990,9349,9279,8944,9114,9306,9259,9379,8924,9092,9310,8303,8.718847197920422e-05,0.00031752646181031926,0.0006522855069754886,0.0006522855069754886,0.00013179325016654606,0.00016844231508726255,0.00044557970672773887,0.0006754449205037702,0.0006754449205037702,0.00020646301350485985,0.0004201117653833137,0.0004257372774543149,0.00030377837963790075,0.0006560144051414312,0.0006958751250099868,0.0005565168665543551,0.0011462910842701764,0.0012540076286709106,0.0015399394761503387,0.0015399394761503387,0.00014368294594516734,0.00015413195437783482,7.715335783128636e-05,9.553305805281636e-05,0.12904727615910466,0.1081414463614397,0.07576819645664092,0.07576819645664092,0.006122959080706587,0.02403269611170402,0.007336987426148359,0.06538792223936177,0.06538792223936177,0.04612355767646049,0.016583210887270477,0.012625694442074314,0.0221369717011154,0.15671684148401852,0.13916684791405964,0.023836425717727563,0.08157842636070912,0.14576631216317826,0.26647417004375146,0.26647417004375146,0.06306932938828128,0.13309247753642944,0.06625366192593929,0.0026802670363763417
391,24,0.0005315342328514453,7.435096899131983e-05,0.0015696065769738984,0.07637254040060683,0.0024569114500116464,0.24426798920677215,67,False,33,0,0,0,0,9288,9194,9100,9004,8118,8838,8599,9225,8768,9177,8746,8411,8990,9349,9279,8944,9114,9306,9259,9379,8924,9092,9310,8303,8.551243044466253e-05,0.0003096043591835909,0.0006302703883949221,0.0006302703883949221,0.00012488506670674254,0.00016041579643349778,0.0004223674316827547,0.0006507533763960414,0.0006507533763960414,0.00019784513858139355,0.0003992588937172784,0.0004041569304975668,0.0002891493299919855,0.0006484094853684879,0.0006844354061662698,0.0005299689019464486,0.0011094068949647777,0.0012356745735898275,0.0015696065769738984,0.0015696065769738984,0.00013834060608450846,0.00015134042108979928,7.435096899131983e-05,9.043826946405153e-05,0.11829333647917926,0.09912965916465305,0.06945418008525417,0.06945418008525417,0.0056127124906477045,0.022029971435728685,0.006725571807302663,0.059938928719414954,0.059938928719414954,0.04227992787008878,0.015201276646664603,0.01157355323856812,0.020292224059355782,0.14365710469368365,0.127569610587888,0.021850056907916932,0.07478022416398336,0.13361911948291338,0.24426798920677215,0.24426798920677215,0.057813551939257836,0.12200143774172699,0.06073252343211101,0.0024569114500116464
392,24,0.0005195190881210825,7.153965276092833e-05,0.0015899254031471015,0.0700081620338896,0.0022521688291773424,0.22391232343954112,68,False,33,0,0,0,0,9288,9194,9100,9004,8118,8838,8599,9225,8768,9177,8746,8411,8990,9349,9279,8944,9114,9306,9259,9379,8924,9092,9310,8303,8.361636733426546e-05,0.0003011188837359212,0.0006079222290574311,0.0006079222290574311,0.00011832207691553253,0.00015268607991050524,0.00040029583197231347,0.000626008298070963,0.000626008298070963,0.00018938298404565172,0.0003792942436518862,0.0003835574274923726,0.00027508259926423145,0.0006385526646995179,0.0006710005933427171,0.000504406662508884,0.0010716669945354832,0.001213473859366204,0.0015899254031471015,0.0015899254031471015,0.00013300096666850607,0.00014813853557342366,7.153965276092833e-05,8.560983057664464e-05,0.10843555843924765,0.09086885423426529,0.06366633174481631,0.06366633174481631,0.005144986449760395,0.020194140482751293,0.006165107490027441,0.05494401799279704,0.05494401799279704,0.03875660054758138,0.013934503592775887,0.010609090468687443,0.0186012053877428,0.13168567930254332,0.11693880970556399,0.020029218832257188,0.06854853881698475,0.12248419285933726,0.22391232343954112,0.22391232343954112,0.052995755944319684,0.11183465126324973,0.055671479812768425,0.0022521688291773424
393,24,0.0005066379113498947,6.87371282527072e-05,0.001601351125770434,0.06417414853106546,0.002064488093412564,0.2052529631529127,69,False,33,0,0,0,0,9288,9194,9100,9004,8118,8838,8599,9225,8768,9177,8746,8411,8990,9349,9279,8944,9114,9306,9259,9379,8924,9092,9310,8303,8.153690367384326e-05,0.0002921891266939578,0.0005854166836436981,0.0005854166836436981,0.0001120893015279359,0.0001452541144421727,0.0003793180742176219,0.0006013622411159072,0.0006013622411159072,0.0001811039573742435,0.0003602000847476247,0.0003639095426093558,0.00026157627349349696,0.0006267406268422881,0.0006558736476267113,0.00047983259999246285,0.00103340560155318,0.0011879612041966808,0.001601351125770434,0.001601351125770434,0.00012769499380663432,0.00014459205867718784,6.87371282527072e-05,8.103453160928941e-05,0.09939926190264368,0.08329644971474318,0.05836080409941495,0.05836080409941495,0.004716237578947029,0.01851129544252202,0.005651348532525154,0.05036534982673062,0.05036534982673062,0.03552688383528293,0.012773294960044562,0.009724999596296822,0.01705110493876423,0.12071187269399804,0.10719390889676698,0.01836011726290242,0.06283616058223601,0.11227717678772582,0.2052529631529127,0.2052529631529127,0.04857944294895971,0.10251509699131225,0.05103218982837105,0.002064488093412564
394,24,0.0004947494475080449,6.59586266420355e-05,0.0016458302505866964,0.06229852504236555,0.0018924474189615167,0.27148188289016995,70,False,33,0,0,0,0,9288,9194,9100,9004,8118,8838,8599,9225,8768,9177,8746,8411,8990,9349,9279,8944,9114,9306,9259,9475,8924,9092,9310,8303,7.930817120327312e-05,0.0002829234735980353,0.0005629071794493119,0.0005629071794493119,0.00010617209510438319,0.00013811878049010303,0.00035938794952949444,0.0005769461239600653,0.0005769461239600653,0.0001730302574861182,0.0003419559124428117,0.00034518264137209907,0.0002486251276128082,0.0006132592260686407,0.0006393402749898432,0.0004562424105501508,0.0009949171067778007,0.001159664818722283,0.0016044515832829864,0.0016458302505866964,0.00012244913828214944,0.00014076256752225709,6.59586266420355e-05,7.669972111035482e-05,0.09111599007742337,0.07635507890518124,0.05349740375779704,0.05349740375779704,0.0043232177807014435,0.016968687488978517,0.0051804028214813905,0.04616823734116973,0.04616823734116973,0.032566310182342684,0.011708853713374181,0.008914582963272086,0.015630179527200545,0.11065254996949819,0.09826108315536973,0.016830107490993885,0.057599813867049675,0.10292074538874867,0.18814854955683663,0.27148188289016995,0.0445311560365464,0.09397217224203623,0.046779507342673464,0.0018924474189615167
395,24,0.0004860816317784413,6.321709242421165e-05,0.0016798919525039648,0.07678744619563298,0.0017347434673813903,0.24885839264932244,71,False,33,0,0,0,0,9288,9194,9481,9100,9004,8118,8838,8599,9225,8768,9177,8746,8411,9493,9279,8944,9496,9306,9259,9475,9500,9092,9310,8303,7.696159439392591e-05,0.0002804710045907542,0.0002804710045907542,0.0005405263665925014,0.0005405263665925014,0.00010055618862271596,0.00013127722273094744,0.0003404600806518389,0.0005528710077099413,0.0005528710077099413,0.00016517945759610069,0.0003245390362126757,0.0003273451193932173,0.0006138116330887259,0.0006216663104090348,0.00043362612653450303,0.0009811252355449752,0.0011290796104837485,0.0015998749421192462,0.0016798919525039648,0.0001203105119654972,0.00013670699413116858,6.321709242421165e-05,7.259329608970015e-05,0.08352299090430475,0.15332548899641613,0.15332548899641613,0.04903928677798062,0.04903928677798062,0.003962949632309656,0.015554630198230307,0.004748702586357941,0.04232088422940559,0.04232088422940559,0.02985245100048079,0.010733115903926333,0.008171701049666079,0.18476483747204003,0.09007265955908891,0.01542759853341106,0.1361331627114622,0.09434401660635294,0.17246950376043357,0.24885839264932244,0.12415355970016753,0.0861411578885332,0.042881215064117344,0.0017347434673813903
396,24,0.0004758982796040003,6.052338803851452e-05,0.0017038277100867225,0.07733293679044133,0.0015901815117662743,0.2281201932618789,72,False,33,0,0,0,0,9288,9194,9506,9100,9508,8118,8838,8599,9225,8768,9177,8746,8411,9493,9279,8944,9496,9306,9259,9475,9500,9092,9310,8303,7.452578246171467e-05,0.00027695640949078885,0.0002840990912926916,0.0005183876923571445,0.0005317568660236342,9.522772223179611e-05,0.00012472514451205397,0.00032249008840656856,0.0005292298972509643,0.0005292298972509643,0.00015756505167528536,0.0003079250890769492,0.0003103647760682984,0.0006114809497742172,0.000603096127547248,0.0004119690823723319,0.000964176575506405,0.0010966634045061281,0.0015883207720064718,0.0017038277100867225,0.00011783613080226868,0.00013247737169718918,6.052338803851452e-05,6.870369005965514e-05,0.07656274166227935,0.14054836491338144,0.22388169824671478,0.04495267954648223,0.12828601287981556,0.003632703829617185,0.014258411015044447,0.004352977370828112,0.03879414387695512,0.03879414387695512,0.027364746750440726,0.009838689578599139,0.007490725962193905,0.16936776768270337,0.0825666045958315,0.014141965322293473,0.12478873248550701,0.08648201522249019,0.15809704511373077,0.2281201932618789,0.11380742972515356,0.07896272806448877,0.039307780475440895,0.0015901815117662743
397,24,0.0004649216348983217,5.788649625469584e-05,0.0017180957148978397,0.07436074761346011,0.0014576663857857515,0.2091101771567223,73,False,32,0,0,0,0,9288,9194,9506,9100,9508,8118,8838,8599,9225,8768,9177,8746,8411,9493,9279,8944,9496,9306,9259,9475,9548,9092,9310,8303,7.202650959568885e-05,0.00027250886009978444,0.0002861382655704697,0.0004965870324980806,0.0005214236048389668,9.017326959525966e-05,0.00011845706712010844,0.0003054347230579097,0.0005060995163652785,0.0005060995163652785,0.00015019696110636554,0.0002920884667267745,0.00029420913088601543,0.0006065377100564173,0.0005838518903859692,0.0003912527646095105,0.0009445147386224652,0.0010628348422239422,0.0015705150071515458,0.0017180957148978397,0.00011804654109203832,0.0001281207490074901,5.788649625469584e-05,6.501985943182582e-05,0.07018251319042274,0.12883600117059965,0.20522489005948855,0.04120662291760871,0.11759551180649759,0.0033299785104824193,0.013070210097124077,0.003990229256592436,0.03556129855387553,0.03556129855387553,0.025084351187904,0.009018798780382543,0.006866498798677746,0.15525378704247808,0.07568605421284554,0.01296346821210235,0.1143896714450481,0.079275180620616,0.1449222913542532,0.2091101771567223,0.18765681058139078,0.07238250072578137,0.036032132102487485,0.0014576663857857515
398,24,0.0004531494124878379,5.531371617172574e-05,0.001723282997636389,0.06816401864567176,0.0013361941869702721,0.19168432906032878,74,False,32,0,0,0,0,9288,9194,9506,9100,9508,8118,8838,8599,9225,8768,9177,8746,8411,9493,9279,8944,9496,9306,9259,9475,9548,9092,9310,8303,6.948676387550589e-05,0.00026725455179500956,0.0002866900181755535,0.00047520432738326656,0.0005097624580744533,8.537985507848359e-05,0.00011246655691908144,0.00028925196555599917,0.0004835420220700933,0.0004835420220700933,0.00014308199996078245,0.00027700270398044847,0.00027884568930997504,0.0005992607325550469,0.0005641334775961254,0.0003714555562616556,0.0009225627871847417,0.001027972641244808,0.0015471889447390983,0.001723282997636389,0.00011769360618119225,0.00012367923723762412,5.531371617172574e-05,6.153126865095595e-05,0.06433397042455417,0.11809966773971634,0.1881228158878645,0.03777273767447465,0.10779588582262278,0.0030524803012755507,0.011981025922363737,0.0036577101518763997,0.03259785700771923,0.03259785700771923,0.022993988588912,0.008267232215350664,0.0062942905654546,0.1423159714556049,0.06937888302844174,0.011883179194427154,0.10485719882462742,0.072668915568898,0.13284543374139876,0.19168432906032878,0.17201874303294154,0.06635062566529959,0.03302945442728019,0.0013361941869702721
399,24,0.0004524115890614224,5.281084988133332e-05,0.0017644304713373346,0.07941761854630536,0.0012248446713894162,0.2590439683053014,75,False,34,0,0,0,0,9288,9194,9577,9100,9508,9581,8838,8599,9225,8768,9177,8746,8411,9493,9279,8944,9496,9306,9595,9475,9548,9092,9310,8303,6.692684783846732e-05,0.0002680538334076078,0.0002680538334076078,0.0004543051836638483,0.0004969960718327706,8.291969161436494e-05,0.00010674642335508304,0.0002739011030246367,0.00046160663365222285,0.00046160663365222285,0.00013622429872452916,0.0002626407956842744,0.00026424216451177934,0.0005899294048770902,0.00054411892852008,0.00035255338539073064,0.0008987182707911908,0.0009924159278255427,0.0017644304713373346,0.0017644304713373346,0.00011682888114806777,0.0001191901576059654,5.281084988133332e-05,5.822787439005186e-05,0.05897280622250799,0.19159136209473998,0.19159136209473998,0.034625009534935094,0.09881289533740421,0.08613144027616926,0.010982607095500092,0.003352900972553366,0.029881368923742626,0.029881368923742626,0.02107782287316933,0.007578296197404775,0.0057697663516667165,0.1304563071676378,0.06359730944273825,0.010892914261558223,0.09611909892257513,0.06661317260482316,0.2590439683053014,0.2590439683053014,0.1576838477801964,0.06082140685985796,0.030276999891673505,0.0012248446713894162
400,24,0.00044423254054492563,5.038237782557284e-05,0.0017946835305688309,0.07627170588966879,0.0011227742821069647,0.2374569709465263,76,False,34,0,0,0,0,9288,9194,9577,9100,9508,9605,8838,8599,9225,8768,9177,8746,8411,9493,9279,8944,9496,9306,9595,9475,9548,9092,9310,8303,6.43645161785716e-05,0.0002675470923566439,0.0002675470923566439,0.0004339424128696085,0.0004833317770232702,8.242631595420927e-05,0.00010128889071015994,0.0002593427823228091,0.00044033116019239285,0.00044033116019239285,0.00012962568733642909,0.0002489754685732026,0.0002503666605945581,0.0005788174638007722,0.0005239652793240029,0.000334520287429656,0.0008733499169335998,0.000956465388021629,0.0017946835305688309,0.0017946835305688309,0.00011550581004428635,0.00011468626281875705,5.038237782557284e-05,5.510010908138495e-05,0.054058405703965653,0.17562541525351164,0.17562541525351164,0.0317395920736905,0.09057848739262052,0.1622871535864885,0.01006738983754175,0.0030734925581739187,0.027391254846764072,0.027391254846764072,0.019321337633738552,0.00694677151428771,0.005288952489027823,0.11958494823700132,0.0582975336558434,0.009985171406428371,0.08810917401236053,0.061062074887754565,0.2374569709465263,0.2374569709465263,0.14454352713184668,0.05575295628820313,0.02775391656736738,0.0011227742821069647
401,24,0.00043708935742415396,4.803162165621883e-05,0.0018612457960359107,0.07338795262108529,0.001029209758598051,0.3010022233676491,77,False,34,0,0,0,0,9288,9194,9577,9100,9508,9605,8838,8599,9225,8768,9177,8746,8411,9493,9279,8944,9496,9306,9595,9643,9548,9092,9310,8303,6.181513848019556e-05,0.0002658497818468797,0.0002658497818468797,0.0004141574871077376,0.0004689603084061343,8.159798992066597e-05,9.608574633319671e-05,0.00024553904503032145,0.0004197434169844928,0.0004197434169844928,0.00012328603914413806,0.00023597941001327245,0.0002371878223475757,0.0005661881646653822,0.0005038096776692662,0.00031732889025698317,0.0008467957058254774,0.0009203850190478644,0.0018144512553855943,0.0018612457960359107,0.00011377818960270297,0.00011019600957337108,4.803162165621883e-05,5.2138864014942066e-05,0.049553538561968515,0.16098996398238566,0.16098996398238566,0.029094626067549624,0.08303028010990214,0.14876322412094778,0.009228440684413272,0.002817368178326092,0.0251086502762004,0.0251086502762004,0.017711226164260338,0.006367873888097067,0.004848206448275504,0.10961953588391787,0.05343940585118978,0.009153073789226007,0.08076674284466381,0.05597356864710835,0.21766889003431575,0.3010022233676491,0.1324982332041928,0.05110687659751953,0.025441090186753428,0.001029209758598051
402,24,0.00042903881908691886,4.576089401228399e-05,0.0019155388826325775,0.06727228990266151,0.00094344227871488,0.2759187047536783,78,False,35,0,0,0,0,9288,9194,9577,9100,9508,9605,8838,8599,9225,8768,9177,8746,8411,9493,9279,8944,9496,9306,9595,9643,9548,9092,9310,8303,5.9291877121802705e-05,0.0002630825760307453,0.0002630825760307453,0.00039498189911360993,0.0004540551858840969,8.047258359152691e-05,9.112846789834236e-05,0.00023245334678042206,0.00039986252640587816,0.00039986252640587816,0.00011720357788758706,0.00022362545897629046,0.00022467495601846137,0.0005522906976354343,0.0004837706831315187,0.00030095083042834,0.000819362074061373,0.0008844042972057424,0.0018242974819963765,0.0019155388826325775,0.00011169892319854525,0.0001057438634398637,4.576089401228399e-05,4.9335472198610767e-05,0.0454240770151378,0.1475741336505202,0.1475741336505202,0.02667007389525382,0.07611109010074363,0.13636628877753545,0.008459403960712165,0.0025825874967989174,0.0230162627531837,0.0230162627531837,0.016235290650571974,0.005837217730755644,0.004444189244252546,0.10048457456025804,0.0489861220302573,0.008390317640123839,0.07403618094094183,0.05130910459318265,0.19952981586478943,0.2759187047536783,0.12145671377051005,0.0468479702143929,0.023320999337857307,0.00094344227871488
403,24,0.0004190241868189423,4.469534379063228e-05,0.001957613665185499,0.07361381409439316,0.0008648220888219733,0.25292547935753845,79,False,38,0,0,0,0,9288,9577,9100,9508,9605,8838,8599,9225,8768,9177,9683,8746,9684,9493,9279,8944,9496,9306,9595,9643,9548,9693,9694,8303,5.680587248291912e-05,0.0002593677208345053,0.0003764384194891485,0.00043877262590327656,7.908760655068793e-05,8.64083320508291e-05,0.00022005056348246618,0.00038070010271749004,0.00038070010271749004,0.00011137515013708824,0.00021735130533942729,0.00021735130533942729,0.00021828617028762427,0.0005373576905925355,0.00046394967793677807,0.00028535710833643636,0.0007913240137274934,0.0008487206113229653,0.0018249019132454357,0.001957613665185499,0.00010931904620252802,0.00010396444483977513,4.469534379063228e-05,4.6681691142158366e-05,0.04163873726387632,0.1352762891796435,0.024447567737316003,0.06976849925901499,0.1250024313794075,0.007754453630652818,0.002367371872065674,0.021098240857085056,0.021098240857085056,0.014882349763024308,0.08868411625319268,0.08868411625319268,0.08740717347389818,0.09211086001356987,0.04490394519440252,0.007691124503446852,0.06786649919586334,0.0470333458770841,0.1829023312093903,0.25292547935753845,0.11133532095630087,0.12627730602986018,0.10471091605970254,0.0008648220888219733
404,24,0.0004104555113836226,4.353836601914076e-05,0.0019877696104311973,0.0744237740309715,0.0007927535814201422,0.23184835607774357,80,False,39,0,0,0,0,9288,9577,9100,9508,9605,8838,9702,9703,8768,9177,9683,8746,9684,9493,9279,8944,9496,9306,9595,9643,9548,9693,9694,8303,5.4366429330846835e-05,0.0002548260504624832,0.00035854224828825557,0.0004232518647296301,7.747946095134484e-05,8.191650660498968e-05,0.00021366894787731616,0.0003716040113132577,0.00036226132317918427,0.00010579646578585809,0.00021077667731156008,0.00021077667731156008,0.00021160756609909988,0.0005216036338314248,0.00044443232804433635,0.00027051838942373385,0.0007629258600002343,0.000813501840146633,0.0018170244980371213,0.0019877696104311973,0.00010668699630645716,0.0001018868360220114,4.353836601914076e-05,4.416968569926598e-05,0.03816884249188662,0.12400326508133985,0.022410270425873003,0.06395445765409707,0.11458556209779021,0.0071082491614317496,0.0855034242160602,0.10267338745232799,0.019340054118994636,0.013642153949438948,0.08129377323209329,0.08129377323209329,0.08012324235107332,0.08443495501243904,0.04116194976153564,0.007050197461492947,0.06221095759620805,0.043113900387327084,0.16766047027527445,0.23184835607774357,0.10205737754327579,0.11575419719403848,0.09598500638806065,0.0007927535814201422
405,24,0.00041470051424453356,4.179201107795334e-05,0.0020065095354227292,0.07859764994075223,0.0007266907829684636,0.21252765973793158,81,False,41,0,0,0,0,9288,9577,9100,9508,9605,8838,9703,8768,9729,9683,8746,9684,9493,9733,9279,8944,9496,9306,9595,9643,9548,9693,9694,8303,5.1981199751985165e-05,0.00024957463226754487,0.0003413020613760841,0.0004076157906043258,7.568287348150257e-05,7.764412826581034e-05,0.0003617781943755507,0.0003445458899448019,0.00010305322350953846,0.00020397825596521417,0.00020397825596521417,0.00020471521681951848,0.0005182537515402931,0.0005182537515402931,0.00042529004805547544,0.0002564052579310733,0.000734382588341068,0.0007788889781158105,0.0018014739163431735,0.0020065095354227292,0.00010384809841281978,9.955687453850351e-05,4.230780822252113e-05,4.179201107795334e-05,0.034988105617562736,0.11366965965789486,0.020542747890383586,0.05862491951625565,0.10503676525630769,0.00651589506464577,0.09411727183130066,0.01772838294241175,0.09583864112031905,0.07451929212941885,0.07451929212941885,0.07344630548848387,0.1607320420947358,0.1607320420947358,0.03773178728140767,0.006462681006368535,0.05702671112985738,0.039521075355049826,0.15368876441900156,0.21252765973793158,0.09355259608133613,0.10610801409453527,0.08798625585572226,0.0007266907829684636
406,24,0.0004052609261971856,3.9541596109186453e-05,0.0020144949738063163,0.07204784577902289,0.0006661332177210917,0.19481702142643728,82,False,41,0,0,0,0,9288,9577,9100,9508,9605,8838,9703,8768,9729,9683,8746,9684,9493,9733,9279,8944,9496,9306,9595,9643,9548,9693,9694,8303,4.965635923878751e-05,0.00024372498327767506,0.0003247209543864046,0.000391971797160414,7.373048552838068e-05,7.358236765782545e-05,0.0003513691205643089,0.00032754888861710805,0.00010013644698327173,0.00019702490576156231,0.00019702490576156231,0.00019767732658646,0.0005128222474761576,0.0005128222474761576,0.0004065814348792972,0.00024298842904555264,0.0007058814701915375,0.0007449987363113706,0.0017790805771567472,0.0020144949738063163,0.00010084423239981728,9.701771565738114e-05,4.102002669917298e-05,3.9541596109186453e-05,0.03207243014943251,0.10419718801973694,0.01883085223285162,0.05373950955656767,0.0962837014849487,0.005972903809258623,0.08627416584535894,0.01625101769721077,0.08785208769362579,0.06830935111863394,0.06830935111863394,0.06732578003111021,0.1473377052535078,0.1473377052535078,0.0345874716746237,0.005924124255837823,0.05227448520236926,0.03622765240879567,0.14088136738408477,0.19481702142643728,0.08575654640789146,0.09726567958665733,0.0806540678677454,0.0006661332177210917
407,24,0.0003951943195668257,3.741172684586272e-05,0.0020125041243904906,0.0695160808529932,0.000610622116244334,0.17858226964090082,83,False,39,0,0,0,0,9288,9577,9100,9508,9605,8838,9703,8768,9729,9683,8746,9684,9493,9733,9279,8944,9496,9306,9595,9643,9548,9789,9694,8303,4.739677356760868e-05,0.00023738179086159824,0.0003087972887937524,0.000376412785197361,7.16525793708337e-05,6.972248326653518e-05,0.00034051068167797755,0.0003112615502346825,9.708480639159362e-05,0.00018997785896940735,0.00018997785896940735,0.00019055444120922704,0.0005055474660569943,0.0005055474660569943,0.00038835364465151216,0.00023023892472124352,0.0006775839623088464,0.0007119260642560225,0.0017506742037930105,0.0020125041243904906,9.77136527397474e-05,9.67416865652448e-05,3.968984870786448e-05,3.741172684586272e-05,0.029399727636979796,0.09551408901809219,0.01726161454678065,0.04926121709352036,0.0882600596945363,0.005475161825153737,0.07908465202491236,0.014896766222443207,0.08053108038582364,0.06261690519208112,0.06261690519208112,0.06171529836185102,0.13505956314904882,0.13505956314904882,0.031705182368405055,0.0054304472345180045,0.04791827810217182,0.03320868137472936,0.12914125343541102,0.17858226964090082,0.07861016754056717,0.17249353962110256,0.07393289554543328,0.000610622116244334
408,24,0.0003847062207531563,3.539603054933486e-05,0.0020013937143331263,0.06719529633746597,0.0005597369398906395,0.16370041383749243,84,False,40,0,0,0,0,9288,9577,9100,9508,9605,8838,9703,8768,9729,9801,8746,9684,9493,9733,9279,8944,9496,9306,9595,9643,9548,9789,9694,8303,4.52061549293095e-05,0.00023064206580978523,0.00029352544574681966,0.0003610182534536501,6.947691829912679e-05,6.605586572971425e-05,0.00032932396599119146,0.00029567192394868374,9.393335042605541e-05,0.00018760777351353372,0.00018289102970533172,0.00018339978302105386,0.0004966649038233295,0.0004966649038233295,0.0003706436952442803,0.0002181282178929568,0.0006496277287843991,0.0006797465538649569,0.0017170658380250886,0.0020013937143331263,9.449093092168517e-05,9.604367235678769e-05,3.833057788222002e-05,3.539603054933486e-05,0.026949750333898147,0.08755458159991784,0.015823146667882263,0.04515611566906033,0.08090505471999161,0.005018898339724259,0.07249426435616965,0.013655369037239606,0.07382015702033834,0.14073216309274103,0.05739882975940769,0.05657235683169677,0.12380459955329474,0.12380459955329474,0.02906308383770463,0.004977909964974837,0.043925088260324166,0.03044129126016858,0.11837948231579343,0.16370041383749243,0.0720593202455199,0.1581190779860107,0.06777182091664717,0.0005597369398906395
409,24,0.00037373078559322314,3.3488460107828975e-05,0.0019820655594825374,0.06506791053156603,0.0005130921948997528,0.15005871268436805,85,False,40,0,0,0,0,9288,9577,9100,9508,9605,8838,9703,8768,9729,9801,8746,9684,9493,9733,9279,8944,9496,9306,9595,9643,9548,9789,9838,8303,4.30872064291612e-05,0.00022359465670928092,0.0002788964939975995,0.00034585543111372117,6.722867968969598e-05,6.257407376006776e-05,0.0003179173731718014,0.0002807654678244062,9.071352068179997e-05,0.00018460454696637285,0.00017581141956930606,0.000176259672438253,0.0004864026392001123,0.0004864026392001123,0.0003534796830189464,0.00020662834928961922,0.0006221287159571551,0.0006485186995524989,0.0016790339303184125,0.0019820655594825374,9.120699439654873e-05,9.496756719294925e-05,3.790707416916823e-05,3.3488460107828975e-05,0.0247039378060733,0.08025836646659136,0.014504551112225407,0.04139310602997197,0.07416296682665897,0.004600656811413904,0.06645307565982218,0.012517421617469639,0.06766847726864347,0.12900448283501262,0.05261559394612371,0.051857993762388706,0.11348754959052018,0.11348754959052018,0.026641160184562578,0.004563084134560267,0.04026466423863048,0.027904516988487865,0.10851452545614397,0.15005871268436805,0.06605437689172658,0.1449424881538431,0.14545750250692657,0.0005130921948997528
410,24,0.0003623360130174936,3.168327892023797e-05,0.0019554381600636597,0.059645584653935525,0.00047033451199144006,0.1375538199606707,86,False,40,0,0,0,0,9288,9577,9100,9508,9605,8838,9703,8768,9729,9801,8746,9684,9493,9733,9279,8944,9496,9306,9595,9643,9548,9789,9838,8303,4.1041754580597194e-05,0.00021632005837982687,0.0002648987786081862,0.00033098041532347996,6.493046185895961e-05,5.9268862837159396e-05,0.0003063869896283606,0.0002665255651501421,8.745324433166887e-05,0.00018105368648807098,0.00016877958340207625,0.00016917400551015146,0.00047497787455261996,0.00047497787455261996,0.00033688190746105484,0.00019571202058133407,0.0005951832187452948,0.0006182859986399394,0.0016373140842598688,0.0019554381600636597,8.788923893106621e-05,9.355759136195594e-05,3.734965825151595e-05,3.168327892023797e-05,0.022645276322233857,0.07357016926104208,0.013295838519539955,0.0379436805274743,0.06798271959110405,0.004217268743796078,0.060915319354836996,0.011474303149347168,0.062029437496256515,0.11825410926542823,0.04823096111728006,0.047536494282189645,0.10403025379131016,0.10403025379131016,0.024421063502515696,0.004182827123346911,0.03690927555207794,0.025579140572780542,0.09947164833479863,0.1375538199606707,0.060549845484082696,0.13286394747435618,0.13333604396468268,0.00047033451199144006
411,24,0.00035080161730471367,2.997504626957137e-05,0.0019224233307309282,0.058147341488329785,0.0004311399693254867,0.12754504769084007,87,False,40,0,0,0,0,9288,9577,9100,9508,9605,8838,9703,8768,9729,9801,9874,9684,9493,9733,9279,8944,9496,9306,9595,9643,9548,9789,9838,8303,3.907086980241947e-05,0.0002088904530827764,0.00025151843720721824,0.00031643928597364094,6.260234768162003e-05,5.613220767541963e-05,0.00029481715454920905,0.0002529339734180611,8.417708465461653e-05,0.00017703724642402217,0.00016600371469503876,0.00016217676267415868,0.0004625944586403661,0.0004625944586403661,0.0003208639011960031,0.00018535266716285812,0.0005688698924338134,0.0005890788841446215,0.0015925919752694953,0.0019224233307309282,8.456169453929551e-05,9.18572598687613e-05,3.6675708578847267e-05,2.997504626957137e-05,0.020758169962047702,0.06743932182262191,0.012187851976244958,0.034781707150184776,0.06231749295851204,0.0038658296818130716,0.05583904274193391,0.010518111220234903,0.056860317704901804,0.10839960015997588,0.12754504769084007,0.04357511975867384,0.09536106597536764,0.09536106597536764,0.022385974877306054,0.003834258196401335,0.033833502589404776,0.023447545525048828,0.09118234430689874,0.12609100163061482,0.055504025027075805,0.12179195185149315,0.12222470696762579,0.0004311399693254867
412,24,0.0003392842841696093,2.835860320258841e-05,0.0018839076211879754,0.05677395191985787,0.0003952116385483628,0.11691629371660339,88,False,40,0,0,0,0,9288,9577,9100,9508,9605,8838,9703,9895,9729,9801,9874,9684,9493,9733,9279,8944,9496,9306,9595,9643,9548,9789,9838,8303,3.717497521272382e-05,0.00020136993025915366,0.0002387398504684848,0.00030226917752320445,6.026201025970702e-05,5.315631935604556e-05,0.00028328115804474263,0.0002461600495938649,8.090643218136494e-05,0.00017263275103134807,0.00016274410078120452,0.0001552965291706161,0.0004494412495741089,0.0004494412495741089,0.0003054333657987221,0.00017552451348498794,0.0005432516768514256,0.0005609164881044382,0.0015454989539096366,0.0018839076211879754,8.124522835647977e-05,8.990857467019787e-05,3.590201147349257e-05,2.835860320258841e-05,0.01902832246521039,0.06181937833740342,0.01117219764489121,0.03188323155433604,0.0571243685453027,0.003543677208328649,0.05118578918010608,0.09297493528521533,0.05212195789615998,0.09936630014664455,0.11691629371660339,0.039943859778784355,0.08741431047742033,0.08741431047742033,0.02052047697086388,0.003514736680034557,0.03101404404028771,0.021493583397961424,0.08358381561465718,0.11558341816139692,0.05087868960815282,0.11164262253053538,0.11203931472032364,0.0003952116385483628
413,24,0.00036232542914511933,2.6829058925636967e-05,0.001888210600303267,0.06765180225910103,0.00036227733533599924,0.1892847999812805,89,False,41,0,0,0,0,9288,9577,9100,9508,9916,8838,9703,9895,9729,9874,9684,9493,9733,9279,8944,9496,9306,9929,9931,9643,9548,9789,9838,8303,3.535394421411855e-05,0.00019381483799234435,0.00022654603324958797,0.00028849929380275936,5.9418725025321375e-05,5.033365790322056e-05,0.00027184202323047484,0.00023900105534672004,7.765972222366095e-05,0.00015907421678990278,0.00014855701209585446,0.00043569117969818167,0.00043569117969818167,0.0002905930159488842,0.00016620261349246102,0.0005183776103951998,0.0005475751063269305,0.0005475751063269305,0.001888210600303267,0.001888210600303267,7.795777080076858e-05,8.775141899103462e-05,3.504451639815557e-05,2.6829058925636967e-05,0.017442628926442858,0.056667763475953134,0.010241181174483608,0.029226295591474702,0.13569733783319415,0.0032483707743012616,0.04692030674843057,0.08522702401144738,0.047778461404813316,0.10717326924021978,0.03661520479721899,0.08012978460430197,0.08012978460430197,0.01881043722329189,0.003221841956698344,0.028429540370263736,0.10303578478146465,0.10303578478146465,0.1892847999812805,0.1892847999812805,0.04663879880747342,0.10233907065299076,0.10270270516029666,0.00036227733533599924
414,24,0.00035450705019422524,2.538177772129284e-05,0.001883423860924981,0.06548637429306484,0.00033208755739133264,0.17351106664950713,90,False,42,0,0,0,0,9288,9937,9100,9508,9916,8838,9703,9895,9729,9874,9684,9493,9733,9279,8944,9496,9306,9929,9931,9643,9548,9789,9838,8303,3.3607187500282294e-05,0.00019107822289315835,0.00021491897250183135,0.0002751518567085236,5.8385155823177425e-05,4.7656940988653e-05,0.00026055333351703464,0.00023154723003727094,7.44526672867856e-05,0.00015506335089385197,0.00014197754289762846,0.00042150089149676774,0.00042150089149676774,0.0002763413359916127,0.00015736287841022818,0.00049428451979521,0.0005331504408393055,0.0005331504408393055,0.001883423860924981,0.001883423860924981,7.471455405843003e-05,8.54231287960376e-05,3.411816231828633e-05,2.538177772129284e-05,0.01598907651590595,0.13527878318629039,0.009387749409943308,0.02679077095885181,0.12438922634709464,0.002977673209776156,0.04301028118606135,0.07812477201049343,0.043796922954412204,0.09824216347020145,0.033563937730784074,0.07345230255394347,0.07345230255394347,0.017242900788017566,0.0029533551269734816,0.02606041200607509,0.09444946938300926,0.09444946938300926,0.17351106664950713,0.17351106664950713,0.042752232240183964,0.09381081476524153,0.09414414639693859,0.00033208755739133264
415,24,0.00034642210574461737,2.4012366385892074e-05,0.0018703674932784027,0.06697362087975388,0.00030441359427538825,0.17338864984768468,91,False,43,0,0,0,0,9288,9937,9100,9508,9916,8838,9966,9895,9729,9969,9684,9493,9733,9279,8944,9496,9306,9929,9931,9643,9548,9789,9838,8303,3.1933730197582074e-05,0.0001877324700480487,0.00020383991767729864,0.0002622429836300158,5.718814500552669e-05,4.511914936221792e-05,0.0002558936283831005,0.00022388006504086278,7.12984952837222e-05,0.0001546644696391133,0.00013557355729175744,0.0004070108252667652,0.0004070108252667652,0.0002626732539697844,0.00014898209383686135,0.0004709985781403235,0.0005178588312198236,0.0005178588312198236,0.0018703674932784027,0.0018703674932784027,7.152835429237187e-05,8.29582153807204e-05,3.313676477563356e-05,2.4012366385892074e-05,0.014656653472913788,0.12400555125409951,0.008605436959114698,0.024558206712280824,0.11402345748483675,0.002729533775628143,0.12275942442055625,0.07161437434295231,0.04014717937487785,0.17338864984768468,0.0307669429198854,0.06733127734111484,0.06733127734111484,0.015805992389016102,0.002707242199725691,0.02388871100556883,0.08657868026775849,0.08657868026775849,0.15905181109538152,0.15905181109538152,0.03918954622016863,0.08599324686813807,0.08629880086386037,0.00030441359427538825
416,24,0.00033796463147578,2.2716662184342855e-05,0.0018498945003000617,0.0718091524731077,0.0002790457947524392,0.15893959569371094,92,False,45,0,0,0,0,9288,9937,9100,9508,9916,9989,9966,9895,9992,9969,9684,9493,9733,9279,9998,9496,9306,9929,9931,9643,9548,9789,9838,8303,3.033227989911589e-05,0.00018386382433787998,0.00019328962894122711,0.0002497834915008158,5.58532766206873e-05,4.381510775505175e-05,0.00025053291119141207,0.00021607241038302627,6.996726978107637e-05,0.0001535870303686091,0.00012935704716550935,0.0003923456530606973,0.0003923456530606973,0.0002495807388058006,0.00014467528378987727,0.0004485367287859602,0.0005018981295816394,0.0005018981295816394,0.0018498945003000617,0.0018498945003000617,6.840973100515576e-05,8.038821354913395e-05,3.21129534692397e-05,2.2716662184342855e-05,0.013435265683504305,0.11367175531625788,0.007888317212521806,0.02251168948625742,0.10452150269443368,0.08583540596099247,0.1125294723855099,0.06564650981437295,0.12013491442697137,0.15893959569371094,0.02820303100989495,0.0617203375626886,0.0617203375626886,0.014488826356598093,0.08581497201641522,0.021897985088438092,0.07936379024544528,0.07936379024544528,0.14579749350409973,0.14579749350409973,0.035923750701821244,0.07882714296245989,0.07910723412520533,0.0002790457947524392
417,24,0.00032906447705870483,2.1490721315578775e-05,0.0018228657542943092,0.06929727865590429,0.00025579197852306927,0.1456946293859017,93,False,45,0,0,0,0,9288,9937,9100,9508,9916,9989,9966,9895,9992,9969,10018,9493,9733,9279,9998,9496,9306,9929,9931,9643,9548,9789,9838,8303,2.8801286361866515e-05,0.00017955444192695508,0.00018324858806674713,0.0002377796276670822,5.440457965433275e-05,4.245586176918913e-05,0.0002445826796927051,0.00020818875212248337,6.845118765195723e-05,0.00015190109637415542,0.00012651783115768693,0.00037761496791135916,0.00037761496791135916,0.00023705332661848625,0.00014018631951204046,0.00042690797659075165,0.0004854473438067655,0.0004854473438067655,0.0018228657542943092,0.0018228657542943092,6.536725869831072e-05,7.774163144156782e-05,3.10581507621517e-05,2.1490721315578775e-05,0.012315660209878947,0.10419910903990305,0.007230957444811655,0.020635715362402635,0.09581137746989754,0.0786824554642431,0.10315201635338407,0.060175967329841866,0.11012367155805708,0.1456946293859017,0.10918611175907038,0.05657697609913121,0.05657697609913121,0.013281424160214918,0.07866372434838062,0.020073152997734916,0.07275014105832484,0.07275014105832484,0.1336477023787581,0.1336477023787581,0.0329301048100028,0.0722582143822549,0.07251496461477155,0.00025579197852306927
418,24,0.00031999988071703284,2.0330807879573877e-05,0.0017901296168705155,0.07046694987902337,0.00023447598031281348,0.1834206024458145,94,False,45,0,0,0,0,9288,10033,9100,9508,9916,9989,9966,9895,9992,9969,10042,9493,9733,9279,9998,9496,9306,9929,9931,9643,9548,9789,9838,8303,2.7338993628565875e-05,0.00017939162507972514,0.00017369717645923026,0.00022623372946290854,5.286433086635436e-05,4.1056444171402717e-05,0.00023814743820894474,0.00020028561393062262,6.678043653125934e-05,0.00014967736210216785,0.00012657979306467747,0.0003629141516425487,0.0003629141516425487,0.0002250785822389757,0.00013556482814583318,0.0004061145507109601,0.0004686667887793301,0.0004686667887793301,0.0017901296168705155,0.0017901296168705155,6.240774738354051e-05,7.504398033395928e-05,2.9982582425297053e-05,2.0330807879573877e-05,0.011289355192389034,0.17884918328657778,0.006628377657744017,0.018916072415535747,0.08782709601407274,0.07212558417555617,0.09455601499060207,0.05516130338568837,0.10094669892821899,0.13355341027040987,0.1834206024458145,0.05186222809087027,0.05186222809087027,0.01217463881353034,0.07210841398601557,0.018400390247923674,0.06668762930346443,0.06668762930346443,0.1225103938471949,0.1225103938471949,0.030185929409169233,0.06623669651706698,0.06647205089687393,0.00023447598031281348
419,24,0.0003105188250932626,1.923338333489572e-05,0.0017525059361492201,0.06459470405577143,0.00021493631528674568,0.16813555224199664,95,False,46,0,0,0,0,9288,10033,9100,9508,9916,9989,9966,9895,9992,9969,10042,9493,9733,9279,9998,9496,9306,9929,9931,9643,9548,9789,9838,8303,2.5943485310731396e-05,0.0001784145975204382,0.00016461582433917684,0.00021514481558051774,5.125294091951817e-05,3.963030460341067e-05,0.00023132389099220687,0.0001924120438797389,6.49832171205447e-05,0.00014698548253032107,0.0001260516925366215,0.0003483253580124389,0.0003483253580124389,0.00021364250189859227,0.0001308552093070269,0.00038615294512056787,0.00045169862549035135,0.00045169862549035135,0.0017525059361492201,0.0017525059361492201,5.953644964878371e-05,7.23178653283607e-05,2.8895312962829202e-05,1.923338333489572e-05,0.010348575593023282,0.16394508467936297,0.006076012852932015,0.017339733047574434,0.08050817134623334,0.06611511882759316,0.08667634707471855,0.050564528103547675,0.09253447401753406,0.12242395941454237,0.16813555224199664,0.04754037574996441,0.04754037574996441,0.011160085579069478,0.06609937948718093,0.016867024393930032,0.06113032686150906,0.06113032686150906,0.11230119435992866,0.11230119435992866,0.027670435291738463,0.0607169718073114,0.06093271332213443,0.00021493631528674568
420,24,0.0003007195501712998,1.819509643425209e-05,0.0017107740078771475,0.0592118120511238,0.00019702495567951685,0.15412425622183024,96,False,46,0,0,0,0,9288,10033,9100,9508,9916,9989,9966,9895,9992,9969,10042,9493,9733,9279,9998,9496,9306,9929,9931,9643,9548,9789,9838,8303,2.4612723733190522e-05,0.00017670369490525693,0.0001559851347128898,0.0002045091131264721,4.95889083649438e-05,3.818935809276169e-05,0.00022420049112052186,0.0001846101544875604,6.308554759328529e-05,0.00014389276177370316,0.00012498953930302012,0.0003339185601476808,0.0003339185601476808,0.0002027298628503817,0.00012609679552630086,0.0003670148442941862,0.0004346676846782024,0.0004346676846782024,0.0017107740078771475,0.0017107740078771475,5.675725289611279e-05,6.958312055111975e-05,2.7804298939174372e-05,1.819509643425209e-05,0.009486194293604675,0.15028299428941605,0.0055696784485210135,0.015894755293609897,0.07379915706738055,0.0606055255919604,0.07945331815182534,0.046350817428252034,0.08482326784940622,0.11222196279666384,0.15412425622183024,0.04357867777080071,0.04357867777080071,0.010230078447480355,0.060591097863249184,0.015461439027769195,0.0560361329563833,0.0560361329563833,0.10294276149660127,0.10294276149660127,0.02536456568409359,0.055657224156702115,0.05585498721195656,0.00019702495567951685
421,24,0.00029069236806929835,1.721277362432544e-05,0.0016656640182552548,0.05427749438019682,0.00018060620937289043,0.14128056820334436,97,False,46,0,0,0,0,9288,10033,9100,9508,9916,9989,9966,9895,9992,9969,10042,9493,9733,9279,9998,9496,9306,9929,9931,9643,9548,9789,9838,8303,2.3344583597200895e-05,0.00017434077966308985,0.00014778598538375988,0.00019432052474728094,4.788882739769736e-05,3.674405691837892e-05,0.00021685727787191207,0.0001769156904017258,6.11111609867058e-05,0.00014046316691092642,0.0001234509060503368,0.0003197526220169539,0.0003197526220169539,0.00019232452539257093,0.00012132408974162878,0.00034868794223570805,0.00041768248811363345,0.00041768248811363345,0.0016656640182552548,0.0016656640182552548,5.4072856082297215e-05,6.685697510628796e-05,2.6716454779642428e-05,1.721277362432544e-05,0.008695678102470952,0.1377594114319647,0.005105538577810929,0.014570192352475739,0.0676492273117655,0.0555550651259637,0.07283220830583989,0.04248824930923103,0.07775466219528904,0.10287013256360851,0.14128056820334436,0.03994712128990065,0.03994712128990065,0.009377571910190325,0.055541839707978415,0.014172985775455095,0.05136645521001802,0.05136645521001802,0.09436419803855116,0.09436419803855116,0.02325085187708579,0.051019122143643604,0.05120040494429351,0.00018060620937289043
422,24,0.0002808679682256242,1.6703357625539906e-05,0.001617851462083786,0.060171036515180416,0.004680077029660018,0.2096127938126343,98,False,46,0,0,0,0,9288,10129,9100,9508,9916,9989,9966,9895,9992,10137,10042,9493,9733,9279,9998,9496,9306,9929,9931,9643,9548,9789,9838,10151,2.2136880772037548e-05,0.00017582772593677714,0.00013999961190655442,0.00018457104045995276,4.616743690287902e-05,3.530347859111707e-05,0.0002093659416727488,0.00016935860366684173,5.908147753470267e-05,0.00014028356897235637,0.00012149336354392002,0.00030587636300804627,0.00030587636300804627,0.00018240969241679406,0.00011656705594668954,0.000331156663379814,0.00040083639603821525,0.00040083639603821525,0.001617851462083786,0.001617851462083786,5.1484930838025905e-05,6.415423848824147e-05,2.56377264998937e-05,1.6703357625539906e-05,0.007971038260598372,0.2096127938126343,0.004680077029660018,0.013356009656436093,0.0620117917024517,0.050925476365466724,0.06676285761368657,0.038947561866795107,0.07127510701234828,0.1776309548499745,0.12950718751973234,0.03661819451574226,0.03661819451574226,0.008596107584341131,0.05091335306564688,0.012991903627500504,0.047085917275849855,0.047085917275849855,0.08650051486867188,0.08650051486867188,0.021313280887328638,0.0467675286316733,0.04693370453226905,0.0834988890252585
423,24,0.0002709330829879086,1.617459205544505e-05,0.0015679540378884214,0.055156783472248706,0.004290070610521683,0.19214506099491477,99,False,46,0,0,0,0,9288,10129,9100,9508,9916,9989,9966,9895,9992,10137,10042,9493,9733,9279,9998,9496,9306,9929,9931,9643,9548,9789,9838,10151,2.0987396775950848e-05,0.00017638341521032373,0.00013260767406395702,0.00017525109889367,4.443770001484725e-05,3.3875424005549235e-05,0.0002017900628849269,0.00016196362128597882,5.7015635677831095e-05,0.00013947193885107127,0.00011917322281802485,0.0002923295925506641,0.0002923295925506641,0.00017296813122950658,0.0001118514433787643,0.00031440279393613025,0.0003842088232085061,0.0003842088232085061,0.0015679540378884214,0.0015679540378884214,4.899426724716783e-05,6.148749637649487e-05,2.4573169708982595e-05,1.617459205544505e-05,0.0073067850722151745,0.19214506099491477,0.004290070610521683,0.012243008851733085,0.056844142393914054,0.0466816866683445,0.06119928614587935,0.035701931711228846,0.06533551476131925,0.16282837527914326,0.11871492189308797,0.033566678306097074,0.033566678306097074,0.007879765285646037,0.046670573643509634,0.011909244991875461,0.043162090836195696,0.043162090836195696,0.07929213862961589,0.07929213862961589,0.019537174146717916,0.042870234579033856,0.04302256248791329,0.07654064827315361
424,24,0.00026095377429588296,1.5632069361573592e-05,0.0015165305515747393,0.05056038484956132,0.0039325647263115425,0.17613297257867186,100,False,46,0,0,0,0,9288,10129,9100,9508,9916,9989,9966,9895,9992,10137,10042,9493,9733,9279,9998,9496,9306,9929,9931,9643,9548,9789,9838,10151,1.9893899458398635e-05,0.00017607727722290597,0.00012559230814898718,0.00016634990258547705,4.271090509422272e-05,3.246652098906368e-05,0.0001941854781935482,0.00015475079379915983,5.493056749374665e-05,0.0001380912767258773,0.00011654456165009441,0.00027914409826466794,0.00027914409826466794,0.00016398236200897894,0.00010719912849150662,0.0002984060320681551,0.00036786647828538927,0.00036786647828538927,0.0015165305515747393,0.0015165305515747393,4.66009048587841e-05,5.886730968736045e-05,2.3527029013757593e-05,1.5632069361573592e-05,0.006697886316197243,0.17613297257867186,0.0039325647263115425,0.01122275811408866,0.05210713052775455,0.04279154611264912,0.056099345633722736,0.032726770735293106,0.059890888531209316,0.1492593440058813,0.10882201173533063,0.030769455113922317,0.030769455113922317,0.007223118178508866,0.04278135917321716,0.010916807909219173,0.039565249933179385,0.039565249933179385,0.07268446041048122,0.07268446041048122,0.01790907630115809,0.039297715030781034,0.03943734894725385,0.07016226091705748
425,24,0.00025114669906891793,1.5080777301599522e-05,0.0014640814034677305,0.053291463889875657,0.0036048509991189136,0.16145522486378253,101,False,48,0,0,0,0,9288,10129,9100,9508,9916,9989,9966,9895,9992,10137,10042,9493,9733,9279,10214,9496,9306,9929,9931,9643,10220,9789,9838,10151,1.8854160347646615e-05,0.00017498512305193548,0.00011893616706831688,0.000157855691813907,4.099678061264275e-05,3.108232950275118e-05,0.00018660073570397068,0.00014773601691181915,5.284110635171381e-05,0.00013620563599386594,0.00011365850552606133,0.0002663445764402632,0.0002663445764402632,0.0001554348168754457,0.00010527524150377192,0.00028314446496588506,0.0003518645918900857,0.0003518645918900857,0.0014640814034677305,0.0014640814034677305,4.544685246513423e-05,5.63024114351497e-05,2.2502816626254637e-05,1.5080777301599522e-05,0.006139729123180806,0.16145522486378253,0.0036048509991189136,0.010287528271247938,0.04776486965044167,0.039225583936595025,0.05142440016424584,0.029999539840685346,0.054899981153608536,0.13682106533872454,0.09975351075738641,0.02820533385442879,0.02820533385442879,0.006621191663633127,0.12254957924211574,0.01000707391678424,0.0362681457720811,0.0362681457720811,0.06662742204294111,0.06662742204294111,0.09974998660939492,0.03602290544488261,0.03615090320164936,0.06431540584063601
426,24,0.0002416550598105091,1.452512080379916e-05,0.0014110502838654,0.052322730787941564,0.0033044467491923375,0.14800062279180065,102,False,48,0,0,0,0,9288,10129,9100,9508,9916,9989,9966,9895,9992,10137,10042,10235,9733,9279,10214,9496,9306,9929,9931,9643,10220,9789,9838,10151,1.786596908206082e-05,0.00017318628656932792,0.00011262245003884524,0.00014975598123012835,3.9303617877828186e-05,2.9727445632384477e-05,0.0001790776067409168,0.00014093152088930793,5.076011658858435e-05,0.00013387851503143943,0.00011056272987288616,0.0002604988334639141,0.00025394949791787864,0.000147307973177578,0.00010306377196078319,0.00026859498043355816,0.0003362481075784662,0.0003362481075784662,0.0014110502838654,0.0014110502838654,4.4208949339724814e-05,5.379989736956602e-05,2.1503388543973773e-05,1.452512080379916e-05,0.005628085029582405,0.14800062279180065,0.0033044467491923375,0.009430234248643943,0.04378446384623819,0.03595678527521211,0.04713903348389202,0.0274995781872949,0.050324982724141154,0.12541930989383082,0.09144071819427087,0.10918822269989306,0.025854889366559723,0.006069425691663699,0.11233711430527275,0.009173151090385554,0.033245800291074344,0.033245800291074344,0.06107513687269602,0.06107513687269602,0.09143748772527867,0.03302099665780906,0.033138327934845245,0.058955788687249676
427,24,0.0002322115917213752,1.3968951877731192e-05,0.0013578267547156085,0.04796250322227977,0.0030290761867596424,0.13566723755915058,103,False,48,0,0,0,0,9288,10129,9100,9508,9916,9989,9966,9895,9992,10137,10042,10235,9733,9279,10214,9496,9306,9929,9931,9643,10220,9789,9838,10151,1.6927145300242357e-05,0.00017076120844547162,0.00010663492343179099,0.00014203776328014145,3.763839680800468e-05,2.8405602252212724e-05,0.00017165162857750115,0.00013434632456806034,4.869863685456586e-05,0.0001311715814974274,0.00010730114958346791,0.0002540740195048733,0.00024197190577850806,0.00013958446424078527,0.00010061055573286603,0.00025473362011188517,0.0003210528173807006,0.0003210528173807006,0.0013578267547156085,0.0013578267547156085,4.290475460643494e-05,5.1365407525215376e-05,2.0531017143201477e-05,1.3968951877731192e-05,0.005159077943783871,0.13566723755915058,0.0030290761867596424,0.00864438139459028,0.040135758525718344,0.03296038650227776,0.04321078069356769,0.02520794667168699,0.04613123416379605,0.11496770073601158,0.08382065834474829,0.10008920414156863,0.023700315252679745,0.005563640217358391,0.10297568811316668,0.008408721832853424,0.030475316933484813,0.030475316933484813,0.055985542133304686,0.055985542133304686,0.08381769708150544,0.030269246936324972,0.03037680060694147,0.05404280629664553
428,24,0.00022286113036874472,1.3415604950990761e-05,0.0013047494463921158,0.04396562795375645,0.002776653171196339,0.12436163442922137,104,False,48,0,0,0,0,9288,10129,9100,9508,9916,9989,9966,9895,9992,10137,10042,10235,9733,9279,10214,9496,9306,9929,9931,9643,10220,9789,9838,10151,1.60355483249108e-05,0.0001677894587053667,0.00010095793412340332,0.0001346876821219954,3.6006911067985384e-05,2.7119764859659483e-05,0.0001643526578183122,0.00012798665249859063,4.6666030441492856e-05,0.00012814370050657516,0.00010391376300252658,0.0002471769134579517,0.00023042014382177646,0.00013224717048606032,9.795854234070242e-05,0.00024153588091797534,0.0003063064295670604,0.0003063064295670604,0.0013047494463921158,0.0013047494463921158,4.155026130890869e-05,4.900329676864031e-05,1.9587459407696662e-05,1.3415604950990761e-05,0.004729154781801882,0.12436163442922137,0.002776653171196339,0.007924016278374423,0.03679111198190848,0.030213687627087947,0.03960988230243705,0.023107284449046406,0.04228696465014638,0.10538705900801061,0.07683560348268594,0.09174843712977124,0.021725288981623098,0.005100003532578524,0.09439438077040278,0.007707995013448972,0.027935707189027745,0.027935707189027745,0.051320080288862625,0.051320080288862625,0.07683288899137998,0.027746809691631222,0.027845400556363014,0.049539239105258405
429,24,0.0002136423292774222,1.2867935492379327e-05,0.0012521096466303282,0.04030182562427674,0.0025452654069299772,0.11399816489345291,105,False,48,0,0,0,0,9288,10129,9100,9508,9916,9989,9966,9895,9992,10137,10042,10235,9733,9279,10214,9496,9306,9929,9931,9643,10220,9789,9838,10151,1.5189084938293434e-05,0.0001643481738207495,9.55764165374494e-05,0.0001276921814426751,3.44138898132591e-05,2.5872221578510998e-05,0.00015720541889555355,0.00012185631500454047,4.467013736465238e-05,0.00012485023181138842,0.00010043661992971577,0.00023990591631465181,0.00021929851672961487,0.00012527929351458233,9.51474661286957e-05,0.00022897697073872626,0.0002920295611014265,0.0002920295611014265,0.0012521096466303282,0.0012521096466303282,4.0159883634146925e-05,4.671679318512397e-05,1.8674020319914484e-05,1.2867935492379327e-05,0.0043350585499850585,0.11399816489345291,0.0025452654069299772,0.007263681588509888,0.0337251859834161,0.027695880324830616,0.036309058777233956,0.02118167741162587,0.038763050929300845,0.09660480409067639,0.07043263652579544,0.08410273403562363,0.019914848233154505,0.004675003238196981,0.08652818237286922,0.007065662095661557,0.0256077315899421,0.0256077315899421,0.04704340693145741,0.04704340693145741,0.07043014824209831,0.02543457555066195,0.02552495050999943,0.0454109691798202
430,24,0.0002045880679272358,1.2328360215299545e-05,0.0012001551022063585,0.036943340155587014,0.002333159956352479,0.1044983178189985,106,False,49,0,0,0,0,9288,10129,9100,9508,9916,9989,9966,9895,9992,10137,10042,10235,9733,9279,10214,9496,9306,9929,9931,9643,10220,9789,9838,10151,1.438571551276287e-05,0.00016051087134661524,9.047589441015379e-05,0.00012103762928038125,3.28631140642961e-05,2.46646667261775e-05,0.00015023003613398014,0.00011595705188363495,4.2717424218948494e-05,0.00012134255853040212,9.690188631321969e-05,0.00023235069074548632,0.00020860788420530894,0.00011866441546423733,9.221366320098787e-05,0.00021703202387145896,0.0002782366510018776,0.0002782366510018776,0.0012001551022063585,0.0012001551022063585,3.8746482794467326e-05,4.450814373897992e-05,1.7791611180387905e-05,1.2328360215299545e-05,0.0039738036708196365,0.1044983178189985,0.002333159956352479,0.006658374789467397,0.030914753818131427,0.0253878902977614,0.03328330387913112,0.019416537627323715,0.03553279668519244,0.08855440374978668,0.06456325014864582,0.07709417286598833,0.018255277547058295,0.004285419635013899,0.07931750050846345,0.006476856921023094,0.023473753957446924,0.023473753957446924,0.04312312302050262,0.04312312302050262,0.06456096922192345,0.023315027588106788,0.02339787130083281,0.04162672174816852
431,24,0.00019576974911487003,1.1798897533379837e-05,0.0011490938922863385,0.03733695069817699,0.0021387299599897724,0.11590506362809308,107,False,48,0,0,0,0,9288,10129,9100,9508,9916,9989,9966,9895,10352,10137,10042,10235,9733,9279,10214,9496,9306,9929,9931,9643,10220,9789,9838,10151,1.362345872953482e-05,0.0001563465978333602,8.564247817150276e-05,0.00011471042266668903,3.13575263660934e-05,2.349827765150692e-05,0.00014344254115101598,0.00011028884115121462,4.186569593732993e-05,0.0001176678099960796,9.333798176339414e-05,0.00022459208013380326,0.00019834619234334092,0.0001123865456798075,8.919000656484401e-05,0.00020567628118094012,0.00026493679370517717,0.00026493679370517717,0.0011490938922863385,0.0011490938922863385,3.732142202360186e-05,4.237874709310271e-05,1.694080280330869e-05,1.1798897533379837e-05,0.003642653364918,0.0957901246674153,0.0021387299599897724,0.006103510223678447,0.02833852433328714,0.02327223277294795,0.03050969522253686,0.01779849282504674,0.11590506362809308,0.08117487010397112,0.059182979302925334,0.0706696584604893,0.01673400441813677,0.003928301332096073,0.07270770879942483,0.005937118844271169,0.021517607794326345,0.021517607794326345,0.03952952943546073,0.03952952943546073,0.05918088845342982,0.021372108622431222,0.021448048692430076,0.038157828269154474
432,24,0.00018834073198001916,1.128120726322155e-05,0.0011274439144131581,0.03769776036221779,0.001960502463323958,0.119568735315839,108,False,48,0,0,0,0,9288,10129,9100,9508,9916,9989,9966,9895,10352,10137,10042,10235,9733,9279,10214,9496,9306,9929,9931,10387,10220,9789,9838,10151,1.2900395090277572e-05,0.00015191936285345082,8.106285871610532e-05,0.00010869707462456889,2.9899332894712155e-05,2.2373784787127168e-05,0.00013685535005121974,0.00010485017468769522,4.0910034411716714e-05,0.00011386874314873594,8.976976952972473e-05,0.00021670224574895288,0.00018850894611289473,0.000106430156498345,8.610593447077263e-05,0.00019488523944273878,0.0002521344936785209,0.0002521344936785209,0.0010990982653880145,0.0011274439144131581,3.5894642547681815e-05,4.0329273810017045e-05,1.6121873672286555e-05,1.128120726322155e-05,0.0033390989178415,0.08780761427846402,0.001960502463323958,0.005594884371705243,0.025976980638846545,0.02133288004186895,0.02796722062065879,0.016315285089626177,0.10624630832575199,0.07441029759530686,0.054251064361014886,0.06478052025544852,0.015339504049958704,0.0036009428877547336,0.06664873306613943,0.005442358940581905,0.019724473811465817,0.019724473811465817,0.03623540198250567,0.119568735315839,0.054249147748977336,0.019591099570561953,0.019660711301394237,0.034978009246724936
433,24,0.00018096544423915365,1.0776628839481495e-05,0.0011028390499436156,0.03455628033203297,0.0017971272580469613,0.10960467403951908,109,False,48,0,0,0,0,9288,10129,9100,9508,9916,9989,9966,9895,10352,10137,10042,10235,9733,9279,10214,9496,9306,9929,9931,10387,10220,9789,9838,10151,1.2214669401339535e-05,0.0001472878122898764,7.672429823052813e-05,0.00010298428579578362,2.849009757054219e-05,2.1291535036949312e-05,0.00013047770702440963,9.963830294289188e-05,3.986818436557273e-05,0.00010998374990875043,8.62187819628614e-05,0.00020874496844890556,0.00017908962720144796,0.00010078020973424059,8.298754989404912e-05,0.00018463477387427898,0.0002398303440711016,0.0002398303440711016,0.0010503083597522157,0.0011028390499436156,3.447475374274347e-05,3.835977439876707e-05,1.5334853238234104e-05,1.0776628839481495e-05,0.0030608406746880415,0.08049031308859202,0.0017971272580469613,0.005128644007396472,0.023812232252275998,0.01955514003837987,0.025636618902270557,0.014955677998823995,0.097392449298606,0.06820943946236462,0.04973014233093031,0.05938214356749447,0.014061212045795479,0.0033008643137751722,0.06109467197729447,0.004988829028866746,0.01808076766051033,0.01808076766051033,0.033215785150630193,0.10960467403951908,0.04972838543656256,0.01795850793968179,0.018022318692944718,0.03206317514283119
434,24,0.00017394596368765504,1.028621752966744e-05,0.0010757646500667978,0.03862103474880801,0.0016473666532097146,0.12891929713668612,110,False,49,0,0,0,0,9288,10129,9100,9508,9916,9989,9966,9895,10352,10137,10426,10235,10428,9279,10214,9496,9306,9929,9931,10387,10220,9789,9838,10151,1.1564492387789548e-05,0.00014250509653504566,7.261461865069802e-05,9.755900272669546e-05,2.713082804394703e-05,2.0251548746472974e-05,0.00012431609264025318,9.464945101047083e-05,3.875663510128838e-05,0.00010604696159960342,8.483638286789404e-05,0.00020077606915324146,0.000174466411677889,9.542217525346137e-05,7.985777218830205e-05,0.00017490123741989644,0.00022802163326654987,0.00022802163326654987,0.0010028357499857776,0.0010757646500667978,3.306913193842206e-05,3.6469775838249845e-05,1.4579560608757598e-05,1.028621752966744e-05,0.0028057706184640378,0.07378278699787601,0.0016473666532097146,0.004701257006780099,0.02182787956458633,0.017925545035181546,0.02350023399374801,0.013709371498921994,0.0892764118570555,0.06252531950716757,0.12891929713668612,0.0544336316035366,0.09622277770864586,0.0030257922876272413,0.05600344931251993,0.004573093276461183,0.01657403702213447,0.01657403702213447,0.030447803054744343,0.10047095120289248,0.045584353316849006,0.016461965611374973,0.016520458801865992,0.02939124388092859
435,24,0.00016699559342320814,9.810778315313345e-06,0.0010466737981613635,0.03540261518640733,0.0015100860987755716,0.1181760223752956,111,False,49,0,0,0,0,9288,10129,9100,9508,9916,9989,9966,9895,10352,10137,10426,10235,10428,9279,10214,9496,9306,9929,9931,10387,10220,9789,9838,10151,1.0948141574391429e-05,0.00013761889312629793,6.872218824120798e-05,9.240846461597078e-05,2.5822053648224346e-05,1.9253570590653594e-05,0.00011837459642161136,8.987900844620357e-05,3.7590526943491714e-05,0.00010208842538282196,8.3202573484531e-05,0.00019284390988968115,0.00016954662650426705,9.034204285192144e-05,7.673652496293078e-05,0.00016566153995593389,0.00021670288388505964,0.00021670288388505964,0.0009567667815890416,0.0010466737981613635,3.168402344545969e-05,3.4658367313864504e-05,1.3855638921693413e-05,9.810778315313345e-06,0.002571956400258701,0.06763422141471967,0.0015100860987755716,0.004309485589548424,0.020008889600870803,0.016431749615583083,0.021541881160935673,0.012566923874011827,0.08183671086896753,0.0573148762149036,0.1181760223752956,0.049897495636575216,0.08820421289959203,0.002773642930324971,0.05133649520314327,0.004192002170089418,0.015192867270289932,0.015192867270289932,0.027910486133515648,0.09209837193598477,0.04178565720711159,0.015090135143760392,0.015143753901710492,0.026941973557517873
436,24,0.00019156632324911107,9.350897248188764e-06,0.001015984243807299,0.04335480630801048,0.001384245590544274,0.10891794562238935,112,False,53,0,0,0,0,9288,10129,9100,9508,9916,9989,9966,9895,10352,10137,10426,10235,10428,9279,10214,9496,9306,10482,9931,10387,10220,10485,9838,10151,1.0363961552799339e-05,0.0001326715479641691,6.50359067168963e-05,8.752024012125933e-05,2.4563895581305847e-05,1.8297114769664168e-05,0.00011265525424122701,8.532169518980787e-05,3.6383609203501244e-05,9.813433152897926e-05,8.135505344991071e-05,0.0001849899442133238,0.00016439593609937067,8.552632849741793e-05,7.364094706458217e-05,0.000156893210216429,0.00020586632917524858,0.0009356903435341232,0.0009356903435341232,0.001015984243807299,3.0324648361050784e-05,3.3773390188110626e-05,1.3162585719878202e-05,9.350897248188764e-06,0.0023576267002371424,0.06199803629682636,0.001384245590544274,0.003950361790419388,0.01834148213413157,0.015062437147617826,0.019746724397524368,0.011519680217844174,0.07501698496322023,0.0525386365303283,0.10832802051068763,0.04573937100019394,0.08085386182462602,0.0025425060194645566,0.04705845393621466,0.003842668655915299,0.01392679499776577,0.10891794562238935,0.10891794562238935,0.08442350760798605,0.038303519106518955,0.0971659572151137,0.013881774409901284,0.024696809094391384
437,24,0.00018524502369476436,8.906970200366283e-06,0.0009840768204033821,0.043214128004565165,0.001268891791332251,0.18263401880146368,113,False,53,0,0,0,0,9288,10129,9100,9508,9916,9989,9966,9895,10352,10137,10498,10235,10428,9279,10214,9496,9306,10482,9931,10387,10220,10485,9838,10151,9.810363738465679e-06,0.00012770030415203392,6.154518926473248e-05,8.288225563430917e-05,2.3356129693449703e-05,1.7381504933934652e-05,0.00010715835178119919,8.097170588261628e-05,3.514823919136477e-05,9.42072740039806e-05,8.137533645222578e-05,0.0001772492920713934,0.00015907388422506123,8.096207585643898e-05,7.058561610334071e-05,0.00014857444290839865,0.0001955023319004947,0.0009125438566624524,0.0009125438566624524,0.0009840768204033821,2.899530254040803e-05,3.282968475751732e-05,1.2499779654326165e-05,8.906970200366283e-06,0.0021611578085507137,0.05683153327209083,0.001268891791332251,0.0036211649745511057,0.016813025289620604,0.013807234051983006,0.018101164031064,0.01055970686635716,0.06876556954961854,0.04816041681946761,0.18263401880146368,0.04192775675017778,0.07411604000590719,0.00233063051784251,0.04313691610819677,0.0035224462679223573,0.012766228747951955,0.0998414501538569,0.0998414501538569,0.07738821530732054,0.03511155918097571,0.08906879411385422,0.012724959875742844,0.022638741669858766
438,24,0.00017882439243804574,8.479229010470518e-06,0.0009512950566910264,0.0396129506708514,0.0011631508087212301,0.16741451723467504,114,False,53,0,0,0,0,9288,10129,9100,9508,9916,9989,9966,9895,10352,10137,10498,10235,10428,9279,10214,9496,9306,10482,9931,10387,10220,10485,9838,10151,9.285825706806331e-06,0.00012273759232930975,5.82399497697839e-05,7.848281626444366e-05,2.2198242333774036e-05,1.6505909272204207e-05,0.00010188269577426905,7.682283476854733e-05,3.3895412948373765e-05,9.032653018575865e-05,8.101798081242348e-05,0.00016965131967053634,0.0001536339113236708,7.663685390487335e-05,6.758277622019422e-05,0.00014068413318663232,0.00018559975081992516,0.0008877102915115228,0.0008877102915115228,0.0009512950566910264,2.769945582203022e-05,3.18400548326463e-05,1.1866503842352366e-05,8.479229010470518e-06,0.0019810613245048207,0.05209557216608326,0.0011631508087212301,0.0033194012266718467,0.015411939848818886,0.012656631214317756,0.016592733695142,0.00967973129416073,0.06303510542048366,0.04414704875117864,0.16741451723467504,0.0384337770209963,0.06793970333874826,0.0021364113080223008,0.03954217309918037,0.0032289090789288273,0.011702376352289292,0.09152132930770215,0.09152132930770215,0.07093919736504382,0.0321855959158944,0.08164639460436637,0.011664546552764273,0.020752179864037202
439,24,0.00017235110437287268,8.067765089936136e-06,0.0009179457215104229,0.03631187144828045,0.0010662215746611275,0.15346330746511877,115,False,56,0,0,0,0,9288,10129,9100,9508,9916,9989,9966,9895,10352,10137,10498,10235,10428,9279,10214,9496,9306,10482,9931,10387,10220,10485,9838,10151,8.788890185886263e-06,0.00011781136092569443,5.5110583501904224e-05,7.431062061791147e-05,2.1089479752652516e-05,1.5669371194739075e-05,9.682585505498444e-05,7.28685832367571e-05,3.263481960833104e-05,8.650834848544546e-05,8.03190739194997e-05,0.00016222020959391831,0.00014812350592930806,7.253875131372021e-05,6.464256373491436e-05,0.00013320190038941608,0.00017614625973672688,0.0008615424526159201,0.0008615424526159201,0.0009179457215104229,2.6439845169173073e-05,3.081612456699369e-05,1.1261966198768822e-05,8.067765089936136e-06,0.0018159728807960855,0.047754274485576315,0.0010662215746611275,0.003042784457782526,0.01412761152808398,0.011601911946457943,0.015210005887213501,0.008873087019647334,0.05778217996877668,0.040468128021913755,0.15346330746511877,0.0352309622692466,0.062278061393852564,0.0019583770323537758,0.036246992007582,0.002959833322351425,0.01072717832293185,0.08389455186539364,0.08389455186539364,0.06502759758462351,0.0295034629229032,0.07484252838733584,0.010692501006700583,0.019022831542034102
440,24,0.00016596567891024097,7.672550596745355e-06,0.0008843000736071565,0.036758104383145966,0.0009773697767727003,0.1406746985096922,116,False,54,0,0,0,0,9288,10129,9100,9508,9916,9989,10566,9895,10352,10137,10498,10235,10428,9279,10214,9496,9306,10482,9931,10387,10220,10485,9838,10151,8.318163772100347e-06,0.00011294542890873119,5.214794947892532e-05,7.03547703242061e-05,2.002889157707632e-05,1.4870836032196802e-05,9.435664265015575e-05,6.910225192088285e-05,3.137491252992313e-05,8.276623520985048e-05,7.931565357653586e-05,0.00015497551034813787,0.00014258445536920484,6.865636820588599e-05,6.177322595260398e-05,0.000126108102696622,0.0001671286238729349,0.0008343617149398248,0.0008343617149398248,0.0008843000736071565,2.5218561854443834e-05,2.9768338437378583e-05,1.0685317044436186e-05,7.672550596745355e-06,0.0016646418073964116,0.04377475161177829,0.0009773697767727003,0.002789219086300649,0.012950310567410315,0.010635085950919781,0.09727583872994572,0.00813366310134339,0.05296699830471195,0.037095784020087605,0.1406746985096922,0.032295048746809385,0.05708822294436485,0.0017951789463242945,0.0332264093402835,0.002713180545488806,0.009833246796020862,0.07690333920994417,0.07690333920994417,0.05960863111923821,0.027044841012661264,0.06860565102172451,0.009801459256142201,0.017437595580197925
441,24,0.00016061628399001787,7.481554945599161e-06,0.0008505956215268837,0.05452826235121713,0.0008959222953749752,0.21228514030055118,117,False,55,0,0,0,0,9288,10129,9100,9508,9916,9989,10566,9895,10352,10137,10594,10235,10428,9279,10214,9496,9306,10482,10602,10387,10604,10605,10606,10607,7.872315425870419e-06,0.00010815984726430958,4.934335268678647e-05,6.660477513884538e-05,1.9015368878100815e-05,1.4109174151919219e-05,9.172292609854434e-05,6.551701911952053e-05,3.0122991514750174e-05,7.911123417580548e-05,8.005747822586738e-05,0.00014793265775704122,0.00013705316636766963,6.497880579672409e-05,5.898132976441474e-05,0.00011938384415791155,0.00015853293805939033,0.0008064577581120832,0.000827256233812506,0.0008505956215268837,2.465704773866901e-05,2.944631285871529e-05,1.039706218250128e-05,7.481554945599161e-06,0.001525921656780044,0.0401268556441301,0.0008959222953749752,0.0025567841624422613,0.011871118020126121,0.009748828788343133,0.08916951883578357,0.007455857842898107,0.04855308177931929,0.0340044686850803,0.21228514030055118,0.029603794684575267,0.05233087103233444,0.0016455807007972698,0.030457541895259874,0.002487082166698072,0.009013809563019124,0.07049472760911549,0.15382806094244883,0.054641245192635024,0.1081244375949395,0.14622184676991415,0.09231800431813036,0.09931779594851478
442,24,0.000155179874374356,7.276887824797935e-06,0.0008170382307002213,0.04998424048861571,0.0008212621040937272,0.1945947119421719,118,False,56,0,0,0,0,9288,10129,9100,9508,9916,9989,10566,9895,10352,10137,10594,10235,10428,9279,10214,9496,9306,10482,10602,10387,10604,10605,10606,10607,7.450074796113716e-06,0.00010347125861920579,4.6688526306518086e-05,6.305055434407993e-05,1.8047677338316733e-05,1.338320087011748e-05,8.896050668624605e-05,6.210600715113575e-05,2.8885291498601125e-05,7.555219439574805e-05,8.037062866070364e-05,0.00014110346323584273,0.00013156103126161408,6.149565435788407e-05,5.6271957781489865e-05,0.0001130109753491867,0.0001503448309246641,0.000778089078849335,0.0008170048467405751,0.0008170382307002213,2.404175404086952e-05,2.9019522780461117e-05,1.0092830470816784e-05,7.276887824797935e-06,0.0013987615187150402,0.03678295100711926,0.0008212621040937272,0.002343718815572073,0.01088185818511561,0.008936426389314538,0.08173872559946826,0.0068345363559899315,0.04450699163104268,0.03117076296132361,0.1945947119421719,0.027136811794193996,0.04796996511297324,0.0015084489757308307,0.02791941340398822,0.0022798253194732322,0.008262658766100862,0.06462016697502253,0.1410090558639114,0.05008780809324877,0.09911406779536121,0.1340366928724213,0.0846248372916195,0.09104131295280521
443,24,0.00015053515123268567,7.050230415026044e-06,0.0008040186932353788,0.04929110933678662,0.0007528235954192499,0.1783784859469909,119,False,57,0,0,0,0,9288,10129,9100,9508,9916,9989,10566,9895,10352,10137,10594,10235,10428,9279,10214,9496,9306,10482,10602,10651,10604,10605,10606,10607,7.050230415026044e-06,9.889324709796164e-05,4.4175614071709195e-05,5.9682435073354e-05,1.7124486006812127e-05,1.2691693512334416e-05,8.610189170054078e-05,5.886233810807483e-05,2.7667074057663835e-05,7.209602263175352e-05,8.028620204333978e-05,0.00013449656605427464,0.00012613482018127982,5.819697988015034e-05,5.3648890622027705e-05,0.00010697208874769473,0.00014254963894457269,0.0007494840896804357,0.000803988578864626,0.0008040186932353788,2.3382728021754438e-05,2.8501477614952288e-05,9.776412062163477e-06,7.061430956575185e-06,0.0012821980588221202,0.033717705089859315,0.0007528235954192499,0.0021484089142744,0.009975036669689309,0.008191724190204993,0.0749271651328459,0.006264991659657437,0.04079807566178912,0.028573199381213308,0.1783784859469909,0.024875410811344496,0.04397246802022547,0.001382744894419928,0.02559279562032253,0.002089839876183796,0.00757410386892579,0.059235153060437314,0.12925830120858545,0.12924715741881138,0.09085456214574777,0.12286696846638617,0.07757276751731787,0.08345453687340477
444,24,0.00014588864923709531,6.671627798444135e-06,0.0007886070293033995,0.059072405780943284,0.000690088295800979,0.24684694545140834,120,False,55,0,0,0,0,9288,10129,9100,9508,10660,9989,10566,9895,10352,10137,10666,10235,10428,9279,10214,9496,9306,10482,10602,10651,10676,10605,10606,10679,6.671627798444135e-06,9.443667273512297e-05,4.1797152857493136e-05,5.649114810090319e-05,1.66633335671059e-05,1.2033405947148697e-05,8.317629326820115e-05,5.577918033157833e-05,2.647271889943306e-05,6.874791880071946e-05,8.18974353607267e-05,0.0001281178483106264,0.00012079708366480001,5.507330975522622e-05,5.111477466075401e-05,0.00010125050976824526,0.0001351325538872926,0.0007208426402930231,0.0007885799535588787,0.0007886070293033995,2.3274369376980403e-05,2.79052405425583e-05,9.451226807119513e-06,7.014154094506806e-06,0.0011753482205869433,0.030907896332371038,0.000690088295800979,0.0019693748380848666,0.09247711694721521,0.00750908050768791,0.06868323470510874,0.005742909021352651,0.03739823602330669,0.026192099432778865,0.24684694545140834,0.02280245991039912,0.04030809568520668,0.0012675161532182673,0.023460062651962318,0.0019156865531684798,0.006942928546515307,0.05429889030540087,0.11848677610786999,0.11847656096724375,0.16661668196693546,0.11262805442752065,0.07110837022420805,0.15983332546728773
445,24,0.0001412116347956173,6.3131674815961e-06,0.0007711608574444051,0.06109414974364247,0.000632580937817564,0.22627636666379097,121,False,57,0,0,0,0,9288,10129,9100,9508,10660,9989,10566,9895,10352,10689,10666,10235,10428,9279,10214,9496,9306,10482,10602,10651,10676,10605,10702,10679,6.3131674815961e-06,9.010998658155194e-05,3.95460555827123e-05,5.3467821563529055e-05,1.617646342306096e-05,1.1407080890377182e-05,8.020970201130212e-05,5.284978679461131e-05,2.5305813211757518e-05,6.720113145678621e-05,8.301755749093541e-05,0.00012197081256373308,0.00011556655373568357,5.211561774791722e-05,4.8671275077888895e-05,9.583028427284514e-05,0.00012807874686735166,0.000692337824957829,0.0007711365870518008,0.0007711608574444051,2.3068435884859524e-05,2.724323497426968e-05,9.35554194515318e-06,6.938896082857929e-06,0.0010774025355380313,0.02833223830467345,0.000632580937817564,0.0018052602682444609,0.08477069053494728,0.006883323798713917,0.06295963181301635,0.0052643332695732625,0.034281716354697796,0.10734275781338064,0.22627636666379097,0.020902254917865862,0.036949087711439454,0.001161889807116745,0.021505057430965455,0.0017560460070711063,0.006364351167639031,0.04977398277995079,0.10861287809888082,0.10860351421997344,0.15273195846969084,0.10324238322522726,0.1485160060388574,0.14651388167834709
446,24,0.00013730600682400302,5.973803015318343e-06,0.0007714126418959447,0.06294741504278337,0.0005798658596661004,0.20742000277514172,122,False,58,0,0,0,0,9288,10129,9100,9508,10660,9989,10566,9895,10352,10689,10666,10235,10428,9279,10718,9496,9306,10482,10602,10723,10676,10605,10702,10679,5.973803015318343e-06,8.591952409900146e-05,3.741559449035345e-05,5.060397301629765e-05,1.5669958337231652e-05,1.0811460249804065e-05,7.722501640323621e-05,5.006752645308249e-05,2.416923733003208e-05,6.550984523769257e-05,8.366953226756669e-05,0.00011605692297480637,0.00011045853448956183,4.9315308488035455e-05,4.7513782965055296e-05,9.06961632518378e-05,0.00012137347191153111,0.0006641179645643629,0.0007519964631211401,0.0007714126418959447,2.277557764379298e-05,2.652710667768492e-05,9.225870667140158e-06,6.838884225562076e-06,0.000987618990909862,0.02597121844595066,0.0005798658596661004,0.0016548219125574223,0.07770646632370166,0.006309713482154424,0.05771299582859832,0.004825638830442157,0.03142490665847298,0.09839752799559891,0.20742000277514172,0.01916040034137704,0.0338699970688195,0.0010650656565236829,0.10304630264505167,0.0016097088398151808,0.005833988570335778,0.04562615088162156,0.09956180492397408,0.18288655470164233,0.14000429526388328,0.09463885128979165,0.13613967220228593,0.13430439153848484
447,24,0.00013400091963133878,5.652538943723786e-06,0.0007680793495912766,0.06464624156699585,0.0005315437046939254,0.1901350025438799,123,False,57,0,0,0,0,9288,10129,9100,9508,10660,9989,10566,9895,10352,10737,10666,10235,10428,9279,10718,9496,9306,10745,10602,10723,10676,10605,10702,10679,5.652538943723786e-06,8.186977558019777e-05,3.539938485721407e-05,4.789150016670155e-05,1.514930789877525e-05,1.02452937542569e-05,7.424221162824378e-05,4.742590950924575e-05,2.3065245662591303e-05,6.534417276352708e-05,8.388242792753583e-05,0.00011037591145535764,0.00010548527574513744,4.6664201674825846e-05,4.626227282543218e-05,8.583358527462956e-05,0.00011500215164539689,0.0006527190198443877,0.0007314746676361464,0.0007680793495912766,2.2406417567289738e-05,2.576763351268945e-05,9.06651289990798e-06,6.717302787640321e-06,0.0009053174083340401,0.023806950242121438,0.0005315437046939254,0.0015169200865109704,0.07123092746339318,0.005783904025308222,0.05290357950954846,0.004423502261238644,0.028806164436933564,0.17353106732929902,0.1901350025438799,0.01756370031292895,0.031047497313084538,0.0009763101851467093,0.09445911075796402,0.001475566436497249,0.00534782285614113,0.12515730497481978,0.09126498784697623,0.16764600847650546,0.12833727065855965,0.08675228034897567,0.1247946995187621,0.12311235891027776
448,24,0.00013060067760608312,5.486364295574795e-06,0.0007615028364801351,0.06967572143641286,0.0004872483959694316,0.17429041899855657,124,False,57,0,0,0,0,10752,10129,9100,9508,10660,10757,10566,9895,10352,10737,10666,10763,10428,9279,10718,9496,9306,10745,10602,10723,10676,10605,10702,10679,5.486364295574795e-06,7.796363321026445e-05,3.349136917174482e-05,4.53226705818126e-05,1.4619416570300341e-05,9.957697700417932e-06,7.12785345203262e-05,4.4918607423962304e-05,2.1995542200116583e-05,6.489155405635356e-05,8.3689707509751e-05,0.00010763208451015434,0.00010065632536216074,4.415451615511858e-05,4.493551800041631e-05,8.122865722072103e-05,0.00010895044743356602,0.0006394745502797483,0.0007098613580777881,0.0007615028364801351,2.197132468331317e-05,2.4974674837080448e-05,8.881640139076497e-06,6.577232126091067e-06,0.08416320762430621,0.02182303772194465,0.0004872483959694316,0.001390510079301723,0.06529501684144375,0.08863524535653254,0.04849494788375275,0.00405487707280209,0.026405650733855767,0.15907014505185743,0.17429041899855657,0.09943339195351822,0.028460205870327493,0.0008949510030511501,0.08658751819480034,0.0013526025667891448,0.004902170951462702,0.11472752956025145,0.08365957219306154,0.15367550777013,0.11764249810367967,0.07952292365322769,0.11439514122553192,0.11285299566775461
449,24,0.00012712250829821886,5.313675234350458e-06,0.0007520341333561857,0.07081385576115624,0.0004466443629719789,0.15976621741534353,125,False,57,0,0,0,0,10752,10129,9100,9508,10660,10757,10566,9895,10784,10737,10666,10763,10788,9279,10718,9496,9306,10745,10602,10723,10676,10605,10702,10679,5.313675234350458e-06,7.420261504376206e-05,3.168580180883173e-05,4.289011061932513e-05,1.4084623103397475e-05,9.656356569986193e-06,6.834871369428552e-05,4.253946841695203e-05,2.1501941645300837e-05,6.418158241137174e-05,8.312769345188517e-05,0.00010469106628517238,9.84541438880348e-05,4.1778854009137325e-05,4.355068776526743e-05,7.686813372560063e-05,0.00010320431605142948,0.0006246713051204408,0.0006874207509629396,0.0007520341333561857,2.1480239434040233e-05,2.4157153108599234e-05,8.675230676460293e-06,6.421602774496528e-06,0.07714960698894735,0.020004451245115927,0.0004466443629719789,0.0012746342393599127,0.0598537654379901,0.08124897491015483,0.04445370222677335,0.0037169706500685823,0.10753851317270113,0.1458142996308693,0.15976621741534353,0.0911472759573917,0.10942185538113354,0.0008203717527968875,0.07937189167856698,0.0012398856862233826,0.004493656705507477,0.10516690209689716,0.07668794117697307,0.1408692154559525,0.1078389565950397,0.07289601334879205,0.10486221279007092,0.1034485793621084
450,24,0.0001234947959623088,5.136321738692116e-06,0.000740023972718505,0.06838492333661544,0.0007520074400638135,0.14645236596406488,126,False,57,0,0,0,0,10752,10129,10802,9508,10660,10757,10566,9895,10784,10737,10666,10763,10788,9279,10718,9496,9306,10745,10602,10723,10676,10605,10702,10679,5.136321738692116e-06,7.058706664969052e-05,3.075034449467293e-05,4.058679379541015e-05,1.3548728198489092e-05,9.344781796574074e-06,6.546517623651247e-05,4.0282529105866215e-05,2.0961940275035423e-05,6.324412518707733e-05,8.223423334110524e-05,0.00010159434851266049,9.60322037648731e-05,3.9530184754396246e-05,4.212331631460268e-05,7.27393957097999e-05,9.775005473146692e-05,0.0006085788678479477,0.000664390926045536,0.000740023972718505,2.094254537717915e-05,2.3323060893618083e-05,8.451022922128721e-06,6.253162683571259e-06,0.07072047307320173,0.018337413641356267,0.08374275733272432,0.0011684147194132534,0.05486595165149092,0.07447822700097526,0.0407492270412089,0.0034072230958962003,0.09857697040830937,0.13366310799496353,0.14645236596406488,0.08355166962760904,0.10030336743270574,0.0007520074400638135,0.07275756737201973,0.0011365618790381007,0.0041191853133818535,0.0964029935888224,0.07029727941222531,0.12913011416795644,0.09885237687878638,0.06682134556972603,0.096123695057565,0.09482786441526603
451,24,0.00011972669166938726,4.955955245450271e-06,0.0007258151834329089,0.06615840194745304,0.000689340153391829,0.17025887571399387,127,False,58,0,0,0,0,10752,10129,10802,9508,10660,10757,10566,9895,10784,10737,10666,10763,10788,9279,10718,9496,9306,10745,10602,10723,10676,10605,10702,10847,4.955955245450271e-06,6.711634150936067e-05,2.9778938078110398e-05,3.840602876930667e-05,1.3015027795794678e-05,9.026126668303674e-06,6.263826427957032e-05,3.814202285551732e-05,2.0384270493572677e-05,6.210861652767766e-05,8.104757652012306e-05,9.837970737508303e-05,9.343091309293306e-05,3.740182975792502e-05,4.066731583938664e-05,6.883042830188676e-05,9.257433621339272e-05,0.0005914473823411642,0.0006409842668773691,0.0007258151834329089,2.0366981115218183e-05,2.2479487290271413e-05,8.21248427724623e-06,6.231115407721721e-06,0.06482710031710158,0.01680929583790991,0.07676419422166396,0.0010710468261288155,0.05029378901386668,0.06827170808422732,0.03735345812110816,0.0031232878379048503,0.09036222287428358,0.1225245156620499,0.13424800213372615,0.07658903049197495,0.09194475347998025,0.000689340153391829,0.06669443675768474,0.0010418483891182588,0.003775919870600032,0.08836941078975387,0.06443917279453987,0.11836927132062673,0.09061467880555418,0.061252900105582195,0.08811338713610124,0.17025887571399387
452,24,0.00011651868422585223,4.774035520958551e-06,0.0007097368124858925,0.06758964622960972,0.0006318951406091765,0.23940396940449438,128,False,60,0,0,0,0,10752,10129,10802,9508,10660,10757,10566,9895,10784,10737,10666,10763,10788,9279,10718,9496,9306,10745,10866,10723,10676,10605,10702,10871,4.774035520958551e-06,6.37889614690404e-05,2.8781905094374605e-05,3.6341447095970906e-05,1.2486349858615333e-05,8.703194822104112e-06,5.987644644669091e-05,3.611238533735935e-05,1.977696314718039e-05,6.08035019676262e-05,7.960545829939708e-05,9.508117700211582e-05,9.068752030957279e-05,3.538744692974592e-05,3.919502327039443e-05,6.512979841633301e-05,8.766423523356481e-05,0.0005735062215900623,0.0006333107730464189,0.0007097368124858925,1.9761586183071422e-05,2.1632658608626517e-05,7.962793024671468e-06,6.341726260665937e-06,0.059424841957343114,0.01540852118475075,0.0703671780365253,0.000981792923951414,0.046102639929377784,0.06258239907720838,0.03424066994434914,0.0028630138514127794,0.08283203763475995,0.11231413935687908,0.12306066862258229,0.07020661128431037,0.0842826906899819,0.0006318951406091765,0.06113656702787768,0.0009550276900250705,0.0034612598813833625,0.08100529322394104,0.14240257506166154,0.10850516537724117,0.083063455571758,0.056148491763450346,0.08077060487475947,0.23940396940449438
453,24,0.00011321715775876925,4.591840255670937e-06,0.0006920997912289826,0.06890162015492003,0.0005792372122250785,0.2194536386207865,129,False,57,0,0,0,0,10752,10129,10802,9508,10660,10757,10566,9895,10784,10881,10666,10763,10788,9279,10718,9496,9306,10745,10866,10723,10676,10605,10894,10871,4.591840255670937e-06,6.060275867603018e-05,2.776845499801588e-05,3.4386990873353914e-05,1.196509293665576e-05,8.37845466554167e-06,5.718652053739363e-05,3.418825773573092e-05,1.9147322096305754e-05,6.088660205099485e-05,7.794437944338051e-05,9.172911372566968e-05,8.783597514261747e-05,3.3481015755719476e-05,3.771727172012924e-05,6.162663220409868e-05,8.300724771443618e-05,0.0005549634257385572,0.0006234643618280932,0.0006920997912289826,1.9133674865014076e-05,2.078798896902534e-05,7.90353775514586e-06,6.415075293899042e-06,0.054472771794231184,0.014124477752688188,0.06450324653348152,0.0008999768469554628,0.0422607532685963,0.05736719915410767,0.031387280782320046,0.0026244293637950476,0.07592936783186328,0.18628796107713916,0.11280561290403376,0.06435606034395117,0.0772591331324834,0.0005792372122250785,0.056041853108887874,0.0008754420491896479,0.003172821557934749,0.07425485212194595,0.13053569380652308,0.09946306826247107,0.07614150094077816,0.05146945078316281,0.1573730544685295,0.2194536386207865
454,24,0.0001105024380995068,4.410476507487433e-06,0.0006905555566982911,0.06663204069756558,0.0005309674445396552,0.20116583540238764,130,False,58,0,0,0,0,10752,10129,10802,9508,10660,10757,10566,9895,10784,10881,10666,10763,10788,9279,10718,9496,9306,10745,10866,10915,10676,10605,10894,10871,4.410476507487433e-06,5.755500048438843e-05,2.6746723774409015e-05,3.25369003895095e-05,1.1453265170749394e-05,8.054057985719619e-06,5.457380495872892e-05,3.236448798083605e-05,1.8501921017362143e-05,6.068129366896476e-05,7.609906279006402e-05,8.83503285895082e-05,8.490689572335094e-05,3.1676822715246244e-05,3.6243479082135743e-05,5.8310592556593795e-05,7.859130375818761e-05,0.0005360057510009656,0.0006117343566865023,0.0006905555566982911,1.8489832371043875e-05,1.995013724694278e-05,7.813351081917869e-06,6.453112149257912e-06,0.04993337414471192,0.012947437939964172,0.05912797598902473,0.0008249787763758409,0.03873902382954661,0.0525865992245987,0.02877167405046004,0.002405726916812127,0.06960192051254134,0.1707639643207109,0.10340514516203095,0.05899305531528857,0.07082087203810979,0.0005309674445396552,0.05137169868314721,0.0008024885450905106,0.0029084197614401863,0.06806694777845045,0.11965771932264616,0.17450781257393183,0.06979637586237998,0.04718032988456591,0.1442586332628187,0.20116583540238764
455,24,0.00013049274409603203,4.230893279167464e-06,0.0006859599323447228,0.07683355577877506,0.0004867201574946839,0.2677353491188553,131,False,57,0,0,0,0,10752,10129,10802,9508,10660,10757,10566,9895,10784,10881,10666,10763,9279,10718,9496,10936,10745,10866,10938,10915,10676,10605,10894,10943,4.230893279167464e-06,5.464249882220262e-05,2.5723828534151536e-05,3.078570185632338e-05,1.0952522720504491e-05,7.731861304872944e-06,5.2042317317098284e-05,3.063613033833136e-05,1.7846617460902217e-05,6.0214286396332475e-05,7.410206568670318e-05,8.49682689387351e-05,2.9969447118575326e-05,3.47817475830199e-05,5.517185681166685e-05,7.632366811924246e-05,0.0005167991888012987,0.0006138316953822921,0.0006138316953822921,0.0006859599323447228,1.7835928388262335e-05,1.91230674878358e-05,7.695872657574371e-06,6.6247655726604e-06,0.04577225963265259,0.01186848477830049,0.054200644656606,0.0007562305450111874,0.03551077184375106,0.04820438262254881,0.026374034546255035,0.00220524967374445,0.06380176046982956,0.15653363396065165,0.0947880497318617,0.05407696737234785,0.0004867201574946839,0.047090723792884946,0.0007356144996663013,0.08599938478132017,0.06239470213024624,0.19301957604575898,0.19301957604575898,0.1599654948594375,0.06398001120718165,0.04324863572751875,0.13223708049091715,0.2677353491188553
456,24,0.00012817103745780355,4.0538946588092605e-06,0.0006786250819498801,0.07043075946387713,0.0004461601443701269,0.24542407002561736,132,False,57,0,0,0,0,10752,10129,10802,9508,10660,10757,10566,9895,10784,10881,10666,10763,9279,10718,9496,10936,10745,10866,10938,10915,10676,10605,10894,10943,4.0538946588092605e-06,5.1861705480093625e-05,2.4705932233117813e-05,2.912819530082913e-05,1.0464206865303836e-05,7.413448816255809e-06,4.9594939303168144e-05,2.899844364111529e-05,1.7186579836812524e-05,5.951319159886288e-05,7.198352576152899e-05,8.16032331095939e-05,2.8353747389371953e-05,3.333896929250064e-05,5.220109478277215e-05,7.395932821804056e-05,0.0004974898334623953,0.000612916417509418,0.000612916417509418,0.0006786250819498801,1.7177143664713347e-05,1.831011052836365e-05,7.554679992728514e-06,6.754778082191485e-06,0.04195790466326488,0.010879444380108782,0.049683924268555495,0.0006932113329269218,0.0325515408567718,0.04418735073733641,0.024176198334067114,0.002021478867599079,0.05848494709734376,0.14348916446393067,0.08688904558753989,0.04957055342465219,0.0004461601443701269,0.04316649681014453,0.0006743132913607762,0.07883276938287682,0.05719514361939239,0.17693461137527905,0.17693461137527905,0.14663503695448438,0.05864834360658318,0.03964458275022552,0.12121732378334071,0.24542407002561736
457,24,0.00012555887560195653,3.880153077910683e-06,0.0006688666046432338,0.07150597395299847,0.00040898013233928296,0.22497206419014923,133,False,59,0,0,0,0,10752,10129,10802,9508,10660,10757,10566,9895,10784,10881,10666,10763,9279,10718,9496,10936,10745,10866,10938,10915,10988,10605,10990,10943,3.880153077910683e-06,4.9208794721744576e-05,2.3698314554816048e-05,2.7559442671504902e-05,9.989379250802689e-06,7.100155977000275e-06,4.723356755616051e-05,2.744688840990325e-05,1.6526323645906635e-05,5.8605742815754604e-05,6.977101784759053e-05,7.82726051882119e-05,2.6824847810516706e-05,3.192093366313139e-05,4.9389447208907436e-05,7.152451389624476e-05,0.0004782049955991365,0.0006092514638438347,0.0006092514638438347,0.0006688666046432338,1.6944003872789546e-05,1.7514025088473225e-05,7.583893481570916e-06,6.844435777976893e-06,0.0384614126079928,0.009972824015099717,0.04554359724617587,0.0006354437218496783,0.029838912452040817,0.04050507150922504,0.02216151513956152,0.0018530222952991557,0.053611201505898445,0.13153173409193644,0.07964829178857823,0.04543967397259784,0.00040898013233928296,0.039569288742632484,0.0006181205170807115,0.07226337193430375,0.05242888165110969,0.16219006042733913,0.16219006042733913,0.13441545054161066,0.13709431497270125,0.03634086752104006,0.19444921346806232,0.22497206419014923
458,24,0.00012268962510497979,3.710222348906496e-06,0.0006569959549165319,0.06901936501247082,0.0003748984546443427,0.20622439217430344,134,False,60,0,0,0,0,10752,10129,10802,9508,10660,10757,10566,9895,10784,10881,10666,10763,9279,10718,9496,10936,10745,10866,10938,10915,10988,11013,10990,10943,3.710222348906496e-06,4.6679734540488796e-05,2.2705445792186897e-05,2.6074756205336595e-05,9.528854932564161e-06,6.79309304520734e-06,4.495925061082904e-05,2.597712307488602e-05,1.586975389723054e-05,5.751916524658366e-05,6.748950116235711e-05,7.499109944517482e-05,2.5378125744654235e-05,3.053243408969286e-05,4.6728504702776605e-05,6.904269782518176e-05,0.0004590544761660456,0.0006031125166899138,0.0006031125166899138,0.0006569959549165319,1.6655784341262575e-05,1.7168704295595974e-05,7.575618123094965e-06,6.895668633099703e-06,0.03525629489066007,0.00914175534717474,0.041748297475661215,0.0005824900783622051,0.027352336414370747,0.03712964888345629,0.020314722211264725,0.0016986037706908927,0.04914360138040691,0.12057075625094173,0.07301093413953004,0.041653034474881355,0.0003748984546443427,0.036271848014079774,0.0005666104739906521,0.06624142427311178,0.048059808180183884,0.1486742220583942,0.1486742220583942,0.12321416299647643,0.12566978872497614,0.11664579522762006,0.1782451123457238,0.20622439217430344
459,24,0.00011963346530433728,3.5445502341297714e-06,0.0006433144756677501,0.0667399734836538,0.0003436569167573141,0.18903902615977813,135,False,60,0,0,0,0,10752,10129,10802,9508,10660,10757,10566,9895,10784,10881,10666,10763,9279,10718,11030,10936,10745,10866,10938,10915,10988,11013,10990,10943,3.5445502341297714e-06,4.427034779823184e-05,2.1731061264945973e-05,2.4669687091531156e-05,9.08323301109971e-06,6.493168027184501e-06,4.277231233511185e-05,2.458499948070682e-05,1.5220211220486854e-05,5.627968420322483e-05,6.516133774768749e-05,7.177100635505289e-05,2.400919933561122e-05,2.917737125327588e-05,4.535046673492719e-05,6.653467890186063e-05,0.00044013193233919404,0.0005947795108783777,0.0005947795108783777,0.0006433144756677501,1.6320160521387665e-05,1.6780278137420053e-05,7.533084066561761e-06,6.91089981995698e-06,0.03231827031643839,0.008379942401576844,0.03826927268602278,0.0005339492384986881,0.025072975046506518,0.0340355114765016,0.01862182869365933,0.0015570534564666517,0.045048301265373,0.11052319323002992,0.06692668962790253,0.03818194826864124,0.0003436569167573141,0.033249194012906456,0.08385272626782478,0.06072130558368579,0.04405482416516856,0.136284703553528,0.136284703553528,0.11294631608010339,0.11519730633122813,0.10692531229198506,0.16339135298358015,0.18903902615977813
460,24,0.00011637670541224676,3.38349037227867e-06,0.0006281088951187236,0.06117830902668265,0.00031501884036087125,0.1732857739797966,136,False,60,0,0,0,0,10752,10129,10802,9508,10660,10757,10566,9895,10784,10881,10666,10763,9279,10718,11030,10936,10745,10866,10938,10915,10988,11013,10990,10943,3.38349037227867e-06,4.197636438946322e-05,2.077823440572992e-05,2.3340014459343133e-05,8.652924763662019e-06,6.201108649434308e-06,4.067246248025395e-05,2.3266557830694174e-05,1.458051969176664e-05,5.491215866134417e-05,6.280636539790533e-05,6.862243407584677e-05,2.271391569231501e-05,2.785885165691255e-05,4.391919377179397e-05,6.401870660355369e-05,0.00042151628079913815,0.0005845296737120513,0.0005845296737120513,0.0006281088951187236,1.5944461730271146e-05,1.6356047535658414e-05,7.459688674186185e-06,6.892905709545205e-06,0.02962508112340186,0.007681613868112107,0.035080166628854215,0.0004894534686237974,0.02298356045929764,0.031199218853459797,0.017070009635854387,0.0014272990017610973,0.04129427615992525,0.10131292712752742,0.06134946549224399,0.03500011924625447,0.00031501884036087125,0.03047842784516425,0.07686499907883938,0.0556611967850453,0.04038358881807118,0.12492764492406734,0.12492764492406734,0.1035341230734281,0.10559753080362579,0.09801486960098629,0.14977540690161514,0.1732857739797966
461,24,0.00011315072893892399,3.227313448396548e-06,0.0006116481119688588,0.07344122771890355,0.00028876727033079865,0.22062745632648056,137,False,59,0,0,0,0,10752,11065,10802,9508,10660,10757,11070,9895,10784,10881,10666,11075,9279,11077,11030,10936,10745,10866,10938,10915,10988,11013,11086,10943,3.227313448396548e-06,4.0819735504244975e-05,1.984944714855874e-05,2.2081734710340866e-05,8.238179262695606e-06,5.917483091504708e-06,3.9655904661538836e-05,2.2018021203332247e-05,1.3953034833744364e-05,5.343982412253641e-05,6.044201063414822e-05,6.72441610490407e-05,2.1488339553137816e-05,2.7264757616863117e-05,4.2449927361629104e-05,6.151063364668938e-05,0.0004032730964354992,0.0005726320132673965,0.0005726320132673965,0.0006116481119688588,1.553558303583934e-05,1.5902803146269798e-05,7.548675142853129e-06,6.844690421660434e-06,0.02715632436311837,0.09037481271243611,0.03215681940978303,0.00044866567957181424,0.02106826375435617,0.028599283949004812,0.09898084216619986,0.0013083574182810058,0.03785308647993148,0.09287018320023346,0.056237010034556986,0.11541677597573327,0.00028876727033079865,0.11127189219140057,0.07045958248893609,0.05102276371962486,0.03701828974989858,0.11451700784706173,0.11451700784706173,0.09490627948397576,0.0967977365699903,0.0898469638009041,0.22062745632648056,0.15884529281481355
462,24,0.00010977260101154104,3.076217540915963e-06,0.0005941810833466847,0.06732112540899492,0.0002647033311365654,0.2022418349659405,138,False,59,0,0,0,0,10752,11065,10802,9508,10660,10757,11070,9895,10784,10881,10666,11075,9279,11077,11030,10936,10745,10866,10938,10915,10988,11013,11086,10943,3.076217540915963e-06,3.960373523150112e-05,1.8946656664515835e-05,2.089105120941283e-05,7.839106533475047e-06,5.642719313301188e-06,3.856742860460779e-05,2.0835789753954473e-05,1.3339690628969927e-05,5.188412843671251e-05,5.8083429570371935e-05,6.570020321885673e-05,2.0328742425555386e-05,2.6607837510720878e-05,4.095626758562338e-05,5.902408655592438e-05,0.0003854559750521475,0.0005593431281376209,0.0005593431281376209,0.0005941810833466847,1.5099926043801712e-05,1.5426785329191306e-05,7.5959304044687355e-06,6.769377041029902e-06,0.024893297332858506,0.0828435783197331,0.029477084458967778,0.0004112768729408297,0.019312575108159823,0.026216010286587745,0.09073243865234987,0.0011993276334242551,0.034698662606603856,0.08513100126688067,0.051550592531677236,0.10579871131108882,0.0002647033311365654,0.10199923450878386,0.06458795061485809,0.04677086674298945,0.03393343227074036,0.10497392385980658,0.10497392385980658,0.0869974228603111,0.0887312585224911,0.08235971681749542,0.2022418349659405,0.14560818508024576
463,24,0.00010630061348666293,2.9303376162784254e-06,0.0005759356324226999,0.06518325384713422,0.0002426447202085183,0.1853883487187788,139,False,60,0,0,0,0,10752,11065,10802,11115,10660,10757,11070,9895,10784,10881,10666,11075,9279,11077,11030,10936,10745,10866,10938,10915,10988,11013,11086,10943,2.9303376162784254e-06,3.834299129989716e-05,1.8071357821746578e-05,2.0274085587549464e-05,7.455698348226853e-06,5.377122887190348e-06,3.7422271810775746e-05,1.9716434697264216e-05,1.2742044700365626e-05,5.026464464661703e-05,5.574366666169613e-05,6.401899898251904e-05,1.923159219354721e-05,2.5899391912020497e-05,3.9450231054273706e-05,5.657064579093897e-05,0.00036810783743386195,0.0005449041854576358,0.0005449041854576358,0.0005759356324226999,1.4643363929377951e-05,1.4933665543471945e-05,7.604221207255581e-06,6.670116217064223e-06,0.02281885588845363,0.07593994679308867,0.027020660754053794,0.0837103371335291,0.017703193849146506,0.02403134276270543,0.08317140209798737,0.0010993836639722337,0.031807107389386864,0.07803675116130727,0.04725470982070413,0.09698215203516475,0.0002426447202085183,0.09349929829971854,0.05920562139695324,0.042873294514406995,0.031105646248178662,0.09622609687148936,0.09622609687148936,0.07974763762195185,0.08133698697895017,0.07549640708270414,0.1853883487187788,0.13347416965689193
464,24,0.00010274373247393982,2.789754169720121e-06,0.0005571180030763661,0.05975131602653971,0.00022242432685780843,0.16993931965888057,140,False,60,0,0,0,0,10752,11065,10802,11115,10660,10757,11070,9895,10784,10881,10666,11075,9279,11077,11030,10936,10745,10866,10938,10915,10988,11013,11086,10943,2.789754169720121e-06,3.705066928453068e-05,1.722464101013197e-05,1.963344693808118e-05,7.087846784480252e-06,5.120893304346742e-06,3.623429942722587e-05,1.8656692151207096e-05,1.2161321071876421e-05,4.8599045977847154e-05,5.3433823270575276e-05,6.222695868697206e-05,1.8193543183193574e-05,2.5149861647578682e-05,3.79423311087965e-05,5.416002887424883e-05,0.0003512621593072192,0.0005295389032955545,0.0005295389032955545,0.0005571180030763661,1.417122628282876e-05,1.4428544847845079e-05,7.57667055794586e-06,6.550011820429355e-06,0.020917284564415824,0.06961161789366462,0.02476893902454931,0.07673447570573501,0.016227927695050964,0.02202873086581331,0.0762404519231551,0.0010077683586412142,0.029156515106937956,0.07153368856453167,0.04331681733564545,0.08890030603223435,0.00022242432685780843,0.08570769010807532,0.054271819613873805,0.039300519971539744,0.02851350906083044,0.08820725546553192,0.08820725546553192,0.07310200115345586,0.07455890473070433,0.06920503982581212,0.16993931965888057,0.12235132218548427
465,24,9.91876974089802e-05,2.654501031555695e-06,0.0005379130046408622,0.058244261913216945,0.0002038889662863244,0.15577770968730717,141,False,60,0,0,0,0,10752,11065,10802,11115,10660,10757,11070,9895,10784,10881,11170,11075,9279,11077,11030,10936,10745,10866,10938,10915,10988,11013,11086,10943,2.654501031555695e-06,3.573850070922399e-05,1.640724517540478e-05,1.8975938672767722e-05,6.735360694546388e-06,4.87413876923497e-06,3.5015996450216274e-05,1.7653456909664948e-05,1.1598450130754402e-05,4.690312954950854e-05,5.248272496241454e-05,6.0348318633225814e-05,1.7211426675370733e-05,2.436878302609915e-05,3.644167304670327e-05,5.180027150733572e-05,0.0003349441174790416,0.0005134523740796423,0.0005134523740796423,0.0005379130046408622,1.3688299709130266e-05,1.3915965651676734e-05,7.516623630670929e-06,6.412062600831101e-06,0.019174177517381173,0.06381064973585923,0.022704860772503534,0.07033993606359042,0.01487560038713005,0.0201930032936622,0.06988708092955884,0.0009237876620877796,0.026726805514693124,0.0655725478508207,0.12304041589100834,0.08149194719621482,0.0002038889662863244,0.07856538259906903,0.04974916797938432,0.0360254766405781,0.026137383305761236,0.08085665084340425,0.08085665084340425,0.0670101677240012,0.06834566266981229,0.0634379531736611,0.15577770968730717,0.11215537867002724
466,24,9.55969565604523e-05,2.5245723730681345e-06,0.0005184846080677473,0.05339057342044887,0.00018689821909579734,0.14279623388003157,142,False,60,0,0,0,0,10752,11065,10802,11115,10660,10757,11070,9895,10784,10881,11170,11075,9279,11077,11030,10936,10745,10866,10938,10915,10988,11013,11086,10943,2.5245723730681345e-06,3.441683704695272e-05,1.5619606062534764e-05,1.830763032285877e-05,6.3979802434221045e-06,4.63688952850962e-06,3.377849294782367e-05,1.6703776200162683e-05,1.105410557780827e-05,4.519087702494934e-05,5.1387308243552395e-05,5.840507706524096e-05,1.6282241853246246e-05,2.3564773654105948e-05,3.4956058510240715e-05,4.949790296343241e-05,0.00031917164695863465,0.0004968305741128572,0.0004968305741128572,0.0005184846080677473,1.3198840573608565e-05,1.339993336580045e-05,7.427532313548884e-06,6.259118327892261e-06,0.017576329390932743,0.058493095591204296,0.020812789041461572,0.06447827472495787,0.013635967021535878,0.018510253019190348,0.06406315751876226,0.000846805356913798,0.02449957172180203,0.060108168863252306,0.11278704790009098,0.07470095159653024,0.00018689821909579734,0.07201826738247995,0.04560340398110229,0.03302335358719659,0.02395926803028113,0.0741185966064539,0.0741185966064539,0.061425987080334435,0.06265019078066127,0.05815145707585601,0.14279623388003157,0.10280909711419163
467,24,9.201000400461911e-05,2.3999289561121994e-06,0.0004989768740789042,0.052413581190967014,0.0001713233675044809,0.14076267488227284,143,False,59,0,0,0,0,10752,11065,10802,11115,10660,10757,11070,9895,10784,10881,11170,11075,9279,11077,11030,10936,10745,10866,10938,10915,11228,11013,11086,10943,2.3999289561121994e-06,3.309472224621621e-05,1.4861899782545545e-05,1.7633883711052298e-05,6.075389676153743e-06,4.4091098032691015e-06,3.253161406418675e-05,1.5804843473055967e-05,1.052873827960007e-05,4.347454211468601e-05,5.017046373573718e-05,5.6416995386445926e-05,1.5403147171377744e-05,2.27455422883091e-05,3.349209435860716e-05,4.725811312121086e-05,0.0003039564073523255,0.0004798404175316749,0.0004798404175316749,0.0004989768740789042,1.3034298798246463e-05,1.2883945109045358e-05,7.312858892558139e-06,6.09384864786355e-06,0.01611163527502168,0.05361867095860393,0.019078389954673106,0.05910508516454471,0.012499636436407887,0.016967731934257817,0.05872456105886541,0.000776238243837648,0.02245794074498519,0.055099154791314615,0.10338812724175006,0.06847587229681938,0.0001713233675044809,0.06601674510060662,0.04180312031601043,0.030271407454930205,0.021962662361091036,0.0679420468892494,0.0679420468892494,0.0563071548236399,0.14076267488227284,0.053305502319534674,0.13089654772336226,0.09424167235467566
468,24,8.845534189269468e-05,2.2805036767750294e-06,0.00047951511275633695,0.054990227202830866,0.0001570464202124408,0.12903245197541677,144,False,60,0,0,0,0,10752,11065,10802,11115,11236,10757,11070,11239,10784,10881,11170,11075,9279,11077,11030,10936,10745,10866,10938,10915,11228,11013,11086,10943,2.2805036767750294e-06,3.177997765266e-05,1.4134081898175787e-05,1.6959388987589746e-05,5.915964797107002e-06,4.1907084085066015e-06,3.1283947794172e-05,1.5339654424901412e-05,1.0022607033091245e-05,4.1764756485052926e-05,4.8853653935859565e-05,5.440164970145359e-05,1.4571452132573307e-05,2.1917916964242076e-05,3.205530237748657e-05,4.5084909377301655e-05,0.0002893046594338511,0.0004626302290546709,0.0004626302290546709,0.00047951511275633695,1.2825755262211712e-05,1.2371023108688095e-05,7.175998304878449e-06,5.918722802415545e-06,0.014768999002103208,0.04915044837872027,0.017488524125117012,0.05417966140083265,0.09479133340004058,0.015553754273069665,0.05383084763729329,0.08404488505685119,0.02058644568290309,0.05050755855870506,0.09477244997160422,0.06276954960541777,0.0001570464202124408,0.060515349675556065,0.03831952695634289,0.027748790167019352,0.020132440497666784,0.062280209648478614,0.062280209648478614,0.0516148919216699,0.12903245197541677,0.048863377126240115,0.11998850207974873,0.08638819965845268
469,24,8.493876486863848e-05,2.1662064567604135e-06,0.0004602071917418349,0.05387993049148385,0.00014395921852807073,0.12812476236572012,145,False,60,0,0,0,0,10752,11065,10802,11115,11236,10757,11070,11239,10784,10881,11170,11075,9279,11077,11030,10936,10745,10866,10938,10915,11228,11277,11086,10943,2.1662064567604135e-06,3.0479294337007323e-05,1.3435922278581352e-05,1.628820733035173e-05,5.746835693445344e-06,3.981548152447521e-06,3.0042924692326237e-05,1.4856330373144699e-05,9.535806324121658e-06,4.007064715219366e-05,4.745674575296791e-05,5.2374519769722465e-05,1.3784609458239722e-05,2.1087886459716114e-05,3.065022706193875e-05,4.298126237200315e-05,0.0002752180546978265,0.00044533052687615584,0.00044533052687615584,0.0004602071917418349,1.2579150958390957e-05,1.2169715982794006e-05,7.020217662483187e-06,5.735998386714301e-06,0.013538249085261274,0.04505457768049358,0.016031147114690593,0.049664689617429925,0.08689205561670385,0.014257608083647193,0.04934494366751885,0.07704114463544692,0.018870908542661165,0.046298595345479636,0.08687474580730387,0.05753875380496628,0.00014395921852807073,0.05547240386925972,0.03512623304331432,0.025436390986434406,0.018454737122861217,0.05709019217777206,0.05709019217777206,0.04731365092819741,0.11827974764413203,0.12812476236572012,0.10998946023976967,0.07918918302024829
470,24,8.15058551707987e-05,2.1099765460143394e-06,0.0004411449262906058,0.056334380728304635,0.00013196261698406484,0.125773712400023,146,False,62,0,0,0,0,11280,11065,10802,11115,11236,10757,11070,11239,10784,11289,11170,11075,9279,11077,11030,10936,10745,10866,10938,10915,11228,11277,11086,10943,2.1099765460143394e-06,2.91983288593582e-05,1.2767036007227978e-05,1.5623817697996695e-05,5.5702038701091685e-06,3.7814541126528165e-06,2.8814904762165503e-05,1.4360037291954018e-05,9.068291211197275e-06,3.9390291451128254e-05,4.59979163019611e-05,5.0349104439231686e-05,1.3040207637691477e-05,2.0260650948625127e-05,2.9280539448184816e-05,4.094924000680678e-05,0.00026169434203266,0.0004280550239146949,0.0004280550239146949,0.0004411449262906058,1.2300187217826878e-05,1.193269140663725e-05,6.848611295445689e-06,5.547717434298133e-06,0.09574339499482284,0.04130002954045244,0.014695218188466376,0.04552596548264409,0.07965105098197853,0.013069474076676593,0.045232865028558944,0.07062104924915967,0.017298332830772735,0.125773712400023,0.07963518365669521,0.05274385765455242,0.00013196261698406484,0.05084970354682141,0.032199046956371456,0.02331669173756487,0.01691684236262278,0.05233267616295772,0.05233267616295772,0.04337084668418095,0.10842310200712102,0.11744769883524345,0.10082367188645552,0.07259008443522759
471,24,7.81436680382423e-05,2.050201932515696e-06,0.0004224054986054229,0.058584293445390366,0.011980351236953544,0.11529256970002108,147,False,61,0,0,0,0,11280,11065,10802,11115,11236,10757,11070,11239,11312,11289,11170,11075,11316,11077,11030,10936,10745,10866,10938,10915,11228,11277,11086,10943,2.050201932515696e-06,2.7941799387132015e-05,1.212691064496737e-05,1.496916555274144e-05,5.388062016203685e-06,3.5902208864564158e-06,2.7605267738881386e-05,1.3855385998122332e-05,8.842205960718154e-06,3.8597677478149714e-05,4.449361817883152e-05,4.8337054506387036e-05,1.2654107280330494e-05,1.9440678443734898e-05,2.794913557813079e-05,3.899012964835659e-05,0.00024872799652160776,0.0004109017715440352,0.0004109017715440352,0.0004224054986054229,1.1994250805081892e-05,1.1665345055612236e-05,6.664069335035222e-06,5.35570827532539e-06,0.08776477874525428,0.037858360412081404,0.013470616672760843,0.04173213502575708,0.07301346340014699,0.011980351236953544,0.041463459609512365,0.06473596181172969,0.09919013842820834,0.11529256970002108,0.0729989183519706,0.048348536183339716,0.08345429906556874,0.046612228251252955,0.0295157930433405,0.021373634092767796,0.015507105499070882,0.04797161981604457,0.04797161981604457,0.039756609460499207,0.0993878435065276,0.10766039059897316,0.09242169922925089,0.06654091073229196
472,24,7.509247778836099e-05,1.987673781242036e-06,0.0004040528661067475,0.05717449121383006,0.010981988633874082,0.10568485555835265,148,False,62,0,0,0,0,11280,11065,10802,11115,11236,10757,11070,11239,11312,11289,11170,11075,11316,11077,11030,10936,11344,10866,10938,10915,11228,11277,11086,10943,1.987673781242036e-06,2.6713579840004495e-05,1.1514930155923555e-05,1.4326711929980097e-05,5.202195475157834e-06,3.4076189114291898e-06,2.6418503821390813e-05,1.3346451517638896e-05,8.600009054114708e-06,3.771014456642023e-05,4.2958591696231675e-05,4.634831566495112e-05,1.225337273129242e-05,1.863176429760254e-05,2.6658228671817723e-05,3.7104548723086475e-05,0.0002424052103292857,0.00039395438444092117,0.00039395438444092117,0.0004040528661067475,1.1666362238184974e-05,1.1372768932802177e-05,6.469257794521261e-06,5.161591798995905e-06,0.08045104718314976,0.03470349704440795,0.012348065283364105,0.03825445710694399,0.0669290081168014,0.010981988633874082,0.03800817130871967,0.059341298327418884,0.09092429355919097,0.10568485555835265,0.06691567515597305,0.04431949150139474,0.076499774143438,0.042727875896981876,0.027056143623062124,0.019592497918370477,0.09754818004081499,0.04397398483137419,0.04397398483137419,0.036443558672124274,0.09110552321431696,0.09868869138239206,0.08471989096014665,0.06099583483793429
473,24,7.251124720066398e-05,1.9231090776668123e-06,0.00039609762329279264,0.05935439472378865,0.010066822914384575,0.11673992878278058,149,False,61,0,0,0,0,11280,11065,10802,11115,11236,10757,11070,11239,11312,11289,11170,11075,11316,11077,11366,10936,11344,10866,10938,11371,11228,11277,11086,10943,1.9231090776668123e-06,2.551679036709185e-05,1.0930395800419024e-05,1.3698481625412346e-05,5.01418806540856e-06,3.2333999478716885e-06,2.5258302628579674e-05,1.283680002715602e-05,8.345103182442417e-06,3.674400688991068e-05,4.14059130241238e-05,4.439127573116978e-05,1.1842238672073124e-05,1.7837091619958994e-05,2.6064741585737615e-05,3.529254412957838e-05,0.00023565708432211048,0.0003772832980370602,0.0003772832980370602,0.00039609762329279264,1.1321143745416427e-05,1.1059703901252529e-05,6.2666081625973785e-06,4.966790943044877e-06,0.0737467932512206,0.03181153895737395,0.011319059843083762,0.03506658568136532,0.061351590773734616,0.010066822914384575,0.03484082369965969,0.05439619013346731,0.08334726909592506,0.09687778426182325,0.06133936889297529,0.040626200542945176,0.07012479296481816,0.03916721957223338,0.10813479832114029,0.01795978975850627,0.08941916503741373,0.04030948609542634,0.04030948609542634,0.11673992878278058,0.08351339627979054,0.09046463376719271,0.0776599000468011,0.05591284860143977
474,24,6.993081258015251e-05,1.857150943548545e-06,0.0003871464859571285,0.06135263960791738,0.009227921004852526,0.1476143935510833,150,False,62,0,0,0,0,11280,11065,10802,11115,11236,10757,11070,11383,11312,11289,11170,11075,11388,11077,11366,10936,11344,10866,10938,11371,11228,11277,11086,10943,1.857150943548545e-06,2.4353882980113433e-05,1.0372544289297156e-05,1.3086109599946746e-05,4.825431098580303e-06,3.0673018104250105e-06,2.4127638755956712e-05,1.2647498207569012e-05,8.080585386646213e-06,3.5714412854893546e-05,3.984706871677371e-05,4.247291165385498e-05,1.1719118067336856e-05,1.7059290976059437e-05,2.541439394851038e-05,3.355368104869804e-05,0.0002285757821789181,0.00036094702118329153,0.00036094702118329153,0.0003871464859571285,1.0962803398822857e-05,1.0730510602511819e-05,6.058314660403697e-06,4.7725424210822495e-06,0.06760122714695221,0.029160577377592787,0.010375804856160114,0.03214437020791821,0.05623895820925673,0.009227921004852526,0.031937421724688046,0.13319650762234503,0.0764016633379313,0.08880463557333798,0.05622775481856068,0.03724068383103308,0.1476143935510833,0.0359032846078806,0.09912356512771192,0.016463140611964078,0.08196756795096259,0.036950362254140806,0.036950362254140806,0.10701160138421553,0.07655394658980799,0.08292591428659332,0.07118824170956767,0.051253444551319784
475,24,6.733947034469688e-05,1.7903705507728572e-06,0.00037736796254345155,0.05623991964059092,0.008458927587781483,0.13531319408849302,151,False,62,0,0,0,0,11280,11065,10802,11115,11236,10757,11070,11383,11312,11289,11170,11075,11388,11077,11366,10936,11344,10866,10938,11371,11228,11277,11086,10943,1.7903705507728572e-06,2.322672158398425e-05,9.840563479676685e-06,1.2490884973669288e-05,4.637134624731344e-06,2.909052430214703e-06,2.3028852802765604e-05,1.2418797163179576e-05,7.809245116469103e-06,3.463526192192516e-05,3.8292048615208225e-05,4.059893294015351e-05,1.1553768649286821e-05,1.630049815670231e-05,2.4717807250346766e-05,3.188712182937051e-05,0.00022124501644329376,0.0003449933560582299,0.0003449933560582299,0.00037736796254345155,1.0595132220856508e-05,1.0389155489514756e-05,5.846337496372018e-06,4.579909874320022e-06,0.06196779155137286,0.026730529262793387,0.009511154451480104,0.02946567269059169,0.051552378358485335,0.008458927587781483,0.029275969914297373,0.12209679865381627,0.07003485805977036,0.08140424927555981,0.05154210858368062,0.03413729351178032,0.13531319408849302,0.03291134422389055,0.09086326803373593,0.015091212227633738,0.07513693728838237,0.03387116539962907,0.03387116539962907,0.0980939679355309,0.07017445104065732,0.07601542142937721,0.06525588823377036,0.046982324172043136
476,24,6.478487504473969e-05,1.7232702157148479e-06,0.0003669188027452522,0.06196992633720835,0.007754016955466359,0.19525539876599823,152,False,64,0,0,0,0,11280,11065,10802,11115,11236,10757,11070,11431,11432,11289,11170,11075,11388,11077,11366,10936,11344,10866,10938,11371,11444,11277,11086,10943,1.7232702157148479e-06,2.213665597651673e-05,9.333605874991694e-06,1.1913792199003302e-05,4.450340105513514e-06,2.7583733228592253e-06,2.1963727137799235e-05,1.2469891282625952e-05,7.727859804696493e-06,3.351916837416365e-05,3.674945052845533e-05,3.877391906212449e-05,1.1351573191659835e-05,1.556240916281614e-05,2.3984756865181564e-05,3.0291695682730663e-05,0.00021374003847246317,0.00032946056518918615,0.00032946056518918615,0.0003669188027452522,1.0485123285178634e-05,1.0039208953134638e-05,5.6324106592440195e-06,4.389797793254729e-06,0.05680380892209178,0.024502985157560605,0.008718558247190094,0.027010199966375714,0.04725634682861155,0.007754016955466359,0.02683630575477259,0.19525539876599823,0.14753195322145618,0.07462056183592983,0.0472469328683739,0.031292519052465294,0.1240370945811186,0.030168732205233,0.0832913290309246,0.013833611208664259,0.06887552584768385,0.03104856828299331,0.03104856828299331,0.08991947060757,0.1476599134539359,0.06968080297692911,0.05981789754762283,0.04306713049103954
477,24,6.224454786899336e-05,1.6562873218166418e-06,0.00035594306907739523,0.05680576580910766,0.007107848875844162,0.17898411553549837,153,False,64,0,0,0,0,11280,11065,10802,11115,11236,10757,11070,11431,11432,11289,11170,11075,11388,11077,11366,10936,11344,10866,10938,11371,11444,11277,11086,10943,1.6562873218166418e-06,2.1084589644631783e-05,8.85080017334871e-06,1.1355549176591586e-05,4.265933871360601e-06,2.614982531447431e-06,2.093355598723282e-05,1.2459097471198046e-05,7.618648617941538e-06,3.23774624233528e-05,3.5226591378837255e-05,3.700144917329111e-05,1.1117746966416984e-05,1.4846331833306945e-05,2.3224139343500392e-05,2.8765959939504872e-05,0.0002061278221300444,0.0003143784718497153,0.0003143784718497153,0.00035594306907739523,1.0337316558594155e-05,9.683852840724911e-06,5.41805300095224e-06,4.202965694919666e-06,0.05207015817858413,0.022461069727763888,0.00799201172659092,0.024759349969177738,0.04331831792622726,0.007107848875844162,0.024599946941874874,0.17898411553549837,0.13523762378633483,0.06840218168293567,0.04330968846267607,0.028684809131426518,0.11370067003269205,0.02765467118813025,0.07635038494501421,0.012680810274608904,0.0631358986937102,0.028461187592743867,0.028461187592743867,0.0824261813902725,0.1353549206661079,0.06387406939551835,0.054833072751987594,0.03947820295011958
478,24,5.973600818121689e-05,1.5897987795333522e-06,0.0003445717036214082,0.055544174213904236,0.006515528136190481,0.16406877257420682,154,False,63,0,0,0,0,11280,11065,10802,11115,11236,10757,11070,11431,11432,11289,11170,11075,11388,11077,11366,10936,11344,10866,10938,11371,11444,11277,11494,10943,1.5897987795333522e-06,2.0071041377843156e-05,8.3912610886955e-06,1.0816642212062375e-05,4.0846608557867064e-06,2.478597107413393e-06,1.9939209672020245e-05,1.2391709323344296e-05,7.4851608579649735e-06,3.122022011113049e-05,3.372962062735783e-05,3.5284223077743916e-05,1.0857258226002726e-05,1.4153233772502861e-05,2.2443967018638652e-05,2.730825362318003e-05,0.00019846739190890406,0.00029976948522501996,0.00029976948522501996,0.0003445717036214082,1.0156528188753754e-05,9.325895013985596e-06,5.338807273024102e-06,4.020042161869111e-06,0.04773097833036879,0.020589313917116898,0.007326010749375009,0.022696070805079592,0.03970845809904165,0.006515528136190481,0.0225499513633853,0.16406877257420682,0.12396782180414026,0.06270199987602436,0.03970054775745306,0.026294408370474306,0.10422561419663437,0.025350115255786062,0.06998785286626302,0.01162407608505816,0.05787457380256768,0.02608942196001521,0.02608942196001521,0.07555733294108312,0.12407534394393224,0.058551230279225146,0.13359698335598863,0.036188352704276276
479,24,5.757422443861107e-05,1.5241257887114447e-06,0.0003329224902072213,0.05785993747385667,0.0059725674581746074,0.15039637485968957,155,False,65,0,0,0,0,11280,11065,10802,11115,11236,10757,11070,11431,11432,11289,11170,11075,11388,11077,11366,10936,11344,11513,10938,11371,11444,11277,11494,11519,1.5241257887114447e-06,1.9096200861787494e-05,7.954097649728664e-06,1.0297357813955892e-05,3.907138217940172e-06,2.348935186250347e-06,1.89811930072884e-05,1.2273304506027785e-05,7.330834974896182e-06,3.0056314605784785e-05,3.226363276990094e-05,3.362417287749472e-05,1.05747711516587e-05,1.348378641129441e-05,2.1651383859122812e-05,2.5916744071521333e-05,0.00019081025367396622,0.00029301642280026897,0.0002856495457670795,0.0003329224902072213,9.947424756749338e-06,8.967788945438573e-06,5.242855228074624e-06,3.940611394503113e-06,0.04375339680283805,0.018873537757357155,0.006715509853593758,0.020804731571322958,0.03639941992412151,0.0059725674581746074,0.020670788749769856,0.15039637485968957,0.11363716998712857,0.057476833219688994,0.0363921687776653,0.02410320767293478,0.09554014634691484,0.023237605651137222,0.06415553179407443,0.01065540307796998,0.0530516926523537,0.10724863679668062,0.023915303463347276,0.06926088852932619,0.11373573194860455,0.05367196108928971,0.12246390140965624,0.11650598997891992
480,24,5.541339535871729e-05,1.459538717926036e-06,0.00032110032300398933,0.056510498239924156,0.005474853503326723,0.19013049081400993,156,False,66,0,0,0,0,11280,11065,10802,11115,11236,10757,11070,11431,11432,11289,11170,11075,11388,11077,11366,10936,11344,11513,10938,11371,11444,11277,11494,11543,1.459538717926036e-06,1.8159978514937497e-05,7.538420162362592e-06,9.79781140837393e-06,3.733868564272905e-06,2.225717709303409e-06,1.8059698012151854e-05,1.2109568114105192e-05,7.1589462288767085e-06,2.8893482631706186e-05,3.083277651810584e-05,3.2022565096327634e-05,1.0274608073171319e-05,1.2838405171806463e-05,2.085269727675741e-05,2.4589467306669826e-05,0.0001832008933477854,0.0002856343942143627,0.0002720289892631597,0.00032110032300398933,9.714452059346374e-06,8.611656689311152e-06,5.1325977594845035e-06,3.950632764920849e-06,0.040107280402601544,0.01730074294424406,0.006155884032460945,0.019071003940379378,0.03336613493044472,0.005474853503326723,0.01894822302062237,0.1378633436213821,0.10416740582153451,0.05268709711804824,0.033359488046193195,0.022094607033523547,0.08757846748467193,0.021301138513542452,0.05880923747790156,0.009767452821472481,0.048630718264657556,0.09831125039695723,0.021922361508068335,0.063489147818549,0.10425775428622083,0.04919929766518223,0.11225857629218489,0.19013049081400993
481,24,5.326104536117255e-05,1.3962619580466274e-06,0.0003091977041273197,0.0518012900532638,0.005018615711382829,0.17428628324617576,157,False,66,0,0,0,0,11280,11065,10802,11115,11236,10757,11070,11431,11432,11289,11170,11075,11388,11077,11366,10936,11344,11513,10938,11371,11444,11277,11494,11543,1.3962619580466274e-06,1.726204989875382e-05,7.1433460032835e-06,9.317973099404704e-06,3.565252562825651e-06,2.108669837523732e-06,1.7174651174674775e-05,1.1906147211522619e-05,6.972569154215254e-06,2.7738400846138205e-05,2.944035896096278e-05,3.048009335868601e-05,9.960727791692961e-06,1.2217285806351865e-05,2.005342138639078e-05,2.3324362813595694e-05,0.00017567731539511343,0.00027774220090766874,0.00025891333046930626,0.0003091977041273197,9.46178400072965e-06,8.259313872221621e-06,5.0103168519338025e-06,3.941551179779041e-06,0.036765007035718084,0.015859014365557055,0.005642893696422533,0.017481753612014428,0.03058562368624099,0.005018615711382829,0.017369204435570502,0.1263747316529336,0.09548678866973996,0.04829650569154422,0.030579530709010427,0.02025338978072992,0.08028026186094928,0.019526043637413913,0.053908467688076424,0.008953498419683108,0.044578158409269424,0.0901186461972108,0.02009549804906264,0.05819838550033658,0.09556960809570243,0.04509935619308371,0.10290369493450281,0.17428628324617576
482,24,5.1175491258764723e-05,1.3344786434816717e-06,0.00029729540455134933,0.05442896032660294,0.0046003977354342595,0.15976242630899445,158,False,66,0,0,0,0,11280,11065,10802,11115,11236,10757,11574,11431,11432,11289,11578,11075,11388,11077,11366,10936,11344,11513,10938,11371,11444,11277,11494,11543,1.3344786434816717e-06,1.6401895072536228e-05,6.768004394844588e-06,8.857690640431136e-06,3.401600810882147e-06,1.9975220980897582e-06,1.6746795403088028e-05,1.1668535081109296e-05,6.774552718991441e-06,2.659676796211111e-05,2.8813354978701503e-05,2.899696190667245e-05,9.636717010141954e-06,1.1620437053920973e-05,1.9258327966750692e-05,2.2119303341363444e-05,0.00016827159877476447,0.00026944906067317926,0.00024630396885384114,0.00029729540455134933,9.193288735871443e-06,7.912295625456477e-06,4.878150558613969e-06,3.915077354160701e-06,0.03370125644940824,0.014537429835093965,0.005172652555053989,0.016024940811013223,0.028036821712387573,0.0046003977354342595,0.09925510406593964,0.11584350401518911,0.08752955628059496,0.04427179688391553,0.1113645698165929,0.018565607299002425,0.0735902400392035,0.017898873334296087,0.04941609538073672,0.008207373551376183,0.040863311875163635,0.0826087590141099,0.01842087321164075,0.0533485200419752,0.08760547408772723,0.04134107651032673,0.09432838702329424,0.15976242630899445
483,24,4.914308394058197e-05,1.2743351646018877e-06,0.00028546323374895386,0.05683765807716381,0.004741598175466156,0.18541752233187683,159,False,67,0,0,0,0,11280,11065,10802,11115,11236,11597,11574,11431,11432,11289,11602,11075,11388,11077,11366,10936,11344,11513,10938,11371,11444,11277,11494,11543,1.2743351646018877e-06,1.5578833285091962e-05,6.411540295457262e-06,8.416709803765576e-06,3.243144870473989e-06,1.9408061077052777e-06,1.6288380235595214e-05,1.1401982703381387e-05,6.567506091118266e-06,2.5473389290239616e-05,2.8845061295091004e-05,2.7572960381528606e-05,9.305792140240915e-06,1.1047709807145296e-05,1.8471502066107706e-05,2.0972120293960748e-05,0.00016101045307351052,0.0002608542713867017,0.0002341988201769717,0.00028546323374895386,8.91250923055959e-06,7.571882621342513e-06,4.738076686696201e-06,3.872993817726668e-06,0.03089281841195755,0.013325977348836135,0.004741598175466156,0.01468952907676212,0.02570041990302194,0.08755036459081475,0.090983845393778,0.10618987868059002,0.08023542659054538,0.04058248047692257,0.18541752233187683,0.01701847335741889,0.06745772003593654,0.01640730055643808,0.04529808743234199,0.007523425755428167,0.03745803588556666,0.07572469576293407,0.01688580044400402,0.04890281003847726,0.08030501791374996,0.03789598680113283,0.08646768810468639,0.1464488907832449
484,24,4.714416038070451e-05,1.215945419347442e-06,0.00027376087370375123,0.0555734087929557,0.0043464649941773095,0.16996606213755375,160,False,67,0,0,0,0,11280,11065,10802,11115,11236,11597,11574,11431,11432,11289,11602,11075,11388,11077,11366,10936,11344,11513,10938,11371,11444,11637,11494,11543,1.215945419347442e-06,1.4792053400969232e-05,6.073117524766471e-06,7.99469234777884e-06,3.0900474283107986e-06,1.881501370109571e-06,1.5805853248625e-05,1.1111434402996997e-05,6.353793036368373e-06,2.4372261129409836e-05,2.874078837843348e-05,2.6207530390498463e-05,8.970809068957329e-06,1.0498823014316066e-05,1.7696399817283784e-05,1.9880625229204028e-05,0.0001539157618266601,0.00025204717566622303,0.0002225928784065087,0.00027376087370375123,8.622655557408174e-06,7.425823028645752e-06,4.591903731688597e-06,3.817102008646859e-06,0.028318416877627754,0.012215479236433123,0.0043464649941773095,0.013465401653698611,0.02355871824443678,0.08025450087491352,0.08340185827762983,0.09734072212387418,0.07354914104133325,0.037200607103845686,0.16996606213755375,0.015600267244300647,0.06183624336627516,0.015040025510068238,0.041523246812980155,0.006896473609142487,0.03433653289510277,0.06941430444935623,0.015478650407003684,0.044827575868604155,0.07361293308760412,0.11807132123437178,0.07926204742929585,0.13424481655130782
485,24,4.51771490594603e-05,1.1593947716439859e-06,0.00026223874204499764,0.05094229139354273,0.003984259577995867,0.15580222362609092,161,False,67,0,0,0,0,11280,11065,10802,11115,11236,11597,11574,11431,11432,11289,11602,11075,11388,11077,11366,10936,11344,11513,10938,11371,11444,11637,11494,11543,1.1593947716439859e-06,1.4040640453407836e-05,5.751921229282567e-06,7.59123178437564e-06,2.9424115689732006e-06,1.8202852051054638e-06,1.5305083335383085e-05,1.0801484346395179e-05,6.135533148625716e-06,2.3296653079174384e-05,2.851322432664665e-05,2.489982443634718e-05,8.634278798460666e-06,9.973386558660836e-06,1.693590656777185e-05,1.884262793680629e-05,0.00014700510360714608,0.00024310735890251445,0.00021147871292526144,0.00026223874204499764,8.32660648364317e-06,7.2607190822556415e-06,4.441267689063181e-06,3.7491791451050754e-06,0.025958548804492106,0.011197522633397029,0.003984259577995867,0.012343284849223726,0.021595491724067047,0.07356662580200406,0.07645170342116067,0.089228995280218,0.06742004595455547,0.034100556511858546,0.15580222362609092,0.014300244973942259,0.05668322308575223,0.013786690050895884,0.038062976245231805,0.006321767475047279,0.031475155153844206,0.06362977907857655,0.01418876287308671,0.04109194454622048,0.06747852199697045,0.10823204446484079,0.07265687681018786,0.1230577485053655
486,24,4.325138722239969e-05,1.104743699659286e-06,0.00025093885697560043,0.05016932266630305,0.0036522379464962113,0.14281870499058333,162,False,67,0,0,0,0,11280,11065,10802,11115,11668,11597,11574,11431,11432,11289,11602,11075,11388,11077,11366,10936,11344,11513,10938,11371,11444,11637,11494,11543,1.104743699659286e-06,1.3323598702550887e-05,5.447159781758591e-06,7.205867147405852e-06,2.872508389456958e-06,1.757764983493939e-06,1.479135691017137e-05,1.047635055994468e-05,5.914608319638371e-06,2.2249186881879417e-05,2.8175462760751563e-05,2.364875781383466e-05,8.298387200524541e-06,9.470921364016616e-06,1.619239389255795e-05,1.785595152102266e-05,0.00014029224439351804,0.00023410502189494042,0.00020084690619699347,0.00025093885697560043,8.026918187014577e-06,7.079747968869452e-06,4.287633498514056e-06,3.6709442934747797e-06,0.023795336404117764,0.01026439574728061,0.0036522379464962113,0.011314677778455082,0.10312920074706147,0.06743607365183706,0.07008072813606395,0.08179324567353316,0.06180170879167585,0.03125884346920366,0.14281870499058333,0.013108557892780403,0.05195962116193954,0.012637799213321227,0.034891061558129155,0.005794953518793339,0.02885222555769052,0.05832729748869516,0.01300636596699615,0.03766761583403543,0.061855311830556245,0.09921270742610405,0.06660213707600553,0.11280293612991836
487,24,4.137698256349664e-05,1.0520311287727137e-06,0.00023989568340413597,0.04946076799966668,0.0033478847842881936,0.14003403584467655,163,False,68,0,0,0,0,11280,11065,10802,11115,11668,11597,11574,11431,11432,11289,11602,11075,11388,11077,11366,10936,11344,11513,10938,11371,11708,11637,11494,11543,1.0520311287727137e-06,1.263987155838621e-05,5.158066196405752e-06,6.838094956074948e-06,2.796911635165195e-06,1.6944799768726392e-06,1.4269388164236236e-05,1.0139863290935492e-05,5.692673074087353e-06,2.1231910840080013e-05,2.7740637339833238e-05,2.2453054082388907e-05,7.96501743393289e-06,8.990876975012922e-06,1.5467774443666717e-05,1.6918444870011458e-05,0.00013378759708136055,0.00022510147816746175,0.0001906864370856991,0.00023989568340413597,7.925086931175858e-06,6.885870085982698e-06,4.132300023511064e-06,3.5840327787297443e-06,0.021812391703774615,0.009409029435007226,0.0033478847842881936,0.010371787963583824,0.09453510068480635,0.0618164008475173,0.06424066745805862,0.0749771418674054,0.056651566392369526,0.028653939846770022,0.13091714624136805,0.012016178068382035,0.04762965273177791,0.011584649278877791,0.031983473094951725,0.005312040725560561,0.026447873427882976,0.05346668936463723,0.011922502136413137,0.034528647847865815,0.14003403584467655,0.09094498180726204,0.061051958986338396,0.10340269145242516
488,24,3.957462956588165e-05,1.0271003117522307e-06,0.00022913694531923948,0.05922792622191667,0.0030688943855975105,0.16669956665665686,164,False,66,0,0,0,0,11712,11065,10802,11715,11668,11597,11574,11719,11432,11289,11602,11075,11388,11077,11366,10936,11344,11513,10938,11371,11708,11733,11494,11543,1.0271003117522307e-06,1.1988358705330624e-05,4.8838991319695455e-06,6.6546885146178585e-06,2.7167568840556516e-06,1.6309043156880572e-06,1.3743339880587596e-05,1.004808898194789e-05,5.471167611257244e-06,2.0246369205992363e-05,2.722162672206938e-05,2.131128471298043e-05,7.635773853100124e-06,8.532646853092232e-06,1.4763553907875517e-05,1.6027992853557592e-05,0.0001274986458592288,0.0002161497344767558,0.00018098501491670894,0.00022913694531923948,7.796697366914018e-06,6.854133640820591e-06,3.976407622532241e-06,3.4899779330854706e-06,0.10332802572846007,0.008624943648756623,0.0030688943855975105,0.09284080563328519,0.08665717562773914,0.05666503411022419,0.0588872785032204,0.15206238004512163,0.05193060252633873,0.02626611152620585,0.12000738405458737,0.011014829896016865,0.04366051500412975,0.010619261838971309,0.029318183670372415,0.004869370665097181,0.024243883975559394,0.049011131917584126,0.010928960291712041,0.03165126052721033,0.12836453285762017,0.16669956665665686,0.05596429573747686,0.09478580049805639
489,24,3.782592735058558e-05,1.0001254676448433e-06,0.0002186843940572366,0.05776448792564585,0.002813153186797718,0.23614126943526878,165,False,67,0,0,0,0,11712,11065,10802,11715,11668,11597,11574,11719,11432,11289,11602,11075,11388,11077,11366,10936,11344,11513,10938,11371,11708,11757,11494,11543,1.0001254676448433e-06,1.136793074086276e-05,4.623943545672097e-06,6.460909597369112e-06,2.6330827928446906e-06,1.5674507234499696e-06,1.3216851833250932e-05,9.91866619473868e-06,5.2513325973657535e-06,1.929366621626136e-05,2.6630825047519064e-05,2.02219034844834e-05,7.3120064833610295e-06,8.095581618900798e-06,1.4080879600072738e-05,1.5182524553313068e-05,0.00012143033460399471,0.0002072951207749418,0.00017172936916718106,0.0002186843940572366,7.645357713335812e-06,6.968852957360792e-06,3.8209475187819375e-06,3.390199124110959e-06,0.09471735691775507,0.00790619834469357,0.002813153186797718,0.08510407183051141,0.07943574432542755,0.051942947934372166,0.053980005294618695,0.1393905150413615,0.0476030523158105,0.02407726889902203,0.11000676871670509,0.010096927404682127,0.0400221387537856,0.009734323352390366,0.02687500169784138,0.004463589776339082,0.022223560310929445,0.04492687092445211,0.010018213600736037,0.029013655483276137,0.11766748845281849,0.23614126943526878,0.051300604426020455,0.08688698378988502
490,24,3.61276332008219e-05,9.715131585185326e-07,0.00020855452582603537,0.05642300282073092,0.0025787237545645747,0.21646283031566305,166,False,69,0,0,0,0,11712,11065,10802,11715,11668,11765,11574,11719,11432,11289,11602,11075,11388,11077,11366,10936,11344,11513,10938,11371,11708,11757,11494,11543,9.715131585185326e-07,1.0777441615303076e-05,4.377511052985307e-06,6.2591949649395265e-06,2.5468291945870575e-06,1.5432750266323456e-06,1.2693074293186453e-05,9.756221179931716e-06,5.034224936901906e-06,1.8374524658501564e-05,2.597997130465254e-05,1.9183276174349922e-05,6.994835351929423e-06,7.679000458155358e-06,1.3420585422385153e-05,1.438001979529182e-05,0.00011558541953118116,0.00019857594280066752,0.00016290549940900178,0.00020855452582603537,7.474527190211566e-06,7.043016140863643e-06,3.6667723159897388e-06,3.2859950175232635e-06,0.08682424384127548,0.007247348482635772,0.0025787237545645747,0.07801206584463546,0.07281609896497525,0.13094770227317448,0.04948167152006713,0.1277746387879147,0.04363613128949296,0.022070829824103525,0.10083953799031299,0.009255516787625283,0.036686960524303466,0.00892312973969117,0.024635418223021264,0.004091623961644158,0.020371596951685323,0.0411829650140811,0.009183362467341367,0.02659585085966979,0.10786186441508361,0.21646283031566305,0.04702555405718541,0.0796464018073946
491,24,3.448564300723539e-05,9.416353382702552e-07,0.00019875924477958537,0.05866553036344777,0.00236383010835086,0.20336872708374326,167,False,70,0,0,0,0,11712,11065,10802,11715,11668,11789,11574,11719,11432,11289,11602,11075,11388,11077,11366,10936,11344,11513,10938,11371,11708,11757,11806,11543,9.416353382702552e-07,1.02157391345849e-05,4.143940041054215e-06,6.051744776120794e-06,2.458837867466984e-06,1.5534708534701938e-06,1.2174704621158484e-05,9.565265170959796e-06,4.820733914233361e-06,1.74893390164051e-05,2.5280030071142613e-05,1.819370605312204e-05,6.685174144197037e-06,7.282200893095324e-06,1.278323307633908e-05,1.3618514222990568e-05,0.00010996478712628916,0.00019002413648529232,0.00015449888982320097,0.00019875924477958537,7.287471339370912e-06,7.078843786002943e-06,3.6052485487727115e-06,3.178541090524074e-06,0.07958889018783585,0.006643402775749457,0.00236383010835086,0.0715110603575825,0.06674809071789398,0.20336872708374326,0.04535819889339487,0.11712675222225513,0.03999978701536854,0.02023159400542823,0.09243624315778691,0.008484223721989842,0.03362971381394484,0.008179535594716906,0.022582466704436158,0.0037506552981738115,0.018673963872378213,0.037751051262907676,0.008418082261729586,0.024379529954697308,0.09887337571382664,0.19842426112269113,0.12644009121908664,0.07300920165677838
492,24,3.2898899312937076e-05,9.108286488581436e-07,0.0001893064702042266,0.05724895838871602,0.002166844265988288,0.18642133316009799,168,False,68,0,0,0,0,11712,11065,10802,11715,11668,11789,11574,11719,11432,11289,11602,11075,11388,11077,11366,10936,11344,11513,10938,11371,11708,11757,11806,11831,9.108286488581436e-07,9.68167376326852e-06,3.922595577261582e-06,5.8405255600593344e-06,2.369855343883556e-06,1.555657376243211e-06,1.1664025337502133e-05,9.350119329129125e-06,4.611597237427862e-06,1.6638223357161667e-05,2.45411158826856e-05,1.7251455654386565e-05,6.38375280503129e-06,6.904467105874856e-06,1.21691495343321e-05,1.2896103121100143e-05,0.00010456773893862552,0.00018166590848170427,0.00014649469228018733,0.0001893064702042266,7.0872313488229834e-06,7.078996762712901e-06,3.5333629388334566e-06,3.1480369211711563e-06,0.07295648267218287,0.006089785877770336,0.002166844265988288,0.06555180532778396,0.061185749824736145,0.18642133316009799,0.04157834898561196,0.1073661895370672,0.036666471430754494,0.01854562783830921,0.084733222894638,0.0077772050784906885,0.03082723766278277,0.0074979076284904965,0.020700594479066477,0.0034381006899926606,0.017117800216346693,0.03460513032433203,0.0077165754065854535,0.02234790245847253,0.09063392773767441,0.18188890602913352,0.11590341695082941,0.15025843485204685
493,24,3.138237205987873e-05,8.793946764626977e-07,0.00018020068808985773,0.05942265630076746,0.001986273910489264,0.2500648305267057,169,False,69,0,0,0,0,11712,11833,10802,11715,11668,11789,11574,11719,11432,11289,11602,11075,11388,11077,11366,10936,11344,11513,10938,11371,11708,11853,11806,11831,8.793946764626977e-07,9.410705338820455e-06,3.712869148836157e-06,5.627277783984406e-06,2.2805372169716704e-06,1.5504696503428498e-06,1.1162942416050914e-05,9.114859779481625e-06,4.407416635247704e-06,1.5821054206817356e-05,2.3772453699138255e-05,1.6354765252911823e-05,6.091138826989905e-06,6.54507698433797e-06,1.1578460864272975e-05,1.2210944174182357e-05,9.939224518744813e-05,0.00017352235140047738,0.00013887788164832274,0.00018020068808985773,6.876605198025654e-06,7.228166010377483e-06,3.452705837340027e-06,3.1059194103912493e-06,0.0668767757828343,0.08891563705462281,0.001986273910489264,0.06008915488380196,0.05608693733934146,0.17088622206342316,0.038113486570144295,0.09841900707564492,0.03361093214485828,0.01700015885178344,0.0776721209867515,0.0071291046552831305,0.028258301190884204,0.0068730819927829544,0.01897554493914427,0.003151592299159939,0.015691316864984466,0.03172136946397103,0.0070735274560366655,0.02048557725359982,0.08308110042620154,0.2500648305267057,0.10624479887159362,0.13773689861437627
494,24,2.992707253962704e-05,8.476009414215972e-07,0.00017144344861345448,0.05794299049792572,0.0018207510846151586,0.2292260946494802,170,False,70,0,0,0,0,11712,11857,10802,11715,11668,11789,11574,11719,11432,11289,11602,11075,11388,11077,11366,10936,11344,11513,10938,11371,11708,11853,11806,11831,8.476009414215972e-07,9.362009202161153e-06,3.5141782644854444e-06,5.413526760909764e-06,2.1914534879846017e-06,1.53858981855574e-06,1.0673022854468346e-05,8.863280040320844e-06,4.208672757065012e-06,1.5037508713171001e-05,2.298236845297681e-05,1.550186844512208e-05,5.807757065211353e-06,6.2033080449906545e-06,1.1011122563316362e-05,1.1561259321744869e-05,9.443516935183396e-05,0.00016561002584543095,0.0001316333866647631,0.00017144344861345448,6.6581385261529115e-06,7.333633467853355e-06,3.3647748447215363e-06,3.053636902932928e-06,0.06130371113426477,0.16483933396673758,0.0018207510846151586,0.0550817253101518,0.051413025894396336,0.1566457035581379,0.03493736268929894,0.0902174231526745,0.030810021132786757,0.015583478947468152,0.07119944423785554,0.006535012600676203,0.02590344275831052,0.006300325160051042,0.017394249527548915,0.0028889596075632774,0.01438370712623576,0.02907792200864011,0.006484066834700276,0.018778445815799835,0.07615767539068474,0.2292260946494802,0.09739106563229415,0.1262588237298449
495,24,2.8526106955276857e-05,8.15682427245633e-07,0.00016303381194682467,0.05658663017865414,0.002648212973599671,0.21012392009535685,171,False,72,0,0,0,0,11712,11857,11882,11715,11668,11789,11574,11719,11432,11289,11602,11075,11388,11077,11366,10936,11344,11513,10938,11371,11708,11853,11806,11831,8.15682427245633e-07,9.27455516466814e-06,3.4117423182223198e-06,5.200595846109665e-06,2.1030945787996608e-06,1.5207232443597719e-06,1.0195530828488856e-05,8.598868116271375e-06,4.015739205962197e-06,1.4287098427933226e-05,2.217829735995333e-05,1.4691005188640923e-05,5.533907995532977e-06,5.878442372944513e-06,1.0466946598300408e-05,1.0945335850662308e-05,8.969246602432489e-05,0.00015794150416470777,0.0001247461993843393,0.00016303381194682467,6.434123284861184e-06,7.397336972582379e-06,3.2709616048506893e-06,2.992598020058327e-06,0.0561950685397427,0.1511027228028428,0.08500235516089724,0.050491581534305816,0.047128607069863306,0.14359189492829305,0.03202591579852403,0.0826993045566183,0.028242519371721193,0.014284855701845806,0.06526615721803425,0.005990428217286519,0.02374482252845131,0.005775298063380121,0.015944728733586506,0.002648212973599671,0.013185064865716113,0.02665476184125343,0.005943727931808586,0.01721357533114985,0.06981120244146101,0.21012392009535685,0.08927514349626962,0.11573725508569115
496,24,2.7175562949438936e-05,7.838434848885858e-07,0.00015496874538951924,0.05187107766376629,0.0024275285591330315,0.19261359342074377,172,False,74,0,0,0,0,11712,11857,11882,11715,11668,11789,11574,11719,11432,11289,11602,11075,11388,11077,11366,10936,11344,11513,10938,11371,11708,11853,11806,11831,7.838434848885858e-07,9.152635260950782e-06,3.3051308995714837e-06,4.989621061165829e-06,2.0158777070211404e-06,1.4975785607801269e-06,9.73146194731182e-06,8.324795635474078e-06,3.828895599709585e-06,1.3569199055210203e-05,2.1366819453631238e-05,1.392043262196944e-05,5.269784391372794e-06,5.569770704362735e-06,9.945625376146656e-06,1.0361526847670912e-05,8.515935433193379e-05,0.00015052587306460804,0.0001182014659194698,0.00015496874538951924,6.206602440691637e-06,7.4217781020177955e-06,3.172543909845567e-06,2.9241490212111818e-06,0.05151214616143081,0.13851082923593921,0.0779188255641558,0.04628394973978033,0.04320122314737469,0.13162590368426863,0.029357089481980358,0.07580769584356677,0.025888976090744427,0.013094451060025322,0.05982731078319806,0.005491225865845976,0.021766087317747033,0.005294023224765111,0.014616001339120962,0.0024275285591330315,0.01208630946023977,0.024433531687815643,0.005448417270824537,0.015779110720220695,0.06399360223800592,0.19261359342074377,0.08183554820491382,0.10609248382855022
497,24,2.603967819943884e-05,7.522599773845819e-07,0.0001472434751851238,0.05449293230289687,0.0022252345125386122,0.1765624606356818,173,False,75,0,0,0,0,11712,11857,11882,11715,11668,11789,11574,11719,11432,11289,11602,11075,11388,11077,11942,10936,11344,11945,10938,11371,11708,11853,11806,11831,7.522599773845819e-07,9.000518134598532e-06,3.195504599115613e-06,4.781566455416426e-06,1.930153385687385e-06,1.4698515304266012e-06,9.281575296612023e-06,8.043916615323698e-06,3.6483396048731634e-06,1.2883076516079643e-05,2.0553697607163934e-05,1.3188433951844148e-05,5.015486439078435e-06,5.276595763618553e-06,9.690383818964086e-06,9.808251118509969e-06,8.08304691890868e-05,0.00014706667304888342,0.00011198456089983541,0.0001472434751851238,5.977379215552133e-06,7.4098689238009256e-06,3.0706821529944753e-06,2.8495573565585565e-06,0.04721946731464491,0.12696826013294427,0.07142559010047615,0.04242695392813197,0.0396011212184268,0.12065707837724624,0.026910665358481994,0.06949038785660287,0.023731561416515723,0.012003246805023212,0.05484170155126488,0.005033623710358812,0.01995224670793478,0.004852854622701352,0.09673133456086089,0.0022252345125386122,0.01107911700521979,0.10573073738049768,0.004994382498255825,0.014464184826868969,0.05866080205150542,0.1765624606356818,0.07501591918783766,0.09725144350950436
498,24,2.501427983753476e-05,7.210815561954907e-07,0.00014330065173961853,0.056896299055433246,0.0020397983031603946,0.16184892224937497,174,False,75,0,0,0,0,11712,11857,11882,11715,11668,11789,11574,11719,11432,11289,11602,11075,11388,11077,11942,10936,11968,11945,10938,11371,11708,11853,11974,11831,7.210815561954907e-07,8.822360457604467e-06,3.083900625273247e-06,4.577239664634398e-06,1.8462118651786799e-06,1.4382124586564162e-06,8.8464230896079e-06,7.758773698201358e-06,3.474197928135213e-06,1.2227909672474107e-05,1.974392908105399e-05,1.249332566466559e-05,4.771035343480253e-06,4.99823495504678e-06,9.418465805301591e-06,9.283992666005692e-06,7.867807872564277e-05,0.00014330065173961853,0.0001060811478165952,0.00013985179655787063,5.748029579216718e-06,7.3647936498764965e-06,3.0429229411772063e-06,2.770000559321479e-06,0.043284511705091164,0.11638757178853223,0.06547345759210314,0.038891374434120975,0.0363010277835579,0.11060232184580905,0.024668109911941828,0.06369952220188596,0.021753931298472744,0.011002976237937943,0.050271559755326135,0.004614155067828911,0.018289559482273548,0.004448450070809572,0.08867039001412248,0.0020397983031603946,0.09348919058811815,0.09691984259878954,0.004578183956734506,0.013258836091296555,0.05377240188054663,0.16184892224937497,0.15209792592218452,0.089147156550379
499,24,2.401419403597963e-05,6.904339837429505e-07,0.00013928690314883994,0.05909938524525824,0.0018698151112303617,0.16505156017118075,175,False,75,0,0,0,0,11712,11857,11882,11715,11668,11789,11982,11719,11432,11289,11602,11075,11388,11077,11942,10936,11968,11945,10938,11371,11708,11853,11974,11999,6.904339837429505e-07,8.622139027761866e-06,2.971236830685658e-06,4.37730725540459e-06,1.7642893818440102e-06,1.4032968061824422e-06,8.643693405155719e-06,7.471609978977486e-06,3.3065362779811308e-06,1.1602810040477749e-05,1.8941801355126025e-05,1.1833463289700289e-05,4.5363854976346535e-06,4.734022497854082e-06,9.133532887784027e-06,8.78729980680891e-06,7.640091317077019e-05,0.00013928690314883994,0.0001004772271730449,0.0001327863455504234,5.519916923593737e-06,7.289887840708455e-06,3.00375896939932e-06,2.7558457636096173e-06,0.03967746906300023,0.10668860747282122,0.06001733612609454,0.03565042656461089,0.03327594213492807,0.10138546169199163,0.10594576741928002,0.05839122868506213,0.019941103690266682,0.010086061551443114,0.046082263109048956,0.004229642145509835,0.01676542952541742,0.004077745898242108,0.08128119084627894,0.0018698151112303617,0.08569842470577498,0.08884318904889041,0.00419666862700663,0.012153933083688508,0.04929136839050108,0.14836151206192705,0.13942309876200246,0.16505156017118075
500,24,2.303501404341072e-05,6.604214365355236e-07,0.00013507965222559384,0.061118880919264505,0.0017139971852944982,0.23463059682358237,176,False,77,0,0,0,0,11712,11857,12002,11715,11668,11789,11982,11719,11432,11289,11602,11075,11388,11077,11942,10936,11968,11945,10938,11371,11708,11853,11974,12023,6.604214365355236e-07,8.403601248847465e-06,2.932033255209244e-06,4.182309551816719e-06,1.6845741167297846e-06,1.3656985979697096e-06,8.422856630843828e-06,7.1843848281740845e-06,3.145368330985038e-06,1.100683880561051e-05,1.8150950649711387e-05,1.1207245915545309e-05,4.3114353052260735e-06,4.483311082444667e-06,8.83890745043974e-06,8.316783995434897e-06,7.402793981407013e-05,0.00013507965222559384,9.515917414183468e-05,0.00012603883618838609,5.294208047205524e-06,7.188536220485548e-06,2.9545912481033355e-06,2.800677954654093e-06,0.03637101330775021,0.09779789018341944,0.13834922478225334,0.03267955768422665,0.0305029469570174,0.09293667321765899,0.09711695346767335,0.053525292961306946,0.018279345049411123,0.009245556422156187,0.04224207451662821,0.003877171966717348,0.015368310398299301,0.0037379337400552655,0.07450775827575569,0.0017139971852944982,0.07855688931362706,0.08143958996148287,0.003846946241422744,0.011141105326714465,0.04518375435795932,0.13599805272343313,0.12780450719850225,0.23463059682358237
